:020000040800F2
:1000000000A0002041260008892600088926000853
:1000100089260008892600088926000800000000BB
:100020000000000000000000000000008926000819
:10003000892600080000000089260008892600089B
:1000400000000000000000000000000000000000B0
:1000500000000000000000000000000000000000A0
:100060000000000000000000000000000000000090
:100070000000000000000000000000000000000080
:100080000000000000000000000000000000000070
:100090000000000000000000000000000000000060
:1000A0000000000000000000000000000000000050
:1000B0000000000000000000000000000000000040
:1000C0000000000000000000000000000000000030
:1000D0000000000000000000000000000000000020
:1000E0000000000000000000000000000000000010
:1000F0000000000000000000000000000000000000
:1001000000000000000000000000000000000000EF
:1001100000000000000000000000000000000000DF
:1001200000000000000000000000000000000000CF
:1001300000000000000000000000000000000000BF
:1001400000000000000000000000000000000000AF
:10015000000000000000000000000000000000009F
:10016000000000000000000000000000000000008F
:10017000000000000000000000000000000000007F
:08018000000000000000000077
:1001880080F0004002E000BF81F0004142001FBF44
:100198005FEA410392EA030F7FEA226C7FEA236C4D
:1001A8006AD04FEA1262D2EB1363C1BFD218414042
:1001B80048404140B8BF5B42192B88BF704710F0D8
:1001C800004F40F4000020F07F4018BF404211F07B
:1001D800004F41F4000121F07F4118BF494292EAE3
:1001E800030F3FD0A2F1010241FA03FC10EB0C000F
:1001F800C3F1200301FA03F100F0004302D549429C
:1002080060EB4000B0F5000F13D3B0F1807F06D348
:1002180040084FEA310102F10102FE2A51D2B1F140
:10022800004F40EBC25008BF20F0010040EA030035
:100238007047490040EB0000013A28BFB0F5000FB5
:10024800EDD2B0FA80FCACF1080CB2EB0C0200FA6B
:100258000CF0AABF00EBC25052421843BCBFD040BA
:100268001843704792F0000F81F4000106BF80F434
:1002780000000132013BB5E74FEA41037FEA226CF7
:1002880018BF7FEA236C21D092EA030F04D092F0C2
:10029800000F08BF0846704790EA010F1CBF0020F6
:1002A800704712F07F4F04D1400028BF40F0004053
:1002B800704712F100723CBF00F50000704700F073
:1002C800004343F0FE4040F4000070477FEA22629A
:1002D80016BF08467FEA23630146420206BF5FEA6B
:1002E800412390EA010F40F4800070474FF000036B
:1002F80004E000BF10F0004348BF40425FEA000C32
:1003080008BF704743F0964301464FF000001CE0D9
:1003180050EA010208BF70474FF000030AE000BF2F
:1003280050EA010208BF704711F0004302D540426D
:1003380061EB41015FEA010C02BF844601460020DF
:1003480043F0B64308BFA3F18053A3F50003BCFAFA
:100358008CF2083AA3EBC25310DB01FA02FC6344A7
:1003680000FA02FCC2F12002BCF1004F20FA02F2AE
:1003780043EB020008BF20F00100704702F12002A1
:1003880001FA02FCC2F1200250EA4C0021FA02F202
:1003980043EB020008BF20EADC7070474FF0FF0C07
:1003A8001CEAD0521EBF1CEAD15392EA0C0F93EA02
:1003B8000C0F6FD01A4480EA010C400218BF5FEAA4
:1003C80041211ED04FF0006343EA501043EA511117
:1003D800A0FB01310CF00040B1F5000F3EBF490011
:1003E80041EAD3715B0040EA010062F17F02FD2A15
:1003F8001DD8B3F1004F40EBC25008BF20F00100F8
:10040800704790F0000F0CF0004C08BF49024CEA0E
:10041800502040EA51207F3AC2BFD2F1FF0340EAA0
:10042800C250704740F400004FF00003013A5DDC11
:1004380012F1190FDCBF00F000407047C2F1000252
:10044800410021FA02F1C2F1200200FA02FC5FEA3F
:10045800310040F1000053EA4C0308BF20EADC7089
:10046800704792F0000F00F0004C02BF400010F4FB
:10047800000F013AF9D040EA0C0093F0000F01F0A8
:10048800004C02BF490011F4000F013BF9D041EACA
:100498000C018FE70CEAD15392EA0C0F18BF93EACC
:1004A8000C0F0AD030F0004C18BF31F0004CD8D1F6
:1004B80080EA010000F00040704790F0000F17BF7D
:1004C80090F0004F084691F0000F91F0004F14D0C3
:1004D80092EA0C0F01D142020FD193EA0C0F03D11B
:1004E8004B0218BF084608D180EA010000F000401E
:1004F80040F0FE4040F40000704740F0FE4040F4F9
:10050800400070474FF0FF0C1CEAD0521EBF1CEA97
:10051800D15392EA0C0F93EA0C0F69D0A2EB0302B5
:1005280080EA010C49024FEA402037D04FF080534F
:1005380043EA111143EA10130CF000408B4238BF14
:100548005B0042F17D024FF4000C8B4224BF5B1A22
:1005580040EA0C00B3EB510F24BFA3EB510340EA70
:100568005C00B3EB910F24BFA3EB910340EA9C001E
:10057800B3EBD10F24BFA3EBD10340EADC001B018E
:1005880018BF5FEA1C1CE0D1FD2A3FF650AF8B4232
:1005980040EBC25008BF20F0010070470CF0004C3F
:1005A8004CEA50207F32C2BFD2F1FF0340EAC2506A
:1005B800704740F400004FF00003013A37E792F02B
:1005C800000F00F0004C02BF400010F4000F013A89
:1005D800F9D040EA0C0093F0000F01F0004C02BF84
:1005E800490011F4000F013BF9D041EA0C0195E7ED
:1005F8000CEAD15392EA0C0F08D142027FF47DAF86
:1006080093EA0C0F7FF470AF084676E793EA0C0F75
:1006180004D14B023FF44CAF08466EE730F0004C73
:1006280018BF31F0004CCAD130F000427FF45CAF03
:1006380031F000437FF43CAF5FE700BF4FF0FF3C71
:1006480006E000BF4FF0010C02E000BF4FF0010CC4
:100658004DF804CD4FEA40024FEA41037FEA226C8D
:1006680018BF7FEA236C11D001B052EA530C18BFAF
:1006780090EA010F58BFB2EB030088BFC81738BF14
:100688006FEAE17018BF40F0010070477FEA226C02
:1006980002D15FEA402C05D17FEA236CE4D15FEAFE
:1006A800412CE1D05DF8040B704700BF8446084632
:1006B8006146FFE70FB5FFF7C9FF002848BF10F1F3
:1006C800000F0FBD4DF808EDFFF7F4FF0CBF012038
:1006D80000205DF808FB00BF4DF808EDFFF7EAFFC2
:1006E80034BF012000205DF808FB00BF4DF808ED7D
:1006F800FFF7E0FF94BF012000205DF808FB00BF72
:100708004DF808EDFFF7D2FF94BF012000205DF8F7
:1007180008FB00BF4DF808EDFFF7C8FF34BF012004
:1007280000205DF808FB00BF4FEA4002B2F1FE4F1F
:100738000FD34FF09E03B3EB12620DD94FEA00239B
:1007480043F0004310F0004F23FA02F018BF404274
:1007580070474FF00000704712F1610F01D142025B
:1007680005D110F0004008BF6FF0004070474FF00F
:10077800000070470348044B834202D0034B03B187
:100788001847704754000020540000200000000063
:100798000548064B1B1AD90F01EBA301491002D0DB
:1007A800034B03B118477047540000205400002041
:1007B8000000000010B5064C237843B9FFF7DAFFB4
:1007C800044B13B10448AFF300800123237010BD1C
:1007D800F00B002000000000182E000808B5054B9B
:1007E8001BB105490548AFF30080BDE80840FFF795
:1007F800CFBF00BF00000000F40B0020182E000837
:10080800074A13785178402B84BF4023137040293E
:1008180002D9402353707047994238BF117070470E
:100828000000002008B54FF444720548002102F08A
:10083800AFFA034A002382F81233A2F8103308BD36
:100848005400002010B51E4C2822002104F54570E4
:1008580002F09EFA2822002104F54F7002F098FA5F
:100868004FF48072002104F5597002F091FA4FF4A8
:100878008072002104F2644002F08AFA4FF4807218
:10088800002104F2645002F083FA4FF480720021D0
:1008980004F2646002F07CFA0A4A0023FF2184F81B
:1008A800643784F8653784F8663784F8673784F8DE
:1008B800683784F869379170D17084F86A3710BD49
:1008C80054000020000000202DE9F04F9DB02022A8
:1008D800002114A802F05CFA954B93F8692712B12D
:1008E80093F8682742B914AA2021722001F0D2FD9A
:1008F80000201DB0BDE8F08F93F8672708928D4A55
:10090800117852780A92002603F264521092CDE9C7
:10091800036603F264424FF000080E9203F2646328
:10092800FF220991CDF83480CDF83080CDF82C80A5
:10093800CDF81480029606920196B3461193109B47
:1009480053F804AB10930E9B002153F8049B0E93AD
:100958005046FFF7DFFE68B3CDF81CA0079948465C
:10096800FFF712FC00210446FFF7B6FE08B104F1B8
:10097800004471495046FFF7AFFE00B300214846D6
:10098800FFF7AAFEC8B109F100406C49FFF7C2FEA3
:1009980000282CD16A492046FFF7BCFE002840F009
:1009A800C280089B002B00F08A8007460F90024601
:1009B800034623E000230793D0E74846E5E75F496D
:1009C8005046FFF7A7FE0028E4D000214846FFF76D
:1009D80083FE50B109F100405849FFF77DFE002819
:1009E800D8D0002301221F4604E04846F4E700223D
:1009F80001231746089901B301210F91CDE912325D
:100A0800119B504653F82610FFF7BEFB0021054600
:100A1800FFF762FEDDE9123208B105F100454146F3
:100A28002846CDE91232FFF775FEDDE9123200B92A
:100A380045460F99A846002941D00BF10101C9B2DA
:100A4800BBF1FF0F18BF8B460999F5B2A9420AD826
:100A58000A99A94207D9019901980131C9B2FF2819
:100A680008BF014601913BB1029B02990133DBB2F9
:100A7800FF2908BF0B4602933AB1039B039A01333F
:100A8800DBB2FF2A08BF134603933FB1049B049AC5
:100A98000133DBB2FF2A08BF1346049305992046A9
:100AA800FFF738FE00B9059C069B0594FF2B06D17D
:100AB800079B0D93CDF83090CDF82CA00695013604
:100AC800402E7FF43CAF01238DF85030019B8DF808
:100AD8005230069B8DF85330059B15930B9B16934C
:100AE8000C9B17930D9B8DF851B0CDE91838029BDC
:100AF8008DF86830039B8DF86930049B8DF86A3057
:100B0800099B8DF86B300A9B8DF86C30094BDA78AD
:100B18009B788DF86E30064B8DF86D2093F86A3708
:100B28008DF86F30DFE600231A46012762E700BF21
:100B38005400002000000020BD3786B5BD3786353B
:100B4800ACC5273730B589B0154600212022684644
:100B58001C4602F01DF9012D00D93CB96A46202136
:100B6800722001F097FC002009B030BD6278072A96
:100B7800F4D82378032BF1D8DFE803F0020C12181D
:100B88000D4B93F8691703F264530029E6D003EB81
:100B98004212E4E7084B93F8681703F26443F4E75A
:100BA800054B93F8671703F26463EEE7024B93F87B
:100BB800661703F55973E8E7540000201FB5304B5A
:100BC80093F86B278DF8002093F86C278DF8012097
:100BD80093F86D278DF8022093F86E278DF803207F
:100BE80093F812238DF8042093F864278DF80520D4
:100BF80093F865278DF80620224A91788DF807101A
:100C0800D1788DF80810B3F810138DF80910090A77
:100C18008DF80A1093F86A178DF80B1093F874176B
:100C28008DF80C10117852788DF80E2093F86627FD
:100C38008DF80D10003A18BF01228DF80F2093F897
:100C4800671719B142F002028DF80F2093F8682750
:100C58002AB19DF80F2042F004028DF80F2093F876
:100C680069372BB19DF80F3043F008038DF80F302A
:100C78006A461021722001F00DFC002005B000BD6D
:100C88005400002000000020022A13B50F4C104821
:100C98000AD91A78022A98BF84F874275A789B7858
:100CA80002704370FFF7ACFD94F874378DF8043088
:100CB80003788DF8053001AA43788DF806300321B2
:100CC800722001F0E7FB002002B010BD54000020A4
:100CD80000000020062A07B50E4A0ED91978062901
:100CE8000BD882F86C17597882F86D179978D3F871
:100CF800033082F86E17C2F8703792F86C378DF8A7
:100D0800043001AA0121722001F0C4FB002003B0C5
:100D180000BD00BF5400002007B5094922B11B7867
:100D2800032B98BF81F86B3791F86B378DF8043037
:100D380001AA0121722001F0ADFB002003B000BD23
:100D48005400002007B5FFF76DFDFFF77BFD45F266
:100D5800AA5301AA02217220ADF8043001F09AFBCF
:100D6800002003B000BD000007B5054B019301AAA0
:100D78000421722001F08EFB002003B000BD00BFEB
:100D8800DEADBEEFF0B51F4D95F8124395F86477C8
:100D9800003C18BF01248DB044F00206002F18BF94
:100DA800344695F865778DF8042044F0040695F8E4
:100DB8006B27129D8DF80200002F18BF3446002BB8
:100DC8008DF803108DF805208DF806300FCD44F00E
:100DD8000806F6B218BF34468DF8074002AC0FC4B7
:100DE8000FCD0FC445F6A526ADF8006095E80300C1
:100DF8006A4684E803003021722001F04BFB0DB0F5
:100E0800F0BD00BF5400002070B58CB002AC0546A0
:100E18000E4628220021204601F0BAFF00943346EE
:100E2800FF2200212846FFF7ADFF0CB070BD00B5CA
:100E38008BB028220021684601F0AAFF6A462821C3
:100E4800722001F027FB0BB000BD000008B5074A6F
:100E580092F864371BB9FFF7EAFF002008BD02F5D6
:100E680045722821722001F015FBF6E75400002096
:100E780000B5A1B080220021684601F089FF6A46CA
:100E88008021722001F006FB21B000BD08B5074A99
:100E980092F867371BB9FFF7EBFF002008BD02F295
:100EA800E4628021722001F0F5FAF6E75400002090
:100EB80008B5074A92F867371BB9FFF7D9FF002032
:100EC80008BD02F264628021722001F0E3FAF6E7BD
:100ED8005400002008B5074A92F865371BB9FFF798
:100EE800C7FF002008BD02F2E4528021722001F001
:100EF800D1FAF6E75400002008B5074A92F865379A
:100F08001BB9FFF7B5FF002008BD02F2645280212B
:100F1800722001F0BFFAF6E75400002008B5074A2E
:100F280092F866371BB9FFF7A3FF002008BD02F54A
:100F380079728021722001F0ADFAF6E754000020A2
:100F480008B5074A92F866371BB9FFF791FF0020EA
:100F580008BD02F559728021722001F09BFAF6E76C
:100F68005400002008B5074A92F865371BB9FFF707
:100F78007FFF002008BD02F2E4428021722001F0C8
:100F880089FAF6E75400002008B5074A92F8653751
:100F98001BB9FFF76DFF002008BD02F264428021F3
:100FA800722001F077FAF6E75400002008B5074AE6
:100FB80092F865371BB9FFF73AFF002008BD02F524
:100FC8004F722821722001F065FAF6E754000020DC
:100FD800F7B5194E312AB6F8107309D0ADF8047078
:100FE80001AA0221722001F055FA002003B0F0BDD9
:100FF8001C7804EB44042401B4F5447F17D2C4F5EB
:101008004475ADB2302D28BF302530192C44A4B218
:10101800591C2A4601F0EEFEBC4284BF2746A6F8BA
:101028001043B7F5447F24BF012386F81233B6F87E
:101038001033ADF80430D3E75400002070B5134ED8
:10104800134B06F67815D8700FCD06F54F740FC4FC
:101058000FCD0FC495E803004FF4807284E80300B5
:1010680006F6780106F2644001F0C4FE4FF480727F
:1010780006F5EF6106F2645001F0BCFE012386F824
:10108800653786F8683786F8693770BD54000020E0
:1010980000000020F8B5084E084F051F00F63C4434
:1010A80016F8010BFFF722F93946FFF72BFA45F836
:1010B800040FA542F4D1F8BD5400002000007F437E
:1010C80000B5ADF6444D6846FFF7E4FF05496846AC
:1010D80091F86B2701F5EF6100F0EEFAC0B20DF65A
:1010E800444D00BD5400002030B5384C94F8743796
:1010F800022BADF64C4D20D100F094FB02A8FFF76F
:10110800C9FF04F5EF6102A800F00EFA94F86B1716
:1011180004F26C7204F5EF6000F083FA04F5EF60F6
:1011280000F088FA04F6781000F0B0FAC4B200F0C3
:1011380080FB20460DF64C4D30BD02A8FFF7AAFFF4
:1011480004F5EF6102A800F0EFF994F87437012B69
:101158002FD11F4DFFF754FB2B78009394F86B1792
:10116800002304F26C7204F5EF6000F009FA00F055
:1011780059FB6B7800932B7894F86B1704F26C7218
:1011880004F5EF6000F0FCF900F053FB40230093F6
:101198006B7894F86B1704F26C7204F5EF6000F04A
:1011A800EFF90C4800F046FA0B4800F06FFAC4B2A9
:1011B800BFE700F037FB94F86B1704F26C7204F584
:1011C800EF6000F02EFA00F034FBEAE7540000204C
:1011D80000000020CC070020CC09002007B5FF2321
:1011E8008DF804300A4B93F812333BB901AA012158
:1011F800722001F04FF9002003B000BDFFF774FF23
:10120800FFF71CFF034BDB788DF80430EEE700BFD7
:10121800540000200000002013B5104C94F812333D
:101228003BB994F86C170120FFF7EEFD002002B0DF
:1012380010BDFFF759FFFFF701FF94F86A17084A36
:10124800013104F54F73C9B284F86A17009394F812
:101258006C37D2780120FFF795FDE7E754000020AE
:101268000000002070B5134E134B06F678159870E1
:101278000FCD06F545740FC40FCD0FC495E80300D4
:101288004FF4807284E8030006F6780106F5597079
:1012980001F0B0FD4FF4807206F5EF6106F264606C
:1012A80001F0A8FD012386F8663786F8673786F8C7
:1012B800643770BD540000200000002013B50F4CA7
:1012C80094F8121329B90846FFF79EFD002002B0D2
:1012D80010BDFFF7F5FEFFF7C5FF94F86A17084A37
:1012E8000131C9B284F86A1704F5457400940023E3
:1012F80092781846FFF746FDE8E700BF5400002043
:101308000000002010B5094C94F812331BB9FFF700
:101318008EFD002010BDFFF7D3FEFFF7A3FF04F5F5
:1013280045722821722001F0B5F8F2E75400002038
:1013380008B500F0D7F900F013FA00F04FFAFFF7FC
:1013480071FAFFF77FFAFFF75BFA01F091F83B4A71
:1013580000217A2001F072F8394A0021632001F057
:101368006DF8384A0121612001F068F8364A0721F2
:10137800662001F063F8354A0321742001F05EF815
:10138800334A3121782001F059F8324A002162208D
:1013980001F054F8304A00216E2001F04FF82F4A2E
:1013A8000021692001F04AF82D4A0021672001F048
:1013B80045F82C4A00216F2001F040F82A4A002104
:1013C800732001F03BF8294A0021682001F036F823
:1013D800274A00216A2001F031F8264A00217120AD
:1013E80001F02CF8244A0021752001F027F8234A3F
:1013F80000216B2001F022F8214A00216C2001F025
:101408001DF8204A00216D2001F018F81E4A00211D
:10141800592001F013F81D4A0021642001F00EF84C
:101428001B4A0221572001F009F81A4A00215620C8
:1014380001F004F801F08CF8FCE700BF710D00081A
:101448004D0D0008210D0008DD0C0008910C000866
:10145800D90F00080D130008C5120008E51100088F
:1014680021120008B50F0008C50B0008910F0008ED
:101478006D0F0008490F0008250F0008010F00082C
:10148800DD0E0008B90E0008950E0008550E00087C
:101498004D0B0008D108000802291FB5034612D0D9
:1014A800032915D0012929D100F1004001F0EAF8FB
:1014B8004FF07E51FEF76AFE01464FF07E50FFF76F
:1014C80021F805B000BD05B05DF804EB01F002B9E4
:1014D800C00F01381840134A009000230193019B64
:1014E8001F2B01DD009BECE7019B009953434B4008
:1014F800009300BF019B01330193F0E702900023A2
:101508000393039B1F2B06DD02980021FFF702F9C6
:1015180028B10298D5E700BF039B0133F0E700200C
:10152800CFE700BF67458B6B2DE9F74FDFF8489091
:10153800124F82460E1F01F1FC0500F63C4359F894
:10154800044BAAF10408BB4658F8041F5BF8040BC7
:101558000193FEF723FF01462046FEF717FE019B85
:1015680098450446F0D146F8040FAE4207F54467A3
:10157800E5D103B0BDE8F08F603800086039000895
:101588002DE9F0411546069A402AA8BF402223EAD1
:10159800E374A2420E4690460BDD002BCBBF04F14C
:1015A8003F03002450F82310002100EB8407444532
:1015B80001DBBDE8F0812A7857F8043B013A052A97
:1015C80007D8DFE802F0030B101519216A78A24248
:1015D80015D031461846FFF75FFF20E06A78A2422F
:1015E800F7D100230BE06A78A242F2D10B4606E05D
:1015F800AA78A242F5DDECE7AA78A242E9DCC7F8AE
:10160800FC3001341946D2E718463146FFF744FF4B
:101618006A78A2420346F2D16968FEF7B7FD03462D
:10162800EDE707B5402300930023FFF7A9FF03B0B8
:1016380000BD00002DE9F74F00F5FE7ADFF8449071
:10164800114E074600F50973554659F8044B07F142
:10165800FC08B34658F8041F5BF8040B0193FEF727
:101668009DFE01462046FEF791FDD045019B0446AC
:10167800F0D145F8040F9D4206F58076E5D103B018
:10168800BDE8F08F382E0008602E00082DE9F041E3
:10169800066807460124002557F82480314640464D
:1016A800FFF738F808B14646254601340A2CF3D12D
:1016B8002846BDE8F081000038B50C461546FFF70E
:1016C80033FF29462046064AFFF7ABFF2046FFF7BF
:1016D800B1FF04F50070BDE83840FFF7D7BF00BF81
:1016E800302E000870B596B0002403264FF4A023CE
:1016F8000CA80125CDE90C631094149400F0D0F8DF
:101708000F23214602A8CDE90235CDE90444069409
:1017180000F00CFB104B11485A6942F400225A6140
:101728005B6903F400230193019B07A94FF4C043AD
:10173800CDE90735CDE9094600F098FB2A46074868
:101748004FF4005100F04CFC04482A464FF4804105
:1017580000F046FC16B070BD0010024000080048BA
:1017680010B54FF4C06288B00223CDE903230121EC
:101778000323CDE90513164C07230793636943F444
:1017880000336361636903F40033019303A94FF0E5
:101798009040019B00F06AFB0E4A0F4B13604FF418
:1017A80061300023C2E90103C2E9033393610C23CA
:1017B8005361A36943F48043A361A36903F480439D
:1017C80002931046029B00F01EFD08B010BD00BF3A
:1017D80000100240F40900200038014030B5104BD9
:1017E8005A6942F4003287B05A615B6903F40033E6
:1017F8000093009B4FF480540123CDE90143002559
:10180800032301A94FF09040CDE9035300F02EFBCC
:101818002A4621464FF0904000F0E2FB07B030BD69
:101828000010024001224FF480514FF0904000F028
:10183800D7BB00224FF480514FF0904000F0D0BB4E
:1018480013B5094C094841F2883301220DF107010B
:1018580000F058FD18B99DF8070002B010BD236AC2
:1018680043F008032362EDE700380140F409002043
:1018780007B541F288338DF8070001220DF1070101
:10188800024800F0EAFC03B000BD00BFF4090020E4
:10189800024B1868421C1A60704700BF640A002097
:1018A80003682DE9F743D907044610D423689A073B
:1018B8007ED423681E0700F1E78023685D0700F1E6
:1018C8002A81E269002A40F0AD8100201FE0AE497C
:1018D8004B6803F00C03042B07D04B6803F00C0390
:1018E800082B17D14B68DB0314D54FF4003393FA58
:1018F800A3F2096893FAA3F30122B3FA83F302FA75
:1019080003F30B42D2D06368002BCFD1012003B080
:10191800BDE8F0836268B2F5803F22D10B6843F4DA
:1019280080330B60CB6AA06823F00F030343CB62BC
:101938003AB3FFF7ADFF4FF400350646012795FA95
:10194800A5F30A6895FAA5F3B3FA83F307FA03F344
:101958001342ABD1FFF79CFF801B6428EFD903200B
:10196800D5E70B6832B923F480330B600B6823F496
:101978008023D6E7B2F5A02FF5D143F480230B607E
:10198800CCE7FFF785FF4FF400350646012795FAA7
:10199800A5F30A6895FAA5F3B3FA83F307FA03F3F4
:1019A800134283D0FFF774FF801B6428EFD9D6E772
:1019B80075494B6813F00C0F07D04B6803F00C0304
:1019C800082B1FD14B68DF031CD4022393FAA3F220
:1019D800086893FAA3F30122B3FA83F302FA03F334
:1019E800034202D02369934290D10868F82292FA00
:1019F800A2F26369B2FA82F2934020F0F80213432C
:101A08000B6056E722690125F2B195FAA5F3B3FAFE
:101A180083F303F1845303F584139B0002271D60AD
:101A2800FFF736FF064697FAA7F30A6897FAA7F36F
:101A3800B3FA83F305FA03F31342D6D1FFF728FF6D
:101A4800801B0228EFD98AE795FAA5F3B3FA83F346
:101A580003F1845303F584139B0002271A60FFF7F0
:101A680017FF064697FAA7F30A6897FAA7F3B3FA97
:101A780083F305FA03F313423FF41BAFFFF708FFA4
:101A8800801B0228EED96AE7A0693F4D3F4A012131
:101A980000B391FAA1F3B3FA83F313449B0002262F
:101AA8001960FFF7F5FE074696FAA6F396FAA6F32D
:101AB80096FAA6F36A6A96FAA6F3B3FA83F301FADA
:101AC80003F313427FF4F9AEFFF7E2FEC01B0228CE
:101AD800EAD944E791FAA1F3B3FA83F313449B00DC
:101AE80002261860FFF7D4FE074696FAA6F396FA80
:101AF800A6F396FAA6F36A6A96FAA6F3B3FA83F3FC
:101B080001FA03F313423FF4D8AEFFF7C1FEC01B3E
:101B18000228EAD923E71C49CB69D80031D4CB691C
:101B280043F08053CB61CB6903F080530193019B51
:101B38000125174E3368DA052CD5E368012B39D116
:101B48000B6A43F001030B62FFF7A2FE0226074669
:101B58004FF0010841F2883996FAA6F396FAA6F3EF
:101B68000A6A96FAA6F3B3FA83F308FA03F3134260
:101B780052D0002D3FF4A5AECB6923F08053CB6142
:101B88009FE60025D5E700BF001002402081901095
:101B980000700040336843F480733360FFF778FEC9
:101BA80007463368DB05C8D4FFF772FEC01B6428FC
:101BB800F7D9D4E613BB0B6A23F001030B620B6A57
:101BC80023F004030B62FFF763FE022607464FF07B
:101BD800010841F2883996FAA6F396FAA6F30A6A3A
:101BE80096FAA6F3B3FA83F308FA03F31342C0D0C4
:101BF800FFF74EFEC01B4845EDD9B0E6052B0B6A32
:101C080003D143F004030B629AE723F001030B624C
:101C18000B6A23F0040396E7FFF73AFEC01B48451A
:101C28009AD99CE63F494B6803F00C03082B3FF414
:101C38006DAE022A4FF0807350D193FAA3F3B3FA32
:101C480083F303F1845303F584139B0000221A6085
:101C5800FFF71EFEDFF8D08006464FF0007701251B
:101C680097FAA7F30A6897FAA7F3B3FA83F305FA82
:101C780003F313422CD1D4E908034A68034322F43E
:101C8800741213434B604FF0807393FAA3F3B3FAC3
:101C980083F303F1845303F584139B00224F1D60E3
:101CA800FFF7F6FD4FF000740546012694FAA4F3F9
:101CB8000A6894FAA4F3B3FA83F306FA03F3134217
:101CC8007FF403AEFFF7E4FD401BB842EED946E6C9
:101CD800FFF7DEFD801B4045C2D940E693FAA3F327
:101CE800B3FA83F303F1845303F584139B000022B2
:101CF8001A60FFF7CDFD0C4F05464FF00074012622
:101D080094FAA4F30A6894FAA4F3B3FA83F306FAEC
:101D180003F313423FF4D9ADFFF7BAFD401BB842B5
:101D2800EED91CE600100240400D03004D4AF8B5FC
:101D3800136803F007038B42054611D32A689407FA
:101D48001AD4D00720D4474A136803F007038B42FC
:101D58006CD82A68510774D413077AD400200AE093
:101D6800136823F007030B431360136803F007039A
:101D78008B42E3D00120F8BD3B48AC68436823F0B0
:101D8800F00323434360DCE76A68374C012A25D116
:101D98004FF4003393FAA3F0206893FAA3F3B3FA4D
:101DA80083F302FA03F30342E4D0636823F00303E6
:101DB80013436360FFF76CFD6B68012B064641F225
:101DC80088371CD1636803F00C03042BBBD0FFF7E2
:101DD8005FFD801BB842F5D90320CCE7022A0CBF6F
:101DE8004FF00073022393FAA3F0266893FAA3F343
:101DF8000120B3FA83F300FA03F33342D4E7022B4A
:101E08000FD1636803F00C03082B9CD0FFF740FD4B
:101E1800801BB842F5D9DFE7FFF73AFD801BB842CF
:101E2800DAD8636813F00C0FF6D18CE7136823F047
:101E380007030B431360136803F007038B4299D120
:101E480087E70949E8684B6823F4E06303434B607C
:101E580082E7054A2969536823F4605343EAC103BA
:101E680053607BE700200240001002402DE9F74F45
:101E7800DFF86081584C00224FF00F090B6833FAE5
:101E880002F502D103B0BDE8F08F012505FA02FA88
:101E98001AEA030300F094804D6825F0100EBEF195
:101EA800020F11D1D70800EB870702F0070C3E6A32
:101EB8004FEA8C0C09FA0CFB26EA0B0B0E6906FAA2
:101EC8000CF646EA0B063E6207684FEA420C032608
:101ED80006FA0CF627EA060B05F0030707FA0CF7D3
:101EE8000EF1FF3E47EA0B07BEF1010F076010D85D
:101EF800876827EA060ECF6807FA0CF747EA0E0745
:101F08008760476827EA0A0E2F09974047EA0E07B5
:101F18004760C76827EA06078E6806FA0CF63E434C
:101F2800C660EE004CD5D8F8186046F00106C8F82F
:101F38001860D8F8186022F0030707F1804706F008
:101F4800010607F58037019602F0030C019EBE6872
:101F58004FEA8C0C09FA0CFEB0F1904F26EA0E0EEF
:101F680030D01E4EB0422FD006F58066B0422DD03C
:101F780006F58066B0422BD006F58066B04214BFE5
:101F88000526042606FA0CF646EA0E06BE60266802
:101F9800EF0354BF9E431E4326606668AF0354BFD9
:101FA8009E431E436660A668EF0254BF9E431E43CD
:101FB800A660E668AD0254BF26EA03033343E36034
:101FC80001325BE70026DDE70126DBE70226D9E7D9
:101FD8000326D7E70010024000040140000400482F
:101FE8000AB18161704781627047000002688368A6
:101FF800C16930B5056914682B43456924F4164452
:102008002B4324F00C040B43234313605368C46828
:10201800056A23F44053234353609468836924F486
:1020280030642B4323439360424B9A4211D103F50A
:1020380058431B6B03F00303022B5FD0032B65D0BF
:10204800B1F5004F41684FEA510345D003F5E1036C
:1020580048E0394B9A4212D103F5E6331B6B03F47F
:102068004033B3F5003F49D0EAD9B3F5403F4DD0EE
:10207800B1F5004F4FF001005BD1002353E02F4B27
:102088009A420BD103F5E4331B6B03F44023B3F5F9
:10209800002F33D0D4D9B3F5402FE8E7284B9A4224
:1020A8000BD103F5E2331B6B03F44013B3F5001FA8
:1020B80024D0C5D9B3F5401FD9E7224B9A42D7D1CE
:1020C80003F5E0331B6B03F44003B3F5000F15D0A1
:1020D800B6D9B3F5400FCAE703F561031FE04B0813
:1020E80003F50043B3FBF1F39BB2D360002020E07B
:1020F8004B0803F5740303F51053F3E7B1F5004FEC
:102108004168ECD14B0803F5803308E0B1F5004F86
:102118004168EDD14B0803F1F47303F59043B3FB29
:10212800F1F300209BB223F00F01C3F342030B43EA
:10213800D36030BD003801400044004000480040F2
:10214800004C0040005000402DE9F041069E044636
:10215800174698462568E86931EA00000CBF012354
:102168000023BB4201D0002013E0721CF3D096B9C3
:102178002B6823F4D0732B60AB6823F00103AB60AA
:10218800202384F8693084F86A30002384F86830A2
:102198000320BDE8F081FFF77BFBA0EB0800B0420D
:1021A800D8D9E5E773B504460021C166FFF770FB8F
:1021B800266833681A07054616D433685B070AD5BC
:1021C8006FF07E43009300222B464FF48001204697
:1021D800FFF7BAFFA0B92023002084F8693084F8FB
:1021E800680084F86A300CE06FF07E4300930A467A
:1021F80003464FF400112046FFF7A6FF0028DCD065
:10220800032002B070BD38B5044620B390F8693099
:1022180003F0FF020BB980F868202568242384F8AE
:1022280069302B6823F001032B602046FFF7DEFEA0
:10223800012810D06B6823F490436B60AB6823F0DF
:102248002A03AB602B6843F001032B602046BDE8EE
:102258003840FFF7A7BF012038BDF7B51E4690F8F4
:102268006930202B0D460446114649D1002D45D032
:10227800002A43D090F86830012B41D0012380F820
:1022880068300023C366212380F86930FFF700FB1C
:10229800A4F850100746A4F85210B4F8522092B28D
:1022A80062B900963B4640212046FFF74DFF90B9A2
:1022B800202384F8693084F868000DE0B4F85230BF
:1022C800013BA4F85230002200963B46802120466C
:1022D800FFF73AFF10B1032003B0F0BDA2682368EE
:1022E800B2F5805F07D122692AB935F8022BC2F30B
:1022F80008021A85D1E715F8012BFAE70120EBE768
:102308000220E9E72DE9F3411E4690F86A30202BB8
:102318000D46044611465DD1002D59D0002A57D0EC
:1023280090F86830012B55D0012380F86830036895
:102338004FF0FF321A620023C366222380F86A3006
:10234800FFF7A6FAA368A4F85810B3F5805F07460C
:10235800A4F85A1015D123698BB940F2FF13A4F8D9
:102368005C30B4F85C80B4F85A0080B280B920239D
:1023780084F86A3084F8680002B0BDE8F081FF2371
:10238800EDE7002BEDD12369002BF8D07F23E6E79A
:10239800B4F85A30013BA4F85A30002200963B4664
:1023A80020212046FFF7D0FEB0B9A2682368B2F515
:1023B800805F07D122692AB99B8C08EA030325F8B4
:1023C800023BD0E79B8C08EA030305F8013BCAE708
:1023D8000120D1E70220CFE70320CDE710B5064C56
:1023E800034601440020994200D110BD13F8012B87
:1023F8004240A05CF7E700BF6049030830B50022FF
:10240800044601238B4201D3002030BD14F8015F3C
:1024180015B99D1A85541A460133DBB2F2E730B577
:1024280002780025044605701046884200D202B999
:1024380030BD225C25548318D8B2F6E738B50B4D69
:102448002B681F2B04DD6120FFF712FA012038BD2D
:10245800F82901D96220F7E70C2404FB035401335F
:102468002071C4E902122B600020F0E76C0A0020FA
:1024780008B5064A00217620FFF7E0FFBDE80840CE
:10248800034A00217720FFF7D9BF00BF07250008BE
:1024980021250008F0B50C46C1B04AB300238DF8D9
:1024A80006108DF804308DF8050001AE0DF1060117
:1024B8009C421FDCA11CC9B20DF10500FFF78EFF7D
:1024C80004F580736B44271D03F8F90C07F5807336
:1024D8006B44611D0025C9B2304603F8FC5CFFF768
:1024E8008DFF16F8010B0135FFF7C2F9AF42F8DA94
:1024F80041B0F0BDD05C01F8010F0133D8E707B552
:1025080003230DF10702012172208DF80730FFF730
:10251800C1FF002003B000BD30B50C48017889B078
:1025280000220C24D3B28B4206DB6A467220FFF7E6
:10253800B1FF002009B030BD03F1200504FB0303FF
:102548006D441B7905F8203C0132EBE76C0A00204A
:102558002DE9F043C1B001AD0024A846FFF770F99A
:10256800287058B905208DF803000DF103020121E8
:102578006520FFF78FFF41B0BDE8F0830134042CDC
:1025880005F10105EAD121464046FFF748FF294DEC
:102598009DF805102A68074600230C20DEB29642F3
:1025A80002DB08D10120DEE700FB065C01339CF862
:1025B80004C08C45F2D19DF807300533BB4208DAD8
:1025C8000420D0E7FFF73CF908F804000028C9D038
:1025D80001349DF807300433A342F3DAFFF730F9EA
:1025E80004F580730DEB030909F8FC0C0028E7D10A
:1025F800C7F101012144C9B208EB0700FFF70FFF3B
:10260800A11EC9B20DF10500FFF7E8FE19F8FD3C5F
:1026180083420CD10C2303FB06559DF80720EC6878
:102628009DF806109DF8050002ABA0479BE7022025
:1026380099E700BF6C0A0020002103E00B4B5B58B0
:10264800435004310A480B4B42189A42F6D30A4ABF
:1026580002E0002313600432084B9A42F9D3AFF327
:10266800008000F0A3FBFEF763FEFEE78C4A030838
:10267800000000205400002054000020440D0020D9
:10268800FEE7000038B5054600F054FA044628462F
:1026980000F09AF848B10D492846FEF73BF830B9E2
:1026A8000B492846FEF718F848B9204638BD00F00F
:1026B80077FB4FF0FF4422230360204638BD00F02B
:1026C8006FFB222300240360EFE700BF1772B142BB
:1026D800B5F1CFC230B520F00042B2F1FF4F83B060
:1026E80001460CD3344B002818681B681C4639DB9C
:1026F800FDF708FF2146FDF749FD03B030BDDFF8BF
:10270800BCC062450DD92C492D4A01900868116852
:10271800FDF73AFD019B002BB8BF00F1004003B064
:1027280030BDB2F1105F24D3B2F17E5F019029D39E
:1027380000F02AFB234A1168FDF730FE00F04CF840
:10274800204A01461C48046815681068FDF71EFDFC
:1027580001462846FDF7D6FE01462046FDF714FD42
:10276800019BD8E7FDF7CEFE2146FDF70DFD03B02E
:1027780030BD114B01901868FDF708FD0199FDF770
:102788000DFEBAE70F4A13681C4600F0FDFA014631
:1027980004F10040FDF702FE00F01EF8094A014668
:1027A800106801F10044FDF7F1FC01462046FDF7F1
:1027B800A9FE019BAFE700BF684A0308FFFFAF41CE
:1027C800604A0308644A030820F00040B0F1FF4F54
:1027D8002CBF0020012070472DE9F041AE4D20F0BC
:1027E8000042AA4282B0044600F0004636D9B2F14F
:1027F800FF4F00F2BA8000F02781002E40F0BB8026
:10280800A6498A4200F24281A549FDF7C7FD014663
:102818004FF07C50FDF7BAFCFDF786FF0646FDF742
:1028280069FDA0490746FDF7B9FD01462046FDF7B9
:10283800ABFC9D4905463846FDF7B0FD03461946F1
:1028480028460093FDF7A0FC014604462846FDF7FC
:102858009BFC0099FDF798FC804607E093498A4263
:1028680076D8B2F14C5FC0F0BB8000264FF07C51A7
:102878002046FDF793FD014600902046FDF78EFDAA
:102888008B490546FDF78AFD8A49FDF77FFC2946F5
:10289800FDF784FD8849FDF777FC2946FDF77EFDA5
:1028A8008649FDF773FC2946FDF778FD8449FDF755
:1028B8006BFC2946FDF772FD4FF07E51FDF766FC73
:1028C800014601900098FDF769FD01467D48FDF736
:1028D8005BFC014600900198FDF756FC00990746FD
:1028E8002046FDF75BFD01467748FDF74DFC0146A4
:1028F8003846FDF707FE2946FDF750FD002E61D04A
:102908004146FDF741FC2146FDF748FD4146FDF7EC
:102918003BFC2946FDF738FC731C054600F0878010
:10292800012E6AD0731C392B4FEAC6553CD8162E97
:1029380000F38E804FF0807333412146C3F17E54FB
:10294800FDF722FC01462046FDF71EFC28440FE057
:102958005E498A421FD85349002E62D0FDF716FC03
:102968004FF0FF365A4B054669E70146FDF70EFC66
:1029780002B0BDE8F0815749FDF708FC0021FDF7DA
:10298800ABFE002862D146492046FDF707FD014607
:102998004FF03F403EE74249FDF700FD0146002E5B
:1029A80071D04FF03F4035E72146FDF7EDFB01467A
:1029B8004FF07E50FDF7E8FB4FF07E512844FDF7BD
:1029C800E3FBD5E701462046FDF7E8FC2946FDF77D
:1029D800DBFB01462046FDF7D7FB02B0BDE8F081DE
:1029E8003D49FDF7D3FB0146FDF7CEFB01462046E6
:1029F800FDF7CAFB02B0BDE8F08138492046FDF773
:102A08006BFE002833D04FF07C512046FDF7BEFB0B
:102A180001462846FDF7B8FB4FF04041FDF7BEFCE4
:102A2800A6E7FDF7B1FB01261F4B054607E7014660
:102A38002046FDF7A9FB4FF07C51FDF7AFFC4FF0A6
:102A48007C51FDF7A1FB93E7002E91D024488FE736
:102A5800C6F17F01C905FDF799FB01462046FDF740
:102A680093FB4FF07E51FDF791FB284480E7294600
:102A78002046FDF789FB0146FDF788FB4FF07E51A4
:102A8800FDF784FB74E74FF07C50C3E6304602B094
:102A9800BDE8F04100F04AB843B895411772B14219
:102AA8003BAAB83F8071313FD1F717371872B13E52
:102AB800BBED57B4547E8636CD70A638010DD03A9A
:102AC8008988083D000040400000C0409115853FBE
:102AD800D1F717B76042A20DCAF24971000080BE53
:102AE800000080BF10B582B00446019100F058F98B
:102AF800019903462046196002B010BD08B540B1DF
:102B080001F10040FDF74AFCBDE808402221FFF72B
:102B1800E9BF0846FDF742FCBDE808402221FFF75F
:102B2800E1BF00BF4FF08051FFF7E8BF4FF0E04131
:102B3800FFF7E4BF2DE9F04320F00042B2F1FF4F68
:102B480083B004466DD84FEAD07500F0CB807E493B
:102B5800884200F3B7800028C0F2BA807B4B9A42C3
:102B680065D97B4B9A4200F2CC807A4B204653F8C9
:102B78002510FDF709FB784A52F8252085F0010356
:102B8800904607465E1B41463846FDF7FDFA01466A
:102B98000446FDF703FC71490546FDF7FFFB704944
:102BA800FDF7F2FA2946FDF7F9FB6E49FDF7EEFA53
:102BB8002946FDF7F3FB6C49FDF7E6FA2946FDF7D0
:102BC800EDFB6A49FDF7E2FA2946FDF7E7FB014606
:102BD8002046FDF7D9FA014620460D460191FDF73A
:102BE800DDFB01998146002E53D04FF08040FDF760
:102BF800CBFA01464846FDF785FC01464046FDF7FD
:102C0800C3FA3946FDF7C0FA01464FF07E50FDF78A
:102C1800BBFA16F17D0F69DB00EBC65003B0BDE8C7
:102C2800F0830146FDF7B2FA03B0BDE8F083B2F1D4
:102C3800505F09D24E492046FDF7A8FA4FF07E5161
:102C4800FDF768FD002879D121462046FDF7A6FB4F
:102C580042490546FDF7A2FB4149FDF795FA294689
:102C6800FDF79CFB3F49FDF791FA2946FDF796FBD6
:102C78003D49FDF789FA2946FDF790FB3B49FDF7E9
:102C880085FA2946FDF78AFB01462046FDF77CFABE
:102C9800054629462046FDF781FB4FF08041064650
:102CA8002846FDF771FA01463046FDF72BFC214610
:102CB800FDF76AFA01464FF07E50FDF765FA03B05A
:102CC800BDE8F083002003B0BDE8F043FFF72EBF56
:102CD800284B9A427FF642AF002003B0BDE8F0438C
:102CE800FFF720BF002D9FD000209DE706F1640369
:102CF8004FF0586100EBC350FDF750FB03B0BDE83F
:102D0800F0831D492046FDF749FB1C4B53F825105D
:102D1800FDF73CFAFDF708FD0646FDF7EBFA184902
:102D28000546FDF73BFB01462046FDF72DFA154900
:102D380007462846FDF732FB804624E74FF07E51D0
:102D48002046FDF723FA6FE71772B1421872B13EB9
:102D58009115853F744A03086C4A03084CBB31330C
:102D68000EEADD3555B38A38610B363BABAA2A3EED
:102D7800CAF24971B5F1CF423BAAB83F7C4A030871
:102D88008071313FD1F7173720F00040704700BFFE
:102D980002440346934200D1704703F8011BF9E748
:102DA800014B1868704700BF0400002070B50D4B38
:102DB8000D4C00261D1BB6EBA50F09D100F028F815
:102DC8000A4C0B4B00261D1BB6EBA50F05D170BD99
:102DD80054F8043B98470136EDE754F8043B98470C
:102DE8000136F1E7844A0308844A0308844A030841
:102DF800884A03080A44914200F1FF3300D1704722
:102E080010B511F8014B03F8014F9142F9D110BDEB
:102E1800F8B500BFF8BC08BC9E467047F8B500BFBF
:082E2800F8BC08BC9E4670478F
:102E3000000000000000000093D1F5BD9CB6793D74
:102E4000887FAB3CB82ABEBD6E8C113E2535B53DA2
:102E5000D80204BDF756F8BDA03A0C3D0A3120BD9A
:102E60008C8C823EC9BB3B3E3362583E2F6E0BBEFC
:102E70003C3A1A3EBEF89EBEDFAEA63E18630FBFB8
:102E8000E9A8D9BEFAD4AC3EC123C83CD26495BEF1
:102E900052F92FBE01A69A3E7AB8003E9EAB973DEE
:102EA000447AD7BD521708BFE4FEB63E5FAA88BD7C
:102EB000A4D894BE31416D3E23DA47BFA460C13E21
:102EC0000CF1233E1DF52DBFD334A53EEB931A3FE5
:102ED00013EB50BEAC1021BE959016BFC5CD03BFFD
:102EE000C5F1C33E0D76E0BE0B57563EB9B6C13EA6
:102EF0007084B93EB86EE5BDF852F63E096A2E3DC3
:102F0000B1A96EBE3CE72A3E55615ABF3F8E81BDD6
:102F10005238BDBF988EE63DE1EEE33B2D53273C92
:102F200064E8CDBD9ADBF3BE093262BFB04D12BF7B
:102F3000F53D503E09160F3EC160383EF463263E13
:102F4000A4B871BF129576BF82EBD1BE6FB3383E85
:102F5000EB0B8B3E6CF407BF1B479BBC07A3AEBEBD
:102F6000E9098D3E7699BB3D6DE819BF73005EBFE0
:102F7000664FB0BE58319ABE05F7C1BE9B0DD73D16
:102F800052CF9B3ECF7C6CBF10EB14BF904761BE0D
:102F900033D67DBF5B0CBCBC2B1135BF29F22ABFD9
:102FA000E37B0F3E11B3E6BB24597E3E4F88173EAC
:102FB000337D613E53AB8BBECE75F23E966F313E94
:102FC0001F5E7B3E866A2E3EB3265CBF24D503BFC0
:102FD000EA31F2BC3660323F47690EBD7B682CBFD8
:102FE00033BBB63E1986813E140612BF1616433F08
:102FF000DFF8DABDF29C75BD2A6BE83D6767EEBE6F
:10300000B78521BE1745AD3DF0ECF63DA5A74D3E79
:103010003736B13E634D823E2838ECBD0254833EC4
:10302000AC168BBEB9E9BDBDB4D81EBF0112763F48
:10303000EBAB5C3EB7ACA23E567FC63D6E1648BFBA
:1030400013DD463EFAB4DA3EF189683F486FAFBD02
:10305000258F933E2B42CB3E6F25BEBC303AC9BD77
:10306000C8DE8D3ED4184E3ED99D303EF19B6BBEDE
:103070006B7955BE7CF4B3BE16CB94BE9DE82C3E56
:103080002D7D063F69531A3E8D8D093F2B55E33E3A
:1030900090F4FC3E3F4974BD6BEBE8BD70B090BE50
:1030A000DFD7573E6A7D7CBF2C36A73E1DCCAC3E99
:1030B0004CE22BBE015381BEC08DB53E68B0A83E28
:1030C0000FECA9BD7F9E7FBF19DEADBCD5FD113EC3
:1030D000B0EF59BF40F6143F7478663E12F8E6BE72
:1030E000B983E3BD1B0C963E5209EBBE2B750EBD9A
:1030F0009E17993E367E0DBD9260C4BE70AF643E91
:103100005F3EEA3C9CAED53E77CF123F4F57F2BEB2
:10311000FF53B7BE550AD2BE05F8A53E35F00A3FAB
:103120007E44013FABF928BE0AF6ECBEA4CC573D65
:103130001ED4B2BFF484FCBDA75EAABDC5E9883E1B
:10314000826200BE98E0393E3C960DBFF1C6E73E74
:103150006EB9CABDE477A83EAAE33D3F88A82BBF5D
:103160007F33023FA71CE7BE632A12BE033C02BFA7
:103170002E3AD53ECA887B3E9A82A0BBF991163F73
:1031800072FFABBE0A716D3E4C7DE13EF953B53E18
:1031900004450ABF1425F93DB7DFA13E6BAED8BD8B
:1031A0003970773ECF0243BF94C26B3EE16C3CBEA8
:1031B000DC2BD43E33CFABBD927CAD3E71A9DDBEDE
:1031C000846085BD610301BE69ACB43DDC97EF3E10
:1031D000053C823E737C7DBE299E8EBE8248233F85
:1031E0000C308F3E13CD84BF9602543E6273CBBE2B
:1031F000DBA36ABD51119D3E82AE143E300A0DBF65
:103200004013983E01A085BF23D49A3E031D0D3F75
:10321000E6EDF63EA762F1BEF68F58BEB341E2BEC0
:103220002FC9173D048A63BD95823D3E91105C3DD8
:10323000096E723E52F0D4BE1D7F033FE6B2C6BE99
:103240005B5FB93E33B40ABFEDB204BF5568A13E1F
:1032500046514DBF7F7D44BF1A59EABC2227E0BECC
:10326000D40F09BD8EF9303F59B772BF6E8F843CC1
:103270003A45903B1E82703DF9D3713E4DC971BEF7
:103280002513F2BEB6B756BEBE162FBF6E4D26BE74
:10329000294787BE963894BFC4DC233E6521E13DB3
:1032A000364E803D9382A7BF0C1BE9BFB47B4E3ED8
:1032B000E7C07C3EA4D7B43E2EA3B5BDD6F7D1BEA1
:1032C000DA72CE3D31C558BF4BCDB73DF2801BBF42
:1032D0002C69D3BE189F593E6828DF3EA8B7C43E6C
:1032E00031D005BF2ED9393FE9B2DFBE54AE0E3F13
:1032F000529CEB3C1E76973E79DE68BF8C43BCBD8A
:10330000E35FC8BE6194D83EB91161BE191926BFEA
:103310003C17523E36DC36BE4223893EB65E00BEC6
:10332000994680BFBE73993E03C59B3E25C2553E5C
:1033300064C0C23E201092BED36EC03EC473923EA3
:103340004F2978BEE00865BFCE7DC73EFC4B33BE3B
:10335000459504BE431F1C3F4D52AE3E4D0B003FF2
:1033600058AAA5BE0E0F16BFE4CAABBB37D8A53E00
:10337000D6258B3E975FDFBD39E5CA3C740274BF2A
:10338000432D193E14C641BEE48C5A3EDA0EA03ECF
:10339000FEEC6E3E9967F2BE719CB6BE40475EBDC4
:1033A0006DE589BFEE53883FA02E533D5153C3BDF9
:1033B0009F1844BF1A2674BE6D1FC0BDC73E96BF7E
:1033C000871C97BFDB52223F4613843E049DB43EC8
:1033D00053F6D03ECC481ABE0EA16C3E7935F7BDEF
:1033E000FB6176BD644008BF5A50C83E3A30B43DD8
:1033F0003BB5683E5616B23D37D436BE55CD9BBE62
:1034000094F8183E5C79893EB8D56E3EE3A57E3EC1
:10341000CC4EF93EB5E2E33E82EE5ABEA0D0AB3DC3
:103420005F62643E8DFCB43DE484F73EB4BA1CBFD9
:10343000F013D63EDE3053BE77F595BED132C9BE0D
:10344000AADC013E10F0433F2017A9BB14C734BECD
:1034500082FC7E3EAFFAACBD4AB20C3E52A2233F84
:10346000511E963EC3DEFD3EBF0385BEBC960CBF1B
:10347000A7A0F4BEB8F3403E4F0693BE9F20023F84
:103480005DE707BD19A1A2BCC97287BFE3AB95BFB9
:103490006456093F7EC074BEF85E6C3E1C0D1DBEB6
:1034A000814ECFBEDDAC183FEDBD4CBE19166F3E50
:1034B00035088A3E91FDA63E957722BF3D84073FA1
:1034C00009618FBD5CF0FD3ED277613E5FD1C7BD23
:1034D0001AACA9BE8EB3783E8E039EBE874102BF52
:1034E000B0C4193E5CA818BF20D9D0BEF44A0BBEA8
:1034F00058AB923EA373A23E8F5EE93E4CDB6F3E1B
:10350000A179083EF08BE2BEF709AABF5F6D983E35
:103510004A29C3BFA53CC1BEA81E97BE88C8AD3D01
:103520005B603F3EEE438A3DB92BA9BF410F14BFFC
:103530007E7D963C9D2983BEA980893E77F0633EBF
:10354000D41FDCBE2A76803E32F94F3E873897BDC5
:103550006C6DC33E469C9D3D296D98BEADE7023F14
:103560004BCF6A3F0FCEC73E5BA00C3D9AD074BED6
:10357000E0B7833E8EE743BF1D4AC63E032B813E24
:10358000FAC9EEBEFC1EE83D19F60E3F0931D43EE5
:103590002F5B81BC71C48CBEE9491FBFCB01493E82
:1035A000D067A13D9293B73D3140903EFC8D3D3EAA
:1035B00086D8C03D73C7563D8938EF3E7291913D24
:1035C0003E8F2B3F43DDB93E163279BE2CD22FBF42
:1035D0004049183EB7E0143FE5573BBE2B01163E6D
:1035E000BFCB2BBFC879E23D94E062BF4A1FD53DF7
:1035F000DF2BA0BF152E10BF9AA06E3E9EDD823E2F
:103600002C598CBCC70F9B3EB442943E4A2A473E7D
:10361000A95667BFB440A13E94FF96BE71AD18BFD6
:10362000EEDF083E0B8B5BBE0900B63D2BC0403F72
:1036300063B9DBBC8DB59CBD29063C3E3A97C3BD42
:103640001A06EEBDAB40663E33F8843EB92426BF71
:103650009B0767BEEFB9E13E1C1940BE9FE3A5BEC4
:10366000A123EFBEBA46143FEF9F08BE409B8E3E9B
:10367000E2C41F3EAA289A3E437D4A3B62482E3E42
:10368000FA80553E40531C3E02829DBE1091BDBE45
:10369000FB4A7A3E18071EBC128CBBBEAEBD8A3DEB
:1036A0008B53BABD79999DBDC6C119BCC5CBAE3E81
:1036B0008D5092BD4D3D323E7BD6403E35E9EA3ECF
:1036C0001ED2F9BE51E1F6BED685833E607220BFA0
:1036D000B846733E0F5335BF588F153D3ADDC4BD14
:1036E00084231EBDC1DA003E6B6F703E7E0186BF33
:1036F00065918CBD1A40BA3E7DF374BEF367A83E57
:10370000C8A75B3EB00C2FBF6965D0BED65CC6BEF5
:10371000774D63BF09601D3E9055C03E6A49573ED4
:103720008CD910BCAECA4E3EB104CBBED0C73B3E16
:10373000E2D642BED11DB53EEF3378BF4B03A33E68
:10374000D2FE1B3F27AA153ED0E510BF35C1393D3B
:10375000AAC3D63DB9397E3E8B51AABFC97F463D2B
:103760005D9B7CBFC5358BBF381B8C3ED5092E3E7B
:103770002B49D13EA39BC93C37C66B3E05987C3E86
:103780009BEBDB3E7891863E1F208CBE52F9A8BE93
:1037900095AF59BF86E9BC3E426B003FE61FB63E7F
:1037A0000E1C623E33F51A3C4A35DABE1144483EDF
:1037B00020581BBD3E7682BE2E6770BFF42892BE95
:1037C000891631BE74482D3E46D22BBEE76661BED7
:1037D00059B30D3E409A31BF285A9DBDAB30603D74
:1037E000427B5FBD0B39C83E22F5003C999AC73D2C
:1037F0009E1612BFDB742DBE6F2B863E24F909BFC7
:10380000546987BC1DBDF13E4B5B8BBEA23A6ABFBB
:1038100066B71D3FC3EB0C3F9605023E3D83923ECB
:10382000B04B79BF3875843E30F6AB3EF5DE8FBFC6
:103830000AD9083F16B95CBE7BCA71BF88BD06BDF8
:1038400056AB18BE8C6474BE02EF583ED2C62BBE77
:103850000C0550BF660F45BF16B23B3E7587E8BEEC
:1038600015110C3ECB04C5BCCFD8C7BDCD19C13D89
:10387000572C3BBD26D4D83B24A6D53CC1448DBD96
:1038800053DAE13DE3F81EBE460FBABD4D80A0BD40
:10389000E7255D3E5358C9BD61E146BE5BA83A3C91
:1038A0003ED13B3D13F0FC3DC6EBECBD0AC5F93DF6
:1038B000FD51B33BF882683C2CEE0CBDB18E8F3DC0
:1038C000E0ED3F3DE368F9BD780A0F3DDD7D5F3DEA
:1038D000AA61F63DAA54D5BCA82C3D3E6B0403BC9E
:1038E000AF9A02BD309F0A3DB6C841BB5C21303E55
:1038F00030FF7F3EA984E83D1D20CFBD5DA4123E70
:103900008825BABD0E791C3C3157EDBDB31380BD7F
:103910002581E23D20C7943E2B34DD3DA66D583E07
:1039200072371B3DC365E53D3BACFC3DABC4053E7A
:103930003FBC2A3E8414C63DE5B477BE77A5043E5D
:1039400018A392BDA170E93C3E0B7E3D167F0ABDD7
:10395000B3016E3EEBE3E83DD550E83D82A4603E06
:10396000604FE43C86055D3DCFA5A73D8887CC3CF4
:10397000B2B091BDDD75873D5B3C9D3D818486BDC8
:10398000FD309DBDC09804BB8DA486BDA0DF55BB96
:103990004FDB48BD4722A9BDB62B82BD316693BD22
:1039A0002E3D743D20826A3B66BF3E3D4493AB3C56
:1039B0001BDBA53D80A2A03A14079DBCF8E0E23CC9
:1039C00050FD5EBDFC9589BC503E9ABD96F54C3DC0
:1039D000708F763C809C6B3C9FAA88BD1874D83C45
:1039E00016C3753DDC911CBCC50B95BBAEC0CB3D71
:1039F000FECE603C38B3EB3CFC6E7FBCCE10D3BC3B
:103A0000541AD33D6751103D8C78613D4BEA833E9B
:103A1000204B523EEEE0F33D82819A3D5DA7793E18
:103A200038C6663EEAD2BA3D9ABDCD3BC2C7DABCC3
:103A30002A59113DD83D733CC5B07FBD9EA091BDB4
:103A4000E3759E3D0014873B7B3DB7BCB8900F3CAF
:103A50001D370E3DCFE31F3EC260023E02317B3D6B
:103A60003B1284BDD52B2C3EB3418D3EFCBEC33EE4
:103A7000E65FD63D7FAC19BDC92001BE0B88B6BC40
:103A800007C7F6BD5B5471BE5C45F1BD4619A9BDC3
:103A9000193C2ABDEA66E8BD2D29B9BD432901BEFE
:103AA00037BF4E3ECFCC06BD58FD073C542D873C5A
:103AB00031139DBD485167BC34F90F3E7BC9DB3BD8
:103AC0005E916E3E5A71A83EA780F83D8048C8BC02
:103AD000FCBA26BEFB4328BEA19665BCBC33CA3DDA
:103AE0000C7E7C3ED82F763EDA7AE33CF0AE3C3D4D
:103AF0008B128C3DEF64113C58B10FBE049F503DBA
:103B0000EE37373D60C914BDFE4A38BD9B6F9ABD84
:103B1000DFFC22BC36CA8C3D260963BD00A4233BD2
:103B20007E05623D8089B93B5470DA3D88BCA53E74
:103B3000FDA99E3E07384A3E6E5D9D3D637683BD7E
:103B4000AFC96D3E2512A03DD7D2763E76BC1C3E55
:103B5000606AA13E9FFF633ECED5753DD9424FBC02
:103B600012E4B03DEB489CBD6EFC06BD9CF6C7BBA5
:103B700061A620BDB99DAABDC7E825BE22D22ABD37
:103B8000485BB6BE1F69FDBE98FB91BE54A5E53CDF
:103B90009285433D80A0DE3BEE272E3EF8FEB13EEF
:103BA000C604DC3E3B65623EDDD4003E10CA8D3D5E
:103BB000BB65603E3FB69A3D6281083EE84050BC1E
:103BC00010C9963D568A0A3E53F7BA3DE1A872BD28
:103BD000B33E2A3DDD64A5BC0FEB17BD5FB8943C36
:103BE000A3B7C8BD995203BEE95A833D42161B3E96
:103BF0006F87E53C470521BEE193D5BE470B52BE1A
:103C00008933973D2DC8A4BD9D9AF03D02B3373E40
:103C100036A5EE3DB26C313BC296B23D376433BE41
:103C2000D5494EBD08BD973DE50F09BC845AC13D3D
:103C3000E804813E43ED173EA8EA153EA9F001BA1B
:103C400036743BBD89A7F9BDA9FBDFBCD5308ABE60
:103C50006ED83ABE5CEFB73DCA3C93BD6BEB80BDFE
:103C6000B6B9953EC61020BEDE6DA4BE0F226CBE56
:103C70004DE082BDFFFC7A3E6774B63B93EF903D0A
:103C8000DFEEDB3DCC0309BDE2A3233EA4FC803D77
:103C9000088ACEBDE4088F3C7E0FAA3CB7B0343E04
:103CA0000629183E4D99CA3DA324D03DAEFFE9BB7D
:103CB0005A257A3CBBF82E3C167B06BDAA832DBE46
:103CC000BB13C6BE0A778DBECCEECCBD7A1DCBBB76
:103CD0002EEBAC3ECF90223EA66A27BEBFF2F2BECC
:103CE00018F483BDF32A643EA473D9BD2B545ABD86
:103CF000ECD4933D6E151CBE08C117BE2684A1BD31
:103D00009F6AC3BD847D883DAC2A013D6B0046BEE1
:103D100012B3EB3D0626CD3D6BF7403D10B0583E4B
:103D2000269032BD6EB3A2BD862B29BEB9098CBECA
:103D30001BEA6EBE758D49BE02DC69BDD860993C38
:103D4000D6F5D63CEEC2263D6BF715BEB3833DBE1D
:103D50009DA740BD2D7A353EF5F8C3BB6DB1BBBD07
:103D6000AE77E5BDC9E666BD8DABC2BE431F2DBEB5
:103D7000D6C0FCBD25FCD2BD10304FBDE48679BE57
:103D80006F5003BD21B1053EE887B03D0B99C8BC1B
:103D9000C0BC2CBDD2A568BED62D82BCFACCD5BD88
:103DA0003C14203D44F4133DE327063EF22A853EB1
:103DB0002688323ED7282C3EB88B2CBF6586FDBEA8
:103DC000BD0423BDC462593DC737EB3EDB7F90BBCA
:103DD0009C2719BEEC3450BE110A6ABEBD3EA0BE7F
:103DE00040A57ABE064F14BEAAA308BE2F91643D1B
:103DF00013F13D3E752E9A3EA2159FBCF406A4BC5D
:103E0000659A24BE44F847BE09204DBE5436A5BD70
:103E1000E326A8BC33F1283C2641833E5CD2303EE9
:103E2000E4C2903D6BA900BE1F4008BF59F37ABDA4
:103E30006D5EB83DEADB5A3D8A89E63D8DD2B23DE2
:103E40006C0786BDD38D1CBE9EADF5BDD68507BE65
:103E500032D79FBEA9FC873DA808343E479A8E3EC4
:103E60000059AD3E45A6C23D8EDF8FBE2A3E28BE1C
:103E7000B5AF3BBEADF301BE2BAAB5BDF18F6BBC98
:103E8000FA9A0B3DABD3CDBD5E0AFD3D3853C43D20
:103E9000DB8901BCD90937BEC20B7CBE1931A53CF8
:103EA00078B5003DF90E14BDB1370EBDE7B17E3DCA
:103EB000AED8BEBDFBF493BC10CE243E1F71513E64
:103EC0006F42743E6CF4973EF126EE3E4D3C053F4A
:103ED00032EEA53E1C4B4DBD4FDF6DBED62394BECA
:103EE0009811D6BCD725303D6FA4703D8F0E84BD90
:103EF0009B6593BD21E377BD28B9FB3D824A74BB26
:103F0000927F613E0D8B9BBD760296BEBB9632BD05
:103F1000A0FB95BD09AF3CBD12C7643ECB78CE3C3B
:103F200003A7943DA2A6FF3D0B24B93E0B55963E38
:103F30003F00FF3EE24DDA3E9E43FC3E08197C3EC8
:103F400027FFCFBDE45937BE15AB3EBE24C615BE14
:103F5000948D093C2D978CBD1910EABCB05B26BB33
:103F6000E4E4723C769B7DBB1E03043E2C44123D70
:103F70003F59783D3024E43DB3382ABEC7ABBE3C40
:103F8000E2C58BBD66CA9B3C972B733EDF4D913ECD
:103F90008F1925BE7A34933EFC3DC13ED27FCF3E81
:103FA00057D4063F9EA7D33E2116AE3EF6317A3D4A
:103FB0005D379EBED16BCEBE73E81BBE17B36A3CA5
:103FC0005CB415BEC984FBBD90C566BECB5C9E3D8E
:103FD000C4B0823C877EC4BDE6F4CCBD9E11893D51
:103FE000A7DCDC3D07591DBE0E67103ED46FFDBC3B
:103FF000F77494BC3D8E923DA9E0783E1DF7C63E15
:10400000A42772BE09A8593E4C3B653EA82B903EA2
:10401000D04C3B3ECFF92A3E3651983DE8018BBE4D
:10402000F51BF3BEBBBCDFBE790CBF3D1E67E03D98
:10403000FC7F85BD7B46993DC2CEF8BDD72E873C1F
:1040400070EE45BD655AF3BDA61667BD2A873B3D98
:10405000F211F73DD41905BE3C6CDB3D462510BE80
:1040600035397A3EF319223ED84A04BD134A8F3EB1
:1040700007A8063EA710733EA1621B3ED53DAC3E8D
:104080008C4E533C5DD6513E6B43E1BD753902BF4A
:104090009A2714BFCFB276BE8224233E83D13A3E04
:1040A000729A8ABC6821DCBC4F7555BD571E593DBC
:1040B0004D39AE3D37EED53DC251DE3C864F24BA78
:1040C0005E98413DE8C410BEB787203E26433BBC06
:1040D0002A8278BD677DAB3C14B01DBD2F105CBB40
:1040E0007FC92E3E7C6F343D79114A3DB7E4373DA0
:1040F000A0B8CBBDBD2510BDC30EA5BEB290EBBE12
:10410000A0799FBE2D8D00BE42E44A3D83E4D3BC1E
:104110005BCCDA3BC921C73D9C00373D808C31BD6B
:10412000137E1CBCBF65513EFA34463E4050063DEE
:10413000480142BE056688BEA7301EBD8846763E51
:10414000F8B694BEB562C43DB0C8F53D1DFC76BE60
:10415000228B853D0C07943D7570273C6D61F1BD48
:1041600094F71CBECDA5FA3BEDA622BE1B2782BE4E
:10417000EC069EBEC24FF5BDEF6941BEC39141BD85
:10418000C9A4863DC2D2813D668CC13D3C6D163EC0
:10419000FADDDA3DCE3F283E8174133E333C5D3D6F
:1041A000F9DA40BE204933BDC9D6DD3BEC20A3BDC2
:1041B00000ABE7BC703BE33D8887473EAF9A40BE0B
:1041C0006C81EDBD165EF5BCA098FCBDE410603CB2
:1041D000FCF4FE3CD438153D0325B73D83F233BED5
:1041E000EC2D58BE65DD51BEBE6CDFBD9C696FBE57
:1041F0009CA93CBD971DC13D179494BDBE24823C33
:104200009660843D02A3B03D7435EFBCA3A610BEFA
:10421000C86528BEB76582BE2CBDBCBDDA099EBC90
:10422000303C9DBD0634C03D9071D6BDBA8620BEDF
:104230008F8761BED4D534BED380A6BD2284C43D51
:10424000D89E20BCCC45A13DB31BCA3D8AA8FBBC6F
:10425000AAFD3CBC52F6F9BC53A5C73CF2A8F1BD7F
:10426000201B92BD2B87F2BD3A30453D6D2DABBD75
:104270004A6C203D4FC961BD42FBFD3C619529BEA2
:104280004D94D8BDADD68ABE80A9963C9A2B55BD1B
:10429000F5EC803D022B2B3DE5FC9DBB4CC29EBD49
:1042A0000C7646BD1FFCD1BD53A68EBE23BF71BE8A
:1042B0000867F0BD859B1BBD30E42BB9380D1E3D52
:1042C000F200693C9CDF803C51E6BEBD374969BDC8
:1042D000B030B5BCB6808ABDE7D09D3D7495AA3D8F
:1042E000369234BE1EAEEABCBE4B093EE6FE17B99E
:1042F000643D00BE4E2278BE93B0E33ED41680BD2E
:10430000FCEA08BD8963D43C6C98D23D37725ABD33
:10431000F4AB5A3D786710BE1DB2D1BDEF62BDBD92
:10432000EBCEBABBD384253D84623EBDEF82763DA1
:10433000115D2C3E574C173D65DF3E3C2DA7343DAB
:10434000E90FD63BC868103CAA242A3DECAB253DBA
:104350002A21D13D96D2913DBCDE013E1925C3BB39
:104360006F349CBE50B8CBBDA817753E0D50AE3D06
:10437000C12105BDDEA8A4BD4F3C89BE4AA89E3E12
:1043800088FC6EBEDEC11ABE3CE4803D942BE83D45
:10439000A66EF0BD7AF5873B02A4823D4FD2713EF6
:1043A00055F86C3DE2F4113C3AE3CC3D32337C3CB1
:1043B0002F3D2DBE38B0F63C2B4E643D12F1F03D42
:1043C0009A3DE63D6700B73D21AD85BD4CFB2CBE57
:1043D000F4E484BE83BF44BD5B5D4CBE0011BF3BB3
:1043E000BC7BE83CB8A36CBC6C53D03D6741B3BD0B
:1043F000AA7C52BE0B3EC03DB63E6F3E6EC0873EAD
:1044000093684F3D74BF4E3E928C253DF9C4F33DF9
:104410003738BA3D5C44DC3D5B09ECBC008E09BE1C
:10442000075798BD90C01B3D9DED4D3D9D065D3EDF
:10443000A0B80DBE86D3E03D0517D63DB6345BBDB2
:104440001B089B3E8A819B3E02E24C3D83509F3D70
:104450003247373D17920BBD183ED73C9A5846BE9F
:104460001EB3E3BC1F37E53DAF2D4C3E4F59473ED1
:104470002C764B3EF675DB3DED56C43D32FC523D8D
:10448000570EA93DF610153EEA78F53DDB8C15BDBB
:10449000CAE5A0BC2A72073E2038ED3D1B5CF93D01
:1044A000BB1DECBDB4F4E1BD07C3B73E92B2C13D44
:1044B00071EA383E40356FBC605D083BE24C213DFF
:1044C0000A3C693DF88865BC38EA95BC46E90CBEF3
:1044D000319240BED284353D20FD813E718FA6BD14
:1044E000C499B9BE7830DB3CDC69EF3D3A30DE3C44
:1044F0004CC5B53D69782B3E324D853D47817E3DAB
:10450000C11E093EF39C70BD025C73BC23EDD03E1E
:10451000B88C783DD4F7F1BDDCE99A3EF310B23E99
:1045200075277ABDF480053DACB1853C8D9286BD82
:10453000706AFFBB32183C3DAA5D7D3DFEC784BD5D
:104540002445C83D328DA03D258862BE49FE86BE09
:104550000E2431BEAB7B34BE87BE62BE73637CBEAD
:1045600071D808BE381A81BE842F133EF0BFA2BD99
:104570008764E1BD3B56B6BD2131ABBE74D4FD3C72
:10458000A641A83ECF950C3F7219C43E36D26F3E6D
:10459000BBA5AB3D6D489DBDE012F3BB745E86BC10
:1045A0007E7E62BD345FAABDC084B1BB6C70E13C4D
:1045B0007172A53DCF1D50BDE4B3203DBE49633DA2
:1045C000420C8FBDCCC19FBDE09ED13C66D8363D2C
:1045D0007D1DEE3DF565F2BC4A2CB6BC098D393B1C
:1045E000AC6280BD28BE0A3C92DF4A3D1844413C83
:1045F000A416963CCABB45BD72EF53BD5D6B6ABD48
:10460000926A5A3D79B731BD67BB833D1256A6BD4C
:1046100074AF8BBC3021F73CA4E4C33C3A06333D75
:104620006886613DC8FA12BD49825CBC5554953D0F
:10463000F644F83D692F163DB27D073EAAD4833D6E
:10464000A2C40B3E7F44D03CA5A0D7BD23D9B6BDA4
:10465000B429C3BD9C4CB53CF1212E3E6F28693E68
:104660009560A23E2340513EF6B1803C5AE7FA3CA9
:10467000607F61BB023B8BBD22785B3D1ACEFEBCE6
:10468000D44CF43C5A627C3DAE82913C3A17E1BD79
:10469000167E713C1ACD653E385D543E5DD26E3E4D
:1046A000F97A823EE9FD803E0793133E3CBA953E7F
:1046B0002A9C383EFB86B93E08DD8D3E6CF9003EF3
:1046C000E6BD49BE2EC1E4BD6CC986BE4EC3C4BDA5
:1046D000174A6C3CC9A9403D4455E63D731D89BD50
:1046E000F9BF4CBD10DBB2BDD145A93D081E083D48
:1046F000C96D64BDA286353D8DD864BBB27B52BD09
:104700003F4D493E0A7F903E3F8BB83E0E2E593EAC
:10471000F2F1AFBDE4A105BE7B74BCBD97F1FEBD57
:10472000E35F8ABE13B513BED3AECBBA7B7C0DBE9E
:10473000312E43BE1DE88BBE5FE49ABE5EA19BBDD9
:10474000B3275B3D7F0114BE16EF3F3D679C703E73
:10475000977B3E3E22130D3D246BBD3D179DA03D32
:104760005CD9B5BC9BDDAC3D9A1AB3395BEF2ABE70
:10477000954B493E9CD3D23E0CF5DB3D26125DBBEA
:10478000E689CBBC867B00398EEB04BD051B80BD62
:104790005D2C083E19B7473E831BEB3D53E4BD3DFE
:1047A000F697383D67B35BBE8BB754BE48A9173D3B
:1047B000711955BBEFAB8E3D91861B3E84B8523EBE
:1047C000DA301A3E59C1CF3E562933BE2C88333DCC
:1047D0001CDC2EBDC423A43CF4A220BB050CEE3C83
:1047E00052254A3E81365B3E0EF7E63D79B86B3E78
:1047F0003DF8BC3E76EF283EFF7A54BE716536BE6A
:10480000C509E13C059F58BE468D32BC4E3ADFBD1E
:104810003306393E6E5A513E1513B2BDB616BEBDB3
:1048200017B9D2BDD721423D3601EFBDBDFB863D54
:10483000FADE023E30E0413E11463EBE02C01DBDE2
:10484000E20B81BDCD97973D2F6B103E9C55E7BC89
:10485000894620BD3D52AF3E04CC043E017CD1BD13
:104860008367263D0DDE393E2A5D4DBEB5C733BE9A
:1048700055CB09BDC0F166BEDE12C9BEE5DD27BE5F
:1048800076BCF43D0278833DE603313C2604BCBB94
:10489000E8DEA7BD30C7C0BC154C13BEDB550A3DD2
:1048A000E92262BE5DEE28BE503118BE08BBA3BC33
:1048B000ECEB903D82B29E3E4E4D733EF9507B3CF8
:1048C0009DF2D13D4C6E933D2794D93CF613673D44
:1048D00075B764BB44D90D3DE5F5413CA0323DBC04
:1048E00054BDA5BD5E1899BE61F98BBE17BC1EBE36
:1048F000E6C0E93DD883983EF775E03D5EB2293EBB
:1049000011EB08BC512011BDACD52A3DB554D5BB27
:10491000DE253EBE269FC1BDB5B559BD1247143D2B
:10492000548245BD2750193E8ECC483E40944A3EA5
:10493000C0AA1E3E6CD4363DBCCC1F3D1E6C4E3E04
:10494000D900363D32F1543E364B083BD33D50BD85
:1049500093AA21BD3E237FBE46C96ABE9C7E4EBD42
:1049600067B33E3E59BBAC3D4C58063D8EFC26BD60
:104970002D6F4EBE5B4A7BBEA2A9EEBDAA2DE83CC0
:10498000715F92BD1D00B5BDCC6F4CBD44515FBB86
:104990004303593C900AD23DE68D7E3B424D0A3D91
:1049A000BC64F53D314D99BDB2F637BD5F45CE3D96
:1049B00077F2FB3D2B5E493D2F57B43DB104B33D2B
:1049C0002490CCBDADEF45BE2D9064BE338B12BCA0
:1049D000A60D833ED092C63D6CAD61BEC07E17BEB3
:1049E00050151D3CB945A8BD2B0960BDE5EC453E01
:1049F0005C32B93DD00F20BE45F0B3BDE5AFFEBD82
:104A00008620FA3CC04E5E3D1DF3A53EDC712BBEF8
:104A10006CCE613E4B4AD7BD216B2DBEA413ECBDBD
:104A2000064A8C3DA241A73C401DB43DE5D44CBB99
:104A300072D413BC348592BE698A56BEC227F53C37
:104A40005F996E3E0CC99B3DF584513CC28F9BBD66
:104A50000DF30ABE9C5920BEDAA8B23D970B77BD74
:104A6000B78EFA3C20B4FABDEB4F78BE284F233EF8
:104A700077074B3C72A01F3EDE6F3CBD30EB283EFB
:104A80009655313E86FC56BD650118BE8802C6BDEE
:104A9000C831BABC49FC8A3CE331C83D3375353D69
:104AA000FCB7FABDD5D785BDF68B893D30E6953D7F
:104AB000FE693A3EF19031BD269AC7BCE1587DBDF2
:104AC0005E8901BE108A0DBEA2037F3DBBAE88BDCC
:104AD000434FCFBD6A028FBD55CA3CBD40BCFA3DB5
:104AE00006E3B13D7481B33D57CEE7BBB650173EE8
:104AF000212F3DBDA0AE683BC3DE5BBE49C9B1BD41
:104B000041641BBD672A80BDFA3323BCD75BA73D38
:104B10009D3289BC5A09C3BC0BEA1A3D3AD1E8BCA4
:104B20000B455B3D230F95BCB14756BDE853D3BD44
:104B3000A0259DBC0B9CE03C5634433E991AE1BD38
:104B4000C8C7C13E577CBC3D9AB7C2BEA7D941BEBB
:104B50006B814EBD8C2E053EEB76E53C6DFC2C3E0C
:104B6000FC01B3BDE2277B3E6083F5BC23782A3D80
:104B7000967D8DBD4FA09F3C330341BD118489BDFF
:104B8000EAC8D9BC84E44FBE3C7CEDBD15CBA6B9C8
:104B90004CF8353D961B5DBD60955E3A120B1A3E92
:104BA000C1728E3D17A9463E6A6B313EDFC4413D5E
:104BB00048311ABCB514DB3D2C00A8BE08B9C83C6E
:104BC000141F97BD7D6AD43DB8A503BEA757DEBCB0
:104BD0000353C7BD64E1383EBE976DBD82F5653DA8
:104BE000704E8D3D5F11383DD830F5BD8E3EA4BD71
:104BF000ADEBDABBB3BC173D362FAC3DBED6C1BD65
:104C0000603EAABDD6A5F43CFFAB4D3E894E963E14
:104C1000305D853D2CED073E1A07063D584DD73CCB
:104C200038F8F9BB07A38C3DD0BC84BE800788BD93
:104C30005F069E3D5494BFBDB13B553D07535A3E60
:104C4000DD722ABE00A8B7BD3B17AABDA3EA4C3E41
:104C50001F74D73BBC641BBEDAC547BE041E6D3C47
:104C6000082C82BCA0F5033ED990623EBA64B7BC62
:104C7000B08F1DBDB37B413CEF40023D439BFB3DEC
:104C8000384E163EB607DDBC443A2D3E6496F7BC5E
:104C9000215849BEEAF4A33D9835853EA468D7BAA9
:104CA00038CA313EB62A7C3BFE970FBEFBB90C3E9C
:104CB0001BE50ABEE354823D43CE523E6781A53ECA
:104CC000868F713E2E6C923D1AFCD7BD63CF1ABE03
:104CD0003AC0403CD26C053E5D81453E38C10F3E36
:104CE0001246CB3DD004C6BAD9D9FB3D84B78A3E23
:104CF000EA058E3D2F7B2C3EA02D673D31B1AABD2C
:104D0000D5E31BBD49863B3EEEC41B3D430894BD25
:104D10003E0E2CBD72959ABCB5086B3E348A563D4A
:104D20009CCF443EDB01B7BB929C773E29D8A63D81
:104D3000158923BDADC4EDBD8EFF4CBE55148CBD91
:104D4000E16200BED59D7F3E723C9E3D9A06823D4B
:104D5000C47B003EAB8269BC89308E3D0ECCAB3D3E
:104D6000E401FA3D12B57C3E0F697A3E6E68B9BC2B
:104D70001AAA993EF1702A3E8D0591BDDA4A72BE9B
:104D80004F2AFBBCAD0B2E3D7F5F2F3EF8982A3E8D
:104D9000AC206D3E8743943D50D0E43A915C91BD88
:104DA000728DFDBD85A59FBEF106F2BE0F5CAFBE44
:104DB00050C34E3EE520A83EE680943D6AE201BD28
:104DC000F494A23D672BC23DB5874B3E7E1A01BDD0
:104DD000554D743B3451123CB3CFE63B17CD8DBEDD
:104DE000ECDE9E3ED293293E641CB7BC477273BE74
:104DF00025D398BDE19BEF3CD3B5853CEE90303E8A
:104E00004062A93EBA8D35BD58C6C93DB0BD74BE1D
:104E10008BC2E2BE4FEBCEBEF17AC6BEB2D31DBE90
:104E2000BDF84D3E17E2A03E0B337D3CE5F6793CE4
:104E30009A78E4BD6FFD563E77B9C13B2E0CF2BDAA
:104E4000D264DC3D93EC3FBEB8BF89BE7A3892BED7
:104E500053005F3EBD3B91BCD1F0713CBA8D87BE23
:104E6000E61E6DBDB02F2C3E39C11B3E6F02583E71
:104E7000F7DAB23EDE15D7BC069B11BD2A9AEFBC0D
:104E8000502ABCBD51448DBE2930E2BE9E4E78BD35
:104E9000125ABF3ED088963E21960E3E95A2473DBF
:104EA00047B2A4BD9D775E3EF6FCDF3D88219FBBE7
:104EB00068C4D53B2F30E8BD70C68FBE91AE4FBEE3
:104EC0005DA3CF3A28436DBE25B6913D25E29E3DB8
:104ED000CFD908BEB2B9DC3DDF21793E0A25CE3EEE
:104EE000A633D63E4655533EA1460CBE95693BBE01
:104EF0000D1AEEBD5CDA61BEFC7381BE122C5ABD88
:104F0000BE6F7C3EEA0C4A3E276B2F3EFB84113E6F
:104F10006707CC3DDED2213D01FF593D6BDB6E3D85
:104F2000328DC4BD4BE0E4BDFC6BD7BCA18ACC3D47
:104F300059FCF7BC62617CBDC2E8933D0D7F253C06
:104F4000EF8983BD9D0796BD3326233EC1CB363CFA
:104F5000D786913E8897CA3EF7B38CBD01CE6BBE13
:104F6000D4A785BE120F5CBEDB9CBEBEBC0035BEA6
:104F700084BB5FBBEB8C523C289CFB3B90FDD03D3F
:104F80003DE24F3CFE9FFA3CEFEDB53CBBD022BD6D
:104F9000F05A42BDE880AA3D51BCA73EA4EA623D5A
:104FA000B0D285BCC25DF1BB0498AE3E929DCDBC33
:104FB0008006433BF6B0D2BC0ADB30BD1E96EEBD88
:104FC0007D2D213ED445943D6CA4F53DFE6021BD70
:104FD000257465BEB9C96DBE742DB3BE4FBEE6BEA5
:104FE000120F44BDA0658B3DE31E613C1528893D31
:104FF0004F8D413E527AA33D6E1F43BDC164A4BD97
:1050000040D5B63CDFCBD93D6C678FBCBC2D59BEBB
:10501000FC1CADBEB81B33BC281EB93E0E51363D3C
:10502000F33681BDB6FB143DDA62443EC55D853E74
:10503000F268AB3E6A071F3ED014E73C11D75EBE54
:105040001D1E5CBED78E0E3C0E6B21BE6FF686BE5B
:10505000A3393EBEFDA4E9BC9D5D2E3E25678C3D77
:105060008656C63D00E8523D78E3BABD2F328ABE6F
:105070009A94D5BDCCCB75BEBC1A2BBE67A395BE8A
:105080009CC7B8BEFDD688BDCE9DBCBC67439ABD4B
:1050900090658DBC5035F63B67D882BDEEC3CCBB66
:1050A0005537C13C479148BEA221ACBCDC6A53BE17
:1050B000FE03EABD91FB2CBE235A25BECBF405BEF0
:1050C000959706BE3BEF63BE1FCEB2BD6D0EEDBD24
:1050D000D22181BDBD26F3BD80A311BE3E398CBE59
:1050E000A75D86BE3CA26FBEF242E8BEA88659BE4E
:1050F000FE9504BE4AA647BEFCB7023DE49E24BD11
:1051000008C1223DCBA9A7BD20E3C3BCD0C68E3CBD
:10511000B127403D5AFCC5BD40B1D6BC0567153E20
:10512000C24210BDF4AE82BD359310BDE6ABBDBD2D
:105130000DE6A6BDC292C1BBB7D43DBE22C854BEC7
:1051400001BC75BE114722BE9AAC19BE7E62A8BED4
:105150003FE60CBF2DE4B4BE1DC850BE02FD213E8B
:10516000488A2E3D4E4B723D50B2FABCE4840CBDD1
:10517000C061E3BCA49F193D080033BDE00D8FBDA5
:10518000FB9B4B3DA5256FBD1A4317BE433A07BE97
:10519000D4678EBD036BD73DC2F80F3E6C3A81BD1C
:1051A000F0FD933A25A6EC3D66F7A8BD7A054DBE05
:1051B00059BC27BE37BF453E96471D3E4BB49EBDEA
:1051C000CF2F80BC03FE9F3B8F2192BD98FBB33D48
:1051D000C6A2793D221D3A3D36E0343D73D16FBD04
:1051E000157E03BD3D343FBD9C4ADC3C4EC184BDB1
:1051F000B16541BDEA28FABC8A5091BDD60B61BDAC
:10520000DCDBEC3C724F81BD6B818F3D00F70B3BCB
:10521000BF6A9C3DD64565BC8B0FA43DB804743D68
:10522000C2C5E2BC4B189A3D78F903BCC0E39CBDF3
:105230000BE4803DD028B03CAC84F33C528B08BDDD
:10524000353E42BD70E2CCBB1330A63DB6A5BCBC1A
:10525000A46D243DD5AA853D48D8FF3C0C3091BCB7
:10526000AD0E513DBB157EBD5065943CC49E9F3D27
:10527000D7D2EC3CD103913D7F3C6ABDCB05A33D29
:105280008F3F803DB8EBC2BBCF5AAFBD23429E3C9F
:10529000DAC4743AA9D10F3CB53CEBBDEE181EBE82
:1052A000831932BD9058393D9EF8EB3A7039033E70
:1052B0003448163DD8E3D13CF892D1BC009AFF3A6D
:1052C000BEF2DFBCD801103DEF53A63C0A8E063C6F
:1052D0001AD3A0BC7A16F1BC38B7C73D5D671EBDB6
:1052E000D494713DC63D5E3EAD102A3D6CA7AE3DE7
:1052F0004BFF5B3EF72D98BE657FABBEF798E5BED2
:10530000CD8B01BF2A618EBEE9D5C5BEC34F8DBE10
:105310002246A4BEFA4434BC2F3950BE8F648E3D61
:105320008BC2953D2A62053EEC9A98BDEED84EBDE3
:1053300043D0863DEA8DF7BCCA921DBB85FF6C3D0C
:10534000137F9F3C543D313DC5AA603CD4BFE1BDB5
:10535000D9D9DABDAB65A53E4535343EB37DC43DF4
:105360004050043EEC61213E159A9B3DF1E0E2BDC8
:105370004455F2BD24D305BDF603143D252F2ABDA7
:105380009F3263BCA0BCDF3C6B2632BEFED20CBD9C
:1053900071C04D3ED709B43EFC8F573E48A2F23C47
:1053A0002C85913C4D7398BDAA0390BE7DD79BBEC2
:1053B000E4CB4CBE496E2DBCEA65A43E0E6F723E36
:1053C000C9A89CBD6459A13D01E0BCBDBDD5803DCF
:1053D00046C4403D29DEDC3D45CDFA3D836045BCF9
:1053E000D120AABDA01A833DC7B6263E02AFC03D5C
:1053F0006EEB89BC2BB683BCA1D36B3D428D05BE41
:10540000D5F4723DD24A1ABE47C6B63E4E89EABDB1
:10541000BCE9EC3CA485AABD1D4098BE61706EBE7F
:10542000CC9735BEF4D96BBE57C95E3DEDE7B53DAF
:10543000430EF93D1BB8263E9D822D3E4264893EB7
:1054400074BC3E3E13D5993EDAEC2C3ED807273E7D
:1054500050BF183EDEAEA03DB9ED7C3E492B393D34
:105460002103393E715C023DAA434E3DD24C9E3C25
:105470000D9561BDA38AFA3E66B29E3EEB1F0A3BC4
:10548000E04D45BB467079BDA137593E0F3184BE12
:105490002B21B9BDA40856BD83EE023E2C0E093E59
:1054A0007F05633EB502753E9893583EE3ABA13E3F
:1054B000FE74A93EBCFFA83E3872F43E63A7CC3E02
:1054C000818E963E3A2B2E3E8CBAA83D37B1D23D06
:1054D0004BBA3A3D9F50693D269EAB3DECB3973C9D
:1054E0007ABA3ABBE67F813E23D3843DDB32AA3DC4
:1054F000CB4088BDAD1B5ABEA23F483ED10D9B3D5F
:10550000EC8803BE372209BEA4E7533EDE4F113EAE
:10551000E625743EA966653EC6F7883E44019A3E7C
:10552000F09C9F3E3F1AC03EA388823E1F3A8B3EAE
:105530007E2A993E4E39993D7F24AF3DC3C74FBD6A
:1055400072BBA6BD28B3413DBC0AF4BDA01193BEF9
:10555000B1D912BE2AC50DBD6D3B16BE4055563E93
:105560000CC186BD24E22F3DF67FE83D10AFC6BEDC
:1055700048522FBEC45F28BE4B8B103E14B6693C08
:10558000D2DFBE3EC3FE143E79EF113E9BB75C3EB8
:10559000647C013E1872B63D56A9643E88FCE33C2B
:1055A00021D5DF3BE7B4ADBD9315143E81C3353E35
:1055B000BD9D983C3AFEE8BC59EF0E3D80CD07BE3C
:1055C000020BB2BD0925693EE8B310BEE9C035BC87
:1055D000A4B6E7BC176A653D0729A0BDFD2070BED3
:1055E00005A03DBE2875623CB37259BDFAAE293E96
:1055F00030FAEA3CE5924C3D9561223C8EC067BC96
:10560000D72836BE186F2CBECD7344BE7AC5C5BD33
:105610009B771FBE3610E33D172EE73D61E3033E47
:105620007626B8BC808A78BDDF2763BD4889903B69
:10563000685EBD3DF080973E7EE44CBEDCF15CBB15
:105640000DB444BD7235C83C37E366BD959915BEAF
:10565000007ED3BDAAA62E3E53A5733E6D7D923D1E
:10566000A7FA56BD4B84D5BD0C9AAABDF6F432BE3E
:105670003BD7B8BE19229BBE3B4016BE0FB208BE38
:1056800025DBCABC3EE4B13D2BE7203E5C4E34BD79
:10569000AFF63EBD28B1163E6E2AB23DF3228C3CD9
:1056A000C45601BB43E1543EFB2FA43D14960FBDED
:1056B000F6F80F3DD1C2B9BD3DEE573C5F31E63C37
:1056C0005BC9CB3B84D324BED14EAB3DB97CE6BD98
:1056D000C8E457BE1F3118BED92B1FBE07813FBE7D
:1056E000601261BE048AFCBDCA5C25BE662800BE8D
:1056F00039FE653CDE0B2D3E6527BA3BE58C053E49
:105700007438063E2A9F253D1E9DEF3D2B337B3C82
:10571000933C9D3D743AA03D0397E7BD2C663DBE8A
:105720008830443CE1A998BD2B8B6C3D103D693C11
:1057300026DD04BD29868CBE1CEA96BD7A8C46BE49
:10574000C516EEBD266F6BBCD35FCCBD4EE63BBE2F
:105750004B5C69BE183F8F3CBFC937BE5F7E12BE2F
:10576000FB72DCBD2F40BFBDBC90B9BDAADD09BD39
:105770000D2EEE3DCB9599BDE824AA3CEF001FBC51
:105780000BF492BDBE84DEBDE9AC32BE2D4008BE36
:1057900020FB4DBEE09D8BBC0A6A083DC0F043BCB7
:1057A000EBEF27BD13B059BEF30064BE5F929ABD04
:1057B000482E77BDC832393D83153B3C47C219BEE0
:1057C000DCE5FEBDFCE2C2BD0A1F70BE4D5B29BD1B
:1057D0004D1D81BDFBB17ABD474E30BD65D6453DFF
:1057E000E395583DF5B626BDBC05B23DBADBD33DC9
:1057F000A73926BDE86D8FBD3E3825BE1282823D99
:105800008A90353DDEECD7BDFB9EA8BD36430ABE6F
:10581000B01E02BD76B955BEDE895EBD7EDA413D61
:105820006D90263DA38706BDD26C923CB72A61BE1F
:1058300050AD76BD094B39BCC455C3BD4400833C53
:10584000552097B9504C33BE448AAFBCA768C3BD3E
:10585000C85CF3BBFC8287BDE2C2463E72C7F03C27
:10586000088FCCBC586A82BDEC21283E48DCB83D8C
:10587000EECA603DE0AE18BED7E06EBE4E41853E3A
:105880002144FD3CE82A8EBD3C980C3D8170823D50
:10589000568BCB3CE2B08D3D9D3D9C3CF3190EBE3A
:1058A0005E16F8BD79CCC1BD98AD4CBD21DB073D7E
:1058B0003443973D5D46323C440E57BD4EE243BEF5
:1058C000CA7372BBBCC62F3E2E448C3B7E2CC9BD16
:1058D0008143A93DFCD72CBE363FDC3C9902A83D54
:1058E0003459093D085C89BDAA427BBD6C0FDD3C83
:1058F000AD22FB3D5A4DFFBD6EE6203D4AF1FF3D16
:10590000D33F1E3B3602B9BC96C7BBBDF19DB3BDAC
:10591000F1F80D3DB2BF17BE29AC90BD1C5629BD94
:10592000B6EE91BDC17D673C9DA193BD747E06BE60
:105930006405503DD155123E5C880D3E0F12E33C8C
:10594000BD2629BDF05642BE6910703DE0F3183EF9
:105950008229783DD7BC27BE30D716BECFF6953DFD
:10596000F1185B3D7217AABD3E46B0BDBE327FBD89
:10597000AC80193DF36727BEA6798EBD702E09BE97
:10598000B893E1BDFE0621BE71B9C5BD9839A93BEA
:1059900060F91EBD4EEF623B3908CCBDA4C750BEB6
:1059A00037ADF3BD37A03BBEF35A4FBD76B327BE2C
:1059B000B8E102BED98AB13E592B0EBEF1B4DE3D2C
:1059C000F0E065BDC5929CBD25AB1CBE17C83F3D30
:1059D0007A8B523D2FBDD9BD09E6B93CC82B1C3D81
:1059E000E57D1EBD7E9534BED8C440BD76158C3C89
:1059F00049C5B6BCFF2696BEC8ED0BBDA82B9A3D87
:105A000041AB533DB54A243D257121BD9614A6BD39
:105A1000CC460DBEBEE4EDBD6D1E373EDA30003E15
:105A200034909D3CD80CBA3E7852033E85BC183C5D
:105A3000C140803C2AF8F8BBC53B1E3E190048BD5A
:105A4000CC391A3D692F843BB4126B3D1A28C83CEF
:105A50009702B8BDB3B9B9BDC183853D517C153E30
:105A6000DF3DB53D226CCA3D5AA929BDEC3D343D10
:105A70006AF2CCBD1D5FB8BB22A6803C063F19BDB3
:105A80000688AABC23B85DBCE0CBBDBDF57E34BEA4
:105A9000A6998ABD5A859F3EB1CD123ED9000EBC53
:105AA00035DD9B3D41B56C3C5D41513E5F8B38BD62
:105AB000C326EF3DE0AD713E35D8263E40860F3D12
:105AC000B67E433E8863033D0981813DD120973DE9
:105AD0008BEFF43D366D0D3EB2F2EE3C5B128A3C2C
:105AE00074B1C7396385D4BDB925AEBD156C75BD1C
:105AF000FA16A2BCF78B22BB025F00BD2935DBBDC5
:105B00003E503C38133D663EFD40683D2B10A23DA3
:105B100059075FBD3A09E73C3554473EFE4CF7BD97
:105B2000F827013ED725803E90482B3EA5AAEC3DA4
:105B30000604013E40A5C33C70CF183E6290233E50
:105B40004CA10A3E9D3B4D3EB60A513D8C76A13D8F
:105B50006F828A3E0428C43D34F1BF3B19AC213E1C
:105B60002290123E75C8203D70CEE33DF6D09B3E9C
:105B7000660C4E3DFAF1573EFA8B8A3E9368953D8E
:105B8000F0B005BE0971C6BDC7A9903E5092A93DAF
:105B9000B57F053D46567B3D7037443E2EB8AF3E3F
:105BA0006B41FE3D3035573E91230B3EA0F8723DD0
:105BB0003297993D8AA3103E4548053E701C80BD32
:105BC000C8044A3ECAB6213EB7B5C53D649C613D96
:105BD0002971A33DC13E09BEFD2BBD3D4D86A73EAB
:105BE0009FF61DBC1D62DCBD754AE0BE57F5FEBCCC
:105BF0005C9EDE3CA21048BD0F3C9ABEABFD6E3EE3
:105C0000F44B873DF1862D3D6186913EBDBF5C3EE4
:105C100044E6663D4722AD3D05E3C43D9D4A233E33
:105C200066EED13D30E60E3DFD185E3ED015B03D2E
:105C3000F23892BD8529D23C7A8487BD1628073E6A
:105C4000C797033EF614F33D6520CE3ECA82273E39
:105C50007D578B3E1ED60DBE9C43D0BE650615BD3E
:105C600003168C3DAC17C03C8E5D18BB55CBEABD0E
:105C70002558273E73036E3E6DFE6D3E5956A43E79
:105C800077B9173D27D812BBC748C63C5C8FDCBD2F
:105C9000751B0B3D9ECA8B3D49151A3D7014D03DB6
:105CA000DB27A5BC98BFC33CA9C6783EA10D0F3E1B
:105CB0008C17F73D33184F3E5A54563E1B61C83E71
:105CC0008A11B63E9B2F813DE407D1BC4A56163D52
:105CD000701894BC7E53163DE770FE3DFE279E3E35
:105CE0005231723EA568443E2787A33D44872A3C33
:105CF00037AA05BEE6C218BED3D2183E1582333E7F
:105D0000594CD03C401522BDAF2F3CBD479083BDC0
:105D1000AE5F0ABE5CACF8BB5E01EC3D8A96FC3D12
:105D2000B9A4B13DDA4D253DEE86273EA61A893E3F
:105D300011CE2D3E43ED153EE7835A3D00BC9E3B00
:105D400034F9A9BC04D06EBD406078BCA566263E7F
:105D5000EBC5C83D6538863D5DB871BCB48545BCB2
:105D6000917E803E114B693EEB48813E827F953E9D
:105D70004F5064BE0C23C3BC0C3EB4BC240184BE93
:105D80008E0C24BE52A91F3EB559683E8627FA3EA6
:105D90002D97BC3E4E5AFCBDC1C554BE7CE143BEEE
:105DA000B6755EBE09E137BD3855203D40D8F5BA1D
:105DB00098F2553C09B49A3D549824BD70C18EBBED
:105DC000F4D7263C4CECD13C55CC343DF47A8F3D95
:105DD000FBD6EA3D63544C3DDBAC0A3EE84B3A3D12
:105DE000EECAD33CE6DB983D70ED123ECE2F963CDA
:105DF000458E3C3DDF7B9EBC9FE40C3E3D77F23DF3
:105E0000746EA4BD92FD98BCDF4C453D92E9BFBCC9
:105E100006E3473DF506A43D702283BD3EB2413DF9
:105E20004C0E87BC3EC58BBD993A953DB68AD6BC13
:105E30004C97033D305FA5BB42B56D3D06FF2D3D40
:105E4000D5D720BDD01013BDF1DE9DBDA848A43C20
:105E50004F3A033DB60EAFBD7BBF93BD794989BDB7
:105E6000A85BA4BC25E6883D509392BD407F583B7B
:105E7000C0475BBD186D76BC38A2033C018DAABD3E
:105E8000D8C737BCA8C7BCBC0013EE3CF07B97BB9F
:105E90002E580FBDA1B59F3DE2EF193DCD81833D49
:105EA000E52CAABD5E9539BD70AA7DBDA78E78BDD3
:105EB000271F603C0AFD99BB7EA7B3BD38EFA0BB8E
:105EC0006C8C81BDF77B21BE8A5629BE6194CFBD03
:105ED00007C710BE48B68FBE2E2CDBBD222F8BBE4F
:105EE0005A0B82BED571ACBDA09F7FBD4E9407BD3D
:105EF000FD18973DB68B88BD56A8443D11BC923D18
:105F000002683BBDAF5149BD5444BD3C85B3163E0C
:105F1000CEC053BDDDFDF4BB71B7A0BDAF351CBE17
:105F2000ECBAFDBD0742ADBE4EBFCBBE2279BFBEAF
:105F30007E5D19BF1F081DBF002890BE5B078ABE8B
:105F400086BC9EBED8ED5DBE8FFBA63D12BF1DBEBA
:105F5000B8E0B4BDD343A9BE480594BE80A953BEE2
:105F6000C3CD0FBEB03785BC54E9103D8D6C8B3D61
:105F700032C87C3D9EB3A6BD1290FDBD55FC5FBDF1
:105F80004CAFB13D724D83BECDA4A0BE451B15BE26
:105F9000E3F397BE4C7E94BE479DB0BE732F0BBFFC
:105FA0000D9A3ABF314744BF564EF5BEA68E31BE5C
:105FB000F7C6B83B257B55BD630FF93DE094453EE0
:105FC000E678813E75B1D83EFAFF5F3E51A6AF3C00
:105FD000806C96BD01F2E43D96DDBBBD00B82ABAE7
:105FE000696C1FBD062765BD4ED1E23B365B70BEB6
:105FF0002403A1BE9A207ABE5F86E93DD89CB03EBC
:10600000E9C584BE05B18FBE77AC47BEA5470A3E41
:10601000FFE2F3BC6FA085BEE59042BCB9005EBD57
:106020001036173EA8E7DB3D88FEE33DCC5DFBBDA7
:1060300017372BBD7CC9933D1865733E254D2E3D0A
:1060400010CABA3E27DF813E1A54683ECB8005BE97
:10605000D69C3FBDF24D643DF0B3F6BDB63A70BE7E
:10606000F3D7DDBE23E5FABDD310AFBDBCFA26BE23
:1060700075FB54BE5AB679BBC5F73F3E2F33C83EB9
:106080003AE2823E587C87BCAD5A0CBBDC9956BEC6
:10609000DC8AD4BD93ED46BECBF887BE487F94BE64
:1060A0009074B2BD7E275FBDB9308A3D575C74BE27
:1060B00000C281BEE138F43D3A0E053EB57634BDEE
:1060C000C281353D999941BD31A3423E19866BBECF
:1060D00054CFA43DA3C098BD90968ABE9D3011BEFA
:1060E000FD7547BDA8AEEE3CB782E33D94363D3E1C
:1060F00051CF1D3E0147A33C725AE53DC626F2BD75
:10610000738910BE954E6BBCC9E76EBC6053563C9C
:10611000D08C1DBE7CAB0BBE36C8823D229E50BDCE
:1061200039A5A6BDD97F163E9307633E81773F3DD3
:10613000C594D5BBD594E6BDCB24803EC6A9E4BDAD
:106140002D8C5BBE379991BDBEE6A6BE4B3A98BE7C
:106150002912E63D52AF4C3E8C187D3C7AAC04BB14
:106160003BEB6BBD3BB51B3D2FEA013D241AD53DF2
:10617000DE61F93D12F40C3EB58B88BD0F4D97BB27
:10618000731F18BEC62DEABC49764D3E53923E3E63
:10619000570494BED8A030BD6F02903EA1E656BD14
:1061A0007446B33C6D1B003C830D2F3E1DC689BC5D
:1061B0000AC117BE59E980BCE5FE893C1ECB843D6F
:1061C0004758913DBF12133E43CD243DDE5202BEDF
:1061D00056D660BE4EA72CBD5FE99F3DDA3A663EBB
:1061E00083864B3E0B20053E0FC3893DF98FD8BCFB
:1061F00036C08D3DA7A0243DAEFA73BC5AD3933E62
:10620000A5F2963EA476E43E7B627B3E1E3F883E2E
:10621000A5C45FBD89ED91BDF4F1863D7D1F073EAC
:10622000F92B35BD3E822ABE5F00423C4D79003DD0
:10623000B0BB2E3EBA9F553EC3B95F3E1586FDBD2D
:106240008B11A3BEC82E51BEF6C054BDFB17463DF0
:10625000183DE43D5CF128BC9FB7AE3D2A98BB3D9C
:10626000478391BD57E3B23DE00F893D16594D3E3E
:106270003623A43EB1CDDC3E7471983E5A617EBE99
:1062800061E3AABD8942743CA33F1FBD1F3382BD99
:1062900015BB493E3527943DC0A7D03D6874873D66
:1062A00084856E3E0E35D43EE29E9B3E5CF305BE79
:1062B00089BA92BE78DE85BE7A00D23C400E02BE1C
:1062C0008AAB3EBD24F013BBE5D72D3EC3AD5A3E8D
:1062D000BBE2563D73FB303D3775683E31D53F3EDE
:1062E000D957B83E236CA63E17DF7D3EA03A18BEB4
:1062F0001B605D3BEAE11B3B1A1781BD4BF78E3CEF
:106300001F09093E7F41EA3DAD21593E5E5C483E92
:106310005B524D3EE792C13ECF88AF3EE829723EC8
:106320008DA303BD26FFC5BC714BEB3BEF0ADFBC61
:10633000E7046A3B430C833DC03AD5BC8D6C003EFC
:10634000D42AA93D4C2ED43D3635353E6B1D5F3EDB
:10635000362B9B3E2BB6AA3E532D183F776942BE83
:10636000FC6F0EBD0044A6BDC73CE53D66F3D93EBB
:106370001534B53EBC14533E18C2473EC4334E3E9E
:10638000261A263E40F00A3EF0AE863E2F93123E7D
:1063900039A2BBBB2CD32CBD87CA21BE49BE72BD5E
:1063A00064ACDABD794A17BDDF5A27BD4394813DFD
:1063B00092C63B3C298E033EB61AC4BC00CDFC3DC0
:1063C0004FD31FBE6FFDD4BD3D1F093E2688F3BECF
:1063D000FA6E883CC779D73D0BC9E0BD002C3E3E24
:1063E00028E3E93D67E02B3E510184BD3696A33E8C
:1063F0002A9F173EF264913E945AA33E8D9F3A3EE7
:10640000DB3C6A3D3803DBBD3FC274BEEA09F4BD24
:10641000E5EA1CBEC3D69EBD0510833DE6D4403AD6
:106420007AF7DFBC01191BBCF3D5433DE98622BDD9
:106430009CFF24BE3DED73BD504998BDDC8E2ABE45
:106440007D46323E3AFE583D7CF39EBEB544A7BD24
:106450001204323E556F403EADC3BA3D4D7FAF3E54
:106460000DFFFC3D4FB49B3E80DE9A3E16CF093EA9
:10647000A053B3BD2142A6BCEEDAD3BDC1B032BE3B
:10648000BD4DBDBD19BF4F3E96CA4B3D288D913DB8
:106490003D25753D9D3E06BED90F13BDED2102BEC3
:1064A0007F1A0FBC1A4844BE31DE5BBE162380BC87
:1064B000EB072A3E4957C13D1F3AA8BEC2AD713C09
:1064C00074F78A3E5994183C7DE66B3D8D54A03D8F
:1064D000E479773DEB37573E2B72303E659BF83DB4
:1064E0007989133D495523BD64B4F3BDF7741CBECF
:1064F00061E970BDE293393CC4F83EBCB015DEBD25
:106500008E1731BD1CE267BD64B52BBEA0AB8C3DC0
:10651000BA8390BB930E22BE8223A23DB1CD89BC2B
:10652000AD16F9BD52478EBD9D709FBE6E2930BE1F
:10653000FF63CEBCB11552BC1DB2E2BD124D4FBEC1
:10654000BD0837BEE91A26BE09E33A3DB74E0A3DFB
:106550000A36413D8D51F03CEF4681BE59E50FBEF4
:10656000F1333A3DBDF5E63C303D64BDBA3431BE51
:10657000D22F08BDA581FBBDEDE4EE3C272C07BE64
:106580007B6054BE07AEB6BEBE665EBC30C4903DF6
:106590002B6344BDC2C15B3C7F573BBE6DD91DBE62
:1065A000576700BE9FC81BBD1226C23C30BE4DBE01
:1065B000D409C8BDDF9D81BCEF30193D13509A3D11
:1065C000B5ADEF3C1B968C3C9B75BBBDE717A13D61
:1065D0003F628E3B153D19BED58236BCF40240BDEC
:1065E000B855A3BDDD8D48BE452CEFBD4BD368BD6E
:1065F0001957603DF418EDBE9E5DC03D9B4831BE0D
:106600002B03923E0A5E88BD0A8CE73C12DE6F3C8B
:10661000F2D99ABDDA3589BDAFA2F93D9DF6DBBD51
:10662000A2EA113D88593ABDDA2218BC901B023EFD
:106630001BABB53DC295193E3490783EA294E8BBA1
:10664000656AD9BC257314BE2B7B3BBEE5FE2DBD10
:10665000987D8EBDE4C114BE4599DFBD11722B3DFE
:1066600056075D3EF8C7F1BE39673C3DFB1BB93AA2
:106670001AFC653B38ACBB3D1EC25ABE5DDEC53D53
:106680008598F5BD722379BE983124BD600F30BE68
:106690003B15033E806B04BD1F3532BE88E022BE31
:1066A0001F030D3E50DE963E38B1323EDECD643DD6
:1066B00077744CBD020A27BE95A2D23C9B8EB13D99
:1066C000DB752DBD28414FBD9070FBBD00C3373E2B
:1066D000CAA5523E9A4D8DBEBC062A3D4860173E63
:1066E000D660653D32B76C3E7D68923CD7C69FBE92
:1066F000AF9BB4BED64EA53BE3C281BD6F3360BE37
:10670000EFE4C73D245C993AB4113BBE6DD3633CC2
:1067100090CA1B3E83CC8D3CE404EDBC4BC202BE50
:10672000C1A78F3AB1A0AF3CD8E0913D7A61D73D87
:106730007683E93C7E74B1BD2F1A53BC974E493E17
:106740002C1FB73D88828C3D22779D3D868BD0BC27
:106750005164803D466C9ABCDEA6C0BD9F9FB2BE10
:106760001494EDBEAE1AC2BBA8ED883D4C4E81BD5F
:106770003F9115BD4E8EC6BCE35C87BD2850C7BD9A
:10678000170877BC7AD420BC050DEEBDCDD5DABD97
:10679000932913BE2B19EC3D8CD56B3D185643BC89
:1067A0002798D7BC4B6A203E3191193DECF74E3DFE
:1067B0006EF2583EEE3A2C3E24418DBEC41D253C5F
:1067C000EE576CBD87FF633D5B34003D4758353E57
:1067D000DDF49EBD15CE39BE47B35BBD1BAECD3CCF
:1067E000A8A4D0BC123310BD4D65DA3C5626013B3F
:1067F000502A2E3D5637CCBD2360F93BE9EAA5BDB2
:10680000B2F688BD1B4F173D9CECD33C4D8EA43D8A
:106810009A732BBBB19F8B3D98D87C3EC420563ECB
:10682000BC42AC3EAF61993DCDB5AF3C13D9013C04
:10683000DC410D3DE036883BE5054BBE8547843E97
:10684000CE0E263D176C6EBD3927E8BDBFB7873C1D
:10685000052C2C3EBED99FBCE123333E024A953C19
:10686000692F233C5FDC83BD1CD32FBBF9528D3ACB
:10687000C4C9EC3D7C0D673E752F483EB694C83DBB
:106880002900423DFDE3993E447A153E3086A03E04
:10689000A008853EE85BE73D4612A53D2C3BE73C62
:1068A00042C6BBBCBC4885BDCE04A9BCAF08693D8F
:1068B00003772DBD94C5C4BD3BF433BE1D0CB83D5C
:1068C000B0E1D03DEAB2C8BCA5E9FB3D1995213D38
:1068D000AF7F8C3CC6028C3DBF4343BE05DCDABDB6
:1068E000C4D6DB3D76FF01BE46A4253E637A173E43
:1068F00064B93F3E372FCBBD0A653F3E9733843E98
:10690000B667CDBC373D03BE054385BD6D7BA93D54
:10691000C7FF1BBDF069CFBB106BD63D69C60C3EEF
:106920000726E0BDEAD63DBE554913BE63A3D03D60
:106930003CF623BE4B4D85BD92B044BC18CBC73D41
:1069400010C7D2BE471EC0BD2AFA27BE541ADEBDEC
:106950007214193ED32A653EA986913E4B6C3C3E8B
:106960004D3B603EA09D8C3E1B67AB3EA2E0203FAE
:106970008BB2E43E7B54D53DB3F15ABC406E7FBB35
:106980002E7B2B3D95EC2FBDEA358FBD22B40B3D00
:1069900006C05D3E9BD44F3E3A411A3D0E03193D61
:1069A0008E49943DEBE8CE3D35250CBED1C3D83D94
:1069B00000B8A03EDA2FB13D3D40EC3DD72A96BD50
:1069C0009F2A9D3D5AFB773EAE431D3EB0327E3D31
:1069D0008328973E6984353E62331D3EB473B03DD3
:1069E0008E9EDBBBFFC3F7BCE8020F3D6C387FBD5A
:1069F00006D5DCBC8ABCAABDEC7783BD051B923DE5
:106A00000A82C9BD8A04F2BCC7D4323E0A69393E43
:106A1000287A053E19BC96BD448B863CE5F9203C9E
:106A2000557DBB3D5B577D3DAD725BBED3FCCF3D1D
:106A30009BC0923DA2F416BE1FDD623ECDB2BD3DAD
:106A40002C438BBD88AF07BEA75123BDEB0E30BED4
:106A50007C2550BD70DED7BB4E6F86BD103792BB14
:106A6000E8BC26BC109AC2BC8006D13C8F3C953D48
:106A7000F8DB2FBD6EBDC8BC8CB2BC3C5128A7BD95
:106A800034AC143DA64A553DB08573BD58DB183C67
:106A900096BCEABD55FFEEBD231095BC7183AA3BA1
:106AA00057AFAB3DFF4B41BDD58F933D40976ABC7F
:106AB000FB1488BDA407DF3C5C95FDBC40B316BB4E
:106AC000540A973CE438163D29AD943D5072F8BB0A
:106AD0009731933D183F21BC1CCA11BD962A83BD36
:106AE000F728A3BDA051AFBC709602BEC1A237BEAD
:106AF000062A0BBE6AF7EFBDCAAE55BE756463BE0B
:106B000088332ABE185018BE72938CBEFD21EABD90
:106B100007830F3E8363853C9637A2BD04DA55BEDA
:106B2000BD8B16BE658EACBDD9E354BEB3CC00BEE2
:106B300050C58A3C3581A4BDB14A11BDFADA72BD97
:106B40001089A8BC68B0BDBC009AB9BD391FA63D6C
:106B5000F4D516BE207E3EBE49542ABD6C87F3BDD7
:106B6000311028BE95FDCEBE45A5CDBE443410BF24
:106B70001B3A28BE314EDFBD81CBAABE4968BDBEDF
:106B8000EBD0E2BC1067BBBCA95944BE99692ABED0
:106B90004DA598BDB1D8503DC9078F3DF90A903D2C
:106BA00052A17ABE88BF9A3C4E34E6BC1071C9BB74
:106BB00086735D3DE862A63CDB628BBB0B3B893D87
:106BC000CB99BC3C3C7FAEBD3E55B3BEDAB45ABE99
:106BD0003CB2FF3D18B273BD54AD4B3E78598C3C6E
:106BE0002302153EABC7D93D3234053E7A8B4F3B6D
:106BF00024B9CC3D98151EBEC79A5DBE8EE9C43C33
:106C000064D85C3E33E411BE4574E3BD8C40A03CC7
:106C100017DD813EE7C647BDC35F41BD4301A03DCF
:106C200026F77A3DC8C828BC2CACCE3D66FE8A3E0D
:106C3000A365B2BC86AC1ABE606606BE0857133C9C
:106C4000B868D3BDC51BA3BD47188F3CDFD7753EC1
:106C5000E9FB023E0AAFA43CC31B1DBED0A95FBD29
:106C60004B0F88BDEDC4C63C5781A93DB0170ABE85
:106C7000132242BCB498A93DCC448FBB502D59BEC1
:106C80001B33463EBECAE5BDEDA6FE3CBE52D1BC9E
:106C90005892FA3C833D813D0452AABD9606003EBF
:106CA000D8AEEBBD79798B3D49849ABD7C9C3D3D46
:106CB000344CCB3DCB8FC33DE6A1693DFB6D513ECE
:106CC00070DDCEBCC534E1BD0EAC3FBE9CF451BE00
:106CD000D5DBB1BD3685A8BD7C25EB3DFF565BBB42
:106CE000F65D1039869312BEAD526CBE255D7ABE3C
:106CF000736DE7BDD8E756BE8FF6913D2ABC833E43
:106D0000B082F53B7150313DB3161A3E50F6923CBD
:106D10003741363D13082F3D03EF483E7763233D4F
:106D200050F16E3E6EE6393E82782E3EC0C3203E64
:106D3000E889C2BC358F293D8F62B73D260C513D95
:106D40006390D5BD7F372CBD12348CBD9C7602BEBE
:106D50000C5EACBC4F3CDC3DA82ECF3D8BD9CC3C6F
:106D6000F581A43EB0F5743E2B6A7B3EE1DAAD3E80
:106D7000603C0DBDDE65FD3DC582A83EEA4CCA3DC6
:106D8000A5DE8D3DE3D0623DAB4D893EF8C4093EA2
:106D90005D75293E4C9F183E5DDC623C3407CE3D5C
:106DA000709D753E972E2E3E75FCC83DB8FD123E77
:106DB000F3E03B3D0C80253ED4375ABD256BA33C08
:106DC0004CC133BD0B8AE0BD8E6487BDB486D63D11
:106DD000301CCE3E6A6DBB3EC466413E383F3D3DF1
:106DE000CC9F88BD4C014F3E9F905F3E8572A73C73
:106DF000E4C63EBD2E01173E209FBB3D46E5293E21
:106E0000A2B3F23D82BA9A3C1C46B53C4A5F663E4C
:106E1000A62D353E2252E73DDB50403E4064A43D66
:106E20005EFE943D02CCF53C8BBA1A3E104C4BBD35
:106E30008C560A3DF7D7F1BD2904A5BDCEA335BDBB
:106E40006D78703ECC06633EC89F46BCA2B3993DA8
:106E5000D4DDCEBCEF41833ED2D90E3E2405133D96
:106E6000AEFD3E3E3DF5DF3C50B82D3E7DE9FB3C9E
:106E7000FD688A3DF769A4BDDC08E23D369BBD3D57
:106E8000BE1EF33D6FFEF63DBCE76B3E1FF08C3E31
:106E90001C3EA43E04B4913E84AA7B3ED0E6673DEE
:106EA0007E657EBE4152BEBD43412F3D12AC95BDB5
:106EB00081A0C53D63FFFB3C72CF23BE0EC07C3B6F
:106EC00027D18ABC6E9B923DF8B6CBBD97827A3EA5
:106ED0002FFBDD3D9C4857BD4538003EDE108E3D02
:106EE000F24341BDD9AE253C379A4A3DFD00183EDC
:106EF0003DC739BD9744DD3DB2A1263EBFCF553ECB
:106F0000722CDD3ED69E6D3E1A72493DE6A3D5BC7D
:106F100056EA60BD92604EBEE2EAD6BCD03AA4BE4C
:106F20004D7DC1BEC912683E357B3FBE81F3483DF1
:106F30000AF0A23DB032923D8409B03E3EE6C43D27
:106F40004FB34C3D95C81D3D1C71DF3C753F1DBEC8
:106F5000C506C53A13C665BD9E13B73D6F5C8A3C36
:106F6000EDD0BB3D26FCE23DCF73943CF867563E26
:106F7000227BC13D0892463E8C1D8DBCF852EEBD71
:106F80008B0723BE38A093BEC4BD35BD83C5AABE42
:106F9000518FCCBE1BE6583E1073F8BD9AE9A7BDD1
:106FA00022DFD23D108FAEBD93014A3EF6B92B3D94
:106FB0002341C1BCBB1AFF3D3D0CB03D45E0B1BD16
:106FC000649F83BC1F6AE5BD6D776CBCE3C75E3C04
:106FD00059F37FBD67C78DBCFFCEB2BC732E653D34
:106FE000CD38D33CA679063D6C81813DDE7E323DB5
:106FF000D0B87A3C3C3B5ABEF52F8EBEEA9166BEB5
:10700000E7CE06BFA499E1BC60FA3ABE3C4286BE18
:10701000974241BC8BF30EBE120B943D2A89B83DBA
:10702000F49C253E15CE04BEFD4A09BE233505BDA0
:10703000421D28BE90AF6BBE8B36E6BD00D33E3DF1
:10704000CC7A873DDD7244BD0455BFBC611D4BBD8C
:1070500073480ABDE3A8AA3D8983CA3DC6481CBE41
:107060002C1A2DBD201337BD1E96CEBE9D72D1BEEB
:107070000E2704BF75BE84BEB4F99DBE001466BE63
:10708000D45682BEF4DBDA3D43CA433EA726863E91
:107090000C26063E0C028F3C3B58C2BDD1FABDBB4C
:1070A0006217C2BD5F6F56BE44B46FBE6BE21BBDBC
:1070B0001921D0BCA44ABDBD76CB00BE3996AB3DEC
:1070C000681C0CBE4EBB823D35B00B3E8B8789BD24
:1070D0009694E83CAAC406BD11E337BE1F99D3BD00
:1070E00073D1993D281605BEDA9E94BEFEB709BE3F
:1070F00086E73CBE052A953DD88289BC552C55BCF7
:107100004AD6503E54C00F3EB9B18C3D261204BE43
:1071100064E1ECBDE40B0DBE198093BD023729BEBE
:10712000C81C73BE134C92BE899CEBBD5FC2C2BB30
:107130009FAC67BD9A8B86BB90D7F73DAE830F3E61
:107140009770303E34B8B43CC37D563CB68AA43EFA
:1071500013ABAB3EDE3C85BE4C1CA53D328647BE24
:10716000868D44BDF6E04C3E6F1BC53D6125B43CA9
:10717000FF136C3EC520643E1C2DFB3CDCC968BD82
:107180004C68B53DEFD606BE062AAFBDDE7ECBBD50
:10719000A93A21BDB83467BD2F2120BE437A08BD6E
:1071A000695245BE649B043E980A573ECB1A2E3E58
:1071B000BC31D43DF267903CD213AE3D19FA8E3DFE
:1071C000C922113E706B4CBFAA445BBECFA25BBC10
:1071D0009B9C05BDAE5D113EE43452BCCEFDA43D8A
:1071E000B1545A3EBEEE8E3E6F73E23D8BC9343EC3
:1071F000755E6C3E0DCF243EB8F4103E147E1EBD6D
:107200006C78C83D33ECD8BCB9ADCDBD22D864BDD7
:10721000CC65B9BD6BA4483E80CB293E25EF2A3E04
:10722000951AE03DEB2DEDBDD4303CBD1992A93D42
:1072300092C9DC3D9C28CABE4CD67A3EC3FDCEBD69
:1072400001D5023E2FA11C3C1EDD1F3ED339E33D7C
:10725000D37B823D9CB50F3E9A7B403E2D09B23DCB
:10726000890AA13DD00C013DD024753ED1A0773EC6
:107270004BDD003E4EBEC4BD787ABABD3CC717BEDA
:10728000A37224BDEB6DDF3D7AF946BD260A3E3E72
:10729000376D753EF2F786BCA6FAB5BD0E5567BDD3
:1072A000211CA9BD714ED2BEB2098C3EEE78F0BE53
:1072B000C6B82DBDBF2C573E0695EB3D7E1B33BD9A
:1072C000FB69CBBD5202C13C3BEF4ABD2D52D8BD3C
:1072D00029C28B3C89098DBC94628A3C569D0FBDA6
:1072E000B465B83D53419CBDC17703BE569CDCBD1F
:1072F000A25834BD93A7BF3DDDDE27BC4840263EE3
:10730000B7A4BC3D3A4981BB013D2DBE6D36A2BD3F
:107310007135713E6F9C0ABF40E5B8BDF171A3BEE7
:10732000C0EB6EBDE5885E3EFA3BE0BDD2D855BEEF
:10733000136B1DBE8F28933C2BA401BD3AC393BD94
:107340006F24BC3C78CA78BEA0ACCABDCF4285BE13
:107350003A7436BEF8991EBEDA44903CD94592BDC7
:107360005388BE3C1AB2C73D1A6B0A3DFA3BCE3D6C
:107370004ECAD83D1D69F43B3D38E4BD1E43F33D84
:10738000D037213EB2009FBBA1872CBE5806BC3D22
:107390003803EBBD3984CB3D4C01FDBDAE725EBE02
:1073A00010A223BEEAAAB1BD7E4B33BC7234D93CD5
:1073B0006354E2BCCCEA60BE8E2E2BBE55878DBDD9
:1073C000092B73BE2297EFBD0ADD12BE0024453B98
:1073D00084FA463EE574533D3AC1723DA6EBF03D5A
:1073E00009CAD3BBD7E4F03DEFE251BE9DF015BE14
:1073F000C92BB63C08B6573E4003A2BE49C909BDD9
:107400006722263DFE1C823D240EE83BEC2796BBFE
:10741000C480473EFC397ABC24F6CDBD572269BDF5
:10742000EAA30CBE45188FBEC3ACC9BDC49A87BEC3
:10743000F73FF1BD159E20BEDDA668BBACD33F3D36
:10744000085C973D51C8143E49CDD53DEAB1B2BC68
:10745000EBF912BDD8C44FBEDCA0CDBC2B176FBD5D
:107460003BC6233EB9CE003EB893753D169C19BD70
:107470009AB8273D028002BDF6F703BDBB1A153E40
:10748000354F81BDB14E8E3E92479C3D90D629BE70
:1074900062AC0ABEE14DC1BE99FE5EBECABC313DC2
:1074A00055A491BD2BD0C9BDEDCEA3BD7C3CA8BCDD
:1074B000BE5B303E0C1EAB3DB3B19F3B8DE148BE81
:1074C000E70E74BDE7DE9EBDC31A61BCA6B4403EA4
:1074D000746EAD3E285E043EBB7D05BDF4979A3CBC
:1074E0007FA8953D7881033DFD94813EAE1A6D3EA7
:1074F000B217B13E77A91A3EAABC783D02975A3E10
:10750000CBC3313CE22D80BE171524BEE0FC7E3C8F
:107510008186043DD2127A3ED381293E840A233EDD
:107520001CE7A8BD6D988C3D292319BD5C11CF3C8B
:107530007B109B3DE744C8BC14FA983E49A0C63E68
:107540008A1122BE56CB1EBECAE305BE7218603D2C
:10755000845628BDC8EF7ABD2712413ED95FB63B9D
:10756000E572BA3E99770A3FBAE711BDDE19693E66
:107570004F68803EEB88D33DF08B6E3E6C36013E0B
:107580005D83233EEEC2503ECFBD763D2B59103D6C
:10759000E54D833EF609FB3DC2E2673E17AEB03EC5
:1075A0003229733E3511883EF41B593E34807C3EAF
:1075B000A1504C3E972AAF3D16EC02BEE826053D91
:1075C000B3A163BDFCD9CEBC5A3969BD416BBF3D87
:1075D0009CA9093CB2B2A83EC8A79B3EE34C393EE9
:1075E0008E8FDB3C73D8663E5E75C43E06D58D3EFD
:1075F000508FC13E8C2C2F3FA9B8263F10C1FB3DB8
:10760000ABCEB23EDA00B03E4315953E9345003F07
:10761000C7100D3F5FB0EA3E68EBBE3E27CA373E5B
:10762000FEBAC83D2E8697BDF6C0ABBD776C943DC3
:10763000D67747BD068B413DC062C2BB5D4F933DCF
:10764000EC5256BD03460DBC95CF0D3E769B6D3E6C
:10765000DA1E8E3E76ECA93DCF70603E450D0A3EA7
:10766000C6803A3E21D0673EE5C5A43EA38B523E7C
:10767000D99C5F3EEF11803E9B2F983ED89F0D3DD9
:10768000D56ACA3D0F67D93DA23F693EFDD2A43DF0
:10769000D830B03CB2FF0F3DC80ADD3C20B3803C7F
:1076A00000F04D39188E54BC68AF82BD44917FBD47
:1076B00000B0103800E78E39B6D88FBD773F2EBDA9
:1076C000AF209C3DE46BAFBC12592ABD3513943DED
:1076D000B370843C7E339B3B8760603C0520A7BC35
:1076E0002ADE653DD119A53DD7508DBDF8B8423C85
:1076F0003F6323BDFC3936BD3A2967BDEAB981BD78
:107700005AE62B3D608BE33B477691BDA9936EBD56
:1077100080E0373B88C60D3D270F77BD36583D3D8D
:107720008F56613D776FC23D8AC8EA3D499861BB7B
:107730007949FF3D1D45EF3DE33BE3BADE2EBA3DFF
:10774000F384273E5BBE323E0D4C18BD30DE90BD4B
:10775000BCE532BE8B7F07BEB2484F3E9B4C963E87
:107760003528CE3E626DA83EA6CAB73D2647873D66
:1077700032BD24BD7745973DCA4FBCBC94D4D83C9C
:10778000190431BDF9AC983DD56CCB3D7B6FCCBCB9
:107790002856093EA46F4A3E3F69803D9A9A6C3E46
:1077A0009D2CF93D760FBE3DF82FEF3DC749BF3EFA
:1077B000BC2E383EE4751C3EE6E75F3E5B92033E1E
:1077C00080271EBC6EE87A3E6AFA6F3E59E9953B07
:1077D000980A0F3ED683713E37C0603EFE30A73D0B
:1077E000CD00D2BDA716CFBDE51E79BD968E7ABD60
:1077F00000E06E38F45A183DB6CB453A2545AD3D0C
:107800000A58AA3D58B4F73D7554AB3E36DCE23E0B
:10781000E3F9853E8E592BBEB228DEBD82C6163DE9
:107820008D8F40BEE844FCBDCEB92BBEC3E859BE27
:107830000F5CF7BDA29DFABB3A7D68BD78DA3EBD0C
:10784000E01C58BD7DCB263E9F9B013EFF1C3B3E6E
:107850009F0910BEB2F694BD7B7C0D3E4252493D5D
:107860001E438DBDC8325E3D430D873E25638F3E6E
:107870005A53123E687512BD9EB755BE0A4E90BE51
:1078800080EA2ABEF12590BD9238233E5593A7BDCC
:10789000E26A49BE8D4D3EBE7CDD04BDCE33EBBBFE
:1078A000E7B81C3EA8A2C13D5A774B3E93B08E3E2E
:1078B00072B5013E7ACF63BC18D982BD058E673C94
:1078C00050737B3E459D7B3E3D958E3E2B812D3EEC
:1078D000DA5D9BBDD41792BC99DB993D46B9653EF4
:1078E000C120E5BC63B6B0BE23BC23BED91B2B3E72
:1078F00072460A3DF4433CBCC048E0BCF969163E00
:10790000844D813EDEDBFC3DC73A133E757AC6BD31
:107910003CDCBF3BB1FFC33D65230FBE9F01F03D83
:10792000E22B313E701B26BD3D09BEBD35BBE1BD1E
:1079300016A25E3E1ED6BD3E01C3A53ED6748D3D49
:1079400008B467BCE2E9963DC84F1EBDC780303E13
:1079500037446B3E379A79BED22A30BDCFDAB23D7A
:107960003C89A53C118CC23D98692C3C12D49C3DAD
:1079700068293A3DDB772F3D73A166BC8113B33D87
:10798000ED453C3DD279113C3D90D7BD8E336F3AE9
:107990001192B1BD0811B1BCFB2A41BD74BB343E8C
:1079A0009F18423ED7B17E3E3D6FD33D4312263EE7
:1079B000BC7DA53DDDC902BE81650ABDCBCFB73D0B
:1079C00081BB473E8872DC3B0FF448BEEBAAC7BCC4
:1079D00090C6DE3CB400DC3C36AB12BDF0CBC93DFA
:1079E0000CDE44BD682067BDDCA708BE5863983D27
:1079F000EC2CF6BB877C63BED81B65BD1788BE3CEC
:107A0000CFF69BBDC67B82BC021B68BDBE691D3D17
:107A100036B4533D02B3393E945A3E3E7FFD1F3E7D
:107A20002FB1753CD2F4ECBD6CBA513E8C96313E10
:107A3000D7FA79BD9B8182BE020578BD80B00CBEAD
:107A40008275F03CB41DAC3D453E903CCEB1A93DA5
:107A50002A9A963D8A29C73D45D3C0BD669948BD3F
:107A60008A38293D6E6B38BE9826D6BDAB66B53DCB
:107A7000ED1DD6BDB5509D3D955D50BCB59E4E3DAE
:107A8000456B14BE90F6F63D43CD8F3E9814093EEB
:107A90002EF3D3BD4E5AEFBD9525063EA00DD13D28
:107AA0008A0541BE9E9A96BEED404D3ED7909F3DC1
:107AB000920DAA3DB229093E962990BD850AA9BB1F
:107AC000E8B7213E1AB415BD5B23BCBDF50C1CBD47
:107AD000AE9E23BC181174BDDB0A2CBE50271E3D80
:107AE0004E20DE3D03AB963CDC85DCBC0EB8793E17
:107AF000BC4D0C3E1C6A553E6372883C055879BEED
:107B0000241D7E3CADFF76BD459512BE28A1263EC4
:107B10007AF307BE3C4095BECB7C813D310A20BD47
:107B20004FAA043E02DFA83DE267383D79B72DBD7C
:107B30002F183A3EA3CD593BE427C8BD39E76FBEA5
:107B4000B97548BED8E0B8BD98CA0DBDA5CDAABCD0
:107B5000EF6E533DC1E862BE28F0CA3C241AC03E15
:107B60001C9A8E3B9C2D25BE17CF0CBE1421A5BEA2
:107B70004D162CBC69AEC3BD1B59A0BE93EA10BE06
:107B8000E3225ABE3A8409BD4F334A3DEC0BE23D35
:107B90003C95A83C20F2093E276D19BDB58A9B3A59
:107BA000B6B7D33D6D17013D8B18ACBDA9C757BE05
:107BB00030CA16BE78AD53BE731920BEECD3343D27
:107BC00081AB923CE035DFBBF693253D6138D83C74
:107BD00058D5C33D79343D3CD2B6AA3E03A099BEE8
:107BE000F6C680BD59B60FBD06135ABEAECD7FBED8
:107BF000CDC79FBEDEEFCC3D5BA8A93DE6CC023DE4
:107C0000EB83C7BD1C0C853D7019F73D1E38D63D72
:107C1000CB6ABB3D2F3DE03DD6A3A13C732F0FBEE9
:107C2000EAF68BBD4857463D07A544BED170403C9F
:107C30002761DD3DE0A9CA3DB74D2C3E966C823EE2
:107C40005AF1993EDAC188BD4DBE94BE6F9BD5BE38
:107C5000C6E280BD1993A5BD95E58FBDD807D2BEFC
:107C60002FB37BBE06DEC5BD38CDA93D0B8B32BD23
:107C70001B293B3E2872373E64210B3E9D651D3D0E
:107C80005531CC3CC440E43CB3CF293DFA1BCA3D3E
:107C90005D229E3DDA8E57BB013ED53B2F5B9B3D5F
:107CA000A88517BEB23482BD940C033D490BCF3C6E
:107CB000FB0D3A3D805415BE8CC460BEDEEFEDBDB9
:107CC000029F80BD8957D73DAD8FA3BDC26F99BEBE
:107CD000F40E94BEC6994DBE39F992BEFC5832BE20
:107CE0009586233EE3EE513E1C54CC3C95BD9D3D14
:107CF00031ED023EE5D8E33D3F232B3E588C3B3E21
:107D00003386A83DF96C433D170EFBBB95999ABD90
:107D1000E1615ABE37C526BE6258A7BD2C9EFDBD87
:107D20000C1C06BEFACD75BC1F20CEBE19767ABDDE
:107D3000E054EEBD1E19823D91FC323EA9B61D3DB8
:107D4000A55050BE367B67BE490C65BEC7FAC5BD9F
:107D500057F3673DD9B8B43C1A48953DE4C2903D0D
:107D60003E4BAF3D1965073E1305823E2511A93DE7
:107D7000B5D6D23D19BBAC3CEEFF03BE28AC1EBD50
:107D800063D3EFBD02ED09BEFE40AF3C54E618BD23
:107D90007EBB5DBEB979233D3B320B3EDEBC8BBD65
:107DA000B37193BDD3A7DD3D5D512A3ED591C6BDCC
:107DB000231AC0BE040C9CBE057664BE1ADE8DBDBF
:107DC00072CA343C2F237A3D94A0F03CC59C3A3EC5
:107DD000BB07C83D2C80963D7BE2D83CF1D5FC3DED
:107DE0006B6CB8BB9AC167BB3E3177BDEBBC96BD2F
:107DF000F708A5BEFB2DF4BDDD12483DE3A5AC3C64
:107E00009DFEC4BD031C033DDB9209BECE30133D75
:107E1000D63647BD6488F13D9D9AED3DFBE556BDE4
:107E20003BCFB4BE370EA7BE24BF20BE2A4C8D3D2B
:107E3000E398C83DC3A900BE0B5AE83C0110D13CF1
:107E4000FCAF353DBCD6EF3C84D7153CC8AC76BD05
:107E500028C7BD3DF06A43BDD07DC6BD800399BD36
:107E600025AFE5BDA49A103D6A33333DCF5A353E68
:107E7000819BE3BDB25D30BE80D415BE9F06EC3D54
:107E80007B621FBEEDE28D3DDEBD153D0C3ED2BCDA
:107E9000B610ECBDC6CF6ABE919C60BDBF400E3D22
:107EA0007DCBE53D136C213D273EF53D51D38C3D07
:107EB0001BC0803DAD5BE23DFFE9653DF2A3873D20
:107EC00032535A3A4E2BE4BC5F3D6EBD448DC63DE5
:107ED000C5A23B3D3BE89B3D76A8B83DDA43343D27
:107EE00019625ABEA17D32BEF02DCDBE83BC9BBEB1
:107EF0003F78143D8FFA54BDE8AEFEBCA3B5563EA4
:107F000003AD5EBC2092B6BD8CD135BECF493EBD1F
:107F10007918BA3D1A3F943D470DF43D755D0DBE8D
:107F2000CC97E1BDDCF511BE50921BBE91E49F3DA4
:107F300079159FBC91DD22BD20E180BD429AAF3D05
:107F40007A465E3CB1BED93B37C1AABCA40E403DC7
:107F500029BCC4BD7E6B1ABEEF3031BE811193BE09
:107F6000E0A29CBDD40543BD7CEDD2BC2E6C2F3E5F
:107F700082CF303D7C160DBEE16C12BEE594203DF3
:107F80008FF7DD3C7682D43D851BF7BC3D90A3BDC9
:107F9000491833BEA4C536BE824420BE3DF37CBB27
:107FA000357C6EBDFB34B43CBB2E283EE9302F3E01
:107FB0002912553E0F39223E00ED9BBD769AEB3DCE
:107FC000A75B85BE939A17BEF39C8FBDB4247F3DFB
:107FD00072AF73BD04C1563E3BAC6C3E4F13273E9F
:107FE000D068233DAAA44ABEAB57F7BDF003083DB5
:107FF0009D77D43DE4D9EABC44FEA2BD78B2C4BDAD
:10800000E037D9BD679640BE58F4BF3DB3552E3D0D
:10801000978EE0BC73D99C3DFDEA013EC5F4E23D7C
:1080200016919EBDCD3954BE0747D8BC564B09BEEC
:1080300086A4B3BE310962BEAD5288BE71CFA53DE4
:10804000167DAABBF3E8BFBAA0DEBEBCB21CD3BD8E
:10805000E121FB3DF1CC4CBEC0DD1CBE5B2F5BBD06
:1080600034D215BE241CB9BD0E0E25BEDCFE9DBD4E
:10807000249020BCDBB1F33DAD699D3D58F36C3DD0
:108080003670D23DE505673DF5AB0C3E4EEE87BD43
:10809000621AF5BDF088F9BDF49B39BDBD3F37BE0E
:1080A0006E22E83D4D3F1A3E72D5CD3D10715DBD4B
:1080B000854A98BDB0B78ABCE4F240BD14BC66BC2A
:1080C00022475C3D35A7923D7DA6AFBDDAF706BEDF
:1080D000F0D66FBC584044BD0B08213D09D5243D66
:1080E0002950BD3D782F573E486E683D9DB10D3EED
:1080F00049FC133ECC9A033EBD7C033E294EA7BDEE
:10810000CED827BECCB70DBD7841863D3A4C4F3E08
:10811000A5756E3D51B9DB3C79ACE33C70D0F33BC7
:108120004032AF3B14E0B43C4838893CA12B453E7B
:108130006622653E623D0ABE60C8F53DF0A0BB3DCB
:10814000BD33153E6A042F3DB370093E8A36513E59
:108150004060223E1916463EC52F323E3570833DA3
:10816000DC717B3E2C9651BD35B1E73C806D42BE43
:1081700085C2BFB9C0CC053E863A3C3E4E41393E31
:108180004FA2D2BE1BB744BE9F13A8BD7E3245BDD1
:108190003A8D4BBD0F6887BD0A98393E39CCB1BEC8
:1081A000CF0081BE19DD55BD3B1A3C3DFEA53F3ECB
:1081B0009AC8513EC285473ECCD8973E757CC7BD14
:1081C000CB196F3D4734133E4097C63D7663D53D8E
:1081D000C9B7363E0D255A3E028EC3BDEB2C403C3E
:1081E0008D41A5BD5CC2D53DF46EB4BD14A222BEC6
:1081F00011E602BEC2EC1EBD49B11BBE941AC83CBA
:10820000CE0A043D1B38A23DAF02813DEC57E23D52
:1082100045D64F3E2432163EC4D1C7BC807E0B3CAF
:1082200019E4AF3CC1421FBCD736973C9719113DAA
:10823000AB0E163EEFE95FBBD6243B3E290299BD4B
:10824000BD67DB3D5959B83E1D8BB73E764650BEE3
:10825000996E9DBD05653D3C6B02ACBCD0F38E3E76
:10826000499A733E39EC85BD3E511FBD470DA9BDEE
:1082700023578A3D81FA923D2B5DA8BDABA2A33D59
:10828000AA5700BDF4DF96BDAC33E13D75BA2C3D75
:10829000DE07283E529A4FBD4A97CABD5090A83D6E
:1082A000B14CE93D07FDA63D79EF98BE79B4A93BF5
:1082B00017DC153DA53183BE9CA4B73D05B6903EA5
:1082C000A0F587BDA39FA2BD0DE771BE343297BD57
:1082D0006C5B81BD29D18F3DEEA72D3D1A96FBBC6D
:1082E0000AC7793D405445BC839B963D189085BD97
:1082F000CB2C08BD645873BD8E47393D605F93BC7D
:10830000E46AAB3C8C1FF6BC22961C3D2B849BBDC3
:10831000EF66EABC172930BD7FDF0ABE97BE66BC98
:108320001818ED3CD80A90BD7A1960BDBC020EBD8C
:1083300050377C3C5D33863D20D7563CEE2605BD4C
:108340008459B13C6AC938BDFEB43F3DB8F351BD54
:10835000CC6C103D2531953D703F193C496F9C3DDB
:10836000D1AE3E3D25E709BD72187CBDF766B9BDAB
:1083700066B8CEBD09B9553B951F16BC3CC2E7BDDA
:10838000F0E197BD4C6B16BE697565BEFF3C00BC45
:10839000103735BC0E8DC1BC61D548BED12650BE4C
:1083A000C5C5CABEB77FE3BDF4AE1BBD20E18FBD1E
:1083B0009B01963D992C8F3D3CB0C3BC354C68BDAC
:1083C0005A26213DF573883DFF52DCBB8053563E53
:1083D000145BB8BDC52C2DBD142537BDEB94BEBDB7
:1083E000941E53BEF6CDD8BE5E7825BF84BA30BF8A
:1083F000C35005BE8D6F8ABE71E0BCBE3920E8BE99
:1084000099329DBEE0982FBE89A66EBE0C9581BEA6
:1084100025DC6FBE6BDA44BE4D0F05BED4770BBEB4
:108420004B9592BE1F5B18BEA09CADBB8F87A7BDAE
:108430003078CEBBDACB31BD7EFCCC3B5C5E6E3E91
:10844000AE3BB7BDF64864BE3E9BA1BE67643DBE71
:108450001CC2BFBB54415DBE7EA033BE3DBEBEBD8F
:10846000FDCAF7BDEC166DBDCF739D3DFB21943D5C
:10847000014ED53D7A81A93D367DF5BDAE110EBECA
:1084800025EA6D3C2A98A93D16A4FDBD22CC59BD14
:1084900007F88EBD5B27523EA8F2923D432A0DBDE0
:1084A000C092A3BCECFBC8BB0337073E2BF6723E61
:1084B000C2F267BD61B2B1BEE448C6BE579595BC75
:1084C000451628BE3D7DD9BDA44649BEF2F4A73D60
:1084D00028368D3D6B30753D62DA8E3BD0D0D03C76
:1084E000A65DA8BCDE02F4BB8CD0BD3DE7B70BBED9
:1084F0008D8FA4BD6A8D093E9AADB13E857F76BD54
:108500003332833ED7DCC83D0F0548BECA393DBD76
:10851000A5A38E3DB5EFA03D03B594BE00CB34BE00
:10852000961C85BE887C62BC19F9BD3C5E37233C35
:10853000A9D3883D8F1F453EEFDEC63D0F483C3E28
:10854000F5997F3DCC48D03D567DB13DDB96C2BC10
:10855000FBFD76BD70BB28BE6CAB4EBC738F61BE9D
:108560009C1F16BE1D1A2CBE60792BBD6C96B0BE2A
:10857000B23691BEDAFF57BE7F204BBEF7FD8F3D6E
:10858000803D8D3B7959D6BD984BDF3EAF0A4ABE40
:1085900091C9CFBDC4FC7E3EDBD0273D2D8EE73D8B
:1085A000AFE94C3E2661F53DE3107FBD2139943D96
:1085B00006CDCE3D477F9B3D4A523E3C63791BBD75
:1085C000025AEB3D04046D3D832B103D1023C63C45
:1085D00023A1D9BD33BBE83D3AC8303C882E33BD1A
:1085E0008B2816BDBE6AC9BE2D4C0FBD892451BE55
:1085F0004A2E69BD52EF043E62FFA33EC6617ABCBB
:1086000089B35FBE4BE36A3C749A083E0986FB3C23
:108610009D03773DEAC6013E5155E83D0357DFBC57
:10862000CB308D3DBFC15E3DD8F0A2BD421D903D17
:10863000DBB98A3D249D343EF46A233E0BF3E93DC9
:1086400044F0263E9BD8973C33021C3E2C3FD63E3E
:108650001A598D3EFEA88CBC87590DBE14751FBEDD
:10866000C826EABCABF4853E8093873EBEE59BBD41
:108670008109E3BC32E91D3D5ED7143EBE53603D27
:108680007073CA3D5BBDCB3DC1CEA43D94499BBC3C
:108690001D83343E405D823D6485863DE95F833EB7
:1086A000F2452A3E6A6919BB6E2A473E723E343C47
:1086B000572C0D3DE31A163D4E554A3E41BCF4BBC6
:1086C000EED8CE3E5530A63E3189E8BC0854DEBD1A
:1086D0009AB4A63D2900923EF838133D17C6913D45
:1086E000EC50DD3DF77ECC3C9088B43DF70B153A5D
:1086F00074AF313D7759FE3DA97A653D8AA6083EA3
:108700009A950B3E3B764E3EC363673E14AE1D3ECC
:10871000891FAE3C7E5EDA3DEF322D3E1423DDBC78
:108720006FECF63D4A57193E1EF59E3DEE50143C47
:10873000923C2B3EC254073E8C4A88BD3EF75B3EBE
:10874000D79E0D3E8AF6B73D3594893EC4512A3DE9
:108750006B8D123DCDFF473D2AB0723D4111453D25
:1087600041E3423DB2261F3E864A9A3D6C09953D43
:108770000C92873D78151D3EB6E0313E1988693E62
:10878000BBBA4F3EAC12083E9C793E3D89F18D3D0F
:108790000BD7383E5966743D1CA91C3EAD7504BE0E
:1087A0006AB4BA3DA2C8403EE98AD9BD83266D3E6F
:1087B00062A8133EA56DD13C4442D03EC560AD3D9C
:1087C0004973B3BC2F842CBD601B083E202C363E61
:1087D000AF85C53DAEC30C3E4A7D123E2227D93D32
:1087E0006C7D013E7A6A1C3E2AE6A23C6D77D43D40
:1087F0001D40DA3C64AE633ECD39333D3DC3AEBC73
:10880000FE9CC63D2A8EB03D420B973DF3F3A5BCBE
:10881000BA0FB63D1CCDADBE55E067BDE8C6143EEF
:108820007B46A83A1CC32F3D3FE6663EF901F33C68
:10883000FCAEA2BCEA6A333D35AD2CBD79883ABDA9
:10884000F456953D75EC86BDB0E1713DF2B12D3D1C
:10885000C61C663DFE13D33D2C7D58BD5D92503E37
:1088600023F91E3E205D0E3DBD6D723E8B9D6D3D1C
:108870002C4DD33D3C40333E81E9103CF1BE373CAA
:1088800007FEDABD23E71DBE9AFD8CBC3740B63D1E
:10889000025051BED11C883AE4DD903E142565BCDF
:1088A000191F913E296C8D3D4F300ABDDAA0AE3CB8
:1088B000B807093DA71BCC3C4730CA3C846ED43D69
:1088C0001A5196BD10DFD1BD03A5F0BD13D6A9BCCA
:1088D00034F5AF3DDBB72B3E6B08863D0057113DAD
:1088E00021B5EE3DEB18FA3DE68E12BDA97A02BE27
:1088F00055454DBE1BED943D27BBF8BD43569CBD71
:1089000088E1EDBD28F7003EA1D08D3EB657ACBD45
:10891000F84C803EEB1A9F3DDD0E9DBD3144BDBA43
:10892000C62EBA3D62F3A53DC9F72F3D378672BD0D
:10893000048825BDF511F5BD04570FBEEEE022BD3C
:10894000072E12BEA1A8BB3D275A023EF42F453E7A
:108950002360F53DD00E763D13D50B3D6D59793D25
:108960007B2EA2BBF7032BBED308FEBE136115BE40
:10897000E2F4EDBD80EAF13D98E91EBECCC59CBD98
:10898000B1A5463E3B55283D48088CBDACD2B63D0E
:10899000CE8F353B1DBD63BD50C246BD4B211EBEB3
:1089A000A87640BE37234DBE30E8EEBDCB5D423DDC
:1089B0007EDE93BD37EB193D576B003EC896483DB0
:1089C000C1090A3E17E8B63DDFB02C3E175A0A3EF1
:1089D000C2BD3BBE55997DBE70BE3E3DB6523BBE4C
:1089E000A8E10D3E9BB3E23B8331BABDEFBFF7BCBC
:1089F000C9A8193E05F83E3DF05806BCA4CF023D7B
:108A00005CC8A43DEA79D03D9BA57A3D06F9F0BD4E
:108A10005AF5F9BC12CE20BE06DF3CBE9A49223E72
:108A2000005A353D547DA63D101AC33D49F1783DAD
:108A3000DB1D1E3E0CB3A43D747BDC3B3628A4BD7D
:108A400046B668BE3F0917BFCA515BBEA0790BBED0
:108A50002E8EA5BD9173D23C3C322B3CA7F739BE7C
:108A600068F1E73CF7D2343D4B1CDC3CC5AD89BC1A
:108A70002BBBB23DD645FD3D48E9093E92B5B8BB9A
:108A80002B23753D9B9CC9BD069D99BB2519F53DC2
:108A9000737DBD3DAD1F2C3E3226443DCCE376BDFB
:108AA000A9870ABC16C440BC03A01DBDC344D83D61
:108AB00010A0043D76708BBED0D52B3E268589BB99
:108AC000F54A123DDFE35D3C748F523D4134FCBDFD
:108AD0008173143E714DCF3C46DC3F3D3EBF3F3D70
:108AE000249BD43D75F685BD88CBDC3CD87F063E03
:108AF000835D853C6DE373BD8EBB9DB84AC2EB3D83
:108B00005E2CCF3D8E96C1BB77D496BDD9915E3C8D
:108B1000B6CC1E3E33D897BD5DB09FBC62A92FBDB9
:108B20004A4E9CBD12C1B2BE49CB1D3E6BCCABBE02
:108B3000805FD1BDDB2C3A3E5D86883D5C38C13D0F
:108B40001C8A843DE0D93C3E3E049ABC0EF307BE2D
:108B50005FE29FBCD16F08BE7C8290BD6718843DE8
:108B6000068F4A3E7728883D21EE433E4DB07F3D3B
:108B7000B304D5BB580A0D3D2ED25DBCCEB4393DF1
:108B80007A8C823B0DE48CBD865B20BEF77784BE79
:108B9000EE72EA3DB593F9BEB497F9BDD3FB69BE59
:108BA000388D983CBFC8633E758658BEEE8343BD82
:108BB000997684BD57C37F3D927CA1BDB9BB42BEAF
:108BC000CB96EFBDA67714BE9C969ABD04584CBDBB
:108BD0008096283D77537F3DFEE58A3CAA16FFBC70
:108BE000DEC1AB3B08D49ABD354550BE3362053D6E
:108BF000F619F7BCA2C1DCBDD9C999BE13E412BEF7
:108C0000F3A9B63D00EB26BE7B7D8FBEC6F640BD08
:108C1000D3F988BD1ABAC2BDA5A084BE6E3C70BE91
:108C2000EB4140BD1888523EF49BBD3CEC114FBE59
:108C3000A694DBBDFD97DEBD9551C2BDBECEEE3C18
:108C4000E8062FBBBEC6D9BD5BCE58BEF77AE9BDDC
:108C50003ACFAEBD91652DBE732051BE390129BDFD
:108C6000EBC0F3BDC9CF3BBDD5AD3CBE170943BE7C
:108C70006A1A83BDB83D0FBE06F26D3EE2B0A43D58
:108C800008C2273CFCB72FBCF3F7DABD23287E3D92
:108C9000F1132D3D8FADBDBD701D993D7DC5933B3D
:108CA000C92A8E3DEAFC36BD05FFDBBD424EDFBD65
:108CB000D867DC3B4C62E3BD1CF599BD9942B03CE2
:108CC0002BE9033E6F999B3D3B74C1BD2D8BA53CA9
:108CD000085362BE6609A63AD4F04BBD25D568BEDE
:108CE000D0BE63BD28C2CF3C64DBC63DF257133C07
:108CF000892453BD9CB583BD4F6A7DBE800EC2BD25
:108D0000CD28CEBC02E4EEBAC14C8D3DEE82EB3DE7
:108D1000E614613CC053A4BC5735D7BC0159D8BC3C
:108D2000BB3438BEA963B33BAAC20F3DFDF6C03CBD
:108D30006E7F8BBD7B71ADBCC1636CBC510310BE3B
:108D4000755731BEB54628BEFEB252BE6E91C5BD46
:108D5000FA6DF6BC74BA8D3D9C4D92BEACDCD33C32
:108D6000D43EA6BCEE5093BD1286413E87BB213E49
:108D70000B93103ED06B7B3E8FC64B3E3A1F2F3E6F
:108D80007EE0F9BB54B9BCBBC9B6053DFA080DBDC0
:108D9000344F07BE0DC9FF3D7125903C28DF873D4C
:108DA000D93618BE473AA3BD7A9BB9BD476F0BBEF3
:108DB000840CCE3D741C1BBE8C4232BD133C5A3D0C
:108DC000F224B8BE0B1672BE7FAB62BEC0444B3CF1
:108DD000BE2C44BD2E205C3DA5D01EBDF253823E6C
:108DE0009E36893E497F873EC0360CBEEC51B3BAF1
:108DF0009BC340BB9E139ABC589DAF3D45109E3E01
:108E00004EE525BDF19148BD9805503DECA4F5BD5A
:108E10006432B5BD73AA56BE55E8B9BB0CA5303D4A
:108E2000C8E11E3D251AE43DEA93083EC1490DBD47
:108E30007DF83CBE9249C93BE49F2E3C607B96BBCB
:108E4000EEEF91BD253447BDDE2B3C3DDDF48C3D7E
:108E500026D5AC3DB591283C3085FBBBD5C9063E37
:108E60009E86583E1F2A773EF56088BC920EC8BD8C
:108E7000DC6F1D3EDDDE6A3E9184383E7C28B83DC5
:108E8000D4A41B3E1D608D3DC5EF943DE0821C3E89
:108E9000CD50F43D8ECBA73EA629973EBC9114BE83
:108EA0004C19193E4C3C9FBC76922A3D142697BC27
:108EB000B373943D60D8F33CB3E5993D7CA7D6BC31
:108EC0001115BB3D5F3B4F3C8412A13C021790BD86
:108ED000F9F9C93D20B3943D4F2C153E4D2D473D2A
:108EE0007CECB13DEBB11B3C63118B3E1F27C23CB8
:108EF0001E23FB3D8AC7A43E13D3903E9036CB3E43
:108F0000AE02BB3E4C44CA3E3737893EAEE4793EA2
:108F10001D043DBD0090A8B7FF49893D00D4953B95
:108F2000A89D3FBDBA9F2D3D88267B3C96B27C3DD7
:108F3000E08F70BCF18F8CBD4E96733D72293D3D24
:108F40008367AA3D28A41F3DDCACE83CB125A43DC5
:108F5000B3DD5A3D9D2F543D36541F3E95D28E3D74
:108F60003EACCBBC004026B79ABF3CBD9EAE3ABDDE
:108F700038B374BD82425B3DE66E64BDA64A4F3D88
:108F800034BC803C40677FBD6893123C52C485BDB1
:108F9000FA15703D7B83A6BD807838BA1093A1BDC9
:108FA000F67F373D5689C43B6FC6A03DF77CED3D4B
:108FB00009BBA33DB87C703D0228AC3DA64C52BD18
:108FC0004D84533D3069323E227706BD194A983CA4
:108FD000A3C9163D51DC123D2F515C3EFAD1BD3E76
:108FE0000513CC3E59BFAA3D5506293E6315FE3DEB
:108FF00085D0823D5E4B68BD5C5DF53C809B95BA3B
:109000000078F5BA324C29BD7776173BFB3844BE61
:109010006EDB023C54576F3EAAD7373EDECE113E80
:10902000CE8FA53E38CE803EDB9B323E60C3823E73
:10903000A9F7373E01E5CA3BEAC0AB3E0E7D443E90
:1090400068E90ABE1ED07CBEB28F45BEFC3E893C9C
:1090500011D3203DD20B2C3D5DA1343EA6ED703DD9
:10906000C7D8C33DB452B63DE56C9F3DC7FAA23D9B
:10907000439C97BD2E6122BD9E4E33BD6A465CBEA9
:10908000F6ED5E3ED668513E1F769A3EEC89943EE0
:10909000948E803ED42CD43ACA2A3EBD2EDAB23DFC
:1090A000F4E0A53D15335B3D1237B63D2ADBE63DC6
:1090B0004FE0C2BD8D9231BE75552ABDC4289DBCFE
:1090C000D25FA53D7A6D723D1C8B453EC6816B3DDE
:1090D000F7994FBDB14747BE1EA5CB3A57888C3D87
:1090E000D01DA6BC8FA15A3DDFDC013EB2181A3E4E
:1090F00015E76C3E9A5F6F3E0C695D3E8141E5BBB2
:109100001D0E133E82E6D63BED2BA33CCDF67EBC76
:109110007B7C123E757E9BBD08EF8DBE057F6FBECA
:10912000498348BE066509BE33073EBE3B071CBEE9
:109130004F5343BD31DD02BE662BD4BDABB43BBD46
:10914000742D07BE1C3099BCD410973E5A30A43DF4
:109150005549AA3D7A43303D5D8C0F3D9882163DBE
:1091600007F1893E37DFD63D01A5133DD4503BBD05
:10917000E6F9093D9F210A3E49858ABCC2AD0EBD74
:10918000D443BBBD360FB6BDC0D430BD7DF835BEAF
:10919000750511BD6B898FBEE5E283BE8A7F79BEFE
:1091A000C16A59BEF1E265BC2EDE8D3D7B19A73D3B
:1091B0006440993D00A2833E97B69F3E8047E03DC4
:1091C00000B3743CD3A2F73D007B23BDBFA8143E7F
:1091D0005A35603E6D9F7ABD2CBD3FBD60DC103DB1
:1091E000AE2924BEC53AFF3C355C503D8D3E00BDE6
:1091F000E7B2CFBC42590FBEAE8BC2BDF8A7903CC0
:109200004406C63D52B6253E7EA03C3DFB835BBE78
:10921000355921BE324A08BEA37D523DA807C2BDC2
:1092200009FCACBEC0CE903C9128D33D33C9E53D8E
:1092300022A65FBD4D4C5A3E4BF16E3D9A7E4A3E92
:109240008EEF233EB94912BEF419563D43B4163E83
:10925000C4D500BDA489D1BD8AE191BD054B3ABDFD
:10926000C41937BC608A1D3D1738083E4651753E0B
:109270005169DB3D430455BDF2CDE23C908135BEE2
:1092800036384FBEF1A358BCEDF29EBD94BB83BEF1
:10929000F3F8A4BDF8ED173EFBD70B3E5DCC443D83
:1092A000025C163DB36D383E4882D8BCD90EA03C56
:1092B000848B1D3E90043DBD4121F33D3EDDFD3DCF
:1092C0001594893D149D17BC0292433E7651053E8C
:1092D000381363BDC371073EEC4A403E1A2D0E3E63
:1092E0005DF20A3D95F1DCBDAEB530BD0AECCEBCF9
:1092F00096C504BE3A04273EA6DA3C3E3D827CBDBC
:109300007571FCBD132614BD7A09E93E5D948EBDCE
:109310000009303D34464B3EAC8CA4BD8E4D953D8E
:109320000843533C19C1803D4A014ABC3E35653D66
:10933000247F473EDA6EFF3D7FA83B3EFEB9703D7D
:10934000858560BD9783013E647ECB3D508004BD22
:10935000DE102BBEFF49BABD5E8D05BE2AF426BCC9
:10936000EBF58C3D9D6ABB3D6545B43EB8DC463EA1
:10937000BDA0B33C39F5D73DA650A63E12B7943EEA
:10938000889073BD4C8D143DDBF1AE3D2DF5763EDE
:10939000A2999BBC34EA393CAD18503E49E0433EAB
:1093A000FD448A3D1F6D8D3D3F57ACBC2E601BBDFB
:1093B0001E02F63CBC76333D195424BE6E5BAEBE35
:1093C0004903A4BEF2CCA8BEE54DB1BD71FE513D2E
:1093D0009DC58B3E4142113EEC65F93D01E7603E83
:1093E000DCBD873DEBF4DCBDC5D582BDF2B84D3E9A
:1093F000561C14BD6309D13C3D5C493EEF77A93E44
:1094000059720E3E217F8A3E2BEC833D7DEF0B3E51
:10941000860C343EEFF30F3E02E8D2BC50D6D6BCE9
:10942000EAE52ABD6B1D8CBE84D959BEDE9A18BEF2
:1094300094E8C9BD618F3CBDA1FB9E3D11F3693E1F
:10944000729AD03E3A4A923EA4F7003EAA521F3D7D
:10945000BAFC00BE310EF13DDD340C3CB159793E11
:10946000B691C33D92AAD6BD25048C3DCC6E053E77
:10947000AC9E893E2E0F363E8E6A993C8B16793B08
:1094800049574ABE8DB310BE1C9507BE3C34BCBEC6
:109490006CF9A5BEAD4408BF43D694BED83F72BD9B
:1094A0001B082D3E72EF613E0E28A83DF3E2163EEA
:1094B00039F0A03EB29C123ED1ACAE3DE3AD1A3EB7
:1094C000066295BD1F0F953DB1701B3E344DCD3EDC
:1094D000C2328A3C95A97BBD39E3103DDB76383E2C
:1094E00027D0D73D6D3AC83D730BF53D12A7E6BDB9
:1094F0007A46BBBDAD8132BE5C5671BE3F1538BEEB
:109500003529CFBED4E34EBE65B67B3DB4E084BC06
:109510004315643EA1F8753E6D93043E88D5303EF8
:10952000E7C2853E878FAF3EC06F063EAEA57ABDCF
:1095300018739EBDA87D74BD776B5B3D0C622F3E9A
:109540007F6C15BE6466D53C04CF123E0E2CBA3E2D
:10955000928B943C60A0A03CE6A1423D4D76113B2D
:109560000A370CBE975A77BD87FB74BD7391A7BDB0
:1095700067AA2BBCE704413E1011433E65F37D3ED4
:10958000100F633E5539463EFBF8873D51D00E3EE5
:109590000A11153E6D9F953D367B573C20D62E3DDA
:1095A000AC896CBE16E017BED902E93EC8C1013EC7
:1095B000A9674ABEA1CB213E56329EBDA49105BDEE
:1095C000B55688BE3430A7BD917609BD2735A7BEF4
:1095D000132E52BEA28787BD3E7314BE60EA0D3DB6
:1095E000BB7CD13DCF2FA73E594C823E99AF693EFF
:1095F00075851C3E1BC7423E468EDF3D8038A13D2F
:1096000000C42E3E9C78E33D9E890E3DC44720BE9B
:10961000BE587CBCA4AB8DBCCF7238BE8C80163DCE
:1096200057AD7F3DDED0A93E8836A53EA4E8133D68
:1096300064B494BB38002E3DAD75203ECEC50FBE40
:10964000EA8083BE42AB5EBD861086BDEA0A373C27
:109650003E0A4F3E62307E3E654CFB3DA02E853D6E
:10966000D1E234BDA940043DBAD1B33B04B72D3E8D
:109670003A03B5BD303827BC341EB13C45D57CBD5E
:10968000CCB054BD3D7DE23DE78CA93C1159C73DAE
:109690000801ABBCABD7253EEF4E28BB9FDC473E55
:1096A0006CFFAF3DDD658EBDC0154DBDE63C63BBB7
:1096B000E2CB70BD20A399BE518BD9BC1917863D52
:1096C000FE572C3EC588AB3E235AA93D82642ABD75
:1096D00036DDDD3BFD2402BC42E5593D83AE5B3EF9
:1096E000D48BA9BD4C40AEBEAA72A0BD510013BE22
:1096F000589687BD68F83D3ECAA992BC6F008A3D66
:109700007630963EE41D833D1814313E7A44013E86
:1097100074FF303D673497BE37BDB1BCBE4E21BD2E
:10972000E66CC9BDBC6379BE40F493BDC43291BD43
:1097300055B9153E83CD073EAF71453DC6A3C13D2A
:10974000132C83BD9747283DBE39F13DF112153EDC
:10975000947D0EBE09ADDFBDEEB808BE13F5093D20
:10976000CE5AE7BC5CA01A3E002B5D3EB69E74BB91
:10977000DC97CCBD8AB77ABD62EA0B3DC341B0BC71
:10978000A63C993DC296D2BD301E35BE2AB0F43CEF
:109790003DDD923DAF7289BD86B69F3C684D01BDEF
:1097A000362F4FBC2362683C13467A3DCD781A3E73
:1097B00055E6903DB88A843DB80F313E405F113D7B
:1097C0003D7668BEBE222CBEFBAFC3BD3DB28C3C15
:1097D0009AB2C2BC33537FBE5807003DFC939EBC77
:1097E000EEB9A0BD315D9EBDE3E1A33DD0F2023EE6
:1097F00056009EBD93E447BC8162E83C87BD1B3E9A
:10980000FDDB91BC1B626ABDA669EEBCE7A3D1BDBE
:10981000AE36F6BDD49D063E3F4B0D3E2ACD213ED1
:10982000B21FB5BD1C52BBBD4D85BD3CBFFA1ABEB3
:10983000D0E120BE7E646FBD73DB343D0D541C3E11
:10984000520F613D28C6BFBD1D83E33DEDD9183DD4
:109850003FEE99BD00F8663E36253A3E3E816F3EAA
:1098600090A4CEBD07A4A5BD879352BDF312C13D00
:1098700086E1F93DECF53F3DDE6C733DB24410BE30
:109880008B3A97BD5A3EA43D591C043E1FA8FCBD0F
:109890004B3E1EBD4A4C87BD9096D7BDEFCBE3BC77
:1098A00069BDF8BD476BB6BD115388BD39209CBD5D
:1098B000182A293D8318A2BE2CA9DCBEA862943DBB
:1098C000FF9042BD3D5FD2BC8403BB3D0C0394BD01
:1098D0001753173E7A1CE33DB54A9ABDBBCA163EE4
:1098E0004156743DCC94593EDB65263E75977ABB54
:1098F0002E4AC1BDE2435FBE832E36BE13ED85BC4A
:10990000F99B6BBDCE14293DDDC71CBEAAE610BE77
:10991000FEB9D0BC2B8E9FBDA53B2CBE4499BCBDCF
:1099200024A6A53DA33747BECA51C7BEF75619BDE9
:1099300025C378BD2CDB6DBD890C723C701B21BE2C
:10994000B13348BE9892763D862BE23D092F9B3C71
:10995000AB35D33C040E01BE8FCCCCBD6B620F3D4A
:109960005A2F13BEF142F3BDA7CD1ABEF98CE5BB49
:109970002121A2BD8A20AFBDDE95553C3D8DB33C73
:1099800069AD1C3D4F9CEEBD3DD94B3EE9DA443CF0
:109990000122363EF5B94DBE3724A5BECFD838BD1D
:1099A000BCBA6EBDA7478F3D4275C2BD59D48A3E31
:1099B0000F7C8F3EA098A9BDAF84803EEF406B3DE9
:1099C000DA28193D31A7A8BB58218DBC57BB29BD4A
:1099D000B7BE93BE26B8B1BD050D83BDE583C3BD3B
:1099E0003F6D64BCC6B9C8BDA62553BEF265443AF6
:1099F000E97695BC5C20963C8072313D7DEF62BD7E
:109A0000BBB9F1BC3903513E514F263EE64867BD14
:109A1000007F53BD1EE46EBD8B4FCA3DED5212BE9A
:109A20008D714F3EF0D2EC3EDA75D53ED20F863EB8
:109A30000C1D963E6D38D73D6E7AB53D037301BE61
:109A4000F1A6123D8F243FBE8142073D452401BE51
:109A500022A50EBC5E3BFEBC48CA65BDC8EA563DA9
:109A6000D14F3D3E23264CBDFEA5FDBD360694BE1E
:109A7000D204A4BE0CC5AC3DFBFFC83BDA79613D06
:109A8000291492BD782AEE3C982EFB3C932FF1BC12
:109A90009295933D7D8C0A3E2BD6D83E1001E53E33
:109AA000D810953EEAF06F3E3490E53E70F1433EAB
:109AB00004FF87BD81DA783E3D72823E906B06BE20
:109AC000F459843C8C5E413EAA36333E5784643D53
:109AD00060CC323EA5AE8E3D92DC063D77CF39BEDE
:109AE000F97B1FBD23BE67BD4480A73CF46495BDD0
:109AF000D0E1C0BB2E7896BDF29B173DD517AB3D8C
:109B000082B942BB2132E13C7F3E143E5451383E83
:109B1000C8186C3E8CFBC23DC060F03D90839A3DFE
:109B2000F5962F3EE97FC03D83B8E33EAEEBAE3EF7
:109B30004CA9853ECB03683E3817803EF1BE803D80
:109B40003C0B8A3E9982273EE473483E7738513E6B
:109B5000F9D7913DB0C0D8BBBEC0783DCF590DBD3F
:109B600000F983BAC8237A3C722D5CBDD05564BD20
:109B7000D3A934BD66A5433D00982A3C6853563CA2
:109B800093ACA83D8B41893D4AF5FDBCFC5AC33CD2
:109B90002071733D3A7614BD80BD2D3E27979C3DC4
:109BA000E4616CBD400FDCBBA0380B3C74C19ABCB7
:109BB000A2C5763D3876863CF691383D59D8A53D0C
:109BC000AA48203D907F82BC6EFC373D3C93F93C17
:109BD00010DE00BCEB798D3DACE9C8BC5721963D49
:109BE0001410653D20F8FD3CA2356F3D7072803D3C
:109BF000ABC895BCC122363C059F0C3EF501E13D4A
:109C00007284303C638A8A3D71E74C3EFA5D183EAF
:109C1000F04A3E3EA982423E853D8E3DAFC37A3E2C
:109C200042044B3E5D5E183EC12A1E3EE644C43CE3
:109C300089C182BD6E00393DF2107E3D7E490A3DEC
:109C400046533F3D31C209BD9371B03CA7A6D6BD76
:109C50001B475B3DB1F862BD31F7F23DC33F123D9A
:109C6000318E8F3ED2D5843E194B9B3E629CC53DC2
:109C7000C8397BBDBFC7F23DC2857D3E4540C23E6F
:109C80006E14653E8BAA1C3E288A953EA158AA3DBB
:109C9000C553523EF7F1093EF2BAE23D193F623E2A
:109CA0002CC7803DE7124C3D84DDA1BCB411A03C23
:109CB000232F2DBD39C6A43D94DB1A3D317E01BD55
:109CC000468008BE186956BED516273EC9996C3B1A
:109CD0003BB0D63D9B51B83E3FB5813E7C7D643C58
:109CE000FB0EAA3D0ECD6A3E244EDFBC646BB53C34
:109CF000221ED3BA9307E03DAF80533E8A50E63C24
:109D00009C2605BEBFA2723D48420B3A793C083DF5
:109D10004ACBDC39B583063D882520BE90139C3C98
:109D2000B42161BD3F71A03B8EC78ABEC8A0B1BE41
:109D300076BB1ABD35B4C93DD55AB33CF866E83D8B
:109D4000899920BEAF7BE33C635A38BDBE5D163EA9
:109D5000F115B53D56E1E13DEE34263E50077F3D1D
:109D60002D5AE33DA567533E2B67533E626A2DBDD6
:109D7000D7D166BD6B748ABE521DE1BD262E8D3DC6
:109D8000447A1FBDF2F60ABD92771F3E0083823CE3
:109D9000202B1F3CE07CDFBB88F11B3D7057D1BD01
:109DA000638E283E82524A3E81E9FA3D999D99BDD3
:109DB00033702BBE60447CBD204F933C67D9E73C99
:109DC000AA3E9DBC7A2759BD03AFBABD24C0FABDD7
:109DD000120ADF3D1951523C9CF5A63DEBDB373EA4
:109DE000DD753A3E7C78583D9AD7973C213C5EBD64
:109DF000DADEEBB90547A8BBAF08C6BD2CBB2EBE4B
:109E0000F05B01BD974AD2BB6EAABD3C35F211BDD5
:109E10003B343CBE24CBBABED848A9BEEA7BACBE1C
:109E2000132F93BD74E0DDBDB68BD93DE97E153DA2
:109E3000362CAA3DE49411BD972B99BD73C5FD3A0C
:109E4000F94FCEBC71A6183E2F54163E5399723D61
:109E5000E819C63D35C9293CF0214BBCB5019FBD71
:109E6000F02DEC3C5BAA993E076339BD358E6D3C05
:109E7000DE27643D676482BE2F6D8E3D42C4A9BE5D
:109E8000CAB9C2BE7A2A03BFA9A106BFBF734CBE1E
:109E9000DB95AD3D3F4CF8BDCD59E8BCEDE52FBDA0
:109EA000B031E93A5885803DD5EE943DCEE2EC3DA7
:109EB0000378BD3D054524BE3A5AC2BD92B28BBD62
:109EC000C4F612B90CEA233E181F233EF936E9BD49
:109ED0002792D1BD75D2C23CB35563BDB0682A3D4F
:109EE000DD80143C38C257BE61FAD9BC51671DBE33
:109EF000B7D22FBE45EAC9BEB2831EBE383FD9BD18
:109F00009ECE8D3BE90927BEC760DF3C40BA713D5C
:109F100035C514BD3F8EB3BD160D34BC4F4F29BEA1
:109F2000E3125FBD1246B83D2DF5AFBD4D804D3DEE
:109F3000C29004BD05E5B33B2293D03C2C4B6C3E54
:109F4000C6A7D33CACBE79BD024A3DBDFB74843E7E
:109F5000EA618A3C4CF8A7BE6EAB02BD8BA7673D99
:109F6000E71B39BE729266BE56FA30BE61F511BC6F
:109F7000DE1C683DA6B569BC4AC6413DDBF6AD3D79
:109F80008B120ABCF7D2AB3D79B98FBC1724C1BD87
:109F90009CCBCABBD2B34EBD422ED5BD9D3CAEBDFF
:109FA0006D8680BE2905A6BCF618273E48A430BCA5
:109FB000D6001F3ED7F4933C5253BA3D62C2BBBE9B
:109FC0001453B2BDCE7D14BD984861BE16958E3D2A
:109FD000CAD0653C407402BE58DD9D3CFCD47A3D3D
:109FE000F24A6F3DF56DABBD2A211BBC6B44E33DCE
:109FF000B9508E3C2DF13B3D3A0C083E4E17A6BBA6
:10A00000BDBB653DB9BB5DBE064E9FBD68778D3C4F
:10A0100087B111BE0E123A3D76D7C4BCD4F52E3CA2
:10A02000204A6D3E403DE23D0D6C7D3EF90052BE42
:10A03000C3815CBB5E4219BE6CE061BE80E36C3DD7
:10A040006E0A853E051F17BDB75E203D07B41D3E55
:10A0500094D95CBDCA866EBE7EDF5EBD018D0ABD31
:10A060005409D53DE174423E85BDA33DF9BE5E3D38
:10A070002778FD3DA9F7243D740288BD0BFAC23D47
:10A08000253C7B3D0DD0413ECA0FC0BD8231CB3D4A
:10A09000952D913E3421EE3E88EFB73E4324473C58
:10A0A000988259BD8E1D36BE4A9AFD3DA57C9C3EC8
:10A0B000C247E13E2C8DBA3C76BE99BBA6FCD13D91
:10A0C0000299E33C041B5CBD9378843C380A123C43
:10A0D000083DFE3C4CD3E83CB85E4A3E83DA9A3DEC
:10A0E000658CC43C70EF033E76F4003DEC4A0B3DBA
:10A0F00068901DBE50BDFEBD334C1FBE23538DBEA8
:10A10000EA433CBE8172E4BC9E328F3CF7F8683D66
:10A11000BBCED03D7760D1BDD81505BD78B99E3E88
:10A120005D77133E29C30CBD319DC4BCA7C5F53D69
:10A13000819E163DC5290DBD2522463D282B02BE18
:10A14000A06E92BDBBFF38BD7E07ABBC69866A3D81
:10A1500008A6533C5FDFDBBD3EEB17BDFB5020BEC6
:10A16000457D2CBEB176FABDE34383BE066900BFD0
:10A17000BCB1B2BEC7DF72BE69F8A03CA0C8FFBBCD
:10A180002100903DD45224BCECF88CBCCEEECE3EE7
:10A190008AAC41BE68AA0BBE8B8D8A3E34E55D3E1B
:10A1A000DD5C143E6F06F33B49CBDC3D46CB67BC20
:10A1B000BCB08CBE114EFDBDE3E5D6BB0D9C223D6F
:10A1C000F47D913B7425A53C8B65D23D373BF2BDB8
:10A1D000CBC709BEB39039BE438ACFBE2AFE02BFA9
:10A1E00019C0DEBEBAF59FBE5520A33E924D253B59
:10A1F00097EE1F3DBC4224BB348FC9BDF7DFBE3D87
:10A20000CDC38EBEA9151DBE754F583EB2EA823D24
:10A21000E2BA3C3E88D9803CD9F45DBDA41A98BD11
:10A22000F19C0FBEF8D060BD6F85C43C49E2753D1E
:10A23000578FBF3C85B81ABEAD9D16BE31D4BDBD8B
:10A24000EBD62C3CE25CC8BEA76FEEBE8AB7ECBE74
:10A250006418A5BE4A0337BEF4CC1B3D19456C3EBD
:10A2600002D395BDD6899CBD0D61ADBD5DAAB3BDC0
:10A27000D737D3BD33362CBE60022B3EA78F8B3D24
:10A280003EBE053E09D6BE3D4A034CBCF42466BC26
:10A290002B03C0BDBB604B3C6BB00C3E0B05F93BC8
:10A2A000306ED0BD891FC3BD36D7BBBD3C1F3ABE83
:10A2B0001DE8B8BD16E0AEBEE882A4BEE71357BEE7
:10A2C000DF8777BD2BE4BABCE52D933E597D893EEF
:10A2D000CC48003DF88B01BEB43707BE4ED7D0BC8A
:10A2E000C761B5BDC6999E3CE4F3003EBA704BBE53
:10A2F0009A8BDCBDF42FC7BD7E298439C2DB103DAB
:10A30000BB440E3E967BE33DFAD3443EB5D3F63DC7
:10A31000E96C08BE3E3EDEBD1ECA79BE6C1D51BE54
:10A320004DED4B3D177FA9BEF54B50BE371CDEBD32
:10A33000F5F47BBD73A3E13E185B983EFBC0F73E8E
:10A34000E139113E61F60ABD0A82DBBD4415EDBD5F
:10A35000D29595BD1700883D8ECDAB3DBA082FBE76
:10A360002C1E32BE73090D3D3E22C83D0FFDACBD13
:10A370004251353EA81B6C3E441BBE3DF69C79BD48
:10A38000E3FA99BD78B083BDB0EBC2BD5640C9BCFD
:10A390002F2E783D355708BE5C1CCDBA12D50FBEA6
:10A3A00053BC0BBDD390453EB6C7433E2399A13E57
:10A3B000CDE8C33D7D1CC0BD0721083E2F25B4BE9E
:10A3C000F461E5BCAE5719BEDFB80A3DC809BBBD94
:10A3D00049480EBE4448D23DA8FAD83D01A9A03D47
:10A3E00024E61E3E5091233E3D6567BDFB32323D63
:10A3F0005AF4083E1B3DADBD6B37D9BB3864B03C49
:10A40000426BA73D6E668C3D1520373DE4E8A03DCC
:10A410008AD69EBDEB2BB93ECC69473EA9A0303E03
:10A42000805D4FBB632D22BD052E033E315830BEEB
:10A430003900C1BD9962E8BDB0F47D3D35AEC2BC06
:10A44000F2C8133D5CB3113BABAEBA3D40CB273EE7
:10A45000818FF33D691B1D3DB8E2473DE9158E3DF7
:10A460006D4DDA3DFA36483EDC8D103EF5962A3EBB
:10A470000AA4113EAA0A223E50F5393E91F68B3EBF
:10A480004A037A3EE0FD0D3F0466253E38AAA8BC8B
:10A490002B4C823DFB6693BD5F3A99BD85A825BDD7
:10A4A0007B12B1BC144197BCA0650B3ECD38223E57
:10A4B000A2CE3E3CAFDBDEBB9712D53CB973F53C78
:10A4C0002B2D05BCBE0F543E27C3B73DEDFAFE3D14
:10A4D000E538333EA7ED123EDA7F723E2F42073E4B
:10A4E0003A9E4B3ECA700E3E52B7523EB7C2E43E51
:10A4F000BDD1A73E728D253E035A49BE3117923D0C
:10A500002BFA2E3D5DBCC9BD60A6B93C94D5A53ED5
:10A5100003DD693EA34B1E3EA64E3ABD875ED73C87
:10A520007869B1BB00BDB73D5A531FBDDED02DBE0B
:10A530007A0754BD89189F3D0860CD3D6D34F53CC8
:10A540002BE8823CC694EE3D0F2B253E142C073E93
:10A55000E5F3803EAF37F2BC16043A3CEDA5C73EAA
:10A56000A72C5D3E430E333EB98A23BE9991243D0C
:10A57000C04D013CBBB079BD1C434DBEA6DD9E3D28
:10A58000F643443E1498493E3D407C3D8B52A1BC6D
:10A59000C2EAD6BDEBEA87BEC33F9ABE27CA79BEE0
:10A5A0009EDED8BD68EA54BE748EFFBCCFD88DBD88
:10A5B00070DBF73D7AB186BC597F173D8F43C1BC34
:10A5C0001C155F3E2562093DD6B98E3E9175DB3E76
:10A5D0002E49C33E52E5183EA1D7803E3C1ACDBC61
:10A5E00017689CBDD828513CCFCDE4BD2C9957BEEF
:10A5F0009C32123D042879BDBE6407BE794C5FBD14
:10A600007B1917BDC47842BE80F48ABD193DCABD0E
:10A61000AF827DBDD0E521BE72D71BBE899D7F3C38
:10A620005C86D0BC6DB4A93D02B32B3EFE3FD33D4A
:10A630004860853DF6D78C3D45B75A3E2C4C813E4F
:10A6400076C79A3E9C2A173ED1E7873EDCAC6FBDA9
:10A650008908AB3D066708BDFFBB323E41E198BDAE
:10A66000516C65BE81E065BEEEDDE3BC09BD80BA1C
:10A670007097C33CAAE3463D102DF4BDCBF4E6BC75
:10A6800039B3FFBC42FBC93DC3F1243E5DA5D63DB5
:10A690005DED723E110D913E37E1903DCC9BA93CA2
:10A6A000367D613EAD4E503ECE3ED03D1653513EBE
:10A6B0000BC7193E3ECFA33E4E00313E79A5A43DC7
:10A6C0005B2584BD39A2833D702DA7BB1B3DEC3DAE
:10A6D0009457183E789E16BE664F80BED21E3DBE71
:10A6E0004E635BBEAA55713CC521283D497AA43D05
:10A6F0006A7BC23E689C503E0C63CB3E1BFA273EF1
:10A70000569D8B3E2782653E6268613E740A5B3EC1
:10A710007A13083F5BDDC23E44E8943E3BEFC43D04
:10A7200013FA1F3E866146BD48D305BDFC9006BDA9
:10A730007C6DC9BC5878D03C7737883DC212013D4A
:10A74000AF7555BD34CF00BEA902563DABA7733DD2
:10A75000F59F933DD798F63DFAB04F3E25141A3E2B
:10A760001C3A753E6AE2003E9296143EFFB8F83DF0
:10A77000E019203E08750ABD3FFAB33EB104BE3D64
:10A78000F286A0BDF3F036BE4C07B83DF5AC8DBEE9
:10A7900068FDC93C54378C3C44CE8DBD7AC7F5BCAE
:10A7A000CA5F72BD22436DBDBAACDBBC6630543D9E
:10A7B00006D548BD70B963BD663464BDDB4446BD93
:10A7C000D84B1FBC8652653DB902AB3D1CEEDF3C49
:10A7D000D20D05BE5C4D89BDFFB6C43D9DF294BD52
:10A7E00032E37E3D8008853B04F3FC3C18B7DF3C38
:10A7F000D35A93BD16D8A0BD17F6A9BD105A51BCA7
:10A80000952E813D7873CA3CE0548E3CCFF606BD50
:10A81000F435F4BC244CD03C1EEC1FBD272B86BD68
:10A820007A3A7EBD3A4FCBBD36D1173CE15877BC62
:10A830001BD6C8BD5E7EA3BD05FB4DBC871FD1BD29
:10A840002845EA3C4F51DC3B31FA853D6D1EAA3A62
:10A850009D7C2D3EB9CE993B71E4F5BD336B5DBE59
:10A8600097EE7CBEC26CECBDA01544BE54E32EBE78
:10A87000302E423C9A138DBDE89E5C3C00BFFD3CEF
:10A8800066A2D7BC3F10893D141D70BC2FB7EA3DAE
:10A890003861E93C044226BE159C03BDDE2210BE91
:10A8A000FFFBDEBDD48869BC38E775BE3EDD28BE3F
:10A8B000CAA2EBBDC1A0BEBE71EFA1BE0F5571BE55
:10A8C0006D3EF6BE4D2108BF83F103BF170290BE57
:10A8D00089615ABEC2B642BDB5F608BEEC16C3BD0C
:10A8E0005F698E3DED8A4D3BD0E9583C52CBE4BCCC
:10A8F000F66A793D40C1733C731B243D94482D3E5C
:10A90000691DBA3C716C4C3E317227BE9FA3FFBDDE
:10A910008154093D98A6A1BB2E8E14BD265B6D3CCB
:10A92000F64383BDEF2F00BEA9E7A7BE0F41A8BE27
:10A93000C56840BE27E6ADBD994A1EBEB264D1BE11
:10A94000C8F4ADBE82E462BE02BC803D5278363EA1
:10A9500052101E3DCFDC6E3DB054963CDA244A3D89
:10A96000009C5DBD3F9CCCBCD8D8453E055D873E74
:10A970004509143E9215123E89AD473EC3A2823E60
:10A9800002C9473DFA20873D278F933D48BD943E3D
:10A99000EF48833E1CC53C3D5DE3FCBD1A1DACBDCC
:10A9A000840822BEF5A505BE771E163D39FB90BD75
:10A9B00021CD92BEBBE2A4BE116A30BED39F6DBD55
:10A9C00028426FBD427C02BE1445143D1BFE0C3E66
:10A9D000937F923DDAA5173D4E493A3D4A8A12BB14
:10A9E000E0D7253E3D5CF63DF873893EACC7953E09
:10A9F000A711733ECAA0F33D468F043EF088B03ED7
:10AA000083DFAC3E5E817E3EF038393EF062A63D8B
:10AA100002F92A3D7EBA01BD4264EE3DA950983D3F
:10AA20000DD31CBC7FB33EBE3ADE45BE39669ABE2E
:10AA3000AC4A86BCF21BB33E6B68733EAB1B91BD48
:10AA40004899443C4D62303DA0DFAA3D3E7688BD2A
:10AA500012D3083E2B063C3D5027AF3D89729DBD69
:10AA6000B79F12BD6510183E6A8D813EA9086B3EE6
:10AA7000D931523E11F39B3E45F61E3E6373933E21
:10AA80005E207D3EC461813E0AAE863EA990053EB1
:10AA9000295FD83C7888123ED12C18BD875CFFBD59
:10AAA0008328C7BDB6AC2E3DBD69D73DC410A7BD38
:10AAB000B73CB2BC0DA2B43D426E443E014D2E3EA9
:10AAC0008FDE85BD41BE94BED375993D7F4C01BEDE
:10AAD000066DD03D17300E3D1E81E33C2DAB0E3E82
:10AAE0007171813E3A8D5C3EF4B04C3E8293973E4C
:10AAF0009B630E3EAB5DA73D0EA4CA3DBFDC6D3C23
:10AB000085F3F33C1999B73DF9CE07BD0B7E26BD01
:10AB1000810D27BE60E078BE64220DBE41BC19BD28
:10AB20008B9A8C3D0C0C3E3E1C8E023ED559F73C58
:10AB300005B7DFBDBE8E63BD5955813D9D7B53BDBD
:10AB4000D4E72D3EE3CB1C3E0AE65A3E06CFC83D75
:10AB5000E140653D1E90F03C0DF7043EFE0B893D43
:10AB6000BFE2FB3D2A659F3D2517AD3DE86C313EB8
:10AB70000AF2CC3CAC981B3EA347973E68A920BC88
:10AB8000987646BE0588E5BDA605873D88B9D8BC40
:10AB900040DB503C43B285BC983DA23D75B8243E95
:10ABA00023B731BEF24D793DE3C9093D5C3F8D3D90
:10ABB000C9FE183E0A90123E90F6533E077B963D22
:10ABC000EC43D4BDE9A46CBDBDAA37BEC676CABDF0
:10ABD000A9E8A9BD08D1993DCBEA093E5D34853D80
:10ABE00080DE733E5D5BA03DD46F5B3DBF160D3EC6
:10ABF00078B840BE903CCEBD59D84F3DB23EA23D44
:10AC00001D40C3BD6146A6BDD44AF9BC913F323E4A
:10AC10005080E9BD4B69FB3D6CCF253E810D3A3E2E
:10AC20009A7C203E27B7163EC202C73DC5D2D7BD8B
:10AC3000B70D8EBEBFF4B8BD8A4714BD630267BEB0
:10AC40006065A73D6790973DD203C23D4ED937BDA1
:10AC5000A034803DDF321EBCD76B8F3E03B5503E23
:10AC6000129641BE0127D2BE6E9796BEA698423C70
:10AC7000C3880B3D24B758BD3703F93D6EF5363E0A
:10AC8000DBFD73BD8BB3BEBDD65BA83C4E723C3EB4
:10AC900042D98F3E7AD74B3E4AF6683EC7EFA4BBF7
:10ACA000DC511DBE4F5ED73D1DBD3BBD49338EBD42
:10ACB000B52ED1BC7E88493EBB48AD3D43A7E4BD1F
:10ACC000E49D443AAC00953D30D67C3D2886F13B6E
:10ACD000D8F0A43D10B61EBE891FFBBB8E2C03BD51
:10ACE000D430B0BD50E7FBBDB019EE3D32C78D3D4D
:10ACF0000F983D3EE49DB53D26D94F3CEC89643D1F
:10AD0000F0E972BD5EB56CBD26F3A63A5B50D0BDCE
:10AD10003129D5BDD863C63D7AAD9D3DAFB7DDBD08
:10AD20008886A0BD343D243E2990E63D1E7C8DBD25
:10AD30003B6F3E3DE2DDBF3D433D343D6E7F90BA0B
:10AD40006DDA07BEAF3226BEC10B30BE50FD06BB6A
:10AD50004454D1BD56466EBD703E1B3E546A8E3E75
:10AD600028F4943EF02BE2BDFB8897BD5A83D3BDF7
:10AD70004ADA8CBD8FE380BDAA76553D707903BD5C
:10AD8000E3B37BBD856C253E9513603D026B30BC03
:10AD90000EA37ABD6DE45C3C65D997BC600CDCBC4D
:10ADA000D9F8C2BD70D4FC3D54A1363E1B8462BDAF
:10ADB000CB0C7ABED51C44BE7CED32BE7C001C3E62
:10ADC000763825BE1A3B4FBB9B3826BD65ED683EE5
:10ADD000D843A0BCC7451FBE077AF4BD9E6928BDF5
:10ADE0006D85803CF753AC3C3AF880BD100124BC23
:10ADF000988FF0BDEE5A003EF4FEA6BDF17B9F3C5D
:10AE00002E37FEBD8A8989BCF8C7E5BD2C5B443D61
:10AE10003E59423E5A1E0D3E3FE2F03C84177F3CB5
:10AE200058AB77BEE67438BEFC9C5F3ECDE50F3E66
:10AE30004D089DBD98D5113EB76320BE0D6AE93B14
:10AE40000599EFBC029B0ABCD83EAA3C10D0D9BAE7
:10AE5000EB9A5DBD867916BDE06D9C3C341803BE4F
:10AE6000C5F134BEA21315BE0589633C07FEBF3C85
:10AE7000C7F1BEBD84BC53BD5EF7CD3DAAFD433EC8
:10AE800069C3013EAE1A323D731A033D298D97BC4A
:10AE90009A860C3E509947BD9B19D7BDBE05403BD5
:10AEA0006872C33DD3AD293ECD34B43EBE9BC63D92
:10AEB00017172D3DF5B705BD026CAD3B5D68F43D40
:10AEC000FB41A5BDBF6E5EBC126F723C2DB043BE90
:10AED000D07B60BD9FBED6BDE7425DBDBEE510BE66
:10AEE000F06570BC4EDDC93CCAC84ABD8500A83CAF
:10AEF000E1F5523D5EE12BBDC040FCBD2D7B7CBD2C
:10AF000094BCBFBD6CE896BED38720BEF9AE6B3E45
:10AF100028D124BCADBC773D253DA5BD3ECC373EF8
:10AF2000130F633E3652EA3CF1501DBE3F6783BDAE
:10AF3000908D3A3D8217ED3D10DD90BD72041BBE31
:10AF4000D61D15BE72702BBCE34EDABCCE2F9EBD53
:10AF5000E4782E3C88FC3D3EBB9B8EBE2D99ECBD1B
:10AF6000E6A4E2BDEA5244BED96592BDBFE889BD00
:10AF7000D4A033BD7608F0BDC792DDBD92952C3DBF
:10AF8000C6EB733E6987963DF14EE23DC6938A3D1E
:10AF9000AAC8073EC6776F3DCF035CBD55B0943D50
:10AFA000750B163DAE9B06BDCD59803D3477AF3D48
:10AFB0000F7FB5BDFFD087BD299E1DBE3911E33C73
:10AFC000F506C4BDE0E24CBC733A8DBDEDB7183D4B
:10AFD00093023CBD0BEDD3BDCB55583E22632E3DB5
:10AFE000C8E7BE3C7C13893C32556C3EDB0184BE15
:10AFF0009D505CBD6481173E4E4F60BD3DE3BE3D3C
:10B00000B4432A3EDC19A13D69E6EEBDDF208EBCCB
:10B010005121E93D1FA3273C6BF2203D2D83A3BDA9
:10B02000E002A8BD620DF5BDCDFD60BD14A2D4BD8A
:10B03000373B08BE55910B3DB680EC3D7BF0833E1F
:10B04000EE25CA3DB4256D3D16EE8BBD28414BBDA6
:10B05000389211BE2E5E5EBE28B07D3D192F86BE91
:10B06000000E1D3B6BD6673E072F293D8BB8343E43
:10B07000725AAF3D345D1F3E81438EBD7B27893DB3
:10B080006C989B3D97431F3C8A204AB9BD8137BDD0
:10B090007230A2BC869D1ABE181B91BD664D95BD2F
:10B0A000203E2EBE03A5D8BD13EA27BD784310BDB0
:10B0B000FEDD1FBD4AE73FBECF3855BEDD609FBEF7
:10B0C00008A37D3CF348DCBDCDD54C3CBBB253BDA1
:10B0D0006D4F8FBC0522BD3D7BD7683EA3DF033E8D
:10B0E00018EAA6BCCE46893B95915A3DD8D5813DFC
:10B0F000D2DD0CBD16CB4DBDBB2653BCACBF75BC61
:10B10000AE6AC7BDDF4412BEF6F70CBEFC77A1BD28
:10B110006175C73C3B4129BE19DFE3BD184706BE38
:10B12000D6BC61BE577082BEF2D52DBE6DDF63BE48
:10B1300089CDCBBDD1A415BEF8C9D43EE0A58ABD4A
:10B1400067278DBDBEEFC63C6EBD6E3E42C32B3E33
:10B15000D5C968BC8F1B01BEB93FD3BC1D347A3D35
:10B16000B3548E3C4CE80ABE5B44633D3674393DB3
:10B170002BA68C3D0297DC3DBD5BEB3D993767BA52
:10B1800034E40C3B6D3D2B3D2CCF71BDBBEE51BD6E
:10B19000E0F936BE681A3CBE7EABA7BD4DC880BC88
:10B1A0009067B5BA41D70ABD4017A4BEA45643BDA7
:10B1B00017D5923D088715BD1637C33C0BAD783DBA
:10B1C000493327BE04F6C53CB219E0BB4A7B403E7A
:10B1D00027FDCA3D35E104BC944D283D1C1B743E3F
:10B1E000768BB93DC9E97E3DA080C63D4C2CD43D4F
:10B1F00017661A3D23EBF83C45ED013E62AE04BEF6
:10B200008F13903B3CFA16BE2969873D28B0393E22
:10B210001D33943D2CF617BE8249A7BE207736BC5D
:10B22000D8EF81BD12F725BDAAB236BED3C94E3EB6
:10B23000DFC6BE3E0107603E925D303E1E6D013EA0
:10B24000722BE53D47E489BD36817EBBFF8A073C12
:10B250001955D13DD7C44A3D5E85003EF8908D3EDC
:10B2600029754F3EA70D2DBD16CD52BBF6FE41BD33
:10B27000156D7ABDE349A8BD3C64CF3CD107813E42
:10B280000A7BCA3D11105BBD34B50CBEF13230BD36
:10B290001014F6BC4228343DC5AC423E0293B0BD0A
:10B2A00053DF3D3E2FA0943E7F0D933DFE13873D1F
:10B2B000C4D4743DB02F24BEF3FF843E2E900A3ECA
:10B2C000F017C7BDB9E33ABEDDA7F0BC04D73C3EDA
:10B2D000DD7D893E2A25023DE5459B3CEE08C93DC2
:10B2E0003CBB7A3D1A823FBDA452FBBC42F7F9BD7C
:10B2F000EB26D3BD67B3B63D8AFDA7BDD22638BDC8
:10B30000A803033CEEFC83BD40B647BBAF2209BC9B
:10B310005D84403E42C3C63E82D6943E5192C33EB7
:10B320003C8DBB3D0D62353E8980D83EA3F4A23EE4
:10B330004168DD3C9B2DF63EA929003F6CF578BCA9
:10B340002E9F6D3EBADE963E655C5A3ECC20423E54
:10B350009613313E327D403EDB56BC3D28C437BE9D
:10B36000E15B333E4C9B4BBD25C59C3D000D333A04
:10B370001FF006BD62B274BDB0E1A93C30EDBB3B2D
:10B38000AB237EBD82D939BDE4EC673EC6B1573EE2
:10B390004D722E3EC6FFEC3DC05C753DA910D03D00
:10B3A0005963A53D4FDC743E640D453E81EA823E03
:10B3B0001376B73EE38C5A3E65E2893EA5C5953DBE
:10B3C000913E1B3E65177A3EF054A13E073804BEFD
:10B3D00010DDD33BF017193D2617D8BC40E04E3C9A
:10B3E000A446A2BD1952913D01D09F3D18A35FBC58
:10B3F000555F46BD06136D3D6358893D46C6533DB6
:10B4000008E5DF3C3057A7BC80F8463A6003A0BB94
:10B410001F80E03CF2732B3D70C2EA3C498A75BD47
:10B4200030B5FCBCB0597A3CFAF9303D8CAF31BD37
:10B4300012734E3D40239E3AA8721FBDC89A1C3C11
:10B44000B1FCA23DD4F5C8BCC8EA0B3C208E83BD3C
:10B45000969D7BBD402DC9BBC7DA90BD90BFBEBBDA
:10B46000002817B9B53F6DBCCB2C1BBE25121ABDE9
:10B470006FAA08BE9E412EBDA874C6BD3F8A213D5D
:10B48000C1CA18BE91061FBE1EEDEBBD0B68013D83
:10B4900027F197BCC780D83CC221EABD2CDBCCBDCC
:10B4A000DF0D1ABE221B58BE16E452BE2A0AFBBD8F
:10B4B000407424BBED4CA0BDAD3786BDB03E203CF2
:10B4C00061C47ABD106612BC000799B9EA6651BC26
:10B4D000EADA48BEB1172ABD829F37BE794481BEE1
:10B4E0004DC858BEA5B8F4BE03CAD9BEE492AEBEDC
:10B4F000270ACFBE7D2ED3BE7AD63BBF5846D3BED9
:10B5000018A4A8BD21E01A3DC1428FBEB00EE6BE10
:10B51000459482BE58079DBEA6DAA2BED5B4BCBD76
:10B520005203693D78F80B3DD6AC6FBD11C495BD93
:10B53000079C833D1A72313D23872FBD12FD9ABDB2
:10B5400023167DBDB6E585BEE4F1E9BE869AA6BEAA
:10B55000EAD094BEBFB554BE83F7E7BE984ACEBECC
:10B5600057CDD4BE2DC3F8BE97B82EBF80811BBF68
:10B57000C7EE19BF8F4593BEFF6C50BEC60FE4BD2A
:10B58000B8A2003E0B7E903EC507943DC4E031BD9D
:10B590008B54D8BC08B8533EA24F783DA6E27C3D00
:10B5A000DA63643D97A074BDD80A4ABDDB8869BCE4
:10B5B000D3936EBE30B512BEB38081BE507ADCBE6E
:10B5C0009B72FEBE559CE8BE0DA300BF60BBA9BE2A
:10B5D0009B82A6BEFD01A1BE5E9F50BE513136BE0C
:10B5E0008B74ECBD68AB83BC382AF7BD419783BE32
:10B5F0001A7205BE09881F3B76B0CA3D7BBF62BC8C
:10B60000BCCE57BCF2C2053EF22F01BE236018BD6E
:10B6100039C2A3BDF43D1F3D22C5E8BDE87C803D95
:10B620005FB4A0BD8D3871BD7A0BAEBE23AED2BE65
:10B63000CEF3DABEA54A04BF4FC353BF8FE32CBF7E
:10B64000E642FEBE39DB4DBE9297CEBD97A0FABD55
:10B650008200403D2D9E14BDB72DD5BD4F84B0BE98
:10B66000B0E51CBE5151913D94B7A83D588E26BD02
:10B67000A29D5ABE794D47BD117FBB3D13D0543EAC
:10B68000C19986BD10412BBD0186823D6C54CC3ED4
:10B69000C8F7DEBC0AB1A23C169801BED153C9BEA0
:10B6A00059EA18BEF78A9DBDFD3CA7BEE41A9EBEAE
:10B6B0005F8B03BF312DE4BE186287BE28BDA9BED3
:10B6C000BE3E98BE194A59BEBFFB17BE099294BE32
:10B6D00081709BBE8287533C53054DBC1716B3BE89
:10B6E00020B89FBE161B4DBE3F3C033E6DF93D3E4C
:10B6F0004A16953DEBD2BB3E8A09553E0F60193F75
:10B70000C6BFF4BC6551F33CB844563E3B7B923E09
:10B7100022459B3E46CAD93DAB6092BD6DA5EEBDAC
:10B72000CA80D6BCAA7B1FBE25C8BBBEE417E6BE36
:10B7300060C57ABEFFEE58BD3F2F7EBEFC0EACBD8D
:10B74000B5CC0DBD92B211BD73160FBEC2107ABE3C
:10B75000AAC35CBEFA70923D4F98053EAE5ABC3EFD
:10B760009B79BC3C58799B3E83E2033E4D600ABE08
:10B770007B42D73DD13A863E116C333E4C60293E28
:10B780003845EF3D46DB863EE492B83EDE178A3E02
:10B79000F614793ED7D1F63D11879F3D8AD5BFBCBF
:10B7A000B8A18B3D25CA89BD970B97BD70AD21BC53
:10B7B00080605F3E796D813D848D033E4A4B893DBB
:10B7C000B72C843E10F9963D246068BEB5E8F83E7B
:10B7D000CEA486BDDA0A1E3ED865D43C4CDC70BDD2
:10B7E0005501793E8E5CDB3EE877553EB2E4853EFE
:10B7F0003034283E61D3803E4C6FDF3E6E97F33E7F
:10B80000F721E83E1300FF3E2448F03E83D6A33ED6
:10B810003F8D7E3E64204C3E9760153E9D23363D15
:10B820009F396F3EA36D9C3E087AA33E10E7AB3D67
:10B83000FC04073E88244C3EFC9CF53C1CE09C3EEE
:10B84000ED6D653C7C43243E9F16C23D6BAC86BCCF
:10B85000CB22E23D82FCB43E34FAED3EB92DB13E3E
:10B860007B73903E6BB7943E72BEE93E2AF4023F72
:10B87000AC46013F73A71D3F09BA083F5C98F53EEF
:10B8800021787F3E5920263D00F6A13D8B94193E3C
:10B89000A5A8913ED5A8843E0199793EC8E93B3ED2
:10B8A00033F3213D25178C3EA5A2C53E715CBE3EFB
:10B8B000EC0103BD5ED2703EB00AD63D70A74F3D8D
:10B8C000FD8E383E7D888D3E72D3263EDC88C93D94
:10B8D0007228863EABF1CF3E5822AA3E6F24D63E58
:10B8E000E8BD8D3EEF894F3EFED65E3EF9B5823E05
:10B8F000DA76DFBD805845BD77E550BC01B6AABCFD
:10B90000AB6D6A3DCAD69BBD9A26273E76D2403D96
:10B91000AEDA2EBE7D50D93DCB16C13D0ECB0B3ECF
:10B920004B30173D796C1E3ECD67FB3D31BFD1BD1D
:10B93000B93B15BE703CA73D488B53BD73E0993DA4
:10B94000BCC34F3DA81B153DC2F071BD7FB1C0BD4A
:10B95000BE1212BEC7F31ABE1F4E1FBE291F00BE65
:10B960007E8539BE8C2015BD74E2DCBBB3452C3D11
:10B97000C61C15BE97EAA5BE641F13BD4A488EBDFE
:10B98000192C0BBDDD0C103E690DE93EAA23CA3E01
:10B99000A817653C193F3A3E5EACFF3E648836BD51
:10B9A00068FAB1BE6B323EBEF07E8FBEF665A3BEB6
:10B9B0000E5B6BBE496AA7BEBCD53FBE5947E9BD09
:10B9C000685C66BED46A43BE0A828BBD47AE1ABEAF
:10B9D00096F7BBBDF31CA13C72609D3D130FB7BD34
:10B9E00088094D3E1717B2BD1AEDD8BD33DB21BC17
:10B9F00030B8333E5D3A043E2D1C623E2450423E38
:10BA00005307443C595E233E03EAFE3EF589A6BD3A
:10BA1000DC2C7BBE2B4AB1BEE7FBD4BEB46AD3BEDE
:10BA2000EEE585BEA79F81BEE101F5BDC0B3FA3D3D
:10BA3000F3AE1D3E0F2E84BD7B578ABD3407B8BDC3
:10BA4000888905BEF7C2FD3D0A0E0C3CBC0CB1BA9C
:10BA50005A1B9E3D1ED1A8BDF566133E8363823EF0
:10BA600008F7843E23C7E33D5649E33ED238813D83
:10BA7000B9CCDD3CED4D4D3D5205033E462E06BF93
:10BA8000824C8FBE9E0770BEACB79CBECA8682BE7B
:10BA9000368592BDAC96213DB91C5F3D95CF383EB1
:10BAA000F6DEDE3DEA90B13C6385773DBA016A3C43
:10BAB0002BE885BE451E00BEA71C923CBF5DCA3B5D
:10BAC000CBF6183E8A4C8F3D3810353EC5F82A3EDD
:10BAD00015D29B3ECF45B2BD5E64E93C180F463E91
:10BAE000260C493D57DFF83D7654323EFA93A5BE09
:10BAF00040C36DBEB15689BE51B894BEE61EAD3D81
:10BB0000C9823BBDA85E533D56500DBC044EF63D68
:10BB1000152DC63D2E392C3D48F0403DC4BB9E3D01
:10BB2000258552BE6A05BC3D8E50093EDE20DB3DB8
:10BB300044308E3DB171023E495B103ECF51833D92
:10BB4000E4F0103E2AA323BEBAC5123E87E3923E1C
:10BB500008F649BC7930A33DB169123EDEF89BBEC0
:10BB60003B67E4BDFC1FBBBD07B136BE36DE853C7E
:10BB7000B07959BC2A0BCCBDEC7C04BD41DAC43D84
:10BB8000A78181B9D6878F3D896162BDF17192BD70
:10BB9000CD2D14BE5366C03D79FA0B3EBE01F73C75
:10BBA00085718F3DE62EE63DA0495B3DCA0F9D3D68
:10BBB0003D27173DADC36BBE266ECFBD6DC26F3E38
:10BBC000B49F9D3C4EF992BC6D79793E667A52BE27
:10BBD0001174843CA856A63D312534BDBFB3ACBD1D
:10BBE000B72403BE177B19BE2263B53D7EF41E3D0C
:10BBF0001EB2B9BDEF941CBD66DEA3BCD4AE003C42
:10BC00004E2B0C3D88EB173C4460843D776223BE8D
:10BC1000674613BD87B0F33C0EEE8F3DC50F2C3C3D
:10BC200082D53E3EEDFED5BD8508A5BDDBD9603E83
:10BC30000855193D574082BEA065293EAE32E8BE88
:10BC4000AAC83BBDA78C943DD722CEBDA21A79BD10
:10BC50005E564ABD440A09BEE0349CBDA187F5BCCE
:10BC600093021FBEFF260EBC6C6237BDEF2C62BD77
:10BC700001D0CC3DD98D043D87DE133E28C489BC5C
:10BC80006852C53D8A4AF83D65BBB13CDDB783BD0E
:10BC90001BCCA63DA385E9BD3BFEE53D98E71BBD5A
:10BCA000A000A2BD660F56BEB7C48D3E698ABB3DDB
:10BCB000872DD83D7B620D3B9EE8173DF375253DF2
:10BCC0005782253EEB17223CC93823BDD4722BBDC9
:10BCD000619E15BE1B9B0A3EFB33DFBC0CC4FA3CC5
:10BCE000D70E9EBDC475AF3C542412BC6116043DF2
:10BCF00072AB5EBD53FBDCBD43C8F5BC180C87BC02
:10BD000015CD93BE51E9CABDB8BC1D3E120488BC16
:10BD1000040516BD54BBB3BCAD20A33E1F79793ECC
:10BD200036C33F3E58687B3DCF56063DFD04D1BD2E
:10BD30000C5FC33C6430933DEB6C00BE126225BDCA
:10BD400020ECB4BDC158393DDF55A2BC2C1B873D4A
:10BD50006416BB3D8C219DBC97E571BC94293BBD0D
:10BD6000C98D95BE36D085BE7F5647BE20E432BD14
:10BD70009321D6BD2E95C53D5B0BCB3EC5E7873DD8
:10BD80000D2DA1BD91A81DBCA1618A3E56A84EBD36
:10BD9000F9748BBD4D983D3DA485253D6F1684BD3E
:10BDA000BC7EBFBC66F25E3E167018BCC89B4ABD26
:10BDB0000AF014BDCBF2A1BD19AABFBD392169BCDF
:10BDC000D1EF103ECB0C1E3E8A77183D983885BEC9
:10BDD000712FD4BEC2A23BBE978414BE7BA3433C4A
:10BDE0006932E2BD875DB9BD56126EBDB7BD78BD83
:10BDF000B0F3853B8D4F9C3D934875BE7682B2BDB6
:10BE00006CE8363DF775B2BC56FCB43D0AE305BD9F
:10BE1000C8ADF6BD4427F5BB37AEE23DB70CE63DF5
:10BE2000A668963DAB03213D30AF82BD109B98BD07
:10BE3000D407EA3DBB18363E420A14BEF56EADBECD
:10BE40002DD1A5BEDAAEB3BEBB8885BE89E9BEBE24
:10BE5000412324BD69BABC3D0806E8BD10D4713C3D
:10BE600046A5663DB2F34B3DFE639EBDE266333EA2
:10BE700061825CBEC4DCFABD47CDF83D9335ECBDB4
:10BE8000DA29E1BE440F95BED8C7B8BC8FD2D33CE7
:10BE9000BA0358BDBF2D01BE5DFCF0BDB06AF0BD58
:10BEA000A645153D549C8C3DF7E630BEA497E33C77
:10BEB00005DEA5BE78F1A3BE6EC3A1BE6C55CABD9A
:10BEC000195E213E308D8ABD916983BD36817ABD70
:10BED0005C89FBBCC833EABC54D92ABD12544C3E21
:10BEE000F8B7A13DAF6E343EDEBF123D0BE58DBD10
:10BEF0007FE967BEB8EE89BE15A149BEAE1111BB80
:10BF000035B98F3D8AFDCABCF2574FBE987FC93CF8
:10BF100093FC193E359C923DA1A95B3B1C99BA3C10
:10BF2000941164BE1D0B40BE2E7C7F3CB0CF163EEC
:10BF30007C32853E51104ABEE4AF6D3D9AA04FBDA4
:10BF40003AB270BD4A6C7D3D04388C3CED7B24BE1A
:10BF50006EF453BEE7B74ABEA566CCBC7BEA0C3C88
:10BF6000464F133DAC6397BD06D98BBDD5149CBD20
:10BF7000040C2BBE1E5A653EB0C3C5BD0B90803C61
:10BF80003C25A8BD517D5BBEB77335BEEE73A53EA3
:10BF900064479CBD207C28BE7031D1BCD23389BEA1
:10BFA000167EEDBE169B373D9AC5B7BC5462BA3CAF
:10BFB000B0EBDA3C6C28AE3CFE0C6A3D2F68813D4C
:10BFC0002553663D8895183EC0F12ABE847843BE4D
:10BFD0003D9B70BDE35DDF3D90DA923D3298EFBC52
:10BFE000601FC8BD7387AFBC01FC413EFBDD06BED0
:10BFF000452C32BE8265323E5F873CBEC76986BC37
:10C0000034B9D8BCF914563E582DC53D4B834E3E2D
:10C01000186A71BC809D3B3BCF90A7BD62FCA2BD5E
:10C02000EED5653DB050B63BA010BB3BB8C92F3C28
:10C03000A5B901BD54E60A3D680CCF3CA9D7A13D86
:10C0400050CDB33C763D313D30EEBD3C3860343CA4
:10C050007AB7B0BDB7956F3CA62C103E8082933D59
:10C060001344953D1FD8953D492722BDAE122C3D66
:10C07000DA4500BD6A395F3DC0A886BAD0FB5BBC1B
:10C080007EEC2B3D65F2AABD7406B23C0F0B1EBDC3
:10C0900041610DBD70E7983B5860DA3CA0DB65BD9F
:10C0A000B4CB62BD03FB533DC974DBBDD34EF23B41
:10C0B000F9D18EBDCAE73EBC3F79A8BB7396C2BD1D
:10C0C000344A51BEF80F20BE9F2F4ABE4ABC16BE4E
:10C0D0009700333E107DA73EB49F19BE569A43BECB
:10C0E000ED9401BEF7C30ABE294A053D5DBF9E3DE2
:10C0F00022CF693D9A305A3DBD9557BD90A272BC82
:10C10000E820EC3C3AFC3CBD927915BD1F9E2CBD4D
:10C11000D8CAEEBD4F0A42BE05DA093D50D427BE4B
:10C12000729D803CC0A08A3EF34E943E2C710FBE9F
:10C130003C62BA3DC7B5503E0A5A0C3E234622BE69
:10C140004DB5E3BDF68180BEB61BED3DB363DEBDEC
:10C150000704403DA6A520BD78B23E3C5F6D3F3D43
:10C1600026AE7BBD38559D3D2327923DD5663BBD10
:10C17000F8B427BC30CF7BBC0347233D2E7F7BBC6C
:10C180004984BDBD8D891CBC5F181EBDA6ED07BED0
:10C19000A55D4D3E7BFE803E0DDA2E3EED49953E7F
:10C1A0000453D23ED08AA53E29BDB03EA1F9B93E86
:10C1B000768EBA3E443DD53DDE80E0BCD2997F3CD0
:10C1C000A2BABEBDD18205BE93689ABEF9BAE5BED9
:10C1D0007DED95BE49BD8C3DD6F90CBEE056B13C17
:10C1E000F837ABBD6C40903DE2F546BD9C4EFEBDC0
:10C1F0005573A3BDFF00383B94D87E3EF03ADF3E36
:10C2000042797BBBF1DD523E7B9F923E56D8473E42
:10C21000263AA13E8625C63DD8884B3E6E24813EF7
:10C220001C02523E71BBC03DCA3EE13D1495113E19
:10C23000824D8B3DF365FCBDC96DB0BE57E090BE2D
:10C24000DBE3BCBC3D065C3EB43B443D6E321FBEEE
:10C25000A070F13B1E9079BD80B048BEAD7030BD7E
:10C26000EA50C73D83F33F3EAD20AF3D7131E53C21
:10C27000CF24D73DC4699A3D58866A3E891BBB3E90
:10C28000D31B713E761E2F3E6EAB583CED5A6F3D70
:10C29000F304C43D53E72ABD34CB523DD5937A3CD9
:10C2A0004AE30B3D8DD8F1BD194DE3BC688986BDCD
:10C2B000092145BE9FA50CBE974C4CBE34CCDDBDBC
:10C2C000B31AA0BDC86F1B3E58CF493EF52F1BBC0B
:10C2D0006619E73D18A3563E1CEA113E4D36CF3C89
:10C2E000BB43D13D85E9493E3C888D3E7AE6403EE0
:10C2F00058D1763E31121F3E001A5A3DA0D51CBCC3
:10C30000A761AD3D677CEF3C6FCE373D79AC0F3E0A
:10C310005BD09B3DF8B435BDF83CEC3D2F44823DED
:10C3200023D1F83D7F105CBECB340FBB57C865BD31
:10C3300090A4B63C29F0413E95C05C3EE6B01A3E62
:10C340002CEEF93D9810783DF7CEFF3D9E8C0E3EC9
:10C35000E831033E4A331A3B232C873D3E5C363E90
:10C36000117AB63DC3C9913E9A29553E4F5F463D6D
:10C370005FEDF83DCB3FF63D4B14AE3DEBC4023EC6
:10C380004B802A3EF88E823DB919573E6EBFDA3D8A
:10C39000F17208BEB1EEB6BD434416BDF1F61FBE44
:10C3A000AC82493D4898DBBCBDB0FF3D829B363C2A
:10C3B00034B2C03D6E4646BE593230BECF6907BE6C
:10C3C000C0DB003D6CD962BECFF718BE20A020BEF6
:10C3D000EF6C06BD7A1B4ABBEBCC253E2B621E3EA2
:10C3E000B9E2863D86A41B3E3A85F63CF625593DCA
:10C3F000001A173E719CC83D4AC67C3E63121E3E21
:10C40000C0D9BD3DA491053D68E7D43D4882193EA1
:10C4100065D6E2BC9C03BBBDF00E1F3DB823B0BD8A
:10C42000A454BABE293961BE1EBC7ABE28FFBBBE69
:10C43000FA4454BE74A787BE1623AEBE01BAD8BE56
:10C4400046F94BBE1E6D91BEFA2846BE9D46B9BD4B
:10C450008A3FB3BD5F13FB3D514A473DB65D42BDC8
:10C4600018DDF1BCA809D1BD86C1243E5A25113D75
:10C47000112A42BD5208D9BD50E618BEE7EEE9BB0D
:10C48000B645973D52F02DBEF31EAA3E076207BE89
:10C49000BEC1E3BE9E1A2ABE1ED588BE7838C6BE6F
:10C4A0000CF1CFBE4E2D14BFF60300BF483EFABEBE
:10C4B0003262ACBE22DEA6BE0A52C2BE17DF96BEF4
:10C4C00020A678BDAFE2BEBCB3CCCEBDAE67EDBD9D
:10C4D0007A91DB3D8385093DF710E43D5BD181BE58
:10C4E0003CF471BDAF34403E538199BBC585B53C2A
:10C4F0000733813D5C5073BDB42135BD8CAC9ABE11
:10C500007C94D3BEDEC86FBEDA16A0BE8B11F4BE1B
:10C510009E3816BF9D121ABFD167AEBED9087DBE28
:10C520004C2520BEE153A3BE65A156BEDFEAE5BDA2
:10C530009C4E0EBDD5FF0C3D8A33903DFD8CE33DF6
:10C540007C93BB3CE19999BB9E0A0CBD5DCFCF3C6F
:10C55000EA01713B207A583E8DC1FFBBDC9C81BD56
:10C5600018269D3D75032ABE9EF690BE62DD60BE14
:10C57000EFBEF0BEE600F9BE79E2ABBE14FB08BF29
:10C580009649D3BEB49F3CBE274333BC6CE39FBDEA
:10C590001376F73D22356B3B819025BE14F2ABBA82
:10C5A00098659BBC31D418BCCE27D83DDCE2203E38
:10C5B0000087053E6B988CBD6ADE75BEA1C64CBE79
:10C5C00051E396BDD8DE39BEBFBFE23CF94A9DBDFE
:10C5D000777B10BE851FECBD614581BE634D1D3E5E
:10C5E000742285BE2B5D023B0A633CBEB8A66CBEBE
:10C5F00050F3C6BD193ABABCDA608A3EC131F73D84
:10C60000B4C0ED3D913B913D2FC57D3D5D7DAABC04
:10C6100054CA4EBDC0C221BCA185383D0A9E9B3D77
:10C620003FD747BC10E99BBDF6A939BE6AA97ABEBF
:10C63000703E58BDC7CD99BD4635833E6A1268BC71
:10C64000A361443E1C7B3BBEB7538DBEC6AD723E5C
:10C65000AF16743EA1FB7CBB9764003EBE035F3EF9
:10C66000193FA8BDD67F643CBBA5F93DFF411A3DEB
:10C670004019BABBC133FABD76B4063EC637E93DB0
:10C68000CE3C643D999E123E67941D3E3F324EBCA7
:10C6900060C2E5BDDB8905BEF3D192BE08D461BEA0
:10C6A0007AAAFABA3A5E6F3B72D4EA3EEA367A3D2B
:10C6B000A8A8FC3D693D323E32DC02BE69D0B23EE4
:10C6C000BCF89E3EF7F13D3E584C813EA9678A3E3C
:10C6D000FD1398BEE4F986BD02E8CBBA6A573DBEA9
:10C6E000E30AE4BD79D01DBE45CFB6BDB7DFF03D4E
:10C6F000A03E2D3C54C8DA3D2A143D3D45560F3C22
:10C7000012800DBED11477BD14E6EDBEC21CA7BBCE
:10C7100026BE163E4E0191BD813C093F6011723E1E
:10C7200000A6073D45DFBE3D52166A3D3DCECB3EDD
:10C73000DD9D893EB89B0F3E48152F3BCB368CBC08
:10C74000B3F1E0BD6E3030BD7D80EBBCA44A83BE4A
:10C7500037725ABE354A06BE837D45BD47B0AB3DF4
:10C760007A6B243EDB2315BD79C766BC26436E3D3C
:10C77000A514293DCEEA793D38BEA9BD53257CBE1E
:10C78000271E033E63454D3ED652003FADF08C3E22
:10C79000E0AE11BD5FC60B3DF513B83D83BFDD3E76
:10C7A0001C16803E2171443C992C503DB75926BD42
:10C7B000088BA13DCB3F8A3B60EABEBD575539BED1
:10C7C000CB5083BE6311B5BDB4EA913952821A3E93
:10C7D0001719923C6E3149BC6C0C10BE8AC5343DB1
:10C7E0009B0A93BD826A29BEB8731CBE55269BBEA8
:10C7F000C48A49BD1DFEC93E83C38C3EECFF8C3EFE
:10C80000B5258DBE0A0F913B0BD8233D2033D13E79
:10C810007BBBD23CE4141CBD4D40993A54416C3B67
:10C82000F2076C3D025608BB94C8553D0D98F23B8B
:10C83000C503B1BD4B4907BE05F75F3D106D9F3D78
:10C84000379BE23D7CF281BDFF6641BD8828D23D29
:10C8500076CB093DC6B6B73D9AE3E03DCB51E63D08
:10C86000B39C793E291B733E6642BA3EBD40623E90
:10C87000816D8ABC9D55AFBDB733ED3DCC18423EAE
:10C88000159F9A3DC4BFF23D43DB9CBD9632663C8A
:10C8900052F4033E14ED3A3EA99F903D92A9CA3D41
:10C8A0001680E73DFA9F793E3B293F3E1317E43D52
:10C8B0006036833C7AE5C63C5369F13C4264FA3DFC
:10C8C000E8CBAE3DE8FDBA3D364BBEBDC51BF9BD5C
:10C8D00067EF6CBDA22EB83C3088993E2E59413E80
:10C8E000B08A9DBBB4C78CBDF375B03E98CD343EC5
:10C8F000FA0DA0BC3CBC1F3E7E9B463EB96AC13DC2
:10C90000628DBF3D794A383E69FF953D9704813E6F
:10C910000B7C6B3ED5B0893E29E92D3D35C1EA3D02
:10C92000B6E1D53CF1648A3C62792FBD3BDF1F3D07
:10C93000C11D813D1F5947BDD9DECEBD160969BD58
:10C94000CDC065BEEE1A76BEBE7F323E82DE1F3A95
:10C950000B04303D8048E73D2C38923E82C3DF3DDA
:10C96000D619D63D9A4BB43DC84029BD9226BD3D4F
:10C97000A01E5BBD9B7980BDBB647D3EBEA12B3EEE
:10C9800047B6043EDC22913CA1C182BC40F0F53D9B
:10C99000FA79AB3DB28E1A3DD23141BC1211343E10
:10C9A000A0882F3ECA27BA3C8E59B43DAA84A93D1F
:10C9B00023E5103E97BFDC3DBE9B85BDA87C1E3D98
:10C9C0005386C5BCC7DD87BD240AA53E97CB06BDEF
:10C9D0004CE9943DBBDADA3D4AB4EBBD2276DC3A51
:10C9E0005C2170BCE5F2B6BD5E3514BC3D44A73D8C
:10C9F000CF3A2E3D7BC26CBD6D7AD7BCD7B61FBD7A
:10CA000011EB783DB5BB9B3D3C16343DE9F2903EC1
:10CA10006C06453DC6E764BDC544023DAA2A573EA3
:10CA2000A63FA43EBCDC8F3D071C2EBE9C3BF3BC46
:10CA3000606B65BB5CE2F73CA63B813E91AC803D00
:10CA40002390803D5F83EF3D70249C3D60EA15BDDF
:10CA50003D04CABC34B57EBB9D0FDFBC944DBEBC4B
:10CA6000557C40BD3575813C9E9F19BCC9783D3EC3
:10CA70001A80AA3D242D733A6A9D72BE8AF961BD5F
:10CA8000C99C303E55BA623EB299403E28B40E3F32
:10CA9000E395C43E0626843D1F7BF5BC88A5A1BC5A
:10CAA000FF5E8F3D143D96BDB6F4D83DE70A493E82
:10CAB00021FE493E547DA9BDF3A5DE3D9AFA243DF1
:10CAC0000852C03D9B26223E787D1FBC4AC6133EBD
:10CAD000845413BB0658733D529F3D3EF451853D2F
:10CAE000387006BD5BB4683E70F62F3C3CB83ABE69
:10CAF0003453793DF54AF43E1CA3E03E070FBB3E9C
:10CB000099AABB3E7EEB223ED9773FBC4963973D55
:10CB10004D5F8F3DD19855BD2157FBBC53F51A3E53
:10CB20006A409E3D2D701E3EC4A4703EF660AA3E33
:10CB3000D109323EF23DBA3ECCB6B23E4D79B33E5B
:10CB4000F81B853E0A05B43D2EFD933DE748EB3BBF
:10CB50007989033E9ECD623E0FFCAABD3AD7CEBE78
:10CB600000C9B9BECF7D62BE5B96C1BDDFBA343DA0
:10CB7000F02EA0BDFF5DC1BAA4B929BDA45E833C5F
:10CB8000EFA3933DCC5269BD3736A0BDEB2AFCBD67
:10CB9000CBE59FBC741DC13ECC6F4D3E9B90D9BE72
:10CBA000034D9F3C893524BDF89DE43D9CB04C3D30
:10CBB0007572633E7BF5003E6527543E1457733E05
:10CBC0005E3ACF3EA275903EDC10E43DB2B2153D18
:10CBD000C8CCB83CBFCE1E3DF2F48CBD7BF8B9BDCD
:10CBE000D3E2353DA80D4D3DC0E224BD823D043D5C
:10CBF000C0DEECBBAACD0EBD51C982BD6CC637BD2F
:10CC00007ECEA03D064948BD48525E3DED5B0CBD61
:10CC10001AB127BD6F35CCBD1067273DCE6A1FBD49
:10CC2000C3990EBC5B97F6BD6393A3BE4597BDBD8C
:10CC3000089194BDAC66A1BCAA2D533D94F665BD88
:10CC4000E81194BDCED09FBD2260A6BC4C86DC3CD2
:10CC50007C2583BD508025BCE838AE3C1F9D3ABD85
:10CC6000681BB9BC56293E3D93C536BD0E91343D77
:10CC700049B31ABDB7695FBD805A76BC080A6CBD5E
:10CC800038356B3C126C5CBD786E82BD0FC08B3D3D
:10CC9000AE34B33D01E6BC3D8460333DE917A13DB0
:10CCA000A8993CBCF7F19C3DBBBD9A3DD29B4F3D42
:10CCB000D4950A3D461F3C3DD8E8843C0A4CCEBC86
:10CCC000903FCFBBC0A187BC3885A4BCA7A5813D40
:10CCD000E0475A3B5C1E34BDCF707ABD82EF273DE2
:10CCE00033AAAD3DFF767E3DECEA453D3FBE1F3E9B
:10CCF000A078923DCF1E2F3D074B0A3E289FFC3D5A
:10CD0000561AD13DC5DF3F3E7DE821BEE3F865BE42
:10CD1000CD19EF3E7910E73E11063E3E001E9E3EC5
:10CD2000DB03F83ECAB7493E72AA3E3E29E6C43D3F
:10CD30000AB83E3D3A86573DE6706B3D7C6B1FBDA1
:10CD4000DDFE923DFA9E9CBD4A4290BB97739ABE0F
:10CD5000CCB2343E75513E3EA726173E4623283EB0
:10CD60003C11843E5C58B93E2E84BD3E984FDD3E5A
:10CD70001847C53DB9EB00BE278F813EF0DE213C50
:10CD80000969333D0134D23E19CCF03EC223DC3D6B
:10CD900046F46C3E593BB43E4786803EB26CB33E8F
:10CDA000C8712F3E889D92BD5077FC3C87CA24BD38
:10CDB00050464C3C8086AFBCE91BA03D59097FBE64
:10CDC0005BF6EFBA15568C3D448C003FD9519F3C21
:10CDD00081D266BD23C18D3EFFCC2B3E80BEAB3ED3
:10CDE0009447943D205BFC3D07F39B3E85309E3E7F
:10CDF0001C2B443E2E09B53D891ABCBCA3511ABD5B
:10CE000075A0FBBC9C50113FBEF0703EF6FD163D78
:10CE1000B3C7083E4C6A89BD896F753EAA7E713DD5
:10CE20002BCC1EBD11D14F3DD16BAABE20938EBE1F
:10CE30004632F1BDC09B5BBEFA8F4C3EF43C913D47
:10CE4000FF561C3E2907BF3EA5377B3EB2E5953D08
:10CE50002C9F3FBC93EEA33CB49AAB3DDCF6073E5F
:10CE600022B200BD774CBCBD8759E1BDD30B223C3B
:10CE70009C15C6BD9A7C0D3D8E3CBFBD1E4CA53E8B
:10CE80003242963EBE42FB3D079A453EDD70393E3A
:10CE9000B438C9BCCD21A4BD541CDC3CF3C9E2BDEF
:10CEA00040D75A3DA383F6BD701C143E193EF53D94
:10CEB0003C27413E3214563EE511FE3D2E2450BC27
:10CEC000E34C90BC74E7F5BDA602573D5565BDBD6A
:10CED00088470CBD9D8CFC3C6271A8BDA23CFBBD8B
:10CEE0003C41E3BB92D93F3D9B4E01BEC893FC3D04
:10CEF00037E96B3E708CA73E1660C83E14A84A3EC8
:10CF0000A081E63B88111B3C71CD11BC8E884E3E42
:10CF1000C98E473D0ED93F3DF3DC693E6D66893DC4
:10CF2000E21FBE3D4830533D84BD9EBD234536BE05
:10CF3000A01907BE6F808EBEAE66B4BDDC1D9EBD5F
:10CF40008536D4BDEFAC0FBECAFBBEBE615B70BE02
:10CF50003E4C7BBE2516B7BE8CDFEEBEC9D19FBE50
:10CF60006E5336BE1D67EC3ECBDE25BCD1A6C73D59
:10CF7000CF2C953D5FC0CA3D05955E3D3A8238BED7
:10CF80001242153CEA78323EA3C0DB3CA522453E66
:10CF900020CC123E8756F7BADE87B73C9EDB14BC26
:10CFA0005368B2BE1B3933BED4FE6DBB66B77FBEBD
:10CFB0003ED96DBE246E1BBE6537B0BE7743CABE78
:10CFC0002EC78ABE72366BBEF147ECBE96BD06BF59
:10CFD0003221A0BDC9DB273FE69C9E3D4750603E05
:10CFE000C5683FBD7F660A3E8D5396BDE183BABEDC
:10CFF00040AD28BE5723083EAD19333E58C1553DBC
:10D00000F7CCBBBCC955F43CF62A01BC73D844BE6E
:10D01000EEFC7ABEA17877BEDFDE7DBE0C5A84BE00
:10D020002C7580BE056FA9BE233E05BFEB1A6DBEF1
:10D03000E426C03C07CA8CBE43EA82BEFC1086BE12
:10D04000D953083E79AA2B3FEF70A6BDC94F133EB6
:10D05000EBAD963D8EBA003E758EF1BD2EAD5CBE39
:10D06000069E41BE21378FBDCBAE113B8713B1BCAD
:10D07000161E973DEDF5003D7A151C3D1C272ABE76
:10D080007EA581BE4F9A97BE152067BE0B33C9BDE2
:10D0900058811ABD24E788BE025C20BE8602143E79
:10D0A0003D6BE83DB7B5D9BDD0836C3D978526BEB5
:10D0B000AFB2283D0C30033FBE15793D595A99BE99
:10D0C00013C3853CD706443D5EAC6C3E1595B8BE97
:10D0D000FDD844BE719E3ABE33F6B8BD6C8321BD07
:10D0E00099DBDA3D3A50A43DCFDBC6BD5A67FDBDA2
:10D0F000FAEBA4BEA4E556BE0A3F06BDA778823D62
:10D100002C61C9BD9A31D7BD24B2883EF1958E3EBF
:10D1100015BC803D79DF423E6E643BBDC77742BDA2
:10D120006E01883E4E8F5F3D389D9A3E1B49B2BED0
:10D13000E81A0DBDB6DA30BDFBE000BEF2325ABED1
:10D14000F5141DBE2A7253BEC9F67CBE95F2ACBD65
:10D1500027F2E13B0A5FEE3D6C35EE3C3025343C76
:10D160002DB232BE5E825ABDF354DC3D3EA2A03DDC
:10D170002CB3243DC25AFABDDB22383EC3C1503E17
:10D18000C32FC13D0668243EAD06363E84558A3D18
:10D1900035B7B43EA0298B3E8CC34B3E8F0C503D1F
:10D1A00076547E3D2320853DA42CDFBD77C9C8BDC4
:10D1B000A069B7BE28BCD3BE509788BEC4CB273D5C
:10D1C000DB49053E36F51CBD128D003EC694593E26
:10D1D000D28C0DBDA0F0273DECF9053EAFB6AC3DBD
:10D1E0009946143E4419603DAAB7D8BDA87C913C2D
:10D1F0008DAE01BDD343183E36A3973E162617BE0B
:10D200005C371A3E3F22C13EB16C953EE0426B3E18
:10D210006F26AEBDA9498CBCA3FB773E7E2698BD88
:10D22000B006D8BE1C3C3ABEB8A169BEC2C4F8BDA7
:10D2300056CA1EBD5CA502BD44E1663EB917803EDC
:10D240002C533F3EB7CE8D3EA119023E8424EF3DC4
:10D2500077FEA83D092A24BECB5926BD150F233AD7
:10D26000F530FC3B64BD613E6D4A683E7B8B633E9E
:10D2700063711C3D69D324BC357A093E2BA0443E22
:10D28000C2CACD3DA89309BE4E642CBEE3DD8C3CE2
:10D2900056C2FFBD79C125BD644BABBD3EA421BDC7
:10D2A000EBA1C4BD0019303D94087C3DE012433E23
:10D2B000C6BD863EC846533EA78B123EC267BB3DE5
:10D2C000FDAA5E3E827F03BE39893C3E7A3DA2398B
:10D2D000445C083CFD672A3E0338A63E97447A3DED
:10D2E000AAE020BCE21E3C3EEBBBBA3EEEE7003EAD
:10D2F000A19B903D300E99BDB36A27BE6BC0813EA5
:10D300004F3E4DBD8DB0B9BD25FAD3BC9AADB83DE9
:10D310005D02B33C1A8B0EBDCB733F3CAE1AFD3D94
:10D320000379423EDAFE873E39866B3D811BDD3D47
:10D3300036D8093E2A0A0D3EC49B7B3E8EB25B3D29
:10D34000373CFD3D5E6E3E3E93601C3E533A363D9B
:10D35000AC151D3EA1AD703ECBA560BE27B6373ED5
:10D360002E3FE0BB38CEF73BC48396BC29D2723D3A
:10D3700075CAD83D92F1653C952A243E9B111F3E0B
:10D380005228483ED840193EA286153EC0EC3A3E8F
:10D3900018BD563EC60CAB3D28982E3D77C6443E80
:10D3A000AF48873E4406C03EC337803E2A92783D50
:10D3B000E7F4963DB750693E13DAA13DEE21853D75
:10D3C0004EB851BD6D74F23E3B7FD03D04551E3EBC
:10D3D000AC7676BD4312BEBDF73CAA3DBA3A8A3C54
:10D3E00007E3DC3DB86E3C3EB2EB5C3E6416993C14
:10D3F000F10EA53EA26F1F3E9113953D0519BD3D4F
:10D400008F510ABED1F03EBDAEDC5E3C70F1473EAE
:10D410008A363C3EB0EA823EF7EA703E9FD3603DDA
:10D42000D3B3503EFCF4573E13F34E3D4FE30BBDD8
:10D4300047C203BD22A5453E380D06BE27E40A3E7D
:10D440002699B4BD014E99BDE52E0E3C48ED0DBEAA
:10D450000DDE4F3ECD72813EBBEF043E85039B3E09
:10D46000456A1B3E6F5C103EBD8971BC7B2615BEB4
:10D4700010E693BD687BD23CF580D33D3FD615BD09
:10D48000C20CD03DED98583EAAEC673DCFFB12BED2
:10D490009C5C6DBD4C3D953DABA222BD9FE8C93D56
:10D4A0003CF0343D4979393ED7AA08BE5E37863E06
:10D4B000FFB82F3C9FB282BEEF54B23DFE5A56BE1B
:10D4C00004D3283E72B2443DDCD88EBDD54271BD36
:10D4D000B7620CBDD0B2813D258A0BBE58D7143D32
:10D4E0006FFE4DBD762424BE85370ABC9465EF3DA2
:10D4F000351C4D3D7C036C3D949EA6BD20D4DBBD08
:10D50000784513BEB90E5FBD62F1C7BDF34E8E3CC8
:10D51000CAE7C9BDEBCE0D3DD670623E278D5B3E9E
:10D520004EDC4C3D50DD85BE203F5FBDF72F033DF7
:10D53000749529BE72074CBD6A1799BE64D7F53C35
:10D54000AA14913D651BE93C49284CBDC9DA8BBD45
:10D55000257FDEBC1A03D53DC95AE2BC2FB4BC3DC1
:10D560003619BEBDE04232BE242801BE43CFC8BD3D
:10D570003D31103CDA4534BBB48D64BD7C4585BE7D
:10D5800036A380BE1E1362BE08EDB7BC36509FBDE9
:10D590000CE9CF3AB97F4C3D2ACA3ABE8CBF713DE7
:10D5A000BC9D623D2590FBBD826A41BEEBA5CA3C95
:10D5B0005D435DBDC08A463CE12EC7BD71892A3EF0
:10D5C000A2507B3DCB44613E9158F43D0FDF1C3DA2
:10D5D00016C5093E32BA4ABC3A42A4BD7CBA703D77
:10D5E0000BC5BB3D21E6E53C281DFCBD32F19CBDD1
:10D5F000F6AC3EBE6BE2473D129DDB3E8C7317BD21
:10D60000D95422BC3FF85EBC2436B43CEB9284BDB6
:10D610004AE1753CB88BA3BE00E664BE7AC601BE83
:10D62000AFF1F5BD33BC2D3DB23C403E6FC3F73D7D
:10D6300056B7143E8AC2F9BC4DDFB0BDFDBCF8BC84
:10D6400073D2A13DC85628BDC74CAABE2C414C3D43
:10D650005CB45ABE3695BCBE33FF6ABE6B1F85BE36
:10D66000954938BEC14427BE3343453E8BA7DD3CB8
:10D67000287D5ABDF514AABDAC2DC73C6346523D6A
:10D68000D1CFF7BD78EC9FBE4D7AC6BEEBCA3FBE88
:10D69000EDFB493E6FCEE1BD66FF89BD0A0F8ABE34
:10D6A00036A924BEEEA77ABE4E7AB9BD31A87DBE9A
:10D6B000E58D6BBD0FF670BEF60ED6BEB43AA1BEB8
:10D6C000E418E0BEB370D0BEB28427BE05625FBE70
:10D6D000E5C957BE249694BD7E482A3CA83382BC37
:10D6E0008CF0C4BC17286DBDD0D3A83A8C45FABDC8
:10D6F000E9A283BE9F4BDEBE3C0619BFAC44D5BE3B
:10D70000DBE23FBE39FDDCBED3DCDEBEEB7CF5BE2A
:10D71000B3AA58BE884887BEDBBB473BB4931EBE46
:10D72000058E0FBD0DCF2DBD507BE6BE4C7E16BFC6
:10D73000F494B4BE19C8B63CDCE210BCB6B7F9BD6F
:10D740009D45003EB03EF0BCD149043E8030643C73
:10D750009E38303DF8C1423C6A5E483D4B899EBCD4
:10D76000E87830BD31F374BEA1C4B5BECD67D7BE75
:10D77000A74A20BFE8521EBFD71CB3BDB6B1C5BD76
:10D7800096F580BEF2F0CBBE3ED30EBE9C8DD83D4A
:10D79000D3D219BEE72284BEACBD82BE932713BC90
:10D7A00015AA1D3E124BB43D1D313E3EBE91763E44
:10D7B0006361F23DB8AFFEBD0F4E473DB8A32EBC2E
:10D7C000BBCB42BD60AD98BDB62441BDD2977EBDF6
:10D7D000018701BE797EABBED89A9CBECA5BA2BE51
:10D7E000F26A9CBE1467D8BE875AD5BE46AB42BE0D
:10D7F000810F2BBC943F82BDA442E4BE6510FABDEC
:10D80000FA1A98BE712FABBE6647C9BD947375BD39
:10D81000FA7864BE9179D7BD1B3F643E21378ABE3A
:10D8200029A67CBE2505D53C308CA1BDBCF2E5BC4B
:10D830005CEB81BCFAB622BDEEE5013DD674E2BCDC
:10D8400083454FBDDAD40E3D4DE15EBEFD0E73BE85
:10D85000E58FDBBD52A79DBDF63F5E3D4AB2ADBD33
:10D860001E5309BE40CCB7BE2F6495BCE6599EBD81
:10D87000CE7C18BE3FB8B8BCC05A2DBD29DF58BEFB
:10D88000E5568ABD1EFB8F3E0E4EB23E7C7F8F3E1C
:10D890000EFC7F3DF05DC5BC68481FBDD8F9713CEA
:10D8A000653C7FBDDC7E9D3C708D543C648CA2BC8D
:10D8B0005E6E53BDB51BA63D9C97A1BC705B103C32
:10D8C000C08529BBB02DEABCDB969DBD94AA4DBD99
:10D8D0000AD7A53DC9A4093E1254033DADE5343C29
:10D8E000E0BA98BB882A3DBD4042863BE47779BDCB
:10D8F00077CEA03D004AA93B3ADAABBD5DCF8CBDE7
:10D90000DEB43F3D2434AC3C24B6E7BC5078383C10
:10D91000D7719B3D6775843DF8A6A1BCDE33493DB8
:10D92000699E7B3C3606C6BC4480803C1D8AC4BCD4
:10D93000CBF0D43DE2F7B7BCFE6F90BD9F1D12BC8B
:10D940008D1F003EA7F1223EC18F773E2E5B933E96
:10D9500026CA2F3E8E7B7F3EC632E43DB2E98E3E24
:10D96000ED93683E21F6043E3D4C923C780A193C0A
:10D970003E643BBD6FFE15BDE260533DC2EF4D3DC1
:10D980005A195D3D9E39693D52E7CC3B926EAD3DE3
:10D99000A0EE3D3EA39680BBA4DFE1BCE11A08BE29
:10D9A000AE9144BEC17574BECFAE9FBD1FFB003E9D
:10D9B0003DCCE03ED9B4D23E4491BB3D4B84213EA8
:10D9C0002E4F103E2551DDBD19D3133EE9D05B3EED
:10D9D0008E219A3ED9B3BE3EA26C9D3EB72DCB3E62
:10D9E00075A68C3E52BAC139EA059CBD6C778ABCDB
:10D9F000387393BD7E31A5BD5F88653DF999BA3D09
:10DA0000E197513E3C663DBBA5EC733D2E18313E7F
:10DA10003AAEC5398D3254BEECB2843A89E5543AF7
:10DA2000C3F9E23DD259923ECAB7C03E4754A43E24
:10DA3000D8289B3E74C6493ECB153A3EDD207ABCC1
:10DA4000809157BD1512F9BD3091F8BCDFFD823EC3
:10DA50003CAB9D3E8C9F00BE9338E8BEFE856D3D7D
:10DA600000C51EBAABE609BD03BFBC3E0C9F8C3E91
:10DA70008B1D28BD2D1CB0BDF2F426BC852C963D17
:10DA8000C48E523E30E623BEA56150BEADD5933E56
:10DA90008BC3183E529F253E9E7CA53E64D3E73E35
:10DAA000BC2F863E1FCA903EEF63133E1C78D63DC6
:10DAB000B646FF3C8777D5BE9E6822BED01475BEA1
:10DAC000EE37C2BE644D80BE26B49E3E6AE52B3E54
:10DAD000800F4BBA9857203CC5769E3E3302BE3E1F
:10DAE00021E353BE4447C5BD15E481BDE4A70BBE89
:10DAF00093A68DBD28F15DBC1A56B03DF870FE3C72
:10DB0000E0BC0A3DBB926E3E6D1E1F3E8E661A3E05
:10DB1000A384853DA8B9823CB9BB683DCFCED73D33
:10DB2000F2EDC0BC805E243CA307A43D558D7DBEB4
:10DB300017DC88BE21A02BBE1B70F0BD8E0846BE30
:10DB40009FDE09BD19BFDABCEB0D85BE00B20DBE6C
:10DB5000D1F78FBED8567DBCAF5E2C3EE5FB84BDB1
:10DB6000C6718ABD17CD46BE5EFA33BEACFDEBBDB5
:10DB7000A06182BE94230CBE35B7C9BC01CD823BE7
:10DB800084DE953E32BEC43E5C7DF33E008A703E2C
:10DB9000EE4D5A3E9D337C3E81CE6D3E428F13BE8C
:10DBA0007D7CCCBEC0372EBEC73B8FBEBE0A6D3D4E
:10DBB000FAA5383D2BA30DBE3F609EBE65B2A4BE44
:10DBC000C6098DBEE9FC58BE1E0BB3BDE76756BE45
:10DBD0002DC631BD754B8BBEDEC9BCBEE293E3BE24
:10DBE000A80BB4BEFAB19EBE882382BD9E55F73DF8
:10DBF00032A9743EFE24D23EA5900C3F4344D13E50
:10DC00006AB1363EDED0623E42012C3E4BEE9ABCFB
:10DC100084F056BE24BC093E1B4062BEF34BD4BC0C
:10DC20008597D3BA53DEB2BD0B6264BE37A98DBEF1
:10DC300016B180BEC6D0CDBD97EBA0BD63E6A5BD35
:10DC400057FFC53DBD0A92BE383964BE6F34ACBEC5
:10DC5000D60158BE4FE490BE4868393B51619F3DA4
:10DC60001B7BA63E7E09873E5CD3E83ED067CE3E56
:10DC70006118CB3EF6A4D43EA119833E6BF3773DE9
:10DC80007C25EABD08B13CBE49D195BDE0562FBE0A
:10DC9000FD3CAEBDA4680ABE64951CBED3BA95BE59
:10DCA0007A4A94BD10F20ABE7BD7143B91CD12BEC6
:10DCB0003B1BB6BDAF2629BE28179C3DA60047BD1D
:10DCC000B7D8C8BD7675E5BC838688BC51CECE3D3D
:10DCD000E0362F3E60C070BDFAD4FFBCC34ABE3EE2
:10DCE0000F9ABF3EA89E1D3E60E3CF3D3FDE4C3EF7
:10DCF00004B8C7BBD23E1EBE08F98BBEC5A2A5BCE8
:10DD0000FD9AB5BD01DEC53CA988D23DC66E4CBEAC
:10DD1000889BB8BE3C3645BEA512B7BD41666CBCFB
:10DD200026D42CBD209E6D3DA36508BD97726E3C28
:10DD3000F48E183E7367EB3D7B332C3E9D02953D80
:10DD4000D3D1183C3AACA7BE91DD9BBD89B40D3E42
:10DD50004CE3823E6B43553E399CA13E1091D53E2B
:10DD600051C0B43DC167AFBE5B26B6BEDB5C503D63
:10DD7000DAA9DABC059A54BE17C8573E6CA4D1BEC6
:10DD80009D0CC3BD77F896BE2FE226BEF7A60CBD4C
:10DD900075CD083E3A6F08BD79F8073D365D9D3D6B
:10DDA00097371ABD9E9211BCA29CC33DCF8D5E3C9D
:10DDB000F2E00FBE38ED28BED5DDC1BC4F73B7BD54
:10DDC00035F0433E389CBB3DED75B43E8900A63E20
:10DDD00094809F3E6C7FB9BD93E0883D4BF3933EAA
:10DDE00041F571BDC8FD6EBE94C39DBDF817D3BE8D
:10DDF000C1618F3E94B8A23D3798EC3DE1E6973D76
:10DE0000460A34BDBEF9053E640DC33D082B95BDE1
:10DE1000A65986BEDD7798BE5ED599BD3FDF01BEAF
:10DE200014B721BE7C3EC0BD42EF9E3D8519E8BCC3
:10DE30008DF2853DE0B4EC3DBC50953E019DC73E62
:10DE400051B7433E276CC1BE9F3096BDA8512A3EB4
:10DE5000D35BA43DA957C7BD477520BE877478BE64
:10DE600050A9B53E4D46B03DC9E0D33DB9B649BC19
:10DE70002D21803DE10423BE845F313DE87A223DBF
:10DE80008FE21BBE89D3CBBC615E0E3D39A21DBDA6
:10DE9000ABCD03BEC8D8EBBCBFAA0D3EA242433DEA
:10DEA00009038C3DF148613D7DD7423E94A7003E79
:10DEB000A8F09FBD7F5113BF10EA82BE1E6BC43C09
:10DEC00025992EBD10F8EFBDD75C6EBE0ED08CBE6E
:10DED000ACB0603D45968B3E4C264B3D02B335BD04
:10DEE000B27B70BD0AE869BCBD649F3DC2A88B3B94
:10DEF000DD19A5BD6D36D33CB1A2E33DB6FEF73CBE
:10DF0000895EA6BDF9B211BD5FA1303C8FAF433D24
:10DF1000C3020B3D5EF40E3E840BB03D02C4603D77
:10DF2000B6FC69BEADD5CDBE0C4E51BE8E4C343C58
:10DF3000A10B1BBE4E90D83DC4E579BEB83EAABE2B
:10DF4000FB407BBCB985653E36DA0EBD000191BD54
:10DF5000E30F993D6F40B33C4DFE173CC332B23BDB
:10DF6000E2EADD3C6470903D8F23A7BDD78BAFBC48
:10DF7000976DE23CC3A4E5BCB56066BDC996B13DF2
:10DF8000C058D23C47C731BD18E24EBCCA7CA2BBC8
:10DF9000FF68C0BDA45168BECA4E023E3CFBA13C16
:10DFA00004AA293D5963683E55690E3EEE1C92BE97
:10DFB000BBD3AF3D9AEB863DA2AE9D3DF63784BD07
:10DFC0009BF075BBC685123EB3D8EB3DC8056EBD50
:10DFD000F1BBF5BD01848BBD0FE691BECE1205BE2F
:10DFE0001E47B53A8D8D80BDBD0463BD03DF05BE00
:10DFF0000C466ABE7E0146BEA49A53BDE39A48BE53
:10E00000B11AF1BD4230DEBEA7FE53BE56F4263C27
:10E01000788FBDBC754F303E163925BE75AF61BED9
:10E02000E4D154BE0F2B8D3D896706BD5718B7BD8F
:10E03000DC1F9B39EFC7CCBCED31C33C2E0823BDA0
:10E04000FBF6F4BD94DA14BEC25D3CBED1601EBDC9
:10E05000A5428E3D1E9B333DCDB47ABD9D53893C78
:10E0600009CE7CBE78BF6ABE8F25E6BD99D765BE56
:10E070007977A3BDC73A62BDC94C2D3E4E3E963D51
:10E08000ECE0A03E3CEFBB3D8E9795BD6F3F85BE5B
:10E090000E839FBE770756BEFE0113BD40041CBD14
:10E0A0008156D73DB658E33C3F001A3E29B89DBD86
:10E0B000A1F0B6BE1B605CBE6E59AD3B335B8E3DBE
:10E0C00097CE543D1F9049BD31A6CBBD4C7889BD3C
:10E0D00050923CBE2B4DA1BE37ADFBBD51FC24BEC2
:10E0E000EF8C4DBE262F90BD766E9B3D6D65BEBDFF
:10E0F0000F8F71BD698D373E963B343E353599BEE5
:10E10000A88275BE2AB3AD3C7DBCB13DD258513D0D
:10E110006429083E16894D3E69251A3EC5394ABE16
:10E1200061B4B5BCAFA4933C13F8C3BC8D81983ADD
:10E13000D5C5F1BDDE46FD3C559DE43CB9749D3D21
:10E140003BA0F6BC8CFA0BBE0268D9BD654BD0BDB6
:10E150002A0C803E43CA8ABEF412CDBD00CAD8BD87
:10E1600078391E3C9208663E0BAA69BD5946B6BD79
:10E17000A4B5DBBDA3941B3EDE146A3D3A18003EF5
:10E180008B9F1D3EEC7D383EDF330E3EDF14033D9A
:10E190005377BD3D228DE63D2FDFD83D9FF2FEBD7A
:10E1A000DE02BDBDFAAA53BEFCA1E13DC90DA5BC6E
:10E1B0000AF561BEDC0818BEF54ECDBD0C6117BD79
:10E1C000DED3B93EDD8C05BEAB006E3DA6284E3DCC
:10E1D00066964E3D6C8843BD6E06CA3D72E75D3E55
:10E1E000A81BA53DFD7645BCBF51503E43E0403ED7
:10E1F0001D2F59BB447D033D6622A73E44C8BB3D4D
:10E200003ED9343E1558603E40EC343D1F7981BD07
:10E2100016D510BE6DDC59BC36C2EA3DF4633CBD78
:10E22000B40BDABE8CA7B7BE56F6C2BE17660DBEDB
:10E230008AD462BE3CD75FBE3BDAC8BC05C7BA3CD5
:10E240000543433BE3E07A3D832CCABC0C1EC13D31
:10E25000410404BE3A58043E63D6793E6E11933DA4
:10E260005A8BC93D02A8AB3EAB84143E1C20ED3D49
:10E27000811E503E793C593EC7BC8E3EB6F5A03D4E
:10E2800082B0C5BDABB880BC3F42143E2FF395BDF4
:10E29000EBB4A9BE2C28A6BE58B4C0BEFC2B9BBCB8
:10E2A000FF2D1B3C647A8DBEC2B7DE3D08CE1B3C01
:10E2B0009C411EBDAEE5183D81EF8ABEB708833C88
:10E2C0003CBAADBE5204B5BD32EE02BEC6C6823DFA
:10E2D0007D1E5C3E0571213E1EC3CF3C5529E03CAE
:10E2E0009F98D53D0AE7ED3D9AC2AEBD215984BD48
:10E2F000229757BD617EBF3D9A8B773C262751BE42
:10E300008F60CBBEBE07DEBE62CAC93DC2B623BDAA
:10E3100032CDE13DD3C34BBE2540013EB7AD54BD28
:10E32000F3FA9EBD30BA69BCDC532FBE6CC32A3DE4
:10E33000AC5FBF3ECEC7BE3D512C68BE7BD201BE96
:10E340004D2E0C3E59C3B8BDBD1F9D3D7F1071BD04
:10E350008BE93BBCA184F1BC8CAD5CBE002B90BCB6
:10E360004DAB01BCD42B93BD7B6A8DBE73AD86BE15
:10E37000B424AC3C0969ACBD0D979A3DF19ED53DE6
:10E3800077AB5BBD384A37BED11B13BCEA6964BDAD
:10E39000B229343DC4BFC53C809A163EBB6EB9BE9F
:10E3A000BA3D5ABDF0AE003EC5CA483E7F59BF3D9A
:10E3B000BE42043E6B823CBC43D4D53CA4A78B3DFB
:10E3C00058085ABD8D3719BDD0BFFABDFB1D99BE87
:10E3D0008833F03D7744AF3CC94D4BBEBE6B043E25
:10E3E00049E98B3E9B458ABE4951B33DDE56CF3D40
:10E3F000019C2BBCA705CE3C8F7CA4BD7160823DE7
:10E40000518AA1BDC87D8CBC1ADB5C3DA7443A3E55
:10E410000AAAA33E4B4AA23E1432713E1D70CF3E63
:10E4200027DA163DB0DA023CB3E7833EA116413E3F
:10E430000860B6BCE383BC3C11D0E83EFA9C003EC9
:10E44000429DA83D39AB4C3E0D0F6BBE10F078BE1F
:10E45000536D60BD6F66D6BDD5E9ADBE2869D2BE2D
:10E46000158609BE4A7152BD192E8DBDB5292CBD28
:10E470003C2583BD357319BD1263F9BC2C93A4BC34
:10E480009AF5CCBD100866BD7A1A133E86F2233E7B
:10E490003E55643EC5622D3EDAF17A3E1079A43EC7
:10E4A000552C333EDF23A33E3524103E84239ABDF2
:10E4B000C50E6F3B88257A3E60DF123EC1061DBC4B
:10E4C000A1ED07BECE701A3DA5D6E9BDE6BA55BD91
:10E4D0001522953D00F39ABB4407A6BD372048BDE1
:10E4E000A0C8903BDB3144BD70E28E3BD01383BBB0
:10E4F000106BF43B30BC933B1C3A39BDC41A013D50
:10E500008F6E9BBD6C04AFBC846382BC1EF4AABD3D
:10E51000C29F733D80CAC23D78B4B0BD66BC773D32
:10E52000836A96BDA59518BD52AB1A3D8069B03C73
:10E530001A12403D9AB37BBD8C3B203DC184A1BDE6
:10E54000CFC38CBDC088943BBCE024BDAA069CBD53
:10E55000805B043B70EA9CBC4809013C32061D3DCF
:10E56000E5EB893C9AFE953D102AA13CF28A193DC3
:10E570008C4D93B99827EC3C5942423D9A783DBD69
:10E58000C9EE063EE05C003ED5C720BE47EC2ABE81
:10E5900073C8133EA5D14F3E93901D3E7FB34A3EB4
:10E5A000247AE43EBCA2763D3354493D967A0A3E35
:10E5B000987CBEBC72F9E8BC5EFD5C3DF89C1C3CDE
:10E5C000E8D55CBCA0560F3D011AD63D9DBBDA3D97
:10E5D000DF5AED3D30BB913E27D56C3EE476043EDC
:10E5E0000984CF3D5EE1153E75F3023D1E92D03E9B
:10E5F000029D533EE78ADEBDFFE0663EC34E013D0D
:10E60000A76D6FBDFA5F15BE11658EBE49BD06BE12
:10E610004DB324BD86405D3E0D9A0D3E6B323B3CB2
:10E62000B6202E3DA2C2893BC06BFEBB1024C73B67
:10E63000644B72BD7428A1BC5C9F003ED591FB3D2C
:10E64000468D213E9D04943E9837963E4E70803E06
:10E6500096554A3ED4CC69BD2A863E3C651AF53DA6
:10E6600016D0B33D8857093D5B80A43EE4C0953E7B
:10E670000938873E33FE12BCB542A4BE49B2963C6F
:10E680006574B83D2E8BD9BB97134DBDF36AD0BDD1
:10E690009BF507BD9687CABD5042053ED3C1963D46
:10E6A000606F7B3C369E4D3D1C4188BD5F9E21BC0A
:10E6B000B2BD9D3E4B36583E2734ACBDC74EA33B42
:10E6C00093E9033EB0464CBDB1469DBBB9BF2CBCDF
:10E6D000E3DFCABDAADB16BE571693BD59D0F03D85
:10E6E0008D44223EE482DA3D99108A3D086FB23CA7
:10E6F00050B4813DC223AABC855700BEFD436EBD08
:10E700000F7D26BE01476CBEB92DACBD0B32093E54
:10E71000D6CC243D18AC4C3CE2E1A5BCCE88B1BDC2
:10E720003B416F3D832A69BE1B87BCBE278689BDDE
:10E73000EBDB0EBE0FF09EBDFDB36F3CED718EBDE9
:10E7400098AAE3BD77E245BEAAEE35BD25BB2B3EB8
:10E750009C47963D92A5A33DD180CB3D965AF23D74
:10E76000720C2C3E93FBAD3C6D931BBEBFF10F3E74
:10E770007C22EC3D8B93DEBDFAA6C43DCF3C453EEA
:10E78000580AFC3CD224373D205ADC3D9611853C8A
:10E79000A0BB423EB8EA29BEE005D2BE356145BE07
:10E7A0007FD3A2BDE8F911BD9EA3B6BDABD279BDA2
:10E7B000E996A9BDC4A688BD656952BD900193BD07
:10E7C000F2B10DBDA29DEDBC3EFFB43D6626793C85
:10E7D0008FA1B53D711F103E005E083EF52D5DBE58
:10E7E00050BF15BEC9FB51BE148352BE061DE7BD06
:10E7F000028C4E3DE9790F3D60FA45BC314B953EA8
:10E8000002A0CE3D70200DBE58F249BEB37924BEA1
:10E81000AAD6B2BD4B00913D59A5683D49AE53BC47
:10E82000E05D69BEF2CA87BE5C7B8CBE83B6813C6C
:10E83000E992C83C1488DA3C453A913D1F97DB3D8C
:10E840004A33C13DAA3D83BDE4D6AC3D925602BEDB
:10E8500092F8303DEB5A5FBDED0255BED1203CBB76
:10E860008D71A53DC0C16BBD3C61203EF0AB44BE87
:10E8700013CD30BD7EEE2EBE9A9A1BBE146499BE97
:10E880003FFF16BEB91015BEF8A533BC15B916BEAC
:10E8900042323EBEF1BA44BE0CF91EBE0CA6C03CCC
:10E8A0003845153E341ECA3CF01D88BD70EBA73CB0
:10E8B00066EA073E69B40F3E4A0811BDE07FA8BE74
:10E8C000D09433BECD1700BF299D03BEE5132FBEE4
:10E8D000A86C353C29BC5BBEE51D54BEC964C5BEF1
:10E8E000FFC7843D5DB301BE41AB56BD0FB8C2BD8D
:10E8F000DB211DBE32541E3D4D8F803DEA6BACBD09
:10E90000E2A4BFBD0053AD3DCC32603D0C478ABD93
:10E910002BDE713BA5EB4A3C0347B33D23D28C3D34
:10E920001C4A3C3ED22C27BD0A2896BE6C5455BECC
:10E930000D4291BE072BCEBEED0999BEF4D208BEA2
:10E94000540D6E3CD9621EBE6A3A37BE1253043E65
:10E95000750F6CBEE8A5F1BC8B18203E7EF0023D21
:10E96000782F8CBDED4A4E3C680AF8BDE707B0BD74
:10E9700055C11E3E66CA143E48AB19BE30F71DBED7
:10E98000BB5228BE3A952CBE32C939BDD1CD40BA52
:10E990006B75043DCB2505BE9E4F82BEF1A03E3D6A
:10E9A000782046BE380D323D891C42BE07B540BDB9
:10E9B00090BDDFBD0B95DFBDE65DE33C09442FBE96
:10E9C000F5E3BDBDB4E22F3D0C54173DA71D193D25
:10E9D000C6FC3E3D6468423D78C5E13CDAA7CA3CCE
:10E9E0002935053E594511BD783C3FBE273B96BEB3
:10E9F000F11812BEB17FDFBD87C6C5BDC0FC3E3D6C
:10EA0000D848A4BB44C672BCE751DC3D72049ABD31
:10EA100038EB44BE1C376DBD95FCE7BE45686EBE45
:10EA2000E144173D82A5BABD0E590F3E9FC8A0BE56
:10EA30007FEE48BBDD0BAC3D7FE80F3EE6D322BE48
:10EA400044CC893DAD9B833DB9C1EEBD772407BE63
:10EA50004762963C649550BE3DEFADBD67CCAABD04
:10EA6000691CD6BDD2E21CBE01A649BD707EB93A72
:10EA70002EACB03D39810D3EFCD8513D16A9593E12
:10EA800080FE5EBEA4D7B7BE839DDABE5E8473BE31
:10EA9000503D533C3F979F397140F3BDC05219BE62
:10EAA000BF6CDA3D9616813CC2361D3E06FC433EE5
:10EAB0007D5A343E3F8BAE3C8F8F09BD30BD2CBE9E
:10EAC000134106BE2CED09BECC09433D34E40E3D96
:10EAD00037FB94BDA92DCCBD658084BC0F16273EA5
:10EAE000D3E6C83DE6FAA13E93BA663ECB4B873EDD
:10EAF000A9E549BD35BEF5BEFC9BD3BEBA5F343E29
:10EB0000AF21103D0443813BC90696BE0267F03930
:10EB1000853605BD8D3884BD8141913D64B8C03DC9
:10EB2000091A963E8B71B13EA776513D493C4B3D4B
:10EB3000114BE1BD7625ADBD86D7C2BDD342923C17
:10EB4000928F33BD66D3CCBC8428B13D13A7173D4B
:10EB50004567833ED8C8B83EDCAA293E303E133D07
:10EB6000DD50CFBD04B618BD67EEDABE8A9416BD7F
:10EB70005D546FBD42C8CB3DFA863FBE049C983DB4
:10EB8000F86A1FBD1F82B73D73BB4D3D4A0AC73DA2
:10EB9000841FBE3ED6614B3EAFEA333D477E49BC43
:10EBA000EF08E9BCEAD89ABDF16925BE7DDF30BC2B
:10EBB00085292E3D17A3073CD21A043E7D967E3E42
:10EBC0004CC7093E117A873E89AE303E4F633ABE4C
:10EBD000A133D4BD8179383EC444B5BDAFD71EBD85
:10EBE0003DF4A8BDFB4D493E644F8E3CA2BE7F3E26
:10EBF00081B9B6BC69F5A03DD295B43DA9DD8F3D84
:10EC00009149413E2675313EC963743E7CAF053E55
:10EC1000187E4C3B855C4CBD1ED335BDAA126CBD25
:10EC20003037CBBDA3AA943D3731833DF6AA103EC1
:10EC3000DFA7433E59BEB5BC3DB637BDC8F20CBDDB
:10EC40003BCCAB3C5187E13ECE798BBEC04B043D03
:10EC5000B2881F3DE6EF9A3D8F55303D5CF7D93DB8
:10EC60003A6B41BEE2320EBC65948BBDCF19953E26
:10EC7000D8ED923EF5FD7A3E7C1DA33EF1A5D63D32
:10EC80004F28F93D9A1C783BE0BC1E3D947F85BD22
:10EC90001D7705BD6E15FB3DA355DC3DA0E3D03CC3
:10ECA00059D114BEB5271CBE79F23A3CA616ADBDAB
:10ECB000EE162CBE28089A3E1874533E107DAF3EC7
:10ECC00020B0803BF18034BCFA9B05BD6E04203E31
:10ECD000966D1FBD24FCA2BEA06FC13D4726E33D3B
:10ECE000377AFF3D9A263A3EB802393E9C55193E86
:10ECF000CE284A3ED698473E97B0B53DAD3D2E3E14
:10ED00008AE19E3C33AF613E5963273E8FC0203D70
:10ED10002ED67CBDF3A7203C4466F23D2B4AED3D48
:10ED2000963C0DBE7DEE153DAD83613EA696D23D6F
:10ED3000904AB43C25791C3EEAAA4DBEA0ADC93D1F
:10ED40001B9B05BCA8C69DBC9E220ABDC7E888BB0C
:10ED50005A41D53DEF16383EBF81573EA2219A3E1B
:10ED6000343B763EC1A572BDC418133E0C7D433EB4
:10ED7000793BCA3DE8F4D33D2AF12A3CE27EEF3CE0
:10ED8000813B20BD294E83BDE750E93D67AD9A3DEB
:10ED9000991578BD6DFAC53B39DBE03DC3A0713EE6
:10EDA0005ABD503D4CC5053E65FB1DBE6AF98B3D05
:10EDB000E098AB3DAC76F0BC4026D3BD7F2F073D3D
:10EDC000C85300BEF1F8AA3D0302EE3DC569113DEE
:10EDD00047E8B33DD40A9C3DDD5B7A3EADF1FD3C96
:10EDE000E230403EA353033E5C2E67BC1952A5BDE2
:10EDF000913786BD9074BCBCE383A93DE965853D30
:10EE00008A23553EBB6F4A3ED9FF093DB00D72BD06
:10EE1000E407633C198CE8BCEFEB43BD4FA165BD33
:10EE200039DA55BE0EBEECBCF27E0FBE802A12BB94
:10EE3000765AC63C4D4291BDA6F7F3BC3AE48ABD72
:10EE4000FD193A3E1866523EAFCD0C3E6C8D46BD64
:10EE500050C9943EF2ADF63DDF34073D18F3C2BC15
:10EE60005383E63B7C92FDB9CD205A3E6095693DC7
:10EE70009371E63C896B99BD0CF2AFBE9AEA193DDD
:10EE8000C3656ABCF786123D2A15253EE496C63C4A
:10EE9000A615C7BE75B588BE71E93FBE363428BE1B
:10EEA0001F8A29BE01AA02BEF1B3EABD7DA910BE28
:10EEB000F49E563DE726303EAA550A3DBAD0E93DBC
:10EEC00070A46A3ED811393ED7132ABDE9A9963BF2
:10EED000731599BD2AA7193D0AF0213E8D0F203EDA
:10EEE000E32A6DBD25BF10BE672E8FBE2D7ED03CA0
:10EEF00033EBA83DD0AB193D3B97E0BDB1B4693DC4
:10EF00007BD1A4BE7A5171BE0CD399BD053E1EBE05
:10EF1000A58177BEA0DC81BEE1C8D9BDE9A9E1BC6D
:10EF2000BE13B3BDAF12AE3C69F562BDF7FCBD3C8C
:10EF3000B13F2BBDE7E08FBDD104863D4702663B64
:10EF40003DB4E3BDBDFBFEBDB0F2893E2056FD3DA4
:10EF500057AA743EE29FB4BD64BC06BE557A893D93
:10EF60009AA9733D7899C1BC3EA958BE1A1BDE3DD3
:10EF7000205C3C3E9553DD3D09531D3E52903D3D86
:10EF80000273253C903F533B5247C03CBEBA843C81
:10EF9000B8EFB63C9813EDBD783BFCBDE30216BE5E
:10EFA000BAAE9DBD0102F5BC6977863DAFD76CBD99
:10EFB00080679A3D65791CBEA187863E0AF3943E20
:10EFC0004B3EF5BB1639DD3DA50C2ABD21F9873D29
:10EFD000935A28BDB59EA23D7F5A763EE05B6CBE3B
:10EFE000DF761FBC425FA43E3A0CB03EB39E863E25
:10EFF0009DCFAC3DBD971D3EA680DFBDAADF233D62
:10F0000082E6D03C65ECA9BC37BF8ABEA54783BE6B
:10F01000C0DABEBE994029BE81E29C3C9987D6BC2D
:10F020002526F8BCAFDCD7BDD66DFEBD5583BBBB76
:10F03000B34746BEF552E6BC968272BC48A1203D5D
:10F040005070B63BE38534BDF62F85BDEBDDA53CA6
:10F05000EC0C993EFB8F8C3E3BDFAA3E85B46D3EA7
:10F06000BEA6063EF76F593E968F9D3D12C89E3D47
:10F070000EFB253D1DD99A3E77D66F3EE22250BE4B
:10F080002A74CEBDA21C6ABE083C87BE22FAA6BE68
:10F090008D44653CEB45013C368A72BD13CDA03EE4
:10F0A000559C9F3ED9115A3D806616BCD42619BD89
:10F0B00098EB0C3D83FB9ABDD8554FBDF38FAA3D0D
:10F0C0002BDA30BEA9CC27BE946A883D60DBB93DFF
:10F0D0009A28303ECADAA4BC995CDBBD609D4FBC67
:10F0E0003522A63D00FE5A3EE6BF11BE41304DBE60
:10F0F0007D1783BE64A3D13D4B0CB63E2C135F3EFF
:10F10000FB40063D493662BDF4F1A3BC9ACE8DBEEC
:10F11000C0AB26BC00790FBB48F976BD024BBEBC24
:10F12000D85DD83CD9AC953DF2DB623D10ED013D98
:10F130004C70E2BCF4069EBC4A83603D97B1903DA2
:10F1400098C92BBC2A5E4BBD16F588BD898AA13DA6
:10F15000ABE47EBD16D3BE3BDEC593BB08DCA0BDD1
:10F16000C8C763BD6032E03CDA8F2A3D6C6ABEBC22
:10F1700038822A3CAB32AB3D9B1115BD826E2B3DD4
:10F1800046792F3DCF19943D8ADC0C3D4E56083D03
:10F19000366501BD661D7FBD652C95BD38AD673CEC
:10F1A00052250BBD7AD495BDFAAF65BD0AC3A1BC8B
:10F1B000636800BE52A81ABDDE57C2BD1E3AB8BC75
:10F1C000EC2A69BDA88A13BE779955BE19850EBE73
:10F1D000EB178ABD7164B7BC883306BE2BB97FBEFE
:10F1E000BFAAE7BD60B1E2BC8926B0BDD0DC60BD7E
:10F1F000A0B60BBC9A6A8ABD0C6E6FBDF6A4E4BCC7
:10F200006895903C70D155BC838F1ABDD9311F3E93
:10F210007D8F06BE9833C7BB7D328BBDA2E401BE95
:10F220000C319CBE2099CEBEF010E6BE7C92B3BEDF
:10F23000D42816BE00E4D9BEC111ABBEBBAEB5BE6C
:10F24000445DC8BE8BA3A3BE71DB83BEAF31C3BE1A
:10F25000C9FDD3BE95824BBD99CB33BE8E021CBD7A
:10F260003FC283BED48122BE83F82ABDA8070E3CCC
:10F2700002729BBDE08E5D3CF501773CB31C1D3EE8
:10F2800004CFD53C749A74BD087D64BE006F4FBE38
:10F29000DE03CEBCE80CE6BDF3D291BD4C0ACDBD79
:10F2A00009B058BEC2BA37BD0384ED3D7B61223E32
:10F2B000F85C293D4CA4DF3D1709CC3D81E102BE3D
:10F2C000CC70FB3CEDB36B3EAED2743D6B5D2F3E1C
:10F2D0004A0DF33DBF07993E9B05753D81EAA93D67
:10F2E000F85F9ABD421939BC1E29ABBDC8026D3EFC
:10F2F000C15AACBC378773BE73356EBEAC5EDEBD23
:10F30000E0665BBEC6C53ABE7F0F3CBE12A3FB3DA6
:10F310008B4A1F3EE233753B5169503E0AEC253E55
:10F320004C00B53C2914E93A5D39E23D258C1CBE00
:10F330004E1AC5BA895BF13D2FD8893E5A7F983E57
:10F34000CEAEFA3E6D530B3F2071C93E0B7A1D3E87
:10F350001AC1CABC9828F63CB2108BBE6E6354BE6C
:10F36000A85035BEB80944BE898213BEAD3785BCEE
:10F3700026DA583EE566653E7513A03D0461A13E60
:10F38000E6E2693E7E895C3ECCED723E617F003DE7
:10F3900043EAE83C32F88C3B873E953C99128DBDA0
:10F3A000A2EFD6BD2EC498BE57E4D4BE2F75C1BE01
:10F3B0005FC6013DA794793ED971763E5F5E913D6F
:10F3C0001EF6303D731CE2BD02D9EB3EDF3BCCBDE7
:10F3D000D5CD10BD1311C4BDC509B3BD891F86BDF0
:10F3E0001B4CEA3DF36D60BC9A618E3DD3A5653E32
:10F3F000A543D93DE7B01C3E95AAAF3D00712F3E15
:10F400002FD7283ED5BB413ECF67893DEBF005BDE8
:10F410000EB337BD379E86BDC19D4EBE1016EBBDE7
:10F420000BAD1BBE264CEFBBD1DDD83D38F301BD83
:10F430001FCFA8BDF11221BDBF1A993EC47E54BC96
:10F440001CBD8CBE151CCDBDD04F6FBD402DBEBDAB
:10F45000B38480BDD3825D3D56417F3A87A0233E71
:10F460007047F13D4736373ED5FF8E3D9166D83D1A
:10F470002EC0473E9B85133E984907BD49A5DB3DFD
:10F48000248138BD3EAD603C547756BD7C9A953C96
:10F490001C96B33DD291133E4451AABD2F26B1BD57
:10F4A000B0CEA23CC2119F3ECC17AB3E244D7EBCD9
:10F4B00097F59DBD1DD0803C7514F63DD4D8BF3D59
:10F4C000D9CC163E985CAABC92032EBA375E573D43
:10F4D00059C89C3DAEE6583D08F71A3D3AEC013D4F
:10F4E00034BFB23DB810C23C2B542E3EEA99723C58
:10F4F00068DE003B93D1823D23C57FBD0EFE0EBE6C
:10F50000CD2F1A3E7F51B63ECE17253E3EDCA13CA4
:10F51000A4F9413DEE526D3EED30FE3D3927183ED7
:10F52000E17683BDF669AB3CC922643E4D1CB53D16
:10F53000D13C283E3E551C3D1626BBBC1AEA3D3D3B
:10F540003C3B123E82EA183D3D706D3DBB538B3D06
:10F55000FD4D64BD2F59793DD610C03D7D70943D61
:10F560004CD25A3E8F9F693E0D0A83BD7F15B3BDB5
:10F570005091843E01F6633EEBCF89BC31D8653EA5
:10F58000871E37BD0791F53DD1243D3E73FFEF3D0A
:10F5900017EF243DFCCBBF3DB835A23EC894023ED8
:10F5A000BAA8853D22A02F3E104358BD2A5CE63DF7
:10F5B000C0D301BD0C7CA23DA1FA9E3D552B44BD9C
:10F5C000D68A1F3EFC53423D6EE7EA3DA376473D97
:10F5D00013500C3EEC35823D53428E3CC5E446BB95
:10F5E000D5D1AC3D3C28873CFF7990BE9CD4733E7E
:10F5F000D52BB03DEC61A33D070EF83E6B84143E65
:10F60000E22857BDF96CD83D4B5F313E67AB8C3E6D
:10F61000ED74A53E509A373E2C7B583EFB7A5C3EFB
:10F62000837B4A3E26E28C3D90586EBB2403DC3D32
:10F630001BCFFA3D5D2C2A3EB1B02F3E1750F23C55
:10F640009F02413DAEEC73BD9836CB3D2C3EA23DB2
:10F650004F6B653EDD9571BE4B07893E3453F83DD7
:10F66000C170423DD937603DD2CAE03ED8AB533E6F
:10F670006633A83DBE38153EBF32EDBB5504553E3E
:10F6800002294A3EEE023C3CBD98803D6AE74F3D70
:10F6900062061EBD3A6509BDD912C4BD8B310B3E51
:10F6A000BB520C3E993F433E093C033E9FDABD3CB2
:10F6B00098C81C3E8A64073ED46B503E0280983E38
:10F6C0001EFD9D3D64B69ABEE149B6BDC4AE323E54
:10F6D000D2183FBEDCE9863DF1AE153EBF2AD43DCF
:10F6E0005B649E3E960AD43D26DA72BC9230143E8C
:10F6F000DB01113EC6C18D3CE6E4463E80F0C23DD2
:10F70000F984B7BD8BD7C9BD3D8A46BD4199493EF5
:10F710003609083E04589A3DEB21023E72AB64BCA8
:10F72000BD0E053D14B9DB3D4706833E2A73153EE9
:10F730001A6F1BBEA38937BDDFA133BE135F20BE86
:10F74000A1CA4ABE2BD638BC6BA2C3BD21E2B53BD1
:10F75000F3157A3D778C293EBCB11E3DB3FFDD3DEC
:10F760006D4E0D3E2D23BC3AA18B183E9AB0243D20
:10F7700009F92BBC25A8FDBD7E5E5ABD20B2633DB4
:10F7800045DE90BDD5D4A83D00B4253E7443553E1A
:10F7900001F4133EBA48CE3DAA31043E935EF53DD6
:10F7A000C9AD24BEE17282BD5CB9EBBE937931BDB7
:10F7B000DDD300BD8778133EA632CCBE22060B3DBA
:10F7C000D8EF153E011BBB3CFFE221BDC642833D85
:10F7D000A738A73D5FC0B0BD3380553D9D2795BD7F
:10F7E0004B72053C523897BD1D2446BE997A7FBDA9
:10F7F000422792BC189C8B3D3ABE3A3E3D51003E9A
:10F800002887383E9752CA3D6867933E70052D3D64
:10F8100045328FBE5A8627BEDE7AF9BCE0F317BEAA
:10F82000577A813D48111BBDACFA71BE4D3721BDE1
:10F8300080C20D3DED94633C5FBDA43CED0987BCE7
:10F84000640B1F3EF231D7BC6FB5A13D8A1314BDC6
:10F850004EC260BD434B22BE44B927BE68B7BD3D12
:10F8600054CC463D522D043ED1B2543D7AC002BD27
:10F870000085223E44D024BC0C8B003E733E57BD15
:10F88000636EBFBED55BC2BECD5153BECD244CBE50
:10F89000AD30983D496596BCB4A2EABDBA8263BE5C
:10F8A00076BE603C6B4BB73BC61381BCF038013D64
:10F8B000DE30DC3D85923C3EE1463B3C3919FBBCE9
:10F8C0000EFA27BAB9D3DCBDD8200EBD1548C83C06
:10F8D000D10A463E3C0C603E9E97A23D28E73B3D48
:10F8E000682B493CB4E430BEB5410CBD9602013EE4
:10F8F0007371C0BD233590BE2D33113CBF7C8FBECC
:10F90000577F813E0BE91FBECEC58FBC80AC2BBE9E
:10F91000BEE8AE3DBA4F1A3DA8D5893DBF230E3E85
:10F92000E6202A3EFC6D8CBD7A2E423C0E2B923D89
:10F930003A1F05BCC63EA4BD3372063D49CCBEBBD2
:10F94000CC2B0C3D19F8CE3DCDDDB7BCCED4E2BBFF
:10F95000988B553DE50B7B3D55E0DD3DF3BD213DED
:10F9600059CCB9BDC2FF9CBE840E523E56B7A7BE4D
:10F97000CE9415BD2FCF5D3EE4C4C03D80878F3D42
:10F980001AEB483DF556B6BC5F3B96BC798C8FBDF3
:10F99000353C4D3D007FAF3CE1DA2C3DE9DCADBBB1
:10F9A0009CC4B5BB3DBA9FBAFC190BBDB5E0AFBC5A
:10F9B000FA92E5BD8B7885BC2C8D643D2244953D43
:10F9C000DBABBF3CAE989FBC5E18A7BD060F0BBD5E
:10F9D000823D553E024CB9BE74ADE4BDDF5E9EBEB5
:10F9E000109088BDE626373E842895BE0BED3CBEC0
:10F9F00033A25BBE4AE0EF3D4AF75DBEC0913FBE19
:10FA000068F2EEBCE71B4E3DAC0F913D99A66C3BF6
:10FA10004AFDE63C3E48F93A777D8FBDD61F76BC5D
:10FA200050B324BE7DC3E5BDF5A42DBE18AD0EBDFB
:10FA30007FE36DBC9FD877BDB11E5CBD4BA16ABC96
:10FA40003A48833EA27B8EBD96F2F4BD2DC8A9BD77
:10FA5000AE16B13A6D99CDBD79D9C5BE1F8ACBBE60
:10FA600071B0CCBC0D6C2F3E352848BD39445FBE0B
:10FA7000860D04BD810F94BC3E9C673CF12367BD9D
:10FA800068A5A2BD92A541BD55A5023CC7E8B6BD7B
:10FA90003CA243BD9BCB7CBC1D4E34BE581DEDBD6E
:10FAA000D24221BE3CAF0EBD02F4CFBDF94ABABD71
:10FAB0003E8FEC3DE22F19BD2F24B7BECD055D3D35
:10FAC0002C2BCFBC35F0963C3B3ACCBD5578CD3D88
:10FAD000750AB8BC26F808BE439B8EBCECDC05BD9D
:10FAE000617E12BE69E240BE03C3FABC7BF957BD1A
:10FAF0000FFD293EBA9D7CBD7CD1E63BC5C2863D4B
:10FB0000CCA30FBD273ADF3CAE7B3CBDDA6612BC0E
:10FB100097FA4CBE5D7B4EBD2A01B3BBB72EE63CC7
:10FB20005158923D5A47B33D62EA61BEE2B1F0BC22
:10FB300050B7ACBC98B819BC833C46BE94B2183ED2
:10FB4000EC5DC1BC3DAF84BD6E0611BDE7BC893D17
:10FB50009C9ED2BDDC0F84BE679082BC6475C5BC20
:10FB6000211B2EBE21699DBDA7B0B73D16BBD9BDD7
:10FB7000445D4BBD2E9944BEE529B7BD765245BDC7
:10FB8000DD2665BD27CFE8BCA1B302BD22C8683E13
:10FB90005820183E197F0B3DEC2289BEA4045ABDA3
:10FBA000100990BC6EBC543D7120C23D9F02BCBC8C
:10FBB00039AA4D3E9711243E9AE4CE3DEFA5803EF2
:10FBC0000A5CF53DA9C467BD4C5A0FBE7AF401BE6C
:10FBD000E4732CBDE967B23D85ABF1BCF404EFBC26
:10FBE000DB22023D732634BEEB528FBEEFA2BABDBC
:10FBF0001589303EDEB111BD35D2063D9863463ED3
:10FC0000DC6C46BED28B2DBEEF17CFBDFBC69A3D36
:10FC1000DAB6533D31A584BD58ABE33D3404443ED0
:10FC2000D340813E99D14E3E066835BEA7D29F3D56
:10FC3000A06727BDC9A37B3B7C38653E6E90843EA0
:10FC4000EA9329BEA026BDBDACB1C73D9D2D6E3D3A
:10FC500045425D3DDA169A3DDB7C523E8EBC333E1A
:10FC6000B042EC3DDECB313EBCC9333C219A9FBD56
:10FC700027CA1ABE231F9DBCAA65A4B9C05787BA5C
:10FC8000E20D80BDA033B83C80D3FEBBBBB3A83D22
:10FC9000C0D75C3EB9A2583E8B0B233E163A853E38
:10FCA0001AEDB53E9A39ED3EDBD7D63DB6B7C53D28
:10FCB00047DF963E8510AA3E682DBB3E0B209B3D3C
:10FCC00068D6433EFEE99E3E60C72D3E12B4AB3D72
:10FCD0002F00B63E4D3EC83E4BA8AB3E922C61BDB8
:10FCE000271B3A3E19A2A2BD6620163D9873D1BCCF
:10FCF00096CB193DE2DD82BD2F5833BD84AAE4BC0A
:10FD00003D365CBD546EF53CC9AD7C3E92EB0E3E7B
:10FD10001307603E5DE20A3EE6D54B3ED25BA33E52
:10FD2000243C883E95CB6B3EE531783E375DA43E62
:10FD300052B5863ECBEB8A3EADFFA13E92F4943E97
:10FD40002EDA173E7E726F3E2B3A473E02BD7DBED5
:10FD5000C2A10B3D5ED0D1BCCC6EF93CC141A13DEE
:10FD6000F024633C62CB1DBD4CDEABBC4D5753BD94
:10FD70002A6724BDCC2FABBC9813ADBC12ED233D3C
:10FD8000B8C82EBD3A9EA2BD6C1A823C68E807BC7A
:10FD900009438BBD42D8FE3B36AD413D9A24983B8A
:10FDA000C066F53BE697363DC0FDB13CA6CFDDBC55
:10FDB000561F343D46C2293D826C673D10F1D9BCC7
:10FDC000D237263D809B17BA008162BC3C7F70BD54
:10FDD000085D81BD9CBF37BD4737803DF67A32BD97
:10FDE0008EE9FCBCFC1840BD4E71913D127B66BC97
:10FDF00073EE683DC1AB45BC544F4FBDD683E9BDE2
:10FE00005407DDBDC7B0433D3AD6063E0AA4873D40
:10FE10002AAFFB3DE4788ABCD75DA9BDFF8295BEC1
:10FE200034BF9BBE76C22ABEB715693D73B328BDE9
:10FE3000A8808D3CD0744CBC401ABB3A76C8103DAB
:10FE40006497923CC059FE3B5A755E3D942CA9BD07
:10FE5000D714303D283F23BCCE6D8FBC42DBBA3D6A
:10FE6000BEA5B23E4C25003F7E7D143FC2D9613D08
:10FE70002318D93DC6CE253E8A16753E90AA333E3C
:10FE8000A391BBBC899373BEAFDB6BBEF264E9BECA
:10FE90009C16A6BE44D1E4BDC2430BBB2D7AE73B02
:10FEA0007EC4063D2765013D4E407B3D02A4183DC2
:10FEB00026C9B2BC6942913D94BA52BDA49CACBC67
:10FEC0000C6D083DD8D0163ECEF8053EFCE0A43EB1
:10FED00080FEDC3ED3178F3CDE736C3D8BD150BD72
:10FEE0001E7EF23D6B0C833D26AAF23C8B53AABCCE
:10FEF000B872033D13C6A5BC9FFB21BE069546BE46
:10FF0000F9A133BE379A08BFB3E801BE0250063EDE
:10FF1000665C26BDA60E80BDEA2FE4BD08D2023C79
:10FF2000A59A11BD8440CE3D7DEC713E8053903E3C
:10FF3000FA11073DA7503E3D290306BE8EAC19BEFF
:10FF400009578A3E573D81BDB362173D871DA33CCB
:10FF50003B26A93D7048BA3D2BC7E63D9C7BB53D8D
:10FF600063D2063DC45968BEE68283BE47324EBEA8
:10FF7000B1C687BE9A16E4BEAF33AABE362B8BBE7F
:10FF800073A8A4BE1B67FCBD0DCFC33E6A868A3D25
:10FF9000874D10BD2439A6BC55C27F3E49EA703E4C
:10FFA0004D253F3EE37FDA3DBCEE563DD8A5703D82
:10FFB000C1B2B2BD2D56BEBD5DC1B6BC3EF8913CCE
:10FFC0003671A73DD2774F3E3D213D3E6A030C3E40
:10FFD00055AF5A3D3EEFB8BD60DDC3BD853255BE5D
:10FFE000992C86BEB71CBBBE8DEBBDBEB9B815BE85
:10FFF000428B5A3C9768373EB384D7BD1D08A63C58
:020000040801F1
:1000000012BB8FBD6D89FB3D5B562DBE64A0843E47
:1000100055B98F3D071E46BE7E5C443DD6D532BEE7
:10002000D53084BD927B2CBB4AF3E8BA3CF358BC74
:100030004960B93D7CD4903DD3B73B3EE5F9363EAF
:10004000CFDD833E876F533E766E91BC01D6B6BE40
:100050001F118BBECB232EBEB0A195BEE8BB95BEB3
:10006000EB00AABD895FD03E0490CA3D145CBC3D44
:100070001578723D08288F3ECA96FABD2EE82C3EB0
:10008000B629153E821A24BED7B2AB3D3E913DBC87
:100090004625D03DC4A3A83DD24068BC8BA078BD06
:1000A000535A423D5435FB3BB116123DD5702A3EA2
:1000B0007140203ECFD51D3EC1324BBDB064E5BD81
:1000C0006AC8ADBE7D9CD3BE58CA25BFC00CF0BE69
:1000D000589865BE6603F43DB36C92BDDCD05E3BC0
:1000E000EC1F50BC9E22F5BC7B87B63D32F5C73C69
:1000F000718CA43E55CCD4BD60CE47BC1CE8073DF6
:10010000DAC6173E3B74B33D1240D03D17240DBEF6
:100110001EB37EBDD2F72D3CBFB18A3DC5DC743E17
:10012000CF33673E226B8E3E6D47EE3D0177943DA7
:10013000BB5959BEDBB4FFBEAA40B8BEE689DEBEDD
:10014000D591DEBEB2F814BEB925083E529B70BEF2
:100150007B150B3CC06140BE1AAE833A2BEA963D3C
:1001600086A7763DB7C9483E5735813CAAFB8A3CF5
:10017000A898983CE7F1133E9B52C03975CB42BE1C
:10018000C61AB3BD4413BEBD54A5183E969E843E08
:10019000E423F03E670EEE3EB222953E0495BA3D52
:1001A000312D5FBE4647BABE65768FBE94AEBCBEEB
:1001B000C1D4FABE986301BE63ECB53E98C2303E2E
:1001C00051004D3B0F9EB7BD401E47BE91CA613ED8
:1001D000E647C93D6DE003BD3F9E723D1D1885BDDC
:1001E000559A2DBE5FEC6EBEA1545DBD673211BE47
:1001F000FC51DBBD578142BDEEC2573E3CA0843E60
:100200005616E33E7989B73E24F8053E903AA8BDDC
:10021000BDF9C8BEDFB5A0BE7267E0BE847EAABECF
:10022000EDF41ABFB0DFF8BC3BEBA23E5A568E3E4F
:10023000C451AFBCF530F43C5FBBB1BD9029883EE2
:1002400002EF1DBE2446C9BD1CCB1DBE7EC175BEBE
:1002500024B08CBE8B894EBE63677ABCC775FD3BEC
:10026000A8C6BABDCAE066BDED64813EAF35703E3A
:10027000BD9E5C3E3ACA823ECE56053EEB586C3C73
:10028000D3C007BE686679BED02D8DBDFA78C7BED3
:100290007A64D4BED7714EBE5FA391BC3E54113E6A
:1002A000932B97BD37B3933CF833AF3D690C763E43
:1002B00034C3A6BDFC339ABD829C79BEED9775BE52
:1002C000A5B979BE92A02BBEEA30DEBCEF7E09BD97
:1002D000CEE826BD8BF8793D9F4A933E3B92BE3EC9
:1002E000146CBD3E59913C3E8937CF3DA5A0F2BD6F
:1002F00026FE83BEEA448FBE30B7AFBEFFEEEEBE31
:10030000C0FB8CBE03F884BD8DACA63E665E923EFB
:100310009CA07A3BD875E7BC0E11083E909C1D3C12
:100320009CCFD0BD423453BED31FF5BD6C9910BED7
:1003300045D17FBDBAD499BDDBFFCCBD6EE40BBB0C
:1003400019719BBDC301463E3679AA3EDCC07A3E98
:10035000A566A23EE57C373EB80DD83DA64E85BECB
:100360008F7BB3BEA233BBBE3D7102BD0E2EEEBC71
:100370007D27243E1160A23D86F6B23EB1B3883D92
:10038000968C87BE914C823D2538D23CE9EA733C7D
:1003900021FBA7BE71E1B7BEF97278BE99F8C4BD62
:1003A000F79FE4BC3EE0A3BDAC100FBE187D8BBD33
:1003B00072620A3DB3F3A63D2269653EEA7C623E65
:1003C0008301883CC737AEBBAECB12BEDEFE58BE43
:1003D000E2438FBE36C285BC3E42B5BD7F260D3E90
:1003E000C2113E3D30859B3C0B19243F3C9DDA3CBD
:1003F000ECEBE1BDBBF5EA3D0CDC4C3ED9041D3D08
:10040000DEBBA2BEC485B2BE6C0D35BE68B025BED3
:10041000AACB3DBD4809F9BAAD4BF3BC3B5D1F3ECD
:10042000851E29BD8885C03DE4F78F3E65C38D3E9E
:10043000B6EA513EC94BA23D8E9E14BEA3F314BE34
:100440005A9156BE1145F1BCDAAE823ED85E8D3E61
:10045000AD74203E1149D9BDEF46043EE889023E05
:1004600082C0233EAEB2BC3DD818B63E28E621BDC0
:100470009A0864BE5C16C6BE42488EBE7A36CCBDB3
:100480006A2DD7BD88218B3E9C410F3E200FFE3D3B
:10049000A3FDB23D119CBF3D48A9D53DEA64CB3CCC
:1004A000480A813D5CDE503C27E018BE2A5960BEF8
:1004B000DE3A0BBE1F3E63BEC25002BDF9EAC43E27
:1004C0002274A33E7087F1BCA3A7333E68DA593E7D
:1004D00041C2A13DB6C22B3EE8B8C73ED11E6E3D1B
:1004E000C96937BE338F62BE47D571BE40685EBEF4
:1004F000A45E30BEF2E10B3D4553C23C6F9C80BD13
:100500004D2E3CBD77EDBC3D7E2391BCD6AE35BEB5
:100510000A34CBBD28B5D7BDB01606BE8C8648BD03
:10052000DD774EBEF1D40ABE1CD3C8BD421B3D3E92
:100530005CE01A3EB684823E4C088E3D76F5AD3EB8
:10054000E360813E51CD2D3E819CF93EB6681B3E55
:100550007786FDBD1E66DDBCB37885BD9EF189BD85
:100560005C82E3BDDA7D14BEED9E433C0464C8BDED
:10057000D14C50BD1E52063D165501BE6D09D9BD68
:1005800044218CBC3D1FD93C0CD0EBBC7242CEBD8B
:10059000BCB73BBD255F2DBEE3089DBC1A791C3E50
:1005A0008CCF0C3E4D27753E7ED42BBD5169763ED7
:1005B000BA0681BDF7E926BE56E536BD5112473E63
:1005C0003CAA55BE869205BEC8F2ABBC2965CF3D9C
:1005D0000AD2D93DCD7C0A3EFE981FBD55BD5FBEF7
:1005E0002CDD53BEAA9CADBCCAB43CBD4E1AF93C2E
:1005F0002BCEA93BF14FD1BC0F0E2FBD7DB8F1BA68
:100600008DD1B93C8EDE45BEC4CA56BAC5BE1E3EAB
:1006100073968ABDB6E83A3E1638E03DA683A03E02
:10062000D139893DE4F0AEBD008312BD7465D03E82
:1006300005B503BE9AB7BABE79E28B3D28C2653EC6
:10064000F41F963B263F6C3D3D3919BD77861FBE92
:1006500077FD91BDAC256F3D97F62D3ED1812FBD25
:10066000AD7A81BC856EFFBD07F63FBE85A8E23D31
:100670006D3D1B3D6C3C82BC2B8577BD4DCB7B3DDE
:100680004AC9E03C3493F13DEFDC1A3ECF44973D3C
:100690002C0D373D8ED8833EE50A9A3E63525C3E70
:1006A00094F866BC859031BE7075A8BC2A36233D8F
:1006B000B34031BD3FA2E5BDB15858BB6167F1BD44
:1006C0003FBE23BDD16FF2BCAF8B133E41EC0A3E5F
:1006D000F221963C6136E3BDAA70E4BC281C5C3D67
:1006E0002E99CEBD9DC5C33B5E8E033CBBEB41BD89
:1006F0000ABEA5BE1D9789BA9BD78FBEFA90963DBC
:10070000842625BC8176003E79C00D3E2F94AF3DF6
:100710000645D3BC76E2293E90A68CBBBA4FF83D85
:1007200015A46FBDB2E4DFBD9C29973D9EB77CBD8B
:1007300054D77FBD6034593D9C28233EC9D91C3D08
:10074000A128FFBD45543DBEB96E013EB88C13BD16
:100750003E648A3D4DB9123D2AEA45BD2D0F51BE7A
:1007600044E00BBE9C305A3C8A9759BE6D1C393D03
:10077000D291453D400F67BB61639FBD94115B3EC5
:100780000A8F11BE06E56CBDE3276EBD49DBE03C78
:100790005527343DC38867BC7C2F0B3DCC60BCBC67
:1007A000A008B23C8A9FCE3DE2517EBD76D54A3D3F
:1007B000EF9F41BE27E04EBD7AEF583E1014BE3D7C
:1007C0007F2DE93C6A824EBD54B508BDF1ADD7BD61
:1007D000B529EFBDD814BE3DD164AD3D4DEE1BBD76
:1007E00036A97A3DC4A98BBCFD1FF63D4560A83EE5
:1007F00030F4BF3E7DA0513EAA6B263D94B3AFBD01
:10080000BD6151BC35C899BD71C65A3DB82D653E14
:10081000D4AA3F3D7DFC0D3E0A57383DE0A2B2BC54
:1008200071C3CEBDEAD0243D1B3EC23D624D013EA8
:1008300095331B3C5FAA3EBCE7A0D33D3CD2623D52
:100840003E310CBE9C45AB3EB511913E129190BD20
:1008500014489ABC542413BDC647873BF12038BEC8
:100860008B97713D248EB13E750ED8BC1AEA2D3D92
:100870005C5A263E3623C4BB21D0E33D0C39003EF2
:100880002120863EF69C123EAE80873E323369BD03
:100890001764203EE438663E61585C3EAE64E83D35
:1008A000FFBD363E6F7616BEFA0B5CBEB9FE84BE47
:1008B000F37895BEF1DE453EF0C8B93D8CDC94BDC1
:1008C000603F57BD9412263D298522BD27248A3DCD
:1008D0002520F33C7D0AE5BDA67E39BD4142293E77
:1008E0001FB7423E33D9823ECCA2083FDC55573E6B
:1008F0003412A23CC8F88C3D1DCF503E57A90DBE06
:1009000096232E3D3252C23E2610FC3E5811C13D68
:10091000795A153EDE1408BEE06899BDF4770F3EA3
:10092000994B893D6844953B18A9103C807C34BCA8
:10093000784A383C7283033DF639393D4166AB3D18
:10094000BAB102BD85968B3C90189A3D9D6C0B3ECA
:100950003BDC3C3EC103BCBCB9F9DD3D0948A23ECD
:10096000724AA23EF83DA93E8767EE3E33C2D23EB0
:100970008216DA3E12481F3EFBE6B53EE039073DDF
:10098000170F63BE46CB5C3D1A76AE3C8D05973D96
:100990006C9458BD6BC7A23DE8684ABD8B8B1ABDED
:1009A000C8AB14BD78CE82BD460B15BDEFEC833DC0
:1009B000C0794F3BF2C5313D4D3432BD54BEB73CDA
:1009C000A066FD3CB2FF2C3DD9D4823DDAA82D3D76
:1009D00037233D3BED935B3D4F82403DD3F6023DD7
:1009E000C0CD013DFE8972BD14244ABD406797BA4F
:1009F0003416AE3CC0797BBD2728843DF2D1553DED
:100A000074F8173D6043243D3099123CD64AE4BC4B
:100A1000FFA29BBD83063ABD0010D6B930B9E73BB3
:100A2000900E113D3B7C303CAA9E733D66FD003E1E
:100A3000A578D03D7C54993DD477A43D9AD91F3EEA
:100A4000855E933E3F2B943E8AF4F13ED845C03EEE
:100A500016CB35BD5442473DA49D7B3EBDEEA73E1F
:100A600027E1673E224C173EB78DD73D0603093E6E
:100A7000B6A776BDC11302BDD67B583D109F86BD7B
:100A8000302A063CACBE9EBCA325663DE0E59A3C00
:100A90005D47703E4B97AB3EAF83FD3D6BDAC63D85
:100AA0000385F7BDECDEA2BE73BD48BE9628A13E0D
:100AB000173B97BD6151CB3CE6356E3DFD657D3EF4
:100AC000D1BDEF3EFC5F973E3A48763EC502AC3E54
:100AD000B76D0CBC53030C3D753AAC3E26BAF73EDD
:100AE0004A70EE3D1FCD48BD890585BD5B4A58BDA6
:100AF00000042DBA17058D3DE8962CBD2FF8A53DB5
:100B00002AAFE73DC7900DBE255E73BD4CF25EBEB9
:100B10009EC252BED805A73D8D351E3EE2CF973D01
:100B20003FB920BE0416153E2CEAF93D07317B3E45
:100B3000FB80F83DCCE5243E8820953E675E893EEB
:100B400071DB7D3D9B6F04BD542AA43BD3F1C53CB2
:100B5000BD15A73E7C1D023EE6C64B3EA09B9EBD3A
:100B600013109F3DA0D687BDA4CF9BBE134976BE70
:100B7000F7DADD3D06D77ABE40B672BED81627BE7C
:100B80000562C8BDB694C73C8CD3523CF9D3C0BDF6
:100B9000B58323BE03BA11BDC635803D6C20D63D5A
:100BA0004672473E64024B3EB9F9303E06AE413EC6
:100BB000ECEBF33D8013773D48D38C3C4201423E41
:100BC000D7D3693E5224E13ECF5B743E301E7B3C5E
:100BD00090C8483C008FE4BA66F5E4BD8D1493BE1E
:100BE000B43D8EBE70774E3DE106123DAF62DD3BF7
:100BF00096529D3DDDA3D53C9BF0EC3D66DC08BAEA
:100C000070152FBDB66BEE3CA113EA3D86AC953D49
:100C10007F0B8B3E9042AA3E95C9883E3F76593E57
:100C200068D2733E81DC0A3E5F1D163E4E73E03D86
:100C30004476873DDAA246BD34C87F3D439E363CAC
:100C4000B9208E3D07430BBC7F2E4ABE173BD5BE55
:100C5000F92D2BBE8F71323EB6B6B4BC0DD8E43C34
:100C600022B8023D4539BBBD39705DBD50D91EBDAE
:100C700064898BBC7012803D0E75A13E86E9A43E4E
:100C8000A260D63E34CB043F76DC5C3E7921953EB3
:100C90005225943EF052713E80C50FBCE6B77ABE35
:100CA0009FAE093EB69F7F3EAE48B8BD2CB0EC3C2F
:100CB00000068ABAB5591FBE626F13BE7B0A1FBFFA
:100CC0008E75AEBEAF6BB5BDE8ABF9BC0504123E88
:100CD000A5B2823D3DA1273DFFCB8D3DADF0B53C9A
:100CE00060C35D3DBCEA753DF9E6B33D0F010E3EC4
:100CF000169C7C3ECA55693E64852E3E5422293E90
:100D0000BB1BF53DCFB2813E7A21213D7F8495BE4C
:100D100035AA0CBD521D8A3D0F5CA53DAED8CBBC9B
:100D200012F8033D76F3403D0201CABDF72902BF28
:100D3000F3F587BEF305803D4B104B3EEF5C8EBA5A
:100D400019A6743D3BF09E3D438884BDEF90563D0F
:100D5000EA72F13D32588DBDE85F81BE9BF4BDBEA5
:100D6000F3D7EBBE7DC5F3BE3E0AC0BE1B7F9EBE61
:100D7000A17AB9BED97387BEB4DA82BE1133ECBE94
:100D80006218E7BE47ABD2BE34746E3D6A0C16BD26
:100D90004E502B3D824DE23DDD5BCDBD0ED13FBCC3
:100DA000641C223E14F839BE09104E3DE3886A3DAA
:100DB000A41466BDCF40DBBC33759DBDE865EB3C3C
:100DC00037DBB4BDCD18C3BED05238BF5A333DBF98
:100DD00029CE7FBF266CA3BF21FB92BFB22189BF62
:100DE000F19B61BFD05F75BF240B44BF14E224BFE9
:100DF0007D9C0BBFE19CB9BE8B2467BDA29A803D50
:100E0000EEC2643D557DA83CE10347BDA68A5ABEAB
:100E1000215D883E8FC1133E0B4E17BE4B9337BEEC
:100E20007E05F93C7804223BEAB61ABE0B5F25BD6D
:100E30001D8793BBCA2600BE219EB8BE70FAB4BE01
:100E4000D7FA37BE8CBBF6BE465715BF2B714FBFC6
:100E500089E23ABFA2D92ABFD3D049BF9DA014BF0F
:100E60001EBD01BF15D8B0BEEFF551BDE699413C9E
:100E7000984FA5BCF8DFF1BD861D473EBFE9CEBE49
:100E80001C90FCBB4F161E3E8650EA3DDCFAC5BDE9
:100E90009460FB3AB96277BCE42EE73DCCBE353BAB
:100EA00039B816BD71AA81BDC95164BDBF3FBD3DF2
:100EB00084032A3E5B7A4F3EF4C22C3E5FF1E5BCD0
:100EC0000B056BBEE44E8FBED727C2BE014D97BE49
:100ED000BCD5CABE8178FABE3FD60F3D4E7FAB3D32
:100EE0004ED0333DADEE46BDC4503F3E55638EBE41
:100EF0009B6B35BD2542573E0FED103ECD887EBD24
:100F0000B13A2B3E35EDF83CA462093DD17BB73DAB
:100F1000DBAC0D3BD24E42BD8B06F2BC8E80003E58
:100F2000A802FE3D013E3D3EEEBAA63ECA24E23D89
:100F3000D03E413E5B0795BDD87D87BD119A133EDB
:100F4000E723813D2C5003BFBA788A3E3C1BBD3D50
:100F50005B3F1ABD8876923C3D023A3EFD234BBE74
:100F6000BEF8933D05BB0ABB4D311D3E28BA5E3E1F
:100F70003475403CEDEB0EBD1708223C4A377B3DF3
:100F8000AFE805BEB4AA3EBE154EAFBD3743EF3D38
:100F9000920855BDA23F56BCE40ADA3D3F50803E60
:100FA0005D797E3E6D96C8BD25B8643C12B0DC3DCF
:100FB000A1C6533E3F4652BD3FB1353E559E1ABE77
:100FC00091A94B3E31CFB7BC9AFB77BDD4834EBEBF
:100FD000B2E4A13D14D75CBB1AFD0E3E9827403EFB
:100FE000696CCC3D24704DBDD8D8D33C51B70A3E76
:100FF0003D65DF3BDB4924BE879EB83CC30E353ED2
:10100000CD80473D9DBF77BDD101233E8C8C993D5E
:10101000C07B403EEB3AACBD445DE3BCFAFAF53C24
:101020002782853E64A98FBCD3877EBE4DA8FCBDB8
:101030000DA1083E54E152BDE99102BEE1AD5CBE96
:1010400059ABD4BE8CAE81BDAE990BBD622E393D7D
:10105000496F883DFA94CABC3CAA2FBDE7270FBE52
:101060004E66F7BD221932BD634541BC595EA63DAF
:10107000E4B7913D3BEC84BD307F873DFD5FAE3DE5
:10108000B4DE263C5B4CB23CBCF539BD71FCCB3CBC
:10109000DC64413E81D1EC3E5D2373BEA21BEDBBFF
:1010A000227E553DE4BCB3BD00F602BD730493BD82
:1010B00009A6F4BE73755EBE831E80BE331F88BE54
:1010C0002512C1BDE853BABD4B1608BE845027395E
:1010D0004601443ED923AA3CB681723E9150863ED9
:1010E0009AF7323E2EE4623D17CF29BEC98039BC43
:1010F0000442123D63CC593DB17F603DB268A0BD52
:1011000012C4383D80EEBC3E101044BE8026C0BDE7
:10111000998209BD5F6CE5BDC97190BE521D073E45
:10112000AB265DBED13089BECE69BCBD4EB448BED3
:101130007131ABBCD592D7BD209B0DBE8F2E4E3EDC
:10114000CC7A2A3EFCBD453DE5D269BC7816693DA6
:1011500021082E3D0A38A9BDAFD047BDA6060ABD5D
:1011600087F04B3C2FC4C63C814E2BBDD92395BD87
:101170001A0FCF3D66EC743C1DBF18BEFE706CBEEE
:10118000002DBC3CCFC381BC95285DBE284C0C3ED5
:101190007355D8BC1ABB8A3B7B91EBBD27E112BECD
:1011A000D5488B3D058C07BE2DADAABCD0B971BD0D
:1011B00018BB023C80A717BD34CDEE3D9FE1603ED9
:1011C000D1EC3F3DE9FAF4BCE7029EBC7A59A3BDDD
:1011D000C20917BDB0DB313E0B4B04BE5C0758BDE6
:1011E000EB0E36BD934EB1BC6FAC3DBE4F5E6ABEDA
:1011F000E3F398BD20E619BD0B23393ED5197B3E9C
:1012000091C889BD4653E2BD986E4ABDA467F1BD41
:1012100069A5B9BD1FB8E5BDD7768EBDCE82DB3DD1
:1012200028E2803E651F0BBE7F2B803D5002953C1F
:10123000FBCDCB3D5FAE073D64C69B3D0F2E383DD9
:101240002203A1BBBD5A623D5804753D6AF7073CB5
:1012500068E5BC3E9E647D3D0A7E6BBE2E6C5BBE27
:1012600044A985BD6604703D68B0C03D0C84B43EA1
:10127000D826B43D76105CBCCFC203BEE4775EBE18
:10128000045F4ABDD16F0A3E42E8113EEC08963D2C
:101290008B2E9D3D02F4A73CF212863C320F073E96
:1012A00024BD56BD4AB8313CEB04673D69DC8DBBBB
:1012B000DD2748BCF00BC13D55B32E3E5E1C303DD2
:1012C00033A8863EBB25C33E70B862BE15E0593DCB
:1012D000F0C064BC902282BDF55425BE42797E3EAA
:1012E000676A42BC4C9CD03C6EF5013D3FC9C43D91
:1012F000ACEFD9BA9FCC03BC48FE253C2D1B213E48
:1013000005BD9C3D0822473D6C20173D2CC4343E52
:10131000CE803B3BF26B753D9B14203E2E2EE4BDF0
:1013200076FEA83D7A692A3E4551DD3D06E028B8A3
:101330002F6B823E4FC9A13E5C38233EEC6D8A3D47
:10134000E23B713DDCD3AD3CBCC48EBEFD29B0BDDB
:101350009D548F3B369A0DBC12F09CBD6EC0E9BD0A
:101360008074923D8A32A1BC64B1D9BC8C7062BCDD
:101370008D93EB3B0D0551BD6943543D2FE3353E45
:1013800026B1833DB693083E248AEDBC64CC9A3DD9
:10139000E6611EBEB78E33BDF8A640BCECB57B3D02
:1013A00068E744BE0C74063D452F9E3E9BB2EA3C66
:1013B00041B3AB3D1B2B883D9A801D3E3746CDBDCA
:1013C000B0EC2CBEB3C6073DEF2DBEBD51EE31BD16
:1013D000D451093E1B1FBF3DD2E3FABCC5C512BEA6
:1013E0002361A4BD596343BC1F4EB93B2043803DDC
:1013F000409696BD0DDD31BE3810C0BD33A1F33C23
:101400001DAA533C830099BD0A40EB3C6FA5C33D28
:1014100060D196BD3A86CB3DF2AE133EE8BD37BDF6
:10142000625F7EBD6A6C1D3DD9465DBDBA3AE7BDBF
:10143000017321BEB9D7A63E18A7823E629740BC71
:101440000DC7AEBD50BEA4BDBF19093E1F56C1BDDC
:10145000412115BD4B919A3940C2E6BB8D792B3E97
:10146000AF8161BCFEB984BE161C783C39A0B33D87
:1014700071BF323EE51B25BDA8AE6D3D13CFA4BDA7
:101480001D7924BEF52250BE1BE0993DE68502BDC4
:10149000B86DED3C0958A9BD0EA2653C88E1323E0D
:1014A000D92012BE715882BD50364B3ECCB46D3E31
:1014B000DC2E093EC094763ECDE4C53C04A6B33D87
:1014C00019760E3F5BE6D33E44CA823E7442D53D58
:1014D000236E98BE594F27BEEE758E3E0E35023FE5
:1014E000DA7B293E235BB33D21C9343E7325253D7C
:1014F000B2312C3D3DB3A13D001CE7B944BDBC3C1D
:10150000A000253C0FA19C3D1CA323BD6BCA75BD4B
:10151000F52F82BC9707253DAB21D53DBF6FD53D4B
:10152000C9222A3E8E860A3EFF300A3EBCF3043EA4
:101530007E267E3EBA37CE3E9CE20B3F7C45FFBB0B
:10154000672C98BE0741C13BD0AFA33E00C2093F04
:10155000AA93CD3E55FCA83E54F6CF3EE3F0A33E01
:101560000ED26A3D0041D4BB9C04A5BC7218633DF9
:101570002FF98EBDF6C3093D3E63A4BD713485BD10
:101580004C08CE3CA3978DBD538E6ABDAB5CF53C39
:101590003398A3BD2651463C86E3533D31F29F3D2F
:1015A00045ADB43DF80E23BD2A4A813D81F8283E61
:1015B000202A8EBD8EB51ABB1CA13C3EBC14143E25
:1015C0007C38DCBDAD0C90BEA2569ABE06CE22BDC4
:1015D000C0EF49BCE0FF243D3966813D56DE5B3DEE
:1015E0003BEA963D9CFB01BDEADC22BD788C75BDD3
:1015F00042036FBD5A21323D06CB91BD93969FBDEC
:101600008023173C04636ABD0A93AABD08E1B73C76
:10161000D226FB3C7138B83D0C50B33D7928D2BC82
:10162000B8F30DBC9CF1D93CEB7D853DA82425BDCC
:10163000D074D4BBF3318DBD6A367ABD294C8D3D53
:10164000B5685CBD48A310BDA00B17BCD258073DC0
:1016500039C313BD009A913C968683BDB278513D43
:1016600041EB5DBDFD7EE03BFD1E67BC27CE8F3D9F
:101670000744693D79BB823C05F0BFBCF0672C3D57
:101680004802C5BBD5D47ABD0794343CB547863DE6
:101690009E07583E7FE8353DD22D1C3D95A24EBB9E
:1016A0008A290DBD0C89B9BCB12C02BD42F73E3D63
:1016B000AAA15E3DE067B3BCF572A2BD90291ABC39
:1016C0003E692DBD5CCA0E3D570169BD866B413D2B
:1016D000FFC925BD257080BB06A70A3D6BE3BC3D55
:1016E00034FB503E49F5483E56140C3EE24BCE3D8D
:1016F000A08BB93EDF5B9B3E63D2253E9DF3E9BDE7
:10170000B890573D2AA4C4BB9F3E1F3EC1F1563E30
:10171000F794513E9B177A3E8244F8BC557FF63DC4
:1017200032982DBC234F543D10F642BD8BB683BD7D
:10173000360989BD48A167BD6E9E783CA7F086BD7D
:101740007ED012BDB1712F3D632DDABCCB46EABB12
:10175000BB52483E4584583EB07CA93D14F59EBD21
:10176000CCBEBB3E906A5D3E118AFABDD4EB8BBC09
:1017700064B23D3EC764623EFB2FC03EAA68953E00
:1017800061D5303E75DA84BE8049ECBE4EA6CCBE33
:10179000A0721FBEF7A4DD3DC7ADEB3B6C6A54BD24
:1017A000B08A9DBDA63F413D31BCD93DACBC0B3D8F
:1017B0009E1564BD4445AF3E8CDDAF3E3B71B93EE6
:1017C000D5DAA03E92E0933EF65D70BC81051C3EEA
:1017D00009CF673E600EA33DBCFBCE3CB492A93D51
:1017E0000D225D3DDDC7F33D745AB13EDAC69B3E26
:1017F0003852DF3B77D98ABD165602BEDFCFE8BE2E
:10180000052BD9BE69C03ABE0B4C833E9DF36ABD21
:10181000ED6A833D087B0A3CF1671C3E170C773E5E
:101820003BF7183EA5A2593EB9B18F3ED51C1A3ED2
:10183000F12C3E3E2C27863E141FBC3CA972AC3CCA
:1018400079FCA6BD9C2DEC3D1022DB3D47EB633EB1
:10185000C7BCC03D1354BA3DAC4E443EB831113EF6
:101860006920413D38E5DD3DFC6BBC3DB3CE0EBE8D
:101870007C39ADBD0D0C6A3ED2A0593D759FA2BD0D
:1018800000120FBA54A5CE3DDCD6C73C534E013EE4
:101890004018173DC62EB13DA753CA3E53EE293D11
:1018A000D5B03C3E54B4863E0D7FD33E8817833E70
:1018B000D11EAD3E52E63F3ECEBB933E7E8ABD3E3C
:1018C0001836733EABFB413E0B5F653EE617DC3DD1
:1018D000F335A43C8B07D23DE1EDB8BDA5DDE3BCFB
:1018E00003941DBE09392DBD3CDA173E24849BBBF1
:1018F000C148CA3AFE899A3E8C2F0F3D39B2373D16
:10190000E9E39E3D1C0D9FBED8228ABDD79D9A3C1F
:10191000DEE4903D7083D53D97DF943E050E343E66
:101920004753753ECCD2C13E7322D23EABF9C83E7E
:101930002863C63E36B41E3E63DF643EF4E6513E85
:10194000B659183EBDD7323C23E21F3E7C9681BE7D
:10195000B8C1DFBEF864F8BE95CBAB3DB482CE3DD6
:10196000DF1618BD8CAECD3D96F5E03B93E716BE75
:1019700054ED43BEF70F94BED9420CBE0987FCBBA1
:10198000F227883C8FF2B13DB54B683E16CDEE3D57
:10199000E83C813ECCD6C23E25A79B3E8B828F3E43
:1019A000B977743EFD455C3E1192E13DA751233E5F
:1019B0005B88893D91343EBBF5F57A3E124EE1BD20
:1019C0000DEC03BF393F70BE19CE733E8D5E613E94
:1019D0002C1C05BDC0AF8D3D0C7F3D3DC2744EBE7D
:1019E000597939BE2B9E93BE9C4336BEE3E58CBD30
:1019F000A28013BD057A6DBDC78BC6BD665ED2BD24
:101A0000BF1823BE67E70ABDD8657E3CA765D2BD77
:101A1000118356BD5DEE9B3D7D6229BD427EC73D73
:101A2000BDE1A3BD032575BE2AA8FB3D4736EC3DAD
:101A3000ED6797BE7817913EF4AB0A3E5847B33D29
:101A4000115084BD280B203E29A9863D24A080BECC
:101A5000CCFC64BEA7CA90BED27B20BEDD8D15BE75
:101A6000FDFC5FBD13283BBE05186FBE4CC848BEC9
:101A70005096CABE0E4965BE5957B0BE0E25FBBD75
:101A8000FF2F06BD247396BD0192B4BC9F59B93C8B
:101A9000CF96CC3DBAAD90BC8857DF3D5D3E8ABC49
:101AA0000F8AA0BE69222DBD3FEB453EE8B20E3D38
:101AB00047A7573DD3190DBC6FCEABBD48271A3E83
:101AC00012ACB1BD1E0282BEA1161FBED3624DBEB6
:101AD0009D6774BE3F572BBED17793BE9A847EBE5E
:101AE000BE96B6BE114490BE07F9CEBE346A83BE20
:101AF000F68581BE728FCEBDB4C310BD4191D0BCFE
:101B0000666AE3BB9A1A153EB103C83D102C31BE7C
:101B10003AA03FBE1E8707BE32EE313E2FABEA3DF4
:101B20007704B63D1712D3BC78BD95BED68CF63D72
:101B30005685E4BD27A4A8BEE7B2E4BDC5FF5D3D60
:101B4000E34B28BDEC56C8BDE907D3BD106628BEDF
:101B5000E0ACF0BD5EEB2DBEC02C13BE02F3D3BDD6
:101B600006CD55BEC11BF9BDE70BE03C2BE5BB3DE7
:101B7000A83C34BD670695BCE4F864BE11FE80BE87
:101B8000BDC58FBDDDD624BE4F691DBDEA85C83DEC
:101B9000EA22B83C7C5F2DBED41D373D0A9A703EC8
:101BA00041F867BE13197BBE5239C73DCBF216BC54
:101BB0001E262DBDC81A833DF09AEFBC5EE0B7BD6E
:101BC000D6D104BECD2810BB0A47203E7CAA59BD01
:101BD00069F05FBEBBCBE1BD1F928DBDD435A43C87
:101BE00048C37FBDFF3A15BC857346BEA00000BF49
:101BF0001FED78BE38F32DBE12850FBE6D34663DE5
:101C0000CAA4B43D70840DBE4F04A83CFF43CF3E30
:101C10006FF068BD096536BE277C8FBD3387F73D01
:101C20002F2A433D0AA2D1BD9596C6BC3B3C01BEBE
:101C3000F97823BD6050343EC4FE393ECDF9C03D35
:101C4000090D2BBE4107B8BD3C5F03BE564AE9BD36
:101C5000C1F3D8BDD159B6BD885E8CBEC7ABA4BE9A
:101C600037DB90BD07B0D0BD200C133E5B21993C03
:101C7000E25BF93CA7011D3EB497EEBD6CF6D6BD04
:101C80002670E3BD798876BC886B11BC68AB8F3D4C
:101C900079F4D13CF42C40BEB29322BEF25B45BB3A
:101CA000915B1ABE5811E23D8E5FB83D5107753DFC
:101CB0007C3104BEA2DDCFBD841E6BBD0BB886BED9
:101CC00056DF5BBE7B03893C134F62BE119158BE49
:101CD00062F8AB3EEFB7F3BCF9CE77BD85ACC13D42
:101CE0000A5D7A3D6FB9263EB5C45F3E962A22BE94
:101CF000BFCB11BEBCDFB3BDCC1F323DEE2EF93DD4
:101D00007003D0BC91BBD5BD5FB1C4BD3A26F23CD7
:101D1000D5EB913D2BDC243E6FF73CBDD88305BE4F
:101D2000228380BD35543BBEDAE325BE58EC7FBE2E
:101D30005CD242BE8A58053C4D06923C6881493DC2
:101D4000F2919E3EAA26B9BDBB4F563DB4CB633D32
:101D5000882467BC3C592E3EA89E18BEBA631FBC9F
:101D600022AD9DBCDCC6CD3C5D04C1BDB70C08BC3A
:101D7000A8C94F3CE5974ABD99AFA93A875F9D3CFA
:101D8000DCD0323E6797CA3DDF2A91BDECB36EBD11
:101D9000557AD5BCC99A9FBDBF3C3BBEF068B1BD6A
:101DA000231443BE54982E3DD3150FBDA55219BE22
:101DB00004ED69BD7DB4BB3D224B0D3E5334343E32
:101DC00038D51B3E09C2E93C08CFF2BD6E54B63B84
:101DD000362280BB8C14A73C38A523BE2D7137BD9D
:101DE000102AFFBD50AB8F3CCB26D63DAE2F96BD03
:101DF0005A07063D7BCDF6BDD374E3BDB96831BD4E
:101E0000F60CEBBCCC53BDBDC3CAFFBD6E8955BD3E
:101E100033B097BAB8492CBDD449B63DF0A43F3D84
:101E200007FB0CBE483FB43E616D923EE8469D3EC6
:101E30005DAFB5BCEE6BCD3DE40F4FBB51535F3E84
:101E40008F4D613C57B53BBD4061FBBBB0EEE1BD82
:101E50000A99EBBD1D0A11BEB49707BEA23F2ABE68
:101E6000232A10BEB6B6A8BD5BF195BDAC06423DB7
:101E700030FC72BC55F3843D66F8A73D3FB4AB3CE3
:101E800097F9993E31F0DB3D02931C3E41DF0B3E5A
:101E9000D57CCE3D4A6D953E53D6863EA245AC3E9E
:101EA000009098B734CC123C3B22B3BC2BBB773E9E
:101EB0004533553E0A9C95BD7F368CBD2CFD9A3C22
:101EC00026D57ABDB6DABABD471417BCF2BA903B34
:101ED0004F7A1FBDBAFFD03D5494323A0ADD163E08
:101EE0009830113EFDC62F3E1D18003E5268063E3A
:101EF0003880963E97333C3EB94E053E52EE5A3EF0
:101F0000D9A49A3EBD94613D1AE6113EE45C60BDE1
:101F100025DFCB3D98F7673E96B1843E13D0633EF4
:101F20007B6E183E40C3A2BDB51DF23B64F62E3E4B
:101F3000DCE29F3D1E7D3DBD87DA1D3E24D58D3DF3
:101F400093B5293EB87D453E70E0763EA7563E3DAE
:101F50003722523ED836FA3DAAD1213E66C0743EA1
:101F60004FC6633EFBF4693EC0EC843E3FACAB3EE3
:101F7000D93ABB3E42FC1A3C93280E3E0872AD3D56
:101F80006929733C6652973D8A99853E10FAF1BDE6
:101F90008C0BF43D46AFF23D67B5B73D628ACF3D4D
:101FA0008A5E453EB6B1543E3266F63D19EBDE3DE3
:101FB000B9BD323D0E2BFF3D8DE10F3E33484E3E05
:101FC0009877703EC2497E3E99B9663E143F673E9F
:101FD0001DD1043ED172E4BD835787BDC87D7F3ECD
:101FE0005A9253BD2582F0BCC55C79BED7B021BDE5
:101FF0008F6B9C3DFEDA2EBDDAB5353ECF2329BE70
:10200000FFD3203DF95BDDBDF1A9133E7B8FA33EDD
:102010007E89663DE3CE713E27AC0A3EB6BA933E5A
:10202000295D4D3E61F0513ECD29083E9D5F423E07
:102030008B926C3EACEFF83D6810573D262B0C3E62
:10204000A2FA2D3E123035BC2D8F233EB841903E72
:10205000DEFCAD3D37FB26BD8137E5BCCF7398BDB7
:10206000B828FD3C0CBFA1BD74CC073E453F433EA4
:102070003C50A83DA18EFC3DCBF2DC3DD866DE3C59
:10208000360447BDED652D3D4E7BC93D868B383E00
:10209000EFB0233E298A03BD097BB53D250A0D3EDD
:1020A000CA79C8BC515D723DF79FC63C47A81B3D2D
:1020B000D54620BD85D6363E8FA4CC3C1841D7BD31
:1020C0003DEEDD3EB5B2CB3D24E7B23D5EB3493DCA
:1020D000F2F35C3D827E423D3A350CBE71D094BC39
:1020E000E10DBC3D9EA15B3D1C4F223E0826AE3D4E
:1020F00027CC8A3D54BB583E16E97F3D3F8EA9BC94
:10210000B932FC3DB4D5633DEBCA50BE551D6E3DA2
:102110003592033C4296913CDF2843BEB57ADB3CC6
:1021200084B31DBDFE73E0BDC0FF9EBD8FD529BE2B
:1021300087E2BF3D8B8AF9BC26D4B13C02F9B9BC19
:1021400087610DBDB800013CAC63C73C8B2CCCBD96
:10215000B8E8C6BDA63250BEFC6207BE8244843ECB
:10216000CC2567BD10AA70BE4BBB76BD5FCAD83CFC
:102170005C2F91BE677225BE142086BC21F7AABDD4
:10218000FD3F113CEF3D8C3DD38AA63E76E6E73D10
:10219000173112BE066AA63D522578BDF63A243D97
:1021A0008018ECBCF00B1F3D54DAA33C2316953D80
:1021B000CC63243D73FE2EBD101AB13B801E3FBB85
:1021C00089B2C5BC508B11BD2EC5613D8F78D83DFD
:1021D000E8FBC13BEACE4F3EDD3A053ECAC5F4BD41
:1021E0007D403ABDC575253E43084E3E1A88823E65
:1021F0007B45013EDF9747BDD6E0B3BD739610BE69
:1022000086257F3C4B5359BD3F6C92BD3FE67CBC5D
:1022100035A19E3D3FD69DBD205EE23CBC99DD3C94
:10222000ECC7C63C133942BDB6905C3DC34893BD74
:10223000D7C78D3D74B2A5BDFA376BBD790A8B3D0A
:10224000B027EC3C7CDF16BDC8661D3D2C23A93CA5
:10225000278F66BC618C023B42DF323D99B5533D0E
:102260001237783D1AC35D3DCCFE033D16DA203DA2
:1022700099B126BD0C3975BDC031263BAF40AB3D91
:10228000447596BC4CF4183DEEEF9EBD0A402D3DC2
:102290009076C93CCEDC313DAEADECBC6A60323DDF
:1022A000A5F161BC5BD5F8BCA5B73A3D2EECA83DC5
:1022B000E06B8A3D2816233D1697243ED23C6E3DA6
:1022C000C910CB3C2033E43CD67C57BB9E25C9BD0E
:1022D0002384D5BD812010BD00021D3C2FB9A03D37
:1022E000D187BDBD90A1F53B6DDC9F3D2B4F473D98
:1022F0007DA2A93DEED3153DEDE7AB3DB8DF053C32
:10230000CCC317BD70AAD73BE29455BD2AE2E0BD0D
:10231000ACD13CBE2A76B03DF61B613D3A581C3E1E
:10232000F16B913ED49DF93E2451FD3EC52FB23E46
:102330000A612D3E88D58BBC1EE8E73E822AA03E6E
:1023400089892B3D5E982E3DE6227C3E4A43E0BDC6
:102350008C60C73D366EB13D307AEA3D27DF3BBD2C
:1023600042A9DD3DD75DE73D8A7A453D8E60373D28
:102370007828263D41A7A8BD57A7813D5560FDBDE2
:102380003F975B3DA8FA07BD830F8A3EED01173EDC
:102390001657E1BD9CD2B33DD17D1ABE03D4D1BD49
:1023A000E24B63BD2DBD043DDE57563C227863BD34
:1023B0005AAEFBBA65504EBDDE72033D5D7FE53C13
:1023C000B39666BEF3D1363E3BD11F3E92D5D53D86
:1023D000A5BC8FBD1E0296BEE6F3BABD99A79F3D70
:1023E000A0BA0FBC836E82BD3AEE40BE5E0AB7BE95
:1023F000B4767ABC81E0B53D3F54233E268D723DD4
:10240000DA8829BCA6429A3A180FB13CA4F0653D7F
:10241000B3C7DE3D4086D73DF232443EF7D6AF3DEE
:102420007742853C3621523D842800BECDCA1DBD71
:1024300059ACADBD0599C4BC9AE611BE1F83033DDE
:102440000F87F3BD7D4FF1BDDA69A63EF271603EA4
:1024500010454E3C2E99603DA0D3B53CD86602BED7
:10246000FEF65D3E0A2CADBB208E33BDDA17B13DC2
:1024700048CAAD3DB19FB53CF01AF93D77C9DE3D84
:10248000B65B053E7744223EE864483CCE969BBD51
:102490006210A6BC675DDF3CB1952EBBBDBAEEBC39
:1024A000DA8782BAD64403BCE2761BBD003D6CBE1F
:1024B00088A1D03D512B743EF2F5863E7E9D4D3C69
:1024C000B6AECFBC46C748BC0A95A2BD2BBC91BCDA
:1024D0001FB9C03D1DDDE5BDB38EA7BDF8AD6EBD16
:1024E0005A5F05BE96F59FBC6C47A3BD4DC0453DE8
:1024F0005AC64E3EC2D0D5BCC16A443D5943F03D98
:102500003003D93D5C500C3D43952D3DD7673B3D95
:102510005C957EBC4DE341BDDE3508BD218EDEBD40
:102520005609BBBD9544373E00D9AABCEBECD73D5C
:102530007AE0DC3B280ADEBDB9F4C4BB6A5AAE3C83
:1025400013922DBDCF766ABE8A9036BE19C954BE8D
:10255000354AABBD017FF9BCF0FB8C3D24C3113D76
:102560008FBDA2BB8FBF2B3DAD2006BD6145563C44
:10257000A9235CBDE013F9BA61DF623D9283B0BD6F
:102580007C8F4B3955303D3D9E24BE3D1A4A3CBEA2
:102590001A1147BE87C3CBBC5C72113C6EEADE3CAD
:1025A000D5E09BBDA34157BD71F9AB3D6242173DDC
:1025B000554694BD69691BBE4DD2B8BC294029BDA2
:1025C000D18A013D2153183E28BB0C3EB6EFE53DB4
:1025D0006008C7BD8C28AABBF0492B3D700CE6BD36
:1025E0007A9EEEBDE210043C1BF2B43C555D813D89
:1025F0000AA2683BD8CD28BCD55FA3BD2E7E413D45
:102600002A1DCFBD7757D1BDFCA4313ED68F08BD62
:102610002AB55BBD6A1F0EBEC61948BDF9F3D53D8C
:1026200045667EBEAD0685BEDAF9503B4C694BBEB1
:10263000E851DABDA219AB3D2CE8AE3D4ADB72BBD6
:102640004F59D8BD762E8ABC7805093D64EB1EBB78
:1026500038E09E3CEEABB5BDDA35E9BCE05C403C11
:1026600035B0B13DDA7C5F3D79A674BD4B827C3DCF
:10267000FA8EF1BD00C137BD1EAA713BA4B4AFBE36
:10268000D0CB853DFAA2973C35F7BBBD36C827BEF7
:102690007C7E4BBDA642ADBC6165293BB0C609BE80
:1026A000780903BD76E7473C5160D1BB3DA5B9BC75
:1026B00094DF18BE7983A5BD13DD383C9C8003BE32
:1026C00055D569BCBA2F843B2CC5F4BCEED3FC3C79
:1026D000051DBBBB640721399E0D25BE421229BED4
:1026E000D9703EBE6A5DCFBE7886A0BE63D737BEC6
:1026F00003A1AF3CAFD4053E5BAF6D3DE5E5D1BD79
:1027000002DD02BDF3E29B3DA9B72BBD9A17E43D64
:102710001A1B9FBDC7BF1A3D0B88253DB5386A3DC2
:10272000B098F63D9F6EEF3D870D8B3D284AE63C05
:10273000E9E5E8BCD871B6BDF963DFBB6AC5EA3D1F
:1027400014BC683DB0FC89BCE3822DBC2A3198BD25
:1027500060CF5BBDF0912DBDFDF1143EA90340BEDD
:10276000002B2EBDC0A091BAF702C73DC664A23EA1
:10277000F642053EAF790A3C2FCC83BE955E1C3EE7
:102780007F2C0B3D57E21D3E309417BD5811C63DBE
:1027900090F8243ED7FA913D7AE20DBE5A653CBDD1
:1027A0004371E93D522CEA3D49D7C0BC91F7F4BCD6
:1027B000E2670CBD811B073EA0DD843DAC02D2BDAB
:1027C00089252A3E73BEC73DEF9E36BE2E6EA6BE3D
:1027D0007748D1BC3B1A793D26EC783E896FD73DCE
:1027E0004E6380BD68CD013E87F72DBE55A2E63C05
:1027F0009DA6813D5F6F203D29669F3DF4ED523ED1
:10280000EAADCD3D3034663BE508C8BDCB9A043E09
:1028100073C1163E476992BD741DC6BC70F2623C1E
:1028200096168A3D9A10803C9B2D4D3E1060F2BC5E
:1028300063210EBEFD14CBBDB479C33D2C225B3E9B
:102840002D5CFDBCFFF246BE14BC443D8488043CB4
:102850007BCB23BD9C7416BE8BD67ABDD77D073E3D
:102860002191A03C438B1B3CD8D7203D77A31A3E37
:10287000330D723DF67ECABD4347A93DA2518C3D42
:10288000C3CFB73D94E0163E05D85FBD307EF23C25
:102890003980F4BDCF2C8DBD0F3218BD08C01BBED2
:1028A000ABF07EBE0178AB3D8213F63E34D6463E99
:1028B0006EA1ACBD554FF3BD545F4DBD09D3A13ED4
:1028C000B19968BE3EDC80BE576501BD0CE5B03DE8
:1028D0004D973A3EB5CB513E4A53153E3F3FE53CFE
:1028E000E2B677BD91AFD33C907E433EE2C5763DE4
:1028F0007C02453EE7262D3CB946B0BCC1B7A1BA23
:10290000C0DCCB3CBEE9F7BD052CA7BD87548ABE11
:10291000157E67BE9F3F063EA9271EBE2B91683ECF
:1029200006FA033E190237BE92B894BD7A6BA43DF5
:102930001B716BBD4E0BF6BD3D9F93BB79E6AB3C67
:1029400036E0A63D11381C3E551E033E21C3D83B40
:1029500012241EBDA2E44A3D865DF33D87E2FE3DA2
:1029600001237C3ED531AA3D74CBBABCB16A0DBE01
:102970002053DBBDEF721C3DCF178B3C5321053D2F
:10298000D88714BE3BA7103F5CB2E33E05F8D13DAB
:10299000F488173DC2525ABE27CF803D664B5FBDBB
:1029A00046B416BED332FFBDA4C3E8BC71A0163C2A
:1029B0003CC20F3ECFE5A53D6F02F93D56F9AABDD9
:1029C0003B0CBA3CEBB3B5BD41C29E3D0B7C833E94
:1029D000FB0F613E95DCB33BA33847BD40EBA1BD87
:1029E0001559B63CD75C28BDA3A5BCBCBC73833BC2
:1029F000C305513D2D76AE3E30937DBC8FE13BBD8E
:102A0000CD5157BD66AF08BE8B9E02BDA77703BEF2
:102A1000D05FB6BD4E43B8BD84B718BD2A6D9A3D90
:102A200083A4F93D1752933D8C827FBDA1F273BE02
:102A3000D1CC10BD4923C43DE5A71D3EB019863D4C
:102A40008C77DF3D65671F3E71DE203DB1DFE9BD5C
:102A5000E3A8503B17EE2DBC1F10823C2995E93CA2
:102A6000127F453EA908B13EA1E1943D7512163E84
:102A70007E7E343C860640BE088E2CBDA2C627BE94
:102A8000003D59BD05EB5BBD4CB03B3A15C5043D5F
:102A900048BCDE3DA092F53D3A60533D985EA13BB7
:102AA000839213BE8D62803BEF1EE6BC0874413EEC
:102AB0002919A93C7B866E3CC02B8BBD2FA1C3BDC1
:102AC000A83DD3BD4F349D3C7B740E3E14645F3EE5
:102AD000443E6CBC66351E3EBB2C403E578D963C3A
:102AE000E14E943D2A8356BEE1B7443E2C0612BE09
:102AF00021A1B1BCBD13093E0B6BDD3C2AAA403CB1
:102B0000FA8CA63D4B3831BDA721653CE072763981
:102B1000BD9B533D941145BD12038F3D915DC93D51
:102B200045DB9FBCC08FDE3CB38B04BEE10898BD83
:102B3000C60448BD7F1E103DDFB3AC3D2F3D523E65
:102B4000AEAA8C3D3C0C543DCF29193EC245913C68
:102B5000DEFB73BD32672EBCB228043E1FA0413D90
:102B60005655FD3D144E693EC33FB63D969B0D3D07
:102B700058D5B43CE54FE03D1C7DF33D7403EFBDFB
:102B8000814B0ABDFE82653D7529EA3D591F093D0D
:102B90002F51E43D4A55A03960B076BD2D6E48BD39
:102BA000991E10BDDA97A0BC4DED8C3DEC9CAE3E5D
:102BB0002DA2593EF4D53ABECF8BBDBE0904393D96
:102BC000199E1A3CCA40F73B12B4253C8ED7EC3C08
:102BD0002548953DF057C63D2EDA5E3D5501183E1D
:102BE0005BA5FA3D4290563E2E39333EC212793CE7
:102BF0002135013D7ECCA3BD4B93943CA790FEBDF7
:102C0000B6F6A4BC2514D2BDCDB95DBD8F2491BD4F
:102C1000028A923C49941C3ED122C23D4D9E5A3EAE
:102C200072647B3E7C6FF43C59E09DBE8BA1ABBCD3
:102C3000107B38BDCAC795BD418A78BE213E26BEED
:102C40001E7EE43D5F861BBDA0FDC83D6DCC1F3ED2
:102C500094A30B3E30D02F3D080AA23DAB02D7BD56
:102C600038BDC33DB9AA75BD9324633C81515CBD99
:102C7000A5A012BE913F4FBE6D8B51BD0E5B843D32
:102C80006DBDDB3DBB51123EFD7A263D7880523D45
:102C9000A4831A3EA591223CCE3283BE1880133CF9
:102CA000C630223D2FE0983DCBB35D3D432C9DBE09
:102CB000B2500ABED5A518BE2E165CBC88DB41BC3E
:102CC000899C3D3EC6988FBD89D5E1BDC1F9E43DE3
:102CD0002AD759BD1AF824BE78923CBEE0F185BED1
:102CE0006FD23FBE365880BE68E826BD1AD671BD89
:102CF00095562FBD7CFAB4BDA92500BEE2A12ABE1F
:102D00003C7E8FBDAECC243E3569083EC06E353B5F
:102D1000F22B97BDA0A6C7BB5CFBCF3C83251F3E13
:102D200095869D3C7D5E96BE11FCCD3CFC40AABCC8
:102D3000146954BE916ED8BDA266D7BD11365CBD74
:102D40001149A4BC55E11DBD1E08F63DAA64203EF4
:102D500092AFFD3C157BB83D585B553C3A876ABE47
:102D6000DDAE0DBEC35AD13DD702AFBDDF5DBFBEE4
:102D7000F2ECD9BE9F4A753C6F140D3DE45F21BD56
:102D8000B62A6CBDED8D8BBD00616FBC1CA8573D94
:102D90009AAA4C3EF95C403B48E4DABD7069BFBD7D
:102DA0007219073E6FBF9B3E209F153D206EA1BC50
:102DB00022DA7B3DFEB45DBCCCCCA6BCB4FDEFBD3D
:102DC000C210FCBD6B24133C6187FB3DE3002FBEAA
:102DD0005BBAB33D0845953E252F9A3ECBD7D03EF2
:102DE0001024633EFB3A543D2CEDE9BC51651BBDFC
:102DF000A049BA3B469974BDF6331B3DB42A073D42
:102E00009ADFA33C4758703DB3C7083EA8581C3E04
:102E100050A6F83DB82D183EEA89333EE2750A3FC8
:102E20007D1A053F8429203E8AC79A3E4C24903E55
:102E3000D4574F3E7081753E53FAB03E3B085C3E1E
:102E40004589E83E4308D43EED9FC93EB2CB093DDB
:102E50008C129CBC465F563D37BCA63D124A49BD0C
:102E600090344ABD5EBDCBBCA43E9EBC34088FBC32
:102E7000088AA73C3C95E4BC0F7DA63D3CA088BDDC
:102E80002ACF0F3DE0D465BDC02E3B3B4AE65C3DFA
:102E9000E0B7FE3DAD516B3CBCAD0DBE0A7508BD43
:102EA000F71082BD856A993D4BBCA03D176D88BD6A
:102EB00028ACFEBCD09283BBEA54FCBC788213BC25
:102EC000F06C553CFC29F7BCBCE2F63C626A2B3D39
:102ED000F0CEF6BB6252DABC8013C0BA0C53A5BC6C
:102EE0002B7A48BD9A1AC73D878A0A3CA15F713D7B
:102EF000705B863DEF241FBD04A9BC3DE5CF8C3D32
:102F00009185623D95A6853CCBABB93BD1529B3CAC
:102F1000FADE36BED62B13BE97AE413E9FA48C3E42
:102F20009ADBB33ED60D433E76172B3D7AC51F3E46
:102F3000105EA3BD52E484BD5DB499BDD0DDA4BBD9
:102F40005F059B3D1A5E81BDDD8EEDBC2EA057BE98
:102F5000328B0E3E8AC6643EBBC6403DFACA5D3E19
:102F6000BC562C3EF8F4463E5FB6013E2A5C283E35
:102F700059D8323E10128A3EA4D4AA3D575D3EBCB9
:102F80005DE73FBDC0CA9EBB0D40E43CC6BB65BD0E
:102F90007D16913D2E96F63CDD4BF43D6FB1A3BC02
:102FA000CBE0163CF666DEBDDE9E1DBD647FA13C17
:102FB0006A352F3D70F806BC5879423DD02B09BECA
:102FC000D78E813DAB77A13E8285BC3EFE32D93E95
:102FD000BA2DA63EEF6480BEA11E8BBD0097BEBB7E
:102FE000C82D253DCE2FB4BD3223CE3D7855F53DBD
:102FF000EE092F3DF5824B3DFAB90CBB056BAA3D9E
:10300000E3B7903ECAA11D3ED16DD53D0FF06D3D99
:10301000503429BCC5AD36BEB9D025BD04901C3D89
:103020001DFD91BD98D832BC40F6E53DE0C49B3E05
:103030003EAAEE3E22D97C3E6481BD3DFC75673DD3
:10304000352E1C3ED21A20BE1BAABE3C6D037FBD8E
:10305000E47404BE54CA9ABDB2CC9EBDB05E2ABE12
:10306000D48B473DE220933DC23D74B9D4772B3ECB
:103070000438E53D8428263E9343A9BDFAAE59BCE9
:103080009A4E27BE81B94DBEE1080CBEC1974C3E99
:1030900027497EBD7A503C3DE1A1683DE134B53E13
:1030A000E2B75E3EA9B4013EAC1B273ED25E4E3E67
:1030B0000DBC1DBDB17FE1BD8F388ABE00EC05BEE1
:1030C00017A6B23C171215BE58903DBE39B1EEBCE2
:1030D000754A92BC42CA3BBD5854B3BDC715283E81
:1030E0002823023E8A9A0B3EB5A8D4BCCC4D64BCC2
:1030F000220EE53D348E293EF7E440BE27FBB23D6B
:1031000092B2703D14AB043E6863163D927B143E50
:10311000511E6A3D7165793DE2A9743EF736B53DB1
:103120003D1591BDCC7163BD76BA37BE984F0DBECB
:10313000C0EBC3BD83EAB2BDFE7840BE5245D2BAF1
:103140005B11F4BDF37744BE13B06BBD3726CB3CA7
:10315000EE92393D742E483E0C21853D928D9E3D68
:10316000216E49BEDE134B3D21B507BCFA184F3E18
:10317000C7F9083D56A7DD3DE46DA2BDB3F1433E5E
:1031800015AC113E2780D03C98764B3E04C460BB02
:103190008EEC4DBE018CD2BD936920BE0A64C4BCC6
:1031A000021540BCE4708A3D32F479BCC7803FBD53
:1031B0008B44FDBDC777C7BD3AA72FBEEB1A603B56
:1031C000B66E3C3E29AB9A3CB57806BE76E809BEA1
:1031D0003E35063DF1CE09BD122177BD4E05A43D19
:1031E0002D4651BDC1E4433E19291D3E362D7A3E80
:1031F0007947983EA872883EDA0189BDA6220BBEA7
:10320000E2CF5BBEE98404BE50E6EE3CD101263E2F
:103210008E092F3E43F63B3EACDC9A3B6A669FBD6F
:103220002F1E2DBED45AFFBD72CE9EBDCAF9F0BC72
:10323000011F8BBDE05A95BDCF93B8BDEB301CBECE
:10324000178B1BBE5E74963D2EE0A13D0B1583BE11
:103250008EA3283D8C2F313E965C113D60F53E3E9D
:103260001DBE383E5C51743E15818A3CD0AE3FBDD8
:10327000844486BDBC7DFA3DB327533D1FF3043E15
:10328000D4754B3E2791273EBB7F8C3CA5D401BE15
:103290008BF3A9BD9E591BBCA13E87BD3BCBBA3D5C
:1032A0003A2B133E23A3F7BCC0EBCABD24852DBE29
:1032B00082ABC0BD329CFE3D4541B0BC86C2FE3DE6
:1032C0008003A13D7EB627BD7AA5A7BE3D4A3D3EFF
:1032D00043A62B3D6914BFBC9D072CBD7E178FBC38
:1032E0002F79FCBCCE270C3EE35723BB56713D3EE5
:1032F000EA05FD3C61670ABC9526CDBDE864ECBDDE
:103300003DFEF8BD218C873C14F2CF3DF6BC4C3D10
:103310008B9E3DBDA3F02CBE0FBE47BE542E05BEF6
:10332000D36185BE2DCE85BDE04E04BE0AD9403E98
:10333000A7B689BC2F123B3EBB5C8A3D4C2BB93EE5
:10334000F743D2BDC475D33C48DC22BE13AB003D6D
:103350005F0E453E350ABD3DECBB6F3CDE3786BC9B
:10336000E88E8B3CD5B21FBE11669E3AF67399BDAE
:103370005834433DE9F2D63DD210703CEE2EDF3A90
:103380004545A23DA001C6BD8CB3B2BDD7893FBEA5
:10339000C0E40ABFFC9FE7BEF3D9A5BE829EB03C45
:1033A00060CA6E3C877A363EAEE7AC3D98DFB2BD70
:1033B0007C5D22BE7A8191BDE2110FBD9D1427BEB6
:1033C0008A21DD3D892843BD2C1DCC3DCED603BDD1
:1033D000002BF83B1059C0BC65A2D63D79EFD13D1A
:1033E000BC665E3EDF9DA43D518A903D320ACD3CD5
:1033F00063ACB53D000911BCAAE00FBD49A878BD7A
:103400006BF7CABEA048A4BEAD1689BED1B4CFBC6E
:103410007DCE213D31228B3A9B67E23D0D247BBC62
:10342000FF5FE3BCB2983BBEEA429D3D38FFE0BD82
:10343000DD9AE53D8C19803C1F940DBD1499E1BCCB
:10344000731F67BCAB59AC3DA4944F3E9A54133ED6
:10345000B89EAA3DDC10BC3D05A6A03D5862963D35
:10346000691CE23DD8BCED3C3C39603D1EAC7ABEE7
:103470000B2E6BBEEC5B45BE367D32BE6DA4F8BD37
:10348000FBEBE7BD198F4E3EAD2A9F3D530D983E95
:103490000C34B7BD17E20DBE3E4201BE2EB10BBECD
:1034A0000C702BBD149AB9B7F323E03C23DE14BC97
:1034B0008C3AC23D2303C53D0AE8153E8A37143DC8
:1034C00057C42A3EAA451A3E9B5AAC3D0139133EC9
:1034D0007010D93DD85AB03CC690D8BD4D430EBEF1
:1034E000E397A0BE9A879ABD6F13C5BEDC53C4BDD7
:1034F000940F13BEEC1C0F3E15B2483E5E0DE63D28
:10350000D80982BDB842C2BD5EE4C2BD9C8FDFBC9B
:10351000541D9B3CDD95B93D798B643DA06D113EFA
:1035200096D0433D0BC9433E432F433EFA8E083E9F
:1035300068F0123ED01AFF3D33FE463D1E81F53D38
:10354000722A9D3D88813A3E8DA26D3E81942A3D2E
:103550005749C9BE80C2AD3D53BF033E231EC1BD06
:103560007B65123EB52C2E3EE7FB6B3EA4E02A3E67
:103570008C012FBCE2A6F0BD287C543D772D313E56
:1035800088A93D3EBBD7673EE3AF433E22AC943EA5
:10359000E618253D0F36423E5C45AF3E3C5DFD3DA5
:1035A000007506BDC46CB5BD07A78A3D9AC8423EEA
:1035B000EFA2C43D8421123E191BB63DF8B6443E2D
:1035C0008B0969BD1B11003E2ED581BD240628BE86
:1035D000464CABBD9CCC413E4696323EEC0C8D3DFC
:1035E000EE9B163E8462A0BE73C8D4BDF2444C3E2E
:1035F000A80A353EC6F15EBD87F1073EAAA4DA3DB2
:10360000D7DAC63D319F9A3EC500883E7B4A77BDDA
:10361000C362CDBD93240A3CEAC82BBED6B36E3D2F
:1036200037A5BBBD53F90F3E490D183EA8321B3ECE
:10363000028CE5BDC313493B3BAC8F3D5E6731BE99
:1036400046019CBE30C1AB3D7554023EF28E893EB0
:10365000A1623D3D9490CCBEE84849BE93D88E3DD2
:10366000B4134ABB07AAE43D300293BC3ABF493DBC
:103670006581023E4D2B643EF29FCE3C216681BDAA
:10368000D752E5BDF686CDBC1FBCB5BD0B1A923D29
:10369000BA524CBD4669183E5DB3C53D59FFA03CCA
:1036A000E2F043BE8937A93CF712EA3DAF3A7E3ECD
:1036B000A1EA963D385CAABD71E7B4BD3D77183EDE
:1036C0002E32A33D08A0F3BD380804BEE2F4E23D6B
:1036D000E70E93BCFF662B3E4D70BABC7F1604BD4F
:1036E000FF3D98BB30E249BD042DF4BD3B4DDCBD30
:1036F000102635BDD81C1DBE659D29BE9C8B30BDD6
:10370000521B9EBD29CBC23DFA4E21BCBD3B0ABE19
:103710009A1E80BE256845BE068584BD1222A43E41
:1037200013C58EBD2A518EBD6FE5D1BDEDBE193ECC
:103730002A42923C9FC489BD198E24BE9C304C3BCA
:103740002FB491BD767189BD55DD383D673408BE13
:103750001F1693BD610F24BE9D0F763DD3C4633DFC
:10376000DFA498BD43B80CBE7CE3E439C1D5D7BD16
:10377000C0A2103E221D2D3EE29FBF3D230CBEBDC8
:103780008C1E5EBEEEE732BE69F7233DEF56DABD12
:103790004BC47E3D32845F3EC287823EC907563E9F
:1037A000F41C3FBED79F40BD2AD651BC19E8B83C97
:1037B00092AEA43DDEA739BDA6989B3CB3BEF63CB5
:1037C000EB9A6BBC4BA7FA3C2104DBBDAFEEA8BC67
:1037D000239421BE8068BEBD9BC54DBCB41D723D07
:1037E000E946A13D7816963D877457BDE14F9ABED4
:1037F000B2F197BD23E62FBEC7739FBE2C4DE2BC2E
:1038000098EC273C822F9D3D2004FBBDA91BC8BE20
:103810002707F1BD27663A3D7D6BD3BD1EB9FE3C3F
:10382000C3AEB03DC4009EBDD138D03A325398BC2F
:10383000A1066EBD1A868DBDE1B5B6BB812EB83D21
:103840005C9A393D52CFD9BCAF03423E283B0D3E76
:103850006D02AE3D928D103E78C0FD3C73A965BEF1
:103860005671A2BD3A1982BC8CD1A3BE80C098BD4E
:10387000CF619ABD9EC2443D3727C23D643712BE18
:1038800083023FBE176060BBF417663EF182A03D25
:10389000E9FE03BD62F81DBE0AE47CBDC6738BBDA4
:1038A000CB87A2BD13C842BD2EC6A3BD88A204BD4E
:1038B000541110BE004339BD45A92A3E07D9683DC1
:1038C000FB10893CCEBE4F3D861E9ABDDA92EABD02
:1038D0009E7271BE144E0EBED9C8E8BD1860863CFB
:1038E00096DE80BDB200493DF416FD3D103B613EC1
:1038F00025FF303EBB4B2FBE39BE033ECFF4033E07
:10390000942D263D3F7EC4BDEB9CD23C0B5D823D99
:10391000A6E075BDBB7905BE801ED93C53BED1BDA6
:1039200059517EBD5860E2BC846E4CBE507396BD4A
:103930005B0C9F3D6392C53D5C1CAFBC04A82ABDD7
:10394000D03BCBBE922B2C3E8321033C741804BD8C
:10395000D299613D7ED26A3D27681CBD62E611BEE8
:10396000430B103E709EE83EE832673D78E6DF3B51
:103970009AB1A43E24A8C13EB0C99F3E0000BA3D02
:1039800058C7B13EA6A2E6BDCF36C9BD7A6129BEF1
:10399000EDE2C7BD6BD22ABEB573553DC0B1753DD2
:1039A000DD2A54BDA95284BDFD2968BE350D45BE32
:1039B00005F991BE85463DBE2DE007BEBE6D2ABD10
:1039C000B806ADBC48DB3B3C2447E53C1F6ECC3C15
:1039D000922735BE3D44F3BC7A93743EFC33643E7B
:1039E0003AC74E3EDB82403ED121613EC628F0BD43
:1039F0001E8403BEEA7902BEC429E1BD93E9A0BEDC
:103A000067826CBE88C40CBE46202FBEE7C4BCBE15
:103A10005A99C6BE7B20223D079A73BE892AE13D92
:103A20002207A13E4A8F533D0048BD3A6A9D063D9C
:103A300057EB8DBD761E93BD21AF81BDF8536FBD91
:103A4000DC6FDB3D2425033EC5BE52BEC9DF59BE37
:103A500039FC18BE1FDD9DBDB757CABBE90CDCBDE4
:103A6000E62F7FBED63525BE07636DBEFAEABFBD21
:103A7000244DACBDAA9FFABD19CCA0BE05CCBEBEDC
:103A8000277C1CBD56DE483ECD393A3D200B3E3EDC
:103A90006CF853BD1D4F22BDF968853D81245BBD87
:103AA000E19986BD7C35233D00384A3AD96C5FBD2B
:103AB000AFC710BDB06896BBE0EEBEBBDBCE8DBD20
:103AC000D8E3EC3C427C663DA33622BDF2E34E3D9A
:103AD0002DFD043EDF5A863D0ADEBBBDABAE51BCB8
:103AE0000025D7BB14FADCBC0858F63CE85F02BCE2
:103AF0004FC38BBDA025863CEF8436BD50E753BC39
:103B00004AD07E3DFD7383BDAEE6E1BCD021D03B03
:103B1000566969BD8B7C823D31C318BD000895BCD8
:103B2000B9D9DBBCFC3061BD0767893D0DD2CB3D07
:103B300033173A3DA526203E3D10933D54FE1E3ED0
:103B40001B3F2D3E9801C13DEA4ACFBD249203BDE3
:103B5000730F01BD825B21BBB216BC3DADAEAA3E68
:103B6000FD4CCC3EE99F983E9FFA9D3DBABFD43CA8
:103B7000E5C9A93D14AFA6BC8CE534BD9A38A2BDF9
:103B8000A26416BD2008283B4430533DAC8E153E40
:103B9000C2FA563EF9CEA13E0BF61C3E1F470B3E25
:103BA0002B1D0DBE9B12273C71F2A2BD2145553E37
:103BB0008F17BC3D164C3ABBBB6E6D3DC7AC06BD06
:103BC000BD4982BDC7B5473CA6655C3CA0C613BED7
:103BD000F3B9F73C199E063E70BF423E859063BA2A
:103BE00033A6E6BD692DDFBDAA64353DDA96DABCA1
:103BF000DDB0A03D30352CBC934825B9F4AD613E15
:103C00006DC1933DBBC2BA3D64F3663E2E892F3E23
:103C100096C4BDBC432164BE133F4EBD642268BD43
:103C2000828EA2BE6094FFBD5283F73D1D291EBD4A
:103C30004E0805BDA33417BCEC3876BD2600913C78
:103C4000FA2B0B3EC517D63D8559B33D8A72A43D6C
:103C50006BCA8DBD47F8CDBDA1A1D33DEBD79D3D2E
:103C6000CC5C68BDE87951BD327A533EB0B7433E73
:103C700008F4233EF280C3BDCB38C5BD8543B5BD36
:103C80002284443D745C173DB4399B3D95FA7ABD5E
:103C9000199D2B3D8326143E6C13243C01C2693DC3
:103CA000549D9A3D393C643C5BFDB3BCD22E203E12
:103CB000BE781A3EB09E4A3E93BEE43DAB9C183E91
:103CC000CBC1C23DED747D3CA052373D56F8B33DAB
:103CD00020E6ABBCAED817BD60A10FBD28ECE63C1A
:103CE00027BA3ABDFE3714BEB6F4C43DE2C4073E5F
:103CF0004BE76F3E51E88F3DDE990E3E56782EBD64
:103D0000FBC6853D085926BDB1FE1E3D3E958A3D48
:103D1000063A2BBDA02EBF3DEB2B9F3D7A9ABD3DB1
:103D200061FAC83D7C44433DBA842F3D6A70513DE1
:103D3000136D873E3E86503ECA698B3D08E26B3C60
:103D4000C671F6BCAD162F3E5E1CE93D3A2BA3BDF5
:103D5000707D53BD63573B3EC3AFE03CDAD5A73D12
:103D60004F62233D2E775C3C1CF01ABE457704BEA3
:103D7000F98CA7BC8E2E253D7564E7BBF6416EBD60
:103D80007F515FBDA5A4ABBDEB409EBDC8FC2D3DE2
:103D900020DD98BD4FFCFA3DF29CF93DA522F13D96
:103DA0001847203E478D0DBDDADE88BC47300F3EF8
:103DB000159A57BD911DD83E3730873E3555903DF9
:103DC00068909A3DAA80463E7B85B73D71A8B33D79
:103DD000315EDCBD5ECFBE3A85E270BDEE49E8BD26
:103DE000444E11BEF66F1DBDC69ABDBD9440A53DA3
:103DF000103A10BE0DA2A03D2A07093DD745EB3D64
:103E00007E9A7F3D2E74233ED3690A3E67116E3E33
:103E1000570D2B3EB423023E539E65BCADCF85BDEE
:103E20001AAC1BBB361B3C3EF39FD43E3A32423E9B
:103E3000D499833E7CAC3A3E9E82813D7F5F1B3E9F
:103E4000D77E7FBD465CA03D9E82CFBDC13B9ABD63
:103E50005BD44A3DFFDBF23D1DF0153DB8C4D03CBC
:103E600056FAD43DBA80823D7C56E93D8347A73C53
:103E7000D2F1083E5F50183E11BF023E955EAD3D47
:103E8000E30D9BBC052119BC995E143E8FA98DBE24
:103E90003605583DEF7EFC3D25D6003EAB37223E31
:103EA000DFCA483E09D6F93D87DAB5BC47892F3DC0
:103EB00052FFA23DD09EC23D8FCF0DBE04D60B3E19
:103EC0005EBBEF3DA99F8D3DECDA453C55278DBC8F
:103ED0005B1B713DB53069BB555FA0BD7C9BA7BC2A
:103EE0006AFF373EF13A9A3ED360343DD868453E8A
:103EF000DB2702BDFE64B23D64E451BE3A5982BE86
:103F0000EC265EBDEAD5A43CDF9E343EBF75DFBD26
:103F10006E043D3E869F733DA87B22BD15A1DA3D10
:103F2000493719BCF231593D998FEA3C0F2A7BBCC5
:103F30006101773D77B0763DA522C33D8BF552BD3B
:103F400033BA66BD54D37A3D2366CFBB3F1FE7BD6E
:103F5000EFF674BC660660BD2EC5B13CC67F3A3D27
:103F60005952A5BDE57A9ABE0F99FEBE2431F93C9F
:103F70004579453CD4488F3DB8189DBD677DFC3DD3
:103F8000CBAC89BDCF45CD3D9AD3513DAB65193EF4
:103F9000C0B5123E9C8A933DC4298F3D3182EE3CD0
:103FA0005F7B933DE9840C3D42FE7ABD56E639BD08
:103FB000F57230BEB4AB4DBD345A16BE5996543C62
:103FC00065BB0ABD7E22713D809E0DBE85BC89BE4B
:103FD0009F09A4BD39A990BED68E1FBE66E137BE2B
:103FE0004B59B1BC4013033EFD20ACBD1BE30D3E5D
:103FF0001292FDBDB91A063E7E8A163E52CB813D15
:1040000044F83C3E3258D93B28BBE33C18B61D3D32
:104010009DCB753D820E1DBD9C73FCBD601052BDD5
:104020005C35CD3A65713E3D923E3E3D0435B9BDAD
:104030008922033C68BBFD3D2865AC3D92A82B3D21
:10404000F883B63E237102BE13278ABEC7E1ACBE19
:10405000B3D176BD4EB4073E9BFC4A3CA34F30BD66
:10406000DD0BADBD4CAB083EBE8D633E25E43FBCD1
:10407000E976B33DADE9593DA50066BC83EE4D3D03
:10408000EDDB8DBB52E47BBD1875D2BD9C89CF3D65
:10409000573103BD62EDBF3D4C83F33D4023293EC4
:1040A0006D2C75BC6234283C41DFD33D2C1FB53DDF
:1040B000F4E04ABD7D2357BD8AD799BEB09AADBD05
:1040C000B320A0BDAB93833DC14C9A3D6B9409BE18
:1040D00083CED3BCFDAA903E10825D3C0AAC953DD8
:1040E00077C43CBC5890E93D09FD553DB3730F3D85
:1040F00028E9E13C03FA9D3D0FFB2BBDF6AAB7BDB5
:104100009F98853C704F393DA896113EAD6E143D89
:10411000D2D0A0BDF36A793DE619F33D0D6AC7BB65
:104120001DA4B2BD9DA51E3E97F3DCBE0C94C0BD80
:10413000CDB994BC9A0BDE3DC1DAB03D8DFAC9BC55
:10414000545028BECF10C03D408B903DF2F70F3E3B
:104150009E1BAF3DA2A27D3D87E0003D4A4B7A3BCE
:10416000535ED43D5E158ABD6CE3093D8990553D93
:1041700084E8A4BDD03C633DAF03473E9F5BBA3D9E
:10418000E619143E60E34C3DBFF7283EC34BAE3DFD
:10419000741F26BE3C71113EF61E1E3D8B1535BEAA
:1041A0000BA42C3DA0B05B3DE249F13B9296FBBDD8
:1041B0001EA5F0BDD4EF10BCF878B63D2B7D573E60
:1041C0000E37693E12DC0B3E03D32A3ED5F0A13DEB
:1041D00092862DBD1EED85BDF0F6D33DA172EB3D5F
:1041E000D3FAC13CA4442D3DCDC92E3D42B8733E07
:1041F00029FD663D4302933CF46500BEF7608C3CAC
:104200006480AFBD390CA1BC6F5909BE79BFE0BD58
:10421000C72D993D3CA914BD0F60593EF0634FBEB8
:1042200029180A3E0F34B6BDF941AC3D4F62943EA9
:10423000EDD0353E3207803E2C5A2F3E6EC1E33D15
:10424000C6482E3DE1F0F7BC2CFC913D379C1BBBD2
:104250005F8E0F3D887B303D167FEB3D8BFE143E1D
:1042600011E21A3EDD38613ED52B6B3E2BB3893E01
:104270003E7E043E818A49BDDC85C43C06C481BEC5
:10428000C8C0D1BE42D2153D735B253D4615253DC4
:104290008631E43CA6FD80BB005C96BBCCB6463EB6
:1042A000F93CE43D0405313EC059013D0F76B43C74
:1042B0008A93B93C9931DB3C88420B3C043426BCE0
:1042C000FC112D3EE365DFBC3D1A8A3B30B98F3DC2
:1042D00025958B3D9721C93D1427CC3D4B2775BDB6
:1042E000E496FC3D7DEEFABA03CA4ABDC99EA3BE60
:1042F000B493663C15314E3EB08D57BE18587F3E84
:1043000001E6E93D8F7E073E880F0C3E3110D43C1C
:10431000B1E22B3E719AA33D26115CBD077105BE2B
:10432000906071BD07F5F0BD9D49B43DAFE5B3BCEC
:10433000E8CD453DB610893DA61A09BDB3DA15BDD5
:10434000B50886BCD61A673DE151CDBB10B30DBE92
:10435000322DFB3D735DE3BD09D721BE15A284BE9E
:104360001CB195BD42911A3E840B1ABEFB5B483CC2
:10437000F997223EBFEB2FBDB537AFBD1F52703E40
:104380008296593C73AA62BB2A4948BC3C8055BD01
:10439000C4394F3DE58A163D338CC73DFB5179BB8F
:1043A00061B482BCE192BE3C5CD616BD07EF54BD41
:1043B000F237433D8959103E8A485DBD9387FDBD64
:1043C000B907FFBD74C0A0BE66163CBE3ED5553CC5
:1043D000E05CF3BDD5F54F3DDBD452BEB655573D3D
:1043E000C655E5BD72CE943D4706F63CE4E5DB3D9F
:1043F000AE01B83D2320CB3D24E936BDFD1A273D53
:10440000FD8F363E89F3C03D49630ABD106C7C3D8B
:10441000E8AD263DAE305A3D286ECDBD04720B3C52
:10442000C1F9BABD1BB5FBBC68C50D3ED06A82BEE2
:104430005F6B5FBEB09BA0BE26BAA73E7EA0A8BDA4
:10444000BF0B94BDBED88CBDC90481BD91E071BDC8
:10445000B49DFFBC145CF93B568BA03D395DA93D72
:10446000AA74DC3DBB09FEBDBE05193ED6CA423E5C
:1044700069AE2E3E5A56073E71F7973CB2B1D43D15
:104480005C77453E0D790B3E5A7B513CEC460E3E27
:10449000F5FF0CBE822E2F3E1A77143EC05428BE64
:1044A000F38B99BE576703BD5E9A803E907548BDF9
:1044B00024DFE6BC38215C3CC100E7BA5D0085BE64
:1044C000C290923D747205BECEA007BD9035D83C17
:1044D00016E880BD8D6CEBBC19219A3D98BE4FBC8F
:1044E00080351B3D0A7B5A3D9ADE2C3D67D1BA3B95
:1044F000FA85F63DB4150BBDC918263E616F413DE6
:10450000A992AEBD141D0F3D773452BEAB9728BEA5
:10451000B679F1BEF77F653C9DC83DBE2553A13DF0
:1045200047D61DBDEBE733BDE814703EB967593B74
:10453000EE9D9DBD3E6EFA3D1FA8F3BC630A15BEFD
:10454000C026C7BD9E7B9EBD8D9E57BE14E0F2BDAA
:1045500000B6A43D12A8DE3D3DFD6EBDDCB46ABDD3
:104560008F4D843D4D0C8ABD478DE7BC48B663BD79
:1045700019E5B8BDA78872BD9F9598BE20AAD6BE82
:104580001165F3BEED87D1BD965182BE81F927BD7D
:104590001CCA18BDD007F43B7BEF6FBE65891F3E78
:1045A000D099C7BD920F3FBE84C51DBE654651BEA2
:1045B000F18734BED00926BDB503D73D9669C9BD84
:1045C0002D62B7BD51CE32BE795DE7BD487CFDBDE1
:1045D0004E9932BE37960FBEAFD564BD627623BE0C
:1045E000CF8FA1BEDF3619BE7E9F36BE61E0ACBE66
:1045F0003C8887BE67F406BE55F1563CD8F176BCC0
:1046000080192BBB13D0883D333C92BD940D72BDF5
:1046100027CCC6BDD034A0BE861D06BE209342BEA8
:1046200013B3A8BDA277603D6E6124BEB00026BE64
:104630006580F3BD972984BE7251CDBEA81893BE84
:10464000D4B3D0BEF87294BECD1180BE11EFB7BE08
:10465000224932BF9DCC09BE8D0C70BE5762883D89
:10466000CD12E9BC527D29BDFE80373D84968C3C3D
:10467000A1DF9E3D73732BBDF72E1FBDE0C435BD7A
:10468000EFE6253EB3BAEB3D440459BEAA3E6CBEEC
:1046900093B7FEBD0ADFC5BD9EFDDC3ADC3A0FBE16
:1046A000F3617EBEA5837DBEFB6BD8BDB7CABABD24
:1046B000F40F49BEEDC45DBCE87762BE563EF1BD65
:1046C000B80784BD1FFC0C3E5C31153CDE1E663E07
:1046D000EB9A9E3D0CFC6EBD7E6B333DE005183CB5
:1046E000478252BDFED7653D7044E1BB357927BD99
:1046F000E6F7033DB2E8513DF82D8EBCF6A8A2BD09
:10470000A74FA7BDAC2C8EBCC02CF93B5FBA74BDC3
:10471000E80BADBD6BA99FBD862ACD3DC5257FBDEC
:10472000C039553B70000BBC0C37173D5995943D73
:10473000F44AC2BC78ADE5BC18B07CBC24E8973C18
:104740006C9D9BBC706EB93CE2C13E3D9C74ECBC60
:104750008EEC75BD309DAA3C12BF8EBD5A80603D67
:104760005D229ABD149FEFBC3D5E2CBD0B73A3BDB3
:1047700019FC813CFCFBBFBDC6BAEABD290AEEBDEF
:1047800034D224BED34543BE6AC89B3D7202503E1C
:1047900063E6E33C63906B3D7E920FBEA736ACBEF2
:1047A000C750CBBE21A4B4BE619E41BE885643BD56
:1047B00027962FBDC34A883DBEBB2E3D425684BDC1
:1047C000C0DEC33C8E1A603DEB7EB9BD68A229BC39
:1047D000BB34A4BED31FADBE08B109BEB94253BE9F
:1047E000B7A96E3D584F303E3752063DFA0A84BE97
:1047F00090AAC93DC1B7283E9C139DBC654B843D22
:104800002C59143E937DD83C24DB523EB1E50A3E40
:10481000EFB810BD742A81BDCF9210BEFAB5273D06
:104820005A030B3D1803F03D505C2C3C1067493C8B
:10483000EEA9623D6D4DA13D057123BDF6569CBCB0
:10484000787EF5BDAF94A4BD018BAFBDE816AF3D3A
:104850008110B43E08CAD13D41D6903DCA7E413D4B
:10486000FED63A3E26F54F3E53AFE43DE188DE3DAD
:10487000F8A3D63D9B5C133ED90A713D130D29BEAA
:104880003C5340BE367A98BEE358CEBE950320BF57
:104890006C7486BEE4290ABE691C49BEA4AA233DE5
:1048A000BFAB853DAB73823DA1E0663E8163203C9A
:1048B00042D3BABB601C143E7B0D803EEA88913E19
:1048C0005F43863EEFFB5F3EB09FAC3EB58B163E2E
:1048D000A035813EDBA3073E75F5163E89A6333E23
:1048E000DB57593EAB6E153CDBD0823D9427B13D82
:1048F000AEE9503D925795BE344774BE374EF3BE75
:1049000057F200BF9AA2B3BEC58CECBD2EE20CBE1E
:10491000EA6A663D09208C3DA254C13B733C1E3EB1
:1049200013DD923DDC0FD23E25C9A73EDCEF803E71
:10493000AE44B43D54D9853C40ECA2BDE86809BE04
:10494000359BAE3DD5360F3DC79BDFBCD206203C24
:10495000C1CCC83C37A657BCBD4924BE0194333DE9
:10496000C67BC73CEC6C25BDDD7891BCF8243DBE10
:10497000CD8EE0BE378768BEC60B61BE521788BEBB
:104980007749A33DDCD55E3E47D389BDB8D9683DA4
:104990003BC32F3EAD247B3E9750AE3E45CDC93D37
:1049A000D66AA13D0AD3E23DC32D053E031FF5BDE6
:1049B000121BCA3ABA08C03DC1A8BA3C3BF30A3E32
:1049C000AE81763D66CA62BC26D113BDA3AD073E5B
:1049D000D163FABC3F0A22BD89AC2A3E1F1E293D85
:1049E000F37E49BEA79C20BC88B7B2BD556C67BE9C
:1049F0001060953D0F584E3E912259BCF4E95E3E41
:104A0000ADB29A3E2686183EF34B4D3ECBF91C3E86
:104A100087F0CFBD0061E63DE117413EF8C19C3D06
:104A2000BF8DC33D4E32723D4233123EC0A66ABDB9
:104A3000E25A9BBD343F0FBEE06DAC3D05736E3E48
:104A4000A4D3B53D1E3582BC10CA8B3D5E5D85BDCD
:104A50000AB38DBE1DD4A3BE7661223D499D32BEF0
:104A6000DBBC23BC2279D33C661B0D3E3E5AF23C94
:104A70002A725C3DEEB7F8BC2F4001BDEDDD203E53
:104A8000D08781BCF890B93D41BE593E923B0B3E68
:104A900011AE483EF3BBF73DFA442B3E21BBCF3D60
:104AA000BB6FEABDB4AC953D33EE5F3E89B7853E42
:104AB000ED2AAA3DFEC8D4BC0746333E0B3B383D29
:104AC000E34E9BBE7D213EBD6693A23EFEF64E3C6C
:104AD0005761F7BC4EF667BCC4FD0A3D541C193E35
:104AE000B4D5663DC14498BDF8D0F0BD5223043E14
:104AF000C250613E79CDBF3D4A17E63DE74EAF3D1E
:104B000019DEBC3DF115C6BD8B2D04BDD1F1653D4F
:104B100024169D3CB5493F3EBCD7ED3D472082BDA4
:104B20005E47A1BDEFC8773CEC5E9B3EE4EE883D5E
:104B3000673A73BE4C97A63EFA6E303F38A4A73E44
:104B4000B5651D3DAB4ED23B4A39EDBD20ACCCBD69
:104B5000CBA2EABD8F6923BE2D3CA2BD25AB87BD8C
:104B6000E2881A3BEFB431BEAD8D15BE8CE371BD4A
:104B70001E9D79BE1BBF4FBE813713BD3F0F5FBD6A
:104B80007F911ABDF8910C3E63BD633E7B08C93C22
:104B9000523432BC40D116BCFC789B3D71CFCC3C2A
:104BA000C0450ABE162F663E3AF6AA3EDEFDB43E6A
:104BB000A6E7593DC456A83CE493AEBDF9A136BE64
:104BC0009142E5BE6E42C1BEC256BFBE698FC4BE31
:104BD000627BDCBEEA68ECBECDA2BFBED3F891BE5C
:104BE000FD1465BE616700BEC67F653E3847053D62
:104BF0004B453DBCB911AC3DF5C14D3D33B722BD70
:104C00000A94E3BDA74106BE176874BDB2C0003E5A
:104C10006E21903E4272973ECC81363EEE5E763DEE
:104C200058C6373D8C5A50BE66C1A6BE2F73ADBE66
:104C30006E7020BF55AC0EBFEC491CBFBA6529BFD2
:104C400066D21CBF279C1ABFD2E7D2BEC908B8BE25
:104C500061D939BECE08763D07B6153EF11ABA3D88
:104C600066BF763C8CABBCBC566075BD316A38BD46
:104C70003C39EEBD541239BC72BC333D09BCDDBDBC
:104C8000710D03BC0C09B53EFE7E003E8C52083E01
:104C90000E4C863DFDCC11BE39C108BE9D75D9BDF7
:104CA0007DE011BF52B2F4BEADB01BBFF8C617BF56
:104CB000977FE5BE893DB1BE326502BEA136603C3C
:104CC0004261B4BCE5A1463DFC8313BD7D130DBE1E
:104CD000BC99853C2EBA0CBD9FE932BE144A41BE38
:104CE0007C61B73AFD6CBB3D5F98E0BCCD889FBE50
:104CF000A7DB193EFB866F3ED01A8B3EECCA803D87
:104D0000974A44BC5C8D2ABE033400BE321F8B3CE4
:104D1000146C8BBEAA8273BE41978EBE41E939BE28
:104D20009A1836BE935015BDCB79CF3D5EE5913DC7
:104D300046CDB73EC190933DBBA8B43D2135EF3D74
:104D40007575E73DE99FD93C40EDDBBDEF2008BC20
:104D500059C57BBDE253183EF78F2BBBF719B4BD85
:104D60005A2B1B3DA13007BDE0EEDD3E058B243EF6
:104D70004EC29EBD300F5A3ED611783DE0BBD0BD2D
:104D800066610CBCBC9C5CBDC19E1C3E383A0C3EAE
:104D9000603E0F3E35F30A3EC39E6D3EC912A13EF2
:104DA0001E042D3E6CA24A3EBF95223E3F4E993DC9
:104DB000F7EE4CBDD244943D1F84B33C6665BF3CC6
:104DC000F830DF3C86FEEF3D3D96013E2CF125BCE0
:104DD000FDA2E03DB7AE87BDA6FB3A3E89E44E3E5C
:104DE000C3D1843DDFDC263E4C4E823E0672DA3D66
:104DF00097D3443E70D1343EEA59A63EC6999B3EB5
:104E00007F90263E24A2713E4722863EDA47B63D79
:104E100088D6623D08DF883D3213383ECA401EBD49
:104E2000797EB03B4E88D03D5377623DE089B53DF9
:104E3000D3545C3D56CF553E6C6D903CA2977C3D63
:104E4000CB2A103E4D4F073B3379183E992F3C3EFD
:104E500060957ABBBE5E683E5CF9C33E3172AA3E85
:104E60003DE5443EE203843D48701C3E24B62D3EA1
:104E700026C9633E39C61C3EBD16233EC588FB3C91
:104E800054320ABE885D18BD65A2CA3DC088A23DE5
:104E9000007D933D2338BD3DA92A943B5AF92A3D14
:104EA000AE6EBD3DC09B973D42EA8FBCEA5823BE23
:104EB0005C0D323EE0504E3EC9CC2B3E97716A3DB0
:104EC000E56B203CCB4ABE3D4AD7413E4E3DC23EFB
:104ED00035511F3E17A4CA3D81EB443EF5DC293E07
:104EE0003541C43DF5230F3E292B1E3E4E0F183C85
:104EF0005ACFB1BE64374CBE9188AF3DAC38BA3D95
:104F0000FC42A33D9DB1873DC1D3483C2079D23DB1
:104F1000AFCCC73DD4B96A3B1B8AB93CAF9F673D54
:104F2000D79F5B3E03DAB03E23B4B83EE16F8B3EC1
:104F3000FA0CB23D498DA5BE6B0AD53B1AF51E3D54
:104F40009D1A863D0B4826BD799CBC3D92F9533E87
:104F50000E0BD63D8215FE3D90736ABDB6C11BBED9
:104F6000A1596DBE730C88BD08FDA9BD2A51A73C8F
:104F700036FC183E3905053DF875983CA516C13D2F
:104F8000C1A91FBD108C0DBEE8C90BBDF376293E2B
:104F900077BFD93D54A1953ECC8C1A3E79CC793E51
:104FA0008BD7853D254846BE025A1C3E90B76B3EC6
:104FB0000634C23D0E64C23DB95A4B3E08E1813E03
:104FC000FD88343EC5C29CBD587C66BD2B2B3DBEC2
:104FD0008AF2F8BD0700DABD135C30BDD287883D88
:104FE00089BD813D1C8CB6BDFABE813D7679EA3C17
:104FF000CF6D403E36C260BDB16DFDBC170AB43CFA
:10500000165EF2BDA591CCBD1E1D1E3ED008263DEC
:1050100036016E3D9E51833EE1977A3E183CB03E8C
:105020000176853CAFBFA23D92251B3E626BA63E3A
:10503000CFB5F93D5A2BBDBDD81719BDEF8083BD43
:1050400032E8423D9E2387BC40FD00BE6C94AFBD5C
:10505000F1AF10BEF4F204BD369EA63D5517D43D07
:1050600004E3B43DB31997BD5FC2BE3D12B4183D11
:105070004E7920BEEAF1D9BC95C937BEF988993D71
:105080000A50E13D8313AA3CDFE6853DA501943C2F
:10509000C9F0873ED557AF3EC5377D3D1908163E4E
:1050A00008C2CC3CA83926BDEBD0D5BC9D01A8BD1B
:1050B00045E28BBDFFA400BE3F1E90BDEC5381BDF9
:1050C0009F98C1BC4AA7913D7F7C62BDE41017BB8D
:1050D000FAA9B53DE4F2CBBDE23D5A3C293D1DBDE8
:1050E0005163293DE2EC15BEACFB8BBEACFCBB3C76
:1050F0005751A43D6E318EBD9E6E863EE03B88BE0C
:10510000AC158DBC693F153E62D8D93D4A0B093EAE
:105110002D20683DE339913C2D7B94BD63EC883CA8
:105120005C9B23BD21F40D3DBF25A3BDD6AC473DFF
:10513000AE179F3D6742953D444BB5BD902B2ABEAF
:105140005B12B8BB4A935B3AB8A89A3D301C703DDD
:10515000EB809ABE4B083ABE6BB5DFBD0491B43C00
:1051600016645D3DF282653D8407C23EC67E833E85
:1051700048DC363DE4C92BBEFA5E693DCF9A3E3C21
:105180007E9ECE3CA861763D8657F5BD50DA96BD31
:10519000C9023CBD752E2EBEFD4742BE802020BEFA
:1051A000697498BDED97C43DFB703ABE5BD977BD7D
:1051B0003F2809BD6F75873CF56A6EBCAA1A71BE9F
:1051C000383B04BEC7363E3EE8295F3D323E6E3D69
:1051D000616CA4BD1A9F483D7B5C52BCC92C183D34
:1051E000AC9A42BD5C3D5DBE1D7F1ABD1C2BF5BC5B
:1051F000CF80233EFC12B23C6C07823DF106513D4C
:10520000B5FABD3BAB5F4EBEC4142FBDE75DC3BD59
:105210000ED19A3CFA59BABD4B7769BE30779DBE24
:10522000ABA78EBD94EACEBE6B1C84BE178504BEB0
:10523000C11EC2B9CE045A3D8B9D003EE6A134BDCD
:10524000293AAA3DECCDC9BCBEDA3A3D24A4A1BDA1
:105250002B12C7BDA8CCDFBE189EA9BE81F125BE0A
:105260006FC0683E3909303E7B981B3EE01356BD47
:1052700038D967BE2205943D5711173CAA56A93D5F
:1052800045CA03BE45CF523D5DF4CBBBB915D1BC79
:10529000BCB53EBE4EC955BE8DB58BBE87DCDBBCF2
:1052A000F28C6E3D46C436BD6C326BBDEA0B403DA0
:1052B00080650DBD473F853D8E04A8BD8E73D8BC6B
:1052C000C74C433DDDD7723D03E2DC3A25EF2FBDED
:1052D000B95A14BD6512A43D05EE893DE39CB23D6B
:1052E000DC6C193D2079193DFEA361BC3A6EBFBB51
:1052F000B2C934BDD3930C3E04A9F8BD73DB37BEED
:10530000610886BDB2275EBE2CAB4FBE6F2C4ABD76
:10531000C022843A995C49BD76EFC6BCF6AE9BBD0F
:1053200013F2813DD40684BCE557873D2D6697BDB9
:1053300057441ABD42B55C3DB004163CA009B1BB50
:105340007E6C7CBD805E0B3A6DBFA93DC6D93BBD6E
:10535000A909D83C12C418BD19C19C3D95D281BD84
:10536000DAEF0A3D40ACC1BB9273513D80495D3CD0
:10537000FF6B963DC83BEB3C894688BD7C3B9CBCA3
:10538000F4DD1D3D8A4439BD680EA63C3E227A3DBF
:10539000727B673D57D2A43DD512A03D705793BD97
:1053A000252B8C3D5F99D33D5253183ED8ACB53D6B
:1053B0001A1869BA2386863D4EA5F23D44B3583E7D
:1053C000632B773E457F503ECBF2A53D7A12A13E3E
:1053D00074145A3E6BBF453E8C38EB3DFA09A33E30
:1053E000DE78C13E474A333EA6C9153E43C8253D37
:1053F000DE136A3D0BB7A93D7AF9193DD85E6EBC44
:1054000038FBA2BC27C88A3DD4EDF73DD2356E3CAF
:10541000AD8C053E6682C73DA3028F3D70C3143E2E
:10542000C04DC33D7E4F603E1FB7913EC4D41C3F6C
:105430006E4A403E4805EFBC5A12EB3E144C0E3FFC
:1054400017CAA93D420FCABDC49E30BC27FE783D95
:105450005630BEBB4D5E14BD4109163D8D7CCDBDA1
:105460007393BF3DE7FE91BD26C4FABCC05B913C7F
:1054700092CC533D1CA880BD849CFF3D22AB9D3D3A
:10548000AF25333E1D039E3EE037EF3E1FB1A73EE2
:10549000A70E403DBDFFA93DD27E923C2C9E3BBD58
:1054A000D8F68ABE4422FBBCE905A2BDAB3C3E3D1A
:1054B000DA8B463D3368293ED451DF3D925E493E4A
:1054C000CFC01DBD3A6832BEBE76D1BD41DD933D31
:1054D00099CAD4BC5237D9BD881F283CFAA86DBDE3
:1054E000D6734A3D40C075BB39921DBAEFF162BE1A
:1054F00046F3643E1036C13E56AE5C3E411C05BECE
:105500006227A63D39FCDF3B16698E3DC41827BED5
:10551000FA0416BEB2443BBE63C882BE198A80BE7E
:105520002517903C9DC6A1BC1DDD96BDC38E1A3DBE
:10553000052BB53D3C6948BE56A1DBBE14E1C6BD96
:10554000DD3AA83EB5585B3EAC56973EA2E8113D09
:1055500021BB03BDAEEA4B3D8F011E3ECAD5433E83
:105560000E7E143F1AAF043E5FD5B83CC6E48C3EB5
:105570003630313E1B05C13DDB5B39BC713CF5BDAE
:105580009CBBBABC1A118B388F503DBE826016BED0
:10559000097545BEDE1C16BEFE0F16BE383C0CBE9D
:1055A000C4D289BE6BC3323D7B1500BEEDBA91BD3E
:1055B0001349463E786E9C3E445EBC3E8751123E87
:1055C000EC66E43CF8C058BDEA27D7BD2485513EBF
:1055D00034DA873DF3A5C9BD81A5213D3A38D63BD4
:1055E0004B7F49BCDE8D853C921597BD1AB5A33C17
:1055F0001A6128BD25EC9B3D505BCC3CC9E425BC21
:10560000E836803D8F12333D07371BBD3C7877BEAF
:1056100047FE93BDCEBEAA3C3BB0BDBDD1A9FEBDE9
:10562000FEE597BE0A94A3BEBD5509BDA4F6403E53
:105630006F8766BDC889A43E19BB9B3DA0894D3DBF
:10564000414FC03DD3F169BE6622BCBD891B473EB8
:10565000C4E58B3D2696883D8CE594BD844E843D03
:105660006AA3173D1119A23C05297F3DB0FA903D70
:10567000EB20F0BDF8D37ABD397711BD05B515BE65
:10568000F2DF08BDF8ACB13D0D4B1EBEC73649BBBD
:105690003DDD70BE5DDB4DBE112AA1BD0E8B073D09
:1056A00035756DBD4BA2E73D4C4620BEE929663DF0
:1056B000951C0D3EC116FB3D3F834A3EAA274D3E39
:1056C0005360AF3D1AA8BA3DF17D3D3DAE0C01BD22
:1056D000D629743C32A9D63D41DEDC3D74691B3DC0
:1056E0004B8A95BDC75A4EBEAF8DA4BD08839E3D63
:1056F00009B80B3DEE49883EF4856DBD959F283C69
:105700008255C9BDEB0280BEF1103E3E06FFC13C92
:10571000BE918B3D8273A03DA9937E3909CC3C3D5F
:10572000069E133E4654423E81D2DA3DD608373EAD
:105730001578AA3D4AD57ABD42F499BD8B4E6E3D8F
:10574000C89647BB36F7C5BC474A2F3EBF6DF53CF0
:105750002F0DF9BD632819BE192928BEB8C9DEBDB1
:10576000B218213DA2893D3E7F9078BD0F7F1ABEC1
:10577000D9D235BED718E4BD2B1A263E86AE79BEE7
:105780002102EB3DBDC9CD3C2960833E435FD6BDC0
:105790009B3DED3D531D083E0DCC883EB3EB2C3EAA
:1057A000BF150B3EF46DDF3BD619F53DE40D06BD8C
:1057B00063D50ABE0AD8A83D3903173E3E7519BE07
:1057C000CDBEC7BC634959BDBBD18CBCE7F00ABE96
:1057D000763D8ABD9A71AB3CFF79143C24BAC8BDB2
:1057E000986F98BEE5D1CBBE5244EABD2AAA2A3EA4
:1057F0004EBB8E3D4BD62B3E160C303E4212A93E80
:1058000017CF8E3EDADB5C3E9103703E821D0C3E6C
:1058100011E2C13DCFBD323E19D6D63D6A39843D35
:1058200055993BBC03F2E13D911C973D1DF72D3C82
:10583000F47748BD320F8DBBB0C1A93C96820C3DB8
:10584000EBAEB63C2A34403D1EA804BEB0AB3CBE15
:10585000D3D47CBEAA3ED7BEC030E93D43ED403E26
:10586000F50A17BC2351B53D80D5BC3DDF56833EBC
:10587000E0AFD13D17BC2D3E2CE3153D36705F3DAA
:1058800073F2E83D67D6B0BDFBD0BFBD2B5C16BA46
:105890006DA2ECBD643CB7BD71CA413E8691113B1F
:1058A000F43891BD8B0828BB829F953D92DD303D39
:1058B000D03AD43D60E6D1BD93FFE0BD62C08EBC5E
:1058C0002195B03D26C270BE839628BE2287903EA9
:1058D00022FA703D16B37D3DD261863E8B031D3E9C
:1058E0003A32363EE9BB753D55C3193E41D2DCBD67
:1058F000CCEB2D3D0856DCBC56B28BBCD710173D07
:105900005B9151BEA5D420BEE927AEBD6B8EC33DD1
:1059100093D8A9BCEC7089BC160B393DE618403E03
:1059200031A8593D0D8C753D2C6A573E5D3D3B3E7F
:10593000096B133EA7431CBE37155B3D2C4EAA3D99
:1059400049656DBE6C64883DB046CA3EE90F9E3C19
:105950001F017DBE49825EBD8495273DC02688BE5D
:10596000E45B12BE8B4042BDF5828D3DCB71C6BB60
:105970005405B7BD6578693D551067BDBF9A8ABDAE
:105980000E2C95BDEF8D14BD8AF8D33D9917583E66
:10599000DB4C0ABE07A615BCCFE73A3E7692D33E53
:1059A0007BD3F43D99AC153DD690C13DFA6C1B3DBF
:1059B00098C31CBECFB120BC5A4D893D273345BC8E
:1059C000ED2CC1BE3926EBBDD3BE10BE853656BE0A
:1059D00016EB76BE26FD99BD9B0122BDC4345ABC90
:1059E00091CCB13CAD207C3D0289A13D94D1D53B09
:1059F0001409903DD8B12F3E26E8093EEDAC013E9A
:105A00006DBCB93D9FFB0F3D3F15FA3D14072A3E83
:105A1000FE179F3E83FF0E3EC9C42DBE2891663DF2
:105A20007E81883E8A5BE93DD5A6A53E7CC1E43DEA
:105A3000315736BBA54ED1BC6C35593DE13346BE1E
:105A40007BA3A3BE43C698BE3D2412BEB2ABEA3CC4
:105A5000B1D84A3DE00966BD8A51013E455B673DCC
:105A6000115D753E03D3B33D5E62453E4765C63C5E
:105A70000FC932BDECC1F63B2B53C83C04639A3EC0
:105A800009BD323EB6B38C3E0D67723DCC75383CD5
:105A900080CCD9BB7239EEBCEC17CC3EEB9CB8BDC8
:105AA000461016BEBF3812BE2909A1BEFA41C4BEB7
:105AB0006C6D04BF36AD07BF6BF139BE6D555F3EEF
:105AC0009B29733E2D85DA3DD3EC0C3E9103393E84
:105AD0002F88793EB0F5373E0287B13D2BCAB43DE1
:105AE00004D9F43D1DDF24BDBB7A343EA31AD63D54
:105AF00049100B3EDF0EC53E257F473D5B58883D74
:105B0000ABAF783EE94D623DB9B6803EA662A9BE14
:105B10004BCEC8BE2D253ABEA36152BEC4AA9EBEBE
:105B200058093EBF34DA26BF326D133D1863373E45
:105B3000EDDA9D3E06451D3E489EFD3DD7F66F3E83
:105B4000B6FCE03DFF86483EBE75133E8B06033E25
:105B5000D7280B3E6912A33DE6B6FB3D4C08AFBE0D
:105B6000518588BE5DF58D3D1FE40EBE33288DBE88
:105B700037D7823D81F89DBDDE267D3E954E0BBF19
:105B8000C603ADBEAB7DE7BD8E72E33DCB17C0BD96
:105B90007C843BBFC5A8F8BE1169863E1231D23E57
:105BA000D9BF913E046C683D6876D93D3320663D8F
:105BB00090FAD03DB1AA613E97F0343CC8BB8F3D0E
:105BC000DD66083E5BB28CBDAA2B26BE734AB7BE0B
:105BD00029883BBEEA4C43BEC0E6EABB380D6EBE28
:105BE00086AB33BD7EE42E3D99E4AE3CBEA6A2BE9C
:105BF000ED9D84BE8D1D09BECCD000BD06D8C0BEB3
:105C0000C52E05BF8940A6BED214AB3EDB560D3F64
:105C10006F2CAA3E48EDF43CBDE43A3ED756AA3D6F
:105C20005F6FD33D68466A3D6123893C64FB58BD84
:105C300001F6A0BC484F4FBEF94FB2BE5FE5A1BE12
:105C40008D3D3FBD6D0DD53DDCE692BD4EC79FBC81
:105C5000FE97993D01A6083C259E53BEEFE5CEBDBB
:105C6000891325BEDFF46BBE4F0564BEA74FE7BEA8
:105C700020B287BEAC4A08BE8DC4A93DCBC9B93D90
:105C80007973B23D050D303ED439FC3D7D8FDC3D4E
:105C9000F7348ABCC90DA6BD0B4AD3BD755E873CDF
:105CA000C90A1ABEEB061DBEEA5C3EBE1F7966BE7F
:105CB0003D2484BE0A3E083DC818863EA4C7AABD3E
:105CC0004DC3493DB30DF43B531BAEBD5EFA54BC0E
:105CD000F07F38BEDF4240BE33ACE9BECED7A0BEB7
:105CE00031455BBEF8F510BC1CA904BEAC4D07BE27
:105CF000DFA9CABD31DD3D3E25AB7EBC3F690E3E0E
:105D000013A678B9F85C9CBD2B3DDBBD02EA9DBDB6
:105D1000031A87BDAC6170BEBA911CBE85BE20BEA1
:105D2000F21CE8BD86C1FA3DDF03D33C46FB383D9B
:105D3000C05EA0BCD5528C3DC463D2BD34945EBE5F
:105D4000B58FF3BD0F5FD4BE598602BF9DB720BF8C
:105D50007086C6BE35FD24BE42758EBE464800BE66
:105D600041B6BF3D1A88F43DF1F5F73D5C9E093E12
:105D7000F7AAD4BC601A70BCE0750B3ECAF6A53D0C
:105D80004F226A3D297623BD3B69543E45BB383ED0
:105D9000727036BE053B953B11CBC9BC80FF9FBBE3
:105DA0000077243C606C90BDC1A1893D0A78F4BDA8
:105DB000E032E4BD170765BED56197BE54D01BBF66
:105DC0001C5E8FBE1E0595BE6FD750BEB9722C39B2
:105DD0003A22D63DC67C23BE568EA5BDC2C4303EF7
:105DE0007783383E31B126BDDCCB20BCB6B9913EBD
:105DF000B96064BB8B6915BEE724D2BD1D3B79BD7C
:105E00009EA4A23DFCD9DD3DDF5D5A3E84FDB33C3E
:105E10006402E73CBEDA733D4A692EBE191ADFBD43
:105E2000A96B27BD71DF9EBDAFC0EE3DDD0F3DBE4E
:105E3000495167BE02395BBE119A74BEC2D4CABD55
:105E40002E6D803D9CD407BE6900E23D465729BDBA
:105E5000DCCBFFBCEE1AC83C9D9ADBBC173F063D6D
:105E60005EC9E0BDF346BFBE303DB5BD508BD63DEB
:105E7000BD3D3A3E782623BE5EB1EABC00D4AABB43
:105E8000F35933BD4A71773DAD78A53D760F093D95
:105E90000087FDBC0C8BED3D57CDDEBD1EBB79BE32
:105EA000E8D9183D98449F3D6AC2D4BDC2D029BDEF
:105EB00091CEE5BC1CD5393D92DFC73CA58058BDCD
:105EC0008B3047BE0C5F753EF888B63E7429063F9E
:105ED00040FF6E3D236290BE6A85C8BDC66463BE46
:105EE000F30C93BEB84A0F3C366A7E3D09F2A5BD5D
:105EF000FA4B573D40EF83BD7E9D3C3DD8BF533CA0
:105F00009A49843D5580003EBF95623E2AE40A3E90
:105F1000411E0F3E44B5333DC30F033ECAD14C3D35
:105F200058BD0E3E80D2E23CF0F1B73EB80A0C3DBF
:105F30001AB1CE3D46E6253ED269063E16AF973EE3
:105F4000C2DE173DC75743BEF598ABBE289D3A3C0D
:105F50008FF4973D9E2748BD6F638CBD10A2C6BBD2
:105F6000D4D3E03C120372BD09240DBD28D770BD07
:105F7000142EEB3C893EA7BD007BFEB932939DBD3C
:105F800006BD17BD02B18ABD72716E3DB24A72BDC7
:105F9000464E9BBC3A38EF3C63DE253DFB007D3A24
:105FA0000648423D955EA83D203A9DBD26B6643D1B
:105FB0000058713C0E3A513D8B67AA3DFCB2123D30
:105FC0002DB577BD589512BCE2214D3DC658463DD2
:105FD00060A7453C72BA483D40E6A6BA13BF3CBD37
:105FE000B401393C633F653D610E8B3D2AB3003EF1
:105FF000F45DACBDD21F343DC8BE8BBD778A823DF7
:10600000C73DF8BDC123013D1EE4763DF5C4DD3D2D
:106010007BD0A0BC0CB2B23D03B71C3E21DC303BB0
:10602000397F9B3D5917003EE1C9743D18119A3DD7
:10603000411193BD303C22BD8666533D420A3EBDB0
:10604000F27252BD2BE59FBD9604BCBC915DCFBBE7
:106050001186923D1F38923D8683753D79A4093C97
:10606000E4152ABE72E24CBE5825E1BD63D840BD9E
:10607000FFED91BEDBF250BEDA0A73BEF1E2A7BEBD
:1060800005AE15BE5DD394BDC67417BE3DDE52BDD0
:10609000DACF743E2775353E62E3923E47EDDC3D34
:1060A000BBE737BD104E833DF047B8BC947CA8BC1D
:1060B000722265BD606054BBF7479C3B52A6293DE8
:1060C000A12D1EBE84A03C3C9A288DBED03C7DBE36
:1060D000EA0212BE653FB9BD8C60F5BC2A93E4BDEF
:1060E000958093BEADC1A8BD91D5A53EA631063E13
:1060F0005AEE613E363FD23E56DBA13B7BD5DEBD3C
:106100003D4E153EEC7106BE72A044BE713525BEF3
:106110007F8576BD38A5A33E9ACB3B3D8DFFA9BDBB
:106120003A8E443D233F8C3DA55CC43EA8C5873EC6
:10613000E18D8DBE416472BE3D4CA9BEC596A7BE21
:1061400023FAFBBBAF5A133ED3A542BE93269FBD95
:1061500081EDD63A2269413C2A283DBDBEEC94BC73
:10616000F5434D3EDFA7A03E374D833ED35D6A3EEB
:10617000C04E143E797427BD899E703D1E81A0BC1F
:10618000004162BE15A8C43C6D1C8EBD684D183E12
:106190005016D6BBDA33DABCC9B3323EFFDFE5BCFA
:1061A00085490A3EE9D6EB3EAB3AC43EFD8016BDBA
:1061B000C530E83D02EA8A3D4777A1BD86F49DBD22
:1061C000969BD7BDDB6208BE5E48BCBDFCC5783D72
:1061D00033A31D3E87E129BD033DD63D4FA4E23EDA
:1061E0008CE51C3EC376C7BB53FD9CBB1DE52A3D19
:1061F0002D621D3DB1A6283EF3ECA9BE43FABE3D7B
:10620000329F703D95CB333EF983FABD6633EA3D4C
:106210008E7F853D0E65E43E41613A3E24558B3CC0
:10622000F20A8E3C0195903DAFA928BDC8F2F23C20
:10623000174DC73D2501153C208D21BD9FB3C2BD23
:10624000AD0AD23B37E7FB3DF493433E29EE453E92
:106250006ECA5F3E2D06483EABDB3D3EA46875BD71
:106260003CC513BE9C1B36BE465B0CBE3652043C7E
:106270009DE0873CBFE8983EBBCF273EB3488C3EAD
:10628000B3C30BBE1D4B883D7CDE623EF3A6EC3DE6
:10629000CAB405BB801946BD3D63F73D91642A3EF3
:1062A000E60D273ECCD8943D8DE9AFBB4625E8BD31
:1062B000D205F2BD1E67383E7ADA3A3E7337CD3EDC
:1062C000357E9C3E9FEF9B3ECB42523E5C85F33D2C
:1062D000AD3E443E2E889ABEA1715EBE3174CCBDE7
:1062E00031E720BC8BA4433D35C7003EAA744CBEA9
:1062F000F4089EBEE168253DEBF6753E8E824B3D6F
:10630000702A1F3E06D26C3E59F6713EF89F013E40
:10631000844C483D679B01BE026A9DBD04B72BBEFD
:10632000DA97D6BD0313603D0F75A13E6125CD3EC2
:10633000FC5D8A3EF469FE3DE8187B3E8E8711BC09
:10634000EBF252BECA4ECDBE77577ABEEFC160BEE9
:10635000B38271BCB2E00C3D327E25BEAC113ABEB8
:1063600010C2413C684E1A3ED9F7053EC98B043E27
:10637000C153203E932D403E9A12E13D02D5F63D99
:10638000C295CD3CCB32F5BD41E98FBE1747DABE91
:1063900093E186BE8FEB623E09C6963ED523E43E6E
:1063A0008A36E73EE781A73E85618E3E0B17413E68
:1063B000BC6BC7BD8822C5BD485ED9BEFD68CBBCDD
:1063C00095F9CC3D76360EBCA373C73DC91646BEC3
:1063D000807007BA5D412FBEC735FFBD4536DC3D35
:1063E000E5FD483E72C82E3ECCD7CC3D58947DBDCD
:1063F000DF02F2BD66478DBE5C80A6BEBA10EFBE5E
:1064000050FD4CBD6D2D8E3E87094D3EB68A773EC0
:10641000C6B7A03E920C863E95046E3EDCFAB63DB1
:10642000B9C1BABDE60817BE4681D6BEF0661ABD30
:10643000F3246ABBAE6BC43D7AFC3B3E939F57BDD1
:1064400088A74DBE211771BE782D21BDE072033E95
:10645000C5CF423E9CA1CF3D2B64A13D88B7C1BDB5
:10646000F8F43ABEEC2EC9BE6785FCBE2E0689BE86
:106470001F9A5B3C18C8BC3E4167853EAF99663D9C
:10648000A3A5803E13928A3DBCEB22BD0DFBEABD65
:10649000B8B5523E885B86BD471B88BE297D9DBC32
:1064A000761FBD3D9921CA3D6D1897BD548268BDC8
:1064B000EC79DEBDB74E0CBD8CDE53BDFDD55EBCA8
:1064C0006839E33D6445D2BD49F5A2BDB4AED0BD47
:1064D000EA9B82BD458491BE1C99BABE178143BE1A
:1064E000F05F1D3EA4EF2A3E5951263EF17D02BECB
:1064F000CAB90FBDC91A963D923F41BC89915CBE95
:10650000EBB3B83DF31D06BCE9E4C2BEA5A406BECC
:10651000432B23BD223C443D0E48E33DA0CE2EBE7E
:10652000236ECA3CCA083E3B7FBE383E3CD2E13DAA
:10653000CF4B823E56F0093D34F8143D46F3A13C62
:10654000AC5A12BEFDA7BFBE2D1063BEBF22FBBD5D
:10655000ADDFA1BDA32A213D4D3061BDECBD8FBE95
:10656000514782BDB3025D3D55944DBE51D890BE9A
:10657000E87F28BD6459973C67458FBEF78CEEBD18
:10658000BD1308BE1AA9FE3DED61913EC7D6A7BD59
:10659000045A95BD17C3F83D5BC8DC3DEAAD753EB6
:1065A000D9D6413EE959023E8C6999BDBEFBBE3D3C
:1065B000C85BCABDCE1085BECA7976BE1A1C9E3D88
:1065C000664734BDDF2CCB3DE2B8B6BCA832353BC4
:1065D0007E008B3D4F2D47BDB5624FBE155500BEA9
:1065E000C87E02BEBEADF4BDD95C6B3C80BFA7BD0A
:1065F00076F1D0BD5EEF703E03873DBD507297BC13
:1066000051753FBE1F5B6D3DD78ABD3C0EBB9F3EA3
:10661000112C3A3E055F6EBC765792BD6E5193BE0B
:10662000BB00AEBEAF6E42BE124B3DBE4F388B3C80
:10663000A55803BD39B719BC7A6CEFBACA8B983D1F
:1066400084E2173B0A623C3DA5E8E6BD493445BDFE
:10665000C18300BE66A7E0BCE46A5D3E0BD3B63DD5
:106660000AC0143C5B1E213E28A3903EA2F81DBE2A
:106670000F085E3DE74E683DB45FB5BDFC688A3EDD
:106680008C67693BBBA024BD5E6C4FBEC53BC8BEDA
:10669000B600AABE90C721BEC3ADD4BD2746A63D55
:1066A00006A26DBD433C003D9DDCBE3DBD58623E33
:1066B000EF0A99BC9421BC3C3E1467BD3D9705BED2
:1066C0005C41E6BDF59A2ABE5AE81D3EECC2853C07
:1066D000736784BDB990803E2F5F013F531607BE9C
:1066E00098F19D3E9AC2023DD786D0BDA2C2C43D5C
:1066F0007785DB3AA36860BE3186F8BD109E4FBD3A
:106700008F9DBBBDA2B03ABD9567513CFD66863DED
:10671000D468ABBC08BACF3D15D4453EFE08473E11
:10672000C2B6893AD94F95BDE5020C3E4316223ECA
:106730000096F9BBB5202B3C2E60873D82DFB2BCB2
:10674000777C0DBC8A11133DDAB1EA3E8A996FBDA0
:10675000F1A23A3E1B70D53CBC668DBD4214E23CB2
:1067600054BD5F3EC4C2DC3C9C4E1BBE4C4AECBDDB
:106770005DA334BE18FFB4BCF2C69F3C51E0803D1F
:10678000C3FC5E3DBDD14F3D22E0C03DB14F803DD9
:10679000A141A23D5B4A77BD43A0B03D29255C3DA8
:1067A0008F0C323DAC05A33DDD74F33D1FA219BD36
:1067B000E5DC873CF2AC823D3D6BC63C0F4F51BDE2
:1067C0007CF377BCF4A8373D386A383E4C89F13DFC
:1067D00094A6393E685F3D3EFFB33DBEC55BF0BD4C
:1067E0005A6130BE6F44653DB63FA73CB3920FBDC2
:1067F000ADDED1BDFF0BA73DE4696EBD9C399C3D6C
:10680000627915BED23388BA7D37353B5928E5BD4C
:1068100016E2B53DD7DCECBC52C15EBE21EAABBC92
:106820004058EE3A71049A3D23F46A3D1BCADD3CA0
:10683000AE61E83D87B3893DE0D7D23D6E823F3EF1
:1068400023B837BCBBA22CBD1E64AEBC8CB9C8BD7E
:1068500060FFDB3DC084293D7C8E913CB5AE3BBEE4
:10686000C34057BEA13E1FBE5BD316BE22C146BD6C
:1068700023A3FCBDBC25A13C41AF4EBEEAC5DDBD96
:106880007F2137BB5F2780BE600AC5BD4BA321BDFA
:106890001B14E1BC211D1A3E7DCFBA3E14EB9A3E7B
:1068A000B063EB3BB5B9C93D660C5D3D8F3E793DAC
:1068B00029497FBD6313073D96F7053D0321CC3D74
:1068C000AA57303E703253BDC4B884BD5FE280BD6C
:1068D00075EA973D3A09B5BD0BBAE4BB6E5D47BE9C
:1068E000C70D45BD5D85AA3D414D803D5DE1C43D7F
:1068F0000E84173D470C50BE1A4EA63E2AB1A23D4B
:1069000047DDDE3B28D81C3C5A0C46BC63D0C6BED3
:10691000977B23BE485BDB3D102C283E7A95E93DF2
:1069200064EA173DA685D03D371D4D3E9FEB3A3EAC
:106930001366223D4692F8BCBE3195BDE2A0813A75
:10694000D2BE4F3DA47EBD3CA05BEBBD439191BD4B
:10695000182AF3BD9D8C123DDD92D23C51841FBE9E
:10696000A6FB9DBEA5EE26BEE1B102BED3E058BD9A
:10697000030B883D10F8853B13EDE9BD6996BEBE5B
:10698000E35DBDBE7C0FD6BD5F36133E985AC23E56
:10699000A7890BBD81323CBD1B019B3CE4EB563DFE
:1069A0005405F8BBB173873A848B20BE4C09F0BA0A
:1069B0003604D3BDE47056BE42ACA0BEF26AA4BE9B
:1069C000F9CC97BD91771CBE3ED486BE0BE369BE61
:1069D000083B6CBE441C5EBEB57448BE0E8B263DA3
:1069E000E8A5143CC299303DFDA8893E3F78D03DD2
:1069F0007BF94C3DFE0B303E4D90633E9471AA3DB9
:106A0000AC4D423CC2B0613D437D343DF7436EBD69
:106A10000996A43B73B515BE340028BE54A51ABC14
:106A200042076CBDBE5343BEB59102BFFF4DB2BE1F
:106A30008A2B22BEE89B80BD367A09BF9A489D3BCF
:106A40008005F23D3058CEBD1C90ABBCE9FCA4BD26
:106A500016CF363D503E24BC71FC6EBE54CAC13DBB
:106A60005D1BBA3E745F913EC52D05BE2D92A9BB3C
:106A70004FAFD5BADF6BDA3CCCDF09BEBE5FD63B89
:106A8000F03DBB3C1DCCD2BCF1AA0C3ED831E2BCDF
:106A90003A19E83DF625E0BDB6FBD1BE16EDFABECB
:106AA00086F686BE8041CD3DE0CD50BEDC79823D8C
:106AB00030B713BE7CA929BEDA33583D5321A5BD9A
:106AC0006923A83D1E90763DB086D8BC90A13FBEFC
:106AD000DA73D6BD8FF8DBBD735B84BDAA59423D26
:106AE00032EB713DAB34A83D535843BD51C78EBD09
:106AF000A492F4BD67337ABD82FB6BBDC02BC13D50
:106B0000C85AE93EB80B143F4BE77B3EC3C1B8BC43
:106B1000A3CCE83B42CA273EFA32683E38B82BBEC7
:106B20003A5245BEF734C23D02532B3DF8B7313CD3
:106B3000CB43893DFC0DF23C891F47BDF08D863C5F
:106B40002F46F13D65EB653D949698BBBCC6C6BC2F
:106B50009E36F7BDD0B4C3BD8824403CED422DBD68
:106B6000380C363C08D1093F105D953E7FBDA93DEC
:106B700013C1333E2862C63E3F1A1B3E8C44773E0B
:106B80002503423E4858C43EF6592F3EBA3B4F3E7D
:106B9000BA5455BDBCA3A1BCD408883C08E78E3CC0
:106BA0008FA8A8BD84313ABD8AA5183D78DE5FBDA7
:106BB000815E0BBD2A8D4F3DFEB15B3D7BA1883DC3
:106BC0000CE4A1BD274EA03D0A0A46BDA09B44BCD3
:106BD0009573A03D2BCF03BE6FD3FEBCA4F3E2BCE4
:106BE0000007973B8C6D49BDEAFA9CBD28E1843CC7
:106BF000AE77763DA0A869BC0EDD01BD995880BD79
:106C0000007A3739A7DFA93D3D7583BDC830C13C47
:106C1000AAC7B1BC9EF3473D11FC1DBD8504813D53
:106C2000AD94B83DC3DAB13D506A633D9973C03C41
:106C3000311CA13D1609E73D7B92853DE6A509BDC6
:106C400011B0523E6ADB443EFAD8923E97DFC73E0F
:106C5000DE7BADBD1F8574BE55DE803E0D505F3EB0
:106C6000F443573E6FAA9CBBC4A5093D4919A13DF9
:106C70001D2918BD5BA9A3BDAEC896BD706B7CBDB8
:106C8000B805CEBC007A2E3A9585953C569B6FBDD3
:106C900001AC983E20EDF53DE785B8BDE3D9053D53
:106CA000B3DC82BD37BE97BE94F8C0BE72940CBCF4
:106CB000CAD948BE778B0E3D1A2061BDCAA29ABCC4
:106CC0009FEF553E3938B53ED535483E62AFB03EB0
:106CD00013197D3EF2428F3EB7DBC33E1651C73ECD
:106CE0002D2B0B3E259148BED20F3F3DA49F9F3CCC
:106CF000482C38BC48BEF63C4A7819B8AFD7603D3E
:106D000010CBA73B920970BE465E343E04E44A3E77
:106D100070C9343CAF4C773D6DB4DB3D53AC7FBDA7
:106D20009D404BBEBFC7A9BD9B7CC1BD3EA682BDD9
:106D3000EC1BBFBD6292843C0AA6373EDBC7873E90
:106D400074CE1D3E6AE01F3ED06F813E6864ACBCCD
:106D50007E050D3EB585CA3DC4AFDB3E60C19ABB22
:106D600077860FBDC94F4BBDF05FA8BEA1DD5E3E6B
:106D700023A7303E42F297BD412167BE0DD38DBEA1
:106D8000CB4DF23DE29A483D23FEB03DCE64A3BC1C
:106D90002DE45ABE972E7ABDBA01A9BD9434DABD4E
:106DA000F9AA30BC2841AFBDBC80DE3C4329183D68
:106DB000BDF0113DE634B73D0CE58C3DA3BCEF3D85
:106DC000152DD43D95F44E3EA152C33E0903A13D7D
:106DD00000E71B3B488EB53C7874C9BDF289D3BE31
:106DE000306D72BECEB2313E53DB5CBEE47B98BEEA
:106DF0004661CFBE8A5B72BEAF1A07BE607943BEE2
:106E000092C0C7BD87146FBD688F87BDFD3FB5BDFC
:106E1000AC67A0BD7E0980BCB9C7003ED415473D14
:106E2000DC74CE3DE6CA993D0137783CD378793E93
:106E30009DA2803DAF21C23D558EF6BD325A303EF7
:106E4000B3108B3D40EE22BEF479A93D60EF20BD2A
:106E5000EE32053CF891ACBD27AD06BE079785BE66
:106E60006C5B45BE41B0EDBDDE174DBCD8F30A3CAE
:106E700096BA893C9EBA66BC2AE5B13CC31485BD6E
:106E8000ADCFBB3DDC51863E55C4623E47D7543E34
:106E9000C6A8433EC9A54A3E2F40303EF427B73D21
:106EA000D97FB63E3B3F003FB6CAAC3D276BE0BD45
:106EB0007C79BB3B2D7277BED9B701BD6692AB3DE5
:106EC0007F21EBBD4E09F4BD1BD2C1BD973F903B66
:106ED000ED8B173EF09C403EFD4C033E6C0D0D3D8E
:106EE0007FFF643ED470063E1087913E6BD4713EA6
:106EF000EC7A4F3EAC8CCF3E90B8B83E219E933E8C
:106F000092AADF3E070A033EEDAE0C3ED8C3273EF1
:106F1000BC48B13D343B393E6DD0B2BB37C2B3BD86
:106F2000AC7E42BDD3B06B3D8A74ADBD0BBB3F3E62
:106F30009923F0BD879106BE689C56BE8B72C939F5
:106F4000B4F81D3E08C38B3DF5116CBDC06C0B3E03
:106F5000604C503E07F4093EABE9653E067EB13E0B
:106F6000F77C943E36D39B3E318C073EEEA0A23D8B
:106F7000BE7DA83D77FF0B3E275C25BDC1EBCABD9A
:106F800095EA893D41078F3DC336D4BD9CFDE0BCE9
:106F90004A261B3D3510EB3DB925A6BBDD84AB3E33
:106FA0001C30D73BCFA063BED902DABDFCBEF93995
:106FB0007B108F3D361E903D4652163CD797673E5C
:106FC000AAC3BC3D47C9D23DF18F433E34CD313ECB
:106FD00091EF86BDFAB0CABEBF29B7BE417F2ABEB7
:106FE00091156EBEA0E236BE160F34BE9970CEBEAD
:106FF000BAD90FBE9000A7BEC3C39CBDB1F0EB3D94
:10700000CA0EC63D95A7123EE3C8963DC94EB63E90
:107010009181FFBD6309BABD3456F9BD7C9C403DEA
:107020005F30FA3DD5BE993DB0C8F03DCE0CDE3C98
:10703000D2A91A3D279AE83DE177A7BD630F74BE38
:1070400020B4E1BE721806BF3A92B7BE0680DCBE1D
:10705000039914BF37EFE2BEBD1D1BBF5D5C4FBF80
:10706000ED9D04BF002662BE42CCCD3D9B4BF13D61
:10707000DD800F3ED9976DBC995DDE3D1E6D0A3EE9
:1070800080BC18BE8C109EB96F4D393CF08B14BE7D
:1070900092655D3DC80C96BD5F0A3B3C377B00BEE8
:1070A00059E732BEB97802BE845113BE2A425EBE91
:1070B00072ABB7BEB2A9B6BED6A981BE92D8E8BEA1
:1070C000AB5DDFBE480ACFBEC11AF9BE3C3E40BF31
:1070D000311C27BF0B688FBE5632173DC7000E3ECE
:1070E0004423B73CE7C887BC2A04F93C1BD3843D42
:1070F0002F591D3EF423D6BD0EBF42BE193B05BE1F
:107100007375993DE16000BED00483BDF26ECEBDC3
:10711000AE4DC9BD850C0EBC3542823D49070B3CC6
:1071200084621EBD12FA15BEAA44A6BC7CC36BBE07
:10713000AFD096BE1E77A8BE43295DBE36B896BEB8
:10714000E35D46BF093208BFF6A448BEEC34DA3D21
:10715000C5C5853D1BCD26BE8B2ABBBBDFE42B3CC2
:1071600052E0B5BD45609ABE35C56FBE17AD17BDBF
:10717000DADD22BD32FB1FBE1B14C3BD0C7101BE84
:107180007AD4F9BCCBB8CC3DBAE2853E7085D13D0E
:10719000901D1D3D4777B33C57788FBD800F83BD51
:1071A000AD3E73BD19C126BEB54CE4BE2D4C0CBF1F
:1071B000808F76BEBE2701BF200B3ABE574D4CBE16
:1071C0004282753EC70682BC9BDA43BD701E2C3ED0
:1071D0006796E7BD0625A2BE71C23FBE80BBF63CE6
:1071E0008D3D883DB41864BD3EE7323DB49C3DBD45
:1071F00096F0893CCC28D53D90F5953D6082763C53
:10720000A7C9FD3D934C62BD7F0F433E10CA23BC0E
:1072100065E75B3D0547A1BCBE8DA3BEE88303BE09
:10722000C777183EDF5AC4BBC63DA2BE5B4058BDFF
:10723000C9DD5D3EE3ED3A3EBE6A34BEEE2BD6BDFF
:10724000EB7C61BD0D3998BC3D882B3DF42118BD08
:10725000B4EA053E884753BD227A963D79586B3D86
:10726000184383BC561903BDA0633EBDAC031CBDCF
:107270001371023D2F4F513EA588723E8C2C36BCB7
:107280009A5A063E00C25B3D714E88BE7EA8123EF1
:10729000A75B5A3EB89AF1BDD21CF9BC771A96BDCD
:1072A000B67A3BBD64F43B3E73389EBD226A89BD0D
:1072B000CD209CBC187D993D736F7C3CD00F8C3DDC
:1072C00024E4FC3DB6047ABDC5CD4D3DDAECB93DB4
:1072D000166BF23DCFA4C2BC47EB60BD899C27BDB5
:1072E000124FF6BC80F8723D1271C23DC013DD3CF6
:1072F0003E52183C43111EBCE1BBCEBD4D50C8BD33
:107300006E9AE83D2AB10FBF30C7EFBE10FDD6BD63
:10731000E8F921BCFF90513E39C980BEEC91E9BD2E
:10732000A21EB3BDB33AC53DA118153D1CFEC03D1C
:10733000DEC1323D7D5E1CBEE2641EBEE61F00BEA5
:107340007855E33C40E182BD4A7247BD1342B8BC68
:10735000C16EC93D0C284F3C6C70083E968909BD32
:1073600004F9913DE25997BD951275BD575D30BE48
:107370004D02D6BD05ACC7BE27A158BCF5A58ABE37
:107380007619CF3EACCB98BC6302583D972E03BE16
:10739000102D41BD6788943EF9B1433EEEEF15BB19
:1073A0001415383D0C75913D7AB513BA2F1649BEA8
:1073B000F39AC0BD6617C0BC1CB3203BC2D2B7BC99
:1073C000CD340CBDCFCA99396791AC3D1DF31E3E3B
:1073D00093F8D03DE8B247BD738E14BE22E8EBBDF2
:1073E000C907C4BE1379DEBDD791FE3D4330AF3D22
:1073F0003990B43B705CEEBC91D3403ED31D25BEAA
:107400002E3A1A3E76771A3ED3609D3E29782C3E5E
:107410009608CF3D947B0C3E319446BDACCAA5BCCA
:107420000500E13D77658B3DD4B05BBDC7C116BD9E
:107430002D3886BD906E64BDCEB3B43D4A28ED3D77
:10744000F0F1823D6B5DCABC00DBB8BD6D9265BDDD
:1074500029278F3D09198C3DDFDAA3BE337C473ED7
:107460002951943D14CD20BDF45522BE6FC3A8BE52
:10747000DFF03C3E7688583EFA355C3EF89A62BDB5
:10748000D58A513D5E7F813EE59210BD6227033D66
:10749000F086A5BD989974BD05F4F03D745364BDA4
:1074A0008F93703D045A57BD1DB776BCC0E3733E41
:1074B000EF236E3D7BFE043E559DD63DA5FF88BD66
:1074C000186BA13DC6FF103EAF069BBDF2A23FBDAB
:1074D0007FF4063E953D67BE1377BFBE12FD2FBEFB
:1074E0009B9C753D37B46A3BA95C143DAF66903CEC
:1074F000B5C013BE445CF2BD5B82023E857FC13CD9
:107500001B28483EBF1DF53D5A06153E11671A3D22
:1075100057D6233E850F5CBB0926F13BF564AFBB14
:1075200051E55B3E288D8CBCD0F8B6BDCA4D1BBE64
:1075300025F6B1BDCCF66B3D5987D7BE6CC1E13C99
:10754000D75ADCB924D7BC3D0E7FC8BEAB778BBE03
:10755000D54D92BDDDB27ABEC55445BEAD8D87BE58
:10756000F98073BEB4CF4FBE9C77B4BDF4F6443DF2
:1075700088843C3E34C3413B870C213C5026EF3C81
:10758000BA2D603D3450453D0ECD713DBDAD263D1B
:10759000C5CD303E1581903C6D6DCBBD1B8DF5BCCE
:1075A000C0024CBC852607BC28A5CCBED22B6BBD27
:1075B0008B4908BDE4CAD6BC412224BE2CE262BC81
:1075C0009EC1AFBD4D398ABEB46B4DBE1CFE99BE87
:1075D00060EF59BEBE6404BE37920ABD3B1E163D25
:1075E0007F89903D504A873DBCDB7A3DCD3C20BD34
:1075F000F843A63C6625D3BD6468F5BCFABF91BCD0
:10760000D572293D5D9F0A3DFA4E3E3E9608F7BC75
:107610000A41003D713477BE2B6C6DBEC1118ABD2D
:10762000F251CBBCC5BBA5BD14BA32BD5F8BAF3D1B
:107630000BAAD7BE381512BFF32F08BFB10C1BBE63
:10764000641B52BE4A7D9CBD4D13D23D1374F03D68
:10765000CE0AF9BCA71B13BC9342A3BD0685ACBDE3
:1076600043E4B8BC17368B3DE20D63BC43F241BE28
:107670001532283DBA9B393E92AD633ECFE5313E8F
:10768000C007D1BD0E722CBEABE96DBD6A08D5BC7A
:1076900040E1453C2D3D88BDD232FD3C9FBB5A3E6A
:1076A000A48D4EBE01CB82BE9234C8BE59A276BD17
:1076B000F950A13ECFEAEF3ED6B49F3CAB7E5C3E94
:1076C000C921AB3EC2BF7A3EC193BBBD956417BD15
:1076D00067863A3E4700293EEAF14D3E0BEF393EC0
:1076E000A96C8BBD67A6523EB0699A3E1659E13E21
:1076F0002EE6D53E14ED503CD611ABBD1883D5BC5B
:10770000251B923D306908BCB4DCF83C75E57A3D38
:107710007917BABC8219EF3D6DC1843E3A91B93EEA
:107720005AE1AE3E79AD363F0B4AD03E367B913EB4
:10773000AD9BBA3EFE08DB3EE634CA3E48746D3E61
:1077400077E6E33E50449B3E268C243D7EB3E23EEA
:107750001F28BC3E285F623E1A67F83E8066B03E36
:10776000707DD1B9A19E90BC80DBCF3BDE81233DF3
:1077700080E512BB7359833DD67C19BD2076813BD1
:10778000BDF6A33D6F8A4D3D712DD83DE07050BAD6
:10779000381CD33D5EBB3E3D4D764A3E0943C93D54
:1077A00025959B3EB831403E23ABC13EDC13393EAC
:1077B000E0B4563EE9585E3E3C2CBD3EA3A54D3E8E
:1077C0007D4E583E681D883BE0D049BD62EC1DBD32
:1077D0005C62EDBC605D7CBBC052CCBB1A1227BDA5
:1077E0005ABD533DBB5D3CBD442AC1BC7896CCBC60
:1077F0000E94D0BC637F9FBDA74D57BDDE00A2BDD8
:10780000957733BD30ED473C00794E3AE2CDC3BCAD
:107810000732C9BC8D2FF53BC54B77BD033A7D3D83
:10782000C9EA5BBD6C9C233DFC6B8CBCE52DA43D83
:10783000CA402EBD8DC08F3DBCADFA3C9E755C3DEF
:10784000CE05E9BCBFFF88BD90D8A7BBD4798DBC5D
:1078500077B8A53DEE7DA9BD119914BDA470E43C97
:10786000A374BB3D1FD29A3D52A6233E9D99713D04
:107870006AB0E23D80C8FE3D881EE53D5493EA3D76
:10788000BA993B3EA6EE8C3E82C499BEB4B122BEEC
:107890000973853E4D2F943ED67D623E8C8D843E8D
:1078A000621BFD3EE5535A3EAF59213DEE49053E70
:1078B000E017D33B9F0283BD73E508BDC590883DAB
:1078C00076AAEFBC700BECBB83EE26BD3A86C13DB9
:1078D000ACF23F3EDD27CE3DCC48EF3D7503473E41
:1078E0005DF4B8395BC219BE31C383BE140BDB3DF6
:1078F000C9E06BBC88F6CFBEE41358BEABBE5BBD1F
:107900008BE231BEEE2912BE8461D4BCF13960BE77
:10791000AA0BE6BD9FAB843E6619AC3E4F89BC3EC8
:10792000022927BDF6AAB7BD5D842CBD38FC773C83
:10793000C6435A3D46A6713DFEFB17BD97A0C13D0B
:10794000B30A4E3E98D7153E9FEDA9BCD990B03CE6
:10795000553E82BD66F585BE5B6030BEC7EA093E16
:10796000A60601BEC96D0CBE42CADF3D9A8AAF3E73
:10797000B391253E78F56D3DD7913E3E28F258BD36
:107980009DAF8E3C685EE13EEC3BA23E4336FE3E40
:107990004B16933E85125C3ED880C93D8CE7E5BC12
:1079A0008037B4BB594E82BD29DB8ABD1CD1EABCED
:1079B000073FBC3D98C4BD3D4F12C73DBF6BF03D76
:1079C000D574A2BEDE86E3BEFC87C9BE594FA4BEF5
:1079D00077404DBE603A8EBDA20AAF3D2DC7033E33
:1079E000BE41B43D8E2A583EC943953E96E3183EAB
:1079F0004AA0693E06BE953E182D3F3E5157C43EF3
:107A0000FE42003F9499F53E1DB0B33E4C009F3EB0
:107A100040FFB43CE3DE8BBD46C24EBD5B195BBE8E
:107A2000E79825BE3EAF9EBE7AC913BE3DF9873D9D
:107A30001F3E67BDD467F2BE353592BEAD12BABDEA
:107A4000442ED1BB04F6A23C29526C3EECA2BE3CB3
:107A5000748BB1BCB97C683ED29E543EB2BD873EA9
:107A6000E084B73E6FAE133EA6524E3DF6E6CDBC67
:107A70009E74393E33CBB83E3FE1F03E8344423EF4
:107A8000EC17C7BCECAF063E94FB523E255859BEDE
:107A900010F0C7BEA6A9A6BE1A53C9BECBA88BBEFE
:107AA000864A39BE670467BE114449BED83BC7BD8C
:107AB0004295853C0CF6573D0B40813D66E6E73C20
:107AC000DA9F063D837ABA3BB995B33C5F518A3E53
:107AD00008DDA93DEBD8883E4138B93D7BF84D3EE5
:107AE000000D1D3E490FED3ED2DB3E3EE2AA803E38
:107AF000F246E1BC0152143ED2DCCA3D9721A0BE41
:107B0000BD7CAABE76C7DDBD2123CABE7366ACBEEE
:107B1000D33188BE50A114BE66297C3DD802F63D03
:107B200096B49BBD3EA32D3DDE1E45BE57AD293DFF
:107B3000AE84243DDFE4BD3D00B9C83DDE5D003EBE
:107B40003070DD3DEAF5083EA74EDF3DAD5AF73D0A
:107B50005C8B7B3E2942233FF3D5F63DFE0BD93E9D
:107B600040A3E93BF3F7093E147BB0BBD313DFBD61
:107B7000AEF4DBBD3330ECBDE4D00DBEBAAE36BEE4
:107B8000199717BEA19919BDAE5C843A7AE51E3EDD
:107B9000E7900B3E4731C83D118D45BDF1BFB4BDE7
:107BA00027268D3D523B493D1C56013E773AF03D1C
:107BB000FA42AA3DDB33253EF6DA463D7395C43DD5
:107BC0004BAAAB3E51A3A13E75E63B3E9FB93A3E60
:107BD00088B31F3DBF0622BE9396E93DB300003B2C
:107BE0000EC927BE74EEB2BE839A10BEB450313CAB
:107BF000B9930DBE97A1AEBD031CAA3DC7893E3EF9
:107C00004421333E3CD35EBD4D1AA8BDBAC980BEE7
:107C1000987F65BEF3142FBEC280EBBDB416FBBCCB
:107C20001352C63DD8090F3E38C9ADBDEC38183ED9
:107C3000691EA73E7382BB3EF8291F3E190A7DBE0E
:107C4000EC6649BD09BDC4BDF20DC1BDD8B0103D43
:107C5000D8912D3DE217F4BD17A4FF3CA9A7533DD1
:107C6000D35C193EC63E083EB7CEE33D7DA4C03D81
:107C7000A94D903E6BF7D83DDF00A03B2B0E1EBEFA
:107C8000254578BED2353CBD9E19BFBDF5F014BE6A
:107C900012B8E7BD8EDECFBDB2D8F93C33A9573E4E
:107CA0001946DD3E2935DE3D55A9163EF50E2DBEA1
:107CB0006597B1BD102609BE46FDF9BE32CA863AA7
:107CC000C80127BD6ABEAEBD3A38383CD38ACD3D27
:107CD000A0600F3E0EB2E63DE11A083EE45E063EAD
:107CE000B8F3883E75F34D3E36A23F3D9D09E8BD91
:107CF0004A7714BEF04E1F3D04FEE1BB778FA1BD55
:107D0000BF1920BE743B1BBE9B779CBDC135B23DE5
:107D1000BABCD63E06229B3E5B71093F383680BE18
:107D20001DDBD63C9B52A7BD5176D5BE89FCA63D36
:107D3000583587BD099E21BD35EAD73D2DA3973D16
:107D40006A1153BD98AD17BCD5726A3D66F5103EF9
:107D5000450EF13DEF91293EA92B88BD92E2ECBB87
:107D6000BA80D2BDDBEAAB3C68E9F1BDBBDF1CBE2B
:107D70009501B9BDFA05E4BC5E68893D0A80EC3C1A
:107D80007BABB43E69119B3B95711DBED925F8BEF6
:107D9000696743BE3C3E4C3DF0708FBE53639A3DD5
:107DA000734A1C3DAD40593D39A12A3E9DC32EBDAD
:107DB000FE20AEBDC567F03DE526F53D1496043EB8
:107DC0002046113EC99FCE3DC70BBABC8662E03C3F
:107DD0004A4B153C857404BE8FAE653CD914C43C37
:107DE0009F4958BE8479FCBBBA91B53D92B5073E18
:107DF0009123B83D5D3C6A3C979956BE3B00D8BD87
:107E0000C619343EF82DA1BCE60470BE5EA348BC82
:107E10009EE2253D0B5D5F3B1BD4D13D4198C43CA8
:107E200002561FBE62A9813D13C11FBD4AC4A0BC3A
:107E300053791C3E68EEBD3D568A943D87728FBDD6
:107E4000DE9611BEB37CBD3CE5C1653D779661BD54
:107E5000ED7D3FBEA0FC333D9F9DB4BDA71E973D69
:107E60007DE2B03DE2B3033D1247D3BE188C25BE80
:107E700061952F3D5BBA953C2F7FA53DE9DAD6BDD4
:107E80001104A03D8540D03D8EE4263C1D41643D5B
:107E90000092E2BCA23C45BE87D7EABD6F22BABDC4
:107EA0007D4425BD462C14BEA9BFB53CC77F933D7C
:107EB00028CA38BEEDD5EF3C35B83F3E0CA6633D31
:107EC000F8304B3D743788BD11EDB9BDFB7A0C3EDF
:107ED00008344F3EB222E1BC5F07DABEDC3428BE74
:107EE000A4BF33BE0B31FF3D5574B0BDD401983BE8
:107EF0003A64D5BDE177EC3BF78CB93DEE801F3D90
:107F0000EC30B23D6FD605BED6B194BDED3F35BE67
:107F10007ACD9CBD1EC3CABD87980C3EB469A53DF1
:107F2000185911BD57E82C3EB2B9443E7C11403E71
:107F3000D0B4D3BCECC572BE1F7366BE11BC05BE07
:107F4000501162BE0F1659BE91F700BF12AAC8BDEC
:107F5000F97F03BD4D2FD1BDDE2FA4BD2C5A253D89
:107F6000A5703C3EB1617E3D3024843D5846523E72
:107F7000D5219A3D66BDA13D167A0E3CD7D3D0BC23
:107F8000AB8796BDAE5205BD47B977BD90A93D3CC4
:107F90007A51853D70F55C3E0805383D7E115DBC2B
:107FA000824B7FBC99963BBD8E4A4FBEDC1B91BD78
:107FB000C33B40BE3EE6D1BE0B8C93BEE948383E83
:107FC000347058BE38C5E7BD2285B0BDD791ED3DB0
:107FD0005600D43D56D0863EC385E83EDB50933EE6
:107FE000AFFE973DD8550D3CEDD0F33D03A4D93CF1
:107FF00046437E3DD434A3BDB99AC83BF983303E95
:10800000BB5B463E04880E3E3F6CB9BD9265DBBD4E
:1080100099FF26BEADB009BE2E685CBD0734A5BD74
:10802000F00BD4BD863675BED94684BEF4CFBDBE36
:1080300097523BBD4ADD1E3ECC80B63DDF39B03E97
:108040009391AA3EFF21A13E89298E3E0C1F883DB7
:10805000C01BD43C02F52FBD9019253EF1C89A3CB7
:1080600065D0B23DF1C002BE7B1B6DBB3AC316BDED
:1080700095B4E1BBC4742C3ED3DEB93D0A3F9BBB33
:10808000FE5146BEB5069DBE40AE9ABDDC4611BE51
:108090001DCFECBDA0C4ABBE816922BE9CE6ABBEC9
:1080A000A3AC9BBD2776913EB72DAA3DFAC1323EC7
:1080B000009A1C3EC8D2753EF95A3DBD7757303EF6
:1080C00028A3113EFB4DFE3D766F303E2DAD9D3D0C
:1080D000D839123DDFC5BF3C8D81EFBD9709E6BDA4
:1080E000502EF0BD8BC9DF3D602B6BBDC61FB3BDED
:1080F00080C22CBC769E85BE34A7E0BDC83D8ABE3A
:1081000042A789BEA4DF87BE0D3B65BE8AFF11BDB5
:108110002C7A5DBC1C34B5BC1B3807BEB9990EBDAA
:1081200003B377BCB21ECD3B0E84B23CC283833D09
:10813000C47C073EC2EE823E939F0B3DE56F663ED8
:10814000E6872A3EB5C84B3E88FB2B3C133CA5BDB9
:10815000CDD821BEBF72083E6B8C81BE431903BED1
:10816000707979BE01B87DBEEB1A25BDE40AA0BEC8
:10817000D537CEBE0CB8403D81BFB53E29612C3D00
:10818000106F96BC09CEC8BD38C5013E021D413EE8
:1081900016581CBE5BCD3DBE488075BD4311C03C2A
:1081A00025ABB3BDC23FB03DE3252D3EC8F1AA3E8D
:1081B000B34E753E4DB7323EE4A1D63DD10FC13D21
:1081C0002C43E23C6C6680BD292A6CBE645313BE0E
:1081D0004466B4BE0FF28BBEB87D81BDB9565CBE9D
:1081E0005FD161BE81A409BD40DC463E92C3743CB0
:1081F000E2CF3D3DF42F7DBD6329823EBFF6273E91
:10820000C8BC913E88ACA73D9A9940BE366FF7BD79
:108210009EB7A43D667577BDDA63323EF5D51F3E45
:108220000AEC193D6BD5383E34EE313EEDCAA53D22
:10823000D8AB933B3668B4BEE03F85BE36568DBEA4
:1082400035D96CBE582A57BED974503B5611FFBD64
:10825000BD3367BEEF14B13DF27927BEBEC14C3DC0
:1082600032412C3DA9583FBDAFD815BE7D4F413E90
:108270008EB8063E8C948E3D04DA1BBD0ED2163DA0
:10828000F64A6A3DBED856BDB2BCAF3DC5D646BD66
:1082900004996F3E220BBC3EEEE7283E7536F63D54
:1082A0002EC1093ED8A8B4BE74E739BE7FC456BEFD
:1082B0002C6F223EA5D6C73DCCE0ABBD0E8176BE6D
:1082C000E650453B9D58A1BE992C82BE5021C2BBB1
:1082D000D89166BC408DC0BBC9D813BD71F68BBDAB
:1082E000FC8EA1BE7CA987BEE270CC3A019E113DF6
:1082F0000F87E8BD0D7958BE0F6D0A3E93325C3E84
:10830000FFB5A9BCB395103CD79206BEAA86073D1F
:10831000A92F89BDD9C65FBDB14253BED9F8563E1B
:10832000B6C8BCBCA0E9ABBD27A7B83D322B8F3D7A
:1083300043FA163E7D77A5BD7BB2583DBA963D3DCA
:10834000A085A33C9FFD16BD5B88A83D5885CCBD8C
:10835000CB9D2BBE995703BE72F240BED5E75DBEE2
:1083600078356BBE83D30ABF2EEAA7BD4EA5583E13
:108370002391F03DA28880BE3F3600BF65D2ECBE9F
:10838000AE5AEBBE2BE3DABE0CEF83BE20379ABBAE
:10839000655DD4BD3D4406BE0036BCBB1CEA883ECC
:1083A0000448C6BA9B88A73C18192CBD3EF6703D00
:1083B000796BA2BD948060BD286315BD1CEA043DA5
:1083C0008F1D28BDDAECC73C111030BE569532BE69
:1083D000592D1EBE9F85B3BEFA7DB7BEC83BFBBEFE
:1083E000E8E2C5BE11E277BE8A42BBBE2FFA26BEC6
:1083F00089E76ABEDEC51EBE6E98C1BDDBB0ACBDEE
:108400000D3CC2BDD86704BE10386FBD2CCE4D3CAC
:10841000607403BB9FFD06BDDC9799BDA55685BD65
:10842000D698283D64E8A5BC687A3DBCC01AC53A18
:108430008689533DD8D47FBC02BE683D88C7BCBC8A
:10844000B805FC3CE498FDBC10F0CC3B40E38ABC92
:108450006EA37EBDA6562CBDD45A2C3DA9B6B4BB86
:10846000F035A8BBC9E9803D989382BC05987CBDD6
:10847000458CA63DF1AB833DECC4EF3C8272253DBB
:108480003F53933D00BA0C39E0A10A3B88CF78BC3A
:108490002EBC593D2CB69CBDF6A97A3D2E5B4EBD37
:1084A0009C33083D787914BD293B81BD5E43983BE0
:1084B00078E0373DA55C1ABC0CC8BDBD9C96C0BD1C
:1084C000EE11B1BCDC43A1BDC4279C3A538D62BD03
:1084D00082CDEBBC9F27193D006314BD68CAD33B16
:1084E0005A34ECBC3F23D9BC7A8625BDEA12643DE0
:1084F00061B101BDC863E63C2EA9153D6B6E6EBD32
:1085000053B79B3DF57298BD7FFB2DBD5EDBA63951
:1085100042278CBCFC87EEBCC9F4083DB0B001BD5D
:108520009C7BEC3DE67FDC3DFB71623D7AF287BDD2
:10853000D3BD1ABD7E6CACBEA5099EBE044686BEE8
:10854000FF1BA7BE8EFAB0BEC8BC59BED91230BD43
:1085500037CE9FBDC6B2A5BD29497ABDD8B957BD92
:1085600084E387BB0C11963B52FE84BDC80D403C92
:10857000793A893DF7D61FBDEDBD82BDBD029D3D57
:1085800075D3BA3DB1387F3E23AB843D673A4E3D4B
:1085900008BD15BE72AA5FBE0E2E9FBC08E640BC89
:1085A0002702603DC9952DBD645233BB85ED893CE2
:1085B00065F9F73D94AC5B3E30F9B63D764C503DE5
:1085C0004E34E23D2F703DBE75BF0CBE576360BE9A
:1085D000E16F1F3E9D66FC3D1235DD3D452CA73DFC
:1085E000A87C41BD7AC0263DB7A5643DCE47C23EBA
:1085F000ADEE853E9774533E2579AD3D0C3F1BBDD6
:10860000D34568BDAA2CBBBD80B98B3D33B1A03D1D
:10861000C4FB7D3C3AEA47BD64CF083D757E65BD2D
:10862000D9E9933D577AF93DD5C7493E1B06DA3D56
:108630000C4DD6BA683FE7BC3ACF353EFA6F8B3B5C
:10864000692F11BE9927CDBDFF0F1D3EA1FADB3C5E
:10865000CA4F0FBD70CF8B3BF9C5483E6BB8493E42
:10866000927DB3BDAE3488BDDE6A69BD5937223E06
:108670001D8688BDEA9C49BE44CAD33D19BA033B56
:10868000A018503D05D0933DA295BD3C67CDC23D9D
:10869000E4383E3D2C6F913DA41E1E3EFDAC5EBBFA
:1086A0005A70CD3D0246A03D016D093ECF36143EC5
:1086B0000AB639BD0D30373C2EEC85BD5D921C3EAF
:1086C000B0BC0D3D9C17563D87C6B8BDF710EDBD3B
:1086D000C08EE6BD732DD6BD70CC153E9036DABD8A
:1086E00022B0B93B4313DF3DEBE7A93DFF9C26BE1B
:1086F000DF3520BC0886DC3CCE79FCBB45ECEF3B8B
:10870000970E4ABDB8E7DE3D68E70B3EB1415A3DE2
:108710009F3C563EF357C33D8EAEFA3CA825083E1B
:10872000A7BCFE3D574F503D65BD303E3840293E09
:108730005955D03A9D29033E54163FBE922240BE61
:10874000041D0A3EBA86373EBCDE823DA286A6BA2A
:10875000DBC6B53C665920BD5C004E3D601330B7AA
:108760003DCB6CBD3FD5053DA6BF953DE497A3BC71
:10877000C5F7303EBBA1EF3DC9924C3DF36E043EC0
:10878000B3C3533D24AE023E07B80D3EE1D8393E97
:10879000B632D53D5CC1CC3D04D4C53D7C457E3E62
:1087A000115383BC01DFDEBC705E4FBEE9EB5BBEE4
:1087B0003270163E544A673E2C8504BEB884D83BBE
:1087C00038AB033E9E7297BCBE96E43D601C76BDFE
:1087D00040D1C73DD7704D3DE9698C3DE5BECB3CEE
:1087E00000E396BAB6DEBCBB7533543D7189CD3C0F
:1087F0001377F33D909FB23DFA5C503EC00D613D52
:108800009243AF3EF93A263E7F0F813DB9D6683E8E
:10881000FE99923D0635CCBD653D11BECB8BB3BDF7
:1088200001F7AD3ED4EE433EE4925CBD7862133E68
:1088300073F6DCBC479CC43C5EF77CBDB3411ABEFA
:10884000EE759DBDD4A28D3D2B93C9BCF54459BE98
:10885000D252CCBDB0C79DBDDD6523BD91387ABD78
:10886000A3B79B3DE553A23D73D8AB3D710B233DB0
:108870003A19D03E1AAA5F3E270752BE3B238A3DD3
:10888000A0F89CBBC820A4BDC35A333E1B81923DB7
:1088900092431A3E3D8804BE913DABBEA54787BDBD
:1088A0003D6824BD76A33BBEC9086BBED55C5ABEED
:1088B0003446323D60B63D3D4F110CBEA44831BD3B
:1088C00062ABD5BD232A2FBE3D8AE4BD9C3538BDA1
:1088D000AF3DD6BC2664473E697C423DD53C70BD69
:1088E00050DC173EB4FEDE3D275E293EA0CF753C2E
:1088F00028E94FBD9496F3BD69BA853D8D109BBDA7
:1089000018E5FCBA8188FDBE40A58FBE1A5E5CBE2C
:10891000F10549BEDDE784BD7B21E93C1022623DC3
:10892000A5E6543D102D193C418F55BEF17282BE13
:10893000E6EF6ABE52D2EEBD59D6FDBD325E92BEA2
:10894000F58BE2BDE01903BCDD6AD8BDC40F31BEB2
:10895000D84EDEBDAFCBE9BD08D3483E858B873D01
:10896000B5CD5EBDF75468BDF4600FBDF06B5CBE65
:10897000883FB0BD9E6C5EBE0A8E8F3D14624ABEBB
:10898000CCD0FEBBC60220BD1A75213E821BF03D35
:108990005C15AD3D9690E6BC01888E3D9AE40FBE15
:1089A000325E8FBE298362BE8BB54DBE83E027BE8B
:1089B0008225B1BD3A7151BE96EBEABEE03A51BE96
:1089C0006B1208BE085681BE3DDFD03D1D8C38BEFF
:1089D000C8C2AF3C6006EF3C0D6931BDB631503EB8
:1089E0009DD9473DD01F873D3C32033EBD29A43D64
:1089F00043FD903C0215D13DEEE1D13DF724B83C5A
:108A00004754993DCFB08D3DD51EB03DDB5D2BBEAB
:108A1000B59BF1BD54AD0DBEB9C03DBD29C098BDDB
:108A2000EB61F8BC70D842BE100CD5BE62D607BE52
:108A30000FE7D9BD1F29343E6780183E279F993D17
:108A400002F7283E20F2453D13A9E4BDB080A73DC2
:108A5000E0D4633D3369373D83D8793D574DCC3DF4
:108A60009423983D1036AD3DC2230FBD3BD3D9BCF6
:108A7000F1D4E53B088F7A3D85EE263EDABFBABBDE
:108A8000812A9BBE8FCD56BEB4C81D3DAEF22BBD14
:108A9000779D9DBC7923013C34EFD8BD4A9E9EBB97
:108AA000724F3A3D980D203E640EBA3E59A10A3CE1
:108AB0009D07AB3D1DB81A3E4E92D13DECCAAEBDEE
:108AC00044506E3E369D563DF978CF3DE94DDE3D32
:108AD000EAB7D63BE0F03ABDF4AB68BA9DF5BC3DD1
:108AE000D3C4053EE9B2E23DDEC3D53DF1182BBD4E
:108AF000058F5CBE0945D8BB80CD223D8EAE533D6F
:108B00009FA2693EDAD2B93DF8DC013EE0A6333ED1
:108B100056EB3C3E216071BC81A1F23E61C5183D1F
:108B20000488C23C99A4773EDE2A7C3EB084CA3CCD
:108B30004BD9A93DC2A418BCDE4ADA3C789115BDD8
:108B4000C1CB07BE4593E4BD35A26FBD465C89BD70
:108B50001392B93DB106053E672A953D79C41BBE07
:108B6000282978BD0BBF443B133CDEBB9C88EC3D01
:108B700096BD2D3EC94B293ED84A6C3EB898DD3D86
:108B8000C1AADE3E664F1BBDE3E2363E96134B3D67
:108B9000E03F48BBF3FF283EBB3D81BC57D6873E34
:108BA000A719D3BDE0B823BD8AD94D3CC2A8133E56
:108BB0007BF385BE8CD9C6BE40CBCABE840CD5BE65
:108BC000015DCEBE194272BE00FDACBE46530BBE67
:108BD00063C115BDA911633ECCC6573E4A31023E62
:108BE000323CA73C2516813E94914A3EDF20B83D99
:108BF0002DD0E0BC5FA577BE84A5B8BEEDBF89BC13
:108C0000CE5A77BC26E198BC997F9BBC0374E63EA4
:108C100070C74DBED2F504BE76DE5F3D7F29AEBD86
:108C2000514715BED3D451BEEB5D99BE0669D9BE7E
:108C3000F67306BFA1EE07BF778DEEBE0C61D7BD00
:108C40001166753E1462C73DDB94003E6DDCEB3D62
:108C50005B54953D05A60C3E8339813E952C4E3ED6
:108C6000C73B18BE5E8B8DBE0E5CB3BEC10AA43D71
:108C700032577D3DB8175DBCBFD2C03D9E8DC13E11
:108C80008162533C4917813DB4A247BD9331BE3D3B
:108C900076D582BC7DB944BE33A8BABD9833E9BD50
:108CA000D01FDCBD1637B0BDA4EC96BD8CB74A3CD6
:108CB0003F6D123E1A210D3EEC0439BCB1AAA8BD8D
:108CC000121F313E1686E43D80EA133EA755E63D6D
:108CD000D5CDD1BC3795043E28A0F53DAE1F943DBF
:108CE00072D2603D1670A7BCA29386BDFE354E3E83
:108CF00035E47D3C16DAB7BC1226AFBB56D5FDBCB9
:108D000046A223BD7274AD3D3789AA3D7F3DDE3D4D
:108D100042C1E93D1B22133E1FADC43D077C8D3D82
:108D2000FE0FBF3D069CF4BC1D38A5BC456948BE7E
:108D3000B64D58BB177AAABD973E57BDA6A1D0BD68
:108D4000D70993BDAE6C2DBE8F01AD3D5BA3883DB1
:108D5000F0A23DB9F7E5433EFC78D3BD5EC4883E42
:108D6000BD1E8A3DBFF575BEEF0256BE53049D3C45
:108D700042F9193EFFA5EEBD329648BD3BE92B3EB8
:108D8000F0D2663ED0040F3E3B252F3EAF6F403EF3
:108D900070C9CFBD29F5ECBD5C3E46BE4C6233BE0A
:108DA0006CE81DBE653BF1BD322520BE4522F33C7B
:108DB000F24834BC36C547BDF2B9683D9DB404BD28
:108DC000791D4EBD9A2B4DBCA7FD383DB959C73E04
:108DD000D85BD13D218DED3D4B0BCDBD9724CD3DD5
:108DE0000773D53DCC6A973D1A26FB3D858F683EBB
:108DF00065AB6C3EF2C5AF3E43962D3E4D890D3EB0
:108E00005E00763D16EBD6BCF933DDBDDAF6943D57
:108E1000D5AD853D24AC17BDADFD583DF3DC103E0E
:108E200072D0E63AD57651BD714549BC8497323C43
:108E3000A69A2C3D7E8B7DBDC1FF333E7133F33E40
:108E400013A5EE3E1576D23E3A5E423EF332113E17
:108E500022228B3EF7C52F3E16302A3E4B7E7B3EAC
:108E60008F06433E568CE43DFB4C553E1466573E00
:108E70002A7F3F3ED1BA4F3E3D7E023E344FA93D50
:108E80000BD31A3EE0BC6A3CA8A095BD5B9437BDED
:108E9000699437BD6115B13C4CF1B43C4B7C47BD86
:108EA00084E59CBCB16147BDFE2B5CBE6632113EC1
:108EB000BCE4CC3E4896863EE914713E7282863E02
:108EC00046261B3E0EEE8F3E049F303E9DC37A3DEC
:108ED00037A4453E3D8F1C3E1C39163E25BD3D3D09
:108EE000AB08973D9CA94F3E1459FE3D532C7EBEC6
:108EF000C88884BD07C959BDAEADB63E8842AABD7B
:108F00002300CCBDF38B2ABE3FD270BEBB6099BD9F
:108F1000BA9B533DD6B0693D12B5FD3D5AC8C0BDA0
:108F2000E33FD23DE7926C3E226D4A3EDD1CB53DEB
:108F3000989B3ABE2C4125BEB28620BE0DA225BE0E
:108F40002646DABD5385013D779DB6BED31AC7BE0E
:108F50002FFFC7BEBC1FD73D0CA9BD3DA289163E41
:108F6000D6384B3EA1CEC03D3D954B3E5080CC3CCB
:108F70007B691ABDFE71D6BD586ECD3CEA2F6E3DA1
:108F80003DD023BDD556A2BD40A3843AAE6BB6BC3E
:108F9000EE868CBDF19918BE5CBB4ABED88CCCBEA7
:108FA0006366FCBEFAD0A7BE54EA16BE41D6033CA7
:108FB0002F16D1BE232EA7BE13EAC1BEB201A0BE9A
:108FC000C0C730BEF56F2CBE7A22D4BBAF3D273E62
:108FD000BA52113E9B161C3E7EFA083E74EAD8BD7A
:108FE000D4559CBDE37D99BDFFB4803DD0A5A2BB07
:108FF00047FD8B3D1D0A9B3DBC3B64BDDACB2EBDBE
:10900000E7A66D3D53BF6C3DA74AD3BC23693CBD69
:1090100067D4EB3B37B318BE682C94BEFBA0BDBD34
:10902000250E55BD45BB153CF024C2BDB6AFD2BD23
:10903000F05B363DDB77ADBD6678913C682109BDBC
:10904000CD6F47BDDB5545BDB936303DA8BE2C3D83
:109050005895703C3F3610BDA07038BB601FB33BC5
:10906000C9CC9ABD284625BDD56C63BDA2135DBD94
:10907000B88D4EBC849486BDF879493CEECA343D27
:10908000C42F63BDA4C6E33C9860E13C4617EBBC2B
:10909000902566BDBE3D613D01A2A13D64791A3DAA
:1090A000FF548C3D19703ABD925F7D3DDC75C43C28
:1090B0007009093CBFD28C3D7C24EC3C6CFD3FBD6B
:1090C0000472FC3CDD3387BD086BBA3C705A12BC9D
:1090D0000BB0933D947FEA3CD627493D484A313C4A
:1090E0005E0797BDDDFAA73D3C4ED03CACF746BDD0
:1090F0006816493C5884EEBD2CEC64BEEEEC81BE93
:10910000A1A9B5BE07B75BBE1AD38C3E6B36573EDE
:1091100005596DBE84B791BE4659C3BDECE05BBD39
:10912000D28101BE2CB4C23DB6335F3C70A4F1BB0A
:1091300010C786BD5AD084BDB4E607BD788B093C04
:1091400010BF123C450B873D4ECA493D4213A2BB9E
:1091500025B13B3C55DE863D486F99BD6ACA853BCB
:10916000A50A983CAB7F19BEEF479BBE2E93C4BEA9
:1091700043373FBE553EDCBCA0A275BEF872FE3D33
:109180001B2E233E41D41DBE19EE1C3D821609BE86
:109190005FEB1BBEEC4F3EBE7F3550BEB981ADBB11
:1091A000FF6F0EBE9F9FE3BDB0B780BB52716D3D98
:1091B000F8BF51BDAEE6413DD645ADBDB68557BD04
:1091C0007F95E03CA71B56BDDB5F89BE79BE7ABEAA
:1091D00073658DBD78ED283E7216263E2A07443D04
:1091E000E7ADE03DE6262EBEF70D04BE3B20533D25
:1091F00048ED6C3D7AEF133D4ADD3E3EAC98013DB3
:10920000871F5C3E5F0F283E341F0F3CBCF6893D34
:10921000AFBE80BD091A063E60862BBECE4D24BD72
:109220000152933D23529E3DA964C3BDC6F4BEBD09
:109230005373C83D2AC6193E3D7F293DD225413E84
:10924000CA874FBEAC76C5BE43EA9BBE892F463D5A
:109250006A28A4BDFBA6013E0AD9C23DE9078B3CA2
:109260006CC5E7BC64E0ABBD0E8790BD0B1E87BD2F
:10927000C303DA3CF855BD3DF76EC73D40B29E3D95
:10928000AC80553EC085383E094D463E0A010DBEB4
:10929000BDA9983DE891013C88AAF5BD460794BD5B
:1092A00099619EBE02C1C43DE929F53DFFFE3B3EEA
:1092B00010C32FBEC51905BE905299BE931A62BE47
:1092C000B9979EBD9B18C93D7059743DFB78C23C4F
:1092D000B3E4B53D598CB4BB0F5238BD86573C3D05
:1092E0008292473D7B94D7BC879425BE62ABDCBDA0
:1092F00019DF13BEDB9594BDEF4A343E16F814BE59
:1093000080E1053B6FBE03B81ABB103ECC949EBDF6
:10931000643518BD74E72BBCB8E5B7BBBE7E943D81
:10932000922BAFBD0E1CF9BD32F7A5BD9414D9BD6B
:10933000F1E5E1BD8EDA8CBC4C3B28BDD5FEB8BC56
:109340005605F53DB767063D4738D63D046A6F3E82
:109350007F7E623ECA2886BDC2FD44BC7C92523EDE
:10936000FCB0453E50831E3E2F67E73D4868083DF0
:10937000A6CA84BD9918463EFE9984BD73ABA83C2D
:1093800077BE4ABC3B950ABE911ED93CE491573D3D
:109390005FC469BCE10E98BDF023B73B6416E9BD1C
:1093A0005D947E3DCEF468BD7951603D5E89F83DA7
:1093B0008DE5003DECA0E13DB196483D1C6B223EA1
:1093C00037B66F3DB649A3BD2C09D2BDF80B4D3E53
:1093D0008745FD3D60E12D3D477F2E3E5D560CBC2F
:1093E000057E3CBB694B2E3E3643AABD6C52453EC2
:1093F00020F79ABC88CBC4BCAFAA74BD532F413DA3
:109400007A6EAABB442537BEB974BDBD1B61FEBAD6
:10941000FE22CE3C68AC623D0ACEB83D5E737B3E18
:10942000CF891F3EB1C5573DD1EF7C3E8917223E03
:10943000A1119B3D9ADC2C3D90D3033DD9A5893CDD
:1094400037F9AC3E7E5BD23D2F380C3D41599E3EF4
:1094500069B86FBDDF7C8B3EC013C8BB932C943EB4
:109460009FB0243E99E71DBDAA0DF53D35971C3DE3
:10947000C13E123DE161A63D0CB2C83DEEF6AEBC68
:10948000D7A9D2BA747D0A3E1D9F833E0E98E23D55
:10949000E2433B3C22FD4A3EFD1E0F3EFBFA3B3EB3
:1094A0009203CF3D6D609ABDFD9F963D7A51F93C88
:1094B0007CBE533E05FBEC3E4D67973E2274D33C89
:1094C000171B393DBD940B3E6C58573E41A4663E78
:1094D000AA4ECB3D3D23D3BEF0CDF0BDBC6EB5BC96
:1094E00025881ABEFEC01CBEEBFE2A3D5896283DBC
:1094F000AF1763BC1ECC59BD1156F7BBCCE14F3D35
:109500009C9C033C2028283CE7DA1C3D2831143E73
:10951000D854043E57C71B3D140D6A3EC63FBA3EA1
:109520005D81E93E9C88033F9602FD3EBDBE52BC74
:109530003E12323E4A7A673D54DD383E41ADCA3D67
:109540000D4B0C3DC0688FBEF17CBBBE14EA3CBD28
:10955000679029BE3548F5BD873300BE847106BECD
:10956000FA7274BEFC7C5FBD35E9723D351FBF3CAD
:10957000CFD2BDBC9F590E3E0B5B613EC76AEB3C30
:10958000F923063D6CBF47BD0DE6953DFAA8A93EFF
:109590001CC0AB3E3582B03E4335083F90C5243EEB
:1095A000D9B3453D66530E3D21D4743C0131593E3B
:1095B00076ACE93D91E65BBE98C688BEC8ABE9BD16
:1095C000113FB8BBD186E23C6D5E3EBD8BFEFE3CDA
:1095D0008D586BBE7472733C2E3D713D01EC7A3E2A
:1095E00039B7F63D4CF2823D8EA70F3E21DC5E3C42
:1095F000E9F9E4BD37E682BEF5B83ABE0F6B01BEAD
:10960000B90C0ABF7A6A26BEB4B9573E4C2222BCB6
:10961000B131983B0B7483BD766A003EB76E853ED0
:10962000EE5766BD38FD21BD1B2B6EBE454C41BEBD
:109630001ABB1A3D512D1B3D6527E8BD4B204F3B02
:109640006FAED7BD1CC92CBC5A89ED3D0073783D67
:10965000206A203E8DB77D3D096C01BE4B1122BEB4
:10966000667A2ABE92714CBE1DB8C8BE4F7521BF26
:109670000A3C09BF51D448BE21F7B93C103273BD32
:109680003A05693DE5842F3DA5160D3EF9336B3E45
:109690006D02703C11A3723D38561CBE054EC6BD0E
:1096A000CC19273E27CB8E3BA80EAEBD180CFABDB9
:1096B000CE93EABD3417B03D83FE433EF0A0E43DB7
:1096C00085FF99BC3F45DCBDA22E90BD6988ADBD2C
:1096D000B51871BD0D86AABD7E24F6BE0E6C08BFFE
:1096E0006CD632BE025FADBD73EAB9BD429971BDA1
:1096F0006091E83D2253BE3D4F71CFBD833B28BEF4
:1097000047F7323D9D0E143E845E963D7DC0CA3DB6
:109710007BEF9D3C287489BE3CB184BE281CACBE46
:10972000AD0D89BD56833D3D1C4EBA3C973D463D2F
:10973000418C783C6D186CBD8C4B013E783D893D69
:1097400083BA41BDB1D7C9BEACDD11BF3585CFBE2F
:10975000A104E8BEE1DF64BEE35DB93C8BDC0D3CF7
:1097600088CC543D016ECF3D023298BD0CB822BE6C
:10977000D473853D2996B83D99BBFE3B9FD98ABBE2
:10978000B2B480BD2F9538BD7D0B7EBCA0DD62BE1E
:10979000A71B19BE1FE8173DC19148BBD720B93D93
:1097A000C877843DDE9E3ABD71269ABB2EC0EE3D41
:1097B000C54D32BD93A737BFAD250EBFE99BE6BEB1
:1097C000CA1CB7BE20FDC3BE46BC9BBD55F918BE22
:1097D0001F3CA13DF333493E57583FBDCAAB92BD34
:1097E0001786B23D7219FFBBAB09823D12D62A3DE6
:1097F000B654CEBDE054B23A800409BE4742C3BD60
:1098000063B267BBDD5515BD9EEABCBC5ADFFF3CA9
:10981000888A2F3E8F5F1C3E95CC033E662D173DF8
:10982000BF70B6BD17122ABF5C2205BF97C9E5BD40
:109830001A9212BE913EA0BEFD3A813D6AE15CBE25
:10984000141ACA3EF9D239BB22A7583D19DDE4BD2E
:10985000498619BE22B3BABD066A17BB44E5F73D77
:10986000DF24973D0CC3853DCB81553E51D41F3E2F
:10987000194F9D3D25FD9F3CA911963D814AC93D4B
:1098800011A76B3ED1388E3E1348CD3D7FC1C73DF9
:10989000AE6A59BE8AF9A5BEA346B9BEC54980BE07
:1098A000E09B84BE35D2A8BE81640B3E35D382BE18
:1098B00075A8CA3CA1598B3E10DD373EE7936ABEBE
:1098C00048334DBE44A4C1BD6E98D33BA9E3C33D0C
:1098D000AE78FF3D2AAC123DF34B4B3B9270AA3C55
:1098E000BC9C813C4695CFBB140CD03CA7F3823D79
:1098F000E9C5CC3D7112963E3740343E600C23BC26
:1099000060A6F4BEE137C7BE619274BEC8070EBE42
:10991000CADBF93D5702023EE9035F3C4D73EBBDE4
:10992000F0FA9D3C4AF2983EEAEB8CBE2BB633BE71
:10993000ACF489BE565B14BD43322C3D1A3B37BE96
:10994000803F91BD004538BE2F852ABD8DD7993DFA
:10995000953892BC3861473D8243B83D8376D43D0B
:109960002B01A43CA7401E3EC74147BA3D47B6BEA7
:10997000DD94EFBE119373BE1336DBBD822F28BB7F
:109980000268A3BA8B432EBEC3CD333DEA14113C0B
:10999000C28EE53CEFE0E83CDD2F39BE7124BEBD50
:1099A000CBA05CBEDDEE553DD9D4473D2CAA703D21
:1099B000FAF462BD2A2A08BE1781B8BC1E613F3E78
:1099C0006FE45C3CEC74E03C83050E3E8ACFD23DF4
:1099D000547A0EBEF538ED3C52846BBE152DA6BEF2
:1099E00038559ABEE5AD07BD0B3785BEFD8CC2BDAF
:1099F000BC7774BDCB9D8ABE2CBCD2BE08E344BCF0
:109A00007855293D4ADDFE3CBA416EBE4FA30BBDE1
:109A10007A541C3D37A33F3D8F6C063EBD53003D3D
:109A20000958E0BD59E848BE5E9E10BCD676023E9D
:109A3000B8C23B3E6C062A3E09EE263E187CECBAC4
:109A40006861DCBD846F27BDC4C4A6BE9C1282BE03
:109A5000A96560BE5AA0D7BD0405AEBED6B177BE1B
:109A60003972A0BD0DB56ABD259BE5BE107F053DD1
:109A700030AA853C1636373D81E6893D08FED9BDC2
:109A8000C7B1373DB953B53D087A6EBDF39E063D6B
:109A9000FBEF4EBEA2F9A3BE56498ABEDAED8FBDDA
:109AA00092BD1DBE5106CB3CBC2A1A3DBE2D4D3B7E
:109AB000CC924BBE0A07E2BED87700BF0268AABEAE
:109AC00054564EBE8BDD3BBE6E36D5BDCE70EBBD63
:109AD000168847BD2F96CDBD75389ABEA438873CF1
:109AE000ADA0833D335C6DBDAEF3723EE9851F3E94
:109AF00059A7133E0FBEFF3DC75A3A3C4B11913D4B
:109B0000532066BDB082D7BDBA742ABE93C039BD9A
:109B1000DFE748BD17A3E93D5792F4BD34748ABD11
:109B2000EC358EBE6532C1BEB50126BF1334E5BE2D
:109B30008E4DB5BE6805D8BE0B469BBE65286ABD76
:109B40007E998DBCBE340ABE5692FABDAE5444BD59
:109B500019D231BD3AE96BBDE3EE953D388AB83C88
:109B6000BC7D673ED461203F80E202BD6786F53D43
:109B700017C0103EDB50693E55E5D53C3E81D03DD7
:109B80004152853D11F4773D2D8A15BD26E448BE2E
:109B90006951373D523F41BED2C49FBE8BEE91BD4D
:109BA000E9D384BED153A1BE7EE9B2BEFFC6C6BC16
:109BB000FFE7223D7A0182BD4636DBBD3C78D93CC9
:109BC000D88BA23CC6996B3D190F833D030DBF3D59
:109BD00060943DBD1B62C13D6861723E5A8ADF3EA2
:109BE00038AB323EE6C1113EDED7B33EA2ADD83E21
:109BF0009740813E144ECB3E5F24143E000240BC91
:109C000075EF683EBF6F7B3EAFA8143EB78C8C3EAD
:109C100023D2B63E90BB253E7BF6033E218097BE05
:109C2000001147BE1D4A7EBDAE2B5B3D91D89C3DC9
:109C3000DA6297BDFD4DA8BD74BC85BD40E179BC1D
:109C4000E1B58B3D949064BD6304383E1939463EBE
:109C5000A864313E3814993D662B9C3E1FCC593E7A
:109C6000E9DF4F3E0A47023EE77EC13E24AD0A3E91
:109C70002E072B3E66163D3EB65A963CF0B9953DF2
:109C8000C58C983D1E60563DFD1AFE3C7773A33D82
:109C900018B5403C804F213B49376FBDEA331ABDB0
:109CA00081F68BBD4417A93CAE026C3D944A16BDAB
:109CB000E1CF7DBD6D66823D80C7A53AF03E843B15
:109CC000A86885BDD3C0A63D3FFB8DBD689CA5BDE2
:109CD000601FD3BC57B2233D59FC4E3CCA60143BB5
:109CE0009C5365BDE8F072BDDEE6753D6F7F8B3D30
:109CF000479310BDB0FECFBBC2185C3DCFA3A5BD3E
:109D000088F35EBC266C213DC2E188BD0E8E4CBD41
:109D1000343141BDF0EBDABCF84586BC67C79E3DE7
:109D200090EA13BD9D6339BBF5D1A73D3639DA3DC5
:109D30000E86B63DC98A013DF2F4E63DE2CE713EA3
:109D400073418B3D7618243D4C67203EDB725C3EB0
:109D5000ED20E03B687FE5BC59ECA73D48A6D5BDAA
:109D6000E12455BD7682C53DFAA5A23DF128893D85
:109D70006474D03C005CDDB9EEBF663DB40487BCC2
:109D8000894680BD10D1B6BB5EB55DBC6F06F53BA4
:109D90007F965F3C1B6419BD0E0A093E8D58843EB8
:109DA000F9759A3E8BDC1C3FB0B0113FFF57D23E95
:109DB000CD6F00BC4976963E257BF33E1C2FAA3E14
:109DC000F651953E4C91873EBC518B3E03BCAF3E55
:109DD000B7F4593E8A143B3EA40C3A3DCF1306BB60
:109DE0008BCA3A3E3AB50B3E40BE5ABC0B8432BDDC
:109DF000BAA180BD7BD7913D5677613D32317C3D24
:109E00001AA4353D5564EF3DA1AAA43E61B6853E36
:109E1000C3B4833C9CCBECBC0473E1BD98659B3C14
:109E200002F4043ECC11B1BB3EF45DBC3C7DFABDF6
:109E300059AC9B3D81470DBEC36F4FBEBC6EBC3E4F
:109E4000115BAD3E0B36DC3DC6D584BD983F79BC79
:109E5000A0C4E83E96493A3DECD7853ECFD91DBD1A
:109E6000BFE763BDFA4DB43C032210BE5A566ABE2A
:109E7000C7D7CBBD4C92A93E8549603ED12697BE3F
:109E80000D082FBD946B19BE728201BE7BDC65BDCF
:109E9000B08CE53CBEC0513C1F90AF3DA160F43C8E
:109EA0006E8680BC36DAEBBD034659BC4104D03D1A
:109EB000A4A0F83D21EA53BCD07DC1BDE34A82BED7
:109EC0007E71AEBE155CDFBD954B96BA05453D3E35
:109ED000FD8146BD90B1743C03CE383EFBF5B43DE8
:109EE0003DCB093ECB38A83EF3CB26BC226698BCBE
:109EF00092C6273EA0658C3DC2CA003E3BEE1D3E89
:109F0000711A2E3CE9D7EDBD663AA3BDCB38503D62
:109F100071BFE83DB88B85BD0F105FBD90FF19BDC7
:109F2000412275BD309B67BDFF2BCA3B9B731D3E15
:109F3000E772CE3CB243823D204FBE3A550D563EAD
:109F4000454B43BDE35B173D43761FBE78B364BC0E
:109F500069B052BE6E3777BC7C839B3D7625263E2A
:109F60001A11D53DF1170F3E9120873D2092CDBCAF
:109F70008F7CAEBD297301BE8F8AD8BDF5818BBDA4
:109F80002D393A3E707BC4BD7BE86A3D4364A93BF2
:109F9000109805BEE334E0BD9DD8F73DF420A43D04
:109FA0009639AD3CA8328A3D1460B23D3B37473EFE
:109FB000FDCC86BD1F46F83C1BD562BE4E32C0BDEF
:109FC000D2EACDBD8C6E6C3DE4D066BD3926303E04
:109FD000BF90013EE9613F3ED496613E7FEF8F3CEA
:109FE0008D1E26BE36641DBE72A405BDCA11803DFD
:109FF000F56B5F3E0D0B6C3E057D8D3D81541C3D28
:10A00000E28BF33CC57B6ABE2ED5B03D9FC94EBEE8
:10A01000ADEF8FBE4CFFBEBECE59223E05CEE43D15
:10A020003475CD3C9D6D3C3C88FF70BE85AD8FBDC9
:10A030001459BF3D1252D73DC7683CBEB7C1163E4A
:10A04000952588BCE08C573EC4DFB03E2916273DDD
:10A050001CEC71BE8A799EBE357A97BD4A28043EB3
:10A0600062C1243E393B633E81051FBDCA851E3D4A
:10A070009EDC53BD69B61ABE97DB70BDFE4154BE6F
:10A0800091A3F6BE268506BF41BB37BEDE33B8BD01
:10A09000BC9A263D502ECF3DFD738FBD2EB144BDE1
:10A0A00011E0D1BD3E48FFBD480089BEFEAA143B69
:10A0B000AF1BAFBCDF45A43D52B18D3DA08277BD43
:10A0C00081A4D9BD8F1905BF7BFA38BE95107D3E9E
:10A0D00029A66D3E18D3BB3D3614543D1406D93A1B
:10A0E000ADCE10BEC063BABE396B633CB0162ABE9B
:10A0F000D71ACABE94B2E2BEE944EC3D146FB73E33
:10A100005D926E3DC769D93DAAEA7D3DDF38B6BE96
:10A11000EB19AEBE56C850BE2D168DBD60D822BDFF
:10A120009BD7D9BD6B6E31BD215FFABD69B896BEB4
:10A130005C16EBBED9DD0FBF39446EBE1CEAB73EDC
:10A14000927C6F3EA7FAA73C642507BEC59C13BE50
:10A150008A5C8ABE59B6FFBD87414BBEF91B1DBE46
:10A16000377567BE4B4117BED8371C3E15FC953E70
:10A170001EFE2DBD334325BC13EE74BE177AADBE53
:10A180006F947BBE579C84BE824464BE9B2BFCBEF6
:10A1900094CF8DBE8BB0E7BEC095D4BEE76504BF3B
:10A1A0007E6120BF18E709BF6117163D42B2583ED5
:10A1B0009CBF513E4A73C1BD95DA14BE6AD2F5BD4B
:10A1C0002DC34C3B6CD2343DA33D14BDE2521ABEAC
:10A1D0005BB2A7BE3378EDBD8D570ABFB5AC16BED6
:10A1E0006E3348BB53D28BBD07E589BEC20DF6BDA9
:10A1F000AF2CD4BE88DDF9BE1506FEBEAE4052BF00
:10A2000002AC25BFF5B034BFFB2BF1BEC1CBA8BE5D
:10A21000DC61A5BE670286BED3DEA0BC61599F3B50
:10A22000278BF13CCA70A0BDB84750BE1BF315BECA
:10A230004023C3BD2F9D7C3DBFFAAF3D65252D3B1F
:10A240003F5A8BBDFCBBAD3D69C346BE2F980A3E4D
:10A2500025D42D3E34D563BEE87E06BD46F0A43C31
:10A26000494279BE5F89F6BE4DCEB1BE011D31BFF8
:10A27000EA15A7BE8EFAAABED7BF5FBDA999CBBC0F
:10A28000DB6179BD0D3A693D0DCED43DB00251BDC3
:10A29000CEA8DB3D8AEBACBCC91D01BECE9CE5BDA2
:10A2A000F734CCBCF5BBF1BC0C917ABD9F7E69BD87
:10A2B000CD42983E77615C3E20920D3C590B6B3D40
:10A2C0000E72173D327B60BE4E948EBD69D3D03D79
:10A2D000C6709CBEFEC487BE60474E3D40DD263E34
:10A2E000F1D4FA3D6B400D3EA8BC3C3E460FA13E6A
:10A2F00076066F3E5D4A423DBD1B073E7BAB9A3DF5
:10A30000616D7C3E14EFAD3C9473A13D4595313DAC
:10A31000819B34BDC7829ABDBE6FEEBDB0E2A73D42
:10A32000AA90AF3E16D4543EB617EB3E17772E3D9B
:10A330005CF1EDBC1DBC80BD03BC073E6003023E6A
:10A34000882A76BE49093BBE1053FB3D1C86B53EAC
:10A350006DD4353EC657553ED34DAD3EC76B263EF8
:10A360009D01463E23DC873EAB5C303DE7F4633E17
:10A37000D29B193EDCD0A93DF9779E3D4BF6B23D0C
:10A38000EE3D2FBD562E183EAF7959BC57A1A33DC7
:10A39000644FD03E92DC053E301BC13C203EBC3DAC
:10A3A000B64E9BBD27766FBDAF742E3EEAB106BE9A
:10A3B000D8A05DBDACD1ED3BA9AB9A3EB8E6723EEC
:10A3C0006C3D203EA186483E63D5633E9E53F83DDA
:10A3D0001D63CA3D2A63023E930BEC3AE5982C3E7E
:10A3E00020284E3D05408F3D4C2682BDCF15043BB5
:10A3F000CC79093D13C7883D94CC103E996D35BC8E
:10A40000701A933E3B50A23E84981F3E845F2C3EC0
:10A410008FF9893D1B6E753D6D84933DBF2989BDC4
:10A420002927B3BDD8F7353D73F7853E7E1A293EFF
:10A430009C12F43D2C02493E589F863E04F5333E63
:10A44000BAE7253E4B7C243EFF9B603EB9B1F43D0C
:10A450003C930B3C471F6EBEF16A323D8931B0BB65
:10A4600033C80ABD81A5DA3DD6FCD63D13BCA03D5C
:10A4700001AE9F3E6BD1DB3EE6D3273EF59F973D75
:10A480006245BEBC91241A3C7D0BAABDB0FAB93D11
:10A49000928B9A3D53DC0ABCD7C9EBBD000B823CC2
:10A4A000BF32D03D6CA30E3E915D04BDD560493DE9
:10A4B0006816333ECF8D253E6F00053E69A0F6BB82
:10A4C00024A284BD5020673EE21C633E1403ED3D90
:10A4D0002931FE3D021D063E2AADCE3D870B7F3E53
:10A4E00087C5B93E2FD1163F28B6F03E975C9A3EFD
:10A4F000CE12BEBC711187BE97B27CBE78D46CBB45
:10A50000ED559FBCE40F65BEF7A003BEE1E9B43B87
:10A5100048C4FA3C32EAF43C8B8D55BCEEBD663D36
:10A52000144EC53DC636443E16DCF73C2CA3993D7F
:10A53000B38EED3D80AD7B3E74983D3EE104443DDD
:10A54000D194DC3D3587B73D5C9AD03D3AFC963ED0
:10A550005964813ED6A60B3FCB851E3E8792C63EF0
:10A56000EF6A52BD6D365CBE19C67EBE5B092B3EDE
:10A57000FD585ABB09A72CBE71490EBDFEFB8D3D8F
:10A580007FF4BABC5DF9B53C7460DB3C4E90A93CED
:10A590004F1FAB3D5DB1183BF62E533EE72BC4BDBC
:10A5A000218B1F3EA7C40F3BDD9054BA1B0BE1BCAF
:10A5B0008997F03CA3F1EF3DB7415D3D27A7543D9E
:10A5C0002B43F23DA791823EC38FC53D64B962BD66
:10A5D000127F803DE67C2A3C539B2FBE738B16BDB9
:10A5E00060B495BC451E79BD1FA906BEC2A03CBE85
:10A5F000AD1A69BB9099D03CFC41A33CBB530FBD45
:10A60000975B84BC0554993DE8320A3D8726CFBD4F
:10A61000A2CF9CBD5339FBBD6DED45BE7DB3EE3B76
:10A62000BDA00CBD2C4A1A3DB5D57DBCCF7E9B3D4F
:10A630000596D7BC080C1CBCF553BB3EF6AD99BDC6
:10A64000AB36133EAFA322BDC6AACFBDC05851BE84
:10A650007ED56FBD82AC1B3E08EB62BE28418EBE2C
:10A66000DB5E21BEAA04EABD59C9393D824C71BDE9
:10A67000458C0FBE0F42313DFA515DBDC56E62BEC5
:10A680003CFA92BDCE3699BEAF2A48BECBD410BE9E
:10A69000B6CB86BD04B52A3E11F3E8BBDD0133BE5F
:10A6A0007AF48BBE69F7F0BD84178EBD24F6BF3CEB
:10A6B0008A55283DD0AF50BDBEAA8B3D074BE2BEA8
:10A6C0007F62A5BE8EB80DBEA362D73DB6E3223D24
:10A6D000814524BE75CEBFBD69D120BEB2DD88BB29
:10A6E0003419443EB566543D85AD9DBD1124D9BD98
:10A6F000B6F0E5BD142922BE1A4C73BEDD3480BE0F
:10A700009B763DBE1B5830BEC19A5BBEA5A8CBBE92
:10A71000AE1503BF98097DBEEF78C53DD3B28F3D1E
:10A7200098669C3C234C16BDCAAF433E15F915BE36
:10A730008AFC19BEF06D02BE42A055BE0EBC36BEEC
:10A74000A1DDA3BD3529DD3D356A83BD705E0A3EBE
:10A75000802EC1BDC29B5D39E332CB3DC77156BE71
:10A760000C47E2BE361E26BE0FEB77BD97ECBABE95
:10A77000F1038ABE9D0D7FBD1C4166BEEB77FBBE1B
:10A78000EF81AD3D7583973D5BD6E43D367D583D09
:10A7900025932FBDC499BCBC51EF85BD9210163EC8
:10A7A0009923833E93E6643E9908543EDFD9AE3E3A
:10A7B0008C2F033E69E1C93D01F671BEFB1C20BD33
:10A7C000525808BDA2EE61BECFD9013E0C7F373E84
:10A7D0000B9A9A3D99A8D1BDEBB25DBE983ABEBE28
:10A7E0006FCA91BE12E092BE13BDAABEF18B1ABE13
:10A7F000139C9C3C5AAE123E5989733DB0467C3C3A
:10A800001D069DBD70EF6CBD4C587BBD82C995BDCA
:10A81000B19A4F3D148015BDE14EDD3D0E77B13E3E
:10A82000EDFB9F3EBCD1433EC7E15D3E8D433CBE48
:10A83000A1FB7BBEBD17B33D690895BDEDE2443C6D
:10A84000FAFC20BEF875D6BDD7C91CBEFE37C7BE00
:10A850005E04D0BEA0AC53BE397C0ABEEC20E4BD81
:10A86000B1521B3C90893ABC8054EF3AC6405D3DE2
:10A8700090EF75BDA44692BCAA4F733D50E792BDC0
:10A880004775FC3C45E4093D67DCDCBC2500EEBBBC
:10A8900068329CBDF33E173D05F5123EE5CE853E80
:10A8A0004B6F203D01AA85BD3022C9BC09861F3DE2
:10A8B000449DCF3B898B153CFEB045BDDE08AEBD47
:10A8C000400E89BD6A79A83B8406313D1EC9263DEC
:10A8D000A46D84BD00D264BCDDBAA63D9649393D65
:10A8E000C819A23C202999BC0285653D645316BD58
:10A8F000805EF73A5AA2703D0E8A7CBD5E79DABC62
:10A9000023CB24BDAE01453DAEE104BD266C5C3DCC
:10A9100039C11CBCF4D8293D87BB043DBECB433CA8
:10A92000A43C9A3C90EF39BC0047E7398077F4BAF1
:10A9300084CEE4BC9035223DC3EBA13DD66C733D83
:10A94000C005A0BC229171BD62B288BDF0161FBCCB
:10A9500046DC443DC343A9BDDCB70F3DB1ABA3BD4D
:10A960009E6CB6BDFE4AC1BCC4E1B8BD8ECB23BD52
:10A97000A50503BE4170CEBB5AA30FBD479DB23A99
:10A980004F4695BE6C979EBEF95807BE5D802EBEA1
:10A99000994406BE427272BE9F061FBECF10B8BE5B
:10A9A000DB64F9BE745F3ABE9FCF1DBE62FA0DBE76
:10A9B000D2BED5BC0D7E803D088F7C3CE4C074BD0A
:10A9C000F08A5FBD05F207BD7F5C7A3B636B53BEC7
:10A9D000543B56BE28ED5FBE299000BE9B8610BE3C
:10A9E000828966BE1E0E7CBD6665D6BD1040B6BEB1
:10A9F0000AB8DABD860827BD37A310BE267EF6BD8D
:10AA000031EDF3BCDC24493E9699233E62D10CBE65
:10AA1000F3DBC0BD8402D6BD28C259BEA2651CBEF0
:10AA2000537A1DBEDA588DBC31E19F3D1357AA3DC4
:10AA300098C2AD3CA915A93D4EC8BBBD4876FBBD2B
:10AA4000185054BE2480D7BD55288CBEED7B20BE47
:10AA50003F5D37BE9A8584BE27259EBEEE627CBED2
:10AA60004EA084BCB1294CBE7E4D30BEF35C6EBDA1
:10AA70004EC1B8BD08BB42BE2CAF78BD8A4C873CE6
:10AA80009FC118BE7BB9FD3D319B223DB4640FBE12
:10AA90009B5DEDBDB9B0233E990B9E3D002054BC9B
:10AAA000E0C1DCBBF14D09BD149875BEEF0357BE84
:10AAB0007F0702BE0E8806BE8359C2BDDC1BF1BDF6
:10AAC0005962F3BDD4D16EBDB5DD05BE79F940BE86
:10AAD0007D00B73DEA7CC03CF4E0463D81A32FBB3E
:10AAE0006C42BCBD591FAB3B98A4743D5071E7BD8F
:10AAF00037CB313CB095863E8238293EE1A0303ECE
:10AB00001DFC9D3E44638C3EEE329CBDE5D587BD69
:10AB1000EFBB99BDC0DBF43C0AF7E6BDD8705EBE62
:10AB2000AF4426BE403606BE773056BE2F6581BE86
:10AB300014B0D9BDC556E4BD569606BDD3F092BD3E
:10AB40001241C53C63E9633D8CD820BD86EDFFBD55
:10AB50008C9A2B3D6DB29F3DD58C183EBD13AB3DFD
:10AB600042A1143E0CEABE3C56C5FE3DB600173E5F
:10AB70000EB9FD3D5E59403D71FB0ABEA6F4A0BD75
:10AB800043268B3D416C7EBD20EF55BC590796BCDA
:10AB9000F7B055BDE463E4BC611183BE9B62D3BCD6
:10ABA000D7581ABEE7D752BD7C2255BE08590FBDF3
:10ABB00012FBE3BB6866A0BD7E41C8BC31A5633D06
:10ABC0006AD8153DFCC468BB58381F3E3F82533ECF
:10ABD000B506693EF8B6553D9600923D0008003E28
:10ABE000E58CBB3CA3EDF0BCD463963ED1CDBDBBA0
:10ABF000741F433D35AC2BBE6270AD3DC722B83DDE
:10AC0000FAF799BD7E12613E9CFA05BE3304503CB2
:10AC1000DBFA11BE9A6834BE023507BD88FC9DBCC4
:10AC20007096163D350CB73D6415183D053BDD3C6F
:10AC300063E5243DEB4FB8BC92EBD1BD2F95D53DDC
:10AC4000F6E5A53DD595323E1CDF183D272C7FBD8E
:10AC5000B9BFCDBD975C3FBE161A763E7DF3583D19
:10AC6000A2838BBC92DB2EBEDD2E1A3EF118BD3BBB
:10AC7000F7FAE9BAD41AF33D914740BD6ABDB2BDB7
:10AC8000AFC4F4BDA77AC1BDC4375EBE6F8F2C3E82
:10AC90009A33BC3D9CF4583D95F5E43DCBFD313BEA
:10ACA0002A180DBE3AEB1FBD3375223DF2BE023E9F
:10ACB000F900173E1C45C23D8C0552393AE5E93D85
:10ACC00024EA563D446E8C3E50EB183E95E31DBD84
:10ACD000F130513C82F546BEA400AABD5CBF0EBE59
:10ACE000B2A268BE41D59A3DF730B3BD941A16BEE4
:10ACF000395140BE5BB6E7BD2FEC2EBEF132E03CD1
:10AD000068BB173EE1BF9C3BE336C5BB878CC5BD26
:10AD1000DF0515BE3E521CBE5C82583D1ABB1CBDF1
:10AD200054EC1A3E07AF593E076F963DC31D9CBDBC
:10AD30001DA595B90D235B3ED616BA3EAB9D7DBDD4
:10AD40007E398DBDF5E6DFBCA8F0AEBE53D087BE20
:10AD5000D4B066BEECBCF3BC66892BBEC1956CBE9C
:10AD600079744CBDC32A82BC8D559F3C00D5DD3C17
:10AD700052EBDA3DF42951BD3E0B1ABE97ABD7BD5D
:10AD80006C8A9BBE6C7CC0BD03C342BD0EFB8D3D77
:10AD90002807FBBD3E25D53D03CAFEBD4D1A48BE62
:10ADA000C3F8DCBCE33DEABCAB46A33EA84035BDDE
:10ADB000FE6C91BDAEAD4B3BA7F580BEFC3AA8BD85
:10ADC0002320DBBD6041D33D5E4A21BCAF16D5BD1B
:10ADD000825F883CDA3DDCBDB782823DAF80823D38
:10ADE0003E54DF3D9E6A30BE947145BEA9FCB9BD9C
:10ADF000557CC6BD476B39BE65750BBE7DB004BDC5
:10AE000057B600BE231D17BE2AC43BBE88B982BEFA
:10AE1000F6AFF8BEA1D313BEA3888A3E98BD66BE26
:10AE2000752F18BC0BFCCBBCFB3D8EBD4543F33DE1
:10AE3000871089BDB2021D3E62DC65BCDF6FB9BC04
:10AE40001CA21F3D6768BCBC537F963C91DB28BDAC
:10AE50004750843C13137E3D8D311ABE14BB1FBE78
:10AE60001660243DA125ABBDE086D03C6CFEB03D14
:10AE70007C729A3C076C8DBD2F5407BEB16EB7BE75
:10AE80000DF7CFBEAB7786BEC0231BBCC58446BEC4
:10AE900031A056BD2CAD5A3D332306BEE174293D89
:10AEA0000F6216BEF0DE333E831715BEE2FF113D82
:10AEB000999A873DD1B53A3DBC1106BC0E80BA3B8C
:10AEC000312F303D3593F7BD48343FBEAE2E803D27
:10AED000F03B78BD4BF7003E88107B3D073DE7BD5A
:10AEE0004B70193E9A3EAE3CB99292BC5A812DBE2F
:10AEF000E42FC1BD5C858CBDFD6C28BDFAB17DBD64
:10AF00000DC6F13D052AC83C051F24BE188531BC7D
:10AF1000513A7D3E19C0BE3DAD8904BD2AA9823D8E
:10AF2000DFAD243D3239303D579CCEBDF378E1BDD5
:10AF30001F6D433D06284E3CDF5CE63D773ED43D29
:10AF4000F9B43A3ED691193EA2CFE93C6901943C4E
:10AF5000012E09BCEE0417BED7F1FCBCB229EABC35
:10AF6000395C2B3EBF2AD53DB16A863D28A1ECBD98
:10AF70006160B43DEE933EBEB7099FBC20359C3E58
:10AF8000FD5B243EEFDF4ABCB9DC053E310FD63C09
:10AF9000FBBD4A3D10750EBD1B3F9FBD9E08E5BD24
:10AFA000D07ECABC0B310BBD6728ADBC26F3163E64
:10AFB000CDA6403E9D068A3DA9FBC7BDE5347C3B3E
:10AFC00013F01FBEE9C54EBE6E0337BE432CCABD8B
:10AFD000D7FC4E3E5C4FC73DB935523DF131BC3DCB
:10AFE00078B622BEE13411BE672E1CBE9378613D57
:10AFF0005833943DF37D303EA8196F3E671DD63D12
:10B00000FBCEF63DCD3DB8BD74A405BE5C2F00BEA1
:10B01000E9364EBD3C8D27BCEDA4A53B152A743EF8
:10B020002227543EFEDE0D3EA35765BCFB98DB3D58
:10B030006047823D524774BCE77DB8BDC71A0BBE5E
:10B04000F2872EBD2B8E053D72F1253E1FF3453E46
:10B05000907917BD86C863BEB167963DBFE0F03DED
:10B0600053F1793EB5EE5F3E07AD583E3AE5373EC7
:10B070000D621B3D576CE33D83BD1B3DA505803B29
:10B0800030DCB3BDADC4A13DB09CE33D2ECC043E4D
:10B09000FEE9363E1590633D4438803EBA3D193D89
:10B0A0007DB6C23DD5A4173DEAE4A7BD69BE0FBE7B
:10B0B000648104BEA4CE2E3E2412123ECB20A7BD36
:10B0C000AC7CA1BEDD0202BDA8CB35BD4309983CD6
:10B0D000FA98353E397D4F3E83D21A3ECE7C753D7F
:10B0E000841DD5BD25E7A2BDD3355CBCD9C8B23D12
:10B0F0008E0BED3D9F0D4B3ECE34543E255F6C3D97
:10B100002789CC3D3E9DE5BC8806E83D00AB8F3BE2
:10B11000F75F4F3C2CF1013DC870EABD3F433D3D18
:10B1200045E75C3E835CCB3D9DB00F3DE13E7A3E02
:10B130008A722D3DFA81B5BD5EBD15BECB0A8EBDAE
:10B14000024FF73D0E94093E6CCFC23DD265BBBCA9
:10B15000FEFD04BE40042CBE5C7FE9BDC013BEBD35
:10B160005F9D9EBC61A5543E37383C3E1057433E20
:10B170002DB6BD3D288122BDE4DB0F3D084A5B3D75
:10B18000E3541FBD80DF7C3D9770D9BDBCA5B53DA4
:10B190008DA0C83D4D6BAF3D51AD4E3EFEF450BD50
:10B1A0002058273D24AA42BC5A27463E0345ADBC41
:10B1B000905628BD80293A3ED6B6773DF97566BDD2
:10B1C000F7F9233C7C6DC1BDC2EE6DBE4B1486BE4B
:10B1D000B85F16BECCBF18BD437CECBD7380123E79
:10B1E0008462823E3DBCC53D8F391E3EAE4D803DE2
:10B1F000A3EE853D3BF43CBC0EB3843D0E79983DF7
:10B2000083780DBE3CAB51BEE155423DAC7F45BDA0
:10B21000E7B3593D7F1B6ABD95BA163E3E8435BEE5
:10B2200063FD3E3D62AFD63D180C74BDD4D1DFBB8B
:10B2300056FD9E3B849C7ABD318659BE28BFE7BD32
:10B24000434C23BE3A68B43AF05BA53CA221D0BC83
:10B250009D64073ED05B423ECC4CC43D06FFD23DD0
:10B26000ADE52D3E5CF67E3E7890723DC03A543E90
:10B270004272353EFE5C153DE398B6BE4E1E053D5E
:10B2800014FC4EBDEA86F5BC8F5FEA3DC5B1583E61
:10B290006C3BFD3D56C508BD68489EBC98ECA23D80
:10B2A000711CE53CECA295BDA2A93FBE9345443D6F
:10B2B0008FC986BC2383B9BC647307BDCAB68BBD76
:10B2C0002E2A893D19862A3D56BE8CBC5D19083D43
:10B2D0000D97033ECE395D3E02E15F3EBAA6BC3E0D
:10B2E0003100B93E0F531A3ED515CA3D1F3D1ABD58
:10B2F000A858E8BC2E6C743D8EC840BC42D42E3E8B
:10B300008E509F3E66BF033EDC74EA3D265D0A3DDB
:10B31000C208303ED002D03C19A5D53D3812033DBD
:10B32000B0D35F3DB9F3A0BCFECB3DBDAF88113DAE
:10B330004ED7E83D4BB583BDE95E5BBD0F9BF43D49
:10B340007F6BE63DE32CCA3E96101E3E037D373EE2
:10B35000835BE63DDFE6693E8ED9C93E304F88BD4E
:10B36000887C5B3CEA4C7E3DD8F323BCDC148ABE6F
:10B3700081D268BE27CD26BE247A313EE47A033ED0
:10B380003397083E6974043E5C89ADBD27D8213DE2
:10B3900078D0D5BC0CEA363DCF15383DC0F3153D0D
:10B3A000CCC22CBCA7F01BBE3A1B18BCCCF8573E35
:10B3B000C30A9F3D0F07513DA1A4933D991EAF3D88
:10B3C00000630F3EF30DC03D2ED56CBC4E977D3D06
:10B3D0001B0F963DE9FB983D94859A3DC1808D3DBC
:10B3E0000D318ABEFA68DFBE9EF3CA3D08C602BDB3
:10B3F000477725BEF3B331BEA64D82BD9920FABD75
:10B40000C13B1DBE670898BDBA539E3C2E6F333EAC
:10B41000AAF316BD446C203EA389093EA25E4CBE31
:10B420002710BFBCD70F853DB43D013E99F1113DBA
:10B430009EC9ECBCA59C1DBC99B1B93B881F4C3C76
:10B44000D0BBA5BD144D59BD88A11BBC0AAA0DBD1A
:10B45000124EBDBD7A3843BD1DF1F1BD9725A2BE88
:10B46000A237BFBD4F89B7BE6BE819BFBC59C3BE79
:10B47000CCFD9BBD90CE9CBE57DBADBE82421BBEB9
:10B480005857C1BEC8D6CCBE8D2D28BECFD0CCBE9D
:10B49000DE2197BE05931DBA086C6DBE667CED3D3E
:10B4A0003A3786BDA09B353C9AD7F7BC1456DF3C93
:10B4B0007EFD6DBD23AD0FBDAE376E3DE047083C50
:10B4C00005D514BD9F65E83CE298C5BDCCCB18BE40
:10B4D000717736BE93EBBFBD898E66BE14ADC0BD1D
:10B4E0002DA494BEE25B84BE051FB9BE5A3F2ABE9E
:10B4F000085591BE4D1FA9BEB6AD04BEE9270CBECE
:10B500002B6817BE9ED820BEDE812DBEBE7954BEEC
:10B51000AA703E3DF18C1CBD0047913915EE823D6D
:10B52000C102A33D740DCEBC00E889B9471B9D3D07
:10B53000D000E4BB20A3EABBE9D38BBD6E8273BD10
:10B54000D923873DA2E2323DDB0EA33D9A4D73BD68
:10B55000B51A1E3D0936BABD3210F23B06149BBD2A
:10B5600020718EBDFE63CBBC00C0BD3A30DA13BC87
:10B57000BC3CBC3CCE01683DFC17F13CA62461BD3F
:10B58000ABC48F3DCA4C7E3D2A4C763D1C6AC73CFD
:10B59000BA1B5B3DD4B635BD9E2F94BDD1C98D3D40
:10B5A0005A7D2A3C8FAE03BD76C10DBD3DA82CBE91
:10B5B000CA9F64BD64129EBC041578BD5E8702BE3E
:10B5C0006F3437BEE0FFD4BD1EDD69BB0AEA2ABE78
:10B5D00049F5C4BD6A7C19BEE48F86BC218C77BC5A
:10B5E000884150BE27C254BD9A9000BE94F0AFBDB2
:10B5F000F8E3FD3C9EBE20BDBEBC123D72FD523D37
:10B600001D4C903DCA57203D2468303D5E349DBDA1
:10B610005100963B85FAE8BDF740EEBD97D610BEC7
:10B62000901C69BD8F5242BE2E535CBE121BF8BEE9
:10B630002229EFBE17EE14BF3EDCDBBE950F9ABD8C
:10B64000F031D3BD67D13BBD51C9B8BDD3A7DB3BFA
:10B650001714883DE5ACC1BCFC3685BD246175BDC1
:10B660003674963C4FC8713D7AE02C3DBF0BA63D29
:10B670009FFA89BDAD5E05BD1CB805BDE2445B3CCB
:10B68000DBCC7EBD6805E63DA1505BBD3E97663CC8
:10B690002418F0BB5A75BBBE449705BF8E08BABECE
:10B6A000F0AD52BE12DD8EBD7D7C7FBDEE9808BE32
:10B6B000F682ADBE6671BFBED5B8C3BE640FDFBD36
:10B6C0008FB228BD75EA41BEC7A226BE2A581FBC4C
:10B6D0005147A0BDEE9BB7BC380BD43C0C0CBD3C15
:10B6E000F8E39ABD4406C93D2A0F613C30276D3E00
:10B6F000EEF2B73DAC3D86BD765EF9BDCECEFABC6E
:10B70000A0EF6CBEAFFE87BEAA2CC8BD8583E4BC8B
:10B71000684DAFBDB19EBCBD0F489DBDDB0792BD5E
:10B72000F0D624BEDFB48BBC53B5193EE21F75BD05
:10B7300091E616BE24070EBEA6EA02BDB68E85BDF2
:10B74000B2820A3DAAE5533E0CCA803E202F3CBC83
:10B7500028AC703C0048E339494B35BDA658093B3D
:10B760000AD416BD6AA1EFBD3845E7BCAE730F3EE3
:10B7700057351C3DF96889BDCA1280BAE5F2E73D2C
:10B7800058E6803DAFCB0ABD9F52E03D466ECB3BB5
:10B790007D12953DC5EC4D3EF29F503B41D060BEC1
:10B7A000D22D37BE8598B4BE44E580BECDA20FBE73
:10B7B000CFFAF7BDB35F6E3D056340BE5A75C03D1D
:10B7C000208194BD5C01613D3BBDB2BBF264AE3CE7
:10B7D00046B8CA3D4B55273DC2EE553EADCDBF3DA7
:10B7E000A6E46B3D2C67273E6F2CDA3D6AFF373E9F
:10B7F0001221D53DC339393EE34FFA3DDF1BC23D2F
:10B80000296FF53DDD4CDE3D4282383AA421243BD0
:10B8100052B6183D4EBE0FBED8835CBEB7B201BD56
:10B82000E380CC3D1715EDBD1148053E1DEDB4BDBF
:10B83000FE53963DD587583EF1F2363E6395133E52
:10B840000F3BEA3D5D5E85BD763FD23DDFF30D3DAA
:10B85000F19E2C3E0A389F3DE0D9563DBAF8B93DDD
:10B8600047EB253E4848273E5C25B1BDBC68613C9E
:10B87000F0DD2D3D8D32313E15B0EB3D5060DF3DAA
:10B880000D1B613DB42413BE05E61DBEF1290B3D21
:10B89000C85D4B3EE79AC53DC990A7BB618D65BDAC
:10B8A000B4F8123D4516D63D6384B03EF32E293ED2
:10B8B000A008023E6D6EB6BC80F0F43CE99F893D65
:10B8C00018AA5D3ED2E2673E4DDFF13DADEED63DBA
:10B8D0001F52F23DFB81B43B98A8253CEA8E52BD35
:10B8E00078FB933C23045E3CB5E9CD3D85E311BE76
:10B8F0005A333BBDB264373D9F5DC03D1DC448BE59
:10B90000F4F844BD54304F3E66F555BE6CB03FBEB2
:10B91000AD8376BD084F6D3D6A222D3E416B7A3D69
:10B920002B83BFBCE98657BDDA1A133EE20D203ED9
:10B9300012B4543EA6C93B3EC832F9BDCBAD0CBCD7
:10B940009190443C068DA6BD96438D3D29D7E13D9F
:10B950005B28183E3C4F8F3D8703DF3C4877E03A39
:10B96000BD535F3E7FE80A3E8BED853E6399043E02
:10B970007E4A0EBE3011493D381CF83D12E75F3E4D
:10B980006A09833D9484E1BCBD381BBD822E293EEB
:10B99000A3EE9D3CFA9E1F3DFF21103EB97F9C3DCA
:10B9A0005C4BD33DB6CF9F3CECCD06BE0E6DCABD01
:10B9B000DE212CBE5F01BFBE0ACBEE3BAF8E3FBC8B
:10B9C00031BDAB3BD366863DAB5854BCDCC63BBDFA
:10B9D0007113943EA79AF03D4287173E1C77A33D12
:10B9E000F7ED9FBDCF77FDBCA569923D8D35973EA4
:10B9F0005D4402BC4FC0463DCF64E83D515AB83E5D
:10BA00009CC60DBBF7F27D3E7FB28E3DF928113EFC
:10BA100000E79A3DBEAE213EE62BCBBD810308BEBA
:10BA20009659A2BE64BACDBE7B9338BE9F59C1BDA4
:10BA3000F80289BD92DC88BD560699BD37780B3B6C
:10BA4000392FFD3D20D87E3D50B54B3E737E2F3DB6
:10BA5000F9E2B5BE98E90CBE6466C1BC00A6C5BBE0
:10BA60005400C13D0C5C213E19803B3E0310C23D99
:10BA7000E527F53C42BC643E4F861C3D964848BDD8
:10BA80008F0D34BEABF7CEBDE133CDBCCB8DC9BC81
:10BA90000D0438BE5EDCCDBD0D846DBD168160BD6C
:10BAA0009A42CABA6199F3BD2000273D5DEAE23DA2
:10BAB000CD33043E3748433EB9159C3DC039DC3D8B
:10BAC00098E53FBDB2FC803EB3715DBE404FFCBD0A
:10BAD0002783FEBDBFC48E3D2D3C983C31C4DD3D67
:10BAE000CE2B773D0D70123E6F319CBC42CB36BEE3
:10BAF000AF9229BD791A46BEF6F9103E1008CC3D2A
:10BB0000C8538B3DCB14163E435C9F3DA0288FBC91
:10BB1000DB7A0FBD98BA363D9FA2263EDE3C0B3E37
:10BB2000454F3D3EB4280C3E954C62BEA91EA7BEB3
:10BB30007C7EBFBEBE9B80BD20733ABEE9B8E7BD28
:10BB4000A2A945BEF306063EA473A43D85F090BDB0
:10BB50000C735CBD3550E83D071FAEBDAEBF12BED5
:10BB6000AA3E3D3CA1101C3E71B87D3D7631983E09
:10BB7000D2D3D03EEA398E3EB657223EC1068A3D28
:10BB800030A716BDC2F6C63DB82C723DD6FD7C3D31
:10BB90002B0178BDE88D8CBD10C5B1BEE3D2A7BE28
:10BBA000B09686BED2F44CBE807BBABE9DB251BC6C
:10BBB0005C15FFBDC39BC03DF013A03D14FC4E3E81
:10BBC00020D5C1BDFC13DEBC25633CBEFECD8ABDC5
:10BBD00011DDCBBDACDB253D27ACFB3DFAB0253EEE
:10BBE000AC3A9A3EB2EF213E46210C3E11ECA83E03
:10BBF00017DD183D1013613EF3E67ABD7E461E3C0C
:10BC000037B0ABBDE1A9203D6F3369BDFDFBA53D5C
:10BC10004F87C9BDA5B2C0BEB05B9D3E893939BE54
:10BC20008B18F13CB513503EF1E99FBD57A6393B47
:10BC3000B2DD5EBE234820BE45F339BEE5CE63BD0E
:10BC4000BB544F3C06452A3D0879743D2D4C133EAC
:10BC5000F9A6993E7DBDB63EF5FA003E8BEF2E3E2D
:10BC600097CE8A3DA4BA323E8A7C093ED245B43C86
:10BC700015784E3C1EC616BCC86A0ABE313FC2BD0E
:10BC8000B7FF52BD2507F7BEC12142BEDFAD06BEDC
:10BC9000FD3B71BD7FCDED3DA703883E5664C3BC1F
:10BCA000D8C588BD997D4FBE2AAC37BE7491C2BB42
:10BCB000E22C73BE84483DBE911976BE8094833CCD
:10BCC0004E679C3B2D029D3E13B59D3D0E39803C39
:10BCD0002AD20E3C4084BB3D6C031E3D3239AFBDC1
:10BCE000D6045FBEC8F4AB3D51B339BEA9B1143D13
:10BCF000578F573C74180BBEC6DEB53D8F625DBED4
:10BD00006527ACBE7B3FA43DE6FC933E1BCEDB3CEF
:10BD100041FCE1BD9AAF73BEF88AB3BE9B71D4BE3D
:10BD2000B4B7C9BEE0EB39BEC388F4BD6DF075BDD4
:10BD300073E74B3D0B3444BDB4D836BE5787F2BDD4
:10BD400018ADDB3D814BA33D21A90CBE7D3F43BE19
:10BD5000D8596FBDE060FCBCC0544EBEE3EE6DBE72
:10BD600042FCE2BED19E5ABE9788CE3EFE44A7BE9C
:10BD700000C448BC216DC63DE3D3493E900294BD4A
:10BD8000EF428BBC57F7EEBDE33F06BF91C8D8BE6C
:10BD90000EEAD1BEB4EA18BEA8C321BE87099FBE71
:10BDA000A8FF81BE9E015EBEBB0D3CBE1E6D39BEAE
:10BDB0004FBCE13D7FBEF2BCEE0E4DBD76AF0EBE78
:10BDC0009352CC3D98DAF73CAAC369BEB7BBAEBE6E
:10BDD000454A0DBFF974E9BEB1F74DBC758549BE42
:10BDE00020A888BB2EFC103C178DE73E98F66E3CD1
:10BDF0005175E23D75CE9DBD404467BE9809AABD10
:10BE0000EAD3D6BECBDE2FBEDD20A1BEFB78A6BE18
:10BE10007392CDBE8D2A1BBEA3A6A9BDBDAD86BDA6
:10BE20009CC5643D43EBB93D28F6063D2A11BBBDD8
:10BE300074511DBAF1E5FC3D5274263B75E0FBBD23
:10BE400000E91DBFF621EEBE34B62ABD4693923DF1
:10BE500086A475BC8E8C4E3EFE9CC13E97F1793E09
:10BE60007A34B63EAC0E3ABC5554E53DA77FBE3D94
:10BE7000D90F0FBEF17E8ABEEEB9A9BDB4643EBE35
:10BE80007264CABD28624BBE1CF65BBDD56802BC9D
:10BE9000F778E63D48383CBCF13067BDE2723BBE06
:10BEA0008F6104BE9DDF1DBDDF2283BDC4E420BEC3
:10BEB000D6AEB9BEE1D86CBE171895BE83A440BDFE
:10BEC00054F323BDCD963E3DC3AE5D3ED1C02D3E65
:10BED00032E9B03E31EA983E332A833E66C9543E89
:10BEE00009A7AE3D19BE24BEA865DEBB95EEAFBD69
:10BEF000682EDFBDFF46FCBD531AA2BD91E3283D6D
:10BF000096161B3D39C408BEF89E34BEA0C9CCBBF2
:10BF100000DD0BBE36EA47BC92C1043A1F9780BED3
:10BF2000B1562E3D2B000F3D306B063E5690403DE6
:10BF3000F2228ABD90948ABD295EF23DD2D0423E63
:10BF4000FC85983E556FC33E5506CB3E289E8F3EDE
:10BF500067FC993D1D3E1D3D5B1A24BDFC296B3CD1
:10BF6000A32012BEA9E54BBC05A8A43D47F842BDDD
:10BF700076EF2DBE93C02FBEAA8B123D7D87BABD32
:10BF8000DE044ABEEC66F0BD8C090CBE89ABD2BDA6
:10BF90001409DB3A9DE1AB3DD9B6AB3D70847ABC68
:10BFA0009EE0A1BD8182893D8471253DAFC7BB3E26
:10BFB0007F595B3E8F29B13D253C893E85B38D3E3F
:10BFC000097E953DCB87493C3D8AE63D628B7B3DB2
:10BFD000912D2FBCB3B28D3D5CE6263E810E963D81
:10BFE000799E0ABD578F7EBDBEAA27BEB5215DBD15
:10BFF000B99E2F3D64344A3CF8CC8ABDFAB71DBEC9
:10C00000A6F5E3BE7E277FBEBD4F3FBECCB493BC3A
:10C01000998D06BDA076EC3CE3F8063DC76A26BEC6
:10C020008046D03D95DD9B3E138FF6BDB0EAAABC9D
:10C030001AA358BC94AF8BBD432C983E2B18693E75
:10C04000A299B23DBBF7563E6CE5D13D22CEB93D3B
:10C050000FD7523D52F0DFBD17E72A3E1C11703E4C
:10C0600013761C3D5F4BD5BD87669FBE3E1E88BEC6
:10C07000092284BE0C9B0FBE77A8D8BD32B0BEBCCF
:10C08000BED7263D8075A7BC44C78FBDD6B5D8BDE9
:10C090006AA693BEA73B67BE82FCC9BC392C113D82
:10C0A000CAAF153E0688CC3C56AA2C3E41A87F3E1E
:10C0B00065C51A3E37DBA23EF2CAD0BC007F06BE81
:10C0C000F212F33C71579EBD488CB0BD2F7063BE19
:10C0D000B5AAFFBE84078EBE42C6F1BD062C3E3E09
:10C0E000177043BBD62B853DF815F1BC39165EBDE4
:10C0F0000CDFEABC5079A3BCCA623E3DF806F33CB3
:10C10000EC76123D8FEFEC3C3FA639BE9D70D4BD5E
:10C1100077B515BEDDC233BCFD80DDBD8CFF28BE0A
:10C12000D67B42BE9E5F07BE7A2910BE3B51EEBB56
:10C130000CD170BDA4B0DBBDEBBB8BBE53EB6EBEB0
:10C14000E2A181BD6748B2BC89CF62BE8BFA2CBC2C
:10C150007CC5AC3C6E12DDBCEA82A3BD317AA2BDC7
:10C16000E05C3DBD0C09CFBC60731D3D67598F3D40
:10C1700001A68B3D002BF83A9E390E3D5AD53DBDA8
:10C180000803D03C35C2A83D73879BBD2BCC21BD95
:10C19000BD8494BC61492B3DDE1F2A3DB2490FBDD1
:10C1A0008151A13D4E217C3D108E963B40C5EFBC98
:10C1B000DC7DA5BDF683B2BCAAB8293D100133BD14
:10C1C00028DE3D3C6A4B59BDD8C3AC3C58C3333C18
:10C1D0001ED3DABC12E4693D609442BB9E2575BD56
:10C1E00015ABAC3DF7758EBC7961D03D7FF8DC3D79
:10C1F0004AD01BBC0430103DF800E93C00376C3DD0
:10C200000A87E23D82399A3DB1DC923E645B913E01
:10C210009CFEB13DEFD4053DD7732E3E4DCA0D3D7A
:10C22000FF556D3D4209413D47AAA8BC04EEB53D0E
:10C230006027DE3C40B14E3B8388A8BD4E058FBDD4
:10C24000EC3B863C82C26D3D096EF3BBDDCA113DFD
:10C250001ACBA23DBDD4C1BB77279BBD4EF8943C01
:10C2600055E238BDFF4BBEBDFEE1EEBCC6D4893EF3
:10C270006EF48B3D0481193EE062AABD196F7A3ECF
:10C28000DE34983E0829723E1EA9C23E399A953E78
:10C29000334D713E71DE053EAD9AC43D68CDCDBCD7
:10C2A00076A7FB39963FBFBD01763DBDC0CC25BC0E
:10C2B000643578BD60E5083B3030413CA510AC3DAD
:10C2C000F19B183E5314993D2EA30F3C60E8403E6D
:10C2D000C64D6A3EE88FCCBD3936C1BC9D4BEABB2A
:10C2E0005B13703DDF1E433EC40739BDE30B873D42
:10C2F000DFEF1F3E27E4233E02BFC33D1DC4BF3D09
:10C300001D79663E95130DBDB27F08BD3777E23DBE
:10C31000CE653C3E6D714ABE35B314BE2632403DFB
:10C320002C323EBD966CB03C10CE8D3EDF14713E7B
:10C33000D1FE783E228C2E3EEE9907BEEA1A8B3D46
:10C34000F04AA63EB07A433EEE234B3ECFF41F3E6A
:10C35000E49D9C3C6D0631BCF8DA30BEA48A6A3D8F
:10C36000AE13473EE3C24A3CCAA7C93A17E7003EAC
:10C370004E02683CA99B6EBE4BC037BE4B636ABE83
:10C38000CFC3A8BE7F49CFBDD31A863DD89C5B3DA5
:10C39000A95A9A3DD0E3A3BB4DD5473E75E5A73ECC
:10C3A000D836AA3E2425E4BB9FE15B3D026C313EBA
:10C3B0004E792BBDEF2531BDB0CC663C3011BF3D71
:10C3C0002E9E37BDE80BC5BD9532ECBC18E8933DF9
:10C3D00047DBE6BCE717993BE1C1B93D95C4083E90
:10C3E00056554CBB6A4E95BD804784BCA4BB623B8E
:10C3F000802A51BCD71665BEEB7A383DC18748BE4E
:10C400007509A93DEB32E43D4F9504BE1937693EED
:10C41000D0BBC53CE42E64BE19F1DF3D28A0893DA8
:10C42000254B0CBEF4ED6DBDF6AE6C3E3E2D3E3D93
:10C43000699B943DFB23C23D297F243DC84E1F3E8E
:10C440009EB6D93D680790BCBC741C3ED1DB3E3D16
:10C45000E0F087BC31B47ABED026DDBD835A153DED
:10C460002900A33CC8773EBEC46A04BEA88F3BBC6B
:10C47000E6455D3DEBB32DBD5AEDA0BED175A03DA7
:10C480003E8C003CD9F861BDCAF0033EF2B9C5BC90
:10C490006C9E023DDC5310BD34FB983D1056663D4A
:10C4A0006CBC193E9B99D43D7040433EB4B8363EB7
:10C4B0009D3C9E3D8C07FD3C6995F73D741AC53D3A
:10C4C000A75230BE19B55BBE3AF345BE9A9EABBDCE
:10C4D000094429BE788F9EBEC70804BE50F0A6BD91
:10C4E000E1A2773CAD53ACBD2123AABE0056153E58
:10C4F000E96231BDA0C6E5BD23807CBBF4C741BC69
:10C50000DDEE89BD57574CBD15D6CE3DDC72C83B1C
:10C510006544503EB0C4423E0AD63B3E4C58943D22
:10C52000938EDC3DB811F63DCFE11DBD3735BABC69
:10C53000BB5B90BD8F7C95BC67D6193E023A2FBE7F
:10C5400048143FBE081F51BEF501D53D6B58CABC0B
:10C55000A7481EBD954288BDBA614FBDA00F3ABD28
:10C56000200D4ABE959782BDCA07A33D8CBCB23D43
:10C570008056F03D1E14473E50EF383EA435E63D50
:10C58000F314CA3C2EAC083EDADFAEBCE6A1D3BB46
:10C590009BA0FF3DD1390B3DAB3D20BE6B8502BC5E
:10C5A000D677AFBD7E787BBD531F2CBE080E323AC6
:10C5B000F55A2DBE0B6710BE8AECC8BE1D3FBCBE2F
:10C5C0009B8AB1BD9E1841BE9AC812BE0B95773E9C
:10C5D0004CD982BE6351B3BDD226A6BCCF6DF03D0F
:10C5E000CDB887BC4D2481BCFCDA2F3E5A4F50BDDC
:10C5F000EA17C73CAB35CE3D587D153E4A13EC3D9E
:10C6000055A01F3D8757C9BD641D9ABDE51C96BD49
:10C610006909D73B7F03EFBCAA35373C2FF5EA3DCC
:10C620005EA844BE47A250BE34D0B9BEE42DB8BE09
:10C6300092448FBC389428BDA77FC3BE06C7B33CC5
:10C64000B684A53D620B87BD2328DABD4EF3F33BCC
:10C65000AE8B88BC2F2402BE471AA7BD719505BEBC
:10C66000620946BEFFEA1D3BE481FF3D7F061C3D9B
:10C6700082BF32BE8D0D89BD9DEECB3CF5C865BD38
:10C68000ABAEE7BCD08E263CB3B3AFBDD4A6B93DAC
:10C69000A0D8F23D74DFD23D7E2CB0BC4E46793D31
:10C6A000A86C22BE0F1916BE71D55EBE88C65C3E50
:10C6B0004ECD4E3E7B390FBDB3C8323CC82413BEAD
:10C6C000BEF0DEBD2E3700BD3D83B1BDDCC90BBE63
:10C6D00070C29A3B1DF17B3C49802A3E7F083FBED9
:10C6E000728B39BE3F2B193D8A6681BCF98B3FBDE9
:10C6F00050DF43BE4D0C45BDE874BEBDC41A5E3D5F
:10C700007BA93D3D9FC309BD342D96BE4374C7BB75
:10C71000FA62873DAF9563BDC98B66BEC6076B3EA7
:10C720004825DF3D68FA36BEAEC0F33D58CC75BD36
:10C7300027EA983D7B62963B72B18FBE1A66ECBDCC
:10C74000DB38C4BD65C9DABCB1B420BD6E24C2BD3E
:10C750004B26AABD246493BD00BF1C3D669EAD3D23
:10C76000298F9CBD3266D1BDA5EB77BD093066BD72
:10C770007D7CA2BD177F93BC75A875BE5A8CAABDDF
:10C780003EA893BDAC839ABC6EA043BE64FC6B3DD7
:10C790003B7537BE036E0CBEE497E8BB10FBBBBD18
:10C7A00036F0B13CB768003ED16370BDA62F53BDD3
:10C7B000692ABD3D195B003EB890DBBC5CA81B3DFF
:10C7C000CAEE15BE6E5104BEA728CC3C180642BE68
:10C7D000B9C8FA3C673B1EBDEE46BFBA7208FDBC45
:10C7E000071089BD4C83B03D629C39BE0B8F12BED1
:10C7F000B7ECE0BD8B56EE3D71928ABDC61C29BEDA
:10C80000AAD388BE234332BE3986CCBC3F2B2ABC78
:10C8100083F5DF3D9508033EB9B80B3DFE42FFBCF2
:10C8200095C8FF3DEC90193D9672C23DE1C930BEFE
:10C830007A3C54BD1976ECBDFF400DBDD5EB0DBE65
:10C84000129D0CBBCD43B63D01AE1FBE9A3B463B8D
:10C850004362A43DE5DA41BEC6E638BE4963B0BDD9
:10C860006DDD44BE50F9153E5AAFFE3D3778583D58
:10C87000DA32C3BDF3C826BE5A261BBEC77815BE22
:10C88000103825BE2F7A513CAB24643DE17B323D0C
:10C89000DB82B03C5F66DE3D6BA5643D57ED8EBE2E
:10C8A000447B71BEC7C27DBEA30130BE82E708BE15
:10C8B000D25DDBBD65506BBDED01813B3169EE3D65
:10C8C0005204323EBF16BBBEE37499BE4DEA77BD3B
:10C8D000317C943D0C7D473EB9A10BBEB4C80E3EE1
:10C8E000FE6BBA3C0F364DBED13E12BD4836BCBCC5
:10C8F00046190EBEFBAD83BECDB3C5BD2A49B7BD3B
:10C9000045C08B3DCD9F2E3E11F5BC3C326F88BE9D
:10C9100023DD68BE65CD03BDC79139BE49CBC33D9C
:10C92000D0B62C3D4F49843D5EC5563D4AFAEA3C9F
:10C93000498361BED341C9BE7C2380BE7B98A43DA0
:10C940000281933D083B073E77411C3D0A87533ED9
:10C95000BE8722BE4AD6D7BDBED545BD135230BE16
:10C9600061FF47BEE8AE0BBE19E4F1BCC911AABC19
:10C970009CCFAABC33AEC5BC1B876FBE90EA24BE59
:10C980008CFA06BE07DEA33C79869A3D64D85D3EEC
:10C9900079B8AF3DC67DE83D5CD3EFBD54F88CBEA1
:10C9A00031E7DABE86045BBE07D0A8BEE018B43D0E
:10C9B0008489123D8D369D3CDF09A2BD0DDF783E96
:10C9C000CAFB26BD9837C8BC777B43BEDDF1E3BD0B
:10C9D000CB4838BEEF075FBD5E4F08BEF2145FBEA6
:10C9E0009193B4BD6B4C1E3D393A91BD6DF8A2BD1B
:10C9F000BD27B63CFC4E6E3D7AB2863EC35A7E3EA3
:10CA00005FE2723EEB83E23D86CF5A3D6BA68BBD63
:10CA1000AF0A58BE4CCB843DC6B749BE77140C3E16
:10CA200010B943BDF07EAA3BE27FE93BEC67393E9B
:10CA3000E06F513E44A5ED3B34C944BE49E43D3D61
:10CA4000865608BE58DF8B3D2B82CCBC732BF3BDC2
:10CA5000ED69F0BCFDC8263EE593D23DF153D8BB4D
:10CA6000BB51103EC2B1743E6F6E9B3E769F5C3EE2
:10CA70003B587C3E9AD5843E2040AC3E21C6093EC0
:10CA800009C391BC9E318C3D7FFE4F3DC2E3B3BDD7
:10CA90005ACEFD3DA371E43DCD68F93DF7B1A13E0D
:10CAA000BBEB823E645CFDBC92DB14BD86D9733D5A
:10CAB0001348193E2D167DBD2F9C7ABD5A5F823CCE
:10CAC000141FBF3DCD4E423E3538373E3E87B83D00
:10CAD00008CB483E6F16703EC7D5893E02C96B3EF3
:10CAE000DC498B3E90C2C0BC94368B3D4DD86EBDA8
:10CAF000BEDAB0BD6BF325BEE8ABA5BDDB53A3BD6D
:10CB0000C6560D3E4CD1103C194063BDB649F83DA8
:10CB1000EF8BEA3D1D93B53E20D9BFBCE57F4C3C71
:10CB2000BBDB2E3EDFB282BDD0B508BEBD299C3D29
:10CB30009A8C1D3EF66B6A3EF30D783E8F3C903E1C
:10CB4000B9D0C83D5B03703ED8597E3EF8DFA63DA4
:10CB50005F05523E2A70233E6098763DE254CA3DFE
:10CB60009D87C0BD960F4ABDE0E8003EF1339ABDF7
:10CB7000E43B28BDC01AEFBBAC3FD2BA723BB83D14
:10CB8000F5C10ABDB2E90B3E42AACF3DEA3C283EC0
:10CB90007AF31C3E7512073E0F4A4BBC7456263E74
:10CBA00066EE5C3E8BF4833EC9A7503E03B6C53E9D
:10CBB000F5CB943EB8F5B93EF7294D3EB66F163E1B
:10CBC000D7F0283E0925D43C20F83D3EE123093D1D
:10CBD000118DAABC8642FB3CAACCAE3E437F8C3D65
:10CBE0009E8F163D9C0884BD04B14BBDA4FA623EE5
:10CBF000D186233E30A1473DC830DF3D457F9D3D76
:10CC000065F0863D2819613DF8A2303EBEB0033E76
:10CC1000D794703D755F323EE4FFE63D719A413E28
:10CC20006BB2563E59AF7F3E83A2DD3DD26E633D6F
:10CC300078CF2D3E7F20273EF46E173E60005B3E8E
:10CC4000CAE4473D6A74013E234FF73DFE01683D4B
:10CC50009865403CC036E2BA7D5C493E5BC977BE10
:10CC6000B345BBBEF4BAFCBC4291813EA817CF3C91
:10CC7000189579BCFE55043EAB965E3D1111EEBC95
:10CC8000511C063D2546F23D79E0B7BD1A480C3CE3
:10CC9000B450553D2EC336BD711C623CA249813E45
:10CCA000C817A13E8C7C283D5E79863D365C2C3EC3
:10CCB000A7E7933E0C1F453E053205BEA1629D3D90
:10CCC00039D2873D1CA6F23CF6EE423D5105BB3DF4
:10CCD00015A60BBEE40BA53E1AF3393E8C4403BEE9
:10CCE000ED1535BEBBB0B7BD16072B3E2CC9353E82
:10CCF000511D7B3D6A92E1BDF99DBF3D8B932CBCDC
:10CD000037641B3E19BC103E9DE65F3B071C2F3D60
:10CD1000C1DC063E68E5EF3CEC674CBE974C043D39
:10CD2000B7E6373ECE95ACBD2EF2E4BC9E706A3DB0
:10CD3000AA00373D489D47BC88C218BCE03429BCD6
:10CD40001F1B01BEA0050FBEAEC2A33D03E9A23C5E
:10CD5000645CF5BCF9D196BDF17747BE603B59BE26
:10CD6000C2DD16BDB43EE7BDF9526DBEA47EF4BB74
:10CD70002D6CBC3B3E9071BE34A094BD95F784BE33
:10CD8000CEA08EBE65AC98BE349B853CBFC441BD71
:10CD9000002B723B01573CBDCA031F3D39F48DBDCA
:10CDA000BEBB7F3D00F59FBABDBB9F3DE679063D0A
:10CDB0006CAD14BDF826B2BC3827733CC0C93F3CEB
:10CDC000E44EC73C7D0D7DBD67AD9C3D8EB176BD0B
:10CDD000110E483D8061D2BD5DF6A2BC8459ED3C88
:10CDE0002CE4C33CEA0C3B3D46D1E1BC26CE2F3DB2
:10CDF0005C5FB7BC8C1ED63CE8556C3CEF11813DA6
:10CE0000D8FE26BC74F79F3CEFB6A03D8EA1703DC6
:10CE1000B8AD3EBDD8D53D3C980A3BBC563ABCBCEB
:10CE200000F20CBD93D748BDECF3CEBD58333BBDEB
:10CE3000035DF23CBE3FD5BDE0F33B3B8957B0BD3F
:10CE40000E4252BD2C30FDBD784DC63C514453BE00
:10CE500019BB31BE5ED13EBE9ECE97BD8CBC19BE05
:10CE6000EEA66EBEF7CE04BE6B2327BE0392C5BDF1
:10CE7000452081BD73D98EBDD04F5DBD660A703D22
:10CE8000B8D8863C7E9A403D3421343CD85DABBD59
:10CE90008EC04F3CA6BB9DBD5C63EEBDB8C00ABE54
:10CEA00056D378BCB5B01EBE1457A43C5B5C30BDF5
:10CEB000CBBA26BEED92AEBDDDF755BE182A0BBD2E
:10CEC0005447EABDAFE297BE2FCC00BEB7CDB0BE8F
:10CED000E13696BE0F29B0BECF752ABE74F8D3BD19
:10CEE000063EADBDE33DFCBBE87193BDCAF5353DE3
:10CEF00041B82EBD40102CBCDE8A903DE3593DBDAB
:10CF000016A029BD6D0BB3BD224626BEB8E042BEB9
:10CF1000A84696BEC5C711BE64A8B2BDD261B9BE4F
:10CF20003660B5BE4D2ED9BEE4B227BF253C34BF16
:10CF30004C0AEDBE8843C3BEF7A280BEE65C7F3DCF
:10CF40008D3D1BBCEE70FABE25219FBEF1FD313E2A
:10CF50003CC554BE76825DBE4FD541BE9340A7BD51
:10CF60006C8C93BDAB7D983DA975133D3527A5BD50
:10CF7000CB733DBC243FD7BDD0E437BE8844A7BEA9
:10CF8000DC8151BE08896CBD1D23B3BD980B86BEE4
:10CF9000EACD41BEA7E53BBE5EC69CBEC26AA7BE47
:10CFA0003E2970BEFDCBE93DC1DD1B3DFA06D43DF7
:10CFB000552FEE3D486EA93CBAF8C5BB29E88DBD9A
:10CFC000684BEEBE79A8CBBE9CA72DBD71AF91BCBE
:10CFD000658D883DF3B1823DD3A5D23D04FEDCBD15
:10CFE00023D90BBEB415853E154099BD7D13A0BE57
:10CFF00002D9FB3D0F3A95BDD14166BE210853BD14
:10D000001BD2DDBD6DBA9EBEF1D05ABEF68205BE02
:10D01000BA4279BEDAB23FBE6E3AD13C36BFFB3D72
:10D02000AA51BEBD3975293E1918023E271DD43CB0
:10D030000B6DC0BDC487213BF7A714BE5517BEBDFD
:10D04000CCBD33BDA7D034BD6DF1AFBCCBA7A3BD64
:10D05000855234BE40B0063E2CE478BE82C819BE6C
:10D06000A8F7073D8AAFBEBDD5C198BE184492BD92
:10D07000F92B7E3DBFC398BDA2C9CDBD1B6DC9BCF8
:10D08000ABAB903D4ECF0ABDF790033EA3EE773A8F
:10D090008B27A53C9A01823EA1E6973EC5A5843E1A
:10D0A0003D5C04BDF7CFB3BCE366D83D502399BEC9
:10D0B00042F785BDE54A68BEF35A5EBE87A54B3E82
:10D0C0000D07A23DCD01873EEBACFCBD544B23BE0A
:10D0D0000A79D8BD730119BC6C0E3A3D75BB6B3D26
:10D0E000B2A1863D617EB13C5CCAB2BD7A9D563D1F
:10D0F0006636CDBC2C5ACCBD6E44823DAA14933EFC
:10D100006B79553EFFC3FABC6999A73D8C3F9B3EA6
:10D110003C3D353EC2ABE7BDC497CB3D0508C6BE1E
:10D12000812D85BD471F52BEB52A5D3C297C453EF9
:10D130006873CB3EC05EF33EB394083E815A863D91
:10D14000481A563E009FEC3DA82FCCB9D830193E66
:10D15000643FC03C9246633DDD5745BD6C5AEBBA17
:10D1600012CAF9BD7AC75ABED82704BD75AA943D24
:10D17000DBDF08BD6267EEBD9154ADBD3B12AF3D34
:10D180009609423EEA21093E9C82563E38A692BE4E
:10D19000D96526BD55B036BE4862163D7D39573E2D
:10D1A000A082C23D0C96EC3D6867203C87DA473D83
:10D1B0001073AD3D560F44BC2000973D7B3F3F3E72
:10D1C00094E6353D66759F3DC0C07CBD5B08843CE0
:10D1D0007ABAB7BD25B457BE599BDCBBFD7D37BEBF
:10D1E000E55160BE59402B3B7915343E537CDA3D06
:10D1F000B382943EEBAE2E3D3E333B3DF1EB18BC8B
:10D20000AB8CE53B43927ABC23215BBEE166843D57
:10D21000A78DC13CDE2A72BEE07C75BC92D9B03DC0
:10D22000D8E05F3E1100C53D5674413EB21E0C3E33
:10D23000E93AD83D9705ABBDF80984BC2060E03DD4
:10D24000FBEE54BDF0F9013C7ED147BE7D1E78BE99
:10D2500019EF9ABED1E835BD9C04503E444A86BDC4
:10D26000ABDF413E5217DE3D7A9FD7BE575E8F3E01
:10D27000A6128E3C89D8C2BB4C13EDBCA5E961BC9B
:10D28000D479FEBDF22681BE94808CBE2A6ADFBDB1
:10D290009A910E3E0446FC3DAF7B543E94F90D3E00
:10D2A000FEA67D3EFB6731BC9E455ABD6C50A13D3C
:10D2B000D05E173E2349553D81601CBE3055A9BD47
:10D2C000691DF7BD06BF1A3E5F6EEF3DFA0CD7BB76
:10D2D000BF012E3E31C5B13D4FC61BBE8E2125BEBE
:10D2E000F3ED03BB4AABCBBD9ADE793A36C8463D77
:10D2F0009FAA80BD3CAE3EBE765869BE488676BECB
:10D3000042B8183E974AD83D01B18D3E81F7843E20
:10D3100030322B3E075AF83DC180023D0F45B13DEA
:10D3200099BB3A3E9804123E01461C3E123FCDBDC9
:10D330001A8E9A3E51A8973EA93D0B3EFF8F2D3D78
:10D34000E5E0643DAB8F19BEE1C66CBEE845BABEF0
:10D350001DDDA53CC204CD3B42863ABDC3DB1A3C71
:10D36000AA5606BEA8C94FBE160D3EBE386357BDAD
:10D370000F62ACBDE769563EE628763EE5320D3ECB
:10D380001B324D3DDDC2153EF46EE93D3AFB873E52
:10D390006E4A5D3E126A953DA0F9033EB7FCF7BAAE
:10D3A00032298F3E858A863EEDB2723ECE7B443C6A
:10D3B0008074ECBDB4A944BE4A5819BE75ADF0BC2A
:10D3C000BB3BCCBD5C9E993DDC4CF0BCA33FB6BDE5
:10D3D000C4A614BEDE4D20BE89512EBEC470DFB976
:10D3E000684432BE670B853B81C8243B617C8B3D22
:10D3F00093B6E43CFD8F9A3EABD1B23EB661903E0F
:10D400005078043E2198CA3DBC062C3D79E7223E67
:10D41000A7C4D6BB0CBA553D7DBD243CFED68FBDFE
:10D420005D3757BD1E55AE3D3B92D8BE5A7E02BEFB
:10D43000510318BEF959EDBB9B3E563D23C1193E21
:10D4400091023A3EB6DAADBC002759BE5143DDBD6C
:10D45000413C6FBEC788ABBD962192BED69381BEBC
:10D46000FFE224BD557D8B3E5DF2C03E4003903E01
:10D47000CF5A313EF786703EFCB4123D03535BBE7B
:10D48000C7C29CBEA9C607BD158FB8BD849021BE7A
:10D49000DECACEBDE378C3BD412BC7BE7D55A03CDF
:10D4A000C7D7973DD47B6E3D8C06C6BD3F39EF3C58
:10D4B000BD825C3E73AFF2BD361DA9BD32B4663A83
:10D4C000D0AB64BEA94593BE6C99ADBE0EB725BE68
:10D4D0009B2CAABDB3E25A3EF5398E3E502A0D3E32
:10D4E0000EE3C43DF22D143EFA325FBEDE7ABEBEBC
:10D4F0007C8689BE387A87BE0FF97BBD9635153D8F
:10D5000081807CBDA3F308BE5FB63DBED971D6BD98
:10D510007DD5903D51F0F2BB75F33ABEE93242BD84
:10D52000811335BDC50D20BD2E32EBBD537CC2BC71
:10D530009D42A4BD8E0ED3BE113F11BE0C99F9BD04
:10D54000118CF0BD2DEE273E05A50D3E3F9CF5BD8F
:10D5500019A3D1BD363A96BE63B9C7BE35BFCABEA0
:10D5600004F3CFBE0FB7A8BE043302BE7AE52ABECD
:10D570007F580BBEB0F7053D73AE8E3C5644B33CAE
:10D580000F5B39BEDB77C0BD36C262BEDFAEBDBD4C
:10D590009736FBBDD75C22BED8C43FBE75F243BEF2
:10D5A0007B1F9CBE2045A6BE8D0D5CBE42E618BD0D
:10D5B0003F492ABD3E4B993BCCDF20BD3C6F39BE75
:10D5C0003D2B85BEC5D777BE82A0CABEB6380BBF7D
:10D5D000396AE2BE456076BE674F5CBE4AC277BE1E
:10D5E000BB0855BE037AA8BCDCA13C3ECECA9C3E1B
:10D5F00012352E3DF5E9CCBDB54647BE2FE928BE14
:10D60000F94911BE56A497BE76CAC0BE21B09ABED3
:10D6100007FD9DBEAB2478BECE5CA9BD56BD813D45
:10D62000B020A73DB07FC93D1543EBBDC5256CBEFD
:10D63000471033BEA38089BECE3E9DBE251EB9BE17
:10D64000BADFBEBE904247BEBD685CBEA866B6BE2D
:10D65000FEC47DBEDE73B1BDA09C063CAC62883EBC
:10D66000C7D7933D0F21413D659101BE1B6C49BE5B
:10D67000CBD44EBE08F097BE7588B8BE06D2A0BE09
:10D680001AC540BE72906ABD6E317C3D92AE033EBB
:10D690001BCC9B3E2CF9C9BDB10A05BE82FA65BD03
:10D6A000293C34BE56734EBE2BCFEABDFC8F10BE54
:10D6B000B69669BEA9248ABE6F3C0CBE02508EBECF
:10D6C00060CE66BDF0FC123E21779A3D220393BAEC
:10D6D000F456D43DB330A93C65AEACBA316EBCBD96
:10D6E000C5F9D8BE75C8C9BE769066BE1BA99CBEDA
:10D6F000D1A465BDCFAE8B3E348D9C3DCC29043E7C
:10D7000040446E3E8844273E806978BD7AE2A1BDE0
:10D71000536277BD6ACF493C5985A4BC4190C3BDD3
:10D72000B1C7F3BDF8B136BD3214A5BE149090BE9A
:10D73000B371E5BDC142243D777F07BEECC3A3BDF5
:10D7400070831FBDB5E690BD6665E9BD582598BEDE
:10D750005A95DEBEF64205BF142B1BBECB5EFABD4A
:10D76000590D61BBDF03B93D6B676A3D9F04583EAD
:10D770006AAF523EBEB33C3EBC8BEA3D4581FEBC27
:10D78000968D043E58370D3E49BF113D54548E3C92
:10D790005A0495BC981695BDADFCA2BE35D610BEF8
:10D7A0004ED6143EAF7CEB3DE158943C3BABCA3BBC
:10D7B0006053B13C4AC7373D229E1BBEA74E8CBE6C
:10D7C000793214BF9E85E6BEBBCF323BD75008BE30
:10D7D0009B84B5BD2C52C33D9D3BC93D291AD43D08
:10D7E000DF53923EB79D433E691FE13D3D11A9BC09
:10D7F000784EF63DE47E8C3E1B201D3EC368ED3D19
:10D8000081DB92BDB7BCB83D62381E3D90B4903EFE
:10D81000C5216F3EF018833E2BCD163E2ADC743DA9
:10D82000FEED473D22EA68BDDE0A8FBD9363C1BEAF
:10D8300072A54FBED2A083BE6ED3CABD626966BD5B
:10D84000E5F1F8BDB94E5ABE9916EFBD1ED52CBDF7
:10D85000E0CD1ABE67F3DABDA3EF3FBE2F4EC0BDC9
:10D86000B94E72BD539445BC5537C33D6E97943E37
:10D8700038B0B23E83E8AC3ED080E23E54FFAE3ECC
:10D88000CBF8543E30682B3EDCFD113EF81FAF3C18
:10D8900060B17A3B204246BB5F42B43DF96C173E13
:10D8A0009FFD5A3E57A98EBE798702BE43E1A0BDB7
:10D8B000891D04BA2E44FEBDCEBF3DBD4632453B58
:10D8C0001CE780BE04BE69BD91326A3E1609F33C76
:10D8D000EEB4EEBA9D5D4E3E858A363EB25D21BE07
:10D8E000E556093D81F8AF3D3178AA3E1F0B5F3EFA
:10D8F000EA2B20BD23DF9D3C12DFF9BB9C1BD23CF1
:10D90000005017BCE4430CBDAEAD25BD9642063EAB
:10D910008C8E4C3E3B2267BEC42309BE729BB9BDB0
:10D92000A100BEBDBAA3BF3DCB1B0DBEACF03ABE3D
:10D93000FA4C9ABD9D4E43BE111BA73D8980DDBCAC
:10D94000F5615C3D1437A33D0D1DC73D01B065BEBB
:10D95000BB3222BE79D37EBE417112BEB9A69B3EB8
:10D9600046C18F3E1A2182BC0B926BBDD45DC13C77
:10D97000280E573C009A3FBDF00CAABD8679243D85
:10D98000755994BDBF0C02BEF51001BC65AA4BBB16
:10D99000579E403DDA19933D3B67323B98552B3EED
:10D9A00080C36A3EA24F8D3EC6BFA43D8BAC273ECE
:10D9B0007F7A8D3E2450B33DF26B743E870E593E04
:10D9C0007215E43DDCDF91BCFCAE1F3DF887D9BD8C
:10D9D000C85296BDCCEDEFBCF080AF3BD287D1BC36
:10D9E00004A185BC3094B4BB48CD9A3CBCEC92BC3D
:10D9F000320844BDA40BBABC802DD2BB2EDC2CBD9A
:10DA0000E32252BD709BCE3C10B0F7BC58108FBDC6
:10DA10003A03703DCC34973C0CADD73C583E7DBCAE
:10DA20002C42133D0AD06FBDA8B3263DA98D5DBD24
:10DA3000D0EF3B3CC8612C3C65849D3D789653BC3F
:10DA400090F2103DC64FA3BD584416BC006AD539AC
:10DA50004F5F1CBD72133D3D466686BD8095AD3A55
:10DA600078994FBD32CD7EBD2F7B33BD889F3EBDA3
:10DA7000FBC3403D1FCC9A3DE4D783BDA04DBA3DCA
:10DA8000CB6B0B3D0BCAD83BA4C0183BF4C7FEBD03
:10DA9000069DD23C832F05BDABBC07BDE5A8E5BC08
:10DAA0004EB4CABD827888BDDE7C4E3DF089FA3C1A
:10DAB0007D9140BD585869BDA877E9BC6735883D60
:10DAC0007101A33D88D9063DCA496D3D6DE6873D8C
:10DAD000E0F7F3BC65B1BDBD385F423DA45AD33C0D
:10DAE00060BEC9BD7B5FAEBE5DD308BF3CDF57BE25
:10DAF000ECADB03BFE01AEBD0D57B7BEDFD6B4BE38
:10DB0000E8A315BE946037BD9E6C233EC1DBDF3DAC
:10DB1000FAE76CBB1EAAE5BCA08DDF3DD224E73D31
:10DB2000D694E9BDDBA012BE1A36173DE036803C24
:10DB3000D04138BC511D903DE90F23BD16D6E0BC45
:10DB400071D089BC422A3F3DBD1A2BBE350F8EBD18
:10DB5000D103823E14923C3EC174323E3EC0EC3D45
:10DB600031AD8E3D8E7B163E819D1A3E0177E1BC24
:10DB7000569E06BD36DAB0BE1FB6A6BE214A99BE75
:10DB8000FB219CBD612A803DE5BFAC3CCF32DABBB6
:10DB900086B9F93C548E46BCEBF6F5BCA2191E3D85
:10DBA000F296623D2FC9F83C25695FBE99424F3D10
:10DBB00044D925BED28696BE363EBBBD6A3D0B3EDD
:10DBC000DD4BEB3C2F66263D6FC9293E92A69B3E5E
:10DBD000C1B33F3DD53A353DBA45D93DB2FB1B3EB9
:10DBE0008F44CB3C2148E53D643F093EE778193E30
:10DBF0009267F73CED1C2F3DEF80D23D74CC0E3E7A
:10DC0000F914973E9D38873ED3400E3DF51380BDF5
:10DC1000F3C651BD580091BDB347DBBDF0EBA13D4C
:10DC2000EC97D0BEAEAA39BE21EB5DBDA7D2A5BD93
:10DC300034F8AE3CB2DAF63D8378373DDD4BD83D63
:10DC4000FD85E6BDF4B0A03C3ADDC03D91BF0EBD00
:10DC50002C849FBB6BBA483E0874433D3992463DC5
:10DC60008C98953DBD548CBD0D812EBC784EA1BDC8
:10DC700043638FBCC7887A3E6D95B23E5375513E63
:10DC80006ED0E1BCF461033D7B711FBD758CD53D49
:10DC9000BBB433BD5695783DBA8B49BCE3FA0ABE96
:10DCA000715F9FBC5513A0BD018F8F3B8A0D57BD7F
:10DCB000375FBF3D597A813D7B46E93C6CFEB63DFE
:10DCC000EC15C23C1FE8BB3D9C80EBBC925A173D53
:10DCD0008070AC3C2BB9D4BD260842BD8283B23DD6
:10DCE0007185AA3C27BEC83E4CB2793E24EA263E46
:10DCF0007797973DA918E93D1CE021BEC932E13D67
:10DD0000AFD34BBEC68B293EDFCD4BBEBEF134BE7A
:10DD1000DAA755BE92EBFFBD7F9390BC30E9B4BC4F
:10DD200092BC513DEA010BBDB184123D8FCF2D3E17
:10DD30001C6FCB3D19E8313E06AD993CD42C7A3CA2
:10DD4000B788093EC26BC9BD352031BD9013A73DD0
:10DD5000F61F0FBD6F80503EDC8BC53D2330A43DC8
:10DD600010BBB23C4442EEBDC23E80BE4FFA32BE52
:10DD7000816CCBBE450C2C3C32B78E3CBE91933AA5
:10DD800064DCEF3D6844493E08EE2E3EE447EE3C3D
:10DD900054E9233D02ACA43B6708B3BD632034BC07
:10DDA000A3284F3E3C4FF4BC8554073E8BDB103E0E
:10DDB000EDCE7C3EE51D7F3D4B37B1BC77A2CE3D1D
:10DDC000AFEB2F3E066A2D3E6CA6163E9AB2523D30
:10DDD000C847643D7CA3023CD74602BF6D2E94BE6B
:10DDE000F92F34BEBE452BBDD4096C3D28D7643D08
:10DDF0009644003EEE042C3EF1AB393EBD69AF3D8A
:10DE0000969087BB727B1A3B976C70BC319FC6BDE6
:10DE10001B732F3DD0A1033D8AEF1E3D5F3621BE0F
:10DE2000322CC23C1099463E6E22C9BD5741873CF8
:10DE3000CF5CCC3D6A4F8D3E4E31493DF347953A1C
:10DE400076ADAABC45D7C4BD49F6A2BE20EAFA3DCC
:10DE50007AA6F33CA3B2EEBD299BF2B8CD73273D61
:10DE6000C2C0933E3DBAEB3D86C90E3EAA7E023E3D
:10DE7000D3A2093E42C7EEBC9A7FB2BDFB6D47BE3E
:10DE800015694B3CCABAAEBDAF6680BDDD8496BE97
:10DE900049ED9FBD6A980F3C03A19E3D0DAE71BE3A
:10DEA0009214AE3DBF98903EBF44973E18F1B43DEA
:10DEB0003FE6A8BDB50E35BE07098FBE9C2EBA3D04
:10DEC000650B213E383841BE443B82BD04FBFA3C21
:10DED000A3EF93BC74BCDB3DE45E98BD1F1097BB01
:10DEE0005B093B3E4B5BD23DBEE58DBC0760B5BDDB
:10DEF0004CED2EBD108FD03D03EA07BE49C150BE88
:10DF0000690790BE343CB73C1AF2D9BD3175D5BD16
:10DF100082AF2CBE343D0D3E076DF03D5040C13CFC
:10DF20002DFA183D1E1B3CBE863F4ABE28DDA5BD0E
:10DF30003D218D3DF2140FBE78D0DABCB7FB79BD20
:10DF4000E9F83EBB29E8C93CF2C4BE3D2076853CD9
:10DF5000F2BD273EC4D0053E9922053E18DD48BDDE
:10DF600099D315BE6EAC84BD647E17BE857A28BE7B
:10DF7000502D3C3713B14DBE8F868FBE1470DEBD61
:10DF8000DE5BDABE8CFF93BE7D6FCC3DA16C9CBE88
:10DF90008B02CDBD61DDBDBD508A76BE5398FDBC00
:10DFA00028F6CE3D46B290BD88BB3CBECFB512BE72
:10DFB00088813BBDCB2A4A3E3777153CD6B8B43D65
:10DFC000E89A4B3EC50D5D3E4087DA3DA53ED13B0C
:10DFD0007EF10DBD4847BBBDE4FCD83D4D7560BD2D
:10DFE0004666EABD1FCCE13D830E70BDB607D43C4A
:10DFF0006A412CBB20FD87BD6DD273BD3315DEBDDC
:10E00000FAC1C03D412D783D1AB3C8BE915814BE27
:10E01000A82B753DBA435ABE4250A8BE423D8EBEA3
:10E02000EDE25ABD9D8C8F3B86729A3D5C19173D7F
:10E030003DF52C3E1EEAE93DCE53B03D7B1EFABDB8
:10E04000F7DAD8BDBF1D0CBD699D4F3DDA68EFBD45
:10E0500047E9453D744489BB492F8FBD75722E3EFB
:10E06000BD1AA63E373714BE978DA8BE865EABBDDF
:10E0700032C1553D9725143E7C592CBDF506C3BED3
:10E080001A27553EC7D69DBE82FF94BE8A898DBE93
:10E09000A88F5CBEEC5E98BE7F6960BE2613EDBDA6
:10E0A0000B614B3D50521CBD5FEEAABD0E260A3CD3
:10E0B000440FF43D346B22BD1EC0B23C6242543D5D
:10E0C00020AB363E0AAAAF3D9F004B3ED8EDAF3E97
:10E0D0008F52D33EBB6258BE8B2271BE986494BDF2
:10E0E00013A737BE7C6DE93D07624E3A5D54A93DEA
:10E0F0000809203E511398BEBE6569BE5DCE76BE4E
:10E1000067E455BE0A0390BECAA8DCBE1E5C32BEE0
:10E110003457C83D861A8B3D92EA703DC5EC6DBB05
:10E120001051083DFCD9CC3D5567903D65491D3DDA
:10E130008B85A03D5969503E54EA693EF4F37F3E19
:10E1400036DAA23E46C4CDBE8D8BD1BE6965E4BD34
:10E15000CB93833D0B83A13D125DB7BC69F0993E23
:10E160000571973E5AAB403C8AF8463EE0F6EDBD5D
:10E1700035D17ABEA269CEBE852BF0BE6C6FC4BE0F
:10E180007BF4A6BE703A28BE11F7ABBDCDE796BDB5
:10E1900041D1DEBB3CE3983D256C173E1A405A3E08
:10E1A00072A71E3E9114413E3FBAB43DDDE4D0BBA0
:10E1B00066798DBDC5060ABFD415EABEF2449EBD80
:10E1C0009A578F3E594BC6BC38EC4E3DE978CA3E53
:10E1D000E473A33E09C4573E8E5E3A3E7325DE3C8F
:10E1E000A0C52FBD882706BEF90F43BECED724BDDC
:10E1F000BB2588BEC149ACBE5BB092BE308A3FBE73
:10E200008855293D813A2B3E414A303C2615DC3D5C
:10E210007D30B9BCA291FBBC032151BD25BC263D7C
:10E22000803126BE6E00EABE232FB7BEFFD41CBECF
:10E230003D74893DA3F9C03D203D683D6189133F90
:10E24000AAD4DB3EE9ADD63E9C4E9B3E041F0ABDE0
:10E25000EEA0703D49EBA5BC957B643D355C143E5A
:10E26000F1F8BB3D41CBAFBBE8A077BE4FDCEEBDC4
:10E27000A6B2273E7FFACF3DBF7F5F3E5BE2C13D46
:10E2800002EE013E8A2BFABC61E01DBEF7B64CBD22
:10E290007FC11B3D0B57A0BE974AD0BC6038E2BD82
:10E2A0007C79043D0430B33B77AD4CBEEC6D8F3EC2
:10E2B0008F72C63E734BA33E8713F13DCE2911BE2C
:10E2C0009C10913D459F973DF89FB03D479C933DE5
:10E2D00095F6B9BD42EA87BD7096BFBD3849A4BC6A
:10E2E000886A1CBC0374A73DBC51FA3DD775063E35
:10E2F000E001BA3D3ADDCCBB947F5DBDC538C8BCFA
:10E30000C14881BD7B622BBEEA389EBD2EAC92BD5A
:10E31000D459AD3C20D1A73DD92566BE326009BD98
:10E3200038768D3E24C5973E67440D3E3D6D6D3E6B
:10E33000FB87813DC546B13C809F5CBD55ED0EBD60
:10E3400063B09CBDB202063D8DCA973DEDF55D3DC3
:10E35000F57C9DBC44359CBD1AB50EBE3B0B963C6E
:10E36000F0CDF73D9ADD2C3D318040BE05430DBE1A
:10E37000099C16BE29CBA8BDC75937BD80D7823CA2
:10E3800070B29FBC0BC5AABC1003CF3B239A3A3E88
:10E3900061AA073E42823F3EEC00973D2D58B03DBA
:10E3A000AF52B93C5C8730BDE1DAF4BD3CCCEA3C0D
:10E3B000CAAF2DBA27962D3EF874D63DBE1F513DEB
:10E3C00078E133BC905AADBC9BD6DD3C78B7833D39
:10E3D000B103BABDD98B33BE8C5033BE8DC455BD8D
:10E3E00097E462BE932CADBDABBA973D9C4041BD56
:10E3F0003EA41F3D5A8203BDCFFB7B3EA4EDC43E2D
:10E40000F59BF33DE28D283EE79DD13DFA3EA53DCB
:10E41000CAEB0C3E89F420BD0F575D3D38240A3EFF
:10E420002EBA873C8446FC3C9809A43D97EA073EF7
:10E43000E7DFA33D491EC6BDCE0B04BE2ADF8EBE5C
:10E4400004FA8EBEE3DB1BBE563A15BEFEF681BE55
:10E45000540C34BEC53B62BD23CC54BD77CF64BDE4
:10E46000280408BC0783A93DB6D379BEC53B233E2B
:10E47000D0F2943D7D81EE3DE79F803D52AD5A3E06
:10E480001ADD863D747AB33DD987FB3DEADEEE3D69
:10E4900028A1A43EA425113E53E0363EAFAFF43D83
:10E4A00039A5143ED63FF1BDACEC46BEA3FBADBED4
:10E4B0008F3DCDBDF99D65BE96F3ACBDE31F31BE6A
:10E4C00067CE29BEA74792BE41A668BEB1F58C3D76
:10E4D00062D04C3D58331BBC8236993D208C8BBAA0
:10E4E0002307C43C128D823E372E8A3EF723803D9F
:10E4F0005267573D74F7293E5D01803E6A221F3EF8
:10E50000D88DDD3CA98D383E56A9ECBDBF45403CB9
:10E51000046FF338B71306BDBCA969BE105C96BD85
:10E52000E94EBEBDE6AAA3BD11C5973D413D903D54
:10E530008B78D43B54AF2DBCE0925DBD00FB363CE4
:10E54000110E833D004F24BD8F9D8EBDDBEA933CB1
:10E5500030AE023D4BC9BF3D5B521F3EB41FDDBD17
:10E56000632834BE575369BB8EBCCB3D042D193E86
:10E57000003CA4BCBF19EDBE90A390BE2EC6F43AD9
:10E58000FB6709BD326330BD309AE2BCDB01833EDC
:10E590007D175C3EAEAC133E4206DF3DC4FF3A3E03
:10E5A00056800B3CB6428C3DF73CA23D48C6253C0C
:10E5B0002B93973D9F8792BD38E80C3C55FE84BD58
:10E5C000E128A1BB4F17A0BDBB8AE33B9D82973BCF
:10E5D0009162DDBC8115BABEA33BA8BED5C2AABD5F
:10E5E000525326BEF7451EBE0C8B02BE6F0DD43DA6
:10E5F000C2FD0BBD06A2C2BE93C780BE881DE9BE88
:10E6000099377ABE7879C93B92E929BD248BE9BD57
:10E61000AA9B7A3DCAB242BD82D3763D496B0ABD00
:10E62000A20B1FBDD6FE53BDE73230BDBC06B53CC4
:10E63000D8D0AD3C648081BDC3F6893D345D943C47
:10E640001235DBBC95AB87BD56944F3DA0E3833CB0
:10E6500062779FBBF8036E3D01A84ABDC1B0BABB4B
:10E660009CBDE53C2601433DC312853DFF0B50BDDB
:10E670004ADE2E3DD39846BDD71F1BBD1A12273D3B
:10E6800086E500BD6098EFBC9436D93CC0B00CBBA9
:10E69000A88EA1BD48DAEF3C6CB6FF3C402A40BBD7
:10E6A0000EADA4BD1EEC8EBCA6710DBE33C413BE50
:10E6B0007937D3BCBFDF01BC8C9A20BB2EF87F3DDD
:10E6C000A28DA3BD32AA2ABE3BD7843D8804F4BDE7
:10E6D0004F0E8BBE02159BBE742FDABD3FD84DBBCB
:10E6E00009C808BD90C029BD62E247BDE2FECBBDAE
:10E6F000805079BAF06321BCF742913DF1328EBD72
:10E70000BE7EF9BCBA2EEFBC149B91BD35B0933DD3
:10E71000A8EF96BB414F3EBE1CEF6BBE93214EBE91
:10E72000D19429BEC4768CBDDBB9B3BC970312BEAD
:10E73000EF34FBBE8E0FA93DD5785F3D253A4E3EA6
:10E740002891903E93D7423E11EBDA3D6C5F7C3EC0
:10E7500022B6833E451F263DCDDE37BEFF7A49BE39
:10E76000FDBE36BDA4BF70BDBF43883DB5599A3DBF
:10E7700096CB2CBD6CBA853CFD581C3C830B973D59
:10E7800045FC68BEE1AD2DBE756F51BEF42217BECB
:10E79000297089BE57533B3B2E9538BD0F5C11BE87
:10E7A000252B7FBEE99472BEB7FA87BD2596333E0E
:10E7B0000B92A13E00D41A3E57273A3B02E4583E42
:10E7C000EE0D22BD7E3281BE9C9B66BEADA8C8BE4A
:10E7D000823356BEDCA8833E5DAB1C3E3F1122BD9A
:10E7E000D904963D3B8FE5BC9EC7ABBE4AB149BE3E
:10E7F000ADF196BE649DE5BD24FECBBD3A832BBD35
:10E8000083A9593E2AC6843E16BFCE3DAB0FF7BC46
:10E81000B7A2EDBD59EB00BE606A86BDFBEF843D3B
:10E820005A34873E0EC4B73DDA25493EDC36473EB2
:10E83000FEFB863EC6B1403E32F0503ED59519BE35
:10E84000D7CED2BEDA001FBE5EC30FBE0A762EBE82
:10E85000FE1C073DEC708D3C2D21A6BD587B3D3D37
:10E860000ECF83BE3FB39DBDA30D133B5EDD4ABEFD
:10E87000FA70D73CE058163E659F983E62DCC13D79
:10E88000BFE397BDD23629BE0C5552BD0D2D54BEE7
:10E8900058FAF1BD974BAC3DB3C4833E37B4683EE4
:10E8A0007E3C4B3E0D6F4F3E46F8963EE9C6C83D56
:10E8B0002EFA4EBD318A4DBE97ADA7BEAD94C5BDF3
:10E8C0005D4A943D09526E3D0F00CE3BC042733D00
:10E8D00034B08CBE41EA08BC25D3E7BBB586863D83
:10E8E0000A70233DB159DB3B268EC33D45C2C7BDEF
:10E8F000E1C61BBDD606FEBDDC0EA3BD57B93ABEB0
:10E900003C2AF2BDFE34983D54A6F83D08B1B73B11
:10E91000802F453EBA074D3E2E0F563D69278EBDCE
:10E92000C7CC19BC4B87383E33D74DBE5A4A31BE8F
:10E93000B85172BD690DBEBD602C78BE51380DBE98
:10E94000C2D69DBE497B243E40A4DC3C0074063DFB
:10E9500029D3813DDF7DB33C9BC10C3E9B14973D89
:10E960003285713DE15AF4BDCF8D72BD453AF7BD98
:10E970005854323E0CEC363E6EEBFB3C0C91343E70
:10E98000D6C72E3E1276253D8D7A913D52E28BBC44
:10E9900035AC1A3D1EA6CF3D60A0BB3D699290BE2E
:10E9A00065CF963D31BE203B9F2766BD60C416BE35
:10E9B000DE76CA3C46A3683DD30E54BD99A0ACBDDB
:10E9C000843D1A3CDF84AD3CFF97583D74F5D43C40
:10E9D0009E75E5BCB83035BE2A3FEE3B461B9BBD5D
:10E9E0000644303E2111643EB520F03CC30CD63DB8
:10E9F00049B6C03D5067843D132E8F3DF4FF203C47
:10EA0000515551BD3E97C53D6BDC0DBEC1B8EBBC49
:10EA1000019DADBDACAE8D3CC711F23D5A829DBD8E
:10EA2000B3E139BE05EF0E3EA3AAD1BDB4ADF4BC2F
:10EA3000044BA73D0BB9E83D3272B13D3AD3B33D2B
:10EA40003A883EBDE7B0F5BDBC5561BE45F40DBE8C
:10EA5000F5E7593EF0416A3E4352213EDF1C2C3D12
:10EA6000ED4CD43DD4A1F63C5946DEBC64049D3D3A
:10EA7000F0D9D4BDE2B293BD882181BEBA33183E2D
:10EA80003ED94ABC24DAF43D315B9F3E0BD7243E8D
:10EA9000277873BEB840943C146596BD76D811BBF8
:10EAA000B519C43DBF2F3D3E4F20FB3CE90AAA3DAE
:10EAB000EA4780BB142A7EBEDD47D3BE7B97C5BC28
:10EAC000EABD4B3ED4D3A83EE670B43BD62FF4BC8F
:10EAD000821FE4BDF0F3B9BC7986D13BF7015DBE7E
:10EAE000C725B9BEC5FA85BDAA99EEBCD70F5A3D58
:10EAF0001E4C723C29DA653D3D58E13D7EB322BE95
:10EB000060A712BECC5CC2BD160CBB3D22B92BBEA9
:10EB10008F20C83CC8790E3EBEF9673E833955BD8B
:10EB2000BDEFA7BE69C1C4BE36160BBF41258B3AE7
:10EB3000C67D2B3D65C90E3EEFB5E13CE9F5173CBE
:10EB4000E7B681BC64B5BCBDE45DE7BD2C3599BEBC
:10EB50005E4586BEAA7192BED875143D317A2DBD30
:10EB60001CA407BE854720BCDA8EC33D3D4823BEAA
:10EB700041E899BCA1E1DEBC3667403EB05D4FBEC6
:10EB8000C79E093DF2A9C93DC0E7A3BC8C457FBE25
:10EB90002BD8B6BE2645F0BE59CAB3BE83B6FCBD5F
:10EBA000686ABABC8E72BA3D09E7F7BDE44801BE97
:10EBB000640092BC041270BD5E5BFABC7E060BBBA7
:10EBC000A8C53DBE7CEAB2BE5CEAD93D7A53CDBD54
:10EBD00000E020377CFB093EB1DC8B3CE5C8DFBCA4
:10EBE000CD12093E8FAB943D4F5C16BE09322C3DD1
:10EBF000E8AA08BECDAC3EBC122E21BE944783BE0F
:10EC00001690CBBED6D0A2BE406738BDF962B6BD65
:10EC100048A1AEBD87BC1C3DA0077CBE429429BE66
:10EC2000710FF2BDB2DE3C3D0716903DD748723EF3
:10EC3000491310BD2F1A303D4683043EF71B18BD03
:10EC40004306B43D8BE1B1BDD35B213C557C9B3D7C
:10EC5000A7B38F3E35D0C5BC97DA08BE42EF183E49
:10EC6000F0AF80BCC4AFC8BD24D8B1BE1DA596BE50
:10EC7000323884BE4B5807BE861233BD14152DBEE4
:10EC80009F93CCBDE61A1BBE9CE785BE229388BC31
:10EC90005000153D385E9D3D2B565F3E5525393E53
:10ECA000749D363E1D696E3D50FC803E0604193E43
:10ECB000474C26BC95E04E3A913CB13DBD36963E60
:10ECC0009512723E0F4003BEC6B3BBBDA5A7D4BC10
:10ECD000A9ED26BD12AAA9BDAB8D14BE6FB139BE78
:10ECE00045731DBE8B27973C6E43DABD4565B5BDA8
:10ECF0004E874DBE49769FBEDAF48ABEF2F8A83D33
:10ED00007587213BD0776F3E50A8303DA78484BDE6
:10ED1000F30BCCBBEB2F0FBE89D50B3FA44288BBB6
:10ED20008F4C8FBD05AA3ABD7616A83B86DC433EC4
:10ED30002330093ED1F285BCA20449BDE70F11BDC5
:10ED400069D4113D09D6A13D962BC0BC125602BE16
:10ED5000383E84BCD6DACFBB8D9A793CADCAFA3D39
:10ED60007F4555BE52B873BEB3072ABE7508293C0D
:10ED7000833E7A3E0EF4823ED69ECC3C637321BD28
:10ED80006B210E3DFDE1573D579DB23E1A967DBB6E
:10ED9000DC679DBCD6957DBD812F603EDB4F013E7B
:10EDA0004169F23DFE53973C94769A3DFA12F23D4A
:10EDB000D046A03C9CA51A3D5DFDD23DA93366BD61
:10EDC0008ABFC13B25DBC1BBC5613BBE8BB91FBE42
:10EDD000592D8CBE6C62D5BD81C2C53C56E0C23D8A
:10EDE000DA34943D4DB171BD8429803DE71245BEB2
:10EDF00088E3D43D037A863EE03F8D3E0FA55DBD9E
:10EE00006304D13B4C34EF3BF03B6E3DAA01383EEE
:10EE10002688303E5B89D73C69B92B3BC545FB3D15
:10EE20009A9DFD3D22F1433EC73DDB3D92134C3E92
:10EE30004667173EA41DCABD01F357BE63627FBE7D
:10EE4000634C1ABED643D73DBA284C3E6B1B723D6D
:10EE5000E212C13D7ED4023EDA135E3EF4FB963DE3
:10EE60007AEBDF3D0CF7C93D3C7233BEF5A2AABD7B
:10EE7000811A8D3BA0D1D13DD913953D4DBD1F3E8B
:10EE80007B8BE93C09E31B3DED4F2B3D34A1843ED8
:10EE9000718B353E3891923E12D39A3EDB3ABA3EA0
:10EEA0001512783E199A14BE4F443FBE5C1689BDB8
:10EEB0008255123E61107D3EF553743E9462F53DDD
:10EEC00041940B3EB7912E3EF86B393EBA6B7F3DB5
:10EED000A1A9A93C90C8B83D37FB03BEC9E008BE54
:10EEE0007C7C94BC7B2A18BDAEE2523E9B50863E91
:10EEF0004896B43E15CE813D4503183E696E85BCEB
:10EF00001145333EBFCF3D3E8190A53EE695893EFB
:10EF100006293C3E8DA1FEBDE38527BEB37D9F3C07
:10EF2000B5E28F3E3DAA9E3E45BE2B3E611F863E0A
:10EF3000E8B8263ED95E833EED45313EEC77343E5F
:10EF400011F3503E697B2B3B75B01BBE857CB53DF4
:10EF50003764E83D2786B1BDD8CA903D0B505D3E71
:10EF6000F6A5A93E3B12833EA9A2C73C88C6123D26
:10EF700007BF113EE5173A3E80263D3EC79BBE3D8A
:10EF800017C2403D063DAEBCC3235A3C6B72E13D07
:10EF9000A116153E1BBE8D3E88D6BF3D63ED2C3EAF
:10EFA000EB549B3E9D9DB23EB8088D3EC829703EF5
:10EFB000337CB83E18043C3E43A8AF3E13193BBD1A
:10EFC000BABA983D4E33C6BCFD8702BEAE531BBDD8
:10EFD000C27DCCBB617F933E8FF3C43D8E388ABA2D
:10EFE0004240BE3D11C6173E54BACE3CDA18E13D50
:10EFF0006BAA00BEAF48CA3CE784153EADA38F3D67
:10F000006DAA3A3D91960F3ECFDE873D7F6F303E31
:10F01000A03A5B3E33A2603E32BE393E99FC233EAD
:10F020006CA77F3D9808AF3E13F3ED3EF051593C7D
:10F030004995803D4086C23C7C27003E7694B4BE14
:10F04000C17C51BE11B1A0BC8E0D923E9596053E7D
:10F05000D23F493D774273BD7CCA873D9DC4943BF6
:10F0600047E2D73B3503D2BDE6AEED3DA37B183E6C
:10F0700033C3363E3489BBBC5E0DEABC7ABF673E03
:10F080008BAEB73D8638143EBF09C1BE6A9CDBBE5D
:10F09000E874A8BD1241A93EB30E6D3E4ECE203D90
:10F0A000325BF7BC6C4DA7BD1558D5BD3F5187BE2F
:10F0B0009B2D9F3BC0F4133EB1B39EBDE6BFBDBCCC
:10F0C00012BD18BC85AA383E145190BD61065EBEC3
:10F0D0007F06C0BDD066F6BD56B6B2BCC62E4A3E4F
:10F0E00081928B3D2CEA513E653DC1BCCCEB21BEEB
:10F0F000CD310ABE3C4BBBBD4A425DBE2DEE9BBD31
:10F100002504A63EBE2F1E3EE3FA1BBCA59EA83DCD
:10F11000EE3A093DB78904BD2E23AF3D7A8A6E3E93
:10F12000920F083EBF10E7BD9C8FB8BE91D800BEBD
:10F130001E30693E5E5E643E9F6A62BE40E243BE30
:10F14000852EB3BEFE7B64BE2E48B2BEB35D15BF36
:10F150005A491CBDE28F0F3D91D65A3CAA47AEBE1C
:10F160000BD8E3BE586681BE166E5FBCC5D347BEE2
:10F17000CA5715BED40C2B3EE88CD33D7C76E9BC37
:10F180000028573B370E04BDE078113D544FCA3C70
:10F19000104112BE09F581BD31702DBDB6D68AB9B8
:10F1A0007BB822BCB0D89DBDB6C172BD79D3AFBE0D
:10F1B000649773BE64D006BDAA50C8BD034EBCBEE2
:10F1C0009C3906BF4A9ED4BE88E02CBE891E303CC6
:10F1D0000072BE3DC5E2CDBDC2EB82BD82972F3C21
:10F1E0003BB4D4BD804902BDBE48423DC4A58FBDDD
:10F1F0000E247ABDD0D2B13C395B21BD3AA89ABD6C
:10F200004CD5853D0BD1BEBD81D687BDBC261FBB6D
:10F21000C22EDFBCEE6FBCBDC14CAEBD5D75A5BDE1
:10F220008C1205BE82B88E3C74B921BECFF7F3BDF7
:10F2300049742DBE9FC01ABD31D1163EDB7688BD04
:10F240000B8FE6BD763FBEBD6A973BBEC5DD1BBEDC
:10F250003C25E4BCC4F5A4BC020D373D5870093D03
:10F260003695F4BC6DA64FBD285491BDE91487BDF9
:10F27000AC498DBC34BCA73C14689FBDEF76923D71
:10F28000E80E84BDD81A74BD80DF82BCFA2C24BD80
:10F290007D2B3CBD0F62CE3DB7C5F83D1F5E583D8E
:10F2A000A3F810BD4C37A13C40E6E7BB3CC5913C00
:10F2B000B83A10BCA5858F3D3609EFBC3A09033D2D
:10F2C00025793BBDFE26703DA0325F3CA4967DBDF6
:10F2D000F52F23BD00DFE63BB017EB3BC8AA04BC0B
:10F2E000F5BBD13C3725A43B79A5D73C0899203EF6
:10F2F00061B2363D5426A03DF2410E3DEC14523E23
:10F30000EE0A2B3E985A363EA47A7EBD151DD4BC1B
:10F31000DC1E9E3EB0236A3E03E2C03DC7C91B3ED1
:10F32000A954863E02BF613D2CDEF53D80BB033D06
:10F33000D9192FBD6C050A3DD4B18FBD1DE1A1BD0A
:10F340004024213D103EA1BD9DBEEC3DCF3CF93D8A
:10F3500014614C3E862E453E36DE4A3EC5ACE73D46
:10F36000FED23E3EE26B853EEEBCAA3EF01EBE3EA5
:10F37000E425B23D62EAD1BDDCDE3F3EFF4B3C3DC1
:10F38000DC3BC23C2D9C14BE50BB0DBEBBB92DBE98
:10F390007260A5BC9473573EF564553EBA49203E51
:10F3A0005A2C233E566F313D4C016BBDE0862D3B00
:10F3B0000C8A003D5ACF02BD2911EA3C55E57E3E3C
:10F3C0003BF9803E688400BD33EF443EC4846E3D0B
:10F3D000992BBEBDA0D1973E7061913E5AC3E23ECB
:10F3E00094782A3E18CB823E78CB883E382A303E2D
:10F3F0006AF1ED3D5A3D613D6D90C3BD7EBCAF3DB0
:10F400002DECB9BD7006BD3DE654CE3D1F98E5BD5F
:10F41000FD738E3E7CD9E83D9140363E8DB7A03DD0
:10F4200020CA3A3B9D9A1B3CD6D3A7BE974261BEE9
:10F430007055AE39B60D92BDEF75AB3EF6E80C3E99
:10F44000B883CD3C412E1B3EF891663ED070CB3C3C
:10F4500024EEBBBDEB908FBCDDD8DE3D72077CBBDC
:10F46000CE0AAE3D1F411E3ECA5811BD3551043E65
:10F470004DF9C4BD7AD4EABDCBC0DFBD38CA0B3D5F
:10F48000CE020CBE10F4C3BD37350DBE10306F3D3B
:10F49000207236BBD0E2AEBC7282C1BCCF7F153EBB
:10F4A0004F911A3E7521D6BE40F174BEA73739BEC2
:10F4B0002BFD8ABE921550BE2031C03C1F0DC7BD2A
:10F4C000E91ADEBC6AA2423DDB5035BB345D6FBD3C
:10F4D000DA1CA8BB2ACC31BDB8E334BDCFB8FC3DA3
:10F4E000F2A3763E553FBABD06DB123DEB004E3E21
:10F4F0003382E93C054DCCBDD168243EAAEBAC3D3E
:10F500006748A83D0382053E24A9413ECC99873E29
:10F5100084E48A3E052D6DBDF810B5BD33012FBEC4
:10F52000791544BE1E42C9BE07C058BE067E8FBCB8
:10F53000F8E874BD7CE989BD6D8C87BD5033663DAC
:10F5400049C0CA3BC5EC13BE0BE35BBE514F49BD7E
:10F5500090D944BED43DCDBC4E72BA3C147806BCA2
:10F56000881B543D027E103C9624E4BC80EC703D28
:10F5700048A1E03CEA4E01BE1098633E69847F3E9C
:10F58000051CBC3E17A9B1BD27F7F2BDB597FFBC5E
:10F59000618838BE56B059BED84433BE1B28A83D3A
:10F5A000164CBABD72B41ABD42171F3DDEDA183DC3
:10F5B000B468593D17ABB4BD560014BE9CA505BE3A
:10F5C000875C8FBDC7A220BED2AF23BDEFF4F5BDCF
:10F5D0002DA1EB3DFA8BCA3E66371F3E4DB6073E66
:10F5E0001312813DA4A885BE3961373D9D00213E9F
:10F5F000669B373DCFA214BE1D15BA3CD4A4DA3C9D
:10F60000FEE2F8BD3B6C4ABEDB7283BDD3E507BDAD
:10F6100086F726BCAAE2CD3D5ADF503EA2128A3CB4
:10F62000BC3725BB1D8A133E99F1373D66A273BCDA
:10F63000B1027C3DE7B71CBEDFF677BDB69B913DBE
:10F64000005BF43DFB51C63CED936EBEE3F7953D88
:10F650003825A7BC77B475BE61EAFF3D7AB55E3E3A
:10F660005699ECBCD343D3BC243A05BE3B40033E81
:10F670005C360EBEB08497BED35A83BD86408DBD26
:10F6800022B69C3C57DB593D8814B23DE08DE53DE8
:10F69000F183E43D6AD41B3D2B216CBDE0C937BE2C
:10F6A0005164B03DD555883A486A07BEE7FCCE3C68
:10F6B00085734E3E5A4608BE195583BE2F3FACBED9
:10F6C00080CB5DBB58B91BBEC289DABA24B06E3E8E
:10F6D00056B7B63CA654C83DD546C53D1F70283D1B
:10F6E000F3E704BE383B2EBE9CE5F7BDA42A7DBDE2
:10F6F000F224173E24D519BB677C1E3E3C996C3E14
:10F70000C6D4E93D3615203EE401F2BC71BA61BEB3
:10F7100016ADDA3D462225BE901F15BDFB0FD93D23
:10F720008BABDC3DC9D9883D4CBB14BCF890DDBE29
:10F73000313F89BD1DAA583D8676BCBD7993193EDF
:10F7400060AD633D2F5A31BD7DD8593C5064003EB9
:10F7500091161E3D5DA2DBBD0A84C4BDF79B19BD99
:10F760000BC2B9BD2A6C58BECB34ADBDFAB96A3CE8
:10F77000D6DA56BDB988093D2202713C10A32BBCD4
:10F7800088AB7DBD1B28153D90BC693DA22D243D55
:10F79000A00E903B3E15783ED8390DBE976199BEBC
:10F7A000EB8A25BDC923A13DCFECE43DDA3395BEFC
:10F7B000CFD0D33D4805B0BD156399BC77B871BBB8
:10F7C000606A033D548F6DBC59FCF4BC849315BD35
:10F7D000FF4F56BD375F2EBD6DE20ABEE13BA4BEB2
:10F7E000EF8591BD9822E13DAD951ABEF6E364BE6A
:10F7F00084E15FBD8640093E9CC2B73D7264E9BCAE
:10F80000093D21BDF94B553C37BF68BED7436ABEA1
:10F810007BA8723C2871523E286036BE5EE70EBE61
:10F820008D48F2BD0C4630BE5E00AB3D08DF1E3E8B
:10F83000049DD73D335C56BCBD85B53D4A1BFFBB1F
:10F840003CE43D3E29D1553DAF409EBD4C8258BE63
:10F8500096BCB3BD3C080CBEEA5814BD92740ABEF7
:10F8600058486ABED804A1BD321C0B3E12B8943D64
:10F870009F46873D50B2B63DE2D7E2BB3B760A3E9B
:10F880009E6A6D3EAEEE863B7A97F3BDEF97623D82
:10F89000A00040BEA6410D3C70B47F3E150C1A3E40
:10F8A0000C5D263E58B9473EEB4CE43D5046523E77
:10F8B000EEB66D3EC585353EB1C987BCE1E528BDD4
:10F8C0004D218EBDC9F667BE403EEDBDED372FBE62
:10F8D000FFEF48BCA27C91BCBCEC043ED9F33E3E99
:10F8E000D84A893E473AA53E04B8EC3E18404F3E00
:10F8F000519C6E3EACED1DBD5D15903EC86FA43DA4
:10F900003CA9D53BAFE1C93D1D9279BD19A15D3C34
:10F910002F26DC3D4415E03DAC23403D078B023EE5
:10F92000209E5A3E4C9A983D5A8F603D230D93BDC0
:10F930003F9157BDD95DAFBD3A8BD9BD79C7A2BC48
:10F94000543FB33DBE6C083D4E5E62BCF36C043E5A
:10F95000CAF4CE3E76109E3E875D0DBED86C063E44
:10F96000C38A24BD507B3EBE4F37713C3EE1343EDE
:10F97000812B2FBD920EFABB09FBE3BC2569673DC5
:10F9800048ABA93DB185B23CF871393DB71DC73DC3
:10F990004911EE3D6597C8BD9AB2F13CE4ADD43A49
:10F9A000DEC68D3D0E141B3ECE842C3DD2B180BDF3
:10F9B000E42A06BC6892563E31C82EBCB97C253E6E
:10F9C00092F9EE3D2DD1093F7835133E590CB83EE2
:10F9D00082F0B1BCEE2C66BDDBD0BF3CC16E703E88
:10F9E000587AA33BBFA46A3DAC89A53B47A0C63D5E
:10F9F0005A56153E19AC8D3DEEE2D3BB1154C23DB3
:10FA00003C65403CFFCD7ABD0F8ADF3CBB2FD63D25
:10FA1000FC71943DF6EF4C3E7EC6423DD827C23D78
:10FA20006733ED3C099C0B3E59FDA03DB594D3BD19
:10FA30004351A8BDBF13CF3E9AAE65BD4209B23E49
:10FA4000631746BEF1C636BD8226E2BD76F7DC3DC1
:10FA5000299FB23C3764443DB0DCAD3DB289D93D0D
:10FA60002D3AF03D9AA9083E47D5093E91B2253D71
:10FA7000B0FA023EF29D593C83492D3EC06C843E53
:10FA800030953A3E940AED3D0D508C3DD815983B8B
:10FA90003AAF28BE58213ABD3A88FFBA210FC03D7F
:10FAA000DC9D153DDD26B43E110E8FBE1BFA053FD1
:10FAB0000D4B67BD714C3C3E2546F3BD897F9E3D95
:10FAC00005635B3D6CCDC73D8E483EBAC443F23DF5
:10FAD00052EA8C3D84A0253E8AD21D3ECCA7573EDB
:10FAE000E555E43DF734A93D2F03763EBE4D8C3EEF
:10FAF0003850E13D1FD16F3EBFB50B3E91C1273C51
:10FB0000B861F6BD92B347BBEAE5543DAE71113D15
:10FB1000BCB2FCBDC597843E0B23B33EA706CA3ECC
:10FB2000E611593DA7D4633E31B86A3E2B74AD3E11
:10FB3000BA19953EE0820DBDF53FD9BD0C71533D1C
:10FB4000BE702C3E65CC613EDE591B3E711B803E73
:10FB5000AB35373E741CF93D0BFD703E8896563E22
:10FB6000832C2B3ED8AF6A3E73AF813E9B391E3D3E
:10FB7000EBBCC1BCC48EAB3DEEE7403E233CB2BD06
:10FB80009E1517BE6999563C3BF0103E60F8163D35
:10FB90007AF9293DD75AA6BC898D903E0ED5393EBB
:10FBA0006B14E9BC57207BBEB499ADBC6058323EA3
:10FBB00047630B3E04284E3E0874703EFA33493EBC
:10FBC0007F287C3E21AA293EF1D3D13D50ACEE3DA9
:10FBD0007EA4903DF603353E932DE43D398A9ABBD1
:10FBE000C59C743DC7BD8DBC2C54B63EC79A533ED0
:10FBF000CDFCC0BBC5564D3E9F10C73E1C9EA43DCC
:10FC00008CBDF7BC4D7A0ABDDDC5433ECD24FA3D1F
:10FC1000F0F2B0BE4922953D75BEA33D35C3C33D4C
:10FC2000D9BA223C5B22EC3D96A76D3E2F95063E4D
:10FC300079A7283ED37D173E95FE51BD214A41BB91
:10FC4000885BD6BC0E04AA3B9B32C3BDB1AF5C3D02
:10FC5000B81B56BE59E238BEA237223EF237083EE4
:10FC6000A71486BE99F831BD73C2963ED87A64BB9C
:10FC70005CA8C2BC1762A8BD6BC8C53E3BCEC6BD62
:10FC8000052972BE3D2BB5BC014AF5BD41E3B9BDA6
:10FC9000B346073E3903F23DEE20693E8742803D80
:10FCA000B4F39ABDDB6A76BEFF7B6ABE834E6EBE3E
:10FCB000B8BDC7BEF3F110BEE0C7BABD3ABF74BE4F
:10FCC00095B35ABE3A3D4CBEAF4208BD29FCB4BD07
:10FCD000BDFE02BE656BDF3C8E89403E4B4DA23DB2
:10FCE0001C78A8BD762FD1BC7F1670BEBAEF82BE3D
:10FCF0001F0D3FBD6851FBBD2DAFA1BEF1DE96BE0D
:10FD00002DD593BE332705BE40C7A0BEBEF6ECBEC0
:10FD10003B9CAFBE0A3FFABEC39CE0BE316EBDBE87
:10FD2000E5B714BF2EEAC0BE65AE41BEE72F98BE50
:10FD300069E393BE2D4796BEBA8487BD3715763CDE
:10FD4000BA93C23EB9ED7A3EA766B73DA228703D90
:10FD50004EE756BD4847693CB8D1043DF1B5A9BE50
:10FD6000AB7C6BBE72028FBE8C1E21BEDD0107BF55
:10FD70005EC80EBF533F35BF207D54BF75B949BF24
:10FD800081C866BF905258BF2EA641BFD04300BF66
:10FD9000C9EC55BF6FDF2EBF5610EFBE1AE847BE45
:10FDA00017258DBEE18489BE90192EBEA75EFB3D4E
:10FDB0009D98A13E0634953D99C0D53BFAE83A3D61
:10FDC00079D8833D535B0ABD60DA643BD11AD03CDD
:10FDD00009AB083E2704F83CE4E538BE1AFDD0BE66
:10FDE000F9E7543D44A59ABEA5C1CFBEDA74AB3D38
:10FDF0000FFF08BE9F2D9E3DD6E99E3D9520643D98
:10FE0000C673013D249B9DBE15B4ACBE4AD88BBEC3
:10FE10000A766ABE86A4ACBEF3CAC3BE087DECBE39
:10FE20000A6B8DBEF972A23D94D278BD404B8A3CDC
:10FE3000E8C1173D70CC803C0C2EC1BC2C1C5EBDB3
:10FE400086978FBD33764ABED65FC0BDCFC885BC0E
:10FE500045461DBD12C79BBD5543A8BE2EAC52BD25
:10FE6000E14E473EF8E00ABE7D3304BECF132A3E82
:10FE7000E574D53DF76C313ECA49B83C562C73BE8B
:10FE8000E72FA0BD9F80C6BD94ADD6BCCD780FBE78
:10FE900022EEC2BC2AE4A0BD3D00A73D8E66DEBCBA
:10FEA0007E51773DBAA4F9BC7C4165BD4A925E3D66
:10FEB000F296C2BCA871E53C52847F3D5AD6633DA0
:10FEC000363FA6BDE3421ABD515D30BD5AFE6F3DBF
:10FED0001FFF893D6A1474BC02C3F0BDC790C3BD47
:10FEE0003EB6493D348FCD3CAD6B53BDB35F923DC3
:10FEF000D8B668BD803F513AAC3B093D2499D0BC8F
:10FF00003EAF383D601A943C696AAABD9012CEBBE0
:10FF10008D60A63D5C928CBD7E4734BDB6539CBDC2
:10FF20006615AC3DD0F6493DA7711E3E2AA2C53CE0
:10FF30001FAC5F3C0E17FF3CD8F6DC3D2F07E1BD40
:10FF40009E1ABA3DC5E0F33CCD050CBED2D62DBEFF
:10FF500041B65EBEAC28A3BD93385E3EB2D5A93E85
:10FF600012D0CE3E4F7D833E196C4E3E9F8ECC3DCF
:10FF7000E0B7423C2A5D87BD90DAFEBB60AD09BCAC
:10FF800030A577BC40B2EABA0F27FF3C162D29BE38
:10FF90005B44E73D612A7B3EFF83B03DD0EB733E7F
:10FFA000AA4951BCA4E4373D6AA9B33D5177923EBA
:10FFB0008DF9333E3A04B73C9C0F293ED3E5083D0A
:10FFC000D48B363E58D0A13E2269853E24D78FBDC2
:10FFD00040C2D939A94E213EB65F443E2B4B3EBBB1
:10FFE0008613CFBD4210E2BD978AA93DC0767F3B04
:10FFF000F0D0C93BE2D92C3D2DD0E33D7A1C2BBE7D
:020000040802F0
:10000000E53DFE3D3D8F373E1B10993EF6D1F73E54
:100010008C139F3E50A54B3D656A8F3EA56C993E63
:10002000B4CD9B3DB88A973D4469F73DB2208B3EE5
:1000300041A80C3E82D0AC3D82997D3EAC6F123E11
:100040004B35403EDAC7993E759A703EF36B083ED9
:100050005717BDBBA21D33BE5A31043E1729883D38
:100060000041C33B05F47DBD635D2C3E7A5DA23E3D
:100070003C2E5C3E29109A3C38645C3D4CFF253E8A
:10008000AE8A813E377F213EE53AF23E919C633E47
:10009000CA97293EA0DE6C3E5628023E316DC83D0F
:1000A00067E06D3E8CA1F33D3BBA1D3E1CEC753EF6
:1000B000139F853E04AE853EF374C73D65098B3EB4
:1000C0001139A63E5DD8963E47BFD33E6F9C433E56
:1000D000C3EB82BDE4D97DBDEA955F3D5406DC3EAD
:1000E0003541423E495CE5BE40B10ABEA6469B3E54
:1000F0005252083D7C4A2C3D2951D03DCE52933D71
:10010000E228C93CE25A36BD9CA4343D89D5C3BB24
:100110003E6F343E6F9E613EF07B193D4D62B83EAE
:10012000DA74023F7BBDAC3E94BCA03E8B60C63E01
:1001300051E7033F718CAE3EEF11A03EE41E603EDE
:10014000EEEADBBC95D2353EE8AC44BEC436093E8F
:10015000A7842A3E37EEBFBD7971533DA15F6E3D46
:10016000E097E73C1D64073EA1AA4B3D9C57A4BD08
:10017000129A05BDE2C249BD18E9DABDFF07413D4B
:10018000F2143DBDC067D9BD3267523D4555303E82
:1001900002F01A3EB2AAFDBAB8899C3DE7FFC93EFB
:1001A0006C21D13E8A18BC3EF76D703E63E3803E01
:1001B0001147313C773B903C6A8D7ABEC8412B3D5C
:1001C000C466513E8EB6553E6D66273B6B6F19BCBB
:1001D000F048433DF3EA27BD09FA44BD92ABB33C76
:1001E0002921A1BDE23CD7BD232726BC70840CBDCC
:1001F0004A7390BDEB43F6BDC88378BD57C29D3DA1
:10020000EFE728BC1A1D35BCBC85B53C019EFE3D00
:100210009727443E2DE99B3E7CC4FB3E46D2313EAF
:100220006BCEA7BD90300CBEADA9E33C197B3B3E25
:100230004B9B2A3E470B013EE171E1BA31E882BD9A
:10024000E20569BDF86E233D80EC88BDA4FA10BCC0
:10025000C7682CBDEC838A3DD8B3BBBDD6CEF2BDFA
:10026000B86B083C1B3F9FBD9C2589BD11BEB03DAE
:1002700093608E3DA3B2393D73A7473D3015A23D33
:100280003980CB3DB81A833EA8CC093F45EE2C3EC1
:10029000E8CCCFBC19969EBE3DE6933CC0A70B3D73
:1002A0006188FFBDA323DDBC347733BD50FA2C3DFC
:1002B000638D273A62E6B23D4D2ABCBD28CCAB3CEB
:1002C0006386963DA143AE3D41A730BD763FBC3B22
:1002D0008C35FC3C7DC096BDCBD48FBA85740C3D6B
:1002E00024FB9A3DD2A8023DD74481BDAF7F253E75
:1002F0003733223D160DF73DC030C03D103699BE54
:10030000444603BE37268DBDBA8588BEC017F83D6A
:100310006AF33B3D258630BC60900CBE72E449BD5B
:100320004E79FF3D2AD181BC5E3AA23C4C02D23CC0
:10033000ECD58C3D154A21BD595758BDF9B505BEC0
:1003400021F445BDD86A0A3BF4DF1ABD0A75EE3DBB
:1003500071B49BBC66EB18BE70908CBD7628263DB0
:1003600046E9C13D02EE57BEEDF8F8BDA0504EBEC5
:1003700037ABF53BF8B0B1BDE0839EBE37AF9F3DD4
:1003800013043ABB1ACB113ED57E2839FC7F20BD21
:10039000FE90C33DAEC3483CA5298BBCC1BA69BC25
:1003A000D4E2D33B2A2061BD4C5F953B112918BE96
:1003B000E6AD49BDADCA6BBDA940593CBE1777BD7E
:1003C000F0C7E0BD58696EBE0AAB88BE0D2FB5BD43
:1003D00041C71A3DB186F33D3A7EC63EC7C492BEC0
:1003E000884856BDD80976BDFD9D29BE9F9357BC50
:1003F00094FDC8BD699F123E90C8113E9C87073D81
:100400003D69B3BDFDFEF23C8284103E765700BDCF
:10041000F69BA63DC7F8D53DA42F073E62A8BDBDFB
:10042000FE84C139BFB8B03CF6ED8ABDBB83603DE8
:10043000501C36BDF5A5643BE3D8C4BD4AAFB7BD7B
:100440002A51F23D13251EBDF26E8CBE71299ABE53
:100450009BF28ABC7235BD3D4D9A50BED5B33BBDB3
:1004600022F24ABE2D22073D6BF8DE3DEB170DBD93
:10047000ABDBD4BCEFF0353D5013DABDA0EB2B3D28
:10048000B28816BDF89C033EA99C623E4170053EB1
:10049000E8F3A93D5BF9923CB1702C3DB650A23D0A
:1004A0000E88D83C151E45BDBCCD1F3C6BB7CF3D5B
:1004B0008F6F70BD36F335BE645E71BE084C8DBD66
:1004C00067CCD13DD250DD3DE6A393BE3B9709BE3C
:1004D000AAC4B1BD1709E83D859F003E8ACCE43B24
:1004E0004560123D0F95373D788161BDAF1F85BDD9
:1004F0009EB9A03D5EFF0C3E13DB023E6C54D23D24
:1005000082A88B3CEFE1C13C5D3B47BDDABA3FBD01
:10051000660B243DC3FF34BC7C54733C5B385CBE2B
:1005200030B55FBD5022093EA1A8DDBE969B12BD2D
:10053000345A0EBD0DA2323E7D06803EE55F48BEB8
:10054000D360D2BB4F65FE3D5A90B03D90CCF83D94
:1005500052200D3E769095BBAA6731BDAED8E93DDD
:10056000024CBB3D1CDD2E3D2052EF3D0A33223CA8
:10057000A62CFA3D8039C1BC02B601BE0864C13D5B
:10058000BFE16C3DD8F2C9BDBD5E963DAB0B12BD5F
:100590006AF292BD57D1883E83F2BE3D4D3479BD9B
:1005A0004CA816BEA8F4413E50D8463ECE3BE03C97
:1005B00040A57ABD0A275A3DA4E5443E4404AA3D1D
:1005C0005C55AEBCC39C8DBD2BE9CA3CB94F273EE0
:1005D000BCFBDE3D8D914B3EB2C70D3E4F082C3D1E
:1005E0004F3426BD38850DBDD654973D625F173D0B
:1005F000E1D14ABD6696E7BC07982FBC4198213EE1
:10060000DFADBF3DBAE2C13E60E5B4BDF090EABDEA
:1006100015C4A63D003E0F3E51560A3E1CDB9B3ED4
:1006200007554A3D7FDB03BD94AAAA3D82A8463EFA
:10063000452A793CCA87DABCAB43443C4703E23DD8
:100640004BBCBE3D1B743D3EF5644E3AAA61CDBD28
:10065000BCFB9EBDA4C59A3DF1CCA4BBF109023EF2
:10066000499914BDD6216E3EAD1F41BD6050123E6A
:10067000959C6BBD2ED643BEFBB4C3BEF0B9D2BCB5
:10068000FFF082BEF8A1E13D8BB6693C5391B53EC7
:100690008AFD3FBCE136A13DC96F8C3EC6C14B3ED1
:1006A0002899D73DAD6EED3C8AD2CB3DF3305B3E11
:1006B00044648F3ED7310C3ED9C068BB7B4C5ABDD9
:1006C00045A8113EA554403D793D923DEF85B53D8D
:1006D0008469083E1CF47A3D3E33DDBDEECB093E15
:1006E000575D34BD208119BE9987F2BE133C98BE78
:1006F00027ACB23C333E65BEDBCC44BED96CB03EC9
:100700008957C23DBD6A913E1693E13DA0C22A3E83
:1007100086DC123E5DF06E3E47015C3EBC85B53D19
:1007200032E7483D3D45313D59E98B3DB6CB863DED
:10073000AA85093EF2FE2C3E7328983D8C38EB3D8D
:100740004583F03D11B9033E2A314E3D5AA8153E6E
:10075000D99A88BE444101BEEA32D8BD7C7CBCBE79
:100760005A5B753DFA6660BED79F28BDE1585A3E78
:100770006FCD2C3EECD3F23D545D343EF06F893E9C
:100780006983163E66D2203EF49F2F3EA6DDB53D1E
:1007900027C3DBBDB9CE4CBCB321B03D5F81403E29
:1007A0004DAF6B3EB7B26F3EA7959D3E9852F73D59
:1007B00098788E3ECCA7983EC7FD6D3E41C7453E1A
:1007C0006CA5A3BE946330BDE7D2B7BC799A94BD43
:1007D000A65673BC5DF02D3E880F143DECFF293EFC
:1007E0008A8C20BD38C024BDB997D93CA49BAB3EB0
:1007F000D3CB403E93028F3D1AB601BEF8E8B23D1E
:10080000D3BFB3BDA4FF0C3E9057F03DAA150C3EDC
:1008100087E4DB3C17942C3E22FB353E56C8273E2E
:10082000AAE0E03DB148FABB69124C3E301A373DB0
:10083000DA49BCBE0B63BD3C184D783EC0B16D3D7E
:100840005D5B9DBD3EC4A0BB9F0E5C3CA2EC293EFF
:10085000FE4063BD5E8614BED914EBBDB4ECD4BDBE
:10086000E46D99BD5971F8BCB72FD6BC8A5B573E71
:100870005B7B073E2A623F3EDADD3C3E1B932C3E0B
:10088000E1980B3E75E5C33D2E15A13DD59B443E39
:10089000A7313D3E67B1373E4B327E3EC316553DD4
:1008A000175A89BDBCF433BB5D0EC53EF612973DA9
:1008B000B2D32E3D17F2903D0326173E9159673E65
:1008C000C4B25E3EDED555BC900F87BE808978BE2F
:1008D000DFBBA43D86E99BBDE2248E3BEF7AB53DAC
:1008E00098138C3D600AB53DBA51CE3D537F363DDD
:1008F000F1AE283E93FA253E42969A3EAA06743EF1
:10090000EDFF5E3E2A7D963EB0308B3E8678353ECA
:1009100058E457BE8FC1233E8320173E6B9E823D15
:10092000601681BD33B7A43D634FC5BD1916403E67
:100930008011E23DEABB76BED63215BE8EAAD8BD86
:10094000D0C341B998A0213E4091FD3C3B4FD63DDC
:10095000482C393ECB1E473E8B27083E90CCCC3DE1
:10096000FD3D363EC42E7B3D8AD9BD3D04601C3E14
:1009700004879F3D06C0423E7F23CF3D884AF0BD9D
:100980001BDF543DE4ACFD3C6FD846BE3AE07A3DF7
:10099000B4B8BF3CF733AC3D12A7313CF113ABBE4A
:1009A0002E8B83BEA679DFBD192B013EF078EB3D7F
:1009B0006660813D9FF39B3D45DE3F3E27B075BDA0
:1009C000E28F373D3E030B3E628E77BA7B22EF3DCE
:1009D0009F6EFA3D3653E13DBB46263D1450A53D82
:1009E000295C063DDEE29DBDD51986BD7908D83D5E
:1009F0006018D03D830414BD8669E73D7021013C39
:100A00001609BCBC339B9C3DC85FABBC63E493BD83
:100A100028B532BEEB3994BD2A7D8FBD03C000BE20
:100A2000D53608BEB7C273BE23C2AFBDF168353D2F
:100A30005FA5A13C5A23E6BDC3919DBE7CD8CDBD28
:100A4000996409BDFA19F9BCECBFDCBC3500B9BE2C
:100A50002925D3BE1B2ADDBE529097BE22C0413E3F
:100A6000BD67C0BD913DF73B6EC3303DE8F712BC9A
:100A7000609E5CBBE8592CBDE0114FBC5015E3BB38
:100A8000792C08BD56D93FBE68EB8BBDEB4A4BBEF7
:100A9000FE6199BD923033BED01661BE55A478BEBA
:100AA0009C7654BE15A661BE9A34F2BEC941F4BD0F
:100AB00033270ABEF87FC3BE8C43A8BE848ED1BE46
:100AC000416CB4BE3DB3B2BE7CBA4FBE0A5D62BEDD
:100AD0000225013DB862823CFBD690BD1F188BBD3C
:100AE000308652BDAF53963D1AC68EBD704411BCC0
:100AF0002A532ABDF65116BD4E48093D9260023D6B
:100B0000E9B68C3D9F5A91BDB62D47BDDD5EA73D30
:100B100000ADEF3D7C06D73DB4BD82BD0F3123B89B
:100B2000CCB8BB3CAFC924BDC05B35BDBA97053D51
:100B3000F9324BBDB50132BDFA97213D6061EABC87
:100B40004002F7BBECACA0BD00BA9B3B8FD91ABDED
:100B5000217541BD5002143DC05E2BBB00FF0BBD93
:100B6000897807BD35B802BDD770603DF838023EC0
:100B70001781083C9364063ECCEBD03D1CA3B03DEE
:100B80008ADF643EDA158B3E5E41B83E6350AF3E6D
:100B90007704843EB532953E79138F3EE3B0BF3E75
:100BA0002DC1FB3E33C3C93DF7FE0C3EB1E3CB3D47
:100BB000C047D43C9623453D05A135BD6C8CFABC9D
:100BC000C3F00EBD04DAAC3C6932E6BC2964803D5A
:100BD0007F46213ED75FE93D38E4CE3D5335113E97
:100BE000A55D6BBD79C404BE0373C7BD345C3A3EDA
:100BF00082ED1D3DFE0A783DDB97F93D63472C3EB3
:100C000053E1AD3E92B34C3EBA40D43E96B15A3E0B
:100C100047F2193E89C1203E915D2EBDB38E05BCC1
:100C20006868183D038C003CB72C29BD90C4373C44
:100C3000505356BC7888163D29F1CA3D5D012C3EC3
:100C400054999C3ED842B33D5B61AA3EDD36003FDD
:100C50003101C23EEA04653D1B8E403E0EA24B3E72
:100C6000359AE2BC9D4E863EF1E7A83E4D04FB3D21
:100C7000D847C83D843835BDE3FF9A3D6EA60ABD0E
:100C80009F65BDBB40D56A3D4004D7BD599016BD98
:100C9000364B00BE9BDA4FBDEDE02A3DA078D7BBB6
:100CA000F4DD973C535F81BD32DCA3BD7F8E103EE7
:100CB0007BFB033F1438403DE2B9CA3DBE57253E99
:100CC000DD688B3D1E8B18BCC7E095BC11DD0A3E6C
:100CD0001EA9033E6A1AAA3D3CF3283E740923BDAF
:100CE000661045BE749DECBDC7FED7BD5EB1AABD02
:100CF000C71B3EBE9B24283B4C0266BE236E9EBE95
:100D000025A069BEB61E00BE3FE954BCB228F23B26
:100D10001009E13B70FC8D3B30B3EA3C14672ABEFE
:100D2000127D803D6204F33CBE29B53DE5279DBDA3
:100D30008D97AABDDCFA64BE6A90C3BDC74EA1BD43
:100D400057EE67BB37D9933D1D35ECBDA2D44D3C62
:100D5000ACC3A0BD963AC6BE40F2B9BEC261C5BE24
:100D6000F1739ABEE6178BBE138DA8BE95FFC0BE69
:100D7000DFFC8FBEC39E74BC527A42BC41C6F4BC39
:100D8000EF4D903D7DE17CBDE5CE12BDDA20ADBDDD
:100D900045A1DABD19EC96BC82777EBCD32360BE38
:100DA000289323BE0BB66CBE0529E0BD269DDC3C16
:100DB000DC8945BD9F26A73D2FD5403D165155BC2A
:100DC0009806EB3D41D51ABE4F6756BE2F90D3BE55
:100DD000CB58F3BE81AAF9BD3CD3BEBE0F0C29BFD0
:100DE0000758FDBE563B35BE1196ECBDCBCC9FBB24
:100DF000E576333D2B551D3EB230A637E062B6BDD9
:100E0000CA0DBBBDFBE293BEC71009BED36575BD5D
:100E1000140D63BEEB11C5BDE1A5733DE2F9F2BC53
:100E2000D2AEE03C6F55213E54711B3E887B863B21
:100E3000BAF61BBD9FBFD6BDFA7EB2BD7D0E94BE75
:100E40001AA4F5BEEBBCCABEA1B11DBFFE30E1BE07
:100E5000AC60BCBE3BAFFABE6FD56EBDA48493BD83
:100E60009D233FBD0CDD5E3E971681BD113B1FBB30
:100E700091091F3EFE310DBE2AA5903DDE343D3C5A
:100E80003D40173DB179863DA565AB3D845FAF3DE3
:100E9000A5F72E3E9C06523E7341803E06B98C3D1E
:100EA00022CD2BBECE2FE3BD3A8980BDD34322BED7
:100EB0002A7142BEBAF491BEF7306BBECEA7CABE4D
:100EC000DF6393BEF242BEBEC128693C5D84C73D6C
:100ED0008C06553DAA47853E3E3F15BEDA3F6F3D25
:100EE000E952E13EF7BA343D62CC9A3D93A1693EA6
:100EF000206E983DB1C0753E6FF73B3E38C63C3E14
:100F000059B6503E707C3F3E7D378F3ED8ABDBBD3F
:100F1000D2118DBDCE40683BA1691E3E6569A93DD9
:100F2000F74DEABDF9EEAFBDA49B09BEC748DEBED2
:100F3000C3B75CBE5AD671BE3F08CEBC066A7E3EC1
:100F40000C29823CAD10593D34B5F03D69A3BC3D40
:100F5000235E073EC391B13DC6EB1A3EC6DD453E5A
:100F60004E45193EA9965C3E4248FA3D9A8B463E54
:100F7000EA2BC93BBF5C993E27BA943D6C7E3ABDD3
:100F8000216DA53D1F7F003E60F7903DE0B3063E1A
:100F900060D4693B74F22EBD5DDC113D5489D03CB8
:100FA000673020BEDAA1E8BDC2F707BE10B3A23E8B
:100FB00084C9AB3D1509F33C1B20803EAB37673E2F
:100FC00034C6263E685A323EA2BBA23DC3A0013EB3
:100FD00000A71B3E8119703E1DF21A3EB1F5203E5E
:100FE000EEEAE43D2FB9943E7B52DB3DEA1A083E1F
:100FF000203A073E117F343E3725453EF686E83DD0
:1010000012F2393EA2FB4E3D13D15A3E294D0C3E01
:1010100012D5B63D6842F9BE9239BABE66FEBE3EF2
:10102000EFD9EC3DD0B3133E908D493E5C3B21BDE2
:10103000B0126F3E267A3F3E6B73FF3D4158093D2B
:101040007F967D3DE126F43D8256C33C88516FBDBD
:10105000352334BD0A0012BE2CC07BB9050E223EDA
:10106000F234193EBC2B793E15F0883EC19818BB6E
:10107000D230CA3D45F5883D5D1C693D1A93823EDC
:10108000BF01F7BBD46588BE1A1AE73D6FFBA13ECE
:10109000CDB6103D48C58FBBF72E923ECD82713D37
:1010A000D5A2413E864B243D748AC63D031EA8BD91
:1010B000656219BECCC5A0BD6DE5C5BC37BB283D7A
:1010C000EEB51ABE745519BE1BA09D3DC7507CBB22
:1010D00079AE273E5391AFBA7A529C3DA7E41BBD2F
:1010E0005BF7113D19A61E3E1118113E9E76073E74
:1010F0000DC95F3EE8AB31BEBE750EBEF44502BE03
:101100009F6E20BEA9FBEA3D99A9D13EF78C093E0E
:10111000BCFD7A3DB03ABF3CFAFFCA3D5B2A66BED1
:10112000B1DF1DBEC3C4D8BD168AE73D4C35D0BD66
:101130006C6905BE1C9057BEC18FDDBDA8D6D33CDF
:10114000A4CB1C3DE31267BDEA8E043EDCB5E63D50
:10115000AE03783E88EAAD3D84313E3E9D322C3E62
:1011600032DC883EA80B36BE102046BEA31413BE48
:1011700061759DBDB7DA8DBDD326F4BD112FB3BC0B
:10118000E389EBBC93FD1E3ED52E723D0FEC00BEF5
:10119000ADF842BD0D101D3CD54F7C3DE9E51BBEB1
:1011A00084F11EBEC19084BE1A705FBEBA770FBEB6
:1011B000D3C309BE2BE7DD3D007C993CCE60CD3D1D
:1011C000D058623E9AB8303E32A4903D6C50EF3D0C
:1011D000AFD1A7BBEF820E3DB5EE12BFC9111BBE4A
:1011E000C2AA0D3E2C9A253DEF4BF83D8AFBC93C27
:1011F000926B263E8B89EC3DF074323D54F9A2BDD2
:101200002129B1BC7E34D73D97ECB93D146D893CA2
:10121000A425E03BFE3CFEBD8A4436BE936D61BE14
:10122000ED9111BEEC998A3C8A056BBD1BFDD03D4A
:10123000116C7D3D836C603D8496FE3D6163C33DD2
:10124000ED8B12BD9C4AA3BE09E706BF7371B7BD03
:101250004B1DA13D5244913DC12A32BDC561EA3DBD
:101260001927823DF4E3913C305948373EA67A3C39
:10127000BDD7173D3237773D22C6D53D95B6233DC4
:101280003819E1BBDDFC0B3D4E3A86BD8ECE9DBDCF
:10129000BD63E1BD0863FE3D8B7EC3BCD5B0F8BB2A
:1012A000E0A4603D6EFDFB3C1DCA8A3EE6C8CB3C17
:1012B0000A7982BD80E885BEDE57BBBEF3FDC93C1E
:1012C0002B15AF3EB071AE3D24B0DB3D868591BE9F
:1012D000CFA7273D423ACD3BB83574BEE1CFC3BD61
:1012E000CF16013EA879AB3C94A8153E960E333D2F
:1012F000BDEF67BCB2C5DFBD599348BD35CE00BE5A
:101300008AA2F2BAE8A2B33D6164463D1BC68C3D99
:10131000404C7BBDFD6669BD4B16BC3D81995CBEF2
:1013200070C218BFBDA979BE8CBF01BEBA7E34BEE3
:101330003961993D4901413EFF17743E796E7CBE8B
:10134000479842BE85AC2DBC36AEC5BE38CD88BEF2
:10135000F408423D2CCC763DC1190C3EA3C9AC3DEE
:1013600011FC853CE34BDB3C3873E03C94C8DB3C30
:101370001E998ABC5900C83D632912BCD76E2A3E0B
:1013800050FE743D0816AA3CB63EA5BCEB838ABE4F
:10139000204E9CBE605D09BFD9F180BEF9025B3E64
:1013A0005D95AA3D08CE833E2DA872BD0B8740BE39
:1013B0003558B4BD8EAC5FBE03B8DDBEF4D194BE6B
:1013C000452D94BD10EA2A3C8F0481BC98B96CBDB0
:1013D000595796BDE588AB3CD7DD123DA6FD9D3D36
:1013E000EC80653DB306BC3B7A26DABDB49D9E3DDC
:1013F00022EA39BDD4D24ABEF1C352BEB0EA89BD99
:101400006B68423E2AF7053E79B111BE8E1AE43C64
:101410005D9D36BC60245FBD6E1DA53C03BCE13CF8
:10142000B663F83D72ABDDBE2837AFBED41E03BD38
:10143000E4AA56BDA6EE1CBE62C87FBD238F50BE77
:10144000D62FBC3C210862BCF0D4A9BD9AEE393C31
:101450002984433D66EC3FBD18B1CDBD706E0DBE15
:101460000FB1D43B19A0BABD6B896ABD2AE473BE23
:10147000E782CB3D4D9B92BD2F038A3EE09130BD6C
:10148000BA827FBD69CF82B822B4E8BCB051203E99
:10149000E97C563E168FB8BEEC20C9BE73F9073DF5
:1014A0007AC1FF3DFAA8CB3AD0AE49BE3C4F58BEF8
:1014B000FDB6323C3E20983DE30C163E52D4223D10
:1014C000564D9EBC8978F8BD0AD101BECEA2B5BEEC
:1014D0003209A3BD8E5B91BE56A44FBE182307BD33
:1014E000364616BEB99D803DD07D0EBD0DBB49BCB4
:1014F000A2CFE7BCC83A913C03E5F7BB9F65C2BBEE
:10150000A000CD3C1E0B61BDC1AAF6BD1106D2BE26
:101510000317E3BD6F994EBE5C2073BEEEC5EBBDF5
:10152000EC2A26BE5631A5BD49C2873C0F491DBDD8
:10153000EBBBA6BD4C97CEBDA18B5FBEB8387DBEC0
:10154000F7465FBEEDC468BEF35B143E7407523EBF
:10155000AD9AB83C9F7594BD3E45AEBEF74F3ABDBF
:101560005AE2B4BCD2D3413D5D3E9BBC90F2843D77
:10157000044D273E5B24BC3C56E2CB39C3F76CBD1F
:10158000838545BE338591BE01809DBE19997CBE81
:10159000295335BE345235BE1595FEBD0D9E0B3E0A
:1015A0002D2EDE3AD13ED93D34E712BE2A22A8BD07
:1015B000CECBB2BC3551BBBDD4787F3DA0C4D13DAC
:1015C0001720BBBDBF0112BE4F646EBD70D6D93CA3
:1015D00094A49ABD9812883C95535FBDC5A5F53D6E
:1015E0001844003BD071473DEB5124BE3564343E76
:1015F00031A98D3E6197F83D63AA30BE6E04CCBD23
:10160000B78B873D2468FB3AA32584BC2E919FBDF0
:10161000BDB6E83D901953BD65E1B5BD18E0423E49
:10162000C757703D84BD6E3D5CF89DBDC323D3BCE0
:10163000EB0C9D3C999A933DD2A80BBE1445853C7A
:101640008C39C43C101185BBD28E393DD5539EBB1D
:101650005804863C3588073D2D4C983D615FA83D78
:101660006A54B13E3F5BF03E1752533DD66403BE11
:10167000C94AF0BD42C8443EB935FD3EBCD74C3DD9
:101680008066A83ED491633E7681DE3D9A44E33E77
:101690000CAEF13E5FA7ED3E098BE03EB4F806BE0E
:1016A000645E1B3E5B5A9F3D3255473D96D5413D9A
:1016B000CBE3A33D80B9533BE23D07BD58AF893C26
:1016C0009F601C3D160C3ABD3759813EF7DB953EB5
:1016D0009AB5843EAAE53D3E66619E3E2002B23E3A
:1016E0009D8AAC3E043B533EDDF9FC3EBBC2683EE6
:1016F000DB72CE3E5C2FF63EEB88DD3E135FA13EF3
:101700008365AE3EFC9D963E3A1FA53E6FC6833E66
:10171000ED7A933DBCB85BBD0B5A97BD2745813D23
:1017200029DEA33D14D19EBD409A6FBD9F859B3D90
:1017300040D9DCBB8C0FFABC104338BD002267B91E
:101740007F6895BD404531BC10FA233DCC84AB3C4D
:10175000B733223D19B14C3D51DEC5BB1CB1823CB3
:1017600019C4883D9912A9BDEBE99A3D35B9A43D4C
:10177000F04A82BB6AF04D3D868B4BBD4031A83CA0
:101780007CE106BDB53015BD88D6433C7B74993DE0
:1017900030A7CF3C68E4F4BC604C8D3CF505883D37
:1017A000FE5F39BCE761373DC208853DDDE6C23DDD
:1017B00090DA79BC62D59A3DAB15B93D53EE213E26
:1017C00088867D3E8F39823E4A0DC43DD7193A3E08
:1017D0008DE6703E1F900F3EFD16C43D2236263E1C
:1017E0009DD19A3EFFE2EA3DF8270F3E2FC7073C06
:1017F000B806C73C1805813CF09D40BD47F840BD88
:10180000ABB591BDC27682BDF2D784BB520C053E0A
:101810008896EA3D9FCC643D5D43863DB30A2E3DEC
:10182000AE1D373EF2FCC63E6754AA3E2817743EF2
:101830002C29253EC3B882BEF0BA57BE887D58BD5C
:101840006CE6A53BF53F7ABD1CECAB3ED4AFBB3E8E
:10185000F00AD63D8A3FB83DD4934E3E23334A3DED
:101860004999BCBC93C14FBC52E922BD91E21EBD57
:10187000F08D2C3CC82FFCBC02EABA3C4462033E0B
:101880002AAE563DBB81833D07866B3E6655DCBD67
:101890006018013CCCBEA73EC36D0C3EE77F563EB0
:1018A00079FF673D8CAE483CD821A4BDA31068BD2C
:1018B00067FAECBD5625513D8FBF1D3EECBB9A3DEE
:1018C000F053E6BDFBD6B03E201EDA3ECDEDCB3E5A
:1018D000283A0D3EA0B82EBEF79BBA3D1718A53D7D
:1018E0001A2910BDE95D693D37A1703DE6916CBED6
:1018F0004F5EA3BD18C680BD714CA0BC66DF343DF1
:101900006D46B03C7A23353E86F8823D1D5A8F3DA8
:10191000903FDEBC4FFA02BE8FED2CBE1DA761BE0C
:10192000CF459FBED7304BBE8D1820BEF0D6963B1C
:101930009448C13C028A863EBDD1CC3C328A093DE6
:10194000EE1DDD3D1D54C83C3792833EFEA5803E12
:1019500079FD8C3D5C15A73CC83CA2BD967152BE7A
:10196000AB571D3EF26A4ABD4826B1BD44531D3EE9
:10197000164CBD3E6247D33E802F9A3EFE4B0D3E35
:10198000AF0E833DDF4751BD1EF333BD0473593C99
:101990003DED3D3CD2B82A3D14ABACBDCE73803B8F
:1019A000F53DA1BC1659643C965A4FBE5A045CBE24
:1019B00096EA263DAF06FF3E944AD33EFEAC2A3E51
:1019C00063ADA73D1A17DABDB2E13E3E79DD9E3C1C
:1019D0000691DE3D6CAF8E3E2393343E9005DD3D97
:1019E000A7F6A43ECF890B3ED3EA473DDAEA693E2B
:1019F000FE54583E74B6E43DCA73D2BC28D501BC2F
:101A000072F66E3D02BC2F3D146FB53AECF6CBBCBE
:101A100066720ABDA3610B3EE683493CCBBC123E15
:101A2000444E00BDCB68BD3EF613253D089D613E8A
:101A300021DF483D5DE5173E1C2E953E1C6B1A3E8E
:101A40004306EB3D98D3233DC224BE3DB905B43DCA
:101A5000DFCE843DF008893D9612B93D8AD2B23D71
:101A6000FB710BBD331A04BE7AA22ABE285628BECB
:101A7000DDE50ABE38D6DD3DBB3BCE3D066BB93B4E
:101A8000C92990BDC55B2BBB579A3F3ECD97F63D0C
:101A90007A3B12BB55C93ABE20D2D3BD617426BB76
:101AA0003B1F8C3D8734343EF1CEE53D3053B73C8F
:101AB0003FD3BCBC046EBFBD01D22D3E2E21073EDC
:101AC0007147273EAFCF6B3E4B21EC3D2E96083D34
:101AD00037EB16BCA0089F3C85D0BA3C5BFCA3BD8D
:101AE0009911CFBBF547523DCE5D113E694A813D0C
:101AF00019D91A3E5F26D83D6F4401BDE70729BBBF
:101B0000A821DCBDEFEDAEBE1640803DC3EFAC3D7D
:101B1000ED3222BCC96FE43D164C123D36735D3D7B
:101B2000199D1A3E102781BC9F45B43D4C9EE5BBD4
:101B3000BF05253D30A53FBB44E10B3ED0AE6D3D1A
:101B40002F3A32BD2D1ECE3DE653CB3D1C01B53C98
:101B50005D81AFBC03CA433D58034BB836D826BDA0
:101B60009E64CB3DCCE9CF3D501F12BE527941BEA1
:101B700096F735BEBF2924BD44A36B3E2CDBA93E9E
:101B80009E2427BD18A6563D9F8C8A3ECD33B2BDFC
:101B9000DFA1E83D08B03D3D7FCB5ABD7F20843AB0
:101BA0002AFD113D9ED205BDB67B013E1F578E3DDD
:101BB0007BE9BCBC2DA58F3D4BD9D13D97B1FEBD76
:101BC000A59171BDB82D883DB2F0A33DAA3CC63D9C
:101BD000C2475A3D4F55D63C9E9AA7BCA77C1FBE14
:101BE000D03FE8BC52AD2EBE49FB08BED669AD3E23
:101BF0000944AB3D35459CBCD9D5083E41D3BF3DDA
:101C000006D226BDD4B182BDD396ECBCDB1FFF3D0E
:101C1000BE4A8EBDEDF667BD2A194B3CB060733DE0
:101C20008455A83DB5E38D3D06EDF33DA8D3003CBA
:101C30001C800ABD3F2E523C458CC0BD73A35D3D48
:101C4000A314003E22FC3F3E994B02BD9844AFBE18
:101C500082C1383EE1A2883D5097143EDC6776BDD4
:101C6000C080EBBC14046A3DE60F763EAE1E2D3EEE
:101C70008A86DBBDEFBAC3BC5ED187BD03E94BBC2E
:101C8000F9FA24BDF2CB72BD8F073DBE178F03BE9C
:101C9000F0E283BDC452CABCB0F2C9BD34F709BE7C
:101CA000DBC0D73CA4623E3DCBD2E5BDF7C88C3C3F
:101CB0007EF3A4BD875CBC3D5B4F673D60147FBE77
:101CC000FB113C3E3409533E8DF47FBE405EBEBDE9
:101CD000CC70243D02A9B83CED3D993EDD56F43D63
:101CE0009C5625BE7258E6B9BFA1C3BDBABF6BBE34
:101CF0007ADA32BEFBEB8FBDFEBED4BDCA90B7BD53
:101D0000F02C38BD125C49BDAC74C1BD57F896BC0F
:101D1000EF047FBD4C0737BD3C9225BE822365BED4
:101D2000E8047DBD5B92C33C5D7ABE3B7EEE2EBE79
:101D300097744FBDC743943DBDDD5CBEB488C83DBC
:101D4000BB2D2D3E17C1DF3B197F933E358393BCDE
:101D50009C775BBD30BCF1BB21A303BE985A7EBE0D
:101D600063BAD9BDBEC844BE4ACBDB3DE43A96BD9A
:101D7000E2CB43BD7C1379BE6852D0BD4E9788BD7F
:101D80007E2ABEBDAB1E1BBE8AE15FBDA88173BDAE
:101D90003F9517BDDC7B2B3D57BF09BD6AB7BFBD63
:101DA0005EFCEBBD0FD7E93D229BAB3DEB50AC3D5C
:101DB000D3E0253EC9D9B7BDDBB4D5BD8DD9D03D63
:101DC000C5CA07BE29D0F6BCE48230BECA47FDBDF5
:101DD00012408BBEB929AB3D12E9373EDC29973D55
:101DE00092FF26BD760C10BEFDDEC0BC7F0437BD61
:101DF0007BD380BEBD1AD1BD132BC93DC55E1EBDB0
:101E000075CE483D8856923DE13B09BE44566C3C38
:101E100072E6863EB0D7933E276AF1BE030FD23DED
:101E20002B91803D57C2DEBC2FA4DFBDA01893BD0F
:101E3000C6C907BE3D1A8FBE2979D6BEB98089BEF4
:101E4000A57983BE527CF13DD1B20B3E43A3A33DA5
:101E5000E1A6323D61E9D3BC9FA196BC9BFCA8BD25
:101E6000158ED33DD9A53D3EDFD9863DD4ED273E25
:101E70000199E93C7C460BBC621339BEDB00F4BD22
:101E80003FAC29397983933E5597163E76BB07BD03
:101E900030A19C3B0E0B9ABDCA13E43DE865AEBD74
:101EA00050225BBEEF7A70BEBEBEC4BE0C49DDBE22
:101EB000D82B10BDA8019B3ECC793C3ED0C93E3EFC
:101EC000D9F9FCBBF9194BBED9D3943D40428F3DA3
:101ED000AFC6B73D43D94C3D2D3CFE3D3B14073EBC
:101EE0002BA8A33DE449963D6D1B103DADE1393D66
:101EF00081A2E53D8C2F9A3DDDABA23B3771373E89
:101F0000E3B73ABEA45141BDA138D03D796FA9BD18
:101F1000E74994BE942FEFBE400BE5BE2E3C82BA3B
:101F2000737249BD949D8C3E97EDBD3ECA8346BCFD
:101F3000F4483BBE635715BEDF7C863D78931F3D5A
:101F4000A9B33BBD749DE1BCA92BEA3D83D8D1BDAB
:101F50005C491EBEC918233AC878B03DF55BBC3D4C
:101F6000709674BD3029BA3DC654A33E08D681BED2
:101F70008BF8EBBD5D8D0E3EE771013E430213BC55
:101F800000C309BE5AB4EDBE7F6A62BE93629EBDB5
:101F90001F93183E09E99F3E63ADAD3ED9BFC73DD3
:101FA00063FAAABD83974DBE36D7123E63E3133E54
:101FB000927FCEBDB5544E3D407E1EBEECC24EBE9D
:101FC0008A5604BE2744023B2EC6A33D3B6137BD63
:101FD00034C933BEF120F5BD8BEAC53DC9881FBEAB
:101FE0003AF054BD909FAB3D8CCF913EBDF1973DF3
:101FF00090ED62BE192C4DBEEC052DBE597A11BE76
:102000005ED4903C4AC91F3E43F2C13E65A52F3EB7
:10201000068CF73D78DCCABCBAFC403E3E81153EDA
:1020200003A45BBE82614DBED1ADC7BD16F181BEBA
:102030004D231DBE858354BD80F997BD88B051BE28
:10204000F55C57BEFC1D89BEB7DFC9BDF473E5BCA6
:10205000668EB3BD051A6DBD2249863E0AF134BCB9
:102060001D038CBE2B3E70BECE5B62BC2BC33BBE41
:10207000465A19BDF3865B3EE929123E77164F3E5C
:102080001D2C383E8412C53D4C63A93D3840073DA8
:10209000304E013BDB990ABE3F62F7BD91422EBE36
:1020A000CCF51EBE37945ABE22A89ABD42FEC1BBD3
:1020B000605E6EBEF3E330BE885DEF3E114E593D6B
:1020C000A51131BB1D714DBB3B14D03DC1F036BED7
:1020D0006A606CBEF765A2BE51083FBD13C89C3D47
:1020E000F0074E3DAB42523D9836273E88E84B3EC6
:1020F000F1210C3E9B103C3DA17021BDC5E690BD79
:10210000D97D94BD530F26BE1765E9BDA8AE63BE49
:102110000A3F1BBEB8EE74BEF97F07BE076C093DCF
:10212000980D9CBE434801BEF7AAC0BD58E9DE3CED
:10213000351B803DE22B3D3D9ECE16BE9FCFA1BEFE
:10214000001C23BE2BBC83BD0F18993CC4AB08BB3D
:102150006915DABCE611F43C466FBB3D969B10BC9A
:1021600073B3163EBF496B3EEBA7A73D1B93A93C3B
:102170002404C7BC25C217BEB08D3FBD76BE7B3DD3
:102180002E8A24BE08828DBE3AB238BEF945863DFD
:1021900097E9AABE76D307BE5204B5BEC60D553D1B
:1021A000AE73763D5162943D7B94743ED31ED5BD93
:1021B00069EB563C67A485BC8397AB3DA19264BD97
:1021C0004CEDFB3CDAF2DCBDA27DF93C2BD5F23ABA
:1021D000784A8A3DB9F4373ED2C3F43CD702B23DC7
:1021E000CEFB373E542C13BE2106193EF4F822BD17
:1021F00042C6ECBD43BB8ABEC0AC7CBE251965BEE1
:10220000E65B4E3D4B5C5DBECE8226BE2016B9BB62
:1022100038DB003D4A3B7C3D02AA4CBE69EF993E4B
:10222000DBAA463E51F08D3C581C623DAE1C533D2E
:1022300074CFD7BDB7F1D03BC237613D5C285F3D5D
:1022400066AFFEBD6B0D00BEE630BA3D711B333E7E
:102250005600903EF446303ED66C9ABD6D9641BE17
:10226000E179ABBEBE2367BE7C74433D940EE6BDF0
:102270000311B0BD6025EEBC1E01B63D1734833D91
:10228000205C1CBC7B85A33D2BCD8B3DE40A043D2B
:102290003901383E70A602BE0FB7BABC9E9BC53D41
:1022A000D2D3A33DF94B2D3EF727953CEC43263C7A
:1022B0004D2B1B3E34DF3F3E089022BE71B01D3EC9
:1022C000A5E9ADBB56F558BDD5F714BC0E7A553E01
:1022D0006D2281BD1321EBBB7265B5BD4A0041BEC5
:1022E00002D678BED043A03D2053D93C22DF1D3D0D
:1022F000A00894BC4467B03C160D5D3D4B01863D83
:102300007C9F0B3EAE4BA43D9896D63D6299A4BAF5
:1023100009902CBD8AB3203E1DDBBD3D4F9EB13BD5
:1023200002F32F3D2C17803DD185C73DD6A0293E15
:102330005B0D493E5193973E1359DA3DA5D10E3EB0
:10234000DF9EDC3D3141DB3CC7E84C3D0689A43DC6
:102350001FDFA33DA5BBA0BDC31D97BDE285203DEA
:10236000105C35BC8081BC3C3F30A93D00C1433C82
:10237000D007873C095799BDAEB2743D66048BBD4A
:102380000B68903DEC88923C50A3F93B52B533BDAD
:10239000FD6B493D22AE0ABD3220E03D2E327D3D2F
:1023A00069A4A43D10F08EBCEB4A90BD850A973D10
:1023B000181B21BC002DB3B99D5EA2BD9EE11E3D40
:1023C0002AFE1CBD9DEC87BD145C0DBD95708F3D34
:1023D000DB2EA53D981D083DA23E8EBD0F42A7BD38
:1023E0006FA69EBB69FC393DF2F1F43CC368843DA5
:1023F0009DCE1E3E111A153D5699E33D4B21363BAD
:1024000062EF143EC0394F3EEA6821BDB36FB0BDE4
:10241000D215AA3E3C06883ED6A6373EFDC7A93E49
:102420002E4CD13E96EA3F3E5E49063E1A77C83DA5
:10243000F016CD3B30A2923B74F3EB3C927E2A3DEA
:10244000F65F633D306D23BC36593C3D7B6555BE20
:10245000F41E9E3DB8A5333E8A1CBC3D840E7C3ED6
:1024600026D26B3EB5F8633E46C3093E5463ED3E4B
:10247000B1D5153EACE6CEBDC4F4E03D7B80593D00
:10248000C0BA6A3EEC32353E3AF9F73E4CCF8EBDCB
:10249000CC70183EAE6AD23E7DF3363EF32AB13E92
:1024A0008254623EC90D7DBDD4CFB93C654F9EBDFF
:1024B00020164EBC00CA4DB92ABFB7BCF13F37BE8B
:1024C0009EA6983E446B2F3EEECB6B3ED8D09E3DF1
:1024D0001A33E03EEF2C543E0D8F913E940C843E17
:1024E0009B1E9A3EE13DB63D801F043EF986EC3DC1
:1024F000CAA0833BD1880D3EE8C6C13EA2B2983E39
:1025000013E2073EA68FA03E14B1A63EB209B83E24
:10251000BB2D973D776F80BD2EF4083E21ABA23DC9
:10252000318D863D6484853D579E133E70FF6E3E1F
:10253000F0CB193D0EE3ADBBC462A93D70F94ABCB6
:102540008658323EADF10EBDF3940E3EC2AFBC3D97
:102550005E10DC3B4649F2BD06A210BE10209F3D36
:1025600093CE0DBD95C7D9BC0CCB803DB3D4D03D27
:102570002B4DEC3DF0E5AD3D141F7FBD2A1AC13D4A
:10258000A811863E7BBF1E3E849B873E6207FD3DB1
:10259000685EA5BC788C743CF4BA973EFC18853D07
:1025A000A017893E51A2A2BDDC9ABFBD8518E53CAB
:1025B000377B00BB8B156D3D0A4153BDE0200F3DBD
:1025C000066A103A91C32B3D80F919BD9960C7BDC9
:1025D000E4FE4F3C583E1E3E345AA03CB498A53D04
:1025E000CDDF7C3E8BEC253E0E361EBD01D69BBD5D
:1025F000F520C73DED86A13EEF27CF3E3FED4C3E97
:102600005DD5823DF975E23D61A14E3D7486A63DE2
:102610009B3A8D3EAA2D7ABD01E60C3C9502233DE6
:1026200018E8063EC566283E5CF9753E780C463EC5
:10263000A205013D43CCB93D78D5EB3C1CBD823DA4
:10264000B22DE63B86CE8C3D4CD9093EC5C6733EC5
:102650000224873DD055A3BD7C02FBBDB05F71BD98
:10266000DCD50B3E7B43B13ED085973DE7C1563E5E
:10267000879C8C3D72A0583E21BF9C3D62A10B3EC1
:1026800004C7853E2BF8E4BDD0C689BD8481183DC2
:10269000F5CA833E4A5D883D2336F23DABB9B2BCF4
:1026A0000DF8153DA94FD13C421F6A3DDE91933D87
:1026B000ADF38E3B119127BD8403E53D4EC58F3DA3
:1026C000BDEED7BDEB4906BE60062CBEDD511BBE7C
:1026D000831B1EBD45F3653E752E853DA403963EC6
:1026E00041F3933D94751F3ED74C38BD7729FB3D90
:1026F000CE86E73D8B44F73C370D453D16D60E3D63
:1027000052C6113D273ED93C4FAB44BC0416513D47
:10271000CF5AE73DACFF0C3CC53ED1BD827166BED1
:10272000ED2DAB3DC1178E3C7DA140BD28D1403D74
:1027300072FE643DE8B91C3DB9F4A13DFC89453CFD
:10274000E8F86A3DE92A18BDA00F583D78AE283E4A
:1027500068C686BD1323A73BC67D6F3D1AD6E93DEB
:1027600086029D3A2D39B53DADDD103E718A98BB8C
:10277000ED07893DB99193BD0A99613CB190733CD5
:1027800015C2FA3CF3EFFBBD1DCE91BBDBB572BEAB
:102790000205673BF3E88EBBD8D6F2BC1C07B0BB82
:1027A0004026BABD0DFE31BD8F4C413E390BA03DD8
:1027B00032EFC2BDBAEE7A3E5C288D3E58D98EBE4D
:1027C000B9CFF23C110638BE0CE373BE7A893D3EA8
:1027D000C43F683DBC3A8DBB1DD5CC3DA6147A3DA7
:1027E000A2909FBDAAE9A5BC04E864BDF772F7BD3D
:1027F000A97D04BE032202BC164148BD354D64BE0E
:10280000F3C391BCB2CAD8BC350ABF3D1DC38C3CD2
:10281000906DCB3DA9C37ABDA309FD3C308BEE3D45
:10282000EC18433EC72F863DE508A33EBD263CBEBF
:1028300053FD67BC941394BD70B6FD3D1198533E93
:102840000E788F3E50C7773E90DF063D4A0A83BC24
:102850008A58D9BBC9729EBDB6604EBD2858B53DD9
:102860007C50123DBDA8783E71A11B3EC6B90ABD81
:1028700048B2F13C88F079BDC950C13D87C32D3DB8
:10288000838A863DC0ECF3BDF214143D70A6CF3DA3
:10289000896F903E3B0CA23EA064293FF7E42B3E9B
:1028A0002AC331BD564FF0BDAC9792BDE14B4B3EB4
:1028B000985A993DFCAD873DEB96E13C9528AF3D9C
:1028C0002710443D496ABD3D9EF4553D87730D3D3B
:1028D00037F8883D2005193EB1C46A3E3C3CAB3D0B
:1028E000BA9045BD5B07A2BC5C8041BEC88BA23CD0
:1028F000D8119FBD343AF0BDA3B3A9BD198E07BE50
:10290000E472B9BDF3B35A3D5F04B73EFE34A63E50
:10291000CEC4E2BDA91FC3BC931A9E3D268A083EC1
:1029200055623EBE06D52B3C6683CB3D9EB7DABCD6
:10293000439AB03D1C9C98BD53390C3CA733973D3E
:10294000B3A3AF3CFB24253E3CE8123E2C1EE03DE9
:1029500053389F3C0A685FBEE54AFCBD91CEF6BD88
:1029600098812D3D4D4FA6BCA1BABEBD162003BE19
:10297000D2D29C3D5D4B08BD9843913D40F1A93DAD
:10298000E5CEB43C7A2B0BBC3F00033E8BCE2F3EF2
:102990003C0847BD225126BEAB19A43DBE59BCBD63
:1029A00001379DBDE5332B3D68915D3EF38E123EB0
:1029B000278D5B3D94BA013E5CCB773E98C3D83DF2
:1029C0004076893D704C4BBE187810BE58E62DBD40
:1029D000A33C373D7D31D23D85DDB5BD7D5EF7BC85
:1029E0007D67A7BD12CAB0BDDF6EB53E0E50CDBC2F
:1029F000D5E084BCB02B403EFD3AAABD15DD59BEE2
:102A00002A7E45BD7A110A3E413C513EB246DB3C2E
:102A10000648B1BD2E18C6BD1126DA3D925E023EB3
:102A20001925073E31BBF53CB0C0173E9F4482BD1F
:102A300027B6D8BD932028BEEA2809BD3E4A063DE8
:102A400085BFA13D5643823DF7A5253D25899C3C88
:102A50009229E63D6A267CBD890B07BE74ABCE3D4C
:102A6000FC3009BEEB72053E53DA943ED5377E3D0D
:102A7000F64630BD4EE0183D999D863DEFF116BDFE
:102A80001F8B02BE7267A33D0995143E372FAF3DE1
:102A90003EDDF63D3D08123D76FF8A3BF8BEC1BCE7
:102AA000001687BD2CC038BDAF0FC43C3883043E30
:102AB000396B89BC9FD2843D96265F3EF811633EF8
:102AC00048DFED3DC876403E3686323D463B613EAE
:102AD000E25CA6BD7176903DB551F6BCC713EF3DE3
:102AE0008A8CCE3966F4D03CF0779E3B6F4A35BD78
:102AF0008A934C3C9E7500BD4B627DBD2CF9DEBCBB
:102B0000F2F5BB3D968DE13DFD34C6BD8755083CD1
:102B1000BB79EBBD575B6BBDB101DCBD8C47D63DCE
:102B2000B4FCAD3D2300303DE7B6543D7950193E2D
:102B3000A4C9DF3DEC25A8BD7D0211BE0441623D64
:102B400090FA903E4D822E3DFBC530BD960AE23D87
:102B5000BD91BDBDC2DA263E3455D23DD22D313EA7
:102B6000EDCE023E2482D53CF498D63D6032813CC5
:102B7000D5CDAD3DE6E053BC464817BDCAE04BBDE0
:102B800073C940BD6BCF283D5B85303C06979E3DA9
:102B90003E057A3CAEC9BC3DD835023D41A76E3DED
:102BA000962B0DBE9FD8903D4BDE30BC7ED2B6BD7D
:102BB0005EFEEABDDD16F7BDC25F1A3DF07A813BCD
:102BC000AE1FCBBDC7139C3D7635363BE9BA5EBC24
:102BD000353B993D9D66A2BC56A44E3EAFC6323DE4
:102BE00016F40E3DD4AC613C87F0683C385F98BD6C
:102BF000865B6DBBB188E33D0DED5A3D6D92CE3DD8
:102C0000470525BDC660033E9B7C523DFBCC5B3E29
:102C100040F482BA5DC9E8BBD3B4C9BC96B3FABD6F
:102C200040854DBD09DB11BEE9A31BBDE48C073C0B
:102C3000D192C4BD4DBF0E3E6804693D314D6C3D1F
:102C40008921213E20F2033EF909493E90E2133EDC
:102C5000B97574BEBB7D85BB61FA2EBC65E1933D41
:102C6000E170DDBD164508BC4E2AB23CAAFE963D79
:102C700045D9063D90215A3DA7BA0D3E28FA363E69
:102C8000FC7417BDA8E6AC3D55FCE2BD7702A83C3C
:102C9000BAF33FBAD586103D474FC4BC14986BBDFC
:102CA000C47843BE953562BE8EDFD43CDE7A483EA2
:102CB0008E4592BDB5FC373DB16ED73D4472FD3DAA
:102CC00001A517BDB9C19F3C1AFCAC3D89CD7B3C29
:102CD0001DA552BDEF253C3D33B32F3EF4673D3C6F
:102CE00000B27CBD03D937BC356A33BDEADF98BD7D
:102CF00093744ABD3FC1513D02E963BEFFA202BDCC
:102D000058037C3B2A91773DE802663D4C37433CB3
:102D100057AC1B3E46751ABE358117BEEB3B30BC27
:102D2000513A4CBE74F22BBD2BCDBA3D7C94A43DE0
:102D3000CADF933DD6278F3D94E2B63AB3505FBACF
:102D40000CEA14BC7F6D323E79731E3D239415BD91
:102D5000A35DC3BD72F222BEB550F9BD67E5BBBD30
:102D6000FCB837BC06D1A7BD6B080ABE318356BD7F
:102D70008CE40C3DC6DD323DDE4B713EBAB88E3E72
:102D80006643DD3E13E7983E7C8F69BE662478BEBD
:102D900001450DBEA76ED3BD4292CFBD27274FBDC3
:102DA0002CCAE1BD1909C4BC1722E6BD28F3A93B12
:102DB0006480F2BA5B44B7BD924C083E0ADCA1BD08
:102DC000E4851E3CEF039ABD88AA6E3E7725673ED8
:102DD0001B02583E57288C3DAF9E81BE88034EBCD7
:102DE000E2AC633D7E1B6D3D1FFA94BD8027A93E7A
:102DF00021A5C23DFEC15CBD5F5D0F3EF995313D31
:102E00005FD278BC7B240EBE8DAA943BC648C33DDE
:102E10005801CA3D1688043EF5DD92BBEC00BE3D6C
:102E20004542783E643B833BF1F8A83D688217BD7C
:102E3000A0BAFDBCA28A133B292B943D91839F3DF0
:102E40008CD91A3E78A7A2BE78E0AFBD5D3F8F3D1A
:102E50008D6CA13D0F25AC3DE12C953DC279CCBEDA
:102E60003C9E60BE68173C3D954EB23E7DE82E3ECE
:102E7000CE2A2B3EC3142C3DBEB06B3EB3C57A3E6A
:102E8000AE2AC43E342CA13EAF4F2E3E6E9E8F3EE6
:102E9000D318B63E9BAFC63E1C2FF23DD652E83E3D
:102EA00070BF863E9564C4BDF05D943D2A95263E74
:102EB000A9B3C73E7D6A10BD3F96803D235F86BDA6
:102EC0008EB67CBD48EE9BBDE093813C775AE3BD56
:102ED00095F064BE8A4A363C7371243EE1AC833E71
:102EE000A8B4B7BB9A068FBD33AEF13E54C11C3FA8
:102EF000E03E973E12EE0E3F1422943EFE583B3EBB
:102F000062DE9C3E5BC8B93E110C833EA6C9E53E1D
:102F10001F09E83EF66509BE9FF81D3D9876FD3D08
:102F200061B8F0BD82DB4F3D2613713D8025E13B4A
:102F3000BBC167BD66B17E3D40E9BA3CD640793D34
:102F400057C681BD0D81B03DB2B0C23B2A32F73DBC
:102F5000736F503DABBD3BBD4E9098BC7028A83DF3
:102F6000098E463EB717403EFC1DB83E28C7F23DCD
:102F700067BC003D39641E3DCD232BBE99CA46BEB9
:102F8000E58BC1BEDCC125BC2DA6913D7FE9273E66
:102F90000F269E3D94A482BCCC570B3DB82C3DBD62
:102FA000E0DBD33BA67D1BBDA0DED0BC4E20F6BC33
:102FB000AB74A33DFB0594BDE4E98EBCB57C9CBD20
:102FC0001AA54CBDAF5E93BD3F6680BD0073763AD7
:102FD00039F408BD092BEB3B89A2223C2D4799BD52
:102FE0009BD14DBD574BA2BD0C9F253DAF3EACBD07
:102FF000E814FC3CCB9A91BD2B9AAA3DD81E6BBC21
:1030000060F1383B88803DBC0A6881BD402E51BCD0
:10301000C036023CA8CACC3CA94593BDF6E6423D69
:10302000285D98BD1A01A5BCA2A6A4BD36F1FCBDC1
:10303000995D73BCA34808BEB7F74FBD1A52F7BDE0
:103040004A7E37BEEFA01CBE443DD1BD7FCEB4BD8D
:1030500080A663BE406C15BE04E9EABC6FB2E7BD52
:103060003011C8BDE66680BD89486CBD088748BD83
:10307000B1809A3D320DDABC88A8F6BCD8BA5CBDE6
:103080007BD08B3D6042593BFD2BEA3CD136123E52
:10309000B84710BEA07B4BBE461DB6BDC1205ABE70
:1030A0000E674FBE835E44BE9C4A0EBC72EA9EBE53
:1030B000FB0488BE9EDA56BD43E4A8BB597AA3BD83
:1030C000FA0EAEBDFACB3A3E70A5A53E0EC3B03E99
:1030D000A207AB3E29F9763E0A62223E4A997E3C1F
:1030E0009C6C6ABE6796DFBD8CE5B33CF85732BD79
:1030F000CC4946BD06B8513DFC2E66BBF52B1F3DA5
:10310000192C88BECEF40BBE5DCC13BE3F0852BD59
:10311000CF14DEBD1C453F3D5CF5113E9DF3943D53
:10312000589B3C3D13303E3C154745BEAF8A12BE0E
:10313000324A82BDEDC06CBDF46F343E3D893F3EE6
:1031400063024B3E1C30013EE62BABBDED6A13BD66
:10315000AF6DA93EACBB0A3EB08279BC88B33A3CA5
:10316000960B01BD3757A9BC5B2E02BE5A9F8CBE81
:103170003EF39DBE006F79BEED49DE3C00EE0E3E93
:103180009A160DBE4B322E3DC5F118BE650A1EBD06
:10319000E20E2FBDBE90DABB43CF5E3CDB73F5BBC6
:1031A000BB93F63C7CE6CE3D3D7EF03D6EBFC03D20
:1031B000B39BFA3CC62FFA3DD0AA4F3E98198E3EDB
:1031C0002ED4BD3DB8EB433E73B7033FFD7B38BD06
:1031D0006033F23CCE232B3DF0F34FBEFF7E92BE18
:1031E0009A1422BE9A4976BDF9A4A83DB77F6CBC5B
:1031F00018F796BC0350913D2AEBC23C1EABBC3D78
:103200002061F13B7887DD3D4DF1C5BC0C4E373D6B
:1032100000A61A3DC171AE3D2793523E938117BC63
:1032200057B510BEF2B7343E03A5CC3D97BCF23D76
:10323000F80F92BD51DC5FBC50BC2F3E3DEFCCBCC3
:10324000FAD60E3DD650393D01789D3E26466D3D5D
:1032500090ECCCBDEB39363E918FE6BC32571B3C2F
:10326000B34E0F3E965903BEC36583BD256A923D9A
:1032700064C30F3D9E9EE43C61729EBC2CA029BE9F
:10328000B89912BEB7488CBD206410BEABF280BDA9
:103290007ECEC3BD3FF712BE2097B4BA5AD41FBE2C
:1032A00095E13F3D8A0FB23E01A2ED3DE5AC39BE4E
:1032B000B16A873D4D9BFCBDE554D13E6D4288BD52
:1032C000FCEF09BBD730903E407CFE3DDC76B23D42
:1032D000CFFD813D13D8B4BCD7B4AF3D674DD4BC4E
:1032E0004F12A13DB12524BD66CFCABD265D913CDC
:1032F000B3DA983CE65D9F3CC724CEBCF1FAD43CDF
:10330000BB028FBD62F02C3EEF0A70BC332815BEA5
:103310002C18FDBD4F06993DF057933D06A8F43C8F
:103320003A7F91BC9ACDA73DDE4F873E3193BDBD1C
:1033300068FFE43D0243DD3DC46A5C3EC64123BDF7
:10334000647CE0BCB24B063D6AA7BD3D0293033EE0
:10335000F22A9C3CA8155BBEE118B13C2CA3C13DF0
:10336000AA5A043D966F45BD54CDFE3DBF1DC1BD5B
:10337000665BC2BBBC167C3C422F4BBE3677ADBDF4
:103380005154753E19F5723E462F65BDD76BF7BD9A
:1033900042BB6EBD272D80BB478A073C385C0A3C88
:1033A000A95F883E201A373E3417F63D55FB243E70
:1033B00087F67EBCEE23C03C7BE0ED3DA11D053EC3
:1033C00040C6893D2F5C70BE1E5466BE04488ABB51
:1033D0006F8E143E8BEE75BBF7DC1F3E5B47DBBB8D
:1033E000C6CAA63DD2D1BC3D0B8919BEBA992D3DA6
:1033F00088F92B3DB4E9A43E2C8CF0BB692D6C3CC4
:10340000BC30C53DCFEE443EE4C8153E479181BD7A
:1034100087BDF13D9A70823EAA46603E8BED023E2A
:1034200062BAA43DC826DC3D89A6023EC2DB523EFC
:1034300090B082BB58A2C8BE09AA03BF487D95BE02
:103440002E04B63CC729BF3A39C21B3E294F58BC8F
:1034500017E9393EA91B843D09EA4BBD802C60BEAB
:103460004DB280BE3F0F333E0CB1483E3173163D26
:103470006DF8ACBD4E6E1B3B7E9A903E873D85BE7F
:103480002056D2BD70B1A03D9070643E1A81413E7D
:103490000FA1C53DDD932DBD2C8E633DE381973D8E
:1034A000163E0D3D29228ABE39ACD0BE002088BE12
:1034B000682CA2BD1C4F123E4A27233E41CE393E06
:1034C000E90B0E3E14F919BD475D98BC0435663D05
:1034D000898387BE71671BBEDE23943C2693C5BDDE
:1034E0006F884A3DF42CFEBD3E062B3E3ABB41BEE2
:1034F000E2437D3E3C60F83CDDD78C3E29E93D3D12
:10350000FE43863ECE8FA93D0432E33D09DA083EF4
:10351000FC6FD53CF29F5BBD3A52CBBEB6EC9ABE77
:10352000DA4CBABD15C378BDA2C19C3D7168683E36
:103530006478873E8F36833D6A80443EE4D94D3EB1
:103540006B0A78BE695189BEE0D05D3EE4344F3CE1
:103550001C075CBD9A656A3DB40585BD0A48A1BDDE
:10356000E0EA5E3E9D575C3E3FA734BD0A5F3C3DAE
:10357000B249FC3D791BA43DB67F093E92DDB33DC7
:10358000FE0E093EC128A4BD0C4681BE5F35BEBEFD
:1035900079F784BE19848A3C9A388E3DD981A23D40
:1035A000A612983E9C7BAF3DC3E32D3E44AA4F3EFE
:1035B000948DE3BD66AC5C3C4754613E19F2943D8A
:1035C000A7EDFE3D3EDDAEBD63FC04BE226BB5BC87
:1035D000433B133E36C8643E46F2B73D183F393E82
:1035E000DEF6143C9E181E3E5792003E1DAE64BD92
:1035F0009053663D97F890BCBB208FBEA128AABE11
:10360000791E2DBE6848D73DCFEB183E679F593EC7
:10361000432A8B3EE4BA1F3E6B359A3EFA940F3E26
:10362000420A21BD886D12BE90EE083E206CEB3D33
:10363000B9CFE13DB05E10BEE24C38BEFCD3C53D13
:103640006AB4933ED051DC3DAFA4743E7C694A3DE0
:10365000EB67A23CDFE1CB3D6D258A3D54173FBDB2
:10366000E4EF983B7D08673DEA499EBE2354F6BED1
:103670005C901ABE1326AC3D4BA69A3EDF76783E90
:103680006B4E2F3ED3563A3EB4F195BBC7C7A0BC94
:10369000E9F6EBBD8A4265BE241CD13B46B4C33D6E
:1036A000FAC20E3DAACC16BEDCA7E7BD647982BD86
:1036B0002B794D3E1410663EEC0EE13D111C9FBD72
:1036C0000DFE5DBDE1CED0BD870025BDCADC433C0B
:1036D000C98E083E4DA7F6BD9E70D9BEA767EFBE46
:1036E000AA07B03C7B8ABA3E17055D3E6AF9743E74
:1036F000CE3A473E8BDBA73D003ED3BC1B07C0BD87
:10370000951045BE5C0136BEF661233EBA7F04BD0E
:10371000602920BBC9046DBE06F6BDBD6B1286BD17
:1037200061A25FBD715C3ABCC2E3F83DF7724FBE67
:103730001D6AE1BDFEC50BBD4717083DD82FFE3CF5
:10374000EE8975BED436D9BEC739FCBE783F19BEE6
:10375000CD5CA13E8E6ED13ED7A7DC3EDCB3243ECD
:10376000CA57043CA43AAFBD641E87BD6D169BBE0C
:10377000EAD38EBEBEAC243DF275203EC860653EE5
:1037800002E13BBDE927D8BCA93A97BD389942BEB2
:103790004F5D45BDE38CDA3DA189393ED1B4B7BC5C
:1037A000301547BD0BC4E4BDD42E4CBEE9171FBE77
:1037B000FF9A71BE4664D1BEC5508FBE0BAD1B3E95
:1037C000F0B4B63E76FF813E611C373EC65739BC29
:1037D0008F9997BD8C7FC9BD86E323BE2E0596BE0B
:1037E000CE379DBDA93A563D1FDBC83C656DEE3D09
:1037F00002B95B3DDDBC213DD15C223D68F31EBEBC
:10380000784F91BDBFA8AFBCCF29DF3D1D0990B94E
:1038100043B22BBD951D9ABE33D4A1BED477CB3B0A
:10382000591800BEEE4AACBE6EBCF0BD92EC523EE2
:103830004DF6953E129BB83D4182E73DA5E00F3C19
:10384000FEC03D3CD65369BDCE0353BE59285CBE75
:1038500047ED46BE0E9F623DCD948F3DB6DDD13D16
:1038600060E955BBD30CFCBCCBA9913EFFB35A3CDD
:103870003E131ABEEB9C9B3D9CEB58BD569989BEEE
:10388000378011BEC12343BE8ED169BE951C3CBD9D
:103890007015D7BD5265B2BDBB7E46BD2490CB3DF1
:1038A0005D972A3EA70B8A3D8350ACBB16AE9A3D6E
:1038B000ABAD40BD822F85BD77BDC5BD705B1BBE66
:1038C00029D887BDFE91913EBD3B803DA64B6D3D05
:1038D0000CDC52BDF18E62BDEBCC163E3490383E0E
:1038E000D59D1EBE2804EEBDD83E9CBDDF3E76BEF3
:1038F0000F9F8DBD201F8BBDE8FF81BC0B1D693A5A
:10390000CFFCF23C489131BA13C8B1BCCE9C4F3EBB
:1039100011B9463E3FA6A43DD3E75C3DE6CBD23C81
:10392000F189DB3C2D3D1DBDC4006CBD52FADDBAF2
:103930001032933E09BC363E26FA9EBCA55A9CBD69
:10394000FCC5AA3C48B922BEB1F2B43D85433F3E16
:103950005FDB4DBE596C4DBE9E96D7BDADAEC2BDB0
:103960006D2BA1BD4C6836BEE8BBF3BB2461E63CC1
:10397000CDC0D93CB18485BD1634B43D75DD353E2E
:10398000B4740E3EFC9A9F3C28287CBCC5599EBB53
:10399000B142E0BD7F7456BE889BCDBD3E72003EF5
:1039A000EF17BE3EB2726C3E01E2E93D55AB51BD30
:1039B00026D6463D386617BC67A0A63C8A6BCD3D2F
:1039C000BB47BBBC2C0E4DBB8EC5DD3D4E74803D50
:1039D000C3F8AA3D289BB8BDD7D9A3BD1E7B463DE1
:1039E000E0BB0C3EDC57E4BB05791F3E5F93213EF4
:1039F0006E50143E69BFB43D890206BED5E869BD6C
:103A0000DF8AB1BCAD85603D8A182FBD64D09B3D77
:103A100065BAF73E3399303EA0182B3DE463123D62
:103A2000ECB892BD668A63BD59706F3EB204353DF5
:103A300099C7BA3D969F9D3D953BB33D09F7653EBD
:103A400002559F3E6B85F93D38993CBDFEFB4FBD4D
:103A50003A15A3BCAA5FFE3CB416E03D9E4F4A3E19
:103A6000E967E83D3EDB803ECBF2FD3D642CD03D76
:103A7000E483473EA454243EEBCF573EAE26DC3EC3
:103A800021B5C23EC514553EEAA7DDBBC0F523BB38
:103A900048D9DE3CE6B4353D87473A3D6550583D50
:103AA0003C28D13C1CC9EABDD92A15BD267C76BE6E
:103AB000C98231BE7E46EEBCF710ACBE94A1E4BD17
:103AC000C1D63BBE1E8B54BE467BD7BD2F095CBC06
:103AD00047B3BA3D2282603E4BA48F3E8DF95A3ED9
:103AE0009027823ECC9A963EF247D83D7E8B663E2A
:103AF00062ACF13BF8E3643ED1A01C3C62E8AABD95
:103B00000035A33CD6B95B3DF6CF76BD601168BBEE
:103B1000BEC7D63C91E58D3D024A5EBD334765BECA
:103B20009A2FBDBC4395713E1B4B093DD7F150BE4A
:103B3000CCF749BD6FFD94BD1D009C3EA410A73E6F
:103B4000DFC7093EAD9D2B3DB86F903D61D9813EE9
:103B5000385A8B3E8880853D673AC23DDB1B493E23
:103B60000DFDB33EDE397BBD5A28D1BC4D75963D67
:103B7000FC3D71BDE89C50BD49CC30BDD788A53D0A
:103B800027F74C3CCFCA3C3DC954FA3D8BC8073E91
:103B900032D7B83DCEC77A3C8224C5BB2CB8ACBC6A
:103BA000F6E75D3D1388193EC60C64BE6E0E9A3C66
:103BB0001C9D8E3EE5A83FBD908E603E54C0E83E01
:103BC0009E77253E5AFA9BBD3B0491BD93AD4DBEF9
:103BD000D036203D1840D53C6D6739BD8F51973D9B
:103BE0007BEF8B3D6BD6953D2A6357BDB2DCB8BCED
:103BF000CAEC2C3D913B57BDB0270FBDDD5416BD1F
:103C0000F10C23BDD2D6263DC45F943C42AA7F3D31
:103C1000C5CB8CBD5AA77E3DAE31B33D337984BD53
:103C2000488CDEBCFF8C84BDA753943D8DFA843D47
:103C30005D5145BD4EDB433DE42DFC3CDC1404BD31
:103C4000CCABC7BCB0F3A93C0A83E0BCCB2647BDD4
:103C500018D39C3C36410BBDB0CB983B79CC94BD7E
:103C6000216AF83BCE6791BD2DF5B2BC06281FBE78
:103C7000032708BEB5AC38BC991EB1BC0ED666BDD4
:103C8000D80568BE479396BE74E2ABBE94AC4EBEF8
:103C9000BD8B9FBC328DEBBC152FB4BDE3D50BBEE5
:103CA000383E84BEACB445BE86761ABEB85446BE15
:103CB0001A406F3DD4BDD93C00A8C2392A4C1EBD64
:103CC000C07CA9BCBA4A543D90C4933CE3FE9A3DE3
:103CD0003E0A71BE60B33ABE0F3282BDA87AF1BD12
:103CE0006F390F3E9AEC443E653C383EDD023FBEE4
:103CF0004BF09C3D8AF04EBC4F5897BEA42E07BF98
:103D0000B44798BEBA1518BE603749BE17DA4FBE21
:103D1000C26FCBBC69E71CBDE279F7BCD2F6043EAA
:103D2000B2718D3D8A5D7D3EF033F83B64C1AF3C9E
:103D300036C52F3DD82BC5BCC0192CBC1625353D2A
:103D4000CD3267BE5A0F913DCA530F3E5AFE873E91
:103D5000310F653EE55A5F3E5261433E4483623E09
:103D6000D011FB3DB4E01ABEF1C604BFA64B30BE75
:103D7000240141BE1AAEB8BD398A1ABE167D1B3E5B
:103D8000CDCFCB3D9D8F8DBD0CA51ABD2FFC9EBC0C
:103D90000FC1513ECED8993E8C221C3E4DC6933D5C
:103DA000D5A4A33D2A3BF43C671E873DBBBB2FBC7B
:103DB0002899A5BD02C22B3E5498883EE4C0843E9B
:103DC00023068CBD0D832BBDE2073C3DFA0117BDD8
:103DD0009AB6B03AA15C973DA9AFBEBCB74F84BCC0
:103DE000E20E78BCF073B5BD1DAD72BD2C6106BD91
:103DF00083DC623D1A8DAAB9B0D3523E44F4DD3D56
:103E0000679B573EEA8B7E3EA815B3BE231D73BE4B
:103E10003E5027BD4ADC773D530137BEB2183A3ECB
:103E2000E9BB0F3D1AC7913D5EF6D03D66CAE83D3D
:103E3000C8871ABE33B469BCEBA16ABD6991723DF3
:103E4000644FC73D5E30B43D9C196E3C45E1973CE4
:103E50005F14A53D24898DBDC48F013D995175BB6B
:103E6000D0146FBD7474483D63E9393EC8E5843EA3
:103E7000ACC514BDCED9923EE682A7BE8BAAE2BDE8
:103E800050273FBC0D5C053E32DD243DEA67873E8E
:103E9000EC51FE3CECAB67384B31983D03777A3DF3
:103EA000BEA8D83D527C913EB6BB1F3E6FB0503D80
:103EB0001F718B3DE6D1E13D87A36C3D8F3EC8BDB0
:103EC00070269ABD1CDDC639263C383E785AC93D5D
:103ED000F5B722BDCB1E99BDFA9FA2BB3031B03DD4
:103EE0006574CE3D3FAD473E3AA7403D1BA523BD7F
:103EF000B71AF0BC5CA8573E28197B3E96D4CF3E3B
:103F00004A19243E79680B3E142B773CE7AEEDBC92
:103F100035AC813D017C4D3ED2CC663D8A27FABD51
:103F20003DB1C03D5FDAD53D0A6F3A3BF4241EBE79
:103F3000F29DA5BDA06AF03D4611CCBC4489303E3F
:103F4000941CCE3C34D770BD0F31AE3DFD84A5BC72
:103F5000C2AC17BD11CD1F3DFB454BBDCAC210BE43
:103F6000F6A81D3D8F511B3E662A203E2E0B3DBEFE
:103F7000F248483EADABD3BC573F3EBE2F5F72BD4B
:103F8000199B5BBD3913163E768E663C03CC253DEE
:103F90003C1BDB3D93C7043DC7B10A3E26D1BFBCE5
:103FA0009588E6BD0CFF3C3C9DD892BD4D0A64B996
:103FB000C9D08A3DB6B498BD79DD1B3E32BBF93D10
:103FC0007DB77FBD92C62DBE845406BE1FB11DBDF8
:103FD000F5DDBC3C480EF73C906ACB3DDE25533CFA
:103FE0004C90373EFFDA563E2A2C393E94034E3D24
:103FF000C8939C3C07F65F3D4032BFBC905039BD32
:104000007005A63E232D773EF9257E3ED19EC63D06
:104010004328333C6D1BA93D8FFCE83DC5EF1ABD1D
:1040200069DB95BDC02E45BE8B63953D6C3A7ABD6C
:104030003CF915BD52D7D9BE9BF999BE94A1143B4A
:10404000DDB673BCC8B1B63D0D2432BD0C9C393D04
:104050003E417A3E4696D03E200A5B3EEED8E63D93
:104060005F66943EB3038E3E74F9723E8A8F8A3E39
:104070000931BD3E9EE9D83EBAD3423EC10FD43D80
:104080005E96583D4787DC3DF0DB9CBD14EBCE3C93
:10409000962825BEDEB877BE0D4137BE62F0A7BEBA
:1040A000577FBEBE5B2572BE8944243EB9B0273E11
:1040B00035AF08BD9FA1C53D8332C63DF178793E3D
:1040C0003AF38E3ED3F2EF3EA264853E4F8C133E10
:1040D000A928063EF7A64E3E5BC86D3E3A96643E62
:1040E0008B27343E6B7FEE3DCCB24CBD8CF6DA3A7A
:1040F0008D0C233DDB9378BC52E6623D0B0EBFBDB9
:1041000011A61BBE90C3A0BE10D64FBE9F5095BE39
:10411000D72CFCBEC576D1BD712EF6BD80A1913ED7
:1041200047EF4DBDDE77EA3DC20B263EF070013E03
:10413000F47279BD1129353EB476FA3C9C51283E83
:10414000A638C33D5401C53C0D0B87BD1F4E8BBE29
:10415000FD7AA8BD5DC462BD9AC544BD1A1796BC60
:104160000FB2713D5DF69E3BB296503E06E8AC3D07
:104170001D1879BDDC9B8DBD1A470DBE801B12BE7C
:10418000AC2AAEBEFA6F4BBC8E172BBE5C6E843E63
:104190006799D93D410B583DED2C5D3E2A536FBDCB
:1041A000A65BC9BE1B765FBD58812DBE99A71ABEFE
:1041B000B25F74BE182E62BEAB9F73BE3C54E3BEAA
:1041C0000200E4BE84EEBEBE1A5DB2BD57E99FBDDB
:1041D0004CDEF93D08BC523E3E2C063EFEC9EDBC0D
:1041E000AE5CC03D114C8CBD8805C9BC51619FBD02
:1041F0002113F5BD3DC878BE553DFFBCD7971C3E89
:1042000099B6443EF7D8823DF4387F3EC501D43C90
:104210004953DCBE68FD43BF098611BF6007D0BEAD
:1042200012CF11BFB90FF4BEF5EDFABE35FC05BFD4
:104230005941D6BEDAC8E1BEA49536BD6259F5BB78
:104240005D0387BD4C2CC13D76FF0E3E79FC493E97
:10425000D1DD1F3E48CF053ECA0DC43D5A8AC93C38
:10426000F24B12BE84998DBEAF76BB3E16B4E33DD1
:1042700080D37E3D579A093EB62E103E8D2B36BD1B
:10428000063AAABE4A4760BF061C53BFD70750BFB5
:1042900028CA56BF9BB72EBF46B2CDBEAA8EA3BEBC
:1042A000B5E576BE80868ABD014567BDF4931F3CA7
:1042B000D0E63B3DFBCDCC3D51280CBC6DDA533DE7
:1042C0005AC6153BF7060D3DC76C903D7135993BBD
:1042D00067DB1EBCF4C418BEBF43A13E8FC93B3E82
:1042E000B4CFF93D9985623E66C77C3D612E08BD1D
:1042F00049E88EBE6866F0BE8F4BCEBE5AB1CEBEC8
:10430000CA2202BF0953ADBE281D16BE5965CBBDDA
:10431000BFB63D3D66CA993D8D77F43BE7AA4BBBDE
:1043200087530F3EF7FA6A3DB855F43CDE67E93D26
:10433000E2BC4E3C2736F83D09014C3E8A27253D1C
:10434000A129163E0039FD3DC268A93E7A34973E48
:104350009035253D5B58DD3D0A06963E5AD50ABE8E
:10436000163892BE41B4FABD6EFBB2BD9F8A0F3EB5
:104370000BE8613EBE4F233D0C4087BDCF56B8BC15
:104380009DBA833DA24C953D2803E83D29F5C83CE4
:10439000D870FEBC6F7E013C938B013EAE32513D26
:1043A000CFD026BE63B5333D963C723D349303BEF9
:1043B0007C1918BD2A65BC3E0968B63E810F9F3E38
:1043C00075C9A3BD0DFDBA3DCCB0593EBA1E053D21
:1043D000D225FA3D5F096D3DD5A4293E0A0A753EF6
:1043E00039BBBC3E8179073E42FD0EBD0F1A5C3DD4
:1043F0002CBF133CAF82913DB788153E36043A3E40
:10440000ECF3BEBC8E50B2BCC4449DBDEEFABEBD42
:1044100091FAC7BD18CFB83DEF1CB3BD7B119EBD4F
:10442000541EE8BCD7DF203EBE8CC43E4122AC3EC9
:104430008716DBBC224D02BDA582323EE6A8323E85
:104440007989DC3D039AB8BC0F13823D69F64C3E76
:1044500002E0913E47768FBC2D70533CDDAB123E9F
:104460000203EE3C84435B3E1886053E2FB1D43CEC
:10447000F9D79CBD0DB453BC8758053C72A1F53CDF
:104480001ADFB2BDF374AEBDC1D600BE3C4551BD0E
:1044900084F38B3D73E78C3E6C38C33ECB5EB33EFA
:1044A000C047C83C0F804E3D7095E03EE0D8BF3E0F
:1044B0006A624D3D7B88353D5733853E2603093E74
:1044C000F441353EB1B8AD3DDDC0533D65BE463E1D
:1044D0009A72823DA58FC03DD56DF33D5620683D53
:1044E0009C6D8BBDDB572F3DFB4750BDC30109BE03
:1044F000087B53BDAC1093BD7C758ABDE0F5D73DFC
:104500003D98D7BDA1DB98BD5484823E520490BD36
:104510002BEFCDBC3B0E223E39A2A93E91180B3E9B
:10452000D917663ED025AB3DC07B97BD7E43B1BB5E
:10453000F979543D0706913D146D6B3E0010093E1C
:104540004ABA083E04CA383D1CFBAC3D7CB761BC8E
:104550004E3BEC3DDFA182BD6C67923D2B51E43DAB
:10456000E6356E3D2C2C853D46EEAE3D35A8BE3E73
:1045700006758D3E2208063E37B38CBED0B0C8BC4F
:104580007BA427BBD53EB03D9186AC3EC92FF63B00
:10459000F50D293E95F0323EADFA0CBDB8C1E63CB2
:1045A00019902D3D16B53E3ED423EA3C180B883DAC
:1045B000694B19BDEF71253CE7C50D3EB82913BD08
:1045C000A9B8D3BB80C5063D06FE1FBD00D2F73D8E
:1045D000C6091FBD8767E1BDD63A4EBC508FA63EC7
:1045E000EFA7A73EDCFBB43C86BF88BEC568A4BD70
:1045F00070CB0F3C9EA6603D2207E73ADF2EEA3DD6
:104600002B559E3D9727583EE2A4803DD1CC91BCCE
:10461000D1168BBD519FA53D96BAE93CAB1C5F3DC1
:10462000FFED603DD357EA3C4F15CFBCF735A43BB7
:10463000BCDF4DBD4286143E0C4F413DCE3F5BBDBD
:10464000B31F813C384EC5BD7335BABC08BA873E2E
:104650003D39CD3E567AE6BC4EAFA13EBC35FF3C5F
:1046600077C4A23D8273513DF9110B3D163EC83E01
:104670002707C33E48824E3ED77E953EC800AE3DDA
:10468000842FB9BDB387C6BD8EC87B3DCB251D3CED
:104690005AADCABD91CFADBDFB4E083ED8359BBDCE
:1046A000E03ADFBD158C7C3DC65F14BEFEE126BD41
:1046B0000C5A9ABD469C663DE7F7883D7A527F3D8D
:1046C00088D2C73E9BC3CD3ED680603EB86BFE3CD1
:1046D0009E4A023D98FBE33C1A6F48BDDF4EB43E54
:1046E000D5A13B3E47389F3EF3336F3E72E4A23D77
:1046F000DCE2913EF74F973EA215EC3CAD16F13C43
:10470000AB84213E1021813D523B7E3D89D7283E1E
:1047100020038A3EE6D51D3EF30F3B3E35C8023EE0
:10472000B6E29EBB50B99BBDB288CDBDA7B9ECBD6A
:10473000B077D0BDDF1C4CBBE824123EDC81E53CE9
:10474000FDA79E3D4C557CBD8069643A7D76A0BD39
:104750001D116CBE27BE01BEF0B78C3DDD53223E5D
:10476000912A9BBC0ADEC1BC7F22643C374D8E3D42
:10477000C0CE673DAC047A3E6613203E08C9603E59
:1047800079BF3BBD87711ABE83265F3D81D4FC3E55
:104790001BA1723E354A21BE243273BE972361BDF0
:1047A000C8ED25BC7683E7BB888512BCE6AA2B3D05
:1047B000B326853D23C53ABDCA5F5C3DE2449ABD40
:1047C0004BAF26BD2C43ADBBB68CC53DFFDAFD3DDE
:1047D000FB97A53D10CCCA3D987BEA3DE12ED63D26
:1047E000D2D61C3E8237513ED075663E02A612BE1E
:1047F000701706BD35F5793E9F1CCE3D8D9D9A3EC6
:104800008F423B3D6CAD74BDE8F685BE4370043D00
:10481000F8938ABCF9727DBD6AD46F3D4AC31ABD54
:10482000A010FE3C5DC7833DB4849CBC586D133C16
:10483000A1F458BD4DFF913D641A6FBD386520BC91
:1048400075EF62BD0CF8ED3CE4A6C9BCE06FE4BBBB
:1048500085859FBC75C7F2BB03ACEDBD5F7A95BD86
:104860009CD78ABC663A123DE833093D760E27BDD7
:10487000B31E68BDDAFA143DB86836BC8D76A13D2A
:1048800076275DBDDA97623D6C77ABBCC0E1E23A5A
:10489000B2C6313DF5F63ABDF865593C3E7A1EBDCB
:1048A000FBB276BD3554BE3DC91B0C3E8C9B853D8D
:1048B00075706D3C484D7C3D597C16BCFB07CCBCEB
:1048C000B8B8303E2D4D443E841B4F3E7ECD903EC9
:1048D0009C273D3DD8E2633D84877D3EA49ED43E27
:1048E0007F52D23E89C52A3EC1B9383E4E44733DFF
:1048F00066825B3D48A5553CEF0A8E3DC868AABC60
:10490000AA54BCBC725C3FBD8AC5363D359213BC0F
:104910001914423E3BE0A23E6620823DAB31003E90
:1049200008B087BD05443EBE8EDC38BED0F738BC2B
:10493000B192D8BDD464C3BD61BFEDBD6427153E3F
:1049400004D24B3E1D48573E0526FA3D4FC0613EFE
:10495000842B633E1803A33E1212613EE5D1683EEC
:1049600058D4973D687199BD7DBC953D8E19283D01
:10497000C02080BC389B91BC84ABB9BCB0C03E3D6C
:104980004A82923E86D518BD718B233EA2549C3E2E
:104990004FD48A3EB7D3D33DE7A35C3E46DB8DBC04
:1049A000C62203BD6583CBBD8C649EBBEDE9413E51
:1049B000763F0A3D260FA73D19DF0C3EBA92693EAD
:1049C00052A7ED3D255CD7BD706121BE2D0DA2BC67
:1049D000B1365C3E444AE0BDCB9A5B3E38CD98BCD4
:1049E000407D62BD2234523DA1682D3E8A08953D2E
:1049F0009158B43EE4C347BE8F4202BE89FAF0BD6F
:104A00004357D03D3484EA3D00F3CE3D685B81BD21
:104A100080A3A3BDA8F9163E867001BD2740393D8D
:104A20006C9FAD3D1F14B1BAC14ECFBD280E773E6D
:104A300014A97B3EAA39C4BD19155FBE4B462A3E58
:104A4000EC716EBDF1603FBE449FEFBDE5CF5D3EB2
:104A50000AC6443DCE46663D20FD9D3EE28A113E9B
:104A6000F878653E16330E3EDEB0BABD5F11DCBD90
:104A7000E6AD0E3D64476F3E4F6D51BD0DFD21BC4F
:104A8000D16AB8BDFCFD65BD2DEDC23C8AEF11BDFC
:104A900063A91ABD613DEB3C19714BBD38F8EBBC05
:104AA000FF55633E73A1613EF522073E3E79C83E45
:104AB0008602653E0CABB0BE797C973E88CF543EF3
:104AC000D097F43BF65F3B3E2417833C0F7E963D28
:104AD0001D06943E03FF9ABBE28736BE19364EBDD3
:104AE000229A483E7ACE453E8DDC663E8088A23DC5
:104AF0001102393D756C743DA68C31BE9BCF14BE3E
:104B00004E5911BE60801FBEC4FF26BEDD108FBD92
:104B1000772A823C7CA6D6BC6ADADD3B6E31433E06
:104B20003008A53E904D02BCE1CDC9BC436B183E98
:104B3000DE9D52BD79B5833E32C3203EC96C9E3E98
:104B400008BEB63EBE1B2BBEDD9001BFEB361D3C42
:104B5000E6D15DBD4409883C0710AABD551721BEAA
:104B60000A8A37BE76E63EBE115950BD8EA463BE9A
:104B7000AD6CA4BE1D3127BE145000BE7AEC41BE00
:104B8000FB12FB3CC4280F3E55CE113DD0D942BD8F
:104B9000162464BDF3521FBDDC90583E4AEE7C3EA5
:104BA000047A7BBB5B4E153EC9E1713C5A729D3E57
:104BB000EE9EA23E77E946BED0EBC0BE840214BE94
:104BC000ED4B89BE58F9C6BEBA2640BE2FAF94BE83
:104BD000914D54BE6FB8C8BEF16E3CBEBBEB18BE63
:104BE000590D05BEDB731DBE738A85BD7C700CBE7E
:104BF000F685883B6D0C233EFB47873D7B0E4BBD06
:104C00004406FCBD8EF3B9B9928384BEE3049B3E97
:104C1000BE8D39BD4E22883E102CB93CE0E73A3EAD
:104C2000728EB03EE7E6DFBD024C39BE8F1E61BE1C
:104C3000F7D427BEF0B5DFBEA19A93BE60D98ABE75
:104C40001A8BD5BE37E2A2BEC8C3D6BD54744ABDC6
:104C500099E9343EE96EBE3D2E4BB4BC554040BE92
:104C600058691EBDBC261A3EB38CC33DA5CCE13DA0
:104C7000E2FA21BE5397EBBD23E163BDB108A23E2A
:104C8000CE153A3D6294A83C950A443E224CC83D5C
:104C9000D506903EF46AAFBD21FD1CBEE4EC4DBECE
:104CA000CA6F7BBD12F009BEA8F436BEDA302CBE46
:104CB000664A6ABE655BB13D739D973EB5AC813E69
:104CC000A11FC03EFAC2023ED828593B46CA29BCA1
:104CD000C01561BDA31D093E0744203E2C72093E4C
:104CE0004B06B83E6530613E7DC3333EF3AF4D3E6B
:104CF00077B304BCD160D13D35D3153DF8E2743EA5
:104D0000A824BE3E145FF7BDF6CC47BE54CEB3BC5C
:104D100042F49ABC9E3B953C89A38BBCB776FBBD05
:104D2000E16F09BE9521753EA708B43E722FBA3EC9
:104D3000522B1B3E6C53EE3D4382393EF9C2393D46
:104D40003D8FBD3D6AA1363E9618C83DF731173EEE
:104D5000E45D483D984AEABDC92E3BBE365BC63E7F
:104D600077254EBD09E6B13DC9B82DBD1A542B3E7D
:104D70000B081A3E2A0B793DAC3C3FBDD2B4223E13
:104D800065C7973EDF78E03D7762B83CB1C10CBDA6
:104D9000B1060A3E64C4913E0497A33E03CD6C3E27
:104DA0008BC5803DD0E1A43DFE9B6D3E32BE503DA3
:104DB000434B553DD23A02BD50E787BBEDEC38BCC2
:104DC000622E1EBDCC1C3F3EE882AC3E02D1A63E08
:104DD000957E983B1C2310BEC0E8DC3D7146D63E54
:104DE000916B863EFDF7903EBCBA533ED337B0BDC3
:104DF000D380E03C67285FBD2FB7CD3DA6A03F3EE6
:104E00009C4A013DBF6A193E83980C3E1AF0F8BDDA
:104E10007008883D0068363E1EA6603EB971643E4B
:104E20007FEDA33E765D1ABD47C8C2BD9186C83DE1
:104E30009D6FCD3D8FAFA63DF5FB93BDB97671BE9D
:104E4000685512BD053FA0BDCF220A3EC7A6FE3E53
:104E50005B7F193E05CBA43E8610B63D9E0584BD02
:104E60004BD420BDFFEFF0BD1B4250BD6276353EF6
:104E700089B4283ECA9EB23D45761ABD33BEFFBDF9
:104E800020ED42BD84D704BD3410D53D53779E3EFE
:104E900072E75A3ED07E27BDD3DE2EBC20F1C53D41
:104EA000FAFA133C9ABFA0BEF37AB2BDE315A23C56
:104EB0008F7534BD129D3F3DDEF6E53D9C4DF4BD42
:104EC000528F413EE6C73D3E2D8D263ED9726FBDC5
:104ED0004F1227BEAB4102BDA0E075BEF73206BC43
:104EE000FE2DC53DADC3283E735AA9BDD38101BE79
:104EF0002659B2BD5FCA3CBD5B1E343DD892D33D3E
:104F0000B599AA3DC41BE03DC1F7CEBDF885C9BD2A
:104F1000FB2231BEDB8616BE7AD041BE7F8418BE2E
:104F2000A6B53A3D2FC16B3DD546C23D681EB33D87
:104F30007C65933EECE5C43DD4999F3C3C2875BD0F
:104F40004EE80DBD49B234BE856025BE5999F9BD04
:104F5000AEFD19BC4551383EA7C5213DBEFC0DBE76
:104F6000E313E3BDA353053DE45711BB2701C5BBC4
:104F7000DE18403D8CC1D83D9FC7C2BDCD7E6EBE00
:104F80009BEC36BE08A85CBE6D7E8CBEA6A277BD2B
:104F900080F0773BEDD8073EBA1B22BE14D4C53D46
:104FA00003B4013E585D123E293615BBCD2699BD8E
:104FB000406610BE089CE8BD2A6F46BE686A143D74
:104FC000D0040EBC6C91C33D102F5FBD4CA1EA3CD8
:104FD000E652DA3C6AD2663EA3D3363D66FD843D96
:104FE00077380CBC1E8DB3BD294A28BDA4E837BE56
:104FF00012F1EA3C8B63B63D5AE3B13EBEEAD0BD46
:10500000D8073ABEC8DC373D3057273E981D4E3D85
:10501000F7B783BD822AF03D5EC927BE723928BD2D
:105020004C06703DF14E2A3DB141F23C9BF7093EE2
:10503000457FB53EB3C2E03EEC14A63EF94B803E40
:105040006AC6B53D4B89CF3DCBA08E3D2D4807BEEE
:105050005146A4BEA17319BE7E54E3BE37F1CBBE48
:10506000D80515BE44531E3EAED7B63E560F613E20
:1050700099C3DBBC58BA963D1163293E15D77F3DD5
:105080007C7405BE5BB51B3E8497153ECF93043DF3
:105090002FF0353D39FA363ECAD4BD3CF370773D2A
:1050A0005E67AD3EB0DCFC3E1FD2A33E65BF233E33
:1050B000BD51183E03818A3DA779253B2E401FBE76
:1050C000366D9CBEB6C967BE8131BBBEEC0E97BEC5
:1050D0005B4408BED649243EDCA368BD01939C3ED8
:1050E000BEDA21BD5DFF063ECEDC8BBD0CFFB1BD3F
:1050F00033699DBD553A6FBC5160C53D5BED603E67
:105100008265013ED976433E5AC05B3E046DC83D80
:10511000E20E113EFA50823EF80FC23E54A2233EE8
:1051200091B04D3C1033A7BDEDBFDABD9D5FAEBE63
:10513000001965BED4B862BE980AC1BE3733FEBE40
:1051400036D467BE561FA6BA677E173D982A49BB5C
:1051500038B1BC3B581FFABCC35C58BE76E3A9BD4E
:1051600028F7B1BE48DB9DBEA9A506BE91AEAA3DFB
:105170004936863D42E0113D8A4B1B3EC5BFF73D97
:10518000780CD03DFAC6C43B76A9763DFB767DBC53
:105190004C3C8B3D26A00EBCF55A29BDD913AFBEA1
:1051A0003B6FB5BEE30BDEBEC9DCFFBE7948AABECD
:1051B000D32175BE5C0E23BEAA3F8D3EAD38683D3F
:1051C00034C5BB3DED79873DF5263D3B035882BE96
:1051D0002EFEB2BD7AB7AEBD3EDA92BEAF7512BE3C
:1051E000452742BE61334A3C703CAC3A54FD4CBC4E
:1051F000248460BDB673CDBD1B5AC0BD3172683CFE
:105200005B14A83CEE96DE3D85D629BE6243D5BE32
:10521000F0DD17BF705A5ABF53BC04BF4DFC8DBEA2
:1052200061E92ABE6C38ADBDEE4EDE3E21F08E3D0A
:10523000731CACBD62FADDBC2997573E0BA709BEB3
:105240006C53C0BDDB0F103EDCF1BDBD01EC68BE90
:1052500059A04FBEFB2225BC7B6A11BA446A9D3D12
:1052600060432B3C4F2D4E3B297C823D739710BDF4
:10527000427480BE0E7BEBBE969AF4BE7430C6BEFE
:1052800042FF13BF472410BF8C80A6BE0E3C93BEC6
:10529000C1504BBEADBB4C3C31D64C3E80815C3BDB
:1052A000F20948BD53AAA8BD63C8863E03C29A3E10
:1052B000D85DA7BD74C12A3ED261763E10CA533C68
:1052C0000BE022BED23A1EBE5C9611BE201C38BE38
:1052D0002D78B1BD030BB63C20A6E73D05136BBE90
:1052E000E8BE9EBE74D8A5BE6C89D5BE765EB1BD43
:1052F0003AF508BE5B710EBE69362BBD8BCD81BE03
:1053000014AF02BE68C8453E23071E3EFAB3673D90
:10531000184CAA3CE7BCA3BDC048B0BCAC8950BC8B
:10532000207C7BBDB8FC063ED621143E35CF06BDA1
:105330008FD12EBD8B6580BC3B2A88BE76AE08BE61
:10534000D5FC673D821AEBBD705187BE6C51C8BE5B
:10535000F6A1BABE845A11BEA8B202BEEF4CFD3D02
:10536000B9D2343E25991FBE8517573E506F87BE70
:10537000982836BE85BDB4BD676C81BD70B2C8BB10
:10538000933D963D80266CBAB0A0383C9BDB0CBEAA
:10539000152FACBE41AD15BE4EBBA4BD3AC8CFBDA6
:1053A0006C0EB63C4BC0B43C9501A6BD65FF273CD6
:1053B000845C47BEB2599FBD0ADBA8BE15088CBEEF
:1053C000D8B095BE3E0D353DA05352BE668BE33D31
:1053D0005F950F3E15084EBE4E9EB6BDA970B2BE7B
:1053E00078D0AEBEEBDD9BBC4041DF3C6685583DCE
:1053F00058656B3C818197BD73C699BD0ECEA8BD23
:105400006343183EAD3B353EDB2116BE164EFABD5A
:1054100076EB1ABE95C44ABD8426CFBB2A8B38BE14
:10542000F32E3BBE97AD87BE5A47923D382279BDD9
:105430002AB7BCBCFA47843B5B8E22BE05CF883DB1
:10544000CBD89E3C39D0413DBD9A5A3D921E82BC7C
:1054500086B8683D587A013DD0CD4A3C54C9A7BCB6
:1054600068E277BD3957943D7C78DA3CB42AA93C90
:10547000180967BDC0CA35BC6895F73C349D5ABD54
:10548000A8A40D3C93F52BBD807C913A0E57613D4D
:10549000D99B8BBDDABE7EBD4A677C3D8C75AEBCA8
:1054A000884B883C29148D3DEC0997BDD961A3BD7B
:1054B000A0956ABB3055ABBC04A1A3BC6C8ED13C9B
:1054C00087ED49BD849CCA3C96E73D3D1311A93D3B
:1054D0000C443EBD6123823DA5BA9DBD30099A3B77
:1054E00088B8163C92E3E8BC20141FBB8B4E803C6E
:1054F00004A70EBDD856983CA848373BFA193DBCC6
:10550000C8E8703D10FACA3C24CA073EB1882C3E58
:10551000E7592D3D005D4E3DD83A623CAAFE85BD5F
:1055200040AB903A775E883DD664763DBA6DD5BC87
:105530006808803C4D94933DAFC48C3DA8CEF3BC2D
:1055400010E48D3BC4F58CBC946C2FBD88CBF23C31
:1055500008CE423D672C133D243C21BE68360BBE6D
:10556000CF5F1E3EBDA619BE04E83C3C7F77D2BD8E
:10557000C3F62ABEF6D04C3DD3984E3E5829AF3ED6
:105580005C8CE43EB8FB833E5C66B03E3F48643EC4
:105590000FF2833E24BBE43D2E1C1C3EB674353E08
:1055A0006D7649BD9831703C0627ACBDE6F983BDE8
:1055B000F09A983B0840103C20B44E3D06FB6FBD6E
:1055C00065B9BB3D2D44B33D6A466FBD62DB7E3E8F
:1055D00026EEED3EE60E6A3EBDCC3D3EBA9252BE90
:1055E0000BAF103E9F4948BA13506C3BCA76F63D4C
:1055F000E4FA1F3EE031E03D760CF2BC9A6D7DBED0
:105600003A8ABDBB682A4FBE0BC284BE0E2E74BE42
:10561000715F073EFD895EBDA86CDB3CA0468A3CFD
:10562000327C94BDAB6A3D39842665BDEC2AA93E27
:10563000E201853ECB20083E05C7C83EA05FE73E9D
:105640000882C13EBD893B3E055FF13DA248473E11
:105650002EF8953EBFD70F3D0BAB03BD95CE813ED7
:10566000025B2F3D0FC4BBBDB06FF73DD844443D36
:105670003A6CB03C3613373DA499133D26A100BEC9
:10568000F689E33DE52DE43E6C6654BEB53736BD84
:10569000E81D37BCF1178C3DB779E83D85511A3EBE
:1056A000B16B103D39C38F3E99BBAC3E07A7493E55
:1056B0007F53D93D9AFAA33D61A5FE3D2DCA573EC1
:1056C0006B796F3E4F83CD3D54A9AD3D5AE7073D01
:1056D000F3E7933D6C167ABD003F313CCE4766BD83
:1056E0007757EA3D0F0AE1BD3CC9ABBB7642FD3DB1
:1056F0004C53003DC42AC73DB32D45BECBC6643CC8
:10570000FEBC1F3D2A25CDBC4059A8BE0400933DD8
:1057100034CFD73D6A236F3BD3EB423E9AC86A3EF3
:10572000BCE9893D45D2A4BCE62027BD98F75A3D87
:10573000E79B86BDB1F79A3D914B273EBA58B53DE0
:10574000428AE73D94AE3C3D2A26B33D2B4F0BBD2C
:105750009D0BB2BD21387EBCB833F9BC7CC103BD02
:1057600026C3DE3B854DAE3D4F08013EFA6A853EBD
:1057700029F5A53D981927BE3638DBBEDCF2733D0E
:10578000D36A7CBECA300E3D16A10B3E471F09BD31
:105790006895953B275A88BE3CAA013BD34AFDBC7D
:1057A000D4EA6FBC0F2C65BD83EB1E3E8262C3BC86
:1057B0004DFB843D637996BC4486CCBDAFB1703D52
:1057C00015CE763D15BA463E0DDE3B3D106258BD06
:1057D00021BEE2BB74DE913D89D4AC3CB6DE973E7F
:1057E0004046B13CD80A3EBED85C06BF8BDAA5BEA7
:1057F0007749A1BE03945B3D7561893C6325B6BDC5
:1058000093DCBE3D2BC1743DEC006B3D41D2513A5F
:10581000549E48BDCA08C2BD4A4230BD3D32E6BDB5
:10582000014606BEA1DFEABD875CF1BDA052BABD4C
:10583000ABD16A3CCC42823D31A5CC3DB5120EBE07
:10584000508786BD05613C3DD02BC7BD9C5A523E5A
:10585000693582BD583D58BD077AF4BE118F01BF2E
:1058600091BA1CBEF08A793C545AFB3D901D083E0B
:1058700025803E3E3FD2613D5C14363EC2D37ABDA8
:10588000F1DF233D5E78ABBDF60CB3BC4454DE3D86
:105890000DDDA9BD2F6F56BE6C1820BE92E74ABE23
:1058A000A4AB23BE8328B8BD44D1E43DCA9737BE1C
:1058B0008260773DE1E5A83D1482A73E5E65123E19
:1058C000091EA4BD40C324BE8AAAF4BE10B482BA85
:1058D00016578DBEE93AF8BB741EBCBDC235343EC6
:1058E000BFB0733E5CBD863C3FB6963D6826D3BCD8
:1058F000CD677EBCEEB5B83D123D113E72BC5F3D3A
:105900001E134DBC07DD36BD23C22B3DA7E1193D5B
:10591000BDBC55BDFC17EF3DD4AEA5BDD41286BEAF
:1059200096327F3DE2E3AE3E8151003FE65E873E28
:10593000105C6BBDBBE65ABEC89486BE4AF2BFBDC2
:105940007ECA1FBEF743E5BD3375A4BD1A44F73DBB
:1059500023389E3D764BD93CD752033EEE822D3DF7
:10596000B295963DD8947A3EEB687E3EA70BDE3D1D
:1059700044A69C3D806F263EE304663EC291273DCF
:10598000F753443BC58C873DACB9043D67CEB33D6E
:10599000E43B3A3ECF5B693E00FB503E724B883E93
:1059A000E4BE13BD6A2830BEACC03BBE6C8E95BE53
:1059B00002032EBE57A7EABD5361073E912A2F3E30
:1059C000DFE7C83D36C8643D0D3E893EA494583E8D
:1059D000C6987A3E5B00D03D6B0DF03D985F95BD5B
:1059E000F666A33D049C34BD09BD8F3DE4CB34BDB8
:1059F00010BA713DFA79393D546327BDE557CE3C65
:105A0000B1F83BBF214F91BE0F27253E2C5B123EC4
:105A1000C3FE5C3ECE598E3C751771BE2AFEACBEED
:105A2000533F16BE31FEE4BC9F46B4BCC949133E89
:105A30002F399D3EB79DDC3D00014D3E11FB203EC0
:105A40003371123EBA935D3DEA33583E0B3CE9BBDD
:105A50001AC9653DE01937BDEAF6CEBD1599B5BD49
:105A6000A255063B6BDB49BD0B0325BE7430C7BD99
:105A7000E19080BEADC291BEB9065D3E5CDCA73B45
:105A80008FB81ABD43C5603D932305BE0C20D8BE18
:105A90003E2400BEC19F90BEAAAE943D024B173E6D
:105AA0008198463C70DC2E3DF317B73C17DCAD3DCA
:105AB000E730783E2DD5BF3D7CC46B3EB2186D3DBE
:105AC000E90F82BD7629BDBC5A2844BD6B81B0BDAB
:105AD000E1A89ABD32823DBE5CF522BDE5C9923D8A
:105AE000B12B7F3C4BEA58BE0462B23E68D5C3BDC1
:105AF0005E2E6FBD895A1E3EC2275E3E816B6ABE16
:105B0000C26EC7BDC48D08BF1E91E7BED96C1BBF56
:105B10003454A6BE10D70FBE3073BC3D3A4E333E50
:105B2000B34A0C3E70423A3E28FCAC3D91659FBDA5
:105B3000FA5F44BE5827B0BDFBBADCBDC150ECBD16
:105B400009EF65BDB9DC5A3C517DA33DBE12E83D6D
:105B500085A6013EA0EB17BDDB1ADB3E0506313CF6
:105B6000AA1A87BE5343053E6A986A3E3C018FBE1F
:105B7000C820D2BE337FE4BEEDE94DBFF55E71BFF4
:105B8000B1A689BFBA533FBF5C020DBF00F265BE2C
:105B90003D495DBE939AE8BDF701FBBB088F02BE8D
:105BA000F8B750BE710322BE4BFB00BEC15025BEEC
:105BB0006E1EA4BC905D7F3C62FD753E55689A3DAB
:105BC000C644AB3E74EF37BE0DBA953E2EDAC6BB67
:105BD000B622133D02BC583E2FAB0F3CB12032BE63
:105BE00022BF34BF568AF4BEA95CF4BE1D5420BF48
:105BF0002ED62FBF9A194FBF1E068EBF0C3D62BF17
:105C000009055BBFF8C1F4BEA2E65ABE32DE0CBE87
:105C1000BC121ABE08311CBD5E16A6BD192BD5BD1F
:105C200043EACABC396C2F3DF561BD3C86A8E6BD90
:105C30009EF5F03DF4A0403CB59AD03DEE69443E5F
:105C400035F1773EE050973DBB15E3BD43B2683E6A
:105C500053C541BE017AACBE346C1DBE34B685BEA0
:105C6000639056BE4BA3CBBE7B2BFEBEE7EB24BF9F
:105C700099BE41BF8621C9BE501751BE7D0F2BBEB4
:105C8000F4F0DC3C5F9D63BDFA9120BDCCE7D13DD3
:105C9000E864993D25DCF33DCEFDA1BCA48AD43D4A
:105CA000BA519F3D5C1B07BDD26632BE5753A13C23
:105CB000BED842BD77B6D83C0C8EACBEE074D43EA4
:105CC000D4BEA8BC64C0F4BC86AC21BD0D7394BC2A
:105CD0009D89CCBDBFB2D9BD26F914BBAD3B84BCF8
:105CE0005F4F33BEAAD91BBD258C443DC2AA973C49
:105CF000FF815D3DD014A8BC5E3059BDEFBF3A3D79
:105D0000573EC33D5417393CA2C8073D1D01503EC4
:105D10009637CB3D7FABCBBD4F14BCBC8014F9BDD7
:105D20005DD2A03D35BF103E39948BBEA135A43E57
:105D30001571C83D88520A3E1F702B3E1EE73E3D3E
:105D40002B12313E5226263EBA31693E2B4C753E0F
:105D50009C7C803EF43A253E4361A33D37D8A03D6C
:105D600055A5B13D6969B1BC968D8A3DCC53C93DFD
:105D7000DADA3BBD765DD2BB3091903E419C863EE7
:105D8000C456573EA819B7BCFDFE063E404C69BC40
:105D9000CD0F203D53A7EB3D7180C5BD2A2F823D1D
:105DA000FB4D7B3E4574363E6C18F33D0B7DA73EA4
:105DB0003DD7A73E6E553E3E9C3A883E8723903E97
:105DC0004ABF953E0FDC783E53DA5EBDA1915A3D45
:105DD0007BCC38BD72C888BD2CC4653EA0FDFDBC1F
:105DE0006B9000BE3F2414BD6A3BF8BD4B8A523E07
:105DF000CE209ABD8D2BB9BE4C2934BD6AB4713DFD
:105E00002172B13C9637AD3C4625EDBD97E3B93ED6
:105E1000FBE19C3EC5B3333E6366263DB963443E19
:105E2000DBCA883EB8CA103E9BCE233E22CFC63D79
:105E3000F0BC053EA7AB623DEBC63B3D337B0B3D63
:105E4000EA7017BE37F1453CED8A5D3ECB84443E97
:105E500035476A3CABECCBBD305000BE99857E3EE9
:105E60001BE59ABE7C2B29BEC8170D3DB72A403DC5
:105E70006807F63C6086143D7502753D8553133FF7
:105E80009BE5E23E2633CE3E5F6ABD3D9A89BD3D2D
:105E9000E7C07A3E5FE88D3DA675273EE1EAB83D52
:105EA00058D5433E5E5E1F3D3C88A33C7AD08EBDF4
:105EB000189B893D42A0AF3DB683773E4F4C193CBD
:105EC0001886073E6EAC18BEE14C91BE893137BED4
:105ED000C13536BE236257BEB960DD3D7C6B9F3C49
:105EE00098B2B73C806147BBD19927BE8652523EDB
:105EF0002614BC3E2413D53DE11AF0BCC470053E07
:105F00004382873EE0FBE83C8B067C3D740989BDFB
:105F100071C0A0BD9593BABD850C8EBC7C6CE4BDF0
:105F20007ACF90BD0D81AE3D3E5564BDF3305EBE6F
:105F3000D57D60BE306FE4BD2D34D7BE3372793C61
:105F400073EB21BEEA852D3D058B423E0024C9B985
:105F5000601F403CA05AE7BC1D5DE33DA12C8EBDF7
:105F6000F160243EA88D0B3E09C4A63DD75D533C8D
:105F7000DC2852BD5125CDBD8625223D7013BBBD09
:105F8000CD73873C7E3C263E5D015C3D6389DDBC74
:105F9000D810073DD8D970BCDED7B4BD6F9889BE84
:105FA000B223C4BDC43CBCBE1F0997BEDEDF953D15
:105FB000C314F1BC31723F3D20085DBD009C913A95
:105FC00028B4B13C8C1491BC483010BC7E03F23D27
:105FD0000148D43E02ED2C3E0D564CBD4375273E84
:105FE0006B0F46BEEE0C35BD2783A53E416B7B3E55
:105FF000700311BCA95215BE5436193E0C16863ECC
:106000008D71ED3D6B1ABD3E67E4C13E1082C43D0B
:10601000FD41CB3D758092BED15D99BE9669203E13
:1060200010529CBC57B2C4BDC235773DF035CF3B52
:10603000881B7FBC20DAE4BC0DD08C3DC440C8BCBA
:106040000329B2BD5E1B80BE9CA494BE8B959ABEF4
:10605000194ED2BEB28E2ABF8F04DC3C022ED33D35
:10606000C0402CBD0C9A3D3DBE751BBE1650E73D91
:1060700009F33F3D5D7E05BF63535BBEFC81F3BD0D
:10608000EC8B84BDE120633C6A66293D957D3A3CFA
:10609000C8CD95BDAE967C3D08EEBFBC7E2B793D4C
:1060A0000E8B443D38C73A3CBB4EA03D58CC60BC3B
:1060B00020F18F3CBA9243BD865279BD584F383C8F
:1060C0008096E03B68C603BC4042FC3CDB0757BD02
:1060D000C0E164BC178D49BD5ACA64BDDB97A63DBB
:1060E000687A60BCB43FB93CF0A3FEBBA0D3CC3B04
:1060F00050A063BD1775A8BDDE78A2BDCC28A8BD91
:106100001EC0583DCB7F45BD2C48183D32CF5EBDEB
:106110006E7F7D3DC0DE2FBCDC5B223D072F70BD56
:106120005AC245BD8CD6A6BD2B271B3C1F66C73B5C
:10613000D4F105BD421FB7BD971A23BDC2270E3E3D
:10614000F5184BBD8FB910BE6A1C973E1965A03E6D
:106150003A8036BD74BC4BBD2438E1BDB1018ABE66
:10616000AED891BEF42A0DBEA7069BBCDDF46A3CF6
:10617000B2BF3EBDCBC072BD88D596BC54CCF83CF6
:10618000701EEB3BCA8B33BD8ADBA6BD4E0606BD37
:106190005DCA32BE3BA0353D83401A3D9F614A3DFA
:1061A0008A7C4DBD4FE44BBDA1D59DBDAA6D13BDED
:1061B000B1E2113CBEFB883E753CCBBDCB1820BE86
:1061C000D72AE1BEDA4705BFA805ADBDE88D8BBF74
:1061D000CD29C7BE1E4FB1BEC472C8BEAF0FBFBE71
:1061E0007CEAAABE8566A1BE457A943DDD049CBDCD
:1061F000AE92083D9E7A623D70DFDFBC1B4808BD51
:106200007B3FC6BB93D5843CF60A4BBE1E7001BED5
:106210001F5E9CBE9A0CA2BE8D8E0FBFEFAD88BDD7
:10622000CBB9083E4BE32A3DBC8D16BE0A7CDCBED2
:10623000363F16BF07DC02BFF0D981BE0C6E94BE9C
:10624000457B2ABE0957C0BCD296583DBAC1D1BDC4
:10625000501633BE48B8C73D6AD810BD5E65063DCE
:106260002249C1BCF227563D71E839BD6A8328BE78
:10627000B92298BD1FC343BEBBF779BECE9EB4BE44
:10628000D286F8BE247401BF652B0ABF76BC07BE58
:1062900086AAE4BD93CC20BEC6EF35BEA36FB3BEC5
:1062A000FBF0CEBED58FB4BE185BAEBEBE639BBE48
:1062B0007E9AFBBD423984BCA70DA83CEFD053BDEC
:1062C000DDB1B13D3535413E3E0B413E590936BE4B
:1062D0007D0783BD8050BBBCB3EE0DBD97B6AEBC91
:1062E0002F57F5BDB0169EBDD9A0A3BEF05199BEE3
:1062F0000A6404BF24356EBEA71220BE06EA043D20
:1063000000855EBA77CA233DB4419ABCCFDE75BE24
:106310007924C1BE3A715EBE2B6E97BEDC0792BE79
:10632000F04C8DBE7D2851BEE5C832BEC67DC5BECF
:10633000A75974BE229607BE88D8E8BD444186BDE1
:10634000CB2E85BD859DABBD47E87F3D6F0AFD3DEA
:106350009832E73CC7B63A3D50DA36BDB0A796BD95
:106360000DCA92BE452B4CBE836F27BEE6D01C3DA6
:10637000DCFF86BDB8FAFDBDE25C3BBD9BC6A63C1A
:10638000B952E3BD3F6980BDF5B4AB3DC85C813D0A
:10639000AC0F233E131ADA3D7072B63C4E26703CA9
:1063A000D86105BE9F06B23C0800E9BC90E3FABD87
:1063B0003A77823D53BCDEBD5B78C53D83FC593DD9
:1063C000E5FDF8BDC42E6CBEF53958BE0BC9C5BE7F
:1063D000C08BE2BED9E0CEBE6C7BA8BDD9B181BE78
:1063E000917131BE7844963D34D976BD1525FE3D78
:1063F000FC21DC3D6F05C83D63E16B3E62E34F3E2F
:106400004FBE453E84D82B3ED646533EADC3873E55
:10641000F59C32BE62719CBD89FFF0BABBD6A5BDAA
:10642000044D16BD6C5A5C3D15269A3D21DE133D88
:10643000CCB340BE4ADF49BE5E69A63D678B513D85
:10644000826108BEE51B9CBE54567BBEDA4963BE22
:10645000E07156BBA1C6843D5982653D172FA13B13
:1064600030B4803D73E3503EC0BE1F3ECC9EDC3D49
:106470002242FB3C3E7CC43DF522BFBC52F8463E66
:106480003B685D3E7AE4283EB503EB3B1D93943EAA
:1064900041EEADBC18C39B3E64A789BDD17524BE37
:1064A00036A879BE310336BEF86DFEBCCC8F69BD0F
:1064B00034B75EBE8B79B3BEE018A8BE14E9CDBD7B
:1064C0001509413E1509B93E6C14803E09993B3CC3
:1064D000120EC73D5F1BC63C4A4D273CC55FF73DCA
:1064E000B8F0DE3CBAE2D53DF27D99BD5043DBBC4D
:1064F000ADBAB73EF37A003F50890D3E983FA63EB5
:10650000F0E698BCE5C7833DF68EFC3D0E8DA9BE36
:1065100073A117BEC9AF90BD63430ABEF0A63ABED1
:106520005A3224BE56A096BEAF7650BEC645193D1F
:10653000DDB88F3EC253033F011D923EC34D5F3E07
:1065400043BA943D26AC45BC716B39BC54FF4B3EFD
:10655000D1AC313EA089AD3D49C7243EDAC3B53D3B
:106560004FDA0D3F477A243F2BABC53E641DAB3E4F
:10657000EB7F173DA2221D3D2CB88C3EDA953FBD26
:10658000146912BE5410CEBE89C946BEA6A3CBBDA7
:1065900001DB56BD2F6626BE6DA4863C6928303EC1
:1065A000F4A81D3E7077933EBDE8903ECECD283EC8
:1065B0008CFAD93D7049383DC1E9DC3D4597BF3D76
:1065C0008600173E3A2D0E3ECEC1243EFCCAC13E87
:1065D0006654253FDF75A53EFC63DA3E176CE93E45
:1065E0007D9C433BF11BFF3D06C6963EFF89033E63
:1065F0001A260BBEF5046EBEB7BF75BE790B46BD3D
:10660000D4FF1EBE66D5DABD0389DABD9148913E3E
:10661000DE5B173E438E333D3B1A9ABCF2E7A73D43
:106620000300BB3DEF55013D1668403EF4D7A7BCC3
:10663000BF75CA3CB324DABD82E5743C65A308BCCF
:1066400096E10B3E49C8623EAD82B73EE480B13E62
:10665000DDCBEA3CB85250BD153B303EDC42943CA9
:106660007BE13CBD4A17B9BEDBB3F6BD60C448BD93
:1066700064EC3EBE2977403D2C5DF9BD998EBA3D54
:10668000AED2AE3CCC2A25BD6A03CA3D25B78A3DB1
:10669000BDC891BD73C479BC7BC6BC3D1E018C3D99
:1066A0005312E4BCE47D853C41B39EBD817053BE72
:1066B00050F7F83D90447B3E6EE19B3D8E2F64BECB
:1066C00080801A3D6ACC463C00B2453EC1A37EBBE9
:1066D00027FC05BE5BE64BBD946814BE44E49ABC3F
:1066E0002D4210BE2202FDBD1D60293EF7479E3D92
:1066F000E1CD8CBD0630A63D1EA8593D986B9B3D53
:106700000B70823D0173973D54F7CBBC2B76B13DA6
:10671000EC9C783D80DDE63CA28AFABD42D253BEB5
:10672000A8F23CBD99A5013EEE20BFBE3D774ABE12
:10673000DE467CBC30AAE3BC4B0B16BE4045A7BD71
:1067400055CC28BE4A73683D2C5C1F3E1BB4263EC8
:106750008224923D245837BD5AD9F83DA2D065BD58
:106760008640123D3ADDB63CB4944A3D74E2CE3CDC
:10677000C1A5DA3DAF481A3E90124E3C7C4933BE6B
:10678000FA930C3E85411EBB0C7105BE50C514BE6C
:10679000E8DD68BE2FD6AEBD07D304BF5B6656BE2C
:1067A000970FC7BC34E8F5BBFC48BDBE4E3171BE87
:1067B000CBB18EBC9B20FF3DAA0C2C3E80AD31BEE0
:1067C00093E7403E136AB43B7FB9413D9D2CA43D05
:1067D000AFA71A3D0E77F13DF71A07BE3DD862BC50
:1067E0004A39F33CD45FC23B4EDA63BD26B227BEC2
:1067F000526F3EBD928319BE00640BBEB55BBCBE3A
:10680000EFF8B1BE689A19BF5439F0BE74754ABE2C
:106810009EBE8EBD3D311ABDEDB58FBE296DC5BE84
:10682000E1D5F1BD892E343CE0213D3D6DCD333DB8
:10683000B9ED293D9F158D3E98AB853C3E03443D07
:10684000C6F2233E3A4C5D3CC1AF983C21B6A83D10
:10685000E173A4BD317705BD33ABEEBDC1BD8EBDC7
:1068600064B8913D97BE64BE673805BE8C89523DC1
:106870009D8F87BCA89D883D44A550BE0C57D5BDB3
:1068800010459B3E8E2BA73B4FF5F3BD7003DFBE3B
:1068900027E735BE884356BE95C352BDA6A29B3E90
:1068A0005E426B3E369F4C3E680FC33DDDDC843E4E
:1068B000D023FB3D8C20283E12A709BC9B9F81BDA5
:1068C0001C3C53BDBDB0B93D5C63223BA81234BE35
:1068D00095CB9A3B38FAEDBE91E976BE5502A3BE40
:1068E00062D5A0BE308AF03D1790363EE716043ED2
:1068F0000E25EC3D78BE203EB3A1203E170F10BF01
:10690000D123C9BE7AE286BE36A8EBBD8E76E13DC4
:10691000D0094D3E801138360492F33BAAFDD93D93
:10692000DB660E3E6A36583D11BA0FBE32A878BEFD
:10693000683C2ABE50EF1F3BCC08BDBDB81449BE11
:10694000F91DCBBDE06E67BEF1B88EBE8B3493BE31
:10695000F5919A3DD3BAC23E56C31D3D6BCC9D3EC8
:10696000EA47573D5AC22A3EEECB88BEEA2016BF00
:106970007523B4BE931E36BE0F99C4BD6D7FB8BCDF
:10698000D794333C5D00B53D063A093DA11A8D3DD3
:106990003A6DBF3D9AE9EE3CD18842BE2F8B88BD4F
:1069A000314545BD9923E3BB01515FBE1CE0D8BD15
:1069B00066ACA2BE64B471BE89639EBC3FB6A5BC82
:1069C00029104F3E22118F3E2385193ECF17BBBCA5
:1069D0008FBD08BD466E9FBD9E88A8BE9BE239BE96
:1069E0007166C1BE4E244DBEE5E6503C7607113CB3
:1069F000FD2056BDA85354BCF011D5BD442DFDBC9F
:106A00009BCB2EBDCD6941BDC5A5BFBDD3FCBFBDD0
:106A100029BE8DBEDCEA9EBD902F8DBE123F87BE83
:106A20008DC6EDBD25A38CBD798B06BEE3055DBE8D
:106A3000098D673D89A1343EAC02C1BE5AFC2E3D92
:106A4000D8C48CBC3CF965BDFA1B3FBE6FDE703EFE
:106A5000A3C935BE848B32BE83241E3D9A490D3EA8
:106A6000E1A8A93DEB1A19BD5105FDBDFC7A5DBD3C
:106A700072792C3DDDFD87BD9E62B5BC5D4E4CBE7E
:106A8000A77691BE50785DBE85E352BEE5240DBE6B
:106A900060F4E53C10B3B73CFB4D0ABD59332C3DC7
:106AA000DBB840BDF6B7EABCEA7096BE1DDA813DA0
:106AB0003ECC393D2489133D8B6C64BE81ACA9BDAD
:106AC000C41E493EED8A65BB5AAD3D3D3AB4E13C3A
:106AD000C178B6BCDB0F983C5CCDE53DB6088B3A7F
:106AE000DB48463D97E51DBE3AA10CBE7DE0FBBDEF
:106AF00003820CBE933127BE65B272BE060430BE5F
:106B000063AF93BB6538F2BB8595263E06DFD83D63
:106B10005507763D674482BC7FF7D43D0455D23C8F
:106B200056FD2BBDD3C2AA3D4EEED2BDB097D9BE05
:106B3000DF85C7BD10EEB0BC4A234D3BD400BE3D3F
:106B400090C4E63DEA1E2DBDEA870D3EC2831D3D81
:106B50001254633D1446913DD491CA3C0BFFB1BC25
:106B6000CDB1BCBE33D21ABED7155ABEF44017BE43
:106B7000694C5DBE7AE9D5BE49526CBE39F3303EF0
:106B800085FF99BD9AD39FBD9C010ABE506488BB06
:106B9000CEE6DABC1438CBBC14F7873D06EA983E43
:106BA0000FCE1E3E1DDD213D55C839BE47E8DEBA79
:106BB000667359BD5C7FC5BD17EF17BEEC87C43D3A
:106BC000C636CD3DD7D5E43D0AF9993E27D9253EB5
:106BD000322654BDDBA0063E5678843D0197143D15
:106BE000DC620A3EAF8991BC3B51B03C65173E3D2B
:106BF000266DE8BC4859DCBD4892B3BD06BB203DBC
:106C00006499B03C83E68B3D50094BBD9D1BBB3D59
:106C10003F37DF3E2EC7113EDEB899BBE276863D98
:106C20006FE7473D5DF52A3E1AF57C3D2609843D18
:106C30008A29A13EF974983E1B37E03EEA9A823ECB
:106C4000F490D93D90EBA33E61D6383EF39B1C3EB9
:106C5000E6EBA23D315A1A3E27CD943D387898BDD7
:106C6000402DA8BD9C00DFBB8112A93DC005C8BA5C
:106C7000591467BD6243A4BD7964993D000F2DBAD4
:106C8000F2831E3DCFF247BD2001353E2466673EAC
:106C9000B78A543E957FD63D4B86C63E3884A63E85
:106CA00083A2883E203D903E2192E83EF44A533E26
:106CB00046E7223E80DC993E75DEEC3E651D7F3E58
:106CC000EEA9A6BD8901BFBDDBFE133EA64EF13D78
:106CD00050FF063CE8D880BD00B582BD3006433C7D
:106CE000C03FD6BB2EA8233D28F9A83C20CEB83BF8
:106CF00044CEFEBC8F7706BD969A783DE3F190BDF9
:106D00002C1968BDB0609F3B3A37623D69CF833D27
:106D10009E0AA5BDD1FA35BD2354973D84E49E3D1E
:106D2000CC335CBD2AE7103D952DA63DC163A73D40
:106D30003EAF773D8A9A65BD16AB373D26C61ABD74
:106D4000879EA23D3CDA883C9D9A973D6AE1283DAA
:106D5000D2863CBD6A2D503DF4F8913C9E356EBD07
:106D60006F9183BDA95BD6BDFDE4FCBC645729BE11
:106D7000FFF007BEDEA37DBC4CE9E8BD368C943D38
:106D80001466A2BDD4133ABE929E46BE18B335BE59
:106D900001A5BA3D766361BD821558BEA1F796BEC6
:106DA0009140BDBE0B7707BEF43A1DBEFECA0BBDB7
:106DB000C8AD42BC7D40A43D80CCEA3B45F4913D4A
:106DC00089E6903D93B5AA3D9D47E5BD1EBCEE3DCD
:106DD000FF01FEBDE1A532BEBE11113CC1572FBE61
:106DE0002765BDBB5E18353EC6BD213E629EEBBD2C
:106DF000F3F8863CF47BF93B6A274E3B9A9713BE27
:106E0000B8779DBEDFEF23BEC52F293CF13EB4BE4F
:106E1000C60E32BEA77771BED9278DBEF78681BE5A
:106E2000875D913DDE9FDA3DA0AEF23B403E573C90
:106E300081F340BD0228FDBCD43038BDC062A33C04
:106E4000803512BED0B61CBECCB88ABE9BB4DEBDA7
:106E500004A31DBE2606123E9349D9BC0B235DBC7C
:106E60004598E03C1D2EADBCDB86123E49B52A3D5F
:106E7000F1E9153D717BB8BC371809BEA2E47CBEB0
:106E8000859636BE0FD7923DC78AADBC6D84CC3D8A
:106E900016CFF1BDB8B55D3C1AF14ABE762234BDBD
:106EA000CD0412BD1443253CD07675BCCE7BC4BE48
:106EB000630AA8BE7BF3E03D3EEB853EFAF74F3E0A
:106EC000F9279BBD1DB75B3DCE798E3DFC94253ED9
:106ED00005522A3EA4B28C3E2F05703E2BF1223E75
:106EE00067B5383E7BFBA23D54E65D3C7A7805BE33
:106EF0004D4FD9BD34B49BBCCA06B73B2DF00EBD77
:106F000016B1953D7BF24B3E4B26823E07E7C5BD51
:106F1000C272463D49098C3DD41E90BCBFCD113D87
:106F2000F901E4BDB0B4E6BEEF8A0BBE9CCF9F3D35
:106F30005AF3A1BD875B07BE9BAC413E09DD7D3E98
:106F4000D23C683EE6CA503E57DF153E87323D3D93
:106F50009433A83DF8BDC53DCBEB093D60FFC03D76
:106F60000352303E2105163E14791D3D777356BEFF
:106F7000BC511EBEF5808C3E767B713DDCC40ABEE2
:106F80008A33793D3B8CFCBD4DB43ABEA967FC3DCC
:106F90004C279ABD9BA3A9BE903C78BE90DC80BDD7
:106FA00032FAC4BDECC4993C61001F3D31744E3DC2
:106FB000D33BB53DAF935F3DB871A03D39F7C83DB8
:106FC00004644C3D84B7063E2C07573DB3761E3E05
:106FD00053B8FD3DE177363C4B52F13D2BF3943DE8
:106FE000F55028BE3D118A3D49A8CA3DFA1759BD42
:106FF00031FD83BD2F5727BE5AF47A3DE25AE83D52
:10700000CC36D93D2C3387BDFEBB06BE23D81BBE74
:1070100097CADDBCDD75263CFAB9DF3BF0E9833D5C
:107020005837463D0237D63D986303BDD3BD073E72
:107030004352D23D96A086BCFE3A0B3CA8B2113C0E
:10704000A8790E3EE4F1B13D54615A3E2C96763D4E
:107050002C5FEEBA83FDD63D1D4DD83B706455BE06
:107060000895E53BE17B39BE7F24153D115B5E3E13
:107070000E23863DA49211BEB81367BD67B6BD3B13
:10708000C9DD06BDFF7E04BDAC85803D3C3E593D5B
:10709000BC74EE3CB93E273E4B0D3B3CF6328CBDFA
:1070A0006A10BC3D892783BD58B0E83DC068DC3D0F
:1070B0001C663A3EE703813CE3A8833D80FB1E3E0D
:1070C000D5796EBCF8626E3DD072813E3A51FEBCFD
:1070D000F25B10BD989F52BE83D8803C06A4043E4C
:1070E000A15592BEAF81E9BD17F350BD543737BEED
:1070F000431F123D64F78F3DFF80A63D795E08BDBA
:10710000F9A6C2BD0FAE3A3DF96BEEBDFA1ACF3CFF
:10711000A05F2E3D2C6C02BD89C44CBD8B67A03D89
:10712000A843793DEF0F0E3EAEE6103E96F5113EB8
:10713000AC4AC13D68DA41BDFDC4943DE65588BE08
:10714000DDC924BDC83F19BE864A4FBE29558B3BB9
:10715000BEC110BECE6FF53C8EA0923D2AE2DFBCD0
:107160000DC48FBCE006D0BCE3689CBD2D6EEF3C27
:10717000160B28BA3A6150BE5004993DF20ADEBCA3
:1071800000C90DBE801059BD514A93BD0D4C933DB1
:107190000781AA3CC515B13DCB75B53D0B6F3B3D95
:1071A000903485BECA6EDCBEF52432BE64C286BE93
:1071B0009957B3BCF32EA1BDF99C01BE67C3C33D73
:1071C000AC285EBB0B468C3D35C56F3C15870A3E2F
:1071D0002E43BF3CB6C151BDBB8A273D75258F3DAF
:1071E000D5AE883DE33F1BBDBFC393BDD8058CBD65
:1071F00098009D3C3300B43D874C143C8137163DCC
:10720000504B50BD678F7E3D059BBD3A7D13C9BB7A
:1072100012C8B8BC9D5383BCFE08993EA3BEA7BE4E
:1072200018F462BDFC8CDDBBB7D79BBD5C99793E81
:1072300055D0F63D47C4B13D2F197B3C51F8CE3CAB
:107240006A6DAABDEEB8EB3D7771FA3D00D0BB3C4C
:1072500037E2553D11668B3C579487BDE2CBF7BDB5
:10726000F370693C613E143EBA32E0BC8508F03DE3
:10727000EDA9D73D33B4033EF5F2043E7719ADBD19
:10728000526C813D426580BEE01E43BE7D569ABE73
:107290008B4B02BC38FCED3C315273BEFD49CA3DFC
:1072A000E127DC3D30DB163EAE7451BD78F1FB3D8D
:1072B000F0F50A3D5D3D053EF5C25E3D6E9D6A3DC1
:1072C000EB9C263D283BA6BDE9B086BD8B82F03DF8
:1072D000F853833C8B40183E1A07D23D6306A53D08
:1072E000614BA43D6841ED3D0032663E7D3AA8BD4C
:1072F0006B6A7ABE261609BE8FB8A13D2603EA3D09
:10730000F84024BEB60345BD60DF82BE67F43FBCD3
:107310007F6DB3BDE0285BBD39DB66BCE07BDF3D44
:10732000D9AD013E81D934BC55A3E6BCC9ABCF3A37
:1073300030C624BDF806613D325F193E2A8BFEBC83
:10734000A981243E88B7663EA12E523E3661433D58
:107350007920F6BCC99E6ABD99B8BDBDE98268BEF8
:1073600070AD8ABE7EF6413D4E28EA3E14B11F3E06
:107370004633C1BD60B650BE344596BD76C28E3E22
:107380007303A93C75596DBE12E220BE07E265BDCC
:10739000AEB2063E9DB5093E77C0E0BC78CCBDBD1F
:1073A000B17B983D5E41843DB270853DEE669E3D69
:1073B00012717E3EBD09A63CB0E93D3C62976DBDB1
:1073C0005471813C4973EFBDBCEC53BE8C2B9CBE09
:1073D000D1F317BEE0080A3E88AF043EEDE55B3E00
:1073E0004ECC33BDC68D59BEEA5017BEF026E43BE5
:1073F000AFC56ABA56163DBE90FF4A3D9C6357BC66
:10740000DCF16E3B02DBC9BD50074B3D90E2913C85
:10741000E2DFF93DF377893D30AB993DBEA37A3D7C
:10742000ED58983E53DD073E516B17BDAD360BBE90
:10743000ABA8DDBD35BE0EBEAA8B93BD202CA5BD6D
:107440000BF836BE018CAB3E02DAD43EBE64303E51
:10745000AE8E4E3D0B5EDEBD6B08233C0F99C93DE1
:107460009DD9313D41D183BED9D7DFBDB6DF4ABCFE
:1074700096F5A3BD6E512D3C0BCC8FBC5B65C63D14
:10748000D34BC13DAA6FF73C4717EE3D1CC0DA3D18
:10749000F6E2B43DF2CAF23D69AE84BD72DB35BEA0
:1074A000F4E77EBC626780BD9B3DE7BD660E46BECD
:1074B00032E284BDC8F0FF3DAEEBBCBDFBF8C33E7D
:1074C000068434BE62DFBABD8C4B29BEDE4018BDD7
:1074D0007661A23D670466BD368E243DF8AAE13D83
:1074E000DCC57BBBF31D5C3D974899BB73AD5E3D2E
:1074F00041378BBC7834543C0E32283E7E438E3D5F
:107500002257923D01617ABD7F2806BEC3962CBEEC
:107510003287813C7AD1A3BD111C4DBDB52A69BD0E
:107520000B51103EA883613C8FEC78BD7DBE423D7F
:10753000BFE7FBBD46303EBE1BE237BE41A9B7BD2B
:10754000097AB13DEF2FAF3D488A5CBDB07CF1BAFE
:107550000244DE3D6C0C31BC16B7143C8E73F53C16
:107560005C02FDBDF7FFCC3DE6F239BC220C063EC5
:107570003856043E75F9043D90D93E3D34F231BD94
:10758000FB5AF83B045F033D1009073D32E3093E17
:107590009EE480BD8C00C93B1F39813E909F06BE92
:1075A00030E50ABD754487BE76ED4A3E9108E7BCDA
:1075B000BDEFAE3DFDC71B3EB7D73C3EFE0E953C32
:1075C000BCF17DBCE7A394BC57C7153C26658BBCBA
:1075D000D0EC6D3D3B1332BC76F6883C3257A63D6D
:1075E000D411C93DA78784BC743750BB07F31EBDB7
:1075F00045E0C63DC2AEC03DD7FC96BC31AC833E33
:1076000020BDA8BD51D6BEBC7805853D06C0E33C73
:10761000155ED03CA9D2C23CB2F8323EF6CAA03DBB
:107620001EA5213E77698E3E00AE8C3EF4BE403EE4
:1076300093110F3D73A01E3ECD90443D6B56313CDF
:10764000AB9AC6BD107F1C3C3CF3AB3D6D15903D25
:10765000153440BCF0F9F03D8CA8AEBD1EB9103D0C
:107660005B663ABD3F64A03DDD5D003E24E3A83E7D
:107670008AC6843D6250E0BDDA8388BEE58883BA5D
:10768000B24A60BBBE5DD2BD414E303E4C969A3E82
:10769000D129C43DDF6EFC3D225E833EE4931A3E59
:1076A0005773C43DAD5D053E9A92183D25E7323EC5
:1076B000B5099A3C9D95E03D1676A93DC800EABD06
:1076C0009AF1BC3CB2C304BEAC6BB53CA809BCBDCE
:1076D000A89217BBF822623C8C7D673E96A9B93E02
:1076E0003FAB953E5A8D003E0E0D8EBEF5C580BD5A
:1076F00097FA813DAADB68BD84A8D0BD6AC4D03D9D
:1077000052ECBABC02046DBD7E0701BEDF41E43A13
:1077100030AF0F3EAD4C923DA4F39D3DDB6FE63D97
:1077200040CCA93D3747183DC975C83D649E213DF1
:1077300030534BBCDC1473BD387320BBF2574E3C46
:10774000BB0C963D19E8A53E2F828A3EBFCDA93ECF
:107750000C3CA03D00263F3D7AFB4EBE9C2EA3BDB7
:1077600010D869BCC48F7EBD17D694BEFDBEB4BE12
:10777000B04B28BE20D774BE78A3C3BD2E8EFBBDF0
:1077800052E2403D324C00BC64918EBDB6D582BC05
:10779000F4830A3E06B48E3DD9600C3C7D1516BDBF
:1077A00073A802BEDEA89BBEBA3E68BDD69B073E4C
:1077B0002F1C93BCC39F953DF6B3613EDD7EAB3D70
:1077C0000A69BFBA36973C3EA223063D6CBED33C45
:1077D000F0848DBD1206D1BC6A1F133EC4BA94BE9C
:1077E0009733B3BEE3BEC1BE98C2ED3DCBBCF8BD7E
:1077F0004721E9BD62A25EBEBB744DBD2BE299BDBF
:10780000BB0692BE4D5991BCF8C1F03D3C0E043E02
:107810000A424B3DF291C53D3E8C9B3D29C168BE5D
:1078200092098E3C4EB95F3DDE5966BD348598BEE7
:1078300064E499BEEC4A823E3928E53DE0E8D43C58
:1078400021BCAABDD0C9593C6062EE3B64C5093E6B
:107850000F8D3B3EA83A113E5FB4E2BD6A430EBEB7
:10786000ECE8A5BCAD7BF5BC8BA6CEBD2BFF893C5F
:107870000AD7083DCA441FBE1A9D643D3B7F30BEF7
:107880008A181FBE172D8F3C85C0183E21CB93BE92
:10789000F1CFE0BDAB0A073ED6B5163D7DE9353EDA
:1078A0009779CE3E54CD4CBDE09ACEBB40D0983BAC
:1078B000455AA5BD602B5DBC36A0193D9CB5A13CC9
:1078C000C20B3BBD6DB49EBB3F028D3DB9DEEF3DAB
:1078D000F9E7543D257E3ABD62DFECBD26F923BCB5
:1078E000EB14403D59507BBCED864EBDB329023EA2
:1078F0006221953DBFED89BD470DF13DE65653BB75
:10790000AE3403BE38AA3BBE359612BEABB376BECC
:107910001C24D33C80050B3AC0BF9B3BD9A17ABD48
:10792000C435D13C70C7C0BB8C8F0B3DEE9B2A3D4C
:1079300032BF93BDDA090F3D809273BAD1A398BDCF
:107940001B0D9F3D2D9032BD627182BD75B460BD2F
:10795000FA4EF33C94ADF53D766C083E5EE49FBC78
:10796000F476823C620E93BD4157A93D9B26893D2A
:10797000F6DD2B3DA6BE45BDD2093E3D48D622BC14
:10798000E02B3FBBCC0DE2BCD091F23B7073A5BCA9
:10799000CC66FC3C3E086C3DCC5AA63CE595A33D2C
:1079A000B95D213D1457253D3DD17BBD286DDEBD20
:1079B00092BA5DBD00D19DBDFD09A63D03386A3E6A
:1079C000545B383E07D1A63D49972C3E0DBFA53DDF
:1079D000CC84BB3EC4CD783E6708A3BDC21A26BE88
:1079E0001B1286BEEFD350BE1AC3DE3D1B9290BB66
:1079F00050392ABCA05467BB90FD193CCA04143D01
:107A0000AF7FA1BD4097D7BC222F523CD1863A3ED2
:107A1000DCF04B3C1CD288BD3EF2C13D9901523D89
:107A2000DB62853E83749D3E6FEB533E0B4AACBDDB
:107A3000371D12BE8CF3113DC72A093EB204763EB3
:107A4000F1749D3D969D43BEA5D4013C6235CBBDEE
:107A5000C80D38BD3F9AD0BDA478EEBD1FA4223E0C
:107A60004163AA3D456F843D5010E23C1A1C1FBD86
:107A7000B61665BD1B688B3DB02F5E3D9635163E34
:107A8000A09EAC3C1EB4A2BDDD4201BE1B0544BE9F
:107A9000CF3F57BE0479763DB4C018BE244114BE12
:107AA0001E84A5BDEB3DB73D96087A3DEB682EBE22
:107AB0006339CABD69F2F2BC061F33BD6E3A34BEEB
:107AC00097D799BE3F3180BD81B894BC828DA3BC4D
:107AD0002D1082BD08CBB6BD598B37BE0EDC663D7E
:107AE00064748DBD618949BDB90D63BE56AEADBD2F
:107AF000870C803D9A6710BEB61D17BEB49990BE24
:107B0000ADDEC1BECBA58ABE0FEFAABEF2E16FBE4D
:107B1000A0E048BEEDD0C3BD5C3A8D3DFD7311BE03
:107B20009F0DD3BD513C553E36063F3E3B87383D09
:107B3000FBAAE3BDD71472BE93F8DABD1A099EBD45
:107B4000125386BE968648BE15D2653E41990ABE3E
:107B5000AC2F9DBC803853BA8CFC93BD8A9FA7BBC9
:107B600054E31CBE11AF1EBECDE2A9BE971997BE4D
:107B7000D223CEBEEBFF8DBEC55A83BE464C39BE66
:107B800074E31EBE92B1F9BD850D503D966F933DD5
:107B900072F250BDA0C28E3D7F6F4A3E81F3A23E7D
:107BA000AAFB543E39FF323D413EE5BC456764BE09
:107BB0008DE22DBEE76479BCCCAEDABDC31D61BEDB
:107BC000CD78883D8FF246BEEEA2773EA60CDB3D17
:107BD000353D16BEF1EBDBBE3D068DBE523493BE85
:107BE000D7FADBBE766BD5BE6F94C6BE618E32BD52
:107BF000DD8FC7BCE7EB3DBE8C3971BD926827BDF8
:107C0000AFB2433E16E0433EFC1B3A3E4ABB8B3DBF
:107C100097720D3EAF8DDB3D0C8C8B3D217B56BDAD
:107C200012158FBEA04D793E4E581BBE87CC1D3D10
:107C3000C0603DBC20AC9EBE0EEE8B3E405790BE59
:107C40000C9C94BEF837A0BE2C1DB8BE21B1C4BE9A
:107C50001D991FBF80EE22BF9BA2B8BE6593D7BD02
:107C6000DA7F383ED5F1173AA0D6F0BCEF97403D09
:107C70006EE0EA3DDE8FD4BC367D6EBDE5AF25BE3D
:107C80007C0421BBB0661D3E675B2B3E6AF8AEBD2F
:107C9000834457BE18A8A13DF8C60BBEB3E7EE3D1E
:107CA000A842E8BC25F388BEADCB1D3D643D9DBE1A
:107CB000E6E38EBE4B29B1BE49285ABECA4BBCBEB4
:107CC0006D7A04BFA9ECFDBE5CAC3DBE2F814E3E7B
:107CD000E52F543E088D453E4148D9BC038983BDFC
:107CE00031BFFD3C56BB773D28820B3D778503BDF8
:107CF0009E9D21BEB832223EAB45B63CF781283E60
:107D0000632BAE3D7E6003BEE87D173C68D90B3D1A
:107D1000BFDF54BA55A99CBE3C13913D21FFFABD6B
:107D2000CFB75DBE172EF4BEC8AD66BECA67ADBE86
:107D300071BFB9BEF77BEE3BD986423E0CC42E3EE6
:107D40001F66693E35E6623E74FCEB3CFE191C3E44
:107D50001E9F1E3D11B7713DC9C19B3C7BDCACBD74
:107D6000EA4F82BEF69A2C3C4F3E03BDD4830BBE35
:107D7000E9BF813EFE49FDBDD1E934BDFA97CCBED5
:107D8000CC7281BDAE1516BCBCEC72BED324F6BD60
:107D9000C6847ABE4D33B5BDF3FF49BE618545BE8D
:107DA00001708ABD90AA19BBD0BB5EBC86DABB3D10
:107DB000800E9B3EA7F1733EB3A9463E5406AE3DEE
:107DC000FCADED3C1480BDBD822786BDAE621BBEFE
:107DD000560838BE51826E3DA866AFBD0C7421BEF8
:107DE0008A69523D875126BEC3EA7B3D100FA3BE70
:107DF000C0A8CCBDEE2F04BC1B55CDBB7B70C6BE4E
:107E000069C839BE1969053E16FF03BE4C0C18BD82
:107E10006F1134BE4CDFADBDBCC391BDCE2083BC61
:107E20001C3F073E0DA1003E2BE67C3D172B8CBC72
:107E3000440C0C3C794A74BDD15D96BD20CEB03D5A
:107E400076D0713D5894F33DCCCB003E8C3A20BCAB
:107E500052E5AB3D9365033F27011A3E90F58EBE78
:107E6000ED1C1B3CED4C81BD7D5BB9BD6F1A42BE64
:107E7000DCC9C43E84AFA83CC18DE03DB58B003E5B
:107E8000A5EB07BE7EB9683D110E043D896E793DB4
:107E90000DD3D33D7461643D39A6D13D9A1C24BDF8
:107EA000956E63BDC1768B3D0F3FA4BD8B09B33C7E
:107EB000EE8E9FBB7CDEC93A9990813DC6DC4DBEFB
:107EC00048C0E6BEA87E65BE5E233DBD86889ABEDC
:107ED000806BB13DCD880A3EDE194BBE833A9EBB16
:107EE0005740953E3A46CABDEF977D3D2C4DFF3D2C
:107EF0005456FB3D62E6483ECA87343D89280BBD97
:107F000039FA003E8F6BE23D46250E3E87AFDD3DE0
:107F100032B8E83CD526D63D82C926BD769819BE32
:107F200092864CBEC049F4BD5B7A923DA3B49CBE20
:107F30006F2BC6BE08BD9EBEFC0AC53D365F483EDF
:107F4000EB8E803EC1AD67BD993FA23D87FEBDBDB2
:107F5000F00F043E9895D4BD2D9E6A3ED2DB813E43
:107F600047755F3D8354F5BDD8E63CBD122532BD53
:107F7000BAF2AEBC0D21D63D1D4DB7BCAA9CE93D61
:107F8000A3BC163EB8FF6E3D21AB99BD0C8397BDD7
:107F9000512527BEFA5F4CBE6FC20FBE2EEC87BEC6
:107FA000C038ABBDDC812C3EB049313FAD77C53D1B
:107FB00031C6CB3DD020B5BD9D7A0F3E94D2F23D67
:107FC000BED65C3E04E756BDC733C1BDC295D0BC2A
:107FD00007660E3E16E588BDDBAEEF3D96DE063E3B
:107FE000E6A5213DEE0A493E02EBEA3D648BA6BDC3
:107FF0001369BE3D8DD944BDE401C4BD976EFDBD7E
:108000006A156BBD433EB9BEE37676BE63DEACBE99
:10801000C78399BD1617B33DF123803DA77AB23EC1
:108020007A322ABE0CFD14BE6A7EBD3C72C5163E75
:1080300043C6AD3D1CD536BDA24009BD08720E3DFC
:108040001FC0A7BB8B47183DA3FEEB3D5820833EC6
:10805000A5F6973E1C3F9E3DC807273D331E9E3D1B
:1080600018BCBD3D60D5833DC6A069BD452787BE10
:10807000CC2333BECA72B5BDA4FC8C3EE4EBA9BCD4
:10808000A62091BDD85F143FA078203F21C8A93E0B
:108090006AE5793DF286BABD8F16A3BE7C86303E76
:1080A000C60E8F3D8CB48B3D0688A53D351A65BD47
:1080B0006FB7B43D3D127A3D3787473EABDD173E83
:1080C0007F1F443E00B8A7BDCF0A863C91C0B53C97
:1080D00016922D3D024DBBBD4BD53CBE9E9648BE73
:1080E0006FC230BDF776963DC4091B3E5C530CBD94
:1080F00021CEC6BDBB69E03ED739043FA8E6EE3EBF
:1081000043C7B63E9452DCBD06798CBEAF7719BD2D
:10811000516C093EC2DDC13C9F642F3EB888163EBB
:1081200098AAE93D993E633E51A67E3D9B7A10BDDB
:108130002DB5803B623EEB3C5502F6BC1950023C2B
:108140003EB20FBE5180BD3C91683FBE85037ABDF3
:1081500045FBF13C4A25893D0191613EFED6AD3D8E
:108160004CFE153E74DE923E0BEA0CBE9428E73EB0
:10817000B2F9223C540193BDCD17C8BDD34BFDBD10
:10818000D2C4ED3D9722FD3C8CF8BA3C54A9A4BB67
:1081900075AC24BDE0853D3DA2A9C23D0BFD30BDBF
:1081A0001CC2A9BBF5FACE3D8949A0BD94179EBD5E
:1081B000B83FD93C92E3633B5C61E83CDDEB1E3E9B
:1081C0008C0C8A3C1597A13E3842093FE9A6073F2F
:1081D0006EB77C3E3A7FC23EA479CB3EC5D6973E71
:1081E0009A1C553DDE308CBDC0E63D3D9590253D49
:1081F000BCB8123D8A10253D478D213CFF028DBD44
:10820000A06B053DF686C5BD482893BD7335533D2B
:108210006A627ABB075803BDCCE5C8BDEA80A43CBE
:10822000003FED3CC833783E0F4F133EAC40813EDB
:10823000E20C2F3E835EDF3D51C9A13E6F0C0D3E27
:10824000C5F2B73EE524E03E6808113EEC8E5A3D8B
:108250009EF4E83B238103BED1A1513E9C540F3EC6
:108260001413AC3EF9E65ABDDF7E86BD69A1963B8C
:108270006544FCBBA846AA3D76D0A6BCB11D26BD70
:10828000A742BABDF4AB9F3DE91285BC4808EC3D5E
:10829000F98E103D05C1003EBDC6003E36498B3DFE
:1082A000BD5FAE3C26ED213D123434BD06D9663E9D
:1082B00077526E3EB6B96A3E7E9D35BD1870043D5C
:1082C000CBEFDC3D7165B0BD2732213E7E35693E86
:1082D000CC55363EF4932E3D0863DC3CD3D98E3C1E
:1082E000379214BC8FAC16BC11FE0CBEA2B6BEBD3C
:1082F000B2A51BBCF6FE2ABDD07EC8BDDBC9253D9C
:108300000FBE5E3D99E5A43D05C0D03D8898593D1E
:10831000C98EDDBC1D5A4FBEF1B385BEB5D8813EB6
:108320005254A93EAEF8033E83CB86BE274F87BD8D
:108330009E2A10BD88B884BCFA2532BE2ED589BDD0
:108340008EEADC3DFE771B3EF22B943D293B65BE59
:1083500062BA5FBEDD97933AA721CDBD283905BE2D
:108360008DF9A0BD4EAAA0BD7AA8EC3BE1B3F13DCA
:1083700051A9AD3DD6E4343D93F3D93BB54BDEBDB9
:108380004BCD8ABEC0AE4FBE30A22A3CB092813CDB
:10839000D257043E55D43DBD9C0DE3BCA646703D6E
:1083A0005A7818BD7E37693DF56800BE69FE94BEF7
:1083B00088CBC83D90BF953C1791DBBD558F66BEFD
:1083C000F1CD89BDC88DD8BD5E16B1BD776D16BE25
:1083D00029A502BDFD3CAEBD270DBFBC658E4F3D3E
:1083E000E534883D97CBFABDD5F50FBDC5FB80BD03
:1083F000DAF20BBEE1B6A0BDF49761BEAE9132BD1C
:10840000AA2BB1BB4EFF113E42995C3E501DE83C89
:10841000603028BC880EBE3C7E42423E919A92BE9D
:1084200004BA14BE80D066BE776E80BE541DACBE4A
:10843000900093BEC6FEADBEA739FABEFA8CE2BE6E
:10844000179C50BEE742C53DD368463DD0201BBCBB
:108450009658BA3DF4A57BBDF2016A3D48F1CE3C89
:10846000F469493EDF663C3E875A023D9E7F913D5E
:10847000DD423ABE4105063EDE100F3E06005D3D80
:1084800026055BBD1DA56EBD12BAD0BC07F2013D2D
:10849000EC0DAD3EF236173EAC8AE53B0C178B3E39
:1084A000B46E9F3DD57D7ABDE0DAC1BE612EB1BD0F
:1084B0002886CE3D55296F3DC3CB8D3EF0EF9D3EC6
:1084C000616DAB3D2C29DA3C022E10BD46F425BC73
:1084D000809F0C3FA6C99A3E0D0F863EAB178B3E80
:1084E000D506283DC8273A3D285771BCC080EDBB52
:1084F000038240BD132E72BD16D65B3D90537C3C6B
:108500000D0799BDA7A2FBBD24D7303ED4F2F03DA4
:10851000BC93CE3D5DDB033EE2CD463ECB87C73EFE
:10852000F1586D3E1368083EF5CAF4BB4660013D44
:108530007343E43DC69CF43D4475BE3E5A62AC3E76
:10854000E065593EDF603E3C87B08BBDBB7ECDBD54
:10855000D6CBA5BD20902DBDB443D4BC0E42483D22
:10856000DD3F3BBDC5DC84BDEEAC743DC8D8E53C09
:1085700082C2B3BCE02E3F3C3492DE3C804579BAE7
:108580007F85933D24A9853CFC29BC3C369F513D09
:108590000BF2003DACD2923D061A513D1DF094BC49
:1085A0006CC5A5BD72BE233DE2B8283D5010A63C67
:1085B000B675753D805832BAB61E523D8734923D2D
:1085C000919838BDB8370F3C01D79ABD3549A03DC9
:1085D00060C7AC3C3263323D46FD62BD264A3B3D3E
:1085E000BDB57C3D363FD6BCFFB4253DC700CEBCF3
:1085F0009EE9173EBE8A073EF9EE3C3E5FAD213E46
:10860000E8DE323E688A033E877180BD4D358F3D7E
:10861000F390253E516F2C3ED10B663D3CFC903DC6
:108620009F69A93C1CE32BBCB5594DBDAF8564BD0A
:1086300041484BBD04AEAC3CD2CC763D3A8E8ABDAF
:1086400098A7CD3C48C723BDC2190D3CE0EB3F3C89
:1086500012B3033DA7F81E3E54849C3D83EB193EA4
:108660006148903E2F47BE3ED21DC33E6772B03E6A
:1086700027DA0EBE71FB8FBE0718D63CE60311BE8B
:108680007F34A1BED58C8CBE999DFEBD297A9CBE3F
:10869000FD4E03BE7413F73B3830D5BD8ABC593D3F
:1086A000A285533DFA63723DB18054BDACDB59BD28
:1086B0008DD21CBD72DA283D8B585DBD0411C83DBA
:1086C000648FD83DCEA9333E13B8043E374A82BDED
:1086D000FB358FBD5694A83E1F3AAC3D2D9DA03E64
:1086E000D03B193E845E463D2782363EC6DB573D71
:1086F000EC30D53C3D201BBDEB87013D3E56773E1F
:1087000032C1D03CF7825B3E2915413E02D729BCDD
:10871000B8F582BD63BF073EBC1E823EC8B06BBCCD
:108720000EBE273D3F120EBDCF2F7FBD7E94A3BE50
:108730008A2790BE31D5C6BD43013A3DB813433EAA
:10874000AAA7EDBD92BA463D2083AF3C425B0A3DED
:10875000B8E3FB3DDBE1BABD873EBFBD106A8137A0
:108760000130B83D7DDE273C170FCABDE4E174BB84
:1087700081E45C3C29DF523D09AE833CDA5A9CBD62
:108780007B13EE3DED28243E9D29263EBC20083E6D
:10879000E09B353B4094633B46C90ABE7AF361BC1B
:1087A000FE24BA3D98AF1DBEAB0491BE782B813D2F
:1087B00028B97C3D2B48B03CA69165BB148F86BD83
:1087C000B1B87ABD61F22BBD9A8212BDF9801F3D0E
:1087D000E2DC0C3E2A60173E96C31E3DFD9871BD3B
:1087E0009A09DC3C898C893D26289F3EBB1B923E22
:1087F000B584D83D7003013FB443A03E0338913E99
:10880000CEE92F3D4254C43DF30E4B3D3F96433ECF
:10881000BC05973DEFA04B3D0471ACBD9EEB63BD25
:1088200039E2753D72C7DC3D501B6B3E0095AA3D99
:108830000951DD3C19D68CBC78F875BDFC3C8B3DEC
:108840002870353DD6CE563C9BCACFBC8B1ADC3D3A
:108850008A6DD6BD4112483D3679653EECD8AA3EB8
:108860001BE5AE3EC99F013F24C0053EBFC4C13DCC
:108870008E8795BBCCAA653E72D7AC3D46015B3E68
:10888000620F243EB334CC3B07860A3D4D401EBDEB
:1088900075DB9EBBC74E4A3CCCEB333ED2E9E23D92
:1088A000E6731B3ED6D7103E9144343E7174493D69
:1088B000AFC5303E38762F3E62884A3E26C4583EC9
:1088C000FC2A3D3E434A093DCCB8433E6F9D763E6F
:1088D0009F6A753DD8DA813ED176ED3D348A0E3EF1
:1088E0001EAE753D86EA78BCE4B3BC3C4C4917BE6D
:1088F00083D33F3E41FBFDBC8E5715BEC9375A3D61
:1089000070D3133E79C5323EC7A8783ED57F6F3EFF
:108910008D8A483E1386553EDB09803EF928773E16
:10892000F766B63E5EAC7C3E1DA2543E4BA3A63E0F
:10893000905E9B3E6E2F30BDC992953E53838D3E17
:108940006BE90D3E0E67BF3D6D11943E60D18C3ECC
:10895000A53D93BD8D4CFC3C489B043E37F287BD42
:10896000E9B4C33DEB86983ECC8D56BD0DA5313E96
:10897000F7C7113E163A6F3D7F083D3E632DD23D4D
:108980004711783EED3F803EA2B6CA3D7306C03C1B
:10899000672DA7BDE6B429BD48F218BDD5ABC0BD53
:1089A0000416993C2F914BBE76B2FABC8A30903EA9
:1089B0000223ECBCF76FB93DCDB0B03D7E0E053E55
:1089C0008C9DB9BB5B4F98BD292AAB3EB4855FBD7A
:1089D00044CEB0BCB3887F3E1E942B3E5976EDBC8E
:1089E000D48CC23D6D35523D3F63023E5F1523BCC2
:1089F000FAAEE8BDB7AF343D790A80BEB4C3B7BEA6
:108A00004AFD2EBE922B85BE247F15BE7F6125BEFA
:108A1000427F17BE189617BE4EE2153E03400A3E2F
:108A20007C74253C6FE4ADBD6234703E9BF3B63D73
:108A300085CFACBB95126CBD484B4B3EC80486BE7F
:108A4000E8176C3EB4538D3E9AAF9C3EAE2DE7BC0A
:108A5000627AFF3B51CA353DF4E82BBEE92E1CBEBD
:108A6000689F4FBE8769B6BE0965DBBEACB6A3BEC4
:108A7000BCDEF5BD451A82BEB64842BE2BE882BEBA
:108A800098C1E4BE4AF65ABE0923C3BDCFF26BBEFD
:108A9000C08F86BE6EC92EBE77BFF73D501347BD4F
:108AA000C80CDFBC24C02E3EAB28873E3A8BF7BDF6
:108AB0003952D1BD577EBE3D83F40FBCF7E5F93C7A
:108AC000337BE13DA46FF23C023832BE914D94BE3F
:108AD0003C384CBEEAD156BE76FA8CBE55598BBE98
:108AE000B2B826BEE33AC1BDEF6E92BECCF7ADBEC2
:108AF000B519B1BE6763EABD7410B9BE4815C5BEED
:108B000011176FBE0EC2C4BD1D8C013D319CE3BD6B
:108B100054B7B6BD8A04983EC5A8C73EEEC945BE47
:108B2000C8B6E2BEC68447BE8B0254BEFECF90BE1E
:108B300082F40BBEB09E3BBE9BA781BE72A00EBE50
:108B40008E5787BD74CCE23DE40882BDFB281DBE74
:108B5000D967A0BD727317BE8AEBC4BD1E2A3FBE83
:108B600023FA10BE92B388BD3E9CB6BE5BC6DDBE86
:108B700031A204BE851E4ABE1EB9AE3DE34088BB8D
:108B8000E72A7B3E1E21283D8BF6363E553C92BEA1
:108B900024FB70BEC5180EBF6AECABBED520A9BEC3
:108BA0008611AABE99A581BE202ED6BDC91705BEC5
:108BB000B6A4EEBD05E42FBD3FCBA3BDA3BF10BE41
:108BC00072DB6CBEFBD10EBE96C081BE1499ACBEEA
:108BD000D87A8BBD94EDAABD6304FABD562193BE2D
:108BE0009F8D98BE2C002FBEED399F3E1B87A5BCE4
:108BF0005BED8F3DB9E4FDBD119444BE435C85BE81
:108C000041B96BBE0B0ACCBE964709BEF72D19BE03
:108C1000C5C373BEA628F1BD33451EBE3C56D2BBAC
:108C2000BB01553D6B05A73D143F86BCD4CE54BE59
:108C3000FA4A11BE6E1B00BE9997A0BD6A4283BE60
:108C4000940DF2BD496A30BEBE4B6FBEC9E436BE5C
:108C5000C84AB3BDD3F678BD5D8B2F3EC1CF2B3E46
:108C6000D6CF533D1A3BFCBD44F1D4BD6DAA69BEBD
:108C70002AA5C4BE95BF51BE3C5C82BE5E5A063D6D
:108C8000EF31393EFCF3F93C04BF46BD18357A3D5F
:108C9000431D483E40736A3DE4C964BAF09343BE45
:108CA0001E15FC3BAC75233E959B9ABD035549BDF3
:108CB000EAE274BEFD2C22BE238781BD401E3EBE6B
:108CC000FAEA933D8F70903E4894BD3E7B8E7B3E8A
:108CD00000605DB7931EA0BC90BB05BD0441043D80
:108CE000EFB6E3BDE7311FBEC71C92BE4497B43C4C
:108CF0001267713D7337B0BCAD84EFBC6808BB3CF4
:108D0000C3613F3E9248AF3D527585BBC2BFCFBDE8
:108D1000AAA7B1BC996C683D5598B7BD444C053CB9
:108D2000550DB5BD1B28013D402FA03D74857C3CF1
:108D300027DF17BE746CE43E1B8BAC3D2DEACD3EA5
:108D400034E86B3DDCE7F9BCAFC83EBECA21843DC8
:108D50002174183EF3416BBEA793A13BF1EDB33DE7
:108D600021931ABC7D33FFBC75BE053EE693DB3D07
:108D700013B5433E344D053E5FE6EEBD8CDDE03C71
:108D800084061D3ED734003D9BF02C3D9DC56DBE35
:108D90006B6A47BEB46A863B9210073E025C88BD90
:108DA000E895BB3D4CF14D3E7CFD023D4BA7F33DAC
:108DB000D1C007BE3F7046BD56084D3E749210BCF0
:108DC000E3D62CBD9ED20CBEA4C5593C6A66E73DD5
:108DD000E87625BA40A64F37177B843D409B593D26
:108DE00003B89D3BCDAD0E3EFC46283E7F2FE93DAE
:108DF000CE1C3C3D21F28A3D58E4ABBDAC4419BECB
:108E000064B1023EE3AF24BD9F107CBE328F3EBEF4
:108E1000188FE5BDBB5A973E4FBC383EA05F4B3D17
:108E200088CE143C9C1E533D62F68B3EE679093E8B
:108E30009B11073E2069493ED8A54F3EE7C3323E0D
:108E40006865BD3D50FB913D8660943D49B0EB3D6A
:108E5000A4F94DBBAE4A0B3E0BFF6C3E7A2BA83EED
:108E600046769ABC53F0813CBADA003E4A9251BC35
:108E7000144B003DFC90353EDEF7A53D5C4389BCBC
:108E800090FF7ABD3054813E5879C43C83799C3D33
:108E90004C4301BEFEF9AFBB1212933EEAECC73D54
:108EA0004E28A03D7F45DD3DA76DB93D8EC0293DD3
:108EB0007FB60F3D271BFD3D5E2489BA988A0A3E86
:108EC0008B2D083E9339AE3E6A1FAB3E7AAF343EDF
:108ED000CB18723CA630C93D0AC3053E30D7363E9A
:108EE000698CFE3D953B213EB4C1C03E892BE53ED9
:108EF000937F813E8560C63EAED0853EBDE3F23CA9
:108F0000F93F83BD9FC6EDBD1196483E07171B3E36
:108F1000A0745D3E125C973D20B29B3DEDAAD43D0E
:108F20002EFB473D08648F3D7D8BB53CC58E073ECB
:108F30004391C43D7F65103E1ACD063EDF87263E35
:108F400058EDDB3950EEDB3907A2813DC7606A3D41
:108F5000F96AA93DF3360E3E8A3B7B3E4A1F8D3EA1
:108F60007EE3453E01BD583ED09287BEAA1281BD28
:108F700082234E3DED24993D41DA603EE414CC3D20
:108F8000CFE3C53E8154B23E4FFDA7BABA888A3DB1
:108F900012D8633DD0DED33D121D323D05CFDA3D00
:108FA000A4DD383C54F6813D706F35BDC1DB8C3D8E
:108FB000069DB13DDCEB053D418FE73DF328DE3DED
:108FC000FEB7133E2C4DEC3DDC533D3EFC76923E0D
:108FD0006F9BCE3E70C9973EF871E6BCC0C80ABC14
:108FE000708BA23B301AEEBBD84BD33D0F6EDBBD6E
:108FF000F19B123D711E333E1637E83CC7C4A73DB6
:109000002EECD83DE06D1C3EEC6056BD9F28413DE6
:10901000ABD3243E9526643E9BC6043E8597C13E55
:10902000BE9E9F3E4CDE613E2F88A23EAF2BA63EE9
:109030007969253D88AE85BD1890983C4458E5BCBB
:1090400053A2C13E7DEAB0BC4955783DF07DF1BBED
:10905000F6EA663DB60D1EBDD5EE73BEC37E523E2A
:10906000326AAE3CEE6A21BEF697253EB4A7963E24
:10907000603CD23D4C881E3E0E9966BCBCD8CE3CAE
:10908000AE2A0C3EACF9B63DF4088F3D6EBDD03E25
:109090005542613EFF7A3D3E9967EB3DE693363E91
:1090A00069809CBC838D413E56D251BDEB1A373E40
:1090B000BA4FA53EFC69CCBD2924BA3D503C4EBCFC
:1090C00006D09DBD3E0C3C3D603388BDAA6E6B3D15
:1090D000A38CE73D9A7B4CBE73F7DF3C4C35EE3EEC
:1090E000ADC5BA3D2239F5BDB2FDE5BDA7989BBD22
:1090F000181A3DBE4CE69E3D9D308B3D3DFD2D3EFC
:10910000660D313E789389BE24F4E7BD5A08C63E09
:109110001164F33DF80F923E5ABEE33DE2179A3DCB
:10912000D3AA4C3BEF6690BAEEEC0ABDCE4B75BDB0
:10913000ECEBABBD939045BDF80745BD5DE598BD33
:10914000B5B9AF3D52BD943CA5D3103EB0802B3D88
:1091500017B1233D1616753EFA8DB53E47F0C83E51
:1091600043FEBF3EDEF6AF3E3DE2A33E3F6E0A3F0A
:109170009198D23E4C44DB3E6A4E78BDADCACFBD1D
:10918000D6D029BDB8D830BE8CDA3CBEEA48B2BCD5
:10919000F8B1053D4CFB89BDA27565BDC0FC2BBC7B
:1091A0004091C9BA5EDBCEBC0FA6983D508DFC3C09
:1091B000BE4B3F3DE34594BD662F413DF631513DE9
:1091C000479D8BBDC05494BB5E504B3D97350FBD42
:1091D0008773D0BD89E2E8BD8FFBAA3B366879BDB5
:1091E000A8B1A23C0BCE5FBDD2FA0F3D09B7863DB8
:1091F000B08C88BC4618773DDA4F403D85E9A5BD67
:10920000E8605FBD98A510BDD87170BC60F19C3C52
:109210008E23513DF22F01BDB0F2CEBB6CACCD3CE4
:1092200042AAADBD955947BA33AB17BE432AF8BD24
:10923000167732BD4D7A86BDDDB28CBD3E5962BD1A
:109240009F01E3BDBA3AEABD4181DBBB7FE6E6BDE3
:10925000C6BA5FBED9B292BE03D4AFBD7DC921BE2E
:10926000DFB92D3EFC81B8BD4DB8C3BDB3BD74BDE3
:109270003334903DB00C6DBC1A59C5BC4AF0D7BC14
:10928000B5E845BD6C68BABCECDC363C509849BECC
:109290001A9D88BDC9344A3C57A486BDC89003BEF8
:1092A00053C402BEA3E3B1BD7A9A28BE6A35C0BDDD
:1092B000017A7039BC66AF3DD3E0F2BDB1EE1ABDA4
:1092C000EC1B81BD8EC89F3EC008A73E217B513E4E
:1092D00093C9083E08D27D3DD5A7E93DF71616BDD6
:1092E000865061BE81AA87BD6877CE3C53C99ABDBE
:1092F0006A8B723D802C083DCCF4913B478F5CBE5D
:10930000E8176CBEDC1691BC5D37B4BCEB9F8BBE1E
:109310005387C8BE3B2D14BF7B72B5BEEE55A0BEB1
:10932000C2B7D3BEA5D489BE880C19BE33A79BBDD6
:10933000E67DF9BD0CB5AEBDBCCC4C3E7D88863E0D
:10934000F22F12BC84F7A03EA927653EE01D5A3ECD
:10935000EAF199BEBF6207BE59DB7CBDC041EF3B5D
:10936000843880BCD6D23F3D37D086BDE5D2093D9A
:109370006F86AD3CD2E6D0BDA5624EBE6CCEA2BE1D
:10938000AD87AEBEE34F6FBE7E7878BE75ED1CBE76
:10939000FAC93E3C0921F53CBD710B3EA2491B3D7B
:1093A000FE4B8F3D27D69B3D15A6ED3D6F37A13C6B
:1093B0007FA2523E3B2A883EE214153E0AA3EE3EAF
:1093C00050D2293F3898D23E8166BA3E59D3533E97
:1093D0009FF01CBD1D6AA63D640D1CBE403AE6BD53
:1093E000A84562BE860CB8BEA6A1ABBEF15657BD5D
:1093F000E63A46BEA8A3B5BD1CC9863D4294113EBF
:10940000FFC10A3E1E78DD3D8B57FD3D82CC2A3DD3
:109410005A43E83DAE18A03E7173E73D631DFD3D24
:10942000AA3D2E3E58F7823CDBB4BD3D4190153E2F
:109430002041B23E4811003FF368C23D3D8D4F3D93
:1094400048298C3C90A430BE965555BDB8272BBEFC
:109450002345E7BD2D8891BE469292BE2925B7BD12
:10946000A4F0DA3CB60FE6BDBC660CBD40F838BDD2
:10947000560B803DDDE29B3D3C5D3E3D4C20373E42
:10948000D414243EA3A0743EEAEAF73D7BC9803E93
:10949000B309283E73840FBED5AE0CBEAD8F683EB7
:1094A000A5A3DC3ED4DDA23E19A4C43E7D70893D57
:1094B000164F263CE795ABBE23086CBE4844BEBEA3
:1094C000CBFC3FBD4E974C3CD35A4ABE65F783BE9A
:1094D00062B5E53D978CC13C27B0AFBDC72CC9BC78
:1094E000B39021BD7440623DBF602ABD3B85A63D5F
:1094F0004D46A23D6D6C11BD31F5B7BDAB2AB6BC72
:10950000716BA6BCEE2E97BDA67A80BD7D870C3E02
:10951000D4550C3EAE97D2BBF147113F24B3A23DC8
:10952000220688BD776181BE2D615E3C8839933EFD
:10953000F89CB63DA05E293AE74B293CED0237BDC9
:109540001AC709BB9DEAA5BD0C5D10BEFEDAE83A5C
:10955000E5D7B3BD3F53D8BC41BD23BDA10C19BD58
:10956000491D0B3D28FA82BD428896BCE1399B3CDF
:10957000A4E2A0BDDF64A03DC31230BE3A43E6BD05
:1095800011A8FC3DDFD3173FBE30003F9C4F353D57
:109590002C08A1BD0137BDBDF708A5BC16E11E3ED4
:1095A00058D7FEBD0F4514BEFBB4B93DDC6D56BDAA
:1095B000933C333DAA9FC1BD967E2BBE607DB93DD5
:1095C000E3BA00BD7BE796BC0C67B1BDADA1F03C32
:1095D00012E2363DA0014E3D846E1B3D78211D3DBB
:1095E0008F260F3D5B3CB2BC620F25BE6052B4BDFE
:1095F000F3DF7CBD3B216A3EBE1B973EBB737CBE46
:10960000C5302ABC2D040ABE3949DDBEC2AD663D57
:109610008200B5BD550EB4BD7F700FBDFF8F81BCFC
:10962000206E38BD235E31BD99AA63BDD1A3633BD3
:10963000A21C6A3DB99464BDCF39BE3CA1A7C3BD8D
:109640002125CABDEF0990BD2BF0253DB5A93C3DB4
:10965000077733BE47922BBE62295CBE0696E3BDF8
:10966000AF2C913D7F1593BC70CC953B578775BE51
:109670000EADF33CD09924BE71767CBD033F2F3DE7
:10968000C22F33BCA0F7FF3D2628A23D00CF7D3D71
:10969000817EDA3D92CAD6BC5AB0533B79278A3DC7
:1096A000A448153E941D723D15C62C3EC7CDEA3D1B
:1096B0004B666B3E249B8B3DD5D17F3D316AE33DAC
:1096C000F58921BED3D519BE7913C8BC18BD353D67
:1096D0005093333D56A95ABD0C11CF3E3E3A29BE98
:1096E0001EDEAEBD3AB360BCA2A3803DB108B83D5A
:1096F00082E0073EED3F433ECAD90F3E656A233EF6
:10970000B312143D296BA7BD07251E3DB1A5E93D48
:10971000B7C5DC3DBAC6DF3DC78DE5BC00A3543EEE
:10972000E36A063E8734733D97F1B5BD9C822F3DB9
:109730008178023D360BC2BD623F11BD1631CF3B71
:10974000FFD2CCBDF0BB82BEB6B632BEFCCAD6BE1E
:1097500050D65CBDA581F53DB32F4FBE9196F43C2C
:109760003582C63D8CE74D3E6BE62FBCEC0B343E9C
:1097700009C11C3E98B2ECBC5CE1233DDDBFFF3A61
:10978000F3E7223E2FD52ABC4E1A9F3D7952573E11
:109790002CFF323EF859623D53D8D53CF06E373D30
:1097A000F885F33B89D200BE4EFE12BE842265BC12
:1097B0006AD80DBE9FD8ADBDF08E3FBE5F4BB5BD24
:1097C000D8BB013D6D50763D2EB749BE8887B0BDF0
:1097D0007E57953CB3A5B13DA876DFBC50BCE53DB6
:1097E000E56CA33D1729073E6AEF913C5745083DBC
:1097F0002CD489BD48B276BC7F8E413D435AF63D9C
:109800006908343E9041F83CB4D85B3DB525A33D92
:10981000C7B0BDBCE6F2E6BD44FA52BE7F1341BEFE
:10982000EC294CBEE4184F3DE98DCFBEAABDF6BD74
:109830006A33033D0986E7BDF595ABBDE0FC083E04
:1098400071A60F3C5E289BBC47BA293EE3D1433D3D
:1098500026DA0F3E7B6D903DFC8DD43DC070D53D2A
:10986000DF37AF3C47C288BDFFF5803DFE4F4E3D20
:1098700048B73F3E7C25293E9FAC99BDE97074BD39
:109880000D1B02BDED2F88BD306240BE829514BE17
:10989000EFF29EBEA29B033E457F8F3D763FF5BD16
:1098A00090E83ABDB3F043BE8BB49DBE07A5AB3D77
:1098B0004BFFA1BD7116C6BB529F783DC7B8F9BD1D
:1098C0005C93F73C5A7B9BBCBC3A42BC5328923D0C
:1098D000CEB521BD4537DABD0EF98BBD6ADD743CCE
:1098E000CBFF513D9DEBA03DF2FD1A3E1085C83BDC
:1098F000F604A03D334947BE56EC02BE952A30BE61
:1099000016A04EBE1415ED3D749E14BDB63487BE30
:1099100080F269BA36EB54BEB9E7A6BD943FAC3DC0
:109920009D391CBD4B70B4BA0F29C83D7BEB61BD9E
:109930007D2DEDBC64E751BC6C1A393DF139A5BDF4
:10994000938A88BD5002D83C774A07BD752E07BB65
:109950006B2D443DEEF983BD5D4D333E12B7E9BB3F
:109960007EA1903B70CA68BDE29382BEDEC5E6BDB3
:109970005394C5BCA85AB4BD50AC8CBD77795FBEBA
:10998000E34DCD3D3323DBBDD6C6823C228E2E3D3A
:10999000D711353DC6E4DB3D1F86803EC82A793DA0
:1099A000078FA7BCE97CF9BB28D1863D84FB263E06
:1099B0000A1A163E4E6BEB3DC5BA023E97710BBEBE
:1099C00061303E3C9D25E33DE07E8F3DDE7B3E3EAB
:1099D0007D79913D70D3293D8587BBBE366C34BE01
:1099E000277790BCE83459BEFB39EBBEA936C2BE1E
:1099F000578B92BC0BDC88BE35DE0EBECA0E513EC4
:109A0000E88727BD4053173E96223A3EA75211BD24
:109A1000CD3542BD6B0D39BD8A2EAF3DC578033EB5
:109A2000BDFCC4BD9E93DDBD4468503BD42902BA41
:109A30004223F13D4F982EBDD9940D3EA63E133DD5
:109A4000A6D0983C05BA983D3555CEBD4D4A8DBD42
:109A500076218CBE6E9887BD9BE2DFBDEF20B4BE41
:109A6000C5E5A13DA32C08BEEF9830BE9DDB2BBE03
:109A7000BC7499BD3F151B3E4297063D3CB1503D1D
:109A80006B41CEBCC482153D88171E3D178C18BD96
:109A900039256DBEEF935ABDCA059B3CC423413D99
:109AA000F312193E4246CD3D1486433D4D48823D5A
:109AB0000A3FD33D6C28EA3D6A7365BC86C16B3CA6
:109AC0000B7F97BEDAE53F3DA4FE33BE398858BD13
:109AD000B9DA3ABDDBACE1BD71AFC2BE617F53BE46
:109AE00076A7BDBD7320FB3D45C1253EBAF7AE3D0F
:109AF000B7DBAF3DAAE2353ED287C9BC86D767BD8A
:109B0000C8E484BD92AD77BC4D2EAE3BD853D0BCDB
:109B10003F2E0CBD9E67C63D3BAA263E293BDC3C42
:109B2000CF726E3E5F14603D8642243D693A78BE36
:109B30001FCF5BBD78DA4E3D8757C9BE4F8ED7BC6D
:109B4000ED33883C84D56FBCE5CDA7BE380BAF3D67
:109B5000EC86C33DAFDA25BD76764FBD54C1813C5E
:109B6000EC180CBD60C6ABBBA53DC0BD5C40613D03
:109B7000F03483BB54F9A7BD83DCAF3DE29E43BD07
:109B8000F4FE033C4EEF3D3DD795183DCD218D3D74
:109B9000D617893E8922163EBFA5213E704660BD7C
:109BA0004597123E3184313E8B5749BDB9ABF43CE9
:109BB00012326CBD40E2E7BBC2E116BEF7B4933E81
:109BC0000AF6863E7AE3EE3D79F702BC024CEDBD23
:109BD00055590A3EE93835BE4DA59DBDC62878BD0C
:109BE000A6E2B43CDAE42ABD77C3ACBDC452E6BDFC
:109BF00050DD993C48712E3D9D1D313E450C883EFF
:109C0000C132873EA82FC73E944CAD3E48ACAA3E19
:109C10007F470B3D224616BCEC14043DE013FABB13
:109C20009C5B89BCAFD9A2BD98A641BE291D85BE4B
:109C300052EEFC3C26BFC5BD0231BFBD19FFF93D48
:109C4000BFCE8D3E8B842DBDE23D813DE99D023E20
:109C50002CA69EBCFF2AADBDA642B8BD2A66B6BDE5
:109C60004C092D3E0D7133BE77AD373EDDD2043E3B
:109C7000B569C23EBE459F3D63844E3E6FDC853E66
:109C8000D9914DBEFCCF0ABEF5AE04BD028F563D44
:109C9000F3A18B3D2C6542BDABC82C3E321334BEC4
:109CA000CA476ABE00654EBE98CC8BBD27D092BD18
:109CB0006F9E793D5EDA853C49B6143EE1E02DBCED
:109CC000C242DDBD5759CC3DB97E303DB51DB93DD1
:109CD0002A24003D6F09F93DA027CD3EDE0C813ED0
:109CE0002E1FA63EC54F713E61D56B3E77D9013D13
:109CF000ACF01EBE62D9073E1D4238BB265416BDCD
:109D0000B0D09E3B0C1AB63C12C85E3D64F7523D83
:109D1000BB11973EDA14083D6209BEBD5AA91A3E2E
:109D2000CB7CF53C3D96C23CD5F5CF3B85B45C3D44
:109D3000A0A6213EEF0FDDBD93F4513D46FEAABB28
:109D40003C5372BA586C533E6C89EA3D21EB40BEDD
:109D50001FB3533E1E35673EE34E793CB000653E6F
:109D60005857B83E1AD829BCC67D7B3D58C173BD33
:109D7000D017233DD4BFC83CBD119EBDACBACC3C6E
:109D800073B8D6BD968314BC1F5B183E78D9B33D1B
:109D90008AFF8C3DB28DB53D46C41A3C8B73183D8D
:109DA0008B09EF3D328130BD261BDABD7DD3D23D1C
:109DB000E090E0BC7570CFBD8B5EA03DDE71F73CDE
:109DC0008BADDABC21D425BE6673EFBC22FC63BE2A
:109DD0004D2C92BDAB2013BDC076053CC03B12BDDF
:109DE00016214C3DA58D9DBDB5DE833D6A5B7CBDD6
:109DF00076BD673DC2836DBDE3BC8A3D80FC05BD79
:109E0000C17C13BDB2154B3D8E001C3DE0E6ABBDE1
:109E1000189D973C7F94E0BCAF6735BC1C793E3DF4
:109E200081A1813DA9AA40BDE86ADA3CF06BB23C51
:109E3000F00694BCDAA6603D3C46C13C421A10BD17
:109E40004854B53CB260723D17D28C3D1008613C5D
:109E5000211E843D8C3EB0BCAA6C94BD4BFDA1BDBF
:109E6000B685033D471382BCEDDCF4BDEE9D0EBE0E
:109E70000675E4BD9DB24BBDD9C3A7BD66C07CBD10
:109E800081CEAFBD144936BE7A9F85BD9D4770BE59
:109E9000935708BE28B770BEF2B705BEB98E24BE70
:109EA000457AEBBDD3D693BD388924BDD8AC12BE5C
:109EB000B0407FBD042E94BC66BE723D7CF7B73CBB
:109EC000E84CC03C12A751BD10B65ABD8A3135BD11
:109ED000C23F2FBDBED0113D41AEAEBDFDED32BE85
:109EE000F03E3ABEBF2814BE274685BE697B87BEBA
:109EF000C880DEBEB37529BF400B17BF76AA01BE6E
:109F0000161E5DBDDF9D573E2D7A9F3ED30A8F3DC5
:109F1000EDC221BDBD27D8BD188BF6BD55BD1CBEF9
:109F2000599497BD480DC03CD3AEA8BDA6C3043D0F
:109F300081AB8D3D2361A2BD329ECBBD540F72BD5E
:109F40007E8F94BD89C671BE8148CCBEA18318BFE7
:109F50004F9F1BBFBC8213BF047401BFBC2A9EBEAF
:109F6000B51C29BFE23E2CBFC5DFBABECB3D8FBEBC
:109F70000EE72DBD8067083EFC85873E5B73D03DB4
:109F80003CA602BE858F55BDA99C913BDDC80CBE89
:109F9000971FCEBE61D78EBEE284523D13ECA7BDA3
:109FA0000420E3BCA05C833C1F19863D69DCE83DCE
:109FB000FA3DE43CC83AD93D27E6CABEE83FE9BECF
:109FC00004900CBF400927BF721CFBBE6C8FC9BE3A
:109FD0008E6DCCBE4FBAD4BE239CCFBE4CC257BEF2
:109FE000C95881BE86D56FBE4BF6753D0A4F35BE4A
:109FF0005725A5BDAB03B33D9809023EAB61623E58
:10A0000092131E3C4AD9513D3D410FBE446954BD97
:10A01000431D77BD566492BD302E6CBE224A16BCDD
:10A02000DC4B12BEFB37D93CDF5D68BE8D9486BE2B
:10A03000CF0A1ABEFDE598BC065CBABCDFC3083D7A
:10A0400067308FBD963284BE4C6D66BE99C675BEB4
:10A0500020CE42BECBFFD6BD1C711DBE05ADE6BDF8
:10A060003C5CE0BDD364EEBC7024583E69F0223EF7
:10A07000E046243ECE01A13D2B357FBED8C2BE3D79
:10A08000EDAC983DBDE921BE33B4923E56FBEA3DAE
:10A09000F32B153E07419D3EB3993EBEB0615EBDB8
:10A0A000D57C1ABD4E095F3E6AEA573E01B8603D55
:10A0B0008F42073D94DD913C87B6093EEAB40B3CE4
:10A0C000652FA4BDDF5636BCF9D48ABDF5A73B3D4C
:10A0D00040BFC73DF1DF92BCA480053E4CB4E73DD4
:10A0E000E30E623E297AC93DFAFC263E72485FBE05
:10A0F000028612BD20FB5DBEB15CA03E3EDC483E48
:10A10000CC6357BE2EBFD3BD130E2FBDDDBE49BEDF
:10A11000DD270B3DBEC5233ECD7AF93D3766E43DD4
:10A12000DD1B393E9EC9043EFED7043ECBAC4C3D00
:10A13000F949BE3C4FA8063CB8AF52BD44538EBD52
:10A14000768AB53D8FB35F3D561054BD5488D73DD8
:10A1500088A2153E3028823EA8679C3E6A57A6BC5E
:10A1600032E5A63D510C153D222DCB3E2D4BE83D51
:10A17000989B123D76EE723D78358D3DFFA3B33D41
:10A18000226B803D9BFEEF3DAF1E933D9D3A203EEE
:10A19000372FC7BC3499F23C6103323E7CA6B93CF0
:10A1A0007E135A3D5036003EC25BDB3D8D5B8E3CDC
:10A1B000285157BCE73110BDB6DFE73BD85C9FBDE7
:10A1C0002E80973ECBC1CD3E4B2F45BEE282FFBCD9
:10A1D000EC1FDD3C3756073D11A8953E7271FB3DE3
:10A1E000B8DE5ABD9A1DD03B7DB46F3D5EAEAE3B2E
:10A1F000D1AB99BD1150B83DDD92B73DFE97943D6E
:10A20000179C873C87F6C7BCB930043D0CD24C3C48
:10A210004446A53B7A5DA43C1BA9F23D8BED553D20
:10A220008495CD3C8A4F813EEBFF2A3E760954BD92
:10A2300029039E3E35849E3E00F96E3E55679E3E44
:10A2400036C4AC3C3505D73CB08D44BE620B873D6F
:10A25000B8CDF13CDC8EB43DC305E33DC07C153D7B
:10A26000B9C9003E31A80B3E87C40CBDA857AA3D12
:10A270001212D13CE1F017BD954C0BBE8EBBEEBD6A
:10A2800020FC8FBDA1CBBCBD7F0CC3BD141786BD08
:10A290009FE9543E27240C3ECCB4453B08622CBDBC
:10A2A00023D5523D6122C43E360C7F3E1266933E5A
:10A2B0006A11273D807EF0BD9C7AEC3DA9474BBEDC
:10A2C000BD5F8E3CEAB83C3E27F2A43E5082823D00
:10A2D000D94CC13EA5107C3EA5F3BC3C1A1A2EBD3C
:10A2E0003C9B7FBCBFC743BE6E965FBD50630ABE3A
:10A2F000A34236BD894C68BDBEBD99BD1F4A54BE40
:10A300000281C6BCD6BB363D3CED8A3D6EA3833D83
:10A310009E5237BE6EA996BD39010ABD3D3BEFBDC9
:10A32000C6918FBC06AC88BD9C745E3EA332B5BAA4
:10A330003FBD6C3EFC99063ECC3C2E3EAC3D893E7A
:10A34000E2A49E3E7846573DD4D18F3D7180D6BD64
:10A35000DA9291BE9F87D9BD9E1713BE5968AB3D57
:10A36000F76839BDD55B21BE4D949FBD5DDF753D5E
:10A37000193D563E122A693E496F0E3E46B36E3E67
:10A38000F83769BD5C3D843D1950013ED8313FBD71
:10A390003A85FABDCC2BC83D03800ABDABE921BD8F
:10A3A0001297453E09F1613E02BB35BC55AE923E67
:10A3B000ADDD393E90CC283E4C70323EC6C12CBD3E
:10A3C0003D29E1BD2814193EFFB7E63D79B9223E8B
:10A3D000918CF6BB0C3B89BD07AE90BD2E26EBBB26
:10A3E000BBD7303E1D52F13DA62523BDB143C2BDB2
:10A3F000F8B3763D2E615E3D48650F3D154E28BE93
:10A400008E462D3EF31E053EE57132BE6FC928BD56
:10A4100097ECAFBD55D4C1BC1DB2253E55B1C83E69
:10A420006D04E03E33EBAD3EB0088B3EED84363C30
:10A430000944C93D8466C23DDD0A0B3D5AB33C3E2A
:10A44000BEC4D23D0847483C2C9198BC4596133D6C
:10A45000DB154C3EEC93CD3D3E0584BD5B4525BDF3
:10A4600035479D3C1E019FBE9F73E7BE5CBC1DBE71
:10A47000FB699E3D0F880E3EC7C395BE0847CD3D84
:10A4800065AD0EBEC4F2E83D5C740D3E1369873EB7
:10A490008341DC3E2C22D03EC61AE63EB02E973ECB
:10A4A0000A3F183E5B07113DDC7C6A3E8882E83D2E
:10A4B00029D9B3BCEABF193E4299403D83EC59BC4F
:10A4C000871239BD47EFD93C86A79D3DBB658F3DBF
:10A4D000D11333BE86FEA7BEB715963E0B217FBDB6
:10A4E00052B3F7BDA674DEBC8DE57FBED6E878BE5C
:10A4F0003436D8BE2D3F26BD8D7F783C8CEE913B07
:10A50000AC6D5D3EAB16743E9601E93E34BAC63E74
:10A510009CBA043FF19F973E6EEA1A3E9428CE3DC6
:10A52000B1EF05BEA386BE3D2F2DFD3DA2C41ABCD2
:10A53000E6ABDD3DD953BA3C396FEF3DD987D5BC89
:10A5400061EAAFBDCC71C1BE5E2B553C2021DBBDA5
:10A5500004D5F33CAEC6CCBDE14DC83D4DE28EBE48
:10A5600078DF07BF5F5877BE2EC470BE336192BDDF
:10A57000997C1DBED41E95BDDE36F23D301F463E91
:10A58000A4C8883E92456E3EE9AEA63DA07F123E2D
:10A590004563753C69F62CBDFB8FE23DCE28B1BD0D
:10A5A000400825BE9AAF39BA4EE5883D81C91EBE26
:10A5B000E288FCBD88D919BE2B181F3E651897BECE
:10A5C0007977233EC55F5EBDD9D4003E032FB0BE70
:10A5D000B5E99FBE7AAD92BE14115FBE36D4A9BE56
:10A5E00033CEF6BEA064F3BEFAE5BBBEC0D221BE38
:10A5F000C1FF81BEFC41DDBD0FCBAABD06558D3D1F
:10A60000F4070FBEAFACEBBD6D5D29BEC0B928BE6F
:10A61000E85ECDBD010268BD483CC6BDD5FE76BD35
:10A6200054C4EBBECF79E2BD1637AA3E40AA40BE65
:10A63000B808DEBCFDA55C3DA56898BDC19CA6BE62
:10A640004E7515BE1091BFBE609AA4BEB5AAEFBEEE
:10A650000C1AEEBE55CF14BF54B311BF331103BF54
:10A66000D489A4BE82A598BE674ACDBD714F94BD62
:10A67000E7368CBD660BA4BDDCDBA5BD2B8160BEBF
:10A68000246625BE26EA12BE0B23ABBE0AF58CBD9E
:10A69000CDD089BE8B8147BD9FC12FBE9E0423BEF6
:10A6A000E23FEEBC08C3D0BC8DF96C3DDA5C82BEE3
:10A6B0004E8EEBBD665A48BE36D15BBED51D96BEEA
:10A6C000E7D04BBEB24A42BE118F8BBE6861AABEB4
:10A6D00068D182BE9A58A8B92FDD053E4DF277BDEC
:10A6E0009931A5BC0147E13D6FCD6FBC0C3B52BD1C
:10A6F000503017BE9DCDB7BCF97EB93C5645463D9E
:10A70000335AD83D93B4183F08BBFCBD2ED66ABD62
:10A71000A0E40E3DB028BABCC3B7ECBCBBF358BE36
:10A7200096FAFDBB776ED8BD9F9A51BE31F0D0BD71
:10A73000EF46C8BD2CADA9BB999190BD2ACE84BD72
:10A7400078929F3DC25B8C3D935D323D790E94BD06
:10A750002F77F4BA4AFD24BC8BC3E4BD017DD9BD7B
:10A76000B85F17BC76E0163E5A56F1BD61D51DBEE6
:10A770008D10953C8A0DE43EFEB969BE45A88ABDA0
:10A78000637EA0BD657E463D1B964CBD8E5E4D3DF5
:10A790009212993DEC693BBECE94D5BD9FFC4CBD59
:10A7A000F41A9BBCB4949F3D6B2B233ED053243EA4
:10A7B000C4E2C43DA90E14BE15217BBCCC6DB9BD4D
:10A7C000BB98A4BDA6AB1ABEFC2A8EBE359445BE6E
:10A7D000A6871ABE9982FFBD72D17DBC09E3D6BCA3
:10A7E000DF82753E87B13D3D1251F73D586F77BC12
:10A7F0005D1772BD54E257BD9D4C16BEC128343E54
:10A8000091A5793C7EE6753CD9E8F93D2227A83D23
:10A8100025391F3EED1A2CBD7094243EBDE7053E40
:10A8200001675D3DA0E9BDBD1ECB613D0E8626BE24
:10A830000BB339BE45CA4EBE8F1851BE42B750BE8B
:10A84000FAEF75BDAC5975BDCB0E2E3E135D5B3E68
:10A850009768203EF8B5173E20BA8B3E5C0BC2BC11
:10A86000403D0CBBA0FE1C3CBA6DCABB48427B3EBF
:10A87000CAEF1DBEE1161FBE0512A3BD43076D3E04
:10A8800052BA2E3DADD7223D8133F73DB1A4713D83
:10A89000F8D7443D0E0CCC3DEB374C3E8B6E6F3DF4
:10A8A0008C56F9BD772309BE2B7C84BD11332BBD9B
:10A8B0007D4B3F3ED6FA8F3E0AC2953E72A3F83ECC
:10A8C000315D173DADC452BE4C0351BE738B1FBDED
:10A8D00085668B3D3027A9BBFC7E5D3ED9430F3E8C
:10A8E00043482F3E5B083E3E19F69FBEAB2CAEBCE4
:10A8F000097FF03A8FCF35BC544D983D998A6C3E14
:10A90000C735C7BDD242B43D78A152BD80ED0EBD62
:10A910000D013F3E7ED7543E336A833E8FA4A63D51
:10A92000CB4F883EAD50CF3EA57EA83ECF7C163F94
:10A930004672FC3E0AC59939779364BD3D57843D04
:10A94000E0BF1BBBA31402BDECFEBDBC1670EB3D0B
:10A95000BA263A3E904B953E5D5F273ECF609A3EC9
:10A96000DBA6EC3DBB34B43D291CFC3D6CBD8D3DEC
:10A970008264A33EE719A53E4DFA9B3E04771C3E38
:10A980003767803ED21A083ECC1083BCCA8B3F3C4E
:10A990005DD5633E5A3A753BDB33873CE989783EA7
:10A9A00000C4C43C84A8BDBCCA24E0BCF018B53BBC
:10A9B000FF39893D3E4C2DBD1ED4453D780AC8BCAB
:10A9C0002C37CABD03F5DABD53F8AE3DF7E1263E9C
:10A9D000FE4D9A3D0996683C01FF253E0CA83A3E83
:10A9E000165FFC3D781ABD3D8CD183BDD811423D28
:10A9F000243AF33D77731F3D90F38B3E84BD493D70
:10AA00008672F73BD74BAEBD1877103DBD2C9EBE6E
:10AA1000699A97BD7607E4BC6B8BA73D39F39B3DE4
:10AA2000CCF9A5BD24BB4CBDAA1F653D4C3D65BD01
:10AA30006703943D0B757BBD567B653DD099F3BB99
:10AA4000486B623C489675BC80CD153CE3249D3D27
:10AA50008E63A7BD6CDBAF3C83C9AA3D2AE652BD1D
:10AA6000EF4A43BD2EF3043D06D4563DCC29CDBC60
:10AA7000404A223CC98419BD7CC1A4BD0BDB49BD41
:10AA800083073CBD435F8BBD37F7843D6AD17DBDF5
:10AA9000A3EC14BD408798BDE751A03DC19A9A3DF3
:10AAA000E61B6E3DF753A3BD944780BD2D43EABD21
:10AAB0008A289BBDDB4B13BE1B9170BDD281B9BDF3
:10AAC000AC7411BE468508BEE18075BEDEC9EBBE22
:10AAD00047C9B3BEC7D7A0BEE48326BED44123BDB9
:10AAE0001A0903BEE472803B88F254BC61C2A93DDE
:10AAF000BA7F4B3D605709BB9D51883D0C0429BD71
:10AB0000CFCCA93DC476933CB841B9BCFA94673D1B
:10AB1000C4421ABD04DA90BD5F877CBD06AD21BE7C
:10AB2000271EB6BE7F54E8BE17007BBE37A1293D65
:10AB3000452FB8BE8856253CC533783D5D8B0B3E0E
:10AB4000E4C7A93EA3DBB83E5EB53D3E3F50B4BE70
:10AB5000AE399EBE7C4B9BBEE8D683BED1AEA2BEB4
:10AB6000F3DF19BE58A271BCCA8C2A3D47CDA83D5F
:10AB7000E8D4FC3C73AF22BDD4F382BDDCF582BDCA
:10AB80002EB480BE11B32ABE3E8E86BEE3FB08BF44
:10AB90008BAF2ABED85457BD075A333ECF7B253ED4
:10ABA0009AB3ADBD2CD5303EEFAEAA3EA2D9D53E6C
:10ABB0006D852C3F4A80343F5FE6123EB2C51D3E94
:10ABC000F44BDB3DBE27BA3DBE41913BEC3891BC16
:10ABD0006CE6B8BEA5641ABED8E91C3CEC1EA93CC4
:10ABE000A0133A3C509EBEBB8576943D1A903DBD65
:10ABF000EF460F3E57F3C03E92297A3E98B1EF3DA3
:10AC0000BAF1C33E1573673EE6C4683EFF59AABC5D
:10AC100056AE88BD986A83BCFE1FC53C0017893EAE
:10AC200022B4CE3E23D832BBB7817BBD78734E3E73
:10AC30004472953E5A1E993EA2E9AFBB434725BEDA
:10AC40003092723E16C99F3E360C71BEA6DE6B3D39
:10AC50004851F23CA05B44BB2CAF2DBE27BC923DBB
:10AC6000433E85BECEA5CF3EC977133E0F811C3E25
:10AC700097725D3EC145163EAABDA3BD1A9899BC08
:10AC8000303679BD578C31BECB7B96BD760BCBBDB4
:10AC9000C4ED383D153E0A3E5ACF2F3EA88E1F3ECA
:10ACA0005F230A3E1AF5A73DEBBF873DCFD587BB93
:10ACB0007FE0773EADE1953C000E50BEFF2670BDB3
:10ACC00064719CBC58DEA73DFEEE9C3D8318CBBD55
:10ACD000E38F81BD34EE023E4F9F553DCA0EFDBD50
:10ACE000CC7C30BE8EDCC1BD427E9FBE35FA70BECC
:10ACF000EB4910BC9E381FBE62251BBE63F7BEBC6D
:10AD0000B83070BD0FA98D3D9D35583E8703C13CBD
:10AD1000523C0F3EFEDCC53DD8AE45BE6A133A3EFE
:10AD2000DB264D3DC108D1BE10BE18BE409742BEC5
:10AD30001CE02EBD49769A3E0625043D44FB0A3EA2
:10AD4000AB2C7B3CC81F2BBE7A451E3D65DB943D7A
:10AD5000BCDA3CBE5BD567BD786713BE01B0E8BD09
:10AD6000455D4DBE01C970BE53A127BE760C0BBE1A
:10AD700066A4063C11171B3E841B213E47E4253E7A
:10AD8000229FA63D349A223E3B50D33D1F19DEBC84
:10AD900059F029BE734771BEF1008DBDF0D0DCBD06
:10ADA000C56368BDBA29453E9198203E8B92AF3D60
:10ADB000924AD73D58129B3ADA65AB3C67ECDA3DD4
:10ADC0000E101DBE83598D3C7C43813D2325C7BD9C
:10ADD000F4D54DBEDF4779BEC5E18FBD9C00823DF5
:10ADE0003359053DDF8A0F3ECCBB843DDD1B2B3D37
:10ADF000ACBE0E3D389EFC3B640664BD12E6BDBD94
:10AE0000FC1F1EBD264E7ABD0B8C7FBECFDB78BEED
:10AE100084A09DBB0FBA273EC09CF8BD462990BDBB
:10AE2000ABA6403EE1B391BB4FCBBEB986E00ABBB7
:10AE30005A2332BB4D3FE03DD237AE3CF313123DB7
:10AE400044E7983C3A3F55BDEBD553BC425A92BDBE
:10AE5000DAB32B3E21D7923DCAD2173EFD7437BBE1
:10AE600050461C3E8099333E592085BDB7A7A9BDE9
:10AE7000F483ACBD45DE1D3E545998BEFD1AA0BDFD
:10AE8000A54DAD3D9B052D3E67BA71BCF66199BEDF
:10AE90000983FD3D7640CD3D31FABBBCC2ACA1BDBE
:10AEA000B985253E4DB2473E947B943DBDD3653E6A
:10AEB0005D3F5B3E000E3F3E02826FBD7B76F2BB84
:10AEC000AAF8823C1E91133D27C79D3DB64B153E07
:10AED000AAF9623D71E2C33C68EA153D1878ED3C81
:10AEE000564834BEBC3021BE65ACF1BEA33DD8BDD2
:10AEF000F1C2193EB151123EABA4B43E6C4DFB3DC4
:10AF000015B7923ED38F513EE8E8253E068E173E98
:10AF1000B20C0F3DCC3B313E18AB773E40F59E3E28
:10AF200088BF183E540556BE8086EEBE06B8F4BDF6
:10AF3000B769DEBD7AB96BBDF0B1813DF858B43D5B
:10AF4000C42A82BDC773B83DD9E86BBDCBE60EBE3F
:10AF50002E3BBBBDF44612BFF9C53ABE8B08D9BD26
:10AF600082CAFD3D450E7E3E22527C3D251E1F3E7F
:10AF7000B95AB83CCBC09B3E86ED6E3E9CE2813E0A
:10AF8000F915553EB09EA63E4B0B833ECC21653E47
:10AF9000AE2D613E8D852FBE22C6ABBED35B9FBD5D
:10AFA00016B1EE3C5951AABDD186D13DAD22F23D3C
:10AFB0000863233DC6D79DBA89AA15BD611FAFBEE0
:10AFC00095D7DA3D2E5F3CBE833907BEA2A5B4BC3F
:10AFD000175A9DBD264FFE3CF086BB3E647B3F3E2C
:10AFE0005595883B4916BC3ED32AAA3E49731C3E60
:10AFF00038917B3EFB737C3E6AFAD33D8971FF3CFE
:10B00000F18BABBCBF22D3BE595994BE43EF1DBEDA
:10B0100032D4933C07CAAA3DD43EE73D078947BCDA
:10B0200032EE1D3D359A2FBEFBE787BD823F29BE1C
:10B030000EF147BEDA5FD5BD431172BD7A0117BE6E
:10B040007909EF3BAEE8133E67BDE53E8E3FAA3D72
:10B05000A656853E37AF9E3E94456BBCF863513D86
:10B06000A0E74C3E5045873EA903813D821A09BEA8
:10B070007D8D95BEF4318BBE5BBCCDBC3584F53D7A
:10B080009062AFBDDF7920BDAE7FB2BD6B26BCBD87
:10B090003B2CA6BE0BB251BE37AE6BBEF4F8943D4E
:10B0A0003C54A1BB2DCCA53DE7EBD4BD0AC596BD54
:10B0B0003045853D04F8CD3A2F9D7A3ED3D6323EB9
:10B0C0009804763D4533DE3D334AB5BD6F91B73CBC
:10B0D000974E12BE15B890BC1986BCBC0835BABED6
:10B0E00060B51FBFB4E271BE589F993DDF3B353D4F
:10B0F000F4AFEDBCCDFFD0BDB6214BBEE90C7DBE9B
:10B10000D53D29BE7C69B5BE8AE08FBD938E823C59
:10B1100097BF7DBD0478B03C64FB803DA0BF6FBB92
:10B1200060F17A3EF761DFBC2F53203EC3AAC73DD2
:10B13000E86CB93DBCA3CCBD6ACE9FBE93BE6BBDCF
:10B1400042D9E3BDF040F1BD6F908CBEE1BC4DBF74
:10B15000D8EC3CBF4E1883BDA626253EFE49243DB3
:10B16000E1B2003D5F3833BD57EE7FBE28F703BE26
:10B170002B57CBBD670B293E6F0EA3BDD3A4DBBD00
:10B18000F81951BDC181A1BE35B6583D8FC38DBDE3
:10B190008C82F53C522DEA3D26AD7E3EABF9CBBD0F
:10B1A000783C98BCC6F284BD36A29FBEAB228EBE50
:10B1B00063434BBEC7DC92BE5BBDAFBE7BF219BF23
:10B1C000F758E3BE36382EBE9560E23DCF72613D42
:10B1D000012A383E67F0DD3D6F5E833D8077753D27
:10B1E000A9701E3E93E2223EAEBBD63D8902C53D0C
:10B1F00006F075BCA242373DBAEDE13B855EF73CF7
:10B200004F45D1BE3B7278BD054A9A3EC6978EBE69
:10B210005BA5E5BDFF8874BE4E399BBE8E5294BEC1
:10B220002F3E88BEC28B8BBE4102ABBEBD21C1BECC
:10B230009B2537BEC378D53D36492B3DC611783E98
:10B24000B2AC6A3E1BA7033E92F82B3E71237F3CB3
:10B25000EE075C3E75CFA33EB7CEBB3CF67EFDBE8F
:10B26000F1DDC2BE540F493EB547053E709B183C08
:10B27000286CF83CF26C1E3DD9F373BDEFC103BFDF
:10B280007F7A1EBE8D3772BE2C7A8CBE77EF5ABE87
:10B290004837A8BE47F8B0BE4678C2BE9405B3BDD5
:10B2A0006204D5BD0208003E5E4E3A3ED526FD3D05
:10B2B0007B3F143E1CC5953EFEDC5E3E57FF0C3EB8
:10B2C000C61C183EECD943BD26459BBE826A27BFEB
:10B2D00041334D3C036D703EFF8BF73C497D85BD8E
:10B2E000A8614EBC33328DBB919D70BED3CDB2BE32
:10B2F00079970CBF4E7EE9BE488488BE492967BE57
:10B30000E6BB25BEAC1094BEF10F82BD75DAB3BDAD
:10B31000D33F8A3D460483BD386CB33D04F6533EAB
:10B320007932483ED498973E74978B3E55030C3E35
:10B330007314C53DC62398BD9E56A2BECBF14FBE29
:10B34000FDF95A3E2B9F4E3DF1E7563C42BF0B3D67
:10B35000C65D92BD478C11BD34299F3C7CE703BC80
:10B360006CE807BDE241533D64F5ADBD66DA81BED0
:10B37000677D2BBD2F5FFA3CBE96053E2855423EA9
:10B3800087D4003DA76DBE3D1ABA5B3DC2A5913D75
:10B390007370883D54443A3E0205843E2EF49E3E2E
:10B3A000A1960D3E2908D63DC3C229BEDF2F10BD90
:10B3B0005381E73EA57CDBBB1B535A3D138827BD59
:10B3C0002C1697BDE8CE30BC247558BE2E0AB0BCF2
:10B3D0004ED5223E96D3C93DF9A6103ED92E59BE70
:10B3E0009345FD3DCAA52D3D93EAAABD749E523DED
:10B3F0001D3DC8BC342529BA326493BD37D7143DEE
:10B40000F8B49DBD8775DD3D850F4A3E9633663E97
:10B41000EDA5933EDD083B3E378B2FBECACE9E3D49
:10B420006171DC3EB5EB853DDA818F3CFD2A3EBD86
:10B43000D04A383CD8B18DBD19B2E0BD5972CD3E6D
:10B440005D17883EBB61953DDFE418BD020E80BDEF
:10B45000FCBC84BD7132DABBC3290EBEF72029BE05
:10B460004F7304BEAA2BC2BD57DD34BEEA1B91BB8D
:10B470003A3986BD288E75BB291C5D3E1062643E3C
:10B48000B419C53D3B123F3E4FC2D4BDA1A792BCEB
:10B49000FFBEA03EDE5E393D783622BD7664333D88
:10B4A0003BE2A13D55749EBD4779583DBF930DBE0B
:10B4B0000C81733DB960813D9A6B8CBCFB94D7BD08
:10B4C000CED7A23D320C5A3ECFDDB1BC1938BA3CC2
:10B4D0009C079C3D3C73E83B1F4EAE3DD8C6953D56
:10B4E0000D1697BAC8A00C3E9FD8353E69B9933E59
:10B4F000D7F7CF3B8DE3923E6A7BC93AE63606BE6C
:10B50000F5A32BBDBB5A183DB0848FBDC0E2A4BAD1
:10B5100039D29CBD209ED33B490886BE244717BE26
:10B52000E9AF0BBE3D0596BE3F689BBD8AE6823DF6
:10B5300092F0E53D7AADF13DA2F19CBD8DDD02BCFE
:10B54000086DDE3D160984BC235A103EB05F303EC4
:10B55000016D913DF268043E867C863ED82786BC0C
:10B560005ABDABBE17255C3D8260573E340D1DBEF3
:10B5700062911C3DEC5996BE3B45963D8C87813CC3
:10B580001AF76E3DCC4F2DBDCAC7E4BC392C4BBD5C
:10B590001F5888BE59756CBE3A53C3BC25025BBEAA
:10B5A000A12345BE3C8564BEE04D3ABEAEAC02BDB3
:10B5B000375CD2BD24E9DD3C72270EBEBFDAB33C56
:10B5C0003F88A43B610627BDA8EB5A3D8A35C13DA3
:10B5D000ECF566BEDB22243DFA161D3E989CEE3D3E
:10B5E0008EBA473CBCED8C3D10DC173C54B91EBDF7
:10B5F000368E7D3DA0A7223DC4C80BBDDBB190BDFA
:10B600002220123E1056953E38E2CB3E8170C13E5C
:10B61000E350793E768F073E5FEB863CDBDCB3BDC3
:10B62000949C2DBDBE39323CE104A33DCB3342BDD9
:10B63000C5140ABE83C6693E7404BBBD8E6682BD56
:10B64000B83FFA3D68BB6E3E534D483ED0DD943E58
:10B65000DE8B90BDCD559E3D6220593D2E58293D33
:10B6600036226A3DCC2A62BD10DDD43B4E3A3B3DCA
:10B6700069048DBD980429BD6B30A83DA84E383CA7
:10B6800060EE133D28F0263DED9E8F3DEE7FEDBC34
:10B690001A347A3DDDDF43BD2BC358BD48050E3D4E
:10B6A0008D73953D248B0A3D6CEA83BDE844F8BC5C
:10B6B000483DC83C60DF97BBE98E923DFD0B18BD4D
:10B6C000B034ECBB687B123DD0E7E1BBDBE24EBDA2
:10B6D000F36D973D986B203DA20269BD9A78323D8B
:10B6E0000C8BAABD7D5F803DA05FC6BC1A1098BDC3
:10B6F0002CA58FBCF211ACBD1A9D56BD38243DBBA4
:10B700009496A13DC2D137BD7F57353E301F973D3E
:10B71000772286BEA8429DBE62B57E3D2785B03D9C
:10B720007EF02F3EDF50153EB13BB4BD469E87BD37
:10B73000A2B8573D287E47BCF1F6A63DAF28953DFF
:10B7400000BC9F384A787CBD9C0CE73C341AA73C6F
:10B75000C52B60BD403C5EBC79A862BDF49B78BD42
:10B7600032523CBD8CB9FEBDEAB49BBE49D022BE6C
:10B77000EE4168BEAA6E15BFCFC7C8BEC42E6FBD4E
:10B78000BEBA59BE0864ABBE34EC4FBED198DA3EA7
:10B79000EF692C3E92202A3E852F053BD2B2EFBCAA
:10B7A0006A43E8BD4D4C333DFC0C193D02F3583D56
:10B7B000E9EB0CBD69097ABD602FA3BC1BEBB7BCDC
:10B7C0005A17AA3D3569C7BCE08143BDE75CF53C2B
:10B7D000C408B1BEE81EB1BEF34AF5BE5541FFBD77
:10B7E0000FAC05BCC50FA3BE24EB63BE3FF4333DD5
:10B7F000E04626BE4F5052BC39750E3E5359403D6F
:10B800007AD4033EBB523ABE617AC0BDCCB82BBEDF
:10B810006F80C4BD04E8793E7E195E3DC0359ABC98
:10B820009C62CC3CB932793CC37863BE690F03BEDD
:10B830009CF23A3CC44FB83D66897EBC1BEA90BD81
:10B840009970FCBD87708FBEB6C382BEE00918BE7A
:10B8500018A9A8BE2B6BFBBD7627D0BD3B6B253C42
:10B86000B87706BDBC5728BE2002453D0FA9083E4B
:10B87000547A93BD276B83BE09151DBE938E553E2A
:10B88000CA439F3E68CC813E7916ADBEC82A91BEA0
:10B89000F257363DF2BB763D12D4103EA5AB6A3E60
:10B8A00034078BBDB7C0393EBBE3503ED1AF2DBE90
:10B8B000515F03BF407172BDD6F7F0BD420DD6BDDA
:10B8C000DAB490BDAF7B97BCBC468FBD66F4ECBCD0
:10B8D000FF82033CE97C213EF3767EBD626ECBBCE9
:10B8E000A0E059BEFA898EBE7FF1CCBD2805883E06
:10B8F0009358643E554439BE09EA99BEAA8770BD83
:10B90000BBCC64BD421BA6BD811BC23DC3DE5A3EFB
:10B91000A2CBCA3E5A278A3D7C94A7BD69E315BED7
:10B9200095B90DBE2DEC77BD71CF413DE855D43CA6
:10B93000DACD2EBE3EEE7C3D8E7499BDFE8AB4BD3E
:10B94000FAF27F3D93D1383C87A815BC3ED8DBBDC9
:10B95000473684BC9E1E1EBE473EA6BCAD5BA73EBE
:10B9600009B7C23EE0CBBDBEEC25463DC94331BE62
:10B970001451A73D53C344BE2E75BA3B0B9B933E57
:10B980007721153E525A323DABA2B3BE6E2C1ABE81
:10B9900002F649BDE14F3E3D29AB603DC648303B14
:10B9A00059ED83BD644E27BEBADCAE3DFB4D57BC9E
:10B9B000FC11C83CB0B3E63DF602923CCF7C953D0D
:10B9C000FE7E0D3E02E888BDC8C4893D31F1983E37
:10B9D0007A425CBB363065BE3B8D153D22D6D53CE8
:10B9E00034B7873D31B535BE25221A3DF5A60A3E4E
:10B9F000A4F9393E2CD6173C09220DBE6A69BFBD99
:10BA0000167710BE1099D8BC79C93EBD3DF913BE5A
:10BA1000E3D6F5BD0330753CEDEB3F3E39E8273EFC
:10BA20006005FBBC58CDE13C76FDC03D0DFBBD3C47
:10BA300032C1D3BC03F9B4BADA4F6C3CB49478BECB
:10BA40000E687A3DEB15B93D19BA4CBE4D8EB13B2F
:10BA5000C726C3BC6848CC3A822A04BEDEAC10BEFE
:10BA6000EC3DF23D3D2114BE3A6A0FBB6828A53D6E
:10BA7000F143B8BD31524D3DBF30A53B5DA98CBCF3
:10BA8000E47FEFBD35C4A63D90D78D3EA08268BB54
:10BA9000C7EF0B3EBB46073EA387153E72044D3DE4
:10BAA000284B823B492A593CACF6023CE23B70BD34
:10BAB0005220943E5F1A5A3DA51A09BD8B3D243E83
:10BAC00045F69C3D4B54763D1AD394BE76EF69BE45
:10BAD0008EA4343E1115E0BE582F06BF137098BED9
:10BAE0006A53213D912C573C416E32BE7CA9223DC8
:10BAF000E3E524BDA8C83F3D8F6EFB3D52A71D3D29
:10BB000079924ABB23675C3D5A56D8BC8CAFF23D54
:10BB10008B2FBB3D021C893C0A667D3EF412B43E6D
:10BB20009FE9B03E829D103FB0D4FD3EFD956F3E33
:10BB300000342EB9B5838FBD10D211BE8DD09FBEFB
:10BB4000ABB420BC47FE1ABD9FBD93BE39CF4BBEE0
:10BB500015A7BF3DA78A1E3B7F39C53CEE698BBD4B
:10BB6000BA0A06BE16DB903E91AC533E59AB253D5A
:10BB70004447AA3CE3E6633D5C0B403E2CCF70BCDF
:10BB80008E2E843938F8C63C8E6A443EC592033EF8
:10BB9000A3FC883EF2CF0B3EB83C963E526C1FBDD4
:10BBA0009AF322BDEF7DF6BC65D32CBD9A8247BEC9
:10BBB0006E53A33C99D282BE88A9A0BE70B4B5BD15
:10BBC000337CA43C4000A8BBDD81823D2CAE283EE6
:10BBD00048C6903E6274D23ECE258B3EE460173E4E
:10BBE00036884E3DA2931E3C43BBB1BC360185BE98
:10BBF0002CB42F3DE14309BEB9F6F6BDA9836A3DD9
:10BC0000831F04BE15F5A8BD96BBAFBD18CD20BEE1
:10BC1000E427043EADA77BBDAD2F57BE6B959DBD00
:10BC200023FF50BDC4D3AFBE452BF5BED86287BD40
:10BC3000E96CE43D07D3033D03D3993D2FFA0E3E53
:10BC400021A88F3E82F8AA3EDF5A723E4CAB383EA6
:10BC5000CE25003E3DDD0D3C92C22BBE929D85BDA2
:10BC600013FD9EBCE2BB29BE9D3DD7BE049A9BBE80
:10BC70005955ACBDEE6B42BD035B943C70C43EBDF8
:10BC800094715D3C4ADD993B065307BE11DC5B3D78
:10BC90004575F3BDF3D9CABE8F05BFBE5FB6A6BE5C
:10BCA00020F4E43D1BAC583EE4425B3EE43E003EE3
:10BCB00092C10E3EC673073E57536D3ED68B803EF3
:10BCC000D2EC953D333119BC854908BECDF55CBE3B
:10BCD000E89344BEDD6778BDA16195BE0E9380BE3A
:10BCE000393B85BEC71B32BE4E2AFDBE75AB71BC4B
:10BCF000434CC7BC1B5F793D35FF25BEC9D09DBEF7
:10BD00004988F8BC2F3DB83C3C8570BED368CBBE9B
:10BD1000FF8506BE9C70CE3D602E463EC2D54E3E8F
:10BD200040166E3E97E0813E5EDB743E9938123ECF
:10BD3000A6857C3E2992F53D015C923C97351EBE5E
:10BD4000645197BE65DD49BE24B976BE1DC31DBED4
:10BD5000E92286BEE4C46EBD90E6293E95608DBDA5
:10BD600095ED02BE0511D4BC06ED73BEBC8038BE95
:10BD700039EC5B3E4376E83EE99572BE1D2B06BF6B
:10BD80006EC2D5BEAC9DA7BE086283BD9F46B63DC0
:10BD900013190D3ED3498C3E0132FD3DCA47613E29
:10BDA000A1BB553EB72DE83D1919663DE22A75BE87
:10BDB000A8999FBEDB62B3BEFDA6D3BE6117D0BCFF
:10BDC000F86DB2BAE33118BEF499CEBE19EE71BE69
:10BDD000E453AD3C06E9233E345D1ABE39F31FBE81
:10BDE000F9E5673E3E1F613EE46A27BE1FAAB3BE67
:10BDF0001AE1EDBEDDE528BE49DE22BD48CFD2BD49
:10BE00001B370C3D04E6CB3DE426DC3D0EE0933DC4
:10BE1000A8B98D3E4A0BD03DA2F3C6BD4BC9CFBEDB
:10BE2000AE6FE7BD743522BE5EDA56BC106B543E71
:10BE30007D3F423E5F03FD3D6AA2F03DA6CCA7BE1A
:10BE40008F37463EF3841F3D78F249BDD42018BE9B
:10BE5000351E14BCDB7AB5BC241CD2BCCFA83FBEB7
:10BE6000BF9204BEE025FFBD84EE45BE1C77FEBD3B
:10BE700014EA623C46AA213EE9364E3E6902E03DA4
:10BE80008730D93D82C202BCC3EC46BEB30204BFB8
:10BE9000C19E05BFC1BA96BE73A7F2BDEFB9933C70
:10BEA00035469ABD0F48293ECC9FD23E5E263B3E8A
:10BEB000A755003E0BD1A53ED3C9FCBDDE5791BEB0
:10BEC000241781BDD7C19A3C5213CB3B7A37D1BCE2
:10BED00035A93DBE2F0F42BE342B6ABE315662BE1D
:10BEE000AC5270BC7475963DB10DC83D3944FE3DF1
:10BEF0004A9EB13D23DC4DBD03B49CBED4F512BFB8
:10BF0000E7F330BF45094ABE07FE62BE9552C3BD86
:10BF10006C9F0D3B40F8C83E11FE293E1BF2A43E2B
:10BF20001E2C4BBD1DAEA43E9EB04DBE3E8C16BE1B
:10BF3000AE37D93C361B6B3EF6D0B43DA80590BD5C
:10BF4000C23C24BD1D9DDBBDE9C826BE249B99BD16
:10BF5000E9A264BD932D7DBCB5B32E3EB39D563D85
:10BF600031F8433E6C7DA1BD01F280BEA78709BFB9
:10BF7000C68DEABEBF196BBE133F063DE13173BEED
:10BF8000C329863C8AD72D3E7B35343E30175CBCB6
:10BF9000E640CE3CE201FD3D93103ABEC467473B0C
:10BFA000C2A9083DF258093E20F49F3D1F51253D8E
:10BFB000A8599D3D6E82CDBD49E959BD1F06163D6C
:10BFC000D69E15BD21DB963D8240DC3DEB8784BCCF
:10BFD00024A39EBC91AD65BD6831EBBD3038E1BE98
:10BFE000F68894BEF30814BDB48FADBD9EDD2FBEA0
:10BFF000328B6FBCA68D693CF47EADBD913030BDF7
:10C0000075E20A3CB2FFEC3C6B40CBBD702B853D2A
:10C01000189E423EC1B73D3EAA4E373E2462F33DD4
:10C020005170223E6304043EB6DB3B3E80A0DE3D01
:10C030000DB3813C608AADBC529D82BDDFB785BD2A
:10C04000DBC662BE8D06C7BD2BBF84BEBA9636BEA8
:10C050002ECB2DBE3AC2FC3C0CA4B0BEAEA9983B80
:10C06000DF34853EE4C46CBC4286453E4A3301BDA4
:10C070004C87A73CC0A16ABB7F541A3DC5AFBC3CEE
:10C08000347E513E8DAE593E3FF6B43C46E1113D03
:10C09000C316853EC1C5133E43C6693ECCA21C3EB5
:10C0A00081A2213DF521B73D7F1BAABD4ACB22BE0F
:10C0B0005F7E1BBE7D4C2DBED2784DBEE1BF53BE10
:10C0C0003DAFB7BE22E557BEE5D180BEEE66333E3A
:10C0D00092C28A3E3282FB3D92C8163EDC28B93CB1
:10C0E000EAE4413D192467BD0FB2E93D13281A3D2A
:10C0F000580C803E1279AE3EED5884BD6C38873DB9
:10C100003216DC3DAB63723E2955513D12EA2A3DA1
:10C1100007B8B33CD525103C5B3E63BECB304FBE69
:10C1200035B215BE1062C1BDC18D47BEE016EFBE6F
:10C13000EB20E9BE71AE39BE62A765BD0CC2A73E59
:10C14000D0A0A63EF94DA93EF173353E67DDA83D6E
:10C15000DA69573DC6E87D3D83497F3D6B142CBEAF
:10C16000D1915B3D97DE0F3EA49E91BEC3BA2EBD1A
:10C17000DB8E383D4F7B453DB4C2BCBD637721BEED
:10C18000FBE48BBDA45B20BE65278DBEBD4874BE9D
:10C190004D9D06BE6FE43BBE5D82EEBE8222FDBEBB
:10C1A000A1FAA0BE30B734BE75533EBC7EF1F83E56
:10C1B000EF67783D2A7C823ED4AA30BD4677113D98
:10C1C0000AB7C2BC005BE13CA6FD6E3D8F66C43D74
:10C1D0005347113E6245803EDFF8663EF2D5B23DE0
:10C1E000B11F16BE569EBCBD2BCF973D281FBA3D32
:10C1F000F2A22F3D05404ABE24B75D3E6493713ED6
:10C20000D563793E19859C3EABBBF43C76BFF6BC4A
:10C21000D11B703CCD71E33D880E933E28C99D3EF5
:10C22000E732993ED829E23C805FD53A47E5863D22
:10C23000083351BC277A973D5A793B3D6818B7BC03
:10C24000053B9F3B00EA1ABE228E61BDEB2D853D6A
:10C2500063410A3ACF59403DB3ACB7BC50D4213DFD
:10C26000B3B54C3E1A043E3E009CBB3E2762C83E1E
:10C27000C5AC2B3E9098933C2B31EB3D0DA57FBC7C
:10C28000A9E04ABD3BB26ABD306D88BC3DD099BDC6
:10C2900048C5543C3D569EBD98397EBC1E0A42BDE1
:10C2A000D06EFA3C300BB2BBA08F933C142AA53C55
:10C2B0003B2F01BD3025213CF9C8A13D814E83BDF6
:10C2C00037B394BD9C1632BDAAE611BD42C34C3DA6
:10C2D0005C6070BDA454A03DFE97FB3DF2845A3DC6
:10C2E00046490CBD18F4BA3C3C0FABBD9A96173DBD
:10C2F000EBBAA23DF880443CBEB38CBDEC2373BDC9
:10C300000F89A03D4C8167BDEE92453DE5FFA23D02
:10C31000D82E6F3C4F8981BD992CA13DDB219EBD5C
:10C32000B0E01BBBEC5098BC93089BBCCAD9A9BD1C
:10C33000CA0C67BD7DE51C3DE7AC13BD4662863D7A
:10C340005C1A883D0AFBBD3D9EA6573E7B6D9E3E16
:10C35000D1FDEC3D57F7313E148509BE7F8E86BE78
:10C36000C730DBBE4A8956BE0B1DBBBCBC3F03BDFC
:10C370007CB929BD581E053CC04FD73C006B65BC3D
:10C38000E17869BD8EE5083DFB39ADBD60B9253E5C
:10C390001C3D4D3DE1F651BEB12129BDAFAB1EBDE7
:10C3A00012EE493C8B4513BD770B6DBD129C1FBE31
:10C3B000B1C79EBE4E8D873E7D030BBE8F19F33DE8
:10C3C000130D313E392A77BD060BDD3D5614A83DCD
:10C3D000C714063D2E923FBEDF8899BEBDF275BEE2
:10C3E0002CB6943D4E1CBA3C682DE53C3D0B7ABD05
:10C3F00034BD8DBDBD1F8ABDD4866CBD4B443E3E51
:10C40000A886C2BD5E293FBEFFCA65BEB8A7C4BE2E
:10C410009CC25ABEB1CEBD3DDB40F6BDAE18D1BE0A
:10C42000493074BEAB55253E7E033BBDC7E7E5BD35
:10C43000CC24E1BC6296CBBBCEAE24BDB5D88BBCC0
:10C44000EC7DAF3D50FCFC3D5BB223BB64EA9E3EFD
:10C45000AD8F353D75C06E391F6F0ABEE4B7D03C55
:10C460008E882E3D25D85CBBAC893EBE9F0631BE72
:10C470001A0549BE38188BBEC88469BE69FDCABE9C
:10C48000102B63BE9CE709BDFE732BBEF963BC3C59
:10C4900098D8F33C3C66053DBB549B3D750F123E5E
:10C4A000200CA93D16B3BE3D8A3F293E36F9B13D69
:10C4B000A832C13D3CC0BFBC00CC043EB9ABABBC54
:10C4C0003FF8BBBD5B8EBABD58ED573E0FFA74BC4A
:10C4D000099F943D207F843CA0C1D43C25BBA13D55
:10C4E000CC4C95BE12EEC8BEE680F6BD77B749BE0D
:10C4F000BEF850BE36A969BD2D5A853D4F69193E1B
:10C50000531AB13CE3968F3D07FB7A3DDFB5773D8B
:10C510007C2DB3BDD5D18B3D77EE15BD6459D83D8B
:10C52000390E6E3B7CA2893D2B489F3C782E8CBEF9
:10C53000A29CA2BBBE48813E5683423E90545EBE42
:10C54000A6BA623DAD8546BD0D4BBEBD0A96A0BCE8
:10C55000B2CB5BBC4A0D53BE52A36ABE28C82FBEE5
:10C56000485CA9BD1DE2B9BD29FBF23CBEB24D3EFF
:10C5700029E6043EC55C7BBDE59C5B3D54BA103C9E
:10C58000A6BF0C3DB22DA6BDB007813D2AB6D33D56
:10C5900017A9D33DE5E74CBB4C261B3E3B887D3DB0
:10C5A00062032BBE098A7C3E0FDA73BC5184613B67
:10C5B000F022803CB844FBBDD52089BE2B3253BE4F
:10C5C00016D1D2BD4DA640BEBFEDCABD52032EBB93
:10C5D000143509BE50FD503DE9BB153ED464A7BDDE
:10C5E0006ECA533D6A3177BDFDC63DBE7FD778BC6C
:10C5F00056AC32BDA4B7743D00C45B3E098FD63D36
:10C6000030D4033EE658603E8D23953EFE61593E90
:10C6100084B689BE3F31D13CD24013BC215814BDF1
:10C620001F389FBDB31530BE768E8DBE596D023E4C
:10C630009F53FDBDF7BDFCBDCE98103EE910733D84
:10C6400058A3A7BD4D3AE43D901E9ABCB91AF8BD57
:10C65000776B603C7092043EF5D1913D34DA793CC1
:10C66000BA78BA3D55D7C83C43502E3E4ADAD03D41
:10C670002BC34B3E8A5FEA3DB4F1693D152D243E44
:10C6800054148D3CB1B7DDBD3811DB3D566CFF3C19
:10C69000F463933C612245BE6D6998BD49FD793EC6
:10C6A00029A067BE82203BBE8E424F3EE2FB823D08
:10C6B000A79D533D33859CBD33B9723D8E2E973B6C
:10C6C000DE3A20BE019AA83D88B4C13D8744183E99
:10C6D00023F2D13D190006BB2C48EBBC6EA4E33D10
:10C6E0008998FA3DD57E843EAEF0953D2401B83D53
:10C6F00034736F3E8700043E1D4C1E3E7F9A92BEEF
:10C70000288F593D257F823E2F5EA13EBB9325BDDC
:10C7100009F9233EC87106BE931DAB3DA51C073E1B
:10C72000D8901B3EF281893DC46CCEBC26FBA6B9D5
:10C73000470ABE3D5CC1053EF2AB213E7600D33DCB
:10C7400069C700BD6965DDBAE35D673D7B6FC83DC4
:10C7500095A2A23D9789723E1F9F6E3EAF84243EF4
:10C76000D82003BDECD4A0BE514E35BECB92DBBD6C
:10C77000E281A23D56B5C03DFD27853C7A3FE43DB0
:10C7800006E7ED3DFF04E23C746D083C0BB0733EE0
:10C79000A647AABC65FCC2BDD5E4B03BB726AB3CFE
:10C7A000260F073D7C84533E0E54C33DF19BF83C5D
:10C7B000BEF7B1BDF9C184BD65664ABD65CC99BC03
:10C7C000157C673EE2782E3EF54D5C3E17AF7E3E0F
:10C7D000D951A43E57462EBDA113C83EF9B30B3E16
:10C7E00055F38F3D801EB63DE48384BE139B863E89
:10C7F0007EDC3F3E786E7DBAEFB2BD3D940B343E99
:10C80000175ACBBDAE497C3D74A653BD451923BD17
:10C8100076472F3EFC4BA13D175306BDC902F5BD1F
:10C8200003CDF9BDF80CA4B81A415E3B1A85AC3CA7
:10C83000FD90233E8D60503EF39C763EFBFFE53D30
:10C840003E899E3E1DEB0C3D548FF63CBF0F803D54
:10C85000F7841C3E55B759BD0C68EC3D0B1A993E48
:10C86000E4231C3E1012B0BD4C6F023DB8CB953D89
:10C87000E492113D6B3E3C3E0A3BA7BD320E0A3DA1
:10C8800005F3E53D950F87BC686921BD1D0F993DF6
:10C89000FA6026BD216F8BBDECBB953DC3E2BC3D6C
:10C8A0007DF88D3DC484923C043B963E8584B43B28
:10C8B000619310BE7F060D3C7CF637BD6C379DBC86
:10C8C0007F2A16BB3B7428BE8C38C03D612C93BDBB
:10C8D00021CB05BE1793903BE179C93DBCADDE3B52
:10C8E000FF1C063ED4EEF03CB7C8B83DCCDAA93DFB
:10C8F0002B64953D5F07D93D631FA43BF2BAACBDE5
:10C90000193419BD043148BD2DD385BD9F3B4F3D22
:10C91000866351BD493E803D98922B3CDFB31D3D5F
:10C920007D4706BD1B42B2BC98EA823EA05A063E35
:10C9300086412A3D5C3F05BE321BD73D690BA2BA3A
:10C940001C1E60BE93B1D1BD174021BE1A83283E84
:10C950004217383EBB7C6E3E079B4F3EE0F8BA3D27
:10C96000E153F53CAF965F3EB5D8833DFBC4E5BCD3
:10C97000937143BDEC0A8CBDB459A9BDF0D817BE64
:10C980005CC93FBDBD6493BD9FF81E3DD7F647BC53
:10C99000BB1E673D6095DD3CAB00B0BEB9370B3EBA
:10C9A000E13F0E3D0F134ABE20E189BD9A5C5CBD9C
:10C9B000180C14BE3B2364BE94A853BDDD9A09BD78
:10C9C0008992383E16A4023EC16D183E899D24BD51
:10C9D0005731803D9A62113D390F2D3D202626BDED
:10C9E0002BE2AABC2CCE1BBE5CBF21BE6A1816BEB1
:10C9F000210E92BDBB7CC1BDEC8488BB45356E3D2C
:10CA00004EDA8FBDB449D2BD999104BD9C2EBC3E77
:10CA10007871073D3DE93EBE617F80BEC4B068BE0F
:10CA200092E377BDC7CC3DBEAF73523D41E3A7BD96
:10CA3000EF78AD3C6515A33DDE95423DD6C7F33D8D
:10CA400044DDF53DC0B3BBBD869EAD3DFED19ABC75
:10CA500018F7C4BDC5509FBC0D3310BED67B15BCA6
:10CA60004D1DE83D435CAE3D94190B3E698B373E4E
:10CA7000F86D993EA6883FBD0E724EBD7BD5633ED4
:10CA80005D20F73D59C9D8BD535524BEC2309ABE6A
:10CA9000111CF1BCEA01CEBD6E1DFBBD68BCD0BD52
:10CAA0003035723D4F6E2D3EF104463EF033643D0D
:10CAB0000EEA6ABD1B3A3ABDAE4B37BDEEF39BBCE6
:10CAC000091708BEE73E0EBE5EA882BDEF828FBD8D
:10CAD000B99CCB3D3E6FE1BCE5D6093EA379C23C93
:10CAE00004B5B73E452DEB3D8DEB4EBE61C745BE4F
:10CAF0004F52833D5E02493E45DE453D190D8DBED8
:10CB0000DEC1D8BD3DC45EBEB75B5B3D1C716CBD74
:10CB10008446623EA2BFAB3D1B94E33DEB1A10BEC0
:10CB2000BDA402BE2F5DBB3C96997FBD3835B0BB1E
:10CB3000221926BC8684B7BD611AECBDBBCAC83CAD
:10CB4000866F0C3E1ED0A73D4B1D3D3EE1CD7D3C8A
:10CB5000EBF7173D583D883D4E008EBD394F0BBD5C
:10CB600041F4883D55A51B3E132094BC71DE2DBEBB
:10CB70000C738A3D02CE82BD363E3BBDD562B43DCC
:10CB80005D9EC83DCB4ED8BCC5F5B63DCB57E73D05
:10CB90007619D83D1DBB0E3D114E8ABD1D47303D57
:10CBA000A6BBF13C8179C5BDD7E8A63DCD5B1C3E57
:10CBB0003B67813DE8D79B3D2FE9173E2F33793DF9
:10CBC000F55CEE3D2C4A3DBD18CB11BDF019B9BC4A
:10CBD000BD2AC13CCD46A5BD3E26913D0D34243E27
:10CBE00082E9053D6165A63D437B293E5AF0363D0D
:10CBF000FE56E13D52435E3D3DD2F33D6F1944BDCB
:10CC0000F01A4DBD699A12BC309988BDE188AB3DE0
:10CC1000038A6BBD563E93BD2932EC3D20B5823D63
:10CC200071E12A3DB0950B3E49A0A73DCD36DCBD54
:10CC3000EAF75CBD99125DBE5D64893E60BC89BD4A
:10CC4000719EB13D5C2F1DBDE4F4E6BD1BA52A3EDF
:10CC5000ABE1D83D07CF313E71156F3E0108623E12
:10CC60004E6E3D3ED7B44B3E91C757BD6123933DB9
:10CC70008DB85FBDAEA981BDD26AA53BAB1AA0BC81
:10CC8000CEE0913D83CE5FBCD19D743D3C55ABBCA5
:10CC9000443AAD3DA968863DC06290BC7731AA3C5C
:10CCA000FDD616BE08DCCDBD5AB5063E3C9D2B3DDB
:10CCB0003D6770BD1073743CE2F134BE0AF15DBE95
:10CCC000D46EC9BC6978CC3DDB10B8BDFC760C3D98
:10CCD000D88A2F3EFD3E0F3E5AB6343E093271BD12
:10CCE0003F7DAC3D3DEDAA3D3825CD3D3498EC3D32
:10CCF000224C483E8EE6A33DD08916BB7E5A46BCE8
:10CD00008EAEB6BDCFAC8FBD5065EEBDE513EABDAE
:10CD100031AC05BF5A3D8CBE03D162BE523E6DBDE3
:10CD2000C45AFDBC38772E3C6E1FF73C028C84BE83
:10CD3000E6EE54BE6A22483B4A0608BE843511BE60
:10CD40008CDDC4BC4DD3A63D4D4E813D0CEBAF3DBB
:10CD50004C7E0A3E30F6B1BC25E7D5BDD7797CBD07
:10CD6000D9FFD2BD4D7F8EBE9530F5BCCB2E543C45
:10CD70001BC742BECBEAA9BEF720ADBE38DEE4BE7B
:10CD8000D915BFBE1499E3BD66C18F3E0614C2BC5F
:10CD9000E0681FBD907EA2BC054E50BEB72D253E5B
:10CDA0000CEF82BE14D406BF703D9E3C8F8F1CBE1C
:10CDB000BBFE01BE6E1050BDDF5464BE52A339BE2F
:10CDC000C802FABDE1D7FDBD41BA50BD26AB23BEB6
:10CDD0006A3E94BE854675BE799640BE95B38EBDBB
:10CDE00024D389BEF7DB74BE612189BE1D26A2BE95
:10CDF000C15924BEE8C31DBE317875BCC07CCE3B92
:10CE0000905362BC6C3F4BBD986C683CF96ACDBDD9
:10CE10000A9F5FBD788D8ABE6B54A9BEA1777EBE86
:10CE200096278DBDF24D763D5DAD54BEA92C09BE51
:10CE300055809CBE5CF853BE0DCEBDBEF6B3EDBDB5
:10CE400094DCA2BE3590CEBDAB55ABBC7B005C3E46
:10CE5000ACC4D5BBEDDA5A3ECED1933E2D50DBBDEE
:10CE6000F8AC33BD31B026BC73A393BDA772AA3D05
:10CE70000C06F33C8097A83BA870D2BC34F0A23CCF
:10CE80001400953D8E6155BDFC86183EF423523E3C
:10CE900080D6B43D7F681C3EDD1602BDA1B7A4BBA1
:10CEA000BE14E03D024F903D0BB1DE3EE7804FBD2A
:10CEB00017693DBE45720FBEBD080ABE0BF77E3E28
:10CEC00029B7163E71258A3EE0F9403DA6D0323E94
:10CED0009E2986BD60417ABC407133BD10C79B3C22
:10CEE0003949A93DD8AF91BD8116803DE124AC3DC3
:10CEF00096A66B3D224AB3BC059003BDD094833CFB
:10CF0000E07F5C3CD2D008BD40601EBCE0BE0DBBE3
:10CF1000F0096A3D6C5FF63D5119F3BDFFF37D3DAD
:10CF200079169A3DCC2875BD14B8B43CBAA0F3BCB0
:10CF3000658601BD1213793D78FD82BD004F95BD18
:10CF400088A0773C12DD2ABDC579813DF014FBBC79
:10CF500066585A3D2069CFBB1ECB94BD300B7BBCBD
:10CF6000EED0753D84AB6E3C117287BC77D5B5BDF4
:10CF700006A2AF3D56BFF43C8F5A16BCBB48E4BA7C
:10CF8000F583D03D2067E83D5E4EBEBC36848CBD47
:10CF9000800D823DF96E76BBDACCAB3DCEE7643EC8
:10CFA0003A3FBA3EF126F43D0BC8963C99D322BDD8
:10CFB0001F7C843D1C4EE33CE88E613CD86672BC0D
:10CFC0005A527CBD324A2B3D33AACE3CEB59733DBD
:10CFD0001E9F883E0796593E877EBC3DB0B9783A81
:10CFE000BAF963BE6BDDF7BDA3937EBEB54190BDBC
:10CFF0006983923D1EC9A23ACD9D743D414147BC13
:10D00000392C883D05CD273E9F751BBE258F8BBCD7
:10D01000C3BE3E3D28DB173EE3E0113E82FC693D86
:10D020005411B2BD31C275BC8E760D3DBAF2F0BC62
:10D030004CB29C3CC8D6163DB89E413D6F56A43DAF
:10D0400089FD4A3D0F7B053EE4D6A13D99D5483E7A
:10D050004D62EDBDBCEFD7BEE8933BBEA1F8073CE7
:10D06000835357BEDF8518BE31EC073DDFF2C4BCE9
:10D070003E7F9FBD0AE4D0BD531AAEBEA8D31C3D6F
:10D08000CB469F3ED3A695BED97C62BE8A42C8BD20
:10D0900086743D3C288CACBD3A9CDF3DABA236BDCE
:10D0A000485596BD75B6153D138396BC79B3713E50
:10D0B000FEDE443EC5F4133D1D9CC4BDE02989BE7F
:10D0C0006494A0BD16982CBE7D77B43C8E86CBBDF3
:10D0D00005E78CBC6F087D3D7EADDDBD1DE093BDD9
:10D0E000DCBD3FBD1147A3BD30E8FCBDEB9E40BB9E
:10D0F000930808BC845426BE53CA43BE6860F9BD79
:10D100001AB56DBE452BA1BEA549AABE9D80823D24
:10D11000F268133D9ACFE3BC07F5F93AF8A77B3ED6
:10D120006E7E5C3E3AFB143E994C8E3C72C42BBE24
:10D13000445684BEED1862BE82F67EBDD2E6113C36
:10D140008A66053E9098563DED95BB3C4C34323D89
:10D1500095E9B2BDA15B4FBD119D593DE479B83C45
:10D160007CD6D5BD7A6F21BEFA2C26BD512F493E03
:10D170006EEF353ECE48F7BD7D9EB23D2AA53A3DC5
:10D18000083F6DBD37C5A53D4410203EB4E4203EA8
:10D19000421DF03D6108153ED1CB35BCEDCB12BE32
:10D1A0002B5CABBC8A1A3ABDE31A523D515C0F3E70
:10D1B000D16F2C3E136A483EAD1B743DE454D6BD7E
:10D1C000ED442DBEC43905BD00BC51BDC233BDBD4B
:10D1D000EA0C66BEB624D6BCD6B7BBBDB4AB4BBD5D
:10D1E0000902863C63947CBE656F803D092D1A3E22
:10D1F000201A4F3CB3EDA03E8BB9323EA4D99C3EE1
:10D200008F712B3E09875E3EFDA0783D2D51B33DC9
:10D21000D16F0F3E63B807BE6E7688BEA3F8EC3DB3
:10D22000ED119D3DC1586D3D3261BF3DE3F471BECE
:10D23000051893BDBD20DFBDC215E1BD0E608B3C5E
:10D24000654DDABC929625BC2EEB823C8E73BFBD39
:10D25000CB16B83C35BC7DBE611647BD072E2D3DB3
:10D260002C4883BD2E15C23EBEC6723E416A1A3E90
:10D27000701D353EDF96143E32F71BBEE8660D3E4C
:10D28000DF28053E071B3FBD32B440BE3FFF90BDC7
:10D29000676E1ABD0D54243D26DDD43D7346A23D74
:10D2A000820B2EBE1C24BEBD3FE744BEA744CFBDAB
:10D2B000A468D3BD85801B3DB966B7BC7A3EFBBE72
:10D2C00081EC35BE55D32DBE1C2C013D6CC24FBD2B
:10D2D0001037F7BC717F973E920EFF3DD1B23ABE38
:10D2E00026A6873EC8063B3EE9A96FBCEEFBB13DD2
:10D2F0000F8170BE26DEA3BE3F13B7BEF72EB9BEA8
:10D3000055104BBEA69EBFBD372B023E182B493C85
:10D31000663590BD3C32AFBD080A9CBDED6D873DC2
:10D320006C3EE13C970F0C3E485337BE525C95BEB5
:10D33000C8EFF0BD9FB415BEF47A4EBE286781BE1B
:10D340009F60A5BD3827053E832308BE99FC7ABEA1
:10D35000BB85A7BD538A65BE1EEA6BBE8F6B89BEB7
:10D36000AD6DCFBEB5F904BFB04DE4BE37D983BEB5
:10D370004C3B76BDEF9A9F3E4E27873E745ECD3D77
:10D38000C40796BDB39324BD724408BEDA9896BD17
:10D390009086213C7C41E23C018AE9BDA52B32BE4E
:10D3A0007C84FFBD6CDBACBE4322F3BE3058953DA0
:10D3B0001A9F58BDCC0BBD3DF699C7BE893883BDB9
:10D3C00004B4C6BD9275E7BE8C05B0BE1070C7BE72
:10D3D0008D56D8BE5BCD7FBE28EFD9BD94B13D3E02
:10D3E0003436BE3EF29AC03E9552253E4D16B4BD2F
:10D3F000CB6E0CBE62B9D43C82714FBD50BC3B3C7D
:10D40000A2E3B9BD8D098ABD4E9F1EBD43B1DBBDF0
:10D4100025810FBF20BA16BF11580FBF8A13163EC1
:10D42000560F5F3D4AA63B3DE2FC19BE78A784BE7D
:10D43000288705BE5EF88ABE4895D9BC6AB785BE06
:10D4400009780BBE78ACB0BDC1A36E3E88FCF13E3E
:10D450006D520D3F4489A23E69BDD73DDCA893BE05
:10D460007DEE20BE941A46BE29D1B2BDE5D094BD52
:10D47000C2DE4ABD88F187BD0969263DB85B56BD4D
:10D48000E2AEE1BE75A00FBF97EE53BE7F63193EBB
:10D490005436B93D0798C93D347205BC874FC0BDAD
:10D4A000B06A98BE0C6265BE4D95083C4B1309BE30
:10D4B000BE5BC93CC216843E3977F93EF019D23EB4
:10D4C00026E8D63DF37A4D3D244A30BE24FF4FBEB8
:10D4D000F43AE2BD64FCD5BCD36B223C823D233DD3
:10D4E0004B260E3D192A98BDAADBE0BD0022DE3D89
:10D4F000C112B5BEFC7F0CBF6345E3BEBA6126BD59
:10D50000D98E09BE0D7342BD65AA8BBDC31D063EF3
:10D51000AB2A5FBE027063BE2E0814BE15D052BD8A
:10D520002D1E2D3E0046763E4728773E27FFC93DFB
:10D530007B34E83D544456BD019A82BCE53AB9BDFE
:10D54000DCDB1FBD059D21BD08847BBD1CE087BDC4
:10D55000144A4ABD419DD43D9CE1DA3C09CA873D4D
:10D5600018F7803D99CF91BE2C13F1BEE1D709BECB
:10D5700011BDEEBCED71133DB756E93C235BAC3BEE
:10D58000900AD2BDB8A662BECA594FBECBA5103C08
:10D59000A456613D0F956A3EC8360E3E915B863DAE
:10D5A000F2FE863D65831CBE6D9D6EBE31858ABDD3
:10D5B000687F5D3D8E8DB93D8CE31E3C5CD0AA3DFD
:10D5C0003299403D3551553E363F763E4FD3BB3EB6
:10D5D0008777063EEB869ABDE2BB24BECF4084BE71
:10D5E00017E610BB12F42D3E1D231A3E789A30BE6A
:10D5F0006B3332BE1EA80EBEE1AD67BE8B05F83D93
:10D600008D27AA3CAE07A43D9701383EECFD3D3E78
:10D61000E6A285BCB4273F3C46DE8C3C88C423BCD4
:10D620003351F83D2CD6633D1D63733EB0632A3EF3
:10D630000CBC163E1FC2593EDFF3AB3E86D10D3EF9
:10D64000D24A1A3EAC809FBEE55401BFE40413BE2B
:10D6500000D0D13C53A1E73D3F2EE23C8E3E2C3E14
:10D660007F9641BDB1AA82BECE2FCCBD1945C73C25
:10D670004ABAB43C18C7883DB96A893DBFF7D93D5D
:10D680006705E3BB04F0833BFB3E003DEC166C3CBE
:10D690002F5E0F3E14D1493ED74F2B3E138FB13D25
:10D6A0003087843DEDF7283E706F863EAE8AEA3DB6
:10D6B0002D30813DD82406BF0A302BBE2B2A16BE42
:10D6C000B5EABABECDC4D53B400AE4BCC7307C3E07
:10D6D000ED358E3D9047A9BD65088DBDA36F90BC0B
:10D6E000E71655BD41AFFA3DCEB4E13CDCFC6F3DE1
:10D6F000AD88753D0E22543BCA51C83DA692233ECB
:10D700004812A93D22B1C9BDCC9AE23D264E263C25
:10D710006B41C1BCDDA59C3E821C673ED3CB8ABD5C
:10D7200062F98DBCD764E7BE1AB88A3DE5770C3E36
:10D730008E97253D4E604A3EA08F29BE6747263E04
:10D7400005A009BDC4E4E3BC657A0CBE8EB7B6BDC6
:10D75000A6AB3BBE89962CBDDEA2B83C10921A3E09
:10D76000C42C453E4851B33CB7B0563E5E0CD53D47
:10D77000E6158FBC770999BCD40D463D479930BE5C
:10D78000DAF5DF3C717454BD7268CABC94B2E6BD70
:10D79000C5BFFDBCD84725BE2F791DBE1D4E193E05
:10D7A0009CD9CF3CCAA2283E3BCB2ABE5655963EBA
:10D7B000AD47C3BC16ABDEBD39EB0DBEBC9FFF3C15
:10D7C00033A837BEEA5E813C01CB6EBD0AFA0EBCBF
:10D7D00074D9823EAA68DB3C9A67393E754B063D98
:10D7E0005A02E33D21B1C7BCA4AEED3D6253D2BDA8
:10D7F000EA1FA73DAD5A10BC7509D8BD8DC155BEF5
:10D8000098C554BEDB52DD3DBC8EDE3CE24F323D5E
:10D810009D0EA2BC1AA70C3E78818A3B58ACA23E52
:10D820005FCCCABD647A76BDF9E4F0BD61B5483D10
:10D830001FBF163C14CC8CBD7B46CFBDD7C1D83C96
:10D84000D0D8263E1FB6C73C66BBFBBDCA5AAFBD8B
:10D850009E96EF3DDC16FDBD1AB5A73DE14D723C2D
:10D86000771C593D6CCF70BDEE039ABD1DAE82BDD5
:10D87000F2104A3E1F862ABECC9C923E5A7690BC3D
:10D88000845A81BDE8A1B83DC92D9E3D048C3E3E21
:10D890004F812C3C9D7C5DBC724A843D7B3CEE3DBF
:10D8A0000E97913DBE53B33D8B8A873D9491613C69
:10D8B0008A308ABC4B29EFBC165F50BD8E293B3D98
:10D8C00023E6283DECEAADBD616EEEBDD6A4C3BC37
:10D8D0007EC0AEBD373B4EBD56689BBD9291863D26
:10D8E0009176123DDC4FE8BDC3DDB43EC91B9D3DC2
:10D8F000FA9E4EBD45C225BDEC2FD0BD1690A73D6A
:10D90000404224BEDCF453BED9212CBD4EDC003E87
:10D910005CBA6BBDC22A213E8BC8483E257AB13E17
:10D9200098EFD13DB6AE84BD4DF2653D65CBA1BD4E
:10D93000FF87B4BD35C9DEBD0DBCBEBDCA7F40BECC
:10D9400091CBFBBD87959F3A098D00BED51282BE53
:10D95000A2B287BD4F869ABE65C2673E6CAB51BD11
:10D960000037CC3B2FAC8EBD0CF52EBEEF588E3D54
:10D970005BE604BEF858063EFD65123E310B913D54
:10D980007FC590BE4B2A47BD4759E9BC2264E8BC1D
:10D990006FFF1CBE456A093D5688D03D82E6C3BB79
:10D9A00091ECE33D2E8EAC3DF9E109BE11E92EBEAE
:10D9B0008B96A73DE74F913E974EC83DECCE02BEF9
:10D9C000DC9181BDB1961F3E39388C3E88B792BC40
:10D9D000B0CAB0BB2F1C953D8F85DC3C2DE386BDC6
:10D9E000D972643E8552BF3D5DE701BEFA2EABBEE3
:10D9F000793784BE2F0D83BDFE641DBE251F213CDB
:10DA000003B584BEFDF53BBE93F698BE42268EBE9E
:10DA10004398B9BE0420DABE394C65BE679E37BD57
:10DA2000C1377C3D16223B3E897E7E3E17FF493E34
:10DA3000C5A66ABB3A085CBDAD4203BDDB1BA2BDF7
:10DA4000770EA9BDBB1200BDF0B3D7BCF5220DBD4A
:10DA50007E3E93BE59F24DBD0567E5BD01C020BFB6
:10DA600031F842BE2AF3A73CA4269FBDB9630BBD83
:10DA700058F751BE8814D1BDFB56C2BE336B04BEED
:10DA800072F40BBEA11288BE05B6ACBD5942C13DB1
:10DA9000C840A73DCA369ABD6822093E179C003E81
:10DAA0009D46C33C555A1D3D4A186FBDF254303D4A
:10DAB000EA9B533DABF19A3D9683433DE3559DBDB3
:10DAC0006DDF0CBDDA3256BD1B2344BE0D9215BE70
:10DAD000D82586BE0AFFBFBE44D1B0BE4861BABEDB
:10DAE000B123ABBE61C5E1BE5B7DB7BECBDF8ABEF5
:10DAF00077F714BE4624E0BD0E6573BD8CC7F8BD34
:10DB000035D4353D2BA0463E9F01D63DC06A7E3DB3
:10DB100037BF8B3DAE037B3DF830A33CC2203B3D7D
:10DB200032AC40BDF2BE333DEC422CBD1236293D35
:10DB3000DC5B3CBD103B13BDA54093BDD06533BD40
:10DB400070775A3CFED9523DEB5F2CBD1CFC80BD6A
:10DB5000680CBE3D98010F3C0BF40D3D6293763C82
:10DB6000AA1F6F3D1667383D80DF03BADFAC903DDA
:10DB700060630BBC389DF63C4CF096BD6C66A43CD3
:10DB800096446DBDDCA953BD9842A4BC911D3BBD1C
:10DB900012F9423D12D45E3D02A6D6BCCF03A33D8E
:10DBA0002CFA523DFDFA673D1090B83D77000FBC4E
:10DBB000202289BC7F9B593D7991D73D33328A3EE3
:10DBC0001D2A5B3E47424E3EC6113EBE680891BECE
:10DBD0003547CD3C5D85B13D57B9863ED386A83DDE
:10DBE0009501383EB13B463EE3FF2A3E18FC7D3DA1
:10DBF000BF2124BD9021D5BCBA9E84BDCDBE823D3F
:10DC0000D0D36ABC0A804A3DC1CC663D2AC473BDEC
:10DC1000888CAA3CC49F523ECA7A493ECCBF723E11
:10DC2000721AC13DB3A4843E31E3BA3E28564E3E3B
:10DC300089388A3D378BC4BC66110B3E7F3F47BB9A
:10DC4000182B4DBAD8E0883D4444D93D3795F5BDF1
:10DC500072BBC5BB0F72963E7E84973E74282F3EE2
:10DC600037654CBC72C1833D4AAD403D63508F3D2A
:10DC7000E02125BB09259DBDE4EFEC3C5A3FCEBD1C
:10DC80006193EE3DE3C7033E8FAF903E55C6F03D36
:10DC9000AFD9BE3E2901F23E1962953DF1CD363E27
:10DCA0003AD07EBD9D1389BD77B6293DB9E46EBDDE
:10DCB00084E554BDEEAD433D359E00BE5B71323C04
:10DCC000C3470CBD77D8803EC1EBA13DAE41C63DF8
:10DCD000A597483D72E75FBE3D36343B723B693DD8
:10DCE000F5C997BD3C4C713D304B9C3C912480BDA7
:10DCF0006CFCA73D81263F3E27DC9A3D36CC3D3C5F
:10DD0000962037BEC7DC95BDA320B6BE06C1A5BE12
:10DD10005FE935BE952AB4BD0C30D43C6CFE1B3D8A
:10DD2000E5E4963DBAAC833E367C643E277E493EB0
:10DD300073C1F43D5966BE3D50B2F73D272F9F3D5C
:10DD4000F504AE3D378AA4BDE0CD0EBD400C8F3E3C
:10DD500070F257BCBC97203D12FC59BB017B1ABE28
:10DD60006C9AFABDF9279FBE57919FBDE997883DF0
:10DD7000A29E3E3D775C58BE4497B5BD4F61ADBD98
:10DD800026920A3E338049BD0AFECB3D08DD9D3A0E
:10DD9000B6C7533B07D03D3EAFA02D3EDA879C3D32
:10DDA000AE39E73DC470FE3D3BE08CBD4AD911BEA3
:10DDB0007C5BAA3DCA788A3EBCB34F3EA3C4613D9A
:10DDC000D155A73D7C0F30BDB28E1C3CC8458EBDE1
:10DDD00018F9903DABDB21BE4EA19CBD6B5FC3BD6E
:10DDE0009C1693BEF79AEFBCB80A71BEB323C9BDA7
:10DDF000E3DF613DA2F2B1BD8C00BDBA2420D33C6B
:10DE000012BB60BD6780883D2CFA89BC14020D3DB1
:10DE1000C8192E3CA28CB13DB2C75E3C1D1FC33C4D
:10DE2000BC017EBD966FB83C2450453DEC8C313E24
:10DE30007B9E293D99F319BE8D19303ED03570BCBB
:10DE4000479E703D8BDF9ABDDAAB0BBD4DE580BEC2
:10DE50002A9233BE02CF083E22C13EBEDB8207BCFF
:10DE600031E39E3C1B6DFC3D70F491BD673F353D39
:10DE7000F33C1ABEE041ABBB21A8B03C33B7C23D76
:10DE80007E390DBD1FA0CE3DB7B2CF3D7BCAE1BDEF
:10DE9000E6E7EB3D01FA593DDBF347BDFA6C8A3CFE
:10DEA000230504BC84261A3D1BCFD83D02F3363D22
:10DEB0005FC286BD1C02EC3D13F7023E249422BED5
:10DEC000DDFBE9BD69EB803EC262CEBCA60DBCBDE8
:10DED00062720DBEF0A9C63D54025F3DEE7A813CF0
:10DEE00061344FBDDF4B47BEFDFAC7BDAFEFEF3D1D
:10DEF000D35AAC3D06B59BBDF8670EBE05A4A3BDC5
:10DF0000709BD9BDD5F6C1BB0403CA3DB4FC92BE1B
:10DF1000CDE458BC63B6A4BD32D1D43D86B522BC95
:10DF20006B1520BE2B98A4BD9177F63C60F905BE19
:10DF300042F080BABC6FA63D575CE1BCA3F12CBE99
:10DF40006E1D2FBEFD5484BDCB3A60BC765E163E7E
:10DF5000404580BD3D1251BEA25053BE77CE013D1B
:10DF600055DAA23D8BEF483D6D8623BDFAA3A43D53
:10DF7000F6BA2D3D340FA53B38746EBDF1F73FBEA8
:10DF8000F267BE3D865D8BBDDF41093EBABB793C81
:10DF90000CC715BC381C113E4EC47B3D2D7F5BBDAC
:10DFA000558F983C06CCC03DA4A51A3D80C38BBDBF
:10DFB0004D9D98BE042A7ABEACF7B23DC6614B3C7B
:10DFC00017B2B9BE45545ABE6F3F813CA28A1F3C6E
:10DFD000469F33BD6F44DDBC9289DBBD4DED8E396C
:10DFE000D3FC3EBDA6057FBE238E39BEF7DC90BDB7
:10DFF0002C30103DC8D843BC42F1ABBD9AAF323E85
:10E00000E40B8EBE5660B9BDB6E79FBD9AC25D3EB9
:10E01000398DBD3D20677D3ED6BDCC3D9BE2433C66
:10E020006695D9BCC3800CBEB44EBE3DC488C4BD89
:10E030000C166CBE388A7FBEA55219BE53E5BF3D93
:10E040003D730FBD72AA043DF3EF55BD0FF575BECC
:10E0500021A6F8BB1FD5293DDA71763D0C4498BE48
:10E0600037CDD9BD248DB23DB894C93D0AEDDB3D15
:10E070009477BEBE420F55BEAA93C1BD8844BA3D37
:10E08000E90E343E37D2693E68C6373E7A2CFE3DF3
:10E09000B5DBBD3D76916DBEDB3D99BECAB4C2BE57
:10E0A000CD6C39BEDDCF32BE414CA2BBCAAAEF3D1A
:10E0B000E0AD5DBDEB32223E250B2A3D3500BEBDF5
:10E0C0007164AC3E441842BEDC81E9BE578FA3BEEA
:10E0D000B815BDBD19017E3DC62C353C573E67BE07
:10E0E0008415AEBE3B0B2FBDDEFD33BCAD783ABD13
:10E0F000B0262E3EC62FBB3EC5759B3E5AB36B3E27
:10E100000244C43D865CE6BD634BF1BDCF1978BDCA
:10E110003152E2BCD78C753D4EBC073ED9A1A23D21
:10E120009884203D9D974C3DDFE68D3E41862CBD79
:10E13000278BE9BD357B1CBE46D70CBE4F0ED43DA8
:10E14000BF5332BEE01D78BDC84922BD1DEDA7BE3C
:10E1500094D0C4BEACE6FCBB84BCEB3D3F76823EB3
:10E160008D858C3D32D2463E694CEE3D7246543E22
:10E170004B6A213E71D05D3DCD31113DB8174ABC8F
:10E18000B99A1D3D754C263D1D852A3E3194333E7E
:10E1900008578E3D0F2B693DFA35403DA07057BDA5
:10E1A000B7549FBE92BC6B3E6627C9BD1B857F3DA1
:10E1B00006F91EBE250A62BE68821DBD5A918C3EBC
:10E1C00001323DBEABCB22BEAD101ABDEB031F3EEC
:10E1D0009602FA3C26E1203E345B863D0768243DEA
:10E1E000C714FA3D2C76BD3DA2CB343EA359843DE5
:10E1F00032299A3DD05D473EF5C80B3D6FBD773E55
:10E200007F9C0D3E3DED9A3CC216C33D0DD3F5BD3E
:10E210001BDE8CBEE6D1F13E30F489BD3E7B633E11
:10E220009987173D0A9F6FBEC22941BD0DF8323D47
:10E23000797271BEA31DF1BDB271133E7010893E9B
:10E24000F187483EEDD7153E40392C3DE770773BCE
:10E25000B4938C3D42CC00BDAF42883EBE7A6E3E48
:10E260003165863E98DF9E3E8F3F1A3E55F9293D27
:10E2700074DA2ABDDFFD083DE8279DBD26830CBE6C
:10E28000A6BB5BBE34FE563FFD3E7C3E81032D3E69
:10E2900023FC9E3DBF7973BE8B053E3DEAF57BBDF9
:10E2A0003CD6EA3CCB1B89BD6827933DF3575A3EC9
:10E2B0006506683E4DEE333E5BA8723DF04303BEFB
:10E2C000C7EB9FBCA90F9F3DF094753E4B69343E50
:10E2D000B3A66F3E91A4B83D3F9A9E3D74759ABD1A
:10E2E0006745F3BD1348293EE0F4CDBCF00DB23DC7
:10E2F000CF73143DB0BA563E5A3FDABD47E94D3EA2
:10E30000E5BF58BE2DCB54BC545910BE3546463CD3
:10E310003167303EA5A2A8BD1662163ED365B93E50
:10E320000DE3AA3D6A76AD3C85963ABE41853CBE7A
:10E33000480C45BCCE0EDA3DEC9BCD3D91DD5A3EFE
:10E34000552D933E12D1B83DC4E49E3C595826BE8B
:10E3500013B351BDD2C1B53C50D8483EACEB6C3E76
:10E36000C7A45F3ED464C43D29E879BEBB23EDBD9C
:10E37000A271333D085478BD9C9B3CBE5682D5BDEE
:10E380005096113D679BB7BC8A543E3EC73F6A3EDC
:10E39000B0EAE63C4A59FC3DBDD590BD1F0527BEFD
:10E3A0004F41FDBD331C9E3D3B5BB73D911B4C3E39
:10E3B0006B25223E49DD29BB5A60E1BCDF8F2DBEB3
:10E3C000673155BE47260BBE02DF363EA149EC3B06
:10E3D00025F12DBDB7CD43BE1E06FB3C79213CBEC9
:10E3E0004765923DF75245BCD2A5913ED50E613DA1
:10E3F0001F0D323D4673073E4916533D2D604A3E80
:10E4000057307B3D4FAE9A3C484A73BC6AB05DBD05
:10E410007BFD9A3C983EBF3B76B1EABD213B253D52
:10E42000F12A1FBE1E6202BE97A942BEF4B4D6BD39
:10E430004FC272BE504B52BDCBE599BDDE4E35BDCD
:10E44000E41906BDE4FC5FBE6C6F6D3D494EB83CFF
:10E4500020EAC0BDE7108738EC43373E5A7EB23D14
:10E460000E030D3ED692583E214A293D28BBEC3D75
:10E470007B950D3ED58B183E063FA53D0C90A53DE6
:10E480006C89183E82200F3E49140EBE4210CA3CD1
:10E490007A5C2CBE9E0CC7BC545F6DBE38D181BC6B
:10E4A000F65083BE23883BBE3E61753E4A122F3E26
:10E4B000B9F0CBBD39E5A9BEEF4B473E8381A9BD7D
:10E4C000D0E489BD793AAF3C2956493ECE2C0C3E6A
:10E4D00059787B3C0AFB62BD4E740D3DBBA4263EC1
:10E4E000D44A3B3D390B923D5774D43DC793E63B2C
:10E4F000770A7E3D45889EBDB68E12BE62F802BE8A
:10E50000FB3CA9BD4C14D9BC307F2DBD195ED53D57
:10E5100016E210BD0854573D206B8A3E55FD87BD5D
:10E520006A80A7BD6DFBEFBCCB5201BEFCC3E03CD3
:10E530002B262BBD1C1F81BDA6124CBE24D30CBEA6
:10E54000EFF79F3D4AE6FEBB4A8AA13C3973183D6E
:10E5500080C8E83D4E5099BD29859FBDD00C853CB3
:10E56000375E25BD7A1DF7BD88395EBED950D4BD52
:10E57000922708BE9ADE8F3DBAF3453E1A817D3E52
:10E58000DBDA6B3D859B453EB927D93B341EBF3C4A
:10E59000CB1B2EBE0770DBBD07FE10BE308B3EBC12
:10E5A0005A0350BDF878A9BCFEBDAE3C581988BED0
:10E5B0006C4F4BBE0A57873DE383373E1EA388BC92
:10E5C00000DE703EAD857B3DC8FF8CBE40B70BBE04
:10E5D0006BE106BEA52927BE3A12C7BD2A7789BEC0
:10E5E0008BACCE3D8DE622BE00D980BDC89E9ABCC4
:10E5F000E12C10BE36607FBDFE919ABE050D4CBE6B
:10E6000045B722BEE8D5783EB7E4613D24CCA73CAF
:10E6100010CE75BDFDC72FBDF58208BE26B0883D62
:10E6200044D28BBE0E69CDBE61269A3ED0D6213C27
:10E6300028D7D93CC058F5BDF41A283DAFA307BD73
:10E640005E0A76BE673E27BEE955AD3D0438753D8E
:10E650008C54BD3D48368BBDBD0101BEF47F0ABE62
:10E66000D346C6BDEFD573BD54F294BE590BDDBE83
:10E670009353DEBEC6B827BDDE5F133D0BA02ABD97
:10E6800039C78FBD57808D3D5A61B3BC2AAD253C3B
:10E690005A96A33D04670CBE17BF22BEC4278ABE8C
:10E6A00050CB45BE0F88ECBD907E9CBE66F05EBE32
:10E6B000CDCAC5BD1EDC38BE0F849FBEFEB675BE7A
:10E6C00029DCB0BDFE7639BD5383173DBDEEB7BE24
:10E6D0001A48E1BE05B1F3BDC7B7A4BE8136453EB9
:10E6E00091C6093DAB1695BB41BD7EBD200467BBFD
:10E6F000695C4DBDA0532A3B4C54E53C992B953D9C
:10E7000032B08DBC1567CA3D895F1DBEC7FE30BEE5
:10E71000DF6745BE967F1DBE3A7514BEB3D2C4BD39
:10E72000B3AE64BE45103ABEB16450BE09DC2EBE25
:10E730008A3AA3BE4782EEBDDD3F2CBEC21DEEBDB0
:10E740007FB3A23D8516513DE7E202BE1B3D6CBE84
:10E75000EC04043DB60642BD69F53FBD009F913C07
:10E76000AC5EA7BC81A9813DD36F98BDD4E6DEBC69
:10E770003E9A283D1ECA193D23EA38BD33C156BD15
:10E78000AE2D183D340373BD068F7F3DEAEF643D27
:10E79000F57513BE8586A9BD9ACE1D3EE468A23CE0
:10E7A00052973F3DDC5368BDC2047A3D60ECC9BB63
:10E7B0005244543DBE89533D681285BD9E05A2BD9D
:10E7C0004CC6CE3CFDB579BD34EDE13CC061303B7B
:10E7D000C3D8913D16CEDCBCC2051D3DC0EDA4BB27
:10E7E000917CA63D36620D3D9ED10BBEF22AD2BD74
:10E7F000DA5CDCBDF1E781BC53118EBE5BA28EBE3C
:10E800002E5058BEF54C82BE9F39473E79A0593EE6
:10E81000F732AABD05E15CBE0A3B6DBE7439B7BED6
:10E82000AC5FE1BE9139A0BE141CB5BD95C38F3D50
:10E83000229C7F3D28FA003DF89D49BC8A2E88BD68
:10E840008E11643D200554BDC272CDBD22692D3D9F
:10E850000F4E59BE84C277BEA8B69CBE2042E3BD0F
:10E860008507B43D5ACFD9BD2A70ECBDF83EC4BE71
:10E87000ACC5A6BD265D403E8BE517BE1BFE13BC96
:10E880006C29FD3D9256203EB8114F3E4A5A093E32
:10E890007F3C13BCCF4A10BDC3F7703CC2A92B3ECE
:10E8A0003AC0A83BFCC0DC3D9EA199BDAB11853DA3
:10E8B000DD5F9B3D7CEF88BC78F4A5BDD627B8BC56
:10E8C000C30AB0BDEBDEE83D664C3E3CD4B7B23D7A
:10E8D000E887AA3E8ED4343D48F3C73D8AAAAABC35
:10E8E00044A5E03D6E21453E5020B2BD06D27B3EA0
:10E8F000AD8E073E26E37C3DA12F813D547C23BE97
:10E90000D688553DAD5A28BE765A0BBE6C57683D29
:10E91000F156BCBC64FCA0BD994BD0BB6B19A43DA7
:10E92000D83A8ABD96B6DC3CFC49423E1CD1923EA8
:10E9300070A39FBC830E7E3D175B0EBDE1DFD23D11
:10E94000AF59D73D2797CE3C338DA53EAB1A143E29
:10E95000FAF90E3E7B521A3DDD444F3E8AEE8A3E66
:10E9600029F5C63E4C60143EA49C4D3EDC96323EDA
:10E97000E2398D3E10D6C03A8C6DD7BD8735F23D59
:10E98000DB1FAC3EDE94433E0DC7B63E8A24D33D2A
:10E99000F070933B98CFE73C8BC9973EBD306D3EFE
:10E9A0001AEBBA3D9EE9CD3CB910043E6588213E84
:10E9B000C3902B3D1240E83D58EC8ABDEB53093E15
:10E9C000BBC2033E6701083EB251D23DA22FAF3B0E
:10E9D0002AC48D3E2A83803E1879C53D1708603EC3
:10E9E00011E68B3E0113EF3DC67A3ABDD84426BEF0
:10E9F00014B699BDEB833A3E8E6F7A3EADE788BC84
:10EA0000A85FDD3C6811CC3D96E2A23C2D590FBDBC
:10EA10006846633D060D78BD94DDB13D4DF062BCA6
:10EA2000BC89563D3396A63DD425133EE1A5F63D5F
:10EA300031D8393E6FF8523E0E5C373EEF31393EE9
:10EA4000606A1E3E3ADEC53D83560B3E3448053EA5
:10EA500064A0F83D9DDCD2BD6F06193D64B6543EFE
:10EA6000E05CC9BCD385603E760B1D3E9FEA9CBD31
:10EA7000DD695BBD6147163E1E084BBE6915DA3D78
:10EA800041D34F3E9ED5C5BDB1939B3DC3C81C3EEF
:10EA90001AEC9E3D2E4F5F3E1F6F523DECE4853DCC
:10EAA000EF30083ED39ACBBCFEF2513D1019C6BDE3
:10EAB000DD5F00BD90E654BD3B1F54BD2C843BBDC3
:10EAC000B538A0BD081345BEB958783ED9B9793ECE
:10EAD0008222DFBD8EBCB13D50E5473E539D8DBDCA
:10EAE0007DC9AB3B263CDB3B021365BDE8C8393E24
:10EAF0005FEAED3CDA58EDBC97C52F3EA1D2663EE9
:10EB00003D9F853DE5D0783DB63CB33C8890CE3DF9
:10EB1000672B133E76ED943D8612ABBDB887A9BD39
:10EB200062C745BE22577FBD76C6B4BD1978E0BC2A
:10EB3000CE6C0BBE8CF728BE511C0F3EDD4E9B3DAC
:10EB4000E5B388BE841ADA3A8A94AE3E52DD583E66
:10EB50006C904E3CE08EB4BC61FD143DB1BA783D82
:10EB6000E22CA93DBF7C9D3D515F683EC42A6C3DAF
:10EB7000B8A10E3DE4F98BBCBF029CBC1CAB62BDCE
:10EB8000274F823DD320073DDD01F8BC6A090ABE4C
:10EB9000560AE3BCB192DCBCECD2D8BD03495B3D64
:10EBA00031E928BE7F50083ED66A7C3E29862EBDBC
:10EBB000255128BE9E12D13E62F7A33EBC7B24BDE8
:10EBC000C6745C3DF7B7DDBDAD2546BE95A94D3E8B
:10EBD0006461803E9B245EBB32F1C4BDEFF70ABE88
:10EBE000083DD4BC76CF8CBDAF27D8BD5E8F293D04
:10EBF0000198043D12498A3DE4A2403D2B39C0BD35
:10EC0000A05525BD28F69CBD0397883D6ADFEBBC67
:10EC1000D5E8AA3D0398313D97A077BD7EE1EFBDD1
:10EC2000D3BBD9BE61BBF0BD6625133EA151903C5C
:10EC30005B926A3C09D206BDCC1B5ABE40538F3E44
:10EC4000D1BAB03E551F963D32F08BBE21A449BECD
:10EC50001A6780BEC5A5E9BD6F9F64BD3CDE24BDBB
:10EC600062FDE03DA215A93DA901593E07E90D3E0F
:10EC7000DB175E3D33432E3E41A1383D079EFEBD6E
:10EC8000B26F42BC9D215BBE87CF90BE250ED4BE25
:10EC9000D0B28CBE876840BC419D1B3EE4DE5DBDAA
:10ECA000F2639E3D881C1C3D3E18F2BD4297A43E77
:10ECB00017E3333DC70F86BDF3923FBE2C6C3EBDBC
:10ECC000003947BEF12A0CBE38AB80BDABF3D63B52
:10ECD000B46B173E778FD13EDF32C63EBFF5993E0B
:10ECE000A5032A3EFD78623ED5851B3E9B915CBD07
:10ECF000269887BD2BDC1CBE08F5B3BE8E02EFBE86
:10ED00008C0CAEBE748186BEDBF4C1BC97B3273CCD
:10ED10001204D33C150508BD3ABE91BDC992AB3E65
:10ED200044766B3C214EFCBDFE4976BEE674FFBDC9
:10ED3000085DAFBD13D7B7BDBE0891BE5239413B88
:10ED4000E0DF4B3EE1198D3E67C6963EF083803E84
:10ED50001C58D43DC36C0D3EF24FB2BC5F395F3DD1
:10ED600014DD9B3D833B10BE43E6EABE2422CCBEAD
:10ED7000F266DBBEB61B5ABEF1D726BD233861BD95
:10ED8000E334053ECC119D3D455B173EE5B7753E2E
:10ED9000D04D803CF7C4B1BE5CC11FBE819A88BD16
:10EDA0004777CF3DF705A2BDBB8E15BEDEFED9BDB0
:10EDB000D212AD3D6797933E9B25743E7006CA3DC7
:10EDC00053F39F3D77B1CBBCDD7502BEE1A48FBD8F
:10EDD0000CCEEABDCA7D35BE8FC497BE39AF3DBEED
:10EDE0001621D0BD0D1E3C3C0B1A2FBEE8E7EFBD2F
:10EDF00089996E3DC1AF363E7FA77E3ED6A907BE3C
:10EE000024F29B3D8A2E39BE50D514BCBBF2513D35
:10EE10006F680E3DE17AB03D0993D9BD072A33BE34
:10EE200080FA9F3D58B9873D38FA513EE134C9BA5E
:10EE3000BA8E553D655235BEF095B9BD95240ABED2
:10EE40006698D8BD057306BE0D44A43CB66813BED3
:10EE5000E10CFE3DC81C853D431660BEEF88953E23
:10EE6000FDDE13BE796C393EF022793E4DDFC73DA1
:10EE700078380C3E7EE4393DFDC205BDE1EF6FBD43
:10EE80008EFE913D7A195FBD8A5578BD5A336CBEAE
:10EE9000B536BABD557D9FBCB5E9EC3DC19C7D3B07
:10EEA0008076C53C5B5D8E3D07BDD23D8AA1063EA6
:10EEB0009FBF69BCB7DBC73D32F11F3E00E7673E2D
:10EEC0004CCBB33D5D24B1BB49C9E1BCD5B6313EA5
:10EED000D0C9CBBCD52C2F3EE9BD01BCD78E8C3E12
:10EEE00040E12D3E3DF0CB3DE3ED1A3E99A109BC3A
:10EEF00091EAA4BC041723BE37E7A4BE49238BBE06
:10EF00004C7278BE201C023A5622B7BDA15EA53DC8
:10EF1000C455C0BD1048F43DDCF43E3E0805263E15
:10EF2000D44D063E8F522F3E04DF223DED60853EDC
:10EF30008B504A3E3A7D9BBD67715E3DC7488EBD92
:10EF4000D4EA133E350F5A3D51711B3DEBCF813E44
:10EF5000BFA3FB3DCFDC873E4B25403EE190513EB9
:10EF600058C04CBC5BDD2BBD006DA4BD8C5C18BED5
:10EF7000DEAAB4BEE42849BD2CA286BC9155EB3D67
:10EF8000845DF63DFDC0D73D6FA6F43C6A773E3EFA
:10EF90002D39273ED135013E71790A3DB577FF3CC9
:10EFA000AA2F3C3E60B4D5BD430DA3BD41206EBE2B
:10EFB000708B733D575AD83DE075E93DA385FC3D04
:10EFC0003216323ED5A77A3EF261443E1805083D1E
:10EFD0001E4F8EBDD9DB513DD18AE73C33A88FBE91
:10EFE00093F78FBE4E6C16BEBC48A7BD50F5903D42
:10EFF0008101963EE6CD8F3ECB84BF3D9291183E77
:10F000007A308A3DF4752A3D0D2A5D3DE1F5453E95
:10F01000B6C3363E056D92BDBB4381BE4F84DCBE98
:10F02000EE0D493D5EE38D3D94D7323D7245903DF6
:10F0300032D2733E3E11003EABDEEF3C849639BDCA
:10F040001F866FBBD6368EBCB6D687BDFE7D79BE19
:10F05000C6AD9EBED72286BDF26D26BEDAC8DD3CA7
:10F060005C20283EECD06A3E5184373EFFE6283EC5
:10F07000F848523E35A4B13D6CABC63DE6963D3EE8
:10F08000E6D70ABE0B89FDBDBF6500BE38BA89BD93
:10F090003008E7BC35C1883CCE43263D4EB9813EA1
:10F0A0001B12413E576DB53D4E3B343E2D23C03DB6
:10F0B0004280C73D758A40BC437E13BE8E0E20BE83
:10F0C00048ECF3BD04CBC5BD4065D33B682670BD9D
:10F0D00043FA603D1F6F183E2048373EB3F5AA3D06
:10F0E000AA45303E4B444F3EB80F4A3DF7A04BBEB9
:10F0F0000433C6BEEC75883C54A459BEC21764BD27
:10F10000E77A0F3D1602553DC763CABCFBE0433E9C
:10F1100049AEA53E0A0A8B3D43390C3E74B7093E01
:10F120007A88EBBDD68CB0BD634BBCBCC07E7EBDC7
:10F1300016E0C4BD299507BD08AEC7BAEA30E7BCE2
:10F140008452BB3D8CDA843D1F3F9D3D9998EB3C3A
:10F1500061ECD03D943BAC3CAD024ABC935309BE3C
:10F16000427C83BE69F54CBE6E30113EB9C6BDBC53
:10F17000CACD4BBDF4872BBD3A767F3E6DE63D3E52
:10F18000585D853ED409C93DAD2155BDF650F73DCA
:10F1900047A036BEAD61B1BC3E0BAEBCCD25503DE7
:10F1A0003F0EC6BD55F2613C17C739BE72F4CA3D69
:10F1B0005CDA1F3E2EA5B6BD90C60C3DF35EC4BD05
:10F1C000FD55393E160B103D8E29273EB31136BD35
:10F1D0004F7E95BED29289BD05D46C3C667975BDD3
:10F1E00074B81F3D095FA43DF21E6DBD3D17963EEC
:10F1F000B1D94CBDE96344BEA7DBC73D5210223EE6
:10F20000715736BC80EC6BBD700A37BD3EA1B63D70
:10F2100026E5D23DC85999BDDC523ABECAC12CBEC2
:10F22000887A49BD797D5DBD7B95B1BB6CAFEE3C05
:10F230009242EE3C8D389DBC60804FBEF07F8ABE0E
:10F2400094AFB4BEDF6FB3BEEBBE5CBD58AA19BDB0
:10F250002C0A71BDC04067BB86B8123DF8678BBEF3
:10F26000D80C59BE562014BE162B60BC0F2995BC75
:10F27000C519FA3DEA2C553EC096A03CD5649CBD0C
:10F28000A7901F3EBD89E53D17A498BCC5CB5BBDCB
:10F290007409EEBCA974373D66949A3D4AC0FF3E9E
:10F2A000320E033E40EE51BE81948DBE9E86F7BD68
:10F2B0001277723A8F998ABD4D795ABD2A35E2BCD0
:10F2C000DA9D023DA0A7583CD2CA4B3D3776D7BC49
:10F2D000D12566BDB39CB2BD54109FBD2C3643BE34
:10F2E0003341DD3D053EAABCE83E8ABB3D37B53D16
:10F2F0007F8BABBD71F5BDBCCABD7ABE6C50E83D1D
:10F300002217C13D6EB75B3EF2990D3E1597833EC5
:10F31000BBCB3F3D3E025CBEE41C58BE8E464E3B1E
:10F32000E8658DBE33FD5D3BFC2E83BCF03D1BBC10
:10F33000BF72833D0827C33C43C2803D66ABF1BC2E
:10F34000E92C883BE2F8493D3CA1143D6F96443DD1
:10F35000EA3CB9BC65C4DABBE911ACBDFEA73D3ED1
:10F3600023CF4CBD7DE227BE66E3C8BDE03241BE7F
:10F37000738448BE0150653B7A12EDBD2B7C7DBE87
:10F380001B2390BE73C059BE58E764BE405AB83DB7
:10F3900000D63E39894585BD78495B3C4229A3BDED
:10F3A00036563E3DF05CE63B8E88773D322F673D1A
:10F3B000EAB7043D20B7E7BB0C2E85BD7E7B0C3D34
:10F3C000E9BA92BD0E8293BDE923853DF012DFBB01
:10F3D000EA9B5F3D3061863B8EAF12BDF886293CCB
:10F3E000C6B01C3DE539AABD13E135BD41F4A03DD1
:10F3F000ACDE87BDB12584BD2C3D9DBCD5B649BDD5
:10F40000E81D1BBCD4848CBD37E48E3DB28792BD11
:10F41000400011BD074458BD52BB9FBD80B9543A4E
:10F420006E32BBBC5071103CB387933D61F80FBD89
:10F43000FA861DBD85BB193BEE5D2ABD32CE26BEC8
:10F440001E0404BEB45C31BE0AD8333E4557E23DCB
:10F4500004600CBD7E21D4BD633A773C73CFB13DCF
:10F46000D1D10C3E35C33F3D809E34BBE4EEFCBCA5
:10F47000E9B29A3DC4C280BCE88094BD4DFF29BD6D
:10F480008936803D70B9843B2C0C83BC4BE797BE1A
:10F49000481D40BEDC008B3D8B0212BE86D352BE9F
:10F4A0003BD3AC3D56EF56BC2541EEBD82D7FBBDEC
:10F4B000E18750BE8010023EA27425BE5E20B2BD20
:10F4C00010C7B93D7938C3BDD58341BEEA7D69BE59
:10F4D000949C8BBDE2C330BEF77F4FBE2AF2033E41
:10F4E000969DAE3D616BCF3C257B963D341DBDBCEA
:10F4F000613D9F3D707F52BD9CB8F93C5F6FA2BEDD
:10F50000FB3184BC3CBA8A3DB1C98F3EDC4E483EDB
:10F51000021F603D5D66263CAB4319BE8E06EB3D87
:10F5200055A7E93D6CFB00BC4BAB94BE11EE093E08
:10F53000D30626BE839CACBEFB04B3BE90FE05BEC4
:10F540004BCD29BD7F64043D18584B3E8CCF73BE14
:10F55000EE8C65BE7CFFEA3DFC68A73D9FA84ABDD6
:10F56000C810643C4BCC14BDC1699B3D69C2243BAF
:10F570000A89A23C664D123BB94C00BE8AED70BEB2
:10F58000805B62BD16BA833CCB44E1BD51F75EBDE2
:10F590002C7636BE6BFE26BEAF6E69BD1AE105BE87
:10F5A0005A1432BE9F3902BEF72A76BDE1ADA9BC1E
:10F5B000C3B7003D8BD489BE686C7BBED70BBCBC87
:10F5C000C3A5E5BD26B9113E61EDF53D422F42BE12
:10F5D0007295413DD7D4A13D4CD7063EC09E5EBE3C
:10F5E000D0CA70BE400F05BE96495DBE03936CBE87
:10F5F000C08E96BC229111BEE13882BE1BEDA3BD28
:10F600006A5EB7BDD93099BDAFBD66BD55E6C1BC18
:10F61000BEA7EB3DC852F9BD9CA880BEF35B25BEDA
:10F62000F375793D289633BE867790BCFE45C3BD01
:10F63000589A9DBD95F3093ED649983ED38532BD73
:10F6400062807CBDE971913DCAEDA4BC88AA98BDD9
:10F65000036704BE45B10E3EB2E142BDF3820CBE6B
:10F660008D8025BE6794CABD44CF81BD22B2A6BCA1
:10F6700054B1423E411433BDA09B1BBCDF6007BEAA
:10F68000BE57C3BD67F605BE9D6669BDED8A41BC28
:10F6900031E9C33D7FF1D43C2039E3BD4C6FF5BD6A
:10F6A000681D03BC05CAF2BB6C13103EF0F8313D77
:10F6B0001E3E30BD020AF33D69C5873D0080CF3E46
:10F6C000C324283EAF97F33D50AB19BBC24D733DE9
:10F6D000AD4C89BE518E46BE53DC7B3C5B0FAC3BD0
:10F6E00003EB703D4DDA46BDF3ABF2BC84EB9DBD40
:10F6F000181F0EBAC567293DA011503DB8CFC93DAE
:10F70000C075B83DCE12883E0A7D3E3E10BE4A3DD1
:10F71000C2D2B6BC35569FBC548F553E911F483E51
:10F7200063980D3B72093C3E831FE1BD9442273B29
:10F730000502463D11D7953D2487153E3FD4403EF6
:10F740003B62BCBD453224BE7849BD3CA69F24BD6A
:10F75000EBB72DBD1973023D5235283E82734C3EE6
:10F760007E96033E5263A93EDA14923EEE28903E06
:10F770006ECF9D3E059DBB3E9C50453EA4CA533E68
:10F780009D77FF3E32DDD33E19847E3D013D8E3EA6
:10F790000FB0AE3DBD60063E413C21BEFBAE46BC57
:10F7A000454DDB3D42DA2FBDB7E8BF3D5849E13D4D
:10F7B0005FD702BDF10CADBDCA14703C87A5403BBC
:10F7C0006597DD3CA444533E366CAB3E5A4AC23E7C
:10F7D0006A01A13E3EF19F3E5453F03E44CD393E76
:10F7E00079B86D3E4E3DBD3E0F15823E3339E83D42
:10F7F0001A9FB33E671EC83ECA63CE3D8AC7913E7C
:10F800007E7ED93D5A8DEF3D85342B3EE17760BD3C
:10F810000A33373DE7AC123E42B5253ECA5EAD3DE8
:10F8200083EBB9BD63AC4CBD30E96C3E275C5CBC7E
:10F83000CD565FBD01693C3E3AFA8B3DDAC01C3EB5
:10F84000D7FCB93BF5CAC13D95D3263ECB1A473EFE
:10F85000BACA233E079C133EA975B6BD725251BE6B
:10F8600077EC133EAC1A553DB1E3913ED864993D17
:10F87000862308BCD974A93C29DA803E2B37FA3D8F
:10F880004F17553D9716DC3C6BD9653EF996B43C55
:10F890004E1A05BEDC6275BC6298093D3D11403DC3
:10F8A000AE07FBBD2B4C903D47D1EEBD9F85B8BD4B
:10F8B000BD1D48BE5412BEBE0F2E94BE3DDA86BE9C
:10F8C000AEA031BE710638BE8A31ABBECB4F19BE79
:10F8D000E2C7AB3C6E7E3F3E5F85893E826A163E44
:10F8E0002D2AE1BB9BBEE33D3339BDBD0CD17EBEAD
:10F8F000AD573CBDAC9DC5BC24C0C03D18E17B3EAE
:10F90000A953063D599B2C3E4843A53DC1A8E0BDE7
:10F9100050188A3CC91ED7BD0DCC2BBE5B2896BEA5
:10F920001AFBC8BECF6BA6BE7053ACBE1C27D9BE97
:10F93000E5C0ABBEBA58C8BE10396DBE397504BF3C
:10F94000DBD69FBEE7C3183E34878E3EAAA0AF3DEC
:10F95000909DFB3D0186513D33C5C53DD56C9DBE97
:10F96000AD6493BECA5D81BCE7F7EF3D811A9C3D53
:10F970004E5EE3BC3283FE3DAFDD3D3DBAFDCEBA07
:10F9800017961DBD399E51BEDC61F5BD1FBE7BBE05
:10F99000020716BEAF5BA8BD9C7F71BEC56D5ABE87
:10F9A000E0873CBEBF7AF9BD3E7B8BBE39CB2ABF18
:10F9B00006146FBE06407ABED5D0903EF6459BBC7D
:10F9C0005D08163BFD62473E2104B03E84E64EBE14
:10F9D0001F34F4BD3588AEBD1F9D3C3C74948CBD76
:10F9E000B9A21E3D4299193CEC7FF43C349E3BBECB
:10F9F000233B20BE0B5BE8BDCC8887BC67594ABE61
:10FA00005C4FCBBD51759FBD1C58293D646001BD45
:10FA1000C99E9EBDCC80E2BCB4E7DE3B430B76BE04
:10FA2000916EBCBEDDF993BE535C25BBB6512E3D35
:10FA3000E0E0AC3D5E1DA8BDE0AAB03D82105CBD1B
:10FA4000D5C83BBE32FAC2BD11E495BCE96D1BBE00
:10FA500070F481BE8851EA3DEE99E4BC978CCCBD30
:10FA6000C4D12FBE6905F0BCCC333DBD0EE2B8BD9C
:10FA7000B547E5BDAB8F06BE788D42BB47A8AABD92
:10FA8000A711A0BC64253DBDC1DFC9BDB52FE3BC36
:10FA9000CE42F4BE57F3EBBECE6272BE9EB9F43DC9
:10FAA000F17E08BE7098B7BC2FBE7FBC7E5052BEA0
:10FAB0002D6348BE1A5AFDBC0D9234BE8EAF38BEBF
:10FAC000946455BEB19ACDBCFDFC17BEEB2463BE59
:10FAD0008F619EBE354636BEB4C1103D882F93BDA2
:10FAE000633D75BD310E8CBDFE5378BEA75DEBBC8A
:10FAF000BC7440BE09EF4F3DFB51E43D23E68A3C18
:10FB00001EAEBEBE35FD4ABEF4D9423EEA1E343EAC
:10FB1000E066723BFB5080BDC5D709BE4BE499BE81
:10FB2000271DE0BD65D83FBEF9A61ABEDF3BBDBDAF
:10FB3000FB07E5BDA6E8C73CBB1647BECD8294BE19
:10FB4000224709BE2655163E5EEA833E7EA5693EE3
:10FB500053C3773C07186A3DF5DF293C2B05A43CCD
:10FB6000FDE2A03D0C3598BD0725903EF402183EFD
:10FB7000F0B26ABE2A933B3C322A473ED5695C3ECE
:10FB8000F79E873E9530E73CC3F9813DE2084BBEC6
:10FB9000F5EE34BEA0F282BEB02D11BE17F6183DB0
:10FBA000D529BD3D2D502BBCB5C507BEF69AA0BDCD
:10FBB00093E4A33EFDB59A3EA7F39C3D8D72053CB0
:10FBC000E6BF043D587ECF3D1C2032BD15A2153D39
:10FBD0003DE3D9BC532524BD11F7253E4767C4BD7D
:10FBE0008AEACBBEFB224CBE8B93303EAC77AF3E55
:10FBF00023D6BABC47636BBD44DA033EA012D2BC25
:10FC0000E41E153D46B38DBEE3E38E3C1A43483DEA
:10FC100036C9033E35A3BABD0EB98ABD4A6ED73D7B
:10FC20001FA1993EFBAEBC3D324E803D08CD0CBDC0
:10FC30009A475EBC34D4B3BC8E1D58BD78EAA03D53
:10FC4000FFDA1C3DDE7B4EBD20B8613B28FDDC3D6C
:10FC50005AD675BEB0DA33BDC204C0BD99FB9E3E14
:10FC60006F5258BD293C90BD3590E63DEB31E83CE4
:10FC7000C8F24BBEBB4E283D456DD83D9E15683D34
:10FC800032FA0BBEDD704ABE5C46B3BD562FB83D9E
:10FC900098789F3D90FDDD3DB55ADCBDD77F443D52
:10FCA000EB892EBD313F973DE8F2FABC15F5BFBC9C
:10FCB000251EA1BD6A6C95BD958B2ABD2680593B3A
:10FCC00080140FBE9EEF38BE69EFF33C9EA120BDAD
:10FCD000ED58953D1CC38ABD4DC72A3EC6D9023D8D
:10FCE0005DB4863DCF35853DEFD812BE04DD6DBED7
:10FCF000517A69BED5AA98BCAD2732BD12720E3EAC
:10FD0000D67BC43DAB0D483E28CFE23A7429B33DC3
:10FD1000173F243D49789CBA956F203EF1321E3D35
:10FD20004D3DDCBC954133BD235EA7BDA44B983C43
:10FD3000E3A905BC4BC42CBE43CD48BC78C2933D5F
:10FD4000524B953D3C98873BCBB5413E170E8D3CC1
:10FD5000A79C4E3E143AFD3CD611A2BDF6522CBDD6
:10FD6000624B31BE8485B43D272C493DD9ACB63DAC
:10FD7000B000303EA22D6A3ED3588C3E509C873E48
:10FD800093CAE43DDF2C123EF002163EE9D98ABC4C
:10FD900068FFFD3C24D008BE337577BE8D9D2B3E99
:10FDA000C9F3CF3CEA665CBE2C8355BD296B8C3C05
:10FDB0007023F3BCDA5A6D3D6FD8793D0867263E53
:10FDC000E603743E8F9E9E3D9E9F343D940BE0BDA6
:10FDD0006CEEAFBCA474803D0F97E6BC00AA933DC7
:10FDE00079EB0F3E9E8BDF3DE03BF43DFA713D3DEC
:10FDF000F08CB03DF696FE3D596726BD14C73EBC5B
:10FE00006CC6963B7EC20CBEB81E13BE9EFCC7BC21
:10FE1000FAEF9F3DE450CDBDA175FB3C39CFA5BDA8
:10FE200058DF363C0040053AAF4FB4BD9AB33EBEF2
:10FE3000E37A9CBEFE7C96BE19E91BBE6BC7FEBD75
:10FE400094267CBDDDEEC9BD37ACB9BD98389D3D6B
:10FE50008615183EDF921BBE1283BDBD5E75D33D75
:10FE6000D5F0FC3D66C2833E15C390BBFFD68CBC6B
:10FE7000758A0D3E15B00A3E575393BEEA47FDBC46
:10FE80007CD94A3ECB73E0BD63C7113EA33C91BD14
:10FE9000FC86973C16A41A3D5DFB11BE5DF8AA3D99
:10FEA00013BCE13D97B274BE6C845ABED99B5DBE53
:10FEB000366D1BBED70810BD7E2B95BEC27725BD03
:10FEC000C4EC883D2DDE64BD8E76723DDAFBF13DDB
:10FED000B623B93C489F803E8E0A373B0E3F533EC7
:10FEE00029BF5A3E7431163EC92715BED710443E6D
:10FEF000E77F4C3EBA523BBD7D4C953DAB3797BD3D
:10FF00007C6578BD20D4B33C1E46DDBC10EB403D83
:10FF1000F08CA0BD26582ABEF47A28BEF72823BE4E
:10FF2000E090713DAC6BBE3DF0BA04BED1DD92BB3A
:10FF300070F6133EBECBC53DC4F50FBD1540523E15
:10FF40007325AB3C30A346BD9233A53A6F18D63E1D
:10FF5000256C323E531C133EFEC0A83CF913ABBEC9
:10FF60007525A5BEE90734BD0ACE3A3DEEC930BDC0
:10FF7000CE93233DE86E9BBD2E50B1BCD6DE7A3DBC
:10FF8000248C113DDFFBB93DA0876F3C2AF0643D16
:10FF90006914D43D9579CEBC309FD23DC05A4DBD39
:10FFA000AB806EBDEEF0BD3E5AD1833E0D1E61BEEC
:10FFB000D458C73C3EC03B3EAE6E05BE336F423E9A
:10FFC000F57BFF3C057A25BD26C6C43D4F2B463E3A
:10FFD0000028BC39E0B1FA3BC0C2CDBA607E7ABD20
:10FFE000DD5C99BD94023ABD1438F1BC7274D9BC81
:10FFF00044FF9EBC8863E63C52B4173D7F71A83D28
:020000040803EF
:10000000C09CE83C74A0C23C85ED4EBD62E54E3D0F
:100010003A0EC03DE2D3D83D2D501A3DE888A2BB30
:1000200068B87ABC7AE01DBD1E727E3D4858303CEF
:10003000913B98BD261F15BDDA42623D00C93EBC0A
:10004000E45C223D1AE20A3D9043EC3C1931A53DA7
:100050007BBE893D5A3FDDBC1D2A3ABD8BB7933D1F
:10006000BAB2DE3CDF14623DBD865CBDEFA282BD4C
:10007000BCD3983C9ED3873D007A9A3C1B28943D84
:10008000F4C145BA7B98F5BBED6E343E88EA103E6C
:10009000B09AB0BD659814BEC7A7613E7164803E3A
:1000A000919BE23D6ED84A3DF285FE3D10EE2A3D21
:1000B000A6A6073DB6F86CBD80E1D23C788D19BD8F
:1000C00063590DBD6D68893D7EA1B33DF2EB5FBE06
:1000D0006618CB3C61C0923D945044BDD165D2BD01
:1000E000021F45BE041A6CBEBC73A2BEBD932CBDDC
:1000F0008FCAB03D004DEC3E995F443EB2EAAB3E44
:1001000022A96F3E92E9663E0245023DCC52873EEF
:10011000427CAB3DBF8913BE8D0EB5BD379657BE31
:100120008735643C3AB4973D00B4153C644666BDDF
:100130001F549CBD9E7E523D5E209B3DBAC67BBE39
:10014000911004BE81F192BE4DB8733C176106BD9B
:10015000E4136EBEC9B580BEE57E6EBEDDB420BEC2
:1001600060A80E3D2CFE8C3E6BE3723E4D8B433EF1
:10017000816FFC3D3A1345BCBC6FB63D2E80073EF7
:100180006EB918BE8F3393BD509F06BE869161BE77
:1001900098566BBE29BCCDBDFCE50D3D0623E7BCE2
:1001A0008AC4583D0956133D3EC292BEFB6F26BE1F
:1001B000C6F2153E7D420EBC026410BEE7DF8BBE68
:1001C0002F1826BEF5FF2ABE3B6D1FBDE9CB18BB1D
:1001D000EE14C73D50535F3ED757853E78A7853E06
:1001E000C473E43DACB75BBECCAC1CBEACD0CBBDE5
:1001F000C823EBBDBFB7D53CF5930D3ED834CBBC7F
:10020000647B02BE5D63943DA2D7DCBD86F2ECBD8B
:100210000653113D5BED98BDB7BDFCBDC36C8EBEF2
:100220002B4C2BBE8B9D533E8A95EDBCCC8378BE68
:10023000F7FD41BE6CC833BD5C4BD43D1209973D00
:100240003F87753D3E4CDF3DC9564C3EB70B403EA7
:1002500095B1EF3B739592BDD0A0593DC95A143C5E
:10026000E208BDBC31DF8ABEDF495ABE48531D3E9D
:10027000347EE83DAF6C30BE3256C5BEB7CE5FBEF1
:100280001D79AB3D4B6676BDDD0ACEBD6C1BB8BE9D
:10029000582E31BEA6A094BCF28188BE89B010BE93
:1002A000B9EF14BECA937CBD62C1563D1CF9973D9F
:1002B00012EDA23D11401F3EBC84A63D2328A23D65
:1002C0003E9C93BD94E429BEA29437BDA8C50DBE43
:1002D000C4D4F53DC0A45DBE989F82BE72F1213C9E
:1002E00082E2153E9A1BA4BCE3A43FBD97D148BE51
:1002F000B7C58A3DA73C6DBE3FFA2FBE8AD4A3BEC8
:100300006F2509BE795A4ABCF92B38BED57313BE86
:100310007B6DBBBD686E57BDB600EA3DDE0CB33CDD
:100320004E06133E1D4C46BDE011423D95EE463C47
:10033000CFACFCBD37A1AABBE15B0CBE987AE1BC97
:100340003B38C63D7AF37EBD02D985BDB0B0B4BDA1
:100350003A32803CAF429DBDE1B7753DDDAB20BE7A
:100360008E0B123D60F6153E7033F7BBF3286ABE64
:10037000CB32ACBD1EBAADBDB2A413BEF6AB8EBDC2
:10038000F444EF3ABD4B853D0341D73D215F213E0B
:100390002BA60B3DE188D33DBEBCCD3D32A6EA3C49
:1003A0003CD73BBE5FCAB3BD2DC20A3DDA7CE9BD76
:1003B0006FA0623D079A573E286C20BD9FFBE2BDAF
:1003C0009EA9753E40E9503E40DB61BDFADFB2BDFB
:1003D000D7C6763A7E6C5C3E2D5CCABDF99D90BD59
:1003E0002EE9E53ED4EF5FBE8D7C3DBED9F642BD21
:1003F0007F52FBBDE12966BB4501F03D196B2A3EEA
:1004000076E4423E22B4D23D27B6843DCAAD343DA7
:10041000E3D097BEB16B43BE9CBE1CBD17B837BEC0
:1004200020CCD93BCB9A043E2C5CCFBD174BAEBD44
:100430006A55A13D5355913E2586C9BDFDB3923DF8
:100440009754AB3CD613093E4B8E8C3DA72F4EBE26
:1004500056153F3EC049BBBD285378BE62C120BE81
:10046000FF373BBC534402BDCF8D7D3D8ED6003E51
:10047000EE18B23DBA0A923D682842BC5E62F7BCF3
:10048000EFD48ABEFFF3D8BC77104CBEF1BC3BBEA4
:10049000718914BECE76F3BC55E61FBCAA2E2ABDC8
:1004A000BBA790BDEF5D533E26F3C7BEAE87BBBD75
:1004B00028BB073E973DD33D27A0983E8B8B5BBE64
:1004C000A0166ABE6FE7883D290B59BD20AC9CBDC4
:1004D0001C74FEBD9195CFBDB686E33DF366683DC5
:1004E0002BC8C93CC84B9CBDBC640DBEB68005BEC4
:1004F00002826B3D1BD9993C9FCE23BD8A2301BE4E
:100500008356A2BD63E3AB3D5F0397BA8B4101BE47
:10051000D2CAEBBE7B2544BE4211CEBEC814DA3B24
:1005200001E01F3E1398A83DCEDF723EEA82B1BEC5
:10053000115A19BE7798D3BD831C813C93F283BCBA
:100540008F02573E2C43D93D9215093D8D1DF63D36
:100550008C5682BAC2E40CBE1DDF08BEDAAF1E3D67
:10056000D5C61A3D3FA9093B3690903DC1D785BD00
:100570002F72A5BD9C6966BDC4D1E83D866A573A15
:100580004F159DBEF46984BE8FFF02BEBE995E3DCD
:100590003F024C3D6129BCB9396F323E86F2F3BE51
:1005A000F450F6BCFE8D5FBD5EDB18BEE6FE4D3E30
:1005B000DF01E43C696EF53D8DD0203ED113BEBD18
:1005C00067F03FBEE5A287BED55622BEEC43063D8E
:1005D000E5AA9A3CFCD4AC3DF7893DBE61B984BE26
:1005E0000E34C2BD96EF0D3D24CCB73D1B7CC43DFF
:1005F000B07920BE6B7F16BE8F8BF8BDE25729BE47
:1006000081E83C3EA2A2023E2EF2253E10F1CCBE75
:1006100025F3223D943D94BD108D00BDD217BEBC84
:100620001F3B353D5941B23C64A10B3BECCC12BEA3
:10063000649675BEBBBC35BE419E0CBD0CD7813DDA
:1006400087A7173EAD4F923BF4A551BB1E0C03BECE
:1006500040819EBD08EA87BD96BCDB3D1F2FA4BD2F
:10066000C1FBE73DB70E20BAC18450BE8B596ABBAF
:100670005A04BA3D81D4AC3D4179893E1B47083DBF
:10068000B842A33D4D85DFBD0482493DA7BEF63C7F
:1006900005BE463D5E09223D5115FD3DC895BCBCD9
:1006A0004D3D65BE32F22FBEE8DC1CBD1115323D5A
:1006B00065B91D3E3BABE63D946B833C09AF40BD45
:1006C0007593413C1CEC403E75E02D3E81E0A23C20
:1006D000AA0D0BBEC49FAE3D253980BE999A56BD6A
:1006E000710A173E741C8A3DACF247BEB4F302BED9
:1006F00092E9023D43A5F13D2CCD7F3DAA50B73D87
:1007000077A6823DE558523DF8B3A83CE95D8ABD25
:10071000359338BE2C1759BEC29C593D850D5D3EA0
:1007200049C65F3EA7F1353EFF091F3E0345E23D46
:1007300033A4923DB5CAB2BD6DE7FCBAB7EEDCBDDD
:1007400025D61FBEA1CE05BEE1A706BFAD3D96BE14
:100750002B41A63D4BBCF6BC81558E3DC9E413BE72
:10076000A829CFBD84A69E3D8B415E3E8338413E85
:10077000A380493EDA62DC3D54321ABCC5070BBE89
:10078000D5ABEEBE089BFABE5E1B573ED909B73EFD
:10079000B191E53D0235693DC9FF7C3E3C57903D36
:1007A0007502D6BD80ADBBBEAB8C35BE6A1009BD2F
:1007B00006572C3C87C39BBE8BBCFABE9057C3BE6A
:1007C000E8EFF93C36B050BD5919CFBC0A070ABE54
:1007D000890189BDCAF5303EF618803DE513B63C67
:1007E00084ADF13CC766273D514473BEDF5ECDBE8C
:1007F000F6A408BF540DA7BE0032A83E6E51A73E16
:1008000004390E3E0C6E703E67D55C3E638E243E0E
:100810008917143D4B563EBDCDD1A7BD2C92BE3D90
:10082000FB939F3D32187FBE80FAD1BE155FE63D37
:100830009127833D142736BD4CEC70BCCF7524BE88
:100840002AA28F3C2BEA093E8EAA563EAF0E1A3ED4
:10085000D645993DF4A8C6BCBD5282BE698088BE0B
:1008600094DFF4BE857080BEB413E03E21FA003FF1
:100870003D257F3E352C0B3E9E99163EDD29083ED8
:10088000E5CD27BC0AF067BDD33B95BD2164263D6D
:100890009B20403DDD0F69BE269F53BE0A910B3E53
:1008A0001225623D7C9B34BEF1752BBC366AA9BD16
:1008B00054D7BB3D37BC16BB8E3EF63D99961A3DCC
:1008C000AB128DBCF42BBBBCD4ECFBBD80EBD2BE19
:1008D000B67EE2BE4E74A9BDD534003F512CCC3E4D
:1008E000754BE23EABC9E23E2EEFB13E1492F63DAF
:1008F000CBA10DBBFE18A5BDA237993D8E9808BDB2
:10090000C84A563E13308D3ED24C9CBED68110BD97
:100910003E6F94BD56EC71BE2E16CEBE388F203C75
:100920001F27CD3DB6098F3EA6B2453EE820893D42
:100930007297783E31FF10BDE04F18BE443B68BE51
:100940003F531FBE403A053EB8FCD23E723CBA3E11
:100950003ABE8E3E3895653EE40EB43ECF44CE3D61
:1009600043EEEA3D35D4A4BD1F6651BE78E958BEBA
:100970005EE9933EA406553E9E3FB4BE79AF373D37
:100980001C7FD03C0626BFBC4677A5BEB64ED8BC61
:100990006791113E973B483DB70BC2BD8AC2D5BC9B
:1009A000651DA73D5F5DD9BC2A101BBE0DAC49BEBD
:1009B00020E95F3CF7699D3DB14D2F3E74909C3E10
:1009C00040B4723E5F462E3E6971C73DBBE39E3D1B
:1009D00014C4B13C6600ABBDAB6D94BEF53F74BEB4
:1009E000AE0C603E26B8FD3DAEBF643DD47EA03D5A
:1009F000B2B35CBD08D0823C893E13BEA028873EBE
:100A0000D475633D727666BD6112E43DDFFD04BEC0
:100A1000CD0D47BDB9A085BEE86CC4BE9F335ABE9C
:100A200090B496BDA646213DDA96273E109C143E12
:100A3000223EC63D5238433D6810ACBC0D96C23DC7
:100A4000937563BDBE08A03D093469BE12A366BE9E
:100A5000265D313EA55AEC3D9868513D60FFD53C7E
:100A60002EDD7E3D80624D3BE7C19F3D096CD63D4A
:100A7000DEF226BE098DBFBD0FB8D6BE0C0D9EBEE0
:100A8000E6D700BF193C69BEB90F063DB2962FBE2E
:100A900055C60BBC4E29A63C07A5B1BC21EFF03DC5
:100AA0002E2D843E323EAB3EFD844B3E3091C4BC85
:100AB000D77F9CBD02E23FBEC591ADBE8CCADCBDF6
:100AC0009BEE19BE89679CBB7F11953DAAEE60BD68
:100AD000128095BD4CBBAA3CE626D03D8B5A293EE0
:100AE0001D8794BDE6F44ABDE285493D1F9747BE88
:100AF0009E458CBD4B7BB43DC35780BD9F74A93CC4
:100B00005CF7893ECAD2D23D665F4F3E5389C13CF5
:100B10000FCA26BE36AC0DBEF26B233E1A22CBBDE9
:100B20000EE0563D6611773EAECAB23DECD9153D9A
:100B30003806F4BCD34EA83D5502AFBDE8B579BD2B
:100B4000BAA147BDF4D4A5BDA076053D0CCDC8BC67
:100B50003F87793DAA40813EAB1B353EF3FF913E76
:100B6000A729073F48490B3FC013913C70C69ABD67
:100B70005CC6863D6CC989BDBE0E863E0355B33E3C
:100B800053BB193ED43F25BEF01655BE061BC4BD4F
:100B9000D98F333E26FD243E0AFF783D09C9953E94
:100BA000CFAFC43C2EBF9A3CF61D78BD00B21E3CB0
:100BB0008044D3BA38ABA5BDACFFE93C40291EBC8C
:100BC0004854733DE7C79BBD6D35CE3DC989313E65
:100BD000104D1C3E7DA24D3ECE0CC73E4400B83E9B
:100BE000B553603EA4367A3DF99A3F3C02F8563D33
:100BF0006168B13EDAD5C53E61E5BF3EFD6DC93ED7
:100C0000091CD83E9F034E3E2EF4EC3BC58E233C80
:100C1000FD240EBDA073C33B1A7E203D6CF2F63C52
:100C2000006CE9B92C0397BCF2137DBDCE238BBDBC
:100C3000760F333D698A41BDBAC52C3D5B7E00BD50
:100C40005C88E93CA80550BC5511A7BD2E4A373D2C
:100C50000F45613DDF311ABDEC61143E64B1BF3D0B
:100C6000C251CEBCEB1940BD408D79BBD93812BD05
:100C700041906BBD56BD47BDC793A43DF53983BDBB
:100C8000B0B1F03B70AAE5BC4A75033D8694D8BC70
:100C900072AE4C3D40C981BC080C2FBCF03F92BBEA
:100CA0004D2C4C3DA968A8399731CE3D32693F3D66
:100CB000C08FF83D2FF9043D3E0614BDFE52F6BC30
:100CC0006E47E03D04B20F3E3F86FCBD90BB56BD73
:100CD000FBED503EBC39673E1A72E1BDB6B72BBE84
:100CE000D9971FBECA0335BDCC81E13D3DFF3E3ED5
:100CF000661E493DC2654B3D658EA73DBCD0A5BD76
:100D0000D6869EBD25C018BD7119C1BC01E7103E35
:100D100007F500BD3B6EE4BD3CFC633D89CBAA3DBD
:100D2000ED0E543E49F1403E8AC6593E84AE1F3E08
:100D300000F1A03E9768443E5777AE3EFD15A3BC38
:100D40007AA4C5BDAD53FBBDAABDE2BD521845BED8
:100D5000024E2FBC7DEC0A3EB0FAF4BD441154BCE7
:100D60006E799A3D75B0BDBB16F87ABD07E489BDB2
:100D7000500D363C43F19A3D5C2E0DBD45050B3EB2
:100D8000873F403D58AFA03D8D1C00BEDE69BF3D92
:100D90000CB1843E4894FC3D35309E3D6047843E16
:100DA0005DA6373EB53E843E1E9A683EA73B9A3EFE
:100DB000F021DB3E9895E63D2BB94C3D760DF6BD16
:100DC0007FD2B7BC280CB03BCA66873C1746D4BB61
:100DD0007649E63D4D7791BD7411ACBC20DC61BC19
:100DE00040BC6E3BB5DBAC3C8B05863EF154E73D29
:100DF0003224723DF24C273EE069513E6FFD2C3E9D
:100E000062E8503E46C5563E645BB53EBBA9AC3E6B
:100E1000A6DF2A3E383C383E48B8C73D745C2D3EBC
:100E200005DE183E840E223EFF13093E5454CC3D8D
:100E300043BCDCBD8CD6A6BEDE8049BE444DE6BEBA
:100E4000233D8CBE78B188BE3FA8693ED4730D3E69
:100E500076C9663D70F7703C9CB2693E95E9983E54
:100E6000D67E3C3E52A20DBE34B6D0BD88FC023EBA
:100E700084A379BD13A649BE5A3F113DEA8097BAB3
:100E80008974113DD487D2BDF68FEB3C51E219BC79
:100E9000CB30C83D05365A3DFBD4A7BC55567A3EEB
:100EA000A7A9223E537C063EE14A163E239B6ABC1C
:100EB0000A6950BE51DB243E162AA13E33AF013DE4
:100EC000ADAD58BDC5F51C3D974B00BE9306913E98
:100ED0001E1D7DBD9E2284BECD075A3C60B6F6BD68
:100EE0003879A8BD559A343CCFB2003EFD06DDBD31
:100EF00012B1183A6EFF7DBDA8307E3DEE4A2ABD84
:100F00007364C83DFF6BA63D5CD1973C74A25ABC8C
:100F100085F7843DE04B1A3ED7E3D23D27679FBC5F
:100F2000D7A362BE82C8603E2F705BBE458C5ABBA1
:100F3000A9F6C43C0E6FE63D917556BD2D40433D6C
:100F4000C376293EDA88763D157994BCA5AB043A80
:100F50007093113E350456BDE740ABBD695E52BD8E
:100F60006B2D0F3DE635E9BC77960C3E05DF923CD4
:100F7000736E8A3C0983803D4F33953DA3B4C63DD3
:100F8000652F523DA3D29E3D2D59423D5BE82EBEBA
:100F90001615483DD37B273E6A0A83BED65E553D73
:100FA000C5862ABDA676A2BEAD8F00BE20CC7C3DF4
:100FB0004D069E3EC4F56A3EE17504BD922354BDC4
:100FC000DC7D753D38180DBE345D8DBC5FD963BDC9
:100FD000E790FDBD24027CBCA060C23D4010533DA3
:100FE00065334B3D294A793C77F5B73D492EA83DFD
:100FF000ACE80A3E994D1E3DC08CE03D1D59333E84
:101000000FB5F0BDE64482BEC13BC33D4D76F73D12
:10101000B18FFBBB58CF69BE61B0473EAF70113D89
:101020006B701ABD435E943EC0142D3C4C490DBEFE
:10103000372816BEDBD329BE18689BBD844D64BE1D
:10104000C5F659BD967385BD917DD3BDD07318BDCE
:10105000F464423DEF892B3D22CD0F3CA336313E57
:101060009961613EED78F23D4624293E52B0B93E89
:101070007F86F1BEDACC26BDF00AF83D8C36A0BDE5
:10108000BF86C83C988E2EBEA61B9FBDC232883D2F
:10109000A9A875BEA3E35CBCAB86F3BD8309DFBC26
:1010A00001FA05BEAEA137BE3D72343D1C41AEBD56
:1010B00070C03EBDE8956CBE3093BFBD4EE146BEEC
:1010C000FED797BD924055BD2A8A8C3D4689E63AA7
:1010D000A1B3933D933A83BD99A3053D2A060D3EE6
:1010E00054A9F9BE3D0573BEDEDC7EBDF1D3C6BD9D
:1010F000DF986ABD0499E93B110673BED51FAEBDEA
:10110000D999C7BDE43BF63D3889DBBA617795BD17
:10111000719097BD48DF74BC36C0A33C0DE822BD7A
:10112000A36351BE5816F2BD8F5630BEB8971EBC91
:10113000EE7E9EBD645B883D7E5C903D5B15DA3D36
:10114000BB1AD03D30718A3CE855833CC17709BE5B
:10115000F8F79EBEF8BF823D97CD5EBE4F069DBE9E
:10116000D86075BC9313E7BD9358823C8720DCBDE3
:1011700000E8F13CC297AA3CD2C7723EFF3D0E3E4A
:10118000B51BD4BDAF15EE3DF005403C43E77DBE39
:101190006F963BBE9EF070BD689AFE3D7CB623BD47
:1011A00020A1A0BC0B27A93C480C92BCA3E7343E6D
:1011B000CF10FD3D55AC78BDC7FA6ABE8C4DADBEB3
:1011C000D4728FBC825C26BEDEE83ABE7E0038BE9A
:1011D000F8C470BC5D94EDBDFA5177BEE27CBBBD36
:1011E00026209C3C65FABA3DC8F5903EA3C629BDB1
:1011F000323626BDB4791D3D4F3DD3BDC5EE05BE8B
:101200004593C5BD8C27203EB76E263DACED3CBE58
:101210004F797ABD438D183D8D161F3E3FCB603E02
:101220001558F03C079BEB3C6D3F3D3E7068C53D5B
:101230004EF9BBBD058D8DBD3B231FBDB4E7553DAC
:101240000111BBBD20ACD83B17A6B0BEBF10B53D49
:101250007FCDD13D41DF26BE7F5B563D8EFE83BCF8
:101260007A395EBE4F9405BECFD770BEBE4D9CBDD1
:10127000FBB0053D2985193DB49689BC1F190D3C6D
:10128000E849AC398A46FEBB29017C3D62EF60BD6E
:101290006483DE3DFF4538BC53EE33BD58E30FBEDB
:1012A000FBF065BEC18560BD3CA9C43E4F8BF83DD7
:1012B0004FA616BE5DBC0C3E052A203E5803213EBB
:1012C000DB65D1BC927E1CBDD4A1D13BD4B709BE95
:1012D000435DFC3B66C78CBC36F0B7BD3787AA3C84
:1012E000C379293BFE32B53D5913A33C020766BDC5
:1012F000B6A0DC3CE9AE95BD82A81FBE2BB74A3C28
:101300002C0D1ABE263B69BECEFD90BD66ACEDBD70
:1013100069E7F23D3ECE55BECB912A3EB7D0053EA1
:101320005037D5BD43D9D23D16DAAA3ED9FB743E1B
:10133000C023CB3D166638BDCDF67FBC3009A63D37
:10134000032B36BE9831E6BBAF26163D7F1D013E0E
:10135000A911D03D97FC153E0EA4173EA5DA3EBE5E
:10136000E5EF82BDD60911BC4D8117BE447496BD10
:101370002C18A9BD98A653BC05C52BBCB563E13D8F
:101380007603563E5718B93DD037203E22A04FBBBA
:10139000726885BD1DBF903CF551573E40EC843EC0
:1013A000F9C5473ED64146BD1C0F13BE37E6203D6A
:1013B000BF7E693DE4AB19BE7C2F97BD303C3A3D02
:1013C000C763F93DF1BFE63DBE2B42BD006A1CBEBE
:1013D000B12A25BE744987BDDAA661BE691023BE55
:1013E00080F628BE7A7BB4BD3527DFBD93065CBD91
:1013F000B34758BD3AD18F3EB85BCD3C6675E23DF0
:101400004807E1BD182F93BCD7D0B93DE6D8243E9C
:10141000A2D0823D2ED051BC2F54623CA5CB94BDAE
:101420006FBAAFBD125070BD6593D83D2407E33D40
:101430002776FC3D4A14513D026C28BE04122EBB97
:10144000CF635A3D06078FBC514A03BD36FA9FBD94
:10145000A9A66EBEE9F1DDBDB277F5BD6527A4BDD5
:10146000FDADCFBD4F927D3EB4FC85BD7D41D93BE6
:10147000C008A5BDA37C6BBDD9AD9EBDCABE3BBC9B
:101480005621573D2DAAF53DDACFCABD1949F83C82
:101490006D87F83C61026CBDFA20F13DDEB608BDF7
:1014A0004C44753D1541313E7410E63DAF130ABC06
:1014B0003BBFE23D9C69CB3D57EC043E509E8BBD4B
:1014C00038793EBE5C7414BE27CA6CBD99BD42BE5D
:1014D000C5FBA7BEDC0E2D3E994A053E62BC7A3D97
:1014E000AAEE3C3DE65E04BE0078853E5B207D3E74
:1014F000A390C33DD059873B21201B3EA62A4D3ED9
:10150000D9C0C23DC8BEBF3D65DA6B3DCCEDC63D1E
:1015100053FBA03CC53AC63D0B742E3E73A4393E26
:1015200065B3803E12D2863EEBF0CA3D40BE6ABD36
:10153000B20C923CFE78AB3D215B5E3DCFE4923C29
:101540006EEF5DBD0135863D71DE373D707CC7BDF8
:101550002F43463D08D2023E62A8B33E8F36913EED
:10156000EF4EC63D692111BE4D78BF3D5622033E68
:101570009325363D8A43273D067BB3BC8DF35E3D04
:1015800004AAEFBC2FFA583E3576833E7C61703E4C
:10159000C2774C3E52D02B3EFC66473E176CA13DB5
:1015A00057F04A3DAA30083C6B3F1F3EF485323E5F
:1015B000D240093D33B7453EFC9AF23E8A7587BB5F
:1015C0004E20033DA9ACABBBED6A8E3E30945A3E33
:1015D0005F47FFBDA77953BD3A30FA3D7F6E933D1B
:1015E000D8F3CEBC5D49163E3399753D109BCE3D78
:1015F0006C2C0C3E3E66AC3E17D7663EF6B5443EBC
:101600007C83B13D0188BD3C73CE053ECEB3733DB6
:101610005402BE3C43ABB83C042B033E06741A3E56
:101620008C53B13DC272593C7BD2823C4936693DF4
:101630008D9911BDC0B896BDA835B63D54B34D3E89
:10164000D5DD04BEFE5A89BBB77AC6BD8CF6CEBDC9
:10165000E733D93DFEB7DF3D5F3C853EA58ADD3DE2
:10166000EAAF4D3E107E833E3CB3583E1BC5EC3D79
:101670000971003ED37B783E109ED83D393DF8BBC2
:10168000696E2A3EE7EA563D667AB73EC5D2A93E64
:101690001E16123E61CC833D731CD33DE52141BD36
:1016A000CA12693D5AF4583D45E84DBEB907E33DBD
:1016B0002F83B63C704214BD1582AABD858837BD04
:1016C0009A741BBDD7CF963C51E1C73DC514B03CC1
:1016D0004241AD3D057E843DD452873E1C19A93C54
:1016E0007757423E4E4A203E5B0F2E3E24923B3EB1
:1016F00043019B3DFB17A23E5658BB3EFF0E273EC3
:1017000057C0833E5DC20C3E8FAD7ABC8C7659BD0E
:10171000DD959BBD763D6E3D64302B3D49CAB4BE20
:101720000260BEBE47A619BEF5DC8E3E0645FC3DF6
:10173000FD7D823D6FACA5BD293E443E7E030ABEC1
:10174000B3ACD63D435C813E9D6B2F3E138DBF3DB8
:10175000E3C3053E6349593E24B6D03CB24C3E3EFD
:10176000273E973D2482ABBD15C5F4BD973893BE87
:10177000B67530BEAA310C3E3956313D8465A63C63
:10178000AEF6103D808570BDBFBBA93D411F5E3DDB
:101790004F283BBD4ABC423EDD600E3E0ADB91BC99
:1017A0001A2400BE592378BE8492E73DCFF8843DC9
:1017B0007A71D43C57822CBD1CFBB2BDB247D0BE5F
:1017C0009BC59EBE81D553BD5C2390BD21B8FBBD9A
:1017D000D735D0BD52FE0DBE588165BE7A53893EC5
:1017E000556E1E3E1B7BA2BCAC81F03CA5A8973D6C
:1017F0002C8DC6BC62073F3D3BCD7DBD36E79CBD11
:1018000032E3823C665E01BD5476A23C8389283D6A
:10181000BAB5AD3D0C5861BAAF76663DE5DF203E06
:10182000463AE9BD4FE31C3DF15476BD7BF7A8BEB7
:1018300097A874BEE54498BDC799483E4148793D94
:10184000ACA0773DAB3513BDE063223D8025C0BD24
:101850006C0E073DEC95B23C8FD9923DB0162DBC75
:10186000CEFDB2BCEFF4893D4A2C583D04B613BD01
:10187000464702BDE250023D795C943D2243543D0F
:10188000CF419F3DA6A73F3DF162AA3D0A0323BD7C
:10189000A92B08BD323F153D6E5F38BDD984A93DE7
:1018A00000E348BC189836BCBFB3A63DCE6B7D3D67
:1018B000FC369FBD7CDB91BCA414103D6E0F4A3DED
:1018C00050DE7B3CDB33AC3D54FFE73C2837D73C54
:1018D000D8631B3D248607BDD8FB2D3CDCC2123DDE
:1018E00078D46EBDE804E0BCE10E00BD008A5FBDA7
:1018F0006CA3A53D69C5083EADD51B3D3F44023DE7
:1019000033A4083EE714933D461030BD7793563E0E
:101910006E09B83DB2117F3E1541AB3DC149F43D62
:10192000EE62B03E1A57F53D20EA973DCB613D3C53
:10193000D0E3ABBCC0BF123B50F2B0BC5018BC3CB3
:10194000C2E758BD5E5BF8BC8348903DED4C4F3E0E
:101950003FCBA73E7553803EC371AE3D3C230D3D4A
:1019600081F32EBED00F0FBEFE2C81BE8ED62DBEB3
:10197000624C87BE2DD761BE32419CBED02B17BEB4
:10198000F52F853DDB894C3EED841E3EF1C4DF3DE5
:1019900097FB213E9778913E1236963EFCDB853DC3
:1019A00074C3983CD7A9D8BD50CA193C6CFA963C70
:1019B000820171BDBCDFE03CA3604E3D5F5BAA3D90
:1019C0000E44FA3D301F24BDCDED03BD864840BC1A
:1019D000A4D790BEA145093CC64E933D1AFDF13DEA
:1019E00054F69EBDEC4CDA3C79D50BBEB34521BE16
:1019F000C0CFD9BE600A86BEE95E673E0CCC2E3EE3
:101A000084F2E8BCAB4C773E2E9C2A3ECD297D3E2D
:101A10007C8ED73DB738FCBCC40B063E0018E239BB
:101A2000FAA15E3DA32E173D9E2F4ABEA4219FBD65
:101A3000101BB2BD065D83BEEA0CB7BE4C0E58BE8D
:101A40005175B6BEECC739BE15E295BE954167BE6D
:101A50006012A1BD3749093E5704783DE9C8A7BDCA
:101A6000C2AAAEBD64E7B5BA1B43A5BD711F433D15
:101A7000E7D07E3CDE19833E012BB93EC622893E6B
:101A8000CCD2BA3CD1B0C3BB308468BD1AC6673E65
:101A9000107C963B5EFAC8BCCDA226BDBE2731BEE7
:101AA0000D82D8BD3B9DA6BEE2DC9ABE6DA5B2BE3E
:101AB00043A641BEAD2A4DBD36CE11BD7DDB4A3DAC
:101AC000121281BD3355F63DC5EEBB3D39FD02BE58
:101AD000D0B1D0BD857D90BDC307F63C6276713C28
:101AE00010A6B83CEED41B3EC400173EA1CF603E0A
:101AF000F76A2B3E1BB18DBD3ED08B3EA282A83D26
:101B0000D2C87F3D2E22AEBC8B59FB3D9608E7BD67
:101B1000469E0EBE0BBB27BEE9F8ECBEC9A1B1BE06
:101B20007C1B61BEBA6133BEDE4306BD7E97D53DE8
:101B3000B13F903DEF3EAD3DDE92DA3C25FB16BE57
:101B400040D71DBE1E7941BDD41408BD62701FBDB3
:101B5000BF5D59BE7AB228BD8C62843DD0D4023DAF
:101B60002B2C163E9E98903D67FE543D01FE203D75
:101B7000EEF71B3D9BBE49BE6867B83D1003FDBD37
:101B80000D43F1BE806E06BEFDA18DBEA57972BE6D
:101B9000978E54BE351220BD36DF773EF61D833E4C
:101BA000B853543E74160A3D7E02AABC578940BE03
:101BB0005DD3A53CEECD253EA8A87F3E899BEE3D9A
:101BC000A6B1D7BD1B8BF93DB7A6FC3C2234EB3D3B
:101BD000A7F945BC283CBB3DC1A9323E83A7C53E01
:101BE000D26C37BDEC2328BED3B12CBE01A76DBD8E
:101BF0007BF602BF259288BE637B5BBE2BB157BECE
:101C00007F9D2FBEFE85AD3D66E4333EFCC5A33E01
:101C1000C6D7763E9F24323ECF9898BD431290BDE2
:101C2000F3D0A63CF23C3F3D34551E3E2C9BDD3D9F
:101C3000D2D789BD017BB1BB730EB6BDCDF6663D73
:101C4000A880183EAB1FB63D98CBA2BD34C8AE3DB0
:101C5000E02D2F3B36621C3DB2C2AB3D011A0ABEDD
:101C60007143EFBE102CE9BE427754BE743E21BED4
:101C70003C9D44BEB87215BE8C2D123D0CF8453EFD
:101C80005A8B8E3EAC9B883E5428453D50D7F1BDC3
:101C90008972FEBDB5AEBC3C66D1513D18D1FFBDC9
:101CA00015CD93BE1AFBB5BDF3DFF5BB1EAE7C3D73
:101CB000A498593E96A6833E766217BD33AF94BE74
:101CC000E6C77C3D237C413D6418583E725A87BD6F
:101CD000CFF6143D58EF14BEE3BB03BE4F7B8F3DE0
:101CE000C745373DA1A9AA3DC8C168BD0DE5513E14
:101CF000AD92923E6A366B3EAD266B3E6D3C9DBC0E
:101D0000BC7E5ABD26D5ED3DA5BD633EABC287BCAA
:101D1000E464E63CEF83123ED18D1A3E4E21F03D45
:101D20005902A23E1907903C2848093E30063CBEA5
:101D3000F4E0E53C0550B3BD003C15BE59D615BDD9
:101D4000A0B980BD774F92BE0A30A6BD176A513D3B
:101D5000653386BDDA9DB8BD0A5FF2BDBF24223D62
:101D600022C1423ECBDB4E3E6433D23CBA6C0FBE46
:101D7000A224CBBDB46FBCBD660B74BDC9CD47BC3E
:101D8000E6EF463D65CA153EAA82CA3DDF290D3EF3
:101D9000F4C13A3E8BA21CBD9F86AC3E4DE81F3D70
:101DA000A0C807BC9C801C3C2C61CFBD6159F8BD0C
:101DB000291452BE9B8D9EBEAF04CABB02826A3DEF
:101DC000455913BE0B921FBD02CD933B4553223E96
:101DD0006A57593EB6566C3E3C033CBD5F1E80BE02
:101DE000992E88BE6CB1143B581987BDA7C5DD3C40
:101DF0001DFAE33CA80DA73D8476D43DA703AA3D78
:101E0000484ED13B1D81CE3D07D6573EF224B0BD92
:101E10008D0494BDDC458ABD74C0C3BAD0DD8B3D52
:101E2000275F33BEF8988DBEE312D4BCD1BAD93D3A
:101E300095E180BD314CEF3C990B673DBCE0433EE2
:101E4000B29C923E88480B3E9FDAFCBD0FA92FBE84
:101E5000E3BB30BE203265BD74D186BD4F3A8B3DA9
:101E6000F582F23DCAAEBB3D5AA4E9BC55A2BA3DCB
:101E70002F9B3F3EC498353E5E5D1FBC82C86ABD45
:101E800093015D3E1EEE403C794DE4BC3B33D8BD32
:101E9000C50C26BECBC914BD2BB5803A7B0C99BCB2
:101EA0000023923B2B64D53D2929923E7AA7393EE7
:101EB0004517673E8E251B39CB1DA7BE962B65BEE9
:101EC00094DDB5BD5CB322BDC20FC3BD78AD0CBE01
:101ED000C28FB4BB55E96E3D8F7D173E5AD08F3C03
:101EE000402B963E7414273EECF781BE7EAF9EBD1C
:101EF0002B14273E577ACCB93382403D6499CD3CB0
:101F0000509CA8BC4B1E00BE518E58BE18A61A3C51
:101F1000F69E0A3E50174A3EDDC6863EAC16A03EEF
:101F200075DE9C3E75DBE1BD3E6A9BBEFE6788BEEA
:101F3000943DBBBD48C331BD2EBB02BE92038ABED9
:101F4000884962BD26799F3BCB200EBE517400BCF0
:101F500018FD703EE651763EBC4AF6BED69D66BE82
:101F6000B2B61DBEC497B0BCF8F28BBEB2AB2F3E6A
:101F7000F30A433D38EADC3C8CAD91BC0094F5BDDE
:101F80006F54B73D07133A3E6017073E5300A53E16
:101F900075A1923EF2015FBEB1CC6EBE414659BE04
:101FA0002BE119BEE5F480BD6D87A3BD343437BE87
:101FB0002BD816BD5A5B40BD00CD2FBCB46C85BD7F
:101FC0005BAEC1BC6155893E1F9792BEBB7596BD85
:101FD000A0853CBB26243BBDA1BF82BE52B984BBB9
:101FE0005CEEC23CAECA613D7A64553C1280D2BC04
:101FF000AFB87B3D64EC753E1989DB3E6DCF9E3EEC
:1020000045F84E3D76EBB5BE7530B3BEC56781BEB3
:1020100038F864BEC62913BE7294E0BD00FEB5BD9B
:1020200039464A3DE35DB1BDD3F6A33D093F2F3BA1
:102030007D50053E7530D73D94F882BE3400863D14
:10204000E9F860BEDCB027BE7B70BBBE2EDA2ABDCD
:102050001C061B3D7062C93DBFCFFD3DA5083DBBC1
:102060009BC91D3D3E08053EBEDFC93DBA78C2BBD7
:1020700080C99FBE9D37D6BE303F9FBE65A653BE6A
:10208000DDD807BE32E618BE5C9BD5BDFE142FBD61
:102090002EDD39BEF8E5CDBC7539D1BD8F85953DB6
:1020A00002E1923CF0BBA33D8A7897BE4E048BBE02
:1020B000C7740D3D7129303E1A56823D0B20AA3D52
:1020C000C5721C3D4195A4BDD973403EB848BC3D86
:1020D000E52BD03DB9E38A3DD73C043E22A4C03D68
:1020E00038A170BE7D1188BE21599BBDCEFBE9BDD4
:1020F000BD1934BE9D4F46BED7BB15BE943BB23C06
:10210000563C70BD69A0E2BD837766BDC876AABDA6
:102110007665E43D12668E3D54AA4EBEC847EABDC0
:10212000981DF43C582B5E3E2A9A423EDD98493E6B
:10213000E9530A3D3A62CFBC21B684BC255DEB3D34
:10214000C9F6453EAC774A3E1D54593EC389AF3D62
:102150005AF168BD1E5C93BC24D284BE2C77E63B4A
:1021600094468BBD37EFFDBDFFEDB5BD9A70C33D05
:1021700047F9A33C9B7BA9BD4EF3FABD977786BE7A
:1021800002B78FBCB410A73D907F18BE0A3A45BD78
:1021900030648C3DBCF507BEAC34EA3D7699393CE1
:1021A000A88037BEEBCB04BE3206263CE14E6B3D29
:1021B000C5FA543EEE3B543EF1B0943D5324063EE6
:1021C0008B14D43B4C38C03D68BFD3BD2561523D14
:1021D000164220BE836A43BE96F992BC2E509EBD25
:1021E000551B443DC8F016BEF18468BD1BB60FBE3A
:1021F000571B023E9CE9ED3CC6FE833D9359813C52
:102200000C9B85BD7B13E6BC33E0143C79BE143EC9
:102210006A718CBE6CE6923B1F55DB3D7A193A3EE3
:102220005D8DFE3DDB0DAA3D6FA1EBBCCF42FD3DB8
:10223000CE97453D9D39263D813C17BDB11CB93D2A
:10224000D245043EC51430BC11EC2BBD70F6E73D01
:10225000CFD5D43CF9F1ECBDF4FA0B3C66C0263D79
:1022600090D7B3BDF22B13BE0F3C123E00D810BD69
:10227000EF2A98BDF728963DCB57C23DA1ABA23DB2
:102280008869FCBC2EBF5F3C69A4023EED0AA93DF3
:102290005DDB263E856A8B3E8B1CCA3D2609AD3D23
:1022A00070051D3EE2A7293D5D312F3E83C1713D82
:1022B0007CACF13DB71A333DBE7F11BBE79B873D38
:1022C00060CE06BEC0FDFBBD2911AD3CA161213E23
:1022D000F7C9C8BD4726D7BD67F3463EA79852BD8C
:1022E000F09836BC1FB4A6BDBC2798BD4811B03CC1
:1022F00055E5ABB9AAEA723E11E3B13D53D8F03DC2
:10230000ED2C97BC43F8543E1251EE3D6AD089BC87
:102310004B649A3E34C3603E45F4113EC939943E45
:1023200085F2343EDE8DD73C222EC43C0EDFDABD72
:10233000AB4035BE02BFEDBD56F554BD0D30363D48
:102340002964523EEF0664BD1F35173DBC0986BDAA
:102350003EFCBEBC12B73ABD4728C3BD3C4E573EFB
:10236000F3D6C3BD8367A0BE6F46B4BD6D9E12BBDE
:10237000E404EABD60BA103EC224BA3D82C56B3D9A
:10238000227BA03CC0DDE63D745E1BBE714BD23C9F
:10239000124564BE4F6805BF0F4AE8BED72C8EBDFC
:1023A000AC851DBE7D2AB23D048C703E747DA73E77
:1023B000110F8E3EAB761A3E075DC23DB09778BCDA
:1023C00011B128BD8668163D6660FCBC09CF223D70
:1023D000B10AADBD52B4DABE481B00BF66D898BE84
:1023E0006547873DF7117BBD19F2C4BDA750113D6C
:1023F0001C2F5B3C3835E3BDA17E45BEDCB0E23C22
:1024000001A7103D69718BBEAD4C50BEFAED483E40
:10241000734B07BED36152BED71FCA3DAC3095BEC9
:10242000A2F69DBE8384A63DBC668BBCC67D5BBD0B
:1024300077299A3DAAB704BD06E8D3BC6CC68C3C8C
:10244000F50F003DFF36A3BD24FD36BE281684BE21
:10245000C70C02BE03BBCDBCF655DEBDFE7F58BE29
:102460007D9C63BED4A08BBEA37D82BD7B58A2BEE3
:102470006E1DCCBEB58257BE9FD784BE528A87BE22
:102480008C0C7EBD062738BEA733BFBD1A0BD03CCF
:10249000BBF6A73D502ED83B00228FB9D059BE3C89
:1024A000A07FA9BB531C3BBDBC58DABC5037753C60
:1024B0004FF9873DC392A8BDB8F77BBCBC606CBD2B
:1024C0004395983D91445ABD60D9173CA09152BDA7
:1024D0008C1BAE3B58903CBD67C141BC1D7D8F3C01
:1024E000FB5924BD76DAF1BC40449EBD85AB893DE5
:1024F00067149A3D07509BBD005C433920C8153CCA
:102500004A3AB4BC3E59783D05B158BDBAE22D3DBA
:1025100008031A3C78D5CC3C017988BD8FA793BDC0
:1025200067F0C7BB6639B8BD7B64A8BD3653223D92
:102530002B41AEBD0AF6FABD1BE42DBD0ABF46BE57
:10254000B2CCADBE48C38EBD408B623EACB28ABD3C
:10255000D6D78DBE24F03BBED5C83FBE97B48FBE44
:102560007CF9F8BEC53721BE096552BE958465BEAB
:102570004EB94EBDBA87023DBD89943D2AFB1D3D33
:10258000E149833D008AE7BADAEC3DBD420202BD73
:10259000950910BEB053353DB87DEB3D267558BD4D
:1025A00051ADBC3DF7F0453DDBD9B7BDB9926EBD2D
:1025B0008EB0073EB153BC3E7932A13E0A65023F60
:1025C00017541B3F4C3E743EE911773E9CDB2C3D7B
:1025D0000E2059BE9131B2BE0393D63D0D6B80BD26
:1025E0007CAE8E3E2CEF233E951040BDC8CEB8BCCD
:1025F000DF4146BD8C5097BD9C42963D86D940BC7C
:102600002FB4063D2A69A4BC37872A3ED24439BE7E
:10261000028CC8BE56C22EBEE13440BE9AF53FBE03
:1026200057DB58BE029889BB50855D3DA36CC0BD89
:10263000780F6E3C76362C3EE0315CBD1A84503DFE
:10264000D66657BEE7ADF2BD80A1263D1302953E8A
:10265000AA215E3E710918BE345687BE12337A3DF8
:1026600077D73FBDA1DA94BD0328723DAA3188BE59
:102670002850B3BE9B164EBE3C096E3D767DC5BD4F
:10268000091180BD75C05F3C2A27A03CBEE15CBE3D
:102690000FA801BE0464D6BD7C38963C57169ABD7F
:1026A00022FFD83DE6A27B3EAB5FC7BCC2E6F4BDCD
:1026B000E2A285BDB054E13D4D55CCBBD7B4CD3E73
:1026C000301B893E249F863D788BC23B6D36EEBD24
:1026D000DFE4A8BD801A46BA7D6CDD3D1A2967BDCE
:1026E000000506BE0B74BA3DC983C93DB9EAA4BD55
:1026F0007767723E6C204DBD72A12ABEBD0D3ABEF9
:102700008FBDB93DA6FBA9BC982D9D3D62557A3E73
:10271000EA953F3EB0AE013E7A96AEBDAB3E36BDC9
:10272000187BFBBD6EF7083B1858DF3C47F9013EAC
:10273000D5CCC23E9B76A13EB76626BE47E5B3BD6B
:102740001BCA9CBDDDDF093DA9AA53BD3654FEBDA1
:10275000186E79BEF09CC6BC0AA9983AA9A042BDE1
:102760001DC088BD4361C5BD9419F8BD0798D7BD8C
:102770005DBC043D5ACBE1BB7FF57B3E4A9CC83D26
:102780009CF783BDA0FC99BD530C4ABECCC5B3BD1C
:10279000748F073D92C99FBD498F4F3E90FB573EB6
:1027A000B65E293EEADD903EE7A0A93E218E5A3E64
:1027B000873C97BD0B3E063E615128BDE2E96CBEE9
:1027C000711DE43CA01627BEE4975CBE9BC00CBE06
:1027D000509821BE164A1D3DAA6B2ABECDF00BBEF5
:1027E000C22C0EBEFB38D63D7ECAF23DD0DEB7BC51
:1027F00020BCD3BD8B65D3BD4179FCBD1CEF60BE51
:102800005200FFBD8B71AC3D5F9B293E996F373EF7
:10281000E4A7F5BDFDB82C3DD205043FC1DC18BED0
:102820009C8F153DA3FF833EEB6195BCB8E13FBD96
:1028300046CA243DB508743C8B30203EB520303E5E
:102840002EFA223BCD1BE5BC54FF01BE1649F9BD53
:1028500090CAF03D2C91423E3D983E3E8606B33DE7
:10286000F2E890BE2D6F19BE01A569BDFDADA0BDFA
:1028700069CC703DD6FE933D7B3927BDE277513E52
:10288000705F753DA7D6783D3AFFCE3E9EFE2FBEC7
:10289000B556DC3C7A9A193EA34FD7BDC679A8BA83
:1028A0000615D6BDB0B1E9BD5ECDB93DF9A5643E12
:1028B000D3B22C3BD829A1BD6591DCBDF2DC3EBE74
:1028C000552724BD1DA8813E67F7513EA6B46F3D34
:1028D00010A219BE1B4E85BD8351A5BD2DD893BC3A
:1028E00084E1143D1D2E8ABAAC79B93D65A8703DCE
:1028F000507E353EA1DA713EE74EEC3EA121903E7E
:10290000F4BBC13C94D3113E3B4182BD16017DBE58
:10291000A5302EBE627623BDAAA1963D5C990D3EE0
:10292000D584823D3C3AA13D375A98BC226220BEF4
:102930004B0D93BB8887693E9AB9973E920DC33D74
:10294000206418BD5EA6CEBD1A6F92BD991A993D3E
:1029500056B423BDDBB9903D87F4C63B2293DE3DE0
:10296000F1A4DB3DBC20DFBD3F993B3D0871893EB2
:1029700005FF3D3D730D863D02B214BE3B9BFEBE7E
:1029800023459BBEFC2EB1BDD552B03D18E5CD3ED2
:102990001C8E283EC151843E4D4C5FBD428692BD87
:1029A000659D7A3DBAE2133E1D756F3EADFE503E09
:1029B0008059E53C269775BEA0A5C0BDAEDDFFBC25
:1029C000FE4016BD9BD8B23DC241063E9EED3C3E48
:1029D000C6A4643E5536ABBB4EE028BEBA03203ECB
:1029E00034E6AFBBD31EE53B347DA5BC5641A73DC5
:1029F000766D05BFC7CAA3BED08EFA3C1CBD503E43
:102A000015873E3E633E2E3ED58B2DBDBFC41EBEF8
:102A1000840432BDE7FA603E25AE383EEC05AA3D9F
:102A20006917BDBDD3075ABE429FBDBD85188EBD77
:102A300054B44BBACEEB893C639C8E3D0A1DD83D05
:102A400008EDA03ED8B8953E956DB33D7547553E0F
:102A50002938413C7567243D21F50A3E161B673E27
:102A60008045D0BE0DEF5BBEEC9437BDEFD0973CF8
:102A7000D287B33D068C553E23B1A23DD7620ABE34
:102A8000259F1BBD8E183E3D0C963D3ED35D463EB8
:102A90002F991B3DEF9D91BD6E3777BDE9B50E3C7B
:102AA000CAAF5E3E274B763DE614A6BDB50016BE06
:102AB00047AA433DE1F2E3BBA32F543E1FA6AB3D23
:102AC00094F124BD19E2673CE4C4413C58F1F33D64
:102AD0005A4C95BE5783BCBEBBB240BED8B7BFBD33
:102AE0003AD2AD3DED09A4BD5AF02DBEECE0E4BDF7
:102AF000D793283E3FBB433EDF8E443EF321BB3D90
:102B000032C3FF3C2C507BBDA1CFDDBD7661303E92
:102B1000522D183C1EADDD3C2C24093E8E0D3EBED0
:102B2000BDBA38BE18CD7ABEF7ECD7BDEB949ABCCF
:102B30001B1C87BDE92F56BD75AD60BD85BFBABDF5
:102B4000926898BEBBE3A1BE747A27BEE3CD85BE72
:102B50009B0188BE0F5E0FBEE59628BE3E709DBDF0
:102B60002BA47E3E96BAD43EF7FB8F3E1623843DBF
:102B700003EFE7BD7E928CBE3A2CF1BDC9FF20BEAB
:102B80003600803D27FC333BBA8A03BE0C10B6BC2E
:102B90003A3415BE335727BE6AE417BD48479A3EFC
:102BA000F9B4EBBA898DB4BC1586083D3435ED3CDB
:102BB000E66BB8BEB043B1BED7BC5BBE19B3EFBEC7
:102BC00055EE6EBE8E3443BDC0C5D63C3C5B1A3E4E
:102BD000427FA53ECB395B3E33BB8E3DDA26533D6B
:102BE000825824BEC67DC5BD3BEAC2BDD77DE7BDC8
:102BF0004A9B43BDA95940BE1D827FBE7555BF3D4E
:102C0000AF9004BDEAE0243E06CDBD3E07B43F3E92
:102C1000BC34A1BC79DE88BC0E6CBF3D6DD0013DDB
:102C20006D6AEDBE8CCCDFBE832899BEE1DDA8BE07
:102C30002098A0BE26914ABD8A5BD13D4AF8873EC6
:102C400053F5B83E5B3F233E4D81A33D631769BDFD
:102C5000693008BE68577DBE8D32613DF7BA3F3D91
:102C6000CF72B2BA62F9643D03D3B03C8E564ABD0E
:102C7000C1971B3EDDB00C3EF4CCA43E5BC114BC3E
:102C8000C1A288BE2BCA823D1D0791BD864881BE68
:102C9000A4FC28BE836C77BD643407BE5A82E9BDAC
:102CA0008B7A01BED9CF2B3EC05F773E05838C3E29
:102CB00066E58F3E44DD063D60C93BBE25B336BEAA
:102CC000F958EEBD9F85ABBD28D00B3EFDC154BA6F
:102CD000156C24BCF168DFBD2F75C6BDBBE915BE00
:102CE000B868753E7D5DB83E8BF2DC3EAD888E3EA9
:102CF0004523973C12AF2DBE7B9670BEEB5584BE2C
:102D0000C7D64EBEE085A4BEF28332BDFB2BA23DEA
:102D10003ED2503DE0A0973E0C32D23E32C4E63E59
:102D2000AC6C5D3ED261203D6CA728BED759C4BDB6
:102D3000FE476FBDEA9E403D40761CBE4DF6A8BEE4
:102D4000955523BE3656BFBD3F7EF4BD234D99BD7C
:102D50001C00B83DFAAC933E3F833A3E1BF60E3E54
:102D60006BBE7FBD4D098DBEA466C7BE87F907BE89
:102D70001E0341BE3FF91EBED5D40BBD9CAD593DCF
:102D800047D1023EF95F393E18CD913EAAD9B03EF7
:102D90001E96083EB65135BE3AA4DEBD93ADA73DA2
:102DA000829BB3BDB0FE1B3DC59A33BED50F44BE5A
:102DB00024AC80BEDC919ABD80CAF3BDCA6F2D3DA4
:102DC00078C7C1BD9337EABDBB03213EBBBD623DA1
:102DD000282B893D1BBF1E3DB13FEDBEAD15C6BDC5
:102DE000AA1F843D3529353D81CA253DF9B55FBC13
:102DF000CCDC7DBC1F51403E06AE23BDB2FBC93DBD
:102E00000957033EE4555DBD88F7A9BA6175483C92
:102E100048A5413D2C1B20BC8DB42DBECAEF2DBE54
:102E2000AAD502BE9D17D4BD803D533D4173CF3E10
:102E3000A186FB3DB33AD43DF6B9583ECCA42DBC97
:102E40001839BC3DC5D417BC386E89BE939468BD93
:102E5000C200A13C185DF33DBE8FF63D903FDB3CC8
:102E60008BBFEE3C082A2A3D0EE65CBDB41DCF3D6B
:102E7000FD4E7F3DFB5228BE1FE0E5BC3FA260BD7A
:102E8000E89D693D4917B53C379E66BCDFEE283D9D
:102E9000B49594BD305D32BDA372713D1FA2A43EB6
:102EA000380D1F3EE09A363EF26DC2BDE2D3EFBC54
:102EB000000CD53BC209E8BC6C47863B28A8B2BED3
:102EC000B4CA1A3EFD09A23D0A723C3EE801F73B36
:102ED000C0AA90BD842E613E3F12993DE8DDEE3CD4
:102EE00022AB443EA8C0CD3DC7B2C33CD2C0CD3C0E
:102EF000B06F123D97ABECBD6C885BBD106EBA3DF8
:102F00005B3041BDFE4CA3BE6F5274BE15138B3DAA
:102F10002B7656BD825E93BBDF8614BDA59E823D97
:102F2000BF379B3D207B11BCD32390BC12DDB8BEC4
:102F3000EA31C2BE42089CBD00FA063E885E34BD3E
:102F40001A3108BE31D1123E1F569F3DE0629E3EAF
:102F5000D407163ECE374C3D013DD13CA99809BE61
:102F6000F69884BEB1FCAFBE5DDC9DBD188D823E7F
:102F70004C7E0CBDD17FE9BD983CE4BD3FF92FBE2E
:102F80002ACA5F3CDCC2333E86FBF93DA0E9D53C52
:102F9000EB2D913DDCA286BD8DAA8B3DDEE4013F89
:102FA000015C0B3EC1F332BACC50B93D6319D0BDC0
:102FB00099C443BEAB1418BE4875C03D0361163EAC
:102FC000372B6F3CFA6C8BBE153D78BDB22FE3BD3D
:102FD00052700CBF30C2DCBEE408AFBE0F25A5BEE8
:102FE000EEF9233DD74D76BD458F053E30C96C3E89
:102FF000A869483E16BCB5BC1C95BBBB80E1183C1B
:1030000084C27BBD6AC92BBD887E62BDCD8E783AF5
:10301000530715BE5B59D63A10696D3D851731BD12
:10302000A349353DCA470F3D523A553CA6C79BBE02
:103030009D44F7BED8ECE5BE30ECE9BEB5B441BE68
:1030400084558BBE81DCBEBEF10F69BE1322C0BEAB
:10305000C5575EBE68CB14BEFD6715BE614A9DBDF7
:103060001D88F03D57822C3D6F0417BD2ACDC3BC8F
:1030700053AA93BDDF621ABD90228FBB7D65863D4A
:10308000459E2C3E0649203E430E2DBDD21DF3BD6C
:1030900008ABE0BDD13FDCBD06A6813DDEFAD23AE9
:1030A0002F97D0BD94CF03BE0FDD2EBEDAD411BD55
:1030B00083BD933D3E645EBEBD0B74BE64AA0F3BF0
:1030C00060069ABDDA6E283DAAA398BD6C6043BC29
:1030D0000D8FAA3D214A923DCE2255BDB0710A3CCA
:1030E000FEE861BD48F161BDC062EB3BA8BE9BBC80
:1030F0005B9B873D4279433D08096ABD00B84FBBE1
:10310000152020BD808271BDEE3A2F3D8CE7C53C75
:103110004E232FBDC5D04DBD02DE6D3DCAFEB43C71
:103120004297383D74950BBD80742ABCF0288FBB44
:10313000701A813BFCCDEDBC1460FEBC1D129E3D9F
:10314000F70B2EBDD227FBBCB92D73BD8A6031BDF4
:10315000E7BDA23DBE7D703D900DA13BE7E68ABD77
:103160002D524BBCDD5066BDB8B391BDEC01C6BD60
:10317000577E0DBE814B00BEE181B4BCE1F5EEBCD3
:10318000967E49BEB8556EBE5DAB80BED5A873BEF7
:1031900022D7953C440194BD335606BE7DFCCBBE80
:1031A000B4A4CABE18A0F8BD1F9C9DBDF9C623BE1D
:1031B000204E9D3BAA2E183DA21629BD603EDD3B48
:1031C000C42E41BD66AB403DC5468EBD0D7626BDC5
:1031D0001D4C46BEAEA205BE2629BBBB03F24EBEA9
:1031E000520D273D9838353E8236293E64358DBDD7
:1031F00009A97B3DF0DF823CF0B7383EA7CD213EE8
:10320000ED67013E64C9143E77CC99BE985462BE06
:103210005E523DBE216DF9BD79A7E5BDF25A17BDDD
:103220009F4DFC3C77A9633D3A362B3DCA074C3D88
:10323000ACF47CBD7661333D13E292BD5FCC7BBDC7
:103240008050E3BD9FA31ABEB8DFBBBE0D35863CE0
:10325000A2D623BE0E0FE5BDB6E924BE33A3443D7E
:10326000BF9CA9BC855E35BEC1548E3D1DBC963D3C
:103270002A59E93D72EE8C3C0DA9A9BE71DD74BEE0
:103280003D85DA3DF7AAD6BC3AFD113D89B087BE2F
:1032900069B8E93DCA5F213E9E0B483E88FD9C3CD3
:1032A0001A1C563D073A8BBD37ECFC3D4F1799BEB3
:1032B000111A98BE8E7059BD8A5E873E03AD193EC5
:1032C0000CC2673DB31C213E8076823CEC3883BE45
:1032D0004160EABCD061A3BD9FA8B8BD446CECBD01
:1032E000F61458BE6890DE3C833581BD79A9C03D97
:1032F000407AA1BCD50F15BC8CF05CBED13286BE25
:10330000B1CAF1B9CBE277BEE0DDDABE5B5CF4BDF9
:103310007C53C93C4BC66ABD8FA41FBE97DA233EBF
:10332000411C5D3E1CF13E3EF642923EB9E79FBC19
:103330007F95B3BCE80BC53DED5528BC835D4DBE04
:10334000503766BEF93313BEF0C91EBECE31893D7B
:10335000ADD498BD0FF3F0BD533D9D3DC09E87BDDC
:103360006249C5BB5136023CE54D143DBBC1F43C3E
:1033700015F05EBDD1DBAABDCEE78CBDE28705BEF0
:10338000761C9EBDBF0ABEBD4D2661BEA32F903EDA
:10339000F396593EE44ECE3DEC240A3E0D2D6DBD14
:1033A000209E6F3BAFABD2BC4222D8BB9043B7BC90
:1033B00061569FBD8C8E9BBDAA7E2CBDAB078C3DFC
:1033C00056D4A43DF59B55BD095AC83D207D23BE6A
:1033D000BB83C4BD85C1AF3C38C7183CC9337ABE76
:1033E00081F59B3DD78C60BE2EC3323E382B7CBE10
:1033F0000948953D99601FBE970821BEABBAAD3E06
:10340000DA0D843DEB88B43D424B273DACB370BE32
:103410007E8D42BEA3F0DF3C8F80DCBDDBD853BD88
:1034200086149FBD1B4D11BEC8F55FBD3F0EF9BD93
:103430001B97C5BC39A2F03DB642163C97F4C3BDFC
:103440004A42453D9C868C3DD15AD53BAF43123C08
:103450009601293E38738F3DE91F323ED0EBE6BC22
:103460005CB5B0BD457762BD6330B03D7B82AF3D9A
:1034700052392ABEFC8842BE41CC8CBD03D39CBECF
:10348000365313BE6B7E15BE260BAEBD07B1483C4E
:103490006424E2BDEB2D1EBE08BEE6BDB1B731BD52
:1034A000DCD11CBECA1F79BDAB00ABBD8CD5A43C22
:1034B0000D76C73CA85EC0BCEDBA02BEAA2902BC0C
:1034C00072DE743ECB19423E0CB924BD511D76BD4F
:1034D000172F5DBD21319BBD383C36BE5165CDBC3B
:1034E00078CF93BEF60321BEA0661EBEAE7969BD3D
:1034F000266DF7BD2E50F1BDB4CD9F3DC994CC3C97
:103500008DD9CA3DC631D53D1061123CC494C0BCB2
:10351000089030BE7695EDBDB8631A3D6D2D6D3BBC
:1035200052DF773A75192ABED7488BBCACBA2CBE8D
:103530002D1C3A3CB2189EBE06423C3E3279C63E35
:1035400001DD5DBDAFB3A2BD3F648CBEC69E8D3DA7
:10355000EBCB8ABE8C057FBD4749B2BD6A1B16BE48
:1035600007F504BE480656BE034122BD3A8D54BC41
:10357000C87FFD3DDAF2843D3B3977BC44BEF3BCE5
:103580006A132C3D58A3A9BDE3F054BE99AD17BDF5
:10359000380089BDD8F5BBBDA391ECBD7F5913BEE2
:1035A0007742DC3DA4A0293EA982A43E3E60BF3DF7
:1035B00074C29BBDC0EA00BE4B2939BE99DB583DA1
:1035C000BF1B9DBE49B73EBE6610403D649DA9BD70
:1035D000B7A726BC55C21A3D20BF983C0FE25C3C01
:1035E000B3D36A3EA2A8D33D23EFBD3CBE7E003ECE
:1035F0004DFAF53D77A62D3DAB040FBB0CBAED3D62
:103600002A1E74BD043036BE31FE4EBED4EA9BBEC7
:10361000247894BEF949D63DC4A1EFBECF89B0BE8F
:1036200013F091BD3080A13BF4A181BCC19D53BE7C
:10363000900558BE5FF999BE1886AB3CA9C246BD3D
:10364000FB5C3CBDDF4A693C1067DF3D5C70FD3DC3
:10365000E54F873EABF0793E2E99873E776E153E5B
:10366000ED8F1E3E4B352B3DF0F1953D37054F3E1E
:103670005F8C3CBDC3583BBEF30F15BE15B4C4BE32
:103680005183D5BE0F59413E694F413D1EB89DBD86
:1036900054958FBA8C1F33BDD547D7BD557689BD9C
:1036A000AC9745BEB7E91DBE24B436BDC319DF3D96
:1036B000966DC13D6112713D17BD843E21D0253EFE
:1036C000AE7F693E9D9C633ED32D083D856E6C3D6B
:1036D0003F696D3DC5D4553EA8AFDC3D402A8E3CC8
:1036E0009E0FB6BD94FD34BDC0BA2ABE974FD8BD5B
:1036F000F25B653C7EAA333E55E2593E78B4373ED4
:103700007EAF9CBD2AB0363D05FC8FBD1C6EBB3E16
:10371000669F863EF19E12BE39E8DC3D5FD5183EBD
:103720005D000E3E68E24E3EE6A9653D025C853DC9
:10373000F5A3883D91A8B13C76DA23BD5EEB893DC7
:103740001DFEA83E53807E3E25028D3EBA6E113E80
:10375000AD6B8FBD616A1DBE1B2B23BD87DB8E3D0C
:1037600074AA673E3CA3023E33B10B3F9AEB1F3E67
:10377000CE42B6BDCFB8933C912B083E808DD93E4A
:10378000D5D4E83E90DF2E3E4FFC0A3E229EEA3D15
:1037900082821E3DA5F4963DD05A9A3DE0B9BE3DC9
:1037A0007859513E6461203D495943BDAEC33D3E09
:1037B000A31F943E1FB8A43E0CA6B83D2A9B9A3E78
:1037C0003431AFBD60C60E3D367853BB7EF3583DF5
:1037D0009B8AA23ED03AB73D3534473EBD923F3E2C
:1037E00006632B3C01F3FC3CBCDD443DA383913ECE
:1037F0001554BB3E1E54B43EAA8EFB3DD4E1583E48
:10380000BF9D693D89BDC4BB59B3583D0E39393E92
:103810003D61863D1D895EBD485F833D2FF6803E3C
:103820008570A13E3858813EC1BF133E23C52C3E52
:1038300032BA0E3E83E99C3E30162E3E0784363D5A
:103840007CFF343DD45A963E9190D13E22225E3E7A
:10385000C012DC3B9268F23D30E1683E278BC13EEE
:103860003543823E34316D3E7278053EE858203E45
:1038700033D72A3ECEA4BF3D6D8E3D3ECEDA7E3E8E
:103880006A8F093EAC12183E7182513E3AC0A13E89
:1038900065FA893E6308E93D8C91583E9CB82E3EFE
:1038A0004B098D3D69E51E3EE4E92EBD5AE6CDBDCE
:1038B0009834DEBE70213A3E67942FBE1B14253E1D
:1038C000704C24BECF68DE3D2E4DD4BD75C2EF3E98
:1038D000C0FC703EC5D4CD3EAD03833E86AACC3D30
:1038E0005711163E4CE73D3E7654613EE8033A3EA2
:1038F00086D2BB3DB3002C3E5325933E0196713ECC
:10390000020E2C3E6530CA3D2992763DD9079C3E79
:1039100086CDA13B88C2AC3DBAF5B5BD2CE5153EC0
:10392000B9B7D4BCDF42963DE8ECF7BD7DB2A53E09
:10393000CBC5003CCBBF71BEF71E51BEC53B0A3F95
:10394000C4998A3E313A213EF2E85CBDDD92563C94
:10395000829A20BD1EB99ABDA1D79B3DCBEE393DC1
:10396000ADFCB6BD914F80BCAD131F3E45C79D3E1B
:10397000F74B573E05ADB13BC4A5F53C7CFC1ABDE9
:10398000496E15BEB246E73CAFC3853DE5561F3EC6
:103990006F4FAD3D29B7B03D36F6403EBC4E923E2E
:1039A00007BA66BD207444BEB729573E9610B63E8E
:1039B000D3D69F3D2D23C6BDD42D7BBCE45BBABDC1
:1039C000412A683DEA4153BC6557F1BD2A1C29BD17
:1039D0003BA21BBE649685BEEA0A99BD42C622BEC2
:1039E000059DA3BC4EC087BDBCEC27BD799ADCBD4C
:1039F000180729BE4C80AEBDD9377EBCF41BB1BCC4
:103A00003F6C323EEABD483D5B3D063ED746A03D99
:103A10008AEC633DE482383E4AA4523EE01EA43D57
:103A2000ADBB313D2BDDBABD469B04BE8C1A12BE28
:103A3000B4C442BE63BA45BEB8F207BE96278FBE75
:103A400023696DBEBD7C87BEE811E5BEBDECF2BE4C
:103A50002F7D8CBE29CDAFBE391219BD2F013CBBC5
:103A6000A6CECF3D9D2D363E2EB332BCF8C0C0BD94
:103A7000F63EA0BD3ECC98BCAD2A09BEB994A23D8D
:103A8000B42D263DECE40DBD3EE82F3E7A814EBDBF
:103A9000149309BEC53360BED10738BEA4EE02BE82
:103AA0002F356CBE020F80BE6060BFBEE216C2BE84
:103AB000752A5CBEDCB8A6BE9C0AC6BE1BF0A4BEBE
:103AC000D6B58CBE7B213DBEF7BF92BDA089A4BDFB
:103AD00001A60F3EC814453D60EF64BEC52352BB2E
:103AE000FDA6423D61ACD1BBB6232BBE7053803BDB
:103AF000148F0E3DD2B096BD48B234BE352591BA72
:103B000079B289BE575458BE92F47B3D3B5F903DDD
:103B10004881F3BD004150BE4ADA47BECDD205BE52
:103B2000E57C13BE4DD476BE95E298BDFADEACBD01
:103B3000839876BEF1D0CBBE04C993BE1586E2BD94
:103B400010AE01BD3B0981BED24C3FBEEF71FCBD42
:103B5000F655543D3C545FBE76169F3EF2E8363D26
:103B6000D8DBE23CD043C6BBFA3B28BE6FC7463E1B
:103B700020AD963D2DBDC1BB031B703D8834663D15
:103B80004582223BD538C5BDC1DD35BDAB8B22BEDC
:103B900039AB33BE2F3E1ABE7BEB1EBE387A84BED5
:103BA0004229C7BE94AF52BE69A5F3BD21C8C73D27
:103BB000379A10BDD009133EEF69E63DD6F37F3E3C
:103BC0008201493E0C4DD33D1E3CB63C28C3B63C59
:103BD000A6473E3D677C1ABDF443273EF113E1BC86
:103BE0006B9E7F3E33EF7D3E82340D3D63CBFF3DC8
:103BF000289BDA3D85B49DBD75C69EBDB950173D65
:103C000037E92FBD8290AC3DE170E93D1826D1BC6B
:103C1000B25CB5BD5DA071BE3B75FFBCD66239BE5E
:103C2000EC47923D5EA1CB3E8546DA3E8A40AE3EF1
:103C3000E160C5BDB1D0CA3BD6588F3C56791BBD9B
:103C4000B73086BD93BF813D507505BC32C4473E39
:103C50005CBA0C3E0840AC3C24D2AD3C45EB453E42
:103C6000F296F43D76D5BD3C0194873DD2B78CBC2D
:103C70002D03D03DD8541EBEF03B763E6E666B3EA3
:103C8000CC0E0F3E9ACF87BE05E789BEAA656DBEF2
:103C9000FAB1443E5D67EA3D81AF8EBDE3F2423E3C
:103CA00017C9313DC3434C3D1CCAFF3CFFEF57BD14
:103CB00030209DBD93BE8F3DD9748BBD50AE99BC55
:103CC000B070153BB7B9F9BDEC56FCBAF3B9193E63
:103CD0008102943CCDA1B9BD513284BD7A460B3CE2
:103CE000AA02F43CA36A21BC74B5573E6A91183EFF
:103CF0009EBC083EE43D5F3C198C4C3E1DF939BE2C
:103D0000B52C00BEECC283BEB27052BE1B961DBE67
:103D10000712A43D8832643C5A225DBDFD94AB3D40
:103D200086AC4E3DC1B581BD7274763D40389ABBBC
:103D3000EE92563DE9A71ABD26826B3D9C9B8D3CB9
:103D4000E61DA4BDCE01143D56E10C3D3F9AA3BD36
:103D5000FC99163E5F63E03C70755E3C48C09A3D3E
:103D60002230323DBC22C83CDD3C923DE4FFF83CB1
:103D70004E631FBD7FE006BD808217BD4EAB553D33
:103D80000CE3F83C8E882E3D2023BA3BC8AE93BC92
:103D90001891E8BCE4B10C3D50CBA93C602D57BB59
:103DA000A33D7A3C481CB03D33B1643D46ACE83C91
:103DB00016EE1D3DE2F3853D27BD84BC8DEA043E31
:103DC0000C99363E51FA203E0D2E723D3920C53CED
:103DD000AA1912BE4A45AC3D4AB1073E5713223ECE
:103DE0002489273DE295E63D5A312D3E7FB9763E46
:103DF00016E67DBDF831AF3C6C79943C1ABA75BDBE
:103E000058D1A0BDECC860BD2B8BD6BB588304BE77
:103E10000555883E9F43A33E8F46BC3C4CE7843EFD
:103E200075A09ABDC57810BEA073A63DC8F49D3E8E
:103E300024F5973E922D0F3FEE67C33E57AD5D3E92
:103E400053649BBC63D8E23DB4CCC53C70A13DBC7F
:103E50007946F5BCF795873D8760983EDF08DF3DE2
:103E6000EA1B443DE719E9BC084395BD936186BD53
:103E7000C404ABBCBE01F1BC8119A13C955D5FBD22
:103E800088D7D73D732B633EA2D8A33E1056C73EBA
:103E90000194893C4D08823D4A47423EF20FAD3EB7
:103EA000EAB1DC3E050DA83E2244223E2DD25BBD88
:103EB000B6608FBEC0F2F3BE4005CEBE59BBF9BDA1
:103EC000D35B5ABD4DC65C3D16E8203DC8F9A7BD81
:103ED000B34F0F3EAFB73C3E9B4C803E634D943D8D
:103EE0005C65F63C3ECF8EBD9BCF57BD29AD5C3E99
:103EF0008095553E46BCB9BDDF0553BDA5EED4BD8A
:103F000037C819BDED82603EC09C6D3E11E9633E2D
:103F10005C18BB3E9A153E3E36113D3ED7C48ABD65
:103F200032783EBE8CAD8FBEDE4A8ABEB3D2093D2A
:103F300030AF323E66D0C03D290CCC3D62F2F83E37
:103F4000712C033FD13E073D072390BE6F8C0D3E81
:103F50003EC24E3D280D10BD26FBD4BCE7BE23BE9D
:103F6000841383BE558D29BDBDB09BBD238E9F3C60
:103F7000779A3C3EA8698A3E81BC8F3E6361723D60
:103F8000735C4EBDE0C971BEE77A48BEE2B099BE2F
:103F900098F5DD3C6DA5853D4511E1BD6243683E68
:103FA000B855F13AF716BABD49C3863C302E553B99
:103FB000F9F0BD3E6A931F3D03F6AD3D9C8C413E3A
:103FC0004822AEBCBE9325BD627FE03D04118EBE8B
:103FD000DAE1B33DEA2CD43E1F0FBB3DD32A5F3E4E
:103FE00066BA473E6BB21A3E82978E3DED480CBDD5
:103FF000AC363CBA04BF42BE54B686BE5704C6BEF9
:10400000B80A7BBE64A50EBECFAEC9BD46B0C93DE1
:104010002A3990BD904842BDB2E228BDB9C6373DAD
:10402000B06A783E9901473EFAEE9B3E31E4DD3DB1
:10403000C005FEBC1887CDBDECC687BDF97E8EBE1F
:10404000255B9DBD3CEBD43E91C1B23C06862C3E27
:1040500052C2873EED298A3E4A86393E53EF053DDE
:104060006603D7BC18DBBBBEE53CAABE39B14CBE6B
:10407000B8319EBC4EBDC63D99B5CE3C700B153EC9
:104080001B64CEBCA3D5963E573B773E4A665F3E47
:1040900025EFC23D7ABAD53D4B4A013FCEE17D3E88
:1040A000DE7C5DBB8C88EABDB1A01D3E41803F3EF9
:1040B000CE76553D61BB413E2F75873D08EA823E75
:1040C000CEEA663EE3D4D73E6501223E677F123ECC
:1040D000750DDEBDF1CB83BE1DCDBEBEED4E2FBE38
:1040E000F9851D3E1885B93D1C97423E2A59543D1D
:1040F000CCA85B3E17F58C3EEC713C3E9548C93D23
:10410000CF80573E20CFD73EFB8B273EDE92823DAD
:10411000D7BB81BD074A7A3D954A213CCC4F4F3DE4
:104120002F8C073E340263BEB8ED3E3C1227A93DFA
:104130005ED8483E26369B3EC28E9B3E08FA5C3EC9
:104140005B0F54BDA91ADEBECD18C6BECF9635BED4
:1041500075B7BA3D30B4003E8A56373ED84D5FBC85
:104160007B5E063E495A7F3E16920F3E752CC5BDBA
:1041700049CD533CB302033E8F36673ED3348E3E67
:10418000A8CB5C3CEA71C6BD12728DBE25DF91BE24
:104190005E67873E1C2517BD09484BBEC5B9523D19
:1041A0006201823EB13DAC3E2642B53E47FD9F3E98
:1041B0005131D13CB216BFBEF7B2FDBE14098DBD60
:1041C00009683EBDCB2E803DF516CABAEA56183EA8
:1041D0009132AD3D97A417BDD83304BE908A96BEE8
:1041E0008799093DCA390DBD725C123E629E283E18
:1041F000BD93D43D181AC1BD588D26BDA7F788BE02
:10420000A141933D1C75283D669161BCDE9BBBBC02
:10421000122E423D0B41963E017A403EA34A363E65
:10422000FC706B3D7A8AB4BE9B54DDBE0749EABD83
:1042300043CA3B3C8EEC06BE030841BD6FEB44BE57
:104240009A93EFBD934D9FBD3EB2E1BCCE320EBE00
:10425000E7ED6DBE9C51043C490EB3BD1FA987BE5E
:104260003EE0A13D723F983D4CFACCBB1B9C03BC89
:1042700022E222BEE2C6403D0AAE093D1A34693D43
:10428000F103133E7A55933DC4F61D3E2D71F53D65
:10429000F386643B187763BD840347BEF9F71BBD03
:1042A000B5A191BD380CB0BDF58643BD63D61EBE29
:1042B0007C406BBD8410F13D97DAD43D8524AA3D46
:1042C0009AF76F3D087C083D7F9B98BE9051BEBE1B
:1042D00055E5993D4255363EEC24423C31C8083CF8
:1042E000E7552CBEBF78D83D5FDC023E9B393F3D91
:1042F000CC7B2A3DB712963D7B84B63D33FE943C81
:104300006B87F23B3086ECBD849F24BDFD892ABDBE
:104310000DF4C73DC4EB85BDE96FA9BD45E6643A20
:10432000316A76BC779E953BE19AD6BCA8CD0C3E0F
:1043300004371F3D44D8F0BD0061D8BE494D8EBD45
:10434000A962863E7C08253DFDBEB0BDC92C84BE59
:10435000AF6915BD947D9E3D786370BB9510273D78
:10436000B69DBF3D8038A53DD89E833B70C2523C70
:104370009C44F33C66053DBE76A8F9BD889B873D0D
:104380001DFCE6BBA1E15E3DF2932BBD3763533DBF
:10439000F6C2C23BCE1E80BD9351C83DC791E33DDE
:1043A00089FA173E4E0307BC3817DABE1882C4BD1F
:1043B0003038793E2D0FE43B0434A23E0179BE3DF6
:1043C000DEB4E13D0AB8153D19BA683D67CB653DDD
:1043D00058C0113E2D93FD3DA3CC533EF9720C3EC7
:1043E000B31D3D3E9B509BBCF44BEEBCF868D1BD69
:1043F000EA65B53C3953993DBA2FBBBD3BAC0CBE09
:104400004C55AFBD0FD300BD46AD353E715D343E5A
:104410001447C8BDFF5DE6BD747F073E7A5D02BEEE
:10442000090A29BE918AB5BCBF8AFDBA1544033E6C
:10443000E6093BBEAF4A01BD5D0A163DCFD609BEB7
:1044400074AB713C9D39673DB9683B3DC1A7DB3D0D
:104450004105743D4E608CBCB48810BEC4E997BD64
:10446000841B8B3C7F6FA9BDE348193D1BF302BE43
:10447000806F4BBEB8F8933DE20A473EA1BC0D3DAC
:104480008AE8F93CC0B7753DDB8D30BD420AB0BC4F
:1044900000412BBCF17BE03C447E23BE52588BBDD7
:1044A000737A6EBE472605BE6C9A7ABDEB97BFBD88
:1044B00099661EBE674E01BD046121BC5EE5EA3D02
:1044C000FB8CD53D2E3C733D39335ABDE8A0B0BDC1
:1044D000EE4C653D6859283D92C9923DA543B5BD56
:1044E000436AC5BD5DFFBD3C1C98223EEE41083EBF
:1044F0000A33173EFC2CE63D81E0203C602315BECC
:104500007F3F82BD1D7ECD3CD5540EBE1DD528BE3D
:1045100071D298BE5933C9BD8F7821BE0D1FA9BD78
:10452000507F9ABD40E01ABD171C77BC6C9AE63DDF
:10453000DA3708BC1B025CBDB898993DF06108BD34
:10454000BDE4663CDAC3B7BDE555623DF839BE3C13
:104550003D7FBC3C8B0A273DEBE150BC8EA4AB3DBC
:1045600027D57E3E2A6EF13C8BCFD7BDB283D7BD17
:10457000BA31FEBCD718293D229077BE290337BC3B
:104580007D16B8BE0C2D47BD3F648D3D6B54DABD22
:10459000E5B581BD1D762E3D5FD8173DCCBE343EBE
:1045A000D5DA473DC470DD3D2CD2053EBA7B51BD06
:1045B0003C9F5EBE7E28BFBD0605B83DFC13AA3DEC
:1045C000470F873BA2D250BDE45FB83DEF27373D90
:1045D0000F406C3E82B907BE3F8810BE326EE9BD07
:1045E000E8E30F3CDD9028BDAFD9D0BD46162ABE0A
:1045F000DE5880BE557FAFBEBB1E54BEE1D5B4BDF4
:104600005BC014BE8B4C273D8A7F063DAEC5F83C8F
:10461000763F1A3E777A273E0980CCBDF72A8F3C39
:10462000F82157BD7C15A3BDF4B46C3E671F583DFF
:104630005DB38ABD60ED093CDF328E3CF2578BBD25
:104640005E772ABDE13DB13DD59514BE2F86A53DCF
:10465000136D9E3D78C80B3D627261BC5F3D82BEAA
:10466000F564D7BDFF76FCBC391484BEB1DCE4BD73
:10467000ADB06C3BD5EF383E4DF6933C6C0C973D9E
:104680006BFA1B3EFFD3C03DFD0D383DA122833C9C
:104690002C07AEBD09F9C53DA9A2853D4B58F93D92
:1046A0005747893D3FBCAC3C5C739B3CD6F3CCBDCB
:1046B0009A2DE8BA2F09DA3D1665723E4F0C113C6F
:1046C000C7C0923D3D5495BDE407373D2AAFD0BCED
:1046D000EFB5423D1434C43CEE5F56BDA70948BD5A
:1046E0003FAD5CBC4FBE55BDAC650BBCD647363D3F
:1046F000A9FA323E1F03D93D10583C3CF133223E0B
:1047000066628A3DA6B5D53C3466FC3C114A443EFF
:10471000C2F6073E209DE73D9D0763BD5FA7F83CBD
:104720008F8FC1BDBCB9ACBCEA51573E2ADCA1BCDD
:1047300028FC9F3CE93490BD4ABC703E8C47A63EA5
:104740006609B23EE7295C3EEC97D7BCF6B29ABD4B
:10475000D45FE3BDFCA600BE7CC39CBDDB98F43CEB
:104760009A6426BC3F428E3CC317B13D79E6ADBB8F
:10477000FC85373ED29E023E0AB8F53D372E933D6A
:10478000ABE9413D3E6994BB4E386BBDD52A83BD34
:10479000CD69C2BDAC19EC3C58DD1B3E5AE80E3D5C
:1047A0005F40A83DE513A23D8AFD2D3ED1A81A3EEB
:1047B000C196313ED4CF023EC3D1BE3CB813583D62
:1047C00059A334BE60AD67BDA7669C3DFF71703CC8
:1047D000C0B0723EA31D8D3ED0B9C03D4F7AA33903
:1047E0007724F73D6D49813C6934C8BCB27CFCBC80
:1047F000D49D85BB29604BBE7203A4BE21ACC8BD4D
:104800001E4DC0BC8CD858BED4CCD3BC00733DBAAE
:104810000041FAB97881AABD5EB2B1BDCFFA4F3E70
:10482000D2B562BD70254BBE8EA5E5BD3094E9BC06
:10483000FBCE293CA48EC3BD5FC153BEAC9CFBBD67
:1048400054C61EBD1C2E6E3EBC3BCF3D95CB463E96
:104850002E88233E20F69F3D4769A63D7BB8E4BDE8
:1048600000A2E8BD073AEDBBE230FA3D2261863E88
:104870004EE07A3EA87301BE2D600FBD481EBA3CC3
:104880000C23A4BC85E2853D1DBF963DA753A1BD69
:104890001F279EBDE1124EBE890FC0BE3AE903BF7D
:1048A0004C66A2BE3225ADBEEEF401BF0A5DD4BD9A
:1048B000B5C9DF3CE0D65DBE8142D2BEED1E473DAC
:1048C000BF4783BD6D1345BEB8297EBD359ED8BD9B
:1048D000E60E3ABE425699BE7CBD46BD0568E83D2F
:1048E00092957CBEE5E261BDF6BF263DB3C0893D31
:1048F000A83E03BDA024063C2FD248BD5F42903D98
:10490000DA501B3D8134E9BBE22AE2BD36BB22BE50
:10491000EFA302BED90853BE1FB034BE6CEC93BEE9
:104920003B3573BE0EDE5F3D4B8A48BE3499BEBE3A
:10493000301204BF3C39E2BE961E9FBE6C4925BEB4
:1049400017C5E1BD24259ABEE629B3BEC4B584BE11
:104950002438B43CF39951BDD7423DBDFC91B53CE0
:10496000004D9AD77934E3AEF2BF68258BC6115C4F
:10497000A9E4337ED09D4A075B16C18C226FB8F53F
:104980001F5285C8662BFCB1EDA0773A94D90E432F
:10499000B6FB2C61CF8255184409DE933D70A7EA1F
:1049A0003E73A4E9470ADD90CC81561BB5F82F620F
:1049B00097DA0D40EEA374396528FFB21C5186CBFF
:1049C000216CBBF65815C28FD39E4904AAE7307DEF
:1049D00088C5125FF1BC6B267A37E0AD034E99D4DF
:1049E0007C31E6AB05489FD28EC31459F7BA6D20CF
:1049F000D5984F02ACE1367B276ABDF05E13C489BF
:104A0000632EF9B41A5780CD91DC0B46E8A5723FAE
:104A1000CA87501DB3FE29643875A2EF410CDB969E
:104A2000420FD8953B76A1ECB0FD2A67C984531E8E
:104A3000EBA6713C92DF0845195483CE602DFAB77E
:104A40005D10C78A2469BEF3AFE23578D69B4C016E
:104A5000F4B96E238DC0175A064B9CD17F32E5A85E
:104A60006042A20D000000400000803FD1F71737E0
:104A7000D1F717B78071313F807131BF0000003F1F
:044A8000000000BF73
:044A8400E50700083A
:044A8800BD0700085E
:104A8C001828FFFF08000020000000000C0C00207C
:104A9C00740C0020DC0C0020000000000000000062
:104AAC0000000000000000000000000000000000FA
:104ABC0000000000000000000000000000000000EA
:104ACC0000000000000000000000000000000000DA
:044ADC0000000000D6
:040000050800264188
:00000001FF
