:020000040800F2
:1000000000A0002031210008792100087921000892
:1000100079210008792100087921000800000000FA
:10002000000000000000000000000000792100082E
:1000300079210008000000007921000879210008DA
:1000400000000000000000000000000000000000B0
:1000500000000000000000000000000000000000A0
:100060000000000000000000000000000000000090
:100070000000000000000000000000000000000080
:100080000000000000000000000000000000000070
:100090000000000000000000000000000000000060
:1000A0000000000000000000000000000000000050
:1000B0000000000000000000000000000000000040
:1000C0000000000000000000000000000000000030
:1000D0000000000000000000000000000000000020
:1000E0000000000000000000000000000000000010
:1000F0000000000000000000000000000000000000
:1001000000000000000000000000000000000000EF
:1001100000000000000000000000000000000000DF
:1001200000000000000000000000000000000000CF
:1001300000000000000000000000000000000000BF
:1001400000000000000000000000000000000000AF
:10015000000000000000000000000000000000009F
:10016000000000000000000000000000000000008F
:10017000000000000000000000000000000000007F
:08018000000000000000000077
:1001880080F0004002E000BF81F0004142001FBF44
:100198005FEA410392EA030F7FEA226C7FEA236C4D
:1001A8006AD04FEA1262D2EB1363C1BFD218414042
:1001B80048404140B8BF5B42192B88BF704710F0D8
:1001C800004F40F4000020F07F4018BF404211F07B
:1001D800004F41F4000121F07F4118BF494292EAE3
:1001E800030F3FD0A2F1010241FA03FC10EB0C000F
:1001F800C3F1200301FA03F100F0004302D549429C
:1002080060EB4000B0F5000F13D3B0F1807F06D348
:1002180040084FEA310102F10102FE2A51D2B1F140
:10022800004F40EBC25008BF20F0010040EA030035
:100238007047490040EB0000013A28BFB0F5000FB5
:10024800EDD2B0FA80FCACF1080CB2EB0C0200FA6B
:100258000CF0AABF00EBC25052421843BCBFD040BA
:100268001843704792F0000F81F4000106BF80F434
:1002780000000132013BB5E74FEA41037FEA226CF7
:1002880018BF7FEA236C21D092EA030F04D092F0C2
:10029800000F08BF0846704790EA010F1CBF0020F6
:1002A800704712F07F4F04D1400028BF40F0004053
:1002B800704712F100723CBF00F50000704700F073
:1002C800004343F0FE4040F4000070477FEA22629A
:1002D80016BF08467FEA23630146420206BF5FEA6B
:1002E800412390EA010F40F4800070474FF000036B
:1002F80004E000BF10F0004348BF40425FEA000C32
:1003080008BF704743F0964301464FF000001CE0D9
:1003180050EA010208BF70474FF000030AE000BF2F
:1003280050EA010208BF704711F0004302D540426D
:1003380061EB41015FEA010C02BF844601460020DF
:1003480043F0B64308BFA3F18053A3F50003BCFAFA
:100358008CF2083AA3EBC25310DB01FA02FC6344A7
:1003680000FA02FCC2F12002BCF1004F20FA02F2AE
:1003780043EB020008BF20F00100704702F12002A1
:1003880001FA02FCC2F1200250EA4C0021FA02F202
:1003980043EB020008BF20EADC7070474FF0FF0C07
:1003A8001CEAD0521EBF1CEAD15392EA0C0F93EA02
:1003B8000C0F6FD01A4480EA010C400218BF5FEAA4
:1003C80041211ED04FF0006343EA501043EA511117
:1003D800A0FB01310CF00040B1F5000F3EBF490011
:1003E80041EAD3715B0040EA010062F17F02FD2A15
:1003F8001DD8B3F1004F40EBC25008BF20F00100F8
:10040800704790F0000F0CF0004C08BF49024CEA0E
:10041800502040EA51207F3AC2BFD2F1FF0340EAA0
:10042800C250704740F400004FF00003013A5DDC11
:1004380012F1190FDCBF00F000407047C2F1000252
:10044800410021FA02F1C2F1200200FA02FC5FEA3F
:10045800310040F1000053EA4C0308BF20EADC7089
:10046800704792F0000F00F0004C02BF400010F4FB
:10047800000F013AF9D040EA0C0093F0000F01F0A8
:10048800004C02BF490011F4000F013BF9D041EACA
:100498000C018FE70CEAD15392EA0C0F18BF93EACC
:1004A8000C0F0AD030F0004C18BF31F0004CD8D1F6
:1004B80080EA010000F00040704790F0000F17BF7D
:1004C80090F0004F084691F0000F91F0004F14D0C3
:1004D80092EA0C0F01D142020FD193EA0C0F03D11B
:1004E8004B0218BF084608D180EA010000F000401E
:1004F80040F0FE4040F40000704740F0FE4040F4F9
:10050800400070474FF0FF0C1CEAD0521EBF1CEA97
:10051800D15392EA0C0F93EA0C0F69D0A2EB0302B5
:1005280080EA010C49024FEA402037D04FF080534F
:1005380043EA111143EA10130CF000408B4238BF14
:100548005B0042F17D024FF4000C8B4224BF5B1A22
:1005580040EA0C00B3EB510F24BFA3EB510340EA70
:100568005C00B3EB910F24BFA3EB910340EA9C001E
:10057800B3EBD10F24BFA3EBD10340EADC001B018E
:1005880018BF5FEA1C1CE0D1FD2A3FF650AF8B4232
:1005980040EBC25008BF20F0010070470CF0004C3F
:1005A8004CEA50207F32C2BFD2F1FF0340EAC2506A
:1005B800704740F400004FF00003013A37E792F02B
:1005C800000F00F0004C02BF400010F4000F013A89
:1005D800F9D040EA0C0093F0000F01F0004C02BF84
:1005E800490011F4000F013BF9D041EA0C0195E7ED
:1005F8000CEAD15392EA0C0F08D142027FF47DAF86
:1006080093EA0C0F7FF470AF084676E793EA0C0F75
:1006180004D14B023FF44CAF08466EE730F0004C73
:1006280018BF31F0004CCAD130F000427FF45CAF03
:1006380031F000437FF43CAF5FE700BF4FF0FF3C71
:1006480006E000BF4FF0010C02E000BF4FF0010CC4
:100658004DF804CD4FEA40024FEA41037FEA226C8D
:1006680018BF7FEA236C11D001B052EA530C18BFAF
:1006780090EA010F58BFB2EB030088BFC81738BF14
:100688006FEAE17018BF40F0010070477FEA226C02
:1006980002D15FEA402C05D17FEA236CE4D15FEAFE
:1006A800412CE1D05DF8040B704700BF8446084632
:1006B8006146FFE70FB5FFF7C9FF002848BF10F1F3
:1006C800000F0FBD4DF808EDFFF7F4FF0CBF012038
:1006D80000205DF808FB00BF4DF808EDFFF7EAFFC2
:1006E80034BF012000205DF808FB00BF4DF808ED7D
:1006F800FFF7E0FF94BF012000205DF808FB00BF72
:100708004DF808EDFFF7D2FF94BF012000205DF8F7
:1007180008FB00BF4DF808EDFFF7C8FF34BF012004
:1007280000205DF808FB00BF4FEA4002B2F1FE4F1F
:100738000FD34FF09E03B3EB12620DD94FEA00239B
:1007480043F0004310F0004F23FA02F018BF404274
:1007580070474FF00000704712F1610F01D142025B
:1007680005D110F0004008BF6FF0004070474FF00F
:10077800000070470348044B834202D0034B03B187
:100788001847704754000020540000200000000063
:100798000548064B1B1AD90F01EBA301491002D0DB
:1007A800034B03B118477047540000205400002041
:1007B8000000000010B5064C237843B9FFF7DAFFB4
:1007C800044B13B10448AFF300800123237010BD1C
:1007D800F00A0020000000000829000808B5054BB1
:1007E8001BB105490548AFF30080BDE80840FFF795
:1007F800CFBF00BF00000000F40A0020082900084D
:10080800074A13785178402B84BF4023137040293E
:1008180002D9402353707047994238BF117070470E
:10082800000000201FB51D4B1A788DF800201A799A
:100838008DF801205A798DF802209A798DF80320D5
:100848001A7B8DF804205A7B8DF805209A7B8DF849
:100858000620134A91788DF80710D1788DF8081082
:10086800198A8DF80910090A8DF80A10997CDB7C21
:100878008DF80C3013788DF80B108DF80D3000249E
:1008880053788DF80E306A46102172208DF80F408B
:1008980001F078FB204604B010BD00BF54000020D2
:1008A80000000020022A13B50E4C0F4809D91A7807
:1008B800022A98BFE2745A789B7802704370FFF757
:1008C8009FFFE37C8DF8043003788DF8053001AA8A
:1008D80043788DF806300321722001F053FB002085
:1008E80002B010BD5400002000000020062A07B501
:1008F8000B4A0AD91978062907D811715978517104
:100908009978D3F803309171936013798DF8043096
:1009180001AA0121722001F035FB002003B000BDBF
:100928005400002007B508491AB11B78032B98BF5B
:100938000B700B788DF8043001AA0121722001F0A8
:1009480021FB002003B000BD5400002007B5054B73
:10095800019301AA0421722001F014FB002003B0C6
:1009680000BD00BFDEADBEEFF0B51D4D2C7B6F7B2B
:10097800003C18BF01248DB044F00206002F18BFB8
:100988003446AF7B8DF8042044F004062A78129D83
:100998008DF80200002F18BF3446002B8DF8031085
:1009A8008DF805208DF806300FCD44F00806F6B214
:1009B80018BF34468DF8074002AC0FC40FCD0FC4E2
:1009C80045F6A526ADF8006095E803006A4684E878
:1009D80003003021722001F0D5FA0DB0F0BD00BF40
:1009E8005400002070B58CB002AC05460E46282293
:1009F8000021204601F044FF00943346FF220021E5
:100A08002846FFF7B1FF0CB070BD000010B5064CCA
:100A18004FF44472002104F1140001F031FF002367
:100A28002373238210BD00BF5400002010B5164C5C
:100A38002822002104F5497001F022FF2822002114
:100A480004F5537001F01CFF4FF48072002104F587
:100A58005D7001F015FF4FF48072002104F27440BC
:100A680001F00EFF4FF48072002104F2745001F07F
:100A780007FF064A0023FF216373A37384F87436C3
:100A88009170D170A37410BD5400002000000020A4
:100A980007B5FFF7BBFFFFF7C9FF45F2AA5301AA45
:100AA80002217220ADF8043001F06CFA002003B086
:100AB80000BD00B5A1B080220021684601F0E0FE2B
:100AC8006A468021722001F05DFA21B000BD000065
:100AD80008B5074A92F874361BB9FFF7EAFF0020F9
:100AE80008BD02F57D728021722001F04BFAF6E70D
:100AF8005400002008B5074A92F874361BB9FFF76E
:100B0800D8FF002008BD02F55D728021722001F037
:100B180039FAF6E75400002008B5074A937B1BB959
:100B2800FFF7C7FF002008BD02F2F44280217220BF
:100B380001F028FAF6E700BF5400002008B5074A7C
:100B4800937B1BB9FFF7B5FF002008BD02F2744282
:100B58008021722001F016FAF6E700BF5400002049
:100B680000B58BB028220021684601F089FE6A464C
:100B78002821722001F006FA0BB000BD08B5074A1B
:100B8800937B1BB9FFF7ECFF002008BD02F55372F9
:100B98002821722001F0F6F9F6E700BF5400002082
:100BA800F7B5184E312A378A09D0ADF8047001AA72
:100BB8000221722001F0E6F9002003B0F0BD1C7894
:100BC80004EB44042401B4F5447F17D2C4F54475FA
:100BD800ADB2302D28BF302506F1140020442C4436
:100BE800A4B2591C2A4601F07DFEBC4284BF2746A8
:100BF8003482B7F5447F24BF01233373338AADF8B9
:100C08000430D4E75400002070B5114E114B06F69D
:100C18007805D8700FCD06F553740FC40FCD0FC4E7
:100C280095E803004FF4807284E8030006F5EF614D
:100C380006F2744001F056FE4FF4807206F5CF615B
:100C480006F2745001F04EFE0123B37370BD00BF6D
:100C58005400002000000020F8B5084E084F051F7A
:100C680000F63C4416F8010BFFF740FB3946FFF746
:100C780049FC45F8040FA542F4D1F8BD68000020EE
:100C880000007F4300B5ADF6444D6846FFF7E4FF2A
:100C9800054968460A7801F5CF6100F085FAC0B2C7
:100CA8000DF6444D00BD00BF5400002030B5354C52
:100CB800E37C022BADF64C4D1FD100F02BFB02A8B4
:100CC800FFF7CAFF04F5CF6102A800F0A5F9224694
:100CD80004F5CF6012F8041B00F01BFA04F5CF608E
:100CE80000F020FA04F6780000F048FAC4B200F0E8
:100CF80018FB20460DF64C4D30BD02A8FFF7ACFF9F
:100D080004F5CF6102A800F087F9E37C012B2CD110
:100D18001D4DFFF775FD22462B7812F8041B009332
:100D280004F5CF60002300F0A3F900F0F3FA22469F
:100D38006B7812F8041B00932B7804F5CF6000F051
:100D480097F900F0EEFA2246402312F8041B0093AC
:100D58006B7804F5CF6000F08BF90C4800F0E2F9ED
:100D68000B4800F00BFAC4B2C3E700F0D3FA2246EE
:100D780004F5CF6012F8041B00F0CBF900F0D1FAAB
:100D8800EBE700BF5400002000000020CC06002044
:100D9800CC08002007B5FF238DF80430094B1B7BD6
:100DA8003BB901AA0121722001F0ECF8002003B040
:100DB80000BDFFF77BFFFFF727FF034BDB788DF8BC
:100DC8000430EEE7540000200000002013B50E4C5C
:100DD800237B33B921790120FFF704FE002002B0FC
:100DE80010BDFFF763FFFFF70FFFA17C074A013132
:100DF80004F55373C9B2A17400932379D278012002
:100E0800FFF7B2FDEAE700BF540000200000002011
:100E180070B50E4E0E4B06F6780598700FCD06F598
:100E280049740FC40FCD0FC495E803004FF48072C6
:100E380084E8030006F5EF6106F55D7001F052FDE8
:100E4800012386F87436737370BD00BF5400002008
:100E58000000002013B50D4C217B29B90846FFF787
:100E6800C1FD002002B010BDFFF70CFFFFF7D0FF57
:100E7800A17C074A0131C9B2A17404F549740094F0
:100E8800002392781846FFF76FFDEAE75400002028
:100E98000000002010B5094C237B1BB9FFF760FE4A
:100EA800002010BDFFF7EEFEFFF7B2FF04F5497210
:100EB8002821722001F066F8F2E700BF54000020F4
:100EC80008B500F087F900F0C3F900F0FFF9FFF763
:100ED8009DFDFFF7ABFDFFF793FC01F041F8294AB0
:100EE80000217A2001F022F8274A0021632001F02E
:100EF8001DF8264A0121612001F018F8244A07212B
:100F0800662001F013F8234A0321742001F00EF83B
:100F1800214A3121782001F009F8204A0021622075
:100F280001F004F81E4A00216E2000F0FFFF1D4A60
:100F38000021692000F0FAFF1B4A0021672000F019
:100F4800F5FF1A4A00216F2000F0F0FF184A00212F
:100F5800732000F0EBFF174A0021682000F0E6FF3D
:100F6800154A00216A2000F0E1FF144A002171208F
:100F780000F0DCFF124A0021752000F0D7FF01F0D5
:100F88005FF8FCE755090008990A00082D090008D0
:100F9800F5080008AD080008A90B00089D0E000818
:100FA8005D0E00089D0D0008D50D0008850B000892
:100FB8002D080008450B0008210B0008FD0A000851
:100FC800D90A0008022913B5044612D0032915D0FE
:100FD800012919D100F1004001F0CCF84FF07E5101
:100FE800FFF7D4F801464FF07E50FFF78BFA02B0B6
:100FF80010BD02B0BDE8104001F0E4B8C30F013BDA
:1010080018400190019BF2E70021FFF783FB08B12C
:101018002046ECE70020EAE72DE9F74FDFF8489093
:10102800124F82460E1F01F1FC0500F63C4359F8A9
:10103800044BAAF10408BB4658F8041F5BF8040BDC
:101048000193FFF7ABF901462046FFF79FF8019B94
:1010580098450446F0D146F8040FAE4207F54467B8
:10106800E5D103B0BDE8F08F5033000850340008D4
:101078002DE9F0411546069A402AA8BF402223EAE6
:10108800E374A2420E4690460BDD002BCBBF04F161
:101098003F03002450F82310002100EB8407444547
:1010A80001DBBDE8F0812A7857F8043B013A052AAC
:1010B80007D8DFE802F0030B101519216A78A2425D
:1010C80015D031461846FFF77DFF20E06A78A24226
:1010D800F7D100230BE06A78A242F2D10B4606E072
:1010E800AA78A242F5DDECE7AA78A242E9DCC7F8C3
:1010F800FC3001341946D2E718463146FFF762FF43
:101108006A78A2420346F2D16968FFF73FF80346BE
:10111800EDE707B5402300930023FFF7A9FF03B0CD
:1011280000BD00002DE9F74F00F5FE7ADFF8449086
:10113800114E074600F50973554659F8044B07F157
:10114800FC08B34658F8041F5BF8040B0193FFF73B
:1011580025F901462046FFF719F8D045019B0446BA
:10116800F0D145F8040F9D4206F58076E5D103B02D
:10117800BDE8F08F28290008502900082DE9F04122
:10118800066807460124002557F824803146404662
:10119800FFF7C0FA08B14646254601340A2CF3D1B8
:1011A8002846BDE8F081000038B50C461546FFF723
:1011B80033FF29462046064AFFF7ABFF2046FFF7D4
:1011C800B1FF04F50070BDE83840FFF7D7BF00BF96
:1011D8002029000870B596B0002403264FF4A023F8
:1011E8000CA80125CDE90C631094149400F0D0F8F4
:1011F8000F23214602A8CDE90235CDE9044406941F
:1012080000F00CFB104B11485A6942F400225A6155
:101218005B6903F400230193019B07A94FF4C043C2
:10122800CDE90735CDE9094600F098FB2A4607487D
:101238004FF4005100F04CFC04482A464FF480411A
:1012480000F046FC16B070BD0010024000080048CF
:1012580010B54FF4C06288B00223CDE90323012101
:101268000323CDE90513164C07230793636943F459
:1012780000336361636903F40033019303A94FF0FA
:101288009040019B00F06AFB0E4A0F4B13604FF42D
:1012980061300023C2E90103C2E9033393610C23DF
:1012A8005361A36943F48043A361A36903F48043B2
:1012B80002931046029B00F01EFD08B010BD00BF4F
:1012C80000100240F40800200038014030B5104BEF
:1012D8005A6942F4003287B05A615B6903F40033FB
:1012E8000093009B4FF480540123CDE9014300256E
:1012F800032301A94FF09040CDE9035300F02EFBE2
:101308002A4621464FF0904000F0E2FB07B030BD7E
:101318000010024001224FF480514FF0904000F03D
:10132800D7BB00224FF480514FF0904000F0D0BB63
:1013380013B5094C094841F2883301220DF1070120
:1013480000F058FD18B99DF8070002B010BD236AD7
:1013580043F008032362EDE700380140F408002059
:1013680007B541F288338DF8070001220DF1070116
:10137800024800F0EAFC03B000BD00BFF4080020FA
:10138800024B1868421C1A60704700BF64090020AD
:1013980003682DE9F743D907044610D423689A0750
:1013A8007ED423681E0700F1E78023685D0700F1FB
:1013B8002A81E269002A40F0AD8100201FE0AE4991
:1013C8004B6803F00C03042B07D04B6803F00C03A5
:1013D800082B17D14B68DB0314D54FF4003393FA6D
:1013E800A3F2096893FAA3F30122B3FA83F302FA8A
:1013F80003F30B42D2D06368002BCFD1012003B096
:10140800BDE8F0836268B2F5803F22D10B6843F4EF
:1014180080330B60CB6AA06823F00F030343CB62D1
:101428003AB3FFF7ADFF4FF400350646012795FAAA
:10143800A5F30A6895FAA5F3B3FA83F307FA03F359
:101448001342ABD1FFF79CFF801B6428EFD9032020
:10145800D5E70B6832B923F480330B600B6823F4AB
:101468008023D6E7B2F5A02FF5D143F480230B6093
:10147800CCE7FFF785FF4FF400350646012795FABC
:10148800A5F30A6895FAA5F3B3FA83F307FA03F309
:10149800134283D0FFF774FF801B6428EFD9D6E787
:1014A80075494B6813F00C0F07D04B6803F00C0319
:1014B800082B1FD14B68DF031CD4022393FAA3F235
:1014C800086893FAA3F30122B3FA83F302FA03F349
:1014D800034202D02369934290D10868F82292FA15
:1014E800A2F26369B2FA82F2934020F0F802134341
:1014F8000B6056E722690125F2B195FAA5F3B3FA14
:1015080083F303F1845303F584139B0002271D60C2
:10151800FFF736FF064697FAA7F30A6897FAA7F384
:10152800B3FA83F305FA03F31342D6D1FFF728FF82
:10153800801B0228EFD98AE795FAA5F3B3FA83F35B
:1015480003F1845303F584139B0002271A60FFF705
:1015580017FF064697FAA7F30A6897FAA7F3B3FAAC
:1015680083F305FA03F313423FF41BAFFFF708FFB9
:10157800801B0228EED96AE7A0693F4D3F4A012146
:1015880000B391FAA1F3B3FA83F313449B00022644
:101598001960FFF7F5FE074696FAA6F396FAA6F342
:1015A80096FAA6F36A6A96FAA6F3B3FA83F301FAEF
:1015B80003F313427FF4F9AEFFF7E2FEC01B0228E3
:1015C800EAD944E791FAA1F3B3FA83F313449B00F1
:1015D80002261860FFF7D4FE074696FAA6F396FA95
:1015E800A6F396FAA6F36A6A96FAA6F3B3FA83F311
:1015F80001FA03F313423FF4D8AEFFF7C1FEC01B54
:101608000228EAD923E71C49CB69D80031D4CB6931
:1016180043F08053CB61CB6903F080530193019B66
:101628000125174E3368DA052CD5E368012B39D12B
:101638000B6A43F001030B62FFF7A2FE022607467E
:101648004FF0010841F2883996FAA6F396FAA6F304
:101658000A6A96FAA6F3B3FA83F308FA03F3134275
:1016680052D0002D3FF4A5AECB6923F08053CB6157
:101678009FE60025D5E700BF0010024020819010AA
:1016880000700040336843F480733360FFF778FEDE
:1016980007463368DB05C8D4FFF772FEC01B642811
:1016A800F7D9D4E613BB0B6A23F001030B620B6A6C
:1016B80023F004030B62FFF763FE022607464FF090
:1016C800010841F2883996FAA6F396FAA6F30A6A4F
:1016D80096FAA6F3B3FA83F308FA03F31342C0D0D9
:1016E800FFF74EFEC01B4845EDD9B0E6052B0B6A47
:1016F80003D143F004030B629AE723F001030B6262
:101708000B6A23F0040396E7FFF73AFEC01B48452F
:101718009AD99CE63F494B6803F00C03082B3FF429
:101728006DAE022A4FF0807350D193FAA3F3B3FA47
:1017380083F303F1845303F584139B0000221A609A
:10174800FFF71EFEDFF8D08006464FF00077012530
:1017580097FAA7F30A6897FAA7F3B3FA83F305FA97
:1017680003F313422CD1D4E908034A68034322F453
:10177800741213434B604FF0807393FAA3F3B3FAD8
:1017880083F303F1845303F584139B00224F1D60F8
:10179800FFF7F6FD4FF000740546012694FAA4F30E
:1017A8000A6894FAA4F3B3FA83F306FA03F313422C
:1017B8007FF403AEFFF7E4FD401BB842EED946E6DE
:1017C800FFF7DEFD801B4045C2D940E693FAA3F33C
:1017D800B3FA83F303F1845303F584139B000022C7
:1017E8001A60FFF7CDFD0C4F05464FF00074012637
:1017F80094FAA4F30A6894FAA4F3B3FA83F306FA02
:1018080003F313423FF4D9ADFFF7BAFD401BB842CA
:10181800EED91CE600100240400D03004D4AF8B511
:10182800136803F007038B42054611D32A6894070F
:101838001AD4D00720D4474A136803F007038B4211
:101848006CD82A68510774D413077AD400200AE0A8
:10185800136823F007030B431360136803F00703AF
:101868008B42E3D00120F8BD3B48AC68436823F0C5
:10187800F00323434360DCE76A68374C012A25D12B
:101888004FF4003393FAA3F0206893FAA3F3B3FA62
:1018980083F302FA03F30342E4D0636823F00303FB
:1018A80013436360FFF76CFD6B68012B064641F23A
:1018B80088371CD1636803F00C03042BBBD0FFF7F7
:1018C8005FFD801BB842F5D90320CCE7022A0CBF84
:1018D8004FF00073022393FAA3F0266893FAA3F358
:1018E8000120B3FA83F300FA03F33342D4E7022B5F
:1018F8000FD1636803F00C03082B9CD0FFF740FD61
:10190800801BB842F5D9DFE7FFF73AFD801BB842E4
:10191800DAD8636813F00C0FF6D18CE7136823F05C
:1019280007030B431360136803F007038B4299D135
:1019380087E70949E8684B6823F4E06303434B6091
:1019480082E7054A2969536823F4605343EAC103CF
:1019580053607BE700200240001002402DE9F74F5A
:10196800DFF86081584C00224FF00F090B6833FAFA
:1019780002F502D103B0BDE8F08F012505FA02FA9D
:101988001AEA030300F094804D6825F0100EBEF1AA
:10199800020F11D1D70800EB870702F0070C3E6A47
:1019A8004FEA8C0C09FA0CFB26EA0B0B0E6906FAB7
:1019B8000CF646EA0B063E6207684FEA420C03261D
:1019C80006FA0CF627EA060B05F0030707FA0CF7E8
:1019D8000EF1FF3E47EA0B07BEF1010F076010D872
:1019E800876827EA060ECF6807FA0CF747EA0E075A
:1019F8008760476827EA0A0E2F09974047EA0E07CB
:101A08004760C76827EA06078E6806FA0CF63E4361
:101A1800C660EE004CD5D8F8186046F00106C8F844
:101A28001860D8F8186022F0030707F1804706F01D
:101A3800010607F58037019602F0030C019EBE6887
:101A48004FEA8C0C09FA0CFEB0F1904F26EA0E0E04
:101A580030D01E4EB0422FD006F58066B0422DD051
:101A680006F58066B0422BD006F58066B04214BFFA
:101A78000526042606FA0CF646EA0E06BE60266817
:101A8800EF0354BF9E431E4326606668AF0354BFEE
:101A98009E431E436660A668EF0254BF9E431E43E2
:101AA800A660E668AD0254BF26EA03033343E36049
:101AB80001325BE70026DDE70126DBE70226D9E7EE
:101AC8000326D7E700100240000401400004004844
:101AD8000AB18161704781627047000002688368BB
:101AE800C16930B5056914682B43456924F4164467
:101AF8002B4324F00C040B43234313605368C4683E
:101B0800056A23F44053234353609468836924F49B
:101B180030642B4323439360424B9A4211D103F51F
:101B280058431B6B03F00303022B5FD0032B65D0D4
:101B3800B1F5004F41684FEA510345D003F5E10381
:101B480048E0394B9A4212D103F5E6331B6B03F494
:101B58004033B3F5003F49D0EAD9B3F5403F4DD003
:101B6800B1F5004F4FF001005BD1002353E02F4B3C
:101B78009A420BD103F5E4331B6B03F44023B3F50E
:101B8800002F33D0D4D9B3F5402FE8E7284B9A4239
:101B98000BD103F5E2331B6B03F44013B3F5001FBD
:101BA80024D0C5D9B3F5401FD9E7224B9A42D7D1E3
:101BB80003F5E0331B6B03F44003B3F5000F15D0B6
:101BC800B6D9B3F5400FCAE703F561031FE04B0828
:101BD80003F50043B3FBF1F39BB2D360002020E090
:101BE8004B0803F5740303F51053F3E7B1F5004F01
:101BF8004168ECD14B0803F5803308E0B1F5004F9C
:101C08004168EDD14B0803F1F47303F59043B3FB3E
:101C1800F1F300209BB223F00F01C3F342030B43FF
:101C2800D36030BD00380140004400400048004007
:101C3800004C0040005000402DE9F041069E04464B
:101C4800174698462568E86931EA00000CBF012369
:101C58000023BB4201D0002013E0721CF3D096B9D8
:101C68002B6823F4D0732B60AB6823F00103AB60BF
:101C7800202384F8693084F86A30002384F86830B7
:101C88000320BDE8F081FFF77BFBA0EB0800B04222
:101C9800D8D9E5E773B504460021C166FFF770FBA4
:101CA800266833681A07054616D433685B070AD5D1
:101CB8006FF07E43009300222B464FF480012046AC
:101CC800FFF7BAFFA0B92023002084F8693084F810
:101CD800680084F86A300CE06FF07E4300930A468F
:101CE80003464FF400112046FFF7A6FF0028DCD07A
:101CF800032002B070BD38B5044620B390F86930AF
:101D080003F0FF020BB980F868202568242384F8C3
:101D180069302B6823F001032B602046FFF7DEFEB5
:101D2800012810D06B6823F490436B60AB6823F0F4
:101D38002A03AB602B6843F001032B602046BDE803
:101D48003840FFF7A7BF012038BDF7B51E4690F809
:101D58006930202B0D460446114649D1002D45D047
:101D6800002A43D090F86830012B41D0012380F835
:101D780068300023C366212380F86930FFF700FB31
:101D8800A4F850100746A4F85210B4F8522092B2A2
:101D980062B900963B4640212046FFF74DFF90B9B7
:101DA800202384F8693084F868000DE0B4F85230D4
:101DB800013BA4F85230002200963B468021204681
:101DC800FFF73AFF10B1032003B0F0BDA268236803
:101DD800B2F5805F07D122692AB935F8022BC2F320
:101DE80008021A85D1E715F8012BFAE70120EBE77D
:101DF8000220E9E72DE9F3411E4690F86A30202BCE
:101E08000D46044611465DD1002D59D0002A57D001
:101E180090F86830012B55D0012380F868300368AA
:101E28004FF0FF321A620023C366222380F86A301B
:101E3800FFF7A6FAA368A4F85810B3F5805F074621
:101E4800A4F85A1015D123698BB940F2FF13A4F8EE
:101E58005C30B4F85C80B4F85A0080B280B92023B2
:101E680084F86A3084F8680002B0BDE8F081FF2386
:101E7800EDE7002BEDD12369002BF8D07F23E6E7AF
:101E8800B4F85A30013BA4F85A30002200963B4679
:101E980020212046FFF7D0FEB0B9A2682368B2F52A
:101EA800805F07D122692AB99B8C08EA030325F8C9
:101EB800023BD0E79B8C08EA030305F8013BCAE71D
:101EC8000120D1E70220CFE70320CDE710B5064C6B
:101ED800034601440020994200D110BD13F8012B9C
:101EE8004240A05CF7E700BF5044030830B5002229
:101EF800044601238B4201D3002030BD14F8015F52
:101F080015B99D1A85541A460133DBB2F2E730B58C
:101F180002780025044605701046884200D202B9AE
:101F280030BD225C25548318D8B2F6E738B50B4D7E
:101F38002B681F2B04DD6120FFF712FA012038BD42
:101F4800F82901D96220F7E70C2404FB0354013374
:101F58002071C4E902122B600020F0E76C09002010
:101F680008B5064A00217620FFF7E0FFBDE80840E3
:101F7800034A00217720FFF7D9BF00BFF71F0008E9
:101F880011200008F0B50C46C1B04AB300238DF803
:101F980006108DF804308DF8050001AE0DF106012C
:101FA8009C421FDCA11CC9B20DF10500FFF78EFF92
:101FB80004F580736B44271D03F8F90C07F580734B
:101FC8006B44611D0025C9B2304603F8FC5CFFF77D
:101FD8008DFF16F8010B0135FFF7C2F9AF42F8DAA9
:101FE80041B0F0BDD05C01F8010F0133D8E707B567
:101FF80003230DF10702012172208DF80730FFF746
:10200800C1FF002003B000BD30B50C48017889B08D
:1020180000220C24D3B28B4206DB6A467220FFF7FB
:10202800B1FF002009B030BD03F1200504FB030314
:102038006D441B7905F8203C0132EBE76C09002060
:102048002DE9F043C1B001AD0024A846FFF770F9AF
:10205800287058B905208DF803000DF103020121FD
:102068006520FFF78FFF41B0BDE8F0830134042CF1
:1020780005F10105EAD121464046FFF748FF294D01
:102088009DF805102A68074600230C20DEB2964208
:1020980002DB08D10120DEE700FB065C01339CF877
:1020A80004C08C45F2D19DF807300533BB4208DAED
:1020B8000420D0E7FFF73CF908F804000028C9D04D
:1020C80001349DF807300433A342F3DAFFF730F9FF
:1020D80004F580730DEB030909F8FC0C0028E7D11F
:1020E800C7F101012144C9B208EB0700FFF70FFF50
:1020F800A11EC9B20DF10500FFF7E8FE19F8FD3C75
:1021080083420CD10C2303FB06559DF80720EC688D
:102118009DF806109DF8050002ABA0479BE702203A
:1021280099E700BF6C090020002103E00B4B5B58C6
:10213800435004310A480B4B42189A42F6D30A4AD4
:1021480002E0002313600432084B9A42F9D3AFF33C
:10215800008000F0A3FBFEF7B3FEFEE77C45030812
:10216800000000205400002054000020440C0020EF
:10217800FEE7000038B5054600F054FA0446284644
:1021880000F09AF848B10D492846FEF7C3FA30B96D
:102198000B492846FEF7A0FA48B9204638BD00F09A
:1021A80077FB4FF0FF4422230360204638BD00F040
:1021B8006FFB222300240360EFE700BF1772B142D0
:1021C800B5F1CFC230B520F00042B2F1FF4F83B075
:1021D80001460CD3344B002818681B681C4639DBB1
:1021E800FEF790F92146FDF7D1FF03B030BDDFF8C7
:1021F800BCC062450DD92C492D4A01900868116868
:10220800FDF7C2FF019B002BB8BF00F1004003B0EF
:1022180030BDB2F1105F24D3B2F17E5F019029D3B3
:1022280000F02AFB234A1168FEF7B8F800F04CF8D2
:10223800204A01461C48046815681068FDF7A6FF87
:1022480001462846FEF75EF901462046FDF79CFF49
:10225800019BD8E7FEF756F92146FDF795FF03B035
:1022680030BD114B01901868FDF790FF0199FEF7FA
:1022780095F8BAE70F4A13681C4600F0FDFA0146C4
:1022880004F10040FEF78AF800F01EF8094A0146FA
:10229800106801F10044FDF779FF01462046FEF77A
:1022A80031F9019BAFE700BF58450308FFFFAF4175
:1022B800504503085445030820F00040B0F1FF4F93
:1022C8002CBF0020012070472DE9F041AE4D20F0D1
:1022D8000042AA4282B0044600F0004636D9B2F164
:1022E800FF4F00F2BA8000F02781002E40F0BB803B
:1022F800A6498A4200F24281A549FEF74FF80146F5
:102308004FF07C50FDF742FFFEF70EFA0646FDF748
:10231800F1FFA0490746FEF741F801462046FDF7C0
:1023280033FF9D4905463846FEF738F803461946F7
:1023380028460093FDF728FF014604462846FDF786
:1023480023FF0099FDF720FF804607E093498A4262
:1023580076D8B2F14C5FC0F0BB8000264FF07C51BC
:102368002046FEF71BF8014600902046FEF716F8B7
:102378008B490546FEF712F88A49FDF707FF2946FB
:10238800FEF70CF88849FDF7FFFE2946FEF706F828
:102398008649FDF7FBFE2946FEF700F88449FDF75C
:1023A800F3FE2946FDF7FAFF4FF07E51FDF7EEFEEA
:1023B800014601900098FDF7F1FF01467D48FDF7C1
:1023C800E3FE014600900198FDF7DEFE00990746FE
:1023D8002046FDF7E3FF01467748FDF7D5FE0146A5
:1023E8003846FEF78FF82946FDF7D8FF002E61D052
:1023F8004146FDF7C9FE2146FDF7D0FF4146FDF7EE
:10240800C3FE2946FDF7C0FE731C054600F0878011
:10241800012E6AD0731C392B4FEAC6553CD8162EAC
:1024280000F38E804FF0807333412146C3F17E5410
:10243800FDF7AAFE01462046FDF7A6FE28440FE058
:102448005E498A421FD85349002E62D0FDF79EFE8E
:102458004FF0FF365A4B054669E70146FDF796FEF1
:1024680002B0BDE8F0815749FDF790FE0021FEF764
:1024780033F9002862D146492046FDF78FFF01460F
:102488004FF03F403EE74249FDF788FF0146002EE6
:1024980071D04FF03F4035E72146FDF775FE014604
:1024A8004FF07E50FDF770FE4FF07E512844FDF747
:1024B8006BFED5E701462046FDF770FF2946FDF77C
:1024C80063FE01462046FDF75FFE02B0BDE8F081DD
:1024D8003D49FDF75BFE0146FDF756FE01462046E5
:1024E800FDF752FE02B0BDE8F08138492046FEF7FC
:1024F800F3F8002833D04FF07C512046FDF746FE14
:1025080001462846FDF740FE4FF04041FDF746FFE3
:10251800A6E7FDF739FE01261F4B054607E70146EA
:102528002046FDF731FE4FF07C51FDF737FF4FF0A5
:102538007C51FDF729FE93E7002E91D024488FE7C0
:10254800C6F17F01C905FDF721FE01462046FDF7CA
:102558001BFE4FF07E51FDF719FE284480E72946FF
:102568002046FDF711FE0146FDF710FE4FF07E51A3
:10257800FDF70CFE74E74FF07C50C3E6304602B01E
:10258800BDE8F04100F04AB843B895411772B1422E
:102598003BAAB83F8071313FD1F717371872B13E67
:1025A800BBED57B4547E8636CD70A638010DD03AAF
:1025B8008988083D000040400000C0409115853FD3
:1025C800D1F717B76042A20DCAF24971000080BE68
:1025D800000080BF10B582B00446019100F058F9A0
:1025E800019903462046196002B010BD08B540B1F4
:1025F80001F10040FDF7D2FEBDE808402221FFF7B7
:10260800E9BF0846FDF7CAFEBDE808402221FFF7EA
:10261800E1BF00BF4FF08051FFF7E8BF4FF0E04146
:10262800FFF7E4BF2DE9F04320F00042B2F1FF4F7D
:1026380083B004466DD84FEAD07500F0CB807E4950
:10264800884200F3B7800028C0F2BA807B4B9A42D8
:1026580065D97B4B9A4200F2CC807A4B204653F8DE
:102668002510FDF791FD784A52F8252085F00103E1
:10267800904607465E1B41463846FDF785FD0146F4
:102688000446FDF78BFE71490546FDF787FE704944
:10269800FDF77AFD2946FDF781FE6E49FDF776FDC7
:1026A8002946FDF77BFE6C49FDF76EFD2946FDF7CF
:1026B80075FE6A49FDF76AFD2946FDF76FFE01467A
:1026C8002046FDF761FD014620460D460191FDF7C4
:1026D80065FE01998146002E53D04FF08040FDF7EA
:1026E80053FD01464846FDF70DFF01464046FDF7FC
:1026F8004BFD3946FDF748FD01464FF07E50FDF78A
:1027080043FD16F17D0F69DB00EBC65003B0BDE851
:10271800F0830146FDF73AFD03B0BDE8F083B2F15E
:10272800505F09D24E492046FDF730FD4FF07E51EB
:10273800FDF7F0FF002879D121462046FDF72EFE4F
:1027480042490546FDF72AFE4149FDF71DFD294688
:10275800FDF724FE3F49FDF719FD2946FDF71EFE4A
:102768003D49FDF711FD2946FDF718FE3B49FDF7E8
:102778000DFD2946FDF712FE01462046FDF704FD32
:10278800054629462046FDF709FE4FF080410646DA
:102798002846FDF7F9FC01463046FDF7B3FE214611
:1027A800FDF7F2FC01464FF07E50FDF7EDFC03B05B
:1027B800BDE8F083002003B0BDE8F043FFF72EBF6B
:1027C800284B9A427FF642AF002003B0BDE8F043A1
:1027D800FFF720BF002D9FD000209DE706F164037E
:1027E8004FF0586100EBC350FDF7D8FD03B0BDE8CA
:1027F800F0831D492046FDF7D1FD1C4B53F82510E9
:10280800FDF7C4FCFDF790FF0646FDF773FD184978
:102818000546FDF7C3FD01462046FDF7B5FC154901
:1028280007462846FDF7BAFD804624E74FF07E515B
:102838002046FDF7ABFC6FE71772B1421872B13E44
:102848009115853F644503085C4503084CBB31334B
:102858000EEADD3555B38A38610B363BABAA2A3E02
:10286800CAF24971B5F1CF423BAAB83F6C4503089B
:102878008071313FD1F7173720F00040704700BF13
:1028880002440346934200D1704703F8011BF9E75D
:10289800014B1868704700BF0400002070B50D4B4D
:1028A8000D4C00261D1BB6EBA50F09D100F028F82A
:1028B8000A4C0B4B00261D1BB6EBA50F05D170BDAE
:1028C80054F8043B98470136EDE754F8043B984721
:1028D8000136F1E774450308744503087445030895
:1028E800784503080A44914200F1FF3300D170474C
:1028F80010B511F8014B03F8014F9142F9D110BD01
:10290800F8B500BFF8BC08BC9E467047F8B500BFD4
:08291800F8BC08BC9E467047A4
:102920000000000000000000CDC14DBE9299C3BD63
:102930008303AC3D1CF56EBD5433B23C4C049E3D4C
:10294000EC0000BE8818A83D2DA5153EF3E74EBD4E
:10295000EECD73BE06CF8A3E8F0073BEDAE84EBE60
:10296000699CD43E1EAA39BF21A75B3E252500BF26
:102970008C5EBF3EED54013F98B0893EAA8A8DBE61
:1029800083BFF4BE23CA353EC8629D3E68BD8BBE80
:10299000EE294CBF53F2373E41AFA4BEA21DCDBEBF
:1029A00085B8F1BE6B8888BE8EAA113ED1C73BBFE9
:1029B00053A5DA3DC4B61DBE6F1C9E3E704408BFD1
:1029C000A4AE82BE2D5342BEAE0D9C3E6BF7873E39
:1029D000FDA062BF03A68ABE3B0F96BE1F2F5BBE43
:1029E000C9A1D23E35D4123E13F0793E44BED23C4A
:1029F0008D0680BFF11386BE7A37AD3CC44794BEC6
:102A0000720A873D10EF80BEC292AA3E627E8BBCE6
:102A1000D6382BBF0D77113E3B7277BFC053CF3DE9
:102A20007F17CA3DD69DCABEE014B13E609839BF3B
:102A3000CB3608BF0A17D13D62D6053FF6F5663E94
:102A4000FA74BF3E32A8CA3D2C55173EF1ED91BE37
:102A50001B4F803D6ECFEA3E48E446BEEC6DB43C71
:102A6000A61E7F3EE0019B3E6093843D4609EF3EFB
:102A7000A63E30BE0AA13D3E7D97113D6810E4BEE2
:102A8000A0B0763EEE5130BEDCB2D7BEF10665BDD9
:102A900002CF073E3D21033E529668BE15DA70BF55
:102AA0004500CDBE6AF695BE5313B2BD374CA23D6C
:102AB0009C9B13BE4D3B24BFAF97033EB52DCB3E31
:102AC000740329BF56B70F3F8174093FE894AE3EA7
:102AD00052430E3E8FE5293ECC2842BF2FADC4BEE7
:102AE0001A73C9BE4DD46CBF2E7135BF9154AFBEA1
:102AF0000883D8BE8759763F4515113F28AED93E89
:102B00001D63C1BE1969B2BE8E03D83E56C6B33D21
:102B10001CD7BE3E089908BD2C45E33EAB28703E4D
:102B2000FF09233F733F28BE111308BF985CCD3DBA
:102B3000B454A4BE3523BD3E3242EE3DE025633F92
:102B400017D78B3D96BCC4BE3D0366BEAD8A0D3F14
:102B50004E3C4EBF2D29E73E54621B3E909200BF73
:102B6000D96BCA3E4835D33B68E420BFB8EF5E3C22
:102B700017F025BDEA29B43C617D24BE226F0ABF4F
:102B8000B7093FBE9BAF9EBEA686EABEFDC7D73D36
:102B90009AF1ADBD423A27BE4D5DDE3CFFA4493EF1
:102BA000C262403F05B192BEF38754BEB34B043FAF
:102BB00036A03ABE191570BEC23743BEBC635E3E36
:102BC000C4668C3E137E1BBFE2001C3E3753C43DDF
:102BD000FA576E3E0AB00F3FBB99113E4D6F583EFB
:102BE0009521E53E073F55BF37CA803E9C71613E47
:102BF000459CE4BE52AB8A3DE0F973BD17D83A3F1D
:102C0000FED970BEA33E3C3ED8F24E3E2DBC9E3E49
:102C100093F527BCC84112BF9445DE3BCEE2EE3EA1
:102C2000B0E91E3FD45759BF016757BE1A08C8BF45
:102C30001D2E10BFCA1C81BD1F92163FD00B4ABF6C
:102C4000CD6F9B3E2F823CBC2B33F43ED0BC79BF72
:102C5000BD6961BFE8616BBEBADA523EBF1DF63E88
:102C600084DC043D2A43593E9B42043FED4531BF7D
:102C7000B603AB3E315E24BEC8ED003F44AE6A3EB3
:102C80009898D13EEFE5073F2A9A06BE6D81383EFF
:102C900022C432BE8D89233E8E93853EBF22283EBC
:102CA000039D6CBE0C7297BDA52537BFC5DE563F90
:102CB0004C5F4D3E51CBEC3D0CA01CBF22A849BF40
:102CC000E95793BC8AE34A3E1074C3BE9968A33D9A
:102CD0008063273EE29988BEC6B6083FACB8313E55
:102CE000C81A85BEA170B1BEA802B3BE55A98BBEDD
:102CF000E31D9B3ED46A99BD38FA66BF4FB43EBF10
:102D00006681AF3D80D388BD818126BFA6CCDA3CE9
:102D100080BE7B3F88E2F0BE10AA713E5FBD9A3E46
:102D2000827F13BF773B50BFF91250BEEBF0053FD7
:102D300074BC41BF2E3825BF61BDD63D4DC708BF0D
:102D400038A9DDBDFC7F813EFB292B3E382A5EBEC3
:102D5000A2FB433E5AF0183FA717E5BE3570D2BE1E
:102D6000ABCA613E21C7613E5BC788BF214D173F9B
:102D70005377C5BFCCA6C3BD9E0ED7BEC69FD8BDD8
:102D80009F3CF83E0C1BD9BDD7C60F3EE625D43D6F
:102D90005DEE5CBEA295BFBE350CBEBE6D47203E4B
:102DA000FAC0F23EF4D88D3ED088DC3E070D8FBFCE
:102DB0008EDF02BE80A6453ECC9038BCD4CA9C3E75
:102DC0009AE3D3BD184C6CBEC0E6253F788F4ABF4E
:102DD000750423BEE55232BF63FDE2BE8D5FD83D70
:102DE00023587FBF556E163F22EE77BC2A1D543EF6
:102DF000FA0C0A3F6C62A93E092C503FEE22763E47
:102E00003939273D047732BF075B2DBFBCD140BEA7
:102E10007185953EC9C8FB3D6E3A9D3D4EDAA0BF17
:102E20006E61A13E6760A53EA23A53BECF4935BE52
:102E30005C3939BF2EAC963E9EE7573E8CFEB43DC2
:102E4000B8F4AD3C274F913E2987CEBFB5D3003DA6
:102E5000BD5CE63E4547603E208837BFEAB0823F12
:102E6000340E88BF8E3807BFC4CAD83EDC1685BF73
:102E7000B6C59DBD504581BF4AFF21BF0E4FB73E2D
:102E80007E4D3DBF688C983E16C980BDC8BBC1BE93
:102E9000A250E63EB69298BDB38F51BE947AB13E31
:102EA0003CF3E53ED6F847BE16640CBC8951ABBE78
:102EB00075A0A13ECF6C083EC3C9A13DC16730BE1D
:102EC000B6C99C3EB134103F05539A3E51B5D43D2E
:102ED000D712023FCED6D43CDBDACC3E1679ACBE5C
:102EE000F3147D3E1898AE3E7B776A3EB322A3BDB5
:102EF000B7D5D83E6C8D203E386E4BBFAA0F78BF39
:102F000014C78DBE9870983ED61C18BFA83453BE07
:102F100060AD8DBEF223723EFE86CC3E9554B73E28
:102F2000E1CF2EBF8D4D513F1942A8BE725CC23E0B
:102F3000F987033F76FB4F3F6BBBCBBDC56F18BF17
:102F4000ECA3AFBED2F3653E50F3A43C8F0144BF67
:102F50005E21023FB3C6883EA986D4BD770FA3BECB
:102F60004A58D2BEF6BC08BFEFF0F43E69C1153F27
:102F7000AE81AB3D71DCFCBDB6F9C43C30E7543EDC
:102F80004D413BBF4C9A90BE64F1AC3C898E143EDF
:102F90007165D7BDF360263EBA0E653EA728223F75
:102FA000327D383EFAA72EBE87236A3D701246BF97
:102FB000FA5BA3BECAF1503EBD1AB33EC741C23D43
:102FC0009DFD54BF6DC50E3F2A8D22BEBE662E3EAE
:102FD000CCF58FBF6FB822BE4F928EBFC91404BF0D
:102FE000BA2280BC2B43173DE9AA8F3DEAB79B3E2E
:102FF00048B390BFC0DE403E150940BFF8BA64BF79
:103000002D2A1FBE9539D43EDEF14BBE121F473E1E
:1030100092F36DBDC8F81C3E75CF36BFAA4904BFF8
:10302000D0538A3DF272BB3E40C2A7BE4C9F40BE09
:103030000F1B0D3F101D21BF2B43A03EA7DEDA3E24
:1030400061878F3E584DCEBED981B33D189F60BE7B
:10305000ACD313BE4E3389BF6EDA14BE6AAB85BEE5
:10306000D9A6AF3EB11C4CBD752BB1BEA8F2543EE3
:1030700096F0093F5DEB673EED94243F16BDAB3EF5
:10308000151A63BEE1C28FBF7824FE3C8147C3BEE0
:10309000D8D45D3F5866953DB4EF7E3EADFFB73E58
:1030A000287610BE7690B1BE7FECB13E4971183FD4
:1030B0001D11183D219869BF104060BF8949A73C88
:1030C0006DD89B3EF8D06EBED26A2D3F2B912ABFA1
:1030D000C8A4E1BE5DD71B3F01398CBE372ED33E5D
:1030E000263C03BF457F083F6F5026BF445005BFB5
:1030F0002BA612BE7393D2BCC358373EB338B53E2D
:10310000F043713E59F90ABF4D79B4BE3117BFBEC5
:1031100034EB22BF448ED13EED205CBE5B46853E43
:10312000B21FE2392E383BBF1B73743DB99350BFB9
:103130004AE8063FD9A6BA3E9301773E57A3533ECD
:103140006A1817BF9FC84DBE6A19CA3E5A9788BEF3
:103150006B9219BB291F26BE99D86BBE7BD3FEBECE
:10316000EB2307BFF7B9F53EFAC5AC3EDDDEF73D10
:103170006ACA36BD7230DCBE927F3DBFDD16EF3DC0
:10318000D10CA13E5F31C2BD65278DBC1452723D8A
:10319000F14080BE260ADB3E8454373E648C20BE5C
:1031A0008854B5BEF7E95C3EF62EEC3E992208BF86
:1031B000020FAA3E3AA227BD45F00C3F426BDA3E11
:1031C0003040473EB6CDA5BEB6292DBFB706DA3D85
:1031D000E89524BD6391AB3E5DCA5ABF977E913D91
:1031E0002196353EA524783EC995BA3ED106CD3EFE
:1031F000E74057BE8C3E81BFE59AB4BE928EC7BEF3
:10320000F16758BCCA5E5C3E0429BD3E7C9DA43E6D
:103210001BB406BFA18C48BF9A0488BE1C7BDBBDD3
:10322000628B14BF799CC93D135C9F3D2C2651BE17
:103230004541A13E1B73D7BE1A5D7FBF5FD96CBFEE
:1032400006645CBF6717233E07E00CBE113083BEE7
:10325000BD8EB03E143C09BF23AB573EAE98CD3B6C
:1032600095D74C3EA6FD9F3DF460363E82A906BF31
:10327000B155E6BC7DC5763EFE0717BFE6E7003DCB
:1032800032F94C3EC2C2A33D274FB63EF88F993D5E
:10329000A85A8BBF508011BF4B432FBEEBFB87BF9B
:1032A00019A592BF43CA87BD53F467BF41DCD2BEA4
:1032B000EABE2C3EEB0613BEA9421ABE0AC6763EF3
:1032C000F007A33E68EFF4BE04B51EBF5200C7BEB0
:1032D0006336993EBBDB3EBF4520463FCE7CA13DD9
:1032E00024E4053FB2ECC4BE666BCF3D5DF499BEED
:1032F00001ED123E19EAA6BF6F3491BD1A3F913E0F
:1033000022615C3E94BFADBE1D3CB63E6453A83EF8
:1033100077BCD73E7841BA3E81C2283BA45FD1BE7C
:10332000C30684BDFA3388BEB838913E861FFB3E83
:10333000542B563EE6AF113D2B1C0FBF0C3987BEF8
:103340008AD11E3F77A4BDBDE85529BF17AA0D3FFE
:10335000CCCA083E8717E83CC3AD81BBD674363D66
:103360009D35BABC18AD4E3D6B05973DC4DE143E8D
:10337000A3FB16BBD643893CDB8417BE54CA693D08
:10338000948FC03C2C3738BDCFA9A2BBC8AEA3BC1C
:103390003701B8BDFAEE81BD8C1FDD3D0CC40B3E7C
:1033A00063F85F3E6301633DC83E603E545CE1BB31
:1033B000238DDB3DA114743DE319943DF00D133DC5
:1033C0001E9E843E50DED5BD2804673E88B12ABCCF
:1033D000013407BECC142F3E8713B7BD69C01A3E17
:1033E000BCD0E4BD29B0873D5522FC3DDF66053EDB
:1033F00061164C3E28F81D3C74F713BEC06A03BD2D
:1034000003AAED3C41E9A53DB487793D9FD25ABC62
:103410002E2882BD7CF688BCBEADA83DC412DE3A23
:10342000BD6F2B3E6091473D250E92BC50B492BDBE
:103430005B1EAE3CA1B2373E5D2D1ABE8929943D7C
:10344000DFDD4ABE83AAF23D41F2E13CA49A7E3D13
:10345000B27028BDD6C96CBD3AB89ABDAC0F8FBD4D
:1034600040E7B1BC846092BDAD97933D2934A33D44
:10347000D7E75EBDFA1423BDC60669BD989C08BC9B
:1034800064F7343DA85255BDC294C2BCAF9C99BDEF
:103490002BCEA03DE7201DBD22F6F7BC4C439C3C43
:1034A000F477F0BCAB9E843D20C8E33CBE58693D38
:1034B0008EBFE6BCF05ED83B2A4430BD65BC8E3D75
:1034C00030A49BBCA0FB17BBE01E36BC42DE0E3D09
:1034D00054F38D3DD5F64CBDEF56E4BC71E8BDB953
:1034E0000EAE6CBD2DD206BE744F0F3D360335BEF9
:1034F00006089A3DF3F45D3EAEB7123E9FFC7C3D5C
:1035000097D48CBE9B9D8ABEFA8E553E3747B43EFB
:10351000227FCC3ED4CB4A3EACE9403EB2B8EB3C35
:1035200092021F3DE77C4DBDF0D180BDB099BDBB7F
:10353000DA9D0FBDC89B68BD52D07CBC2E4EBDBE6F
:10354000115603BE3755D43D1D58AFBBF24249BD9D
:10355000B90F4EBE3D5F53BECF2A27BE15590EBDD3
:10356000C377B2BE3E1250BE1F9C06BE3357F3BD9A
:103570007FE73BBD56DE2ABECA8211BE8DDF3B3ED1
:10358000F92C923EEEA6943E8DD0D23E83E1BD3D15
:10359000E15992BD6602E9BB65BF9B3D5C05CB3C32
:1035A000726BA6BD70A683BDFC64E63D51C78BBEA1
:1035B000D9E06FBE3EF3BD3CC2B48A3D49398D3E71
:1035C000BD1246BEC6C686BEBFD8B4BE87BA99BEB7
:1035D000EB01A6BE72CC5ABE9B206DBD80F634BDF9
:1035E000C73A8FBE6717DABB29B7FD3D82E5A8BD94
:1035F0000D8205BEA2A12E3D67B42B3E0DF968BC1D
:10360000AD5028BE80D4EEBD3ED5393E13AB80BD53
:10361000F02544BC3EE40A3D6DEA58BE3D4DCC3D2C
:1036200053008FBD4BEF58BB3B6EF53D2F787EBEF0
:103630002D3C32BF3F37F1BE3BFD11BFBD66DFBE43
:10364000EF0D05BF11A671BE10252DBE3E4871BEFF
:10365000DC72A6BDFB0E303DAB9DEFBBD7EBC0BD12
:10366000D9564BBE1AA1133EAC1A593E85B4F83E4A
:103670005EC3B13EDD66023EA1BF5CBEDDAF053E6E
:103680009BDEA2BD6F5695BD5674C3BDBF4F9BBE9A
:103690005C1EB6BD2F68823E5616A5BE0227D6BE5A
:1036A0003DEF26BF4F6EF8BE00B001BF508A35BE59
:1036B000D1ABD1BD5493E53CF1B633BDFFCCCFBD0A
:1036C000DE9AE0BD2F5003BDDAEE79BCD6D049BCFE
:1036D0004DE51E3E2E6E73BD13CEA3BD158EEC3D83
:1036E0007AFD9D3EA2363FBECABD6C3ED7DD823E0E
:1036F000F065C9BB242F48BEA51C423E0E7A96BC7D
:10370000D645453E5D1F74BC495A1FBEBDDC87BE11
:10371000691EDABEE429D9BE8EE876BE2CB833BE67
:10372000CC4D883C155667BB0CBF533D5957313DB6
:103730005D9187BD56179FBC74DDE13D2566C23D96
:1037400014C25B3EBD5AD33DC8660A3EDFBEE73DAC
:10375000A38A513E265002BE1FEB0E3EB37E023EB0
:1037600030F9FA3C28ADCBBEA15ECBBDBB00443ED8
:10377000E7DE86BDA395313E7E8546BECD219ABE4D
:103780003F44FBBE3432ACBE3E1B59BEAA018F3C47
:1037900097E31D3E9261263EDFCB343E08540E3E39
:1037A00056488ABC3E42023D3516DF3D38FA243D7C
:1037B0001EB15F3E2826993C0C2A223EC9DD243EDC
:1037C00054E4813B7C01CFBD5EB2F63E79795F3E29
:1037D000404AEEBAF08864BE827767BE25F3D33DD7
:1037E000CB081C3E57C2423EF5C9513D68DCD7BDEF
:1037F00005652BBE3879B9BE6C92ACBE2E93C83D20
:10380000D89D593E406FDC3E32500F3E3C23813DF7
:1038100064B0B8BD3FB0B33CC540B43DA7A56D3D55
:10382000450840BD0635353E29197CBCB12BA53D68
:103830000AE8EB3E5BFBC53E97F90B3DAA280B3E21
:10384000C20C393D6127EFBD74429ABEB4EFA5BEEC
:1038500004A2143E05CC92BEAA5371BE411188BE8B
:10386000CF70C1BE810912BF1E67A3BEB7CEE43DB3
:1038700036DF9E3EFA5EC43EB192713EB54E2F3D9C
:10388000F73A38BD0273D3BDE17B593DF5A3963DB0
:103890006E492EBE231EF63CA13453BD698C72BD09
:1038A0003327C13E4DB8443EC1FCD8BC5B77E7BD71
:1038B0009E18413D45F224BDF99821BE9E1840BE98
:1038C00083949E3C958503BFA166E1BE96C1B3BEBD
:1038D0007EB38EBE6B658BBE5A3460BD9323033EB0
:1038E0000C06913E7BAB913EE7DB173E97E4323C02
:1038F000468B2ABE830E7BBEE28814BEF6D2A2BDE2
:1039000092938DBE7A0400BE9D3C02BEB1A941BE19
:1039100064CA963E33B3E03DEF7482BDD3273EBC0C
:10392000CEB7A4BD3B5E83BCF2E6A13ED18DD53DB2
:10393000D317023CD355ACBD66132DBEB20B22BECD
:10394000416994BE2B94A7BE0243E93A7D97443E59
:10395000A154B53E96A7873E258D273EB4E094BD81
:103960001892FD3C0B4811BEC2E182BEA3DC2BBE07
:10397000448474BE545F823D52525FBE6977AFBECD
:10398000815492BDDD0183BD8CAC113DCDBF46BDE0
:10399000C926893D3C806E3B5D21813E9550343E79
:1039A000D888CE3C1528B6BD038597BE53B2A4BEB9
:1039B000F17855BE958459BED299613D8139E83E72
:1039C00066C49A3E44E8463E011FFC3D4FBCE73DBD
:1039D000ADCDC6BB7B379ABD9D0C61BED4064ABE39
:1039E0009BE2FD3D6BA2193E9FF5BCBE8A558FBE82
:1039F000AE1C65BECB63C2BE1919BFBEA54CAEBE20
:103A0000261D1C3EE0AA253DEAF35FBE090ACA3A1C
:103A100035324A3D6D4897BE6E8C89BE588CCDBDFF
:103A20007D531DBE41B6393D305CBC3BBE0C883D6C
:103A3000E5AE883E9D316D3DE447193E9EF8973EC8
:103A40007F52C53C69A9CDBD86493DBE93553DBD5C
:103A500061FC333E0C17BFBD234C89BE937B7ABEFD
:103A60003E0388BE19FC8FBE541E37BEC316C5BCAC
:103A7000762B2B3DFBA8173D216870BCD514453D26
:103A800067CCC63DFF436ABE87E6D5BE6F0845BE1C
:103A90004E791EBE5B472EBDB485163EA109A73CDC
:103AA000754FA7BD66C2D5BCE1CFFD3D927D6C3D93
:103AB000CDA4073E134E44BE2C7F4BBD9FA889BDAD
:103AC0007719C13DFEA9B93CBB9B87BE534FA5BE2C
:103AD000DE4A95BEC1F706BEE3ABF3BE0CFE6EBD7B
:103AE000CBB4C83D68ED99BC836CB1BC71180F3D77
:103AF000374F163EC9B79FBD228D853DFE4B63BD36
:103B0000A7C71A3DB960DEBD46889F3D66B8FCBDBB
:103B100073F715BE8AF572BD85F93F3EEF872B3EE0
:103B200075EA323E0543A33C75D9753DA6696CBD67
:103B300084D11D3ED056333D6B6FBEBD67D3ADBD46
:103B4000CF9518BED7EA26BE3658DBBE6EE063BE00
:103B5000E64248BD1CFD0DBE6ED0AABD7E9CB13DA7
:103B60001659663D50BC8D3E807B003E5A0B43BECD
:103B70008F4E7DBD17D038BED6AC4FBDAA4910BD03
:103B8000E53561BD38EE99BCE1CEEB3DF6846F3D85
:103B90007555013E0607D33DAC76C0BC82C9B0BDA9
:103BA000896336BC332D83BD80DC763BB6BA3D3DA0
:103BB000B0CB9DBD8000CBBED767B6BE2CD073BE48
:103BC0007FAE973DD508F03CF4EC2E3D8CAFAEBCFB
:103BD000B7D0173C9049A23E6805C23CB32C3D3E8D
:103BE000CCFA823CB7FCB43D9A985B3E7AEE74BC4A
:103BF000768CCABC41DEEFBC5B16853E000D953E5F
:103C0000463FC23DD015823DB41FA23DC1EE72BCFD
:103C1000430CD83DC93601BE6171F7BC1EC7603E7A
:103C2000AAE359BC9EDEBDBEB133C0BE9BAEF9BE99
:103C30000C58FE3D83F8573D82C5923D377158BE02
:103C400091B860BE7275F0BD6EAE98BDD1E08A3E8F
:103C5000A3E0A33A7DB52A3EED385BBDC6C789BD5A
:103C60000C65223E9C2E6A3E7860443E2BAD0B3D97
:103C7000772D903ADFD69B3DD6CE66BD5DD28E3D88
:103C8000E5F7DD3D0E1C28BE290638BE84F9DBBDF4
:103C900092E525BD6F7790BD8CF9223E7EEB98BDF5
:103CA000DD34B63D7681613EB51913BE6C8EC3BE60
:103CB000E851A3BE4B8F19BE71DB1E3C79B5223C87
:103CC000111927BE69203ABE3EC65BBD38C09CBAFA
:103CD0001CE3453E95912FBCC218933C8B1ECC3CF7
:103CE0006805A63D2F1486BD1AEADEBDC9C698BD7B
:103CF0001AD7E5BD1D0D24BE677DBFBE425650BD1F
:103D0000ECD6BABCCECFAEBB079914BE5BE0483E42
:103D1000EE7423BD85D01F3EE2B7C2BD5B7219BFF2
:103D2000772BD4BE2A3EF7BDC3DDB8BD09F59EBDD5
:103D30006C45E5BDBB87FABD86EB7FBD93BBC7BBBA
:103D40001BE9043DC4E169BD2D4099BD5F0C84BCF5
:103D50008C315CBDEACA5E3D548F3DBE082BDA3D16
:103D6000BB3605BE5DEEC2BE1389ADBE4D44CDBCB3
:103D70004255BF3CB40FC13DECC2683DDD9F873D5D
:103D80008E16D83B119B5ABE730C90BE5E1CC4BEEF
:103D9000567FD4BEA40E0EBE29E853BE1414AFBD88
:103DA000341266BD46BB3E3AFA352FBE2361CD3C88
:103DB000AFEB9CB620DFC73C2C202DBD6A47BDBCB5
:103DC000445081BD378C8FBC8174ABBCA63F65BDB0
:103DD000E49B6F3D590186BEDF7A65BE4E3B90BDC8
:103DE0004C831F3DA233ABBDEC86C8BE13C6A0BD3D
:103DF000FC33EE3D49A4463D6E045CBEDC45313DDE
:103E0000CDE296BE8803A7BED97C00BEF20CCBBD26
:103E100088215FBDE33A97BD7BAEAA3D4FAB063C20
:103E2000DB0B4F3EFB19FF3D97C2143E432F88BD6D
:103E30007860953D1A8D0C3D74F3183D6BBD483E7E
:103E4000A2BA523D032515BE1D7384BD23D3953EF2
:103E5000F0D8063D1761F0BC76618CBE6257423DDA
:103E60002ADA60BDA03149BC757601BE953184BEA9
:103E700034E4BABD039CD9BC167588BEB93109BEFD
:103E8000DFFDE83D226F2E3DEEFA733D03444EBD4B
:103E900091F72C3E161E953A2017FF3D809A85BD5E
:103EA000A47A023D20D23ABDBF85B43C2CC8693EFD
:103EB000C1127DBE3D0E7ABEA53D91BE1B3C8DBE9E
:103EC000202984BEF82D07BED109893DEC3595BD6A
:103ED00028B9D8BC8082CB3B36E69ABD51E06FBE94
:103EE000D1E152BE16E8433EF0F0C3BE393CD8BD26
:103EF0003962433DE6CABBBD1B169DBD8F7C54BCD9
:103F0000D6F5863D1621803DE90E30BD2C3C5E3D48
:103F100059737E3CB6BA2FBEBCB8363D9DECBB3D56
:103F200078A140BEE339A2BEAC65FCBDFC124C3C9E
:103F3000E05827BE737D16BE48CCE1BD6E477B3D81
:103F400080C9513C8090473A02AE5C3DC652E73D85
:103F5000C7901DBE2113E1BCDEBE97BECEC949BECF
:103F6000E8B935BEB71E9BBE653DC3BDCDCFB83DDC
:103F700038EABEBC43985FBEEF9853BDE56B1EBEEA
:103F80008A78C0BD3C37F13B7981AABD3E199EBD00
:103F9000619D37BC3EA8DCBDF4C12D3D86C7AA3E5D
:103FA000E4F8BEBCC71DD2BC16D6F0BD7E3B7CBDBE
:103FB000938AA93D0DB79DBD2008A23CEBDF4F3E83
:103FC00040EF4C3EE663BD3E5E38993E333DC93E10
:103FD00032621F3E5A69703E85AF5A3E0A47DD3E47
:103FE000FA8AFC3E5D8C563E4EF5913ED923953EB5
:103FF000131BD13E4C5B8F3E9C6EC3BA3693ECBC18
:104000005D14883D379082BC8802A23D00A0EABDC5
:10401000EB0057BD6E6683BD60E49BBDFC87A23C90
:1040200020BED9BCFCE07EBDF587993D8E874C3D16
:1040300097CF80BD02001ABE1584DB3DA8F6FB3D7C
:10404000A8CF713DE69E613EA0E8633EE4CE383ED7
:10405000357C943E71FFD43DE748F53E056CCE3E7D
:10406000729F783E0F6F173E1CA5FF3D3F21053D17
:10407000134209BDB98AC4BDF23298BB1888743C9A
:104080007209563DA4F42DBD26FD433D2FB28ABDD5
:104090001407B73C894897BDC0C60ABC34C500BDEB
:1040A0007E563C3DACB5DF3CBCF401BDE20C95BD99
:1040B0002A1EB6BCE1BE8E3D147CD73CD0AA913CF2
:1040C000E2E4A6BBE3CFD53D18EAB1BC663CA83D0F
:1040D000A75F95BDFC5952BDDCFEA7BC9EB1303D2B
:1040E00039F1833DA4CB24BD6FDEAB3DA903843DF4
:1040F0000B03A23DE4CA82BC919F65BD823509BD18
:10410000EE35513DF737993DF7D48F3D9EA56D3D76
:10411000A9526FBD10C9CA3CA288173E3F25323E46
:10412000A83FD43D5FEA883D39060A3EE96B623E0E
:104130009A4CE83DDDE3053EC30E1C3ED557413E9B
:104140009D80C93D083B153E8E7C133E04AE023C6B
:10415000FD81E1BD5222173DE5DDF13C248F743D28
:10416000ACC37FBD4615173D0CB68CBD8078A8BC8E
:10417000C04ED73CD2C37CBD8EF0BE3C3FD96ABD99
:10418000B7F785BD4E95A03D485B1F3E7AE85F3E80
:10419000612DEC3DD8DF553ED8F38A3E6B04C83D17
:1041A00037F8253E9301943E839BAF3E96949D3E07
:1041B0007235993E097E0F3E886812BCA62E3F3E9E
:1041C0001D30833E56277D3ED226DA3DB024663D23
:1041D0009E265C3DF5913DBBC0F21C3C7C6098BDC9
:1041E0005AEAA7BDAB07923D2DF5643D48C0A6BD78
:1041F0002783123C72F682BD2D46CABDBFA82CBED5
:104200003B7924BE68CE7B3DC85B9A3AEB39903D42
:10421000D9F6393D2F3E0C3C22F564BD82C2853D66
:10422000547C633CA3DA2C3D94DA9BBD72C08B3D79
:10423000656657BD0CDE03BEB6EC3DBDB35699BEF8
:104240003843843EA3BD2EBC705C7C3EE628763DA0
:104250005A987E3D35E947BD4BB533BE1723A3BE03
:10426000427D8DBD322614BEDDEDF53D87C20B3D8E
:104270008F84E93B44F1783E3709463E390BB9BD9E
:10428000F48343BEBB1290BD7C442FBD911042BE4F
:10429000AE08E8BD632AAB3C211A553C5809A03D45
:1042A000801C513DDF6A31BEBBEC16BEDA4F683D63
:1042B000B84502BE7F7DA3BD3367B6BEF8DEF63DCE
:1042C0003107863DE0DB2D3C17F67F3DC886A03CDC
:1042D00085D6BF3D022572BE3F14B5BDD6954CBEF6
:1042E000E45800BE8B1C48BEE5CDEFBD41EB8FBD51
:1042F0007871943CACF6E03D74EBA43DA4634F3D73
:1043000092DF3ABDF6BA5FBDFCE8E43D7592B1BC00
:10431000D7A180BCE09B103D47B7293E92C4AB3E7D
:1043200026E0133E0D280EBEE04673BD3F203E3E04
:1043300050F9323C580303BD442BA43E06782D3E71
:104340002980323EB3AC31BEB26B0CBEB88C49BED4
:104350005CE8ECBD9727CBBE11B680BEBC10313DEA
:104360003241C83DF566873DD7AF263D3F12D3BBEE
:10437000014F91BDE4EA58BDDFCAA1BDE56F36BE6D
:10438000EA7D67BE13A0863C8D8E263EC7F893BBA0
:10439000D19D4DBC13CE04BE81B41D3E74D30DBD62
:1043A0003EF4593D7C1F71BE6F15953EFC0DF03DEE
:1043B00090CF213E64248ABE54DE96BD8ECE763BDD
:1043C0002C1921BEA49AC3BE797580BED1EC913D53
:1043D0008F63753ED730913D9070653E3B61F6BD71
:1043E00015D7993D6EBEB03D146165BD23BB6CBE53
:1043F000BB27B8BD182E12BD24F6B4BCE6E79FBD9E
:10440000CC558FBDAC89BCBC9679813EEDAB2F3EBF
:104410005B4795BD0C1422BEB49A853C080D0CBEBA
:10442000C30F36BEA89784BE0A992D3D403809BDFA
:104430003BC36ABE0FC183BE94FE6BBEB0CC0B3DC6
:104440003655453E2249723E9D01773E4963033D04
:10445000A9A618BE99AD63BCA97D13BEAB5DF4BD22
:10446000D8D7053D77C577BEFC961FBDFEFD4B3DF9
:104470000521A7BCB2C9043E23893ABE1A188CBDD7
:10448000A27E423DC314D3BDBD54AF3C4E85EFBDAB
:10449000D6153CBDB41901BC19528CBD66405A3EBC
:1044A00022FE59BEB7F88BBE37986EBBB5FB953D63
:1044B00073E4693EDA433F3E048E363DAA22F83C5F
:1044C000DFCA2BBD4F9A383CE0B3BFBD873EEBBD82
:1044D0006B121CBEE30339BEF652F7BD1FE007BEE8
:1044E0000368A13CAB1561BED2B872BE58FE9CBE3B
:1044F00008C1373CF6BF373EA6BC513C02A0643E23
:1045000036E1B13C7FCBD73D0DC3673EF0E7233E9C
:1045100037E5E3BDC76E6DBE360536BE330233BC2C
:10452000F4AB7C3E341B503E7CB5463E3E46003EDE
:104530003F3E833DF2E8303EE0941FBE3BCA0ABED8
:104540001CB9AF3D16178DBD6BD632BD90E674BD5C
:104550002D0F6E3DD4E45EBEDE7376BD9F7365BEE7
:1045600050E14FBCE5BBB23D775CBF3B64BB0C3D4B
:10457000177108BE4CA3AC3AC663103EB80F853D18
:104580007B2F4ABCFAC44BBE555B3F3B171628BD78
:10459000A91F523DDBCEFCBC1D30823C2D4FD6BD49
:1045A0002559F8BD0919883DD906A1BDC6EB133EB2
:1045B00091432CBDCEE71ABDA70BDDBBFF312FBD4C
:1045C0004DE875BE2FCA1CBE812459BE2F3410BEC3
:1045D0007EAD583D43D1E23DBE634C3EA9C4ADBE65
:1045E0002AAE19BDD3F704BCB8F80D3D013194BD16
:1045F00065CC40BBB2C74CBEEB4DF53C5453CEBC72
:104600001A4A933AEB7724BC2E80063A906C81BE0E
:104610003D168EBD1ADC9E3C664FA8BD3B00A5BA78
:10462000C1B7E6BDEB96EB3CB4ED383E5707FDBD98
:1046300039BAE6BC837422BE0F5AAEBCCAB90E3E6C
:10464000F902A33E4D6E313E8E693FBDC97C0EBE60
:10465000DBABEEBDEF07B3BDADE4A7BB414BBB3D4C
:10466000ADD5D13D08327D3B22DF80BD22C4F5BDF2
:10467000251AA53D9F86C43CE92490BD26C935BEB8
:10468000D29EB7BD08DB5BBD20A61BBE2D874CBEEE
:10469000557340BEF98432BDEE89C33DA14B12BBB8
:1046A000EB04363A8BA804BE8CC1693E988F853ED8
:1046B000D389153E4FD8BD3D91EFCBBCFB2A903E30
:1046C000F95A19BE5D9C013CCDF8703C918E833E39
:1046D00048EA5C3E9D07363EEAF51BBD4BFECFBD6A
:1046E000BAD0B63D7953C63DC48D18BDE530FBBD8B
:1046F0004E8A08BED29312BEA1F2CFBD54253BBE56
:104700005A0D09BDAF5CD2BD6BE9A53D2548523DB0
:10471000CDE78D3E23A37A3E5B87833E33AB4C3E91
:10472000C418723DE87127BE5507D83DC2215C3ED2
:104730002AA36FBDD751BE3CD72923BE3EB2533DFD
:1047400078C9EB3DBC263A3E36DDA73D3838643D9E
:10475000E669243E8681163E7BE654BE09502DBE96
:104760000D6804BB94FAEABDEAC4EABDADDA10BE36
:1047700083DF0DBEAC91013D46C3DD3CCD6D353CC4
:1047800059F0453EEB8FF43E822E6F3ED74E703D82
:104790000F16843D18D221BEB67FAD3C4899233E0A
:1047A00096C3303D766003BC8074F9BD2D49BCBC16
:1047B000C9EC023E2801793CB3B6923D3BB17F3E45
:1047C000D92C173EA7C442BDDF600CBD75E0F4BC18
:1047D0004D3CD73DB8E55D3DBF723ABD1A84F53D0D
:1047E000D77CFC3C69957E3E2A42E83D2688223EE5
:1047F000DF100D3E68532A3FE689EB3EA09A983EB3
:10480000291308BD64E19DBD0478A53C15DF4EBBAE
:104810003CE6E43D3AD75FBD966D91BD2521BDBD17
:10482000C25A02BB7F255E3B06D94C3EF22A423E6D
:104830005D67753D8AC0433DE67BB13C09E90A3EB0
:1048400083E9C23DC942643DE703EE3D2BB90E3E0C
:10485000B0B9CB3B10986B3E74D5493ED54C30BDBA
:1048600046BA1D3EDC41873E4F47CD3C4EC7FD3E1C
:10487000B90439BDD99C903C42C139BED0ED813BD1
:104880006C35153D6367103D6CDA97BD4DCAAEBD02
:10489000E86492BD7AF42C3E62E2A43DC6A1FD3DDF
:1048A000D564C93DE6EEFDBCD88FE13D244D0E3EFA
:1048B00086BFC43D6FD8943D55396D3EFAEE4C3DF0
:1048C000F86E27BDE7B0613D9AF0003E485E0B3EB2
:1048D000578FB53EEC54C03E8E74BDBE51FEC53EF2
:1048E0007A97413DCBC8D1BBCBBAEABD58F5293C3C
:1048F000C1341F3E2782EA3C24F7033CE7E1F73D41
:104900000C31BE3D78952D3ED658F63D8781983DB9
:104910006F350C3EDF7A613D35E8803E5551A23E51
:104920005D05313E87F8853D0D6CB63DBF7FC23DCC
:10493000612A9D3D22A2B93D74071A3E920C073EA2
:104940005A042FBD6EA7E53EF9ECC33E1E609B3EA8
:10495000C032AC3C53301EBE7B107F3EB515843E4A
:1049600057637A3E468D69BC36378C3DD703903B02
:10497000436A423EA85D513EB1C61A3E6EF8363ECD
:1049800061356F3E4B1B403D6EA46D3E3A50503E2C
:1049900057ED973EECAF663E04A0B73EEF15873E5D
:1049A0008D1C803DDEB1323E73C6363E97A3B03DCE
:1049B000EE6E713CF613C43EFAF6C73E7C79083DB4
:1049C0005A2DEF3D22CD893D9E7E0D3EBF8E253E68
:1049D000F3A12E3E3C69FD3C6A2FFFBCA917DC3CCD
:1049E000A8E5123E3580013E08F10C3EDA81EA3C32
:1049F000CC492C3E52BFD13D7D061B3EC291F13DBC
:104A0000DD29553EA5B5B53D1383C53D16AA7D3DAF
:104A1000BD9F793DE040913D692C433E7BB8153EFA
:104A20006A6B923DDF67DA3E18FDEA3E4FC7783D7C
:104A3000B335423D6C8422BD4EC6F1BC4A3B263E96
:104A4000119DF5BD792CE23CE375B43D29B6053ED8
:104A5000FAF0F33D80D8A43D11CEA7BCC1D5CA3D24
:104A6000CEBE2ABDC1C79FBD750B36BEF4F4CBBD0B
:104A7000099B9CBD39419ABC0A69413D1EF2163D15
:104A800039D7B5BDB18A4ABDB6C5ABBCF7DD133D5C
:104A9000A57228BEABE1033D9619D53E56EA7A3D94
:104AA000287532BDEC1C80BC4A3A0F3E8876893EA0
:104AB00090E0ACBDC5343FBD4121253EA7E486BC96
:104AC0002C62823E7343193DEA7D043E8A4C2E3CA3
:104AD000B46E90BD691547BE7EBD8EBE65B064BE26
:104AE0003DEA01BE8D0429BEF345F83C007684BD45
:104AF000A27288BEF60B85BEB7BA47BE8AEAC23C30
:104B00002707FDBDCB9C013E8FBE643ED835263DB8
:104B1000C08110BB00A281BCA2E1593C4DA6683DFA
:104B2000B1CF92BD4A07FFBD6E7925BEA7063CBD39
:104B30000F5421BED00ED03DF7B2C4BDF1AB30BE94
:104B4000927F6FBEF68BC2BEA701C1BE5A6F96BEE2
:104B5000AC0EE8BECAFE90BE096D01BE4958DCBC71
:104B60003FA779BEDEFDCDBE5F30E2BE00D289BE7A
:104B70009E6E733E32F82E3EE3833B3E484C8DBC26
:104B8000ABB0A33DC1BF83BDD4A4663D7BB530BEF1
:104B90003D9BAFBE036FF8BE9DEDDBBD5F9BAEBE20
:104BA000E4FC1ABFDBAE09BF474721BFA54302BFE4
:104BB000DC2E48BFBEB44FBF949F39BF109166BE74
:104BC0005BE3E6BE3A3A36BF4F12D1BE862252BEF2
:104BD00008D27ABE758BF5BEC787BDBEE85DED3CD9
:104BE00040E53F3E0E6F273DFF45D53DD45F9FBC5E
:104BF0002810903CD6ED493DEDB338BDBDCD683EA3
:104C00007AC94A3EF894843EAE30773D03C3C5BEB0
:104C10002214DFBE15E8E4BE4AD8B2BEAF0E443E51
:104C2000E77E353D8D838E3D9BC54E3E9D52C43EF5
:104C3000EFB9BF3CEC6BEABDBDC357BE0BF7BCBEC2
:104C40000212B7BE87C266BEB5DF1ABEAAAC39BEB5
:104C50002DE1A3BD50FF573C80EC4BBAB3B57ABDF4
:104C6000B497D63CA28901BD3165A63D963C703D06
:104C70008CFABFBB2BB695BD5BC6413D16C28D3CC1
:104C800074D453BC4D43BDBDEEC68ABE99E091BEFF
:104C900069DEB0BD3181603DE471193DD2618C3E69
:104CA00091812B3EF584C9BDE2D864BEB07A04BEC2
:104CB00091F26E3C236101BEF97316BD2F87BBBD17
:104CC000584EF43CA28E503DEBFA6FBDBD94A63D0C
:104CD00098D690BDA8F3133D647DA2BD9EBC263D31
:104CE000695350BD205B143CF1D0973DADA221BD6E
:104CF000A27C7EBDC1E95BBD93CC923DFFD502BDD8
:104D0000AB83A43B0940DB3BADF84FBD95FF29BD0C
:104D100088AB3FBCDC56CA3CEA9117BDF72993BD6E
:104D2000D80942BC5AD82F3DA67381BD9C7D863CD4
:104D3000F85AEF3CC93FAA3D1F5195BDA486833C5C
:104D40003CCCAF3C1C1DB0BCCD93873D2018183C1B
:104D5000533798BDC992803D0B9DFC3DFD91F93DB7
:104D6000457C66BD8BF9933C3265EDBD15F8F7BD0A
:104D70006DD343BE2E746BBD19E211BE59E16C3C7C
:104D8000E581473EFDFB003E30993DBE2BB186BE1E
:104D9000F9BB8ABEFE887ABED821E2BD8F8F2F3E36
:104DA000845E843C9A51323D309AAABDE7FB8FBDA8
:104DB000961C673D14ECD03CC3C0453DEC21C93D79
:104DC000077D2BBD543830BE461805BEB6380E3DA3
:104DD00017A5C23DB11F423E8F8E3D3E3C501A3E4C
:104DE000BC31683DECF76DBEA8A918BD98158CBD07
:104DF000A72947BE970A3CBE45C27DBECA5FA7BE73
:104E0000EA9024BEFFAFC0BCDF2F25BE71BFF43DCA
:104E1000A11C2B3E735BF33DE592953D4A1C22BDE0
:104E2000A0D088BB6EB9013DD16795BDA649963C1F
:104E3000F6D8EBBD6A23EB3C9F4BB6BD9F5BE13DD3
:104E40007F6C9A3EC323B73D0063CABC20C7933D25
:104E50004F09EB3D7F4C613DFCCFA8BC1A630D3D73
:104E60002B2C233CA45DB5BD9BBB14BE0EBF9FBEC7
:104E7000C5DA1ABEB4C1D4BD635921BE3AD52CBE21
:104E800098EEA5BC450B4B3DE27B1B3C42526EBDF0
:104E90009EE55E3D74D92ABDB39E3EBD4D44893D1D
:104EA0005E4651BEC1F5F43DC7B3A5BD4B80D0BC35
:104EB0002D687D3E5D53443EC736DF3D2F57F93D9B
:104EC0006A3850BD3E9DC6BD07ADF4BD33A90BBECB
:104ED0001B2418BE999BD9BD039EDCBD648F6ABE9E
:104EE0005224A9BEAE2911BF36E3ECBEB0CB91BEB1
:104EF00067B841BE984B2DBCD39DBD3D831579BB92
:104F0000EA32693DE02345BB5370FB3DE04232BDD0
:104F1000D994443D2A4CD1BD507206BEA449C9BDA6
:104F2000862160BE0E358CBE9C6848BEBED52A3C2C
:104F30005A5B75BD94BC533C1F7E8EBDBD23933C14
:104F4000A33DB83B61032ABD2DF4BABDF82ACBBD01
:104F5000C8745FBED63AC6BEFA369ABECB387ABEA1
:104F60000128C5BC40CC1E3EA63D033E44945CBD1A
:104F7000557F18BD1F8AD63DCA19CFBDB279103EE4
:104F80006FEFB73D1B6B7BBE558845BD2B0F43BEF6
:104F9000E945BDBECE9FD8BCD3E1253D3A3BC4BD5B
:104FA0003AFC9CBDF768813D79641E3E6B3F983B9F
:104FB0008EB22F3E95D1413EC855AD3DDE845ABEDE
:104FC000C386FBBD8C3983BDDD6B22BEC75000BFDD
:104FD000137ECABEB3A029BD46062EBD8DB9213DA4
:104FE000B0499ABD0FE2B23E2ABE68BDFFCE383C42
:104FF0003E05193E227686BD6BAF983DA0ABD5BD70
:10500000C0F0B2BD519C523D4613AB3DA4972D3E1E
:1050100036FA353D583E5B3DD1D8203EAC795F3EF7
:105020004590523E852717BB06D3A1BCD630953C90
:10503000E9DFDABDBF1C2EBE45C11EBE865B0ABFBE
:10504000C94906BF92D904BD732324BE71820ABD2B
:105050001153AEBDD6B8B9BDAF553D3D48AC87BDC7
:10506000CEF0003E54C3DCBDAE7F9CBDC1A448BEA3
:1050700007F1E6BC18A7BE3D61FC893E27A24F3E62
:10508000F1F079BDBDA5A8BDC958AF3CABCC6D3D15
:10509000EF70A63D43F0B63D575E8E3DBF34113CE8
:1050A00012321BBEF1C439BE9F42F63DF12612BE3C
:1050B0008A3633BF014F9FBED3BE22BD2B6922BDAE
:1050C000646F0D3D25CC3F3BCD1F0B3E9B2B8F3D91
:1050D0008C8D96BC73DCE53D41C6AE3D9E4FC23D16
:1050E00020991A3E56CE803E1027653EB128273CB7
:1050F0006F5BE53D61868DBDDCA4263E2887683E5A
:105100009740153D0CEEB83DD09B1E3D4F2035BD60
:10511000CFDD43BD98AB7ABE9CF7393DF664E53CE4
:10512000229120BE4CE225BDD2B09D3DF943803E88
:10513000C39638BD8AB992BDA02540BEAE889F3EB9
:105140006171ADBD61A70B3E703B2B3EF6F4363E60
:10515000A7FE993D24A4093DC8F005BD24FE9EBDCF
:10516000580FC4BCA9C3AF3CB6DC343DDC1F5EBCE9
:10517000F331D33ACC4053BD7C1B12BD0E5017BC4B
:10518000307A1CBC2BAE5BBE621146BE9C853D3D99
:10519000FE755FBEC59A053E2A19383E067C9C3DC9
:1051A000DDC2ADBDA5CBB5BD31B88C3C2A03E73D12
:1051B000F21AB2BD814B563DC60D8BBD2A63ADBC04
:1051C00046CCF0BC2A0EB8BC95CDDFBD1AD0563DFA
:1051D00045F5FFBD45EADCBD8D8C85BD25408D3D87
:1051E0004B3F523CAAD3A9BC25CCAE3DC59EAF3D9A
:1051F0008C07543E193426BEEBB5E13CFE1B093E3C
:105200009A7244BE32730B3E8F9D68BEF6AAB0BC44
:10521000877E743D7BD133BEB1AFC93D49C97BBEEA
:105220009AE89F3CF52E143D96D244BED0CF8BBE5B
:105230009E5B9FBEA2F222BE8B1E34BEEBBE57BE4B
:1052400033298BBEC4418FBEA9C5DEBCF099C139DC
:10525000FAB45A3D2812CF3D5CAECF3D2003243E28
:105260002F67823D3FA4263D79A516BCA2E4313DBF
:105270008BD628BE98B4DF3D4BB6573E8497703E20
:10528000BB6D37BDB5E7DEBD6E1F3EBC0EC0AEBD0B
:10529000D95E0DBDE4B0D5BDC64595BE1DA870BE96
:1052A0001E1102BEB58553BE6F62E4BDEC8AA9BD76
:1052B000A1D190BDEB1A023EE5C7123E009DE73D2D
:1052C0008F14923DC58E2D3DF81774BD238BC23CC3
:1052D000D05A603DF987873D9D00143B5A5430BE3B
:1052E000ED2692BCB38C713EC879413E97374D3E56
:1052F000E9C9A0BD1AECD3BD45F8F7BDA745B63D39
:105300000C468F3D1F8A60BE2DB93BBE0C2B64BC82
:10531000CC873ABE175220BE66B5F2B9806020BC79
:105320005AE924BD46FEC23D8957C13DCDF7703EC6
:10533000C573B33D2BDD3D3D1F64913D056AD83CEF
:10534000DF8F6A3E2B52653D61A2F9BBACBDF0BD5B
:105350004864B7BD2790EC3D3414163F6A25333EB0
:105360003421B0BD0360DCBD0D2DFDBD7F4D753D0D
:105370008530A43D4D64903C8DAB0D3D2C3A48BE2C
:105380009A65413BBC2EF4BB6E124ABD2340E63DFC
:10539000035DA93D3AD0D43DD98E893D3DE59C3D84
:1053A0009D31373EA1EC5A3D8E494F3D6F1D143E55
:1053B000D8031A3E85C5603E31AF123E8766613D17
:1053C0009927903D2E064D3B60A22D3EEC42A23D1A
:1053D0000501A63D4555123EFEDD75BC95763BBDEB
:1053E000A3532E3EDD21C43D093FD93C7BD914BDDA
:1053F00056190BBD7434CE3C5430143E3D69243EE6
:10540000A521273E49F44A3B28C0643D18961D3D1E
:105410002634203DB658153D5D763ABD3083F3BD48
:105420002BD584BC1020C43D69F3F43D0FD2123E4D
:10543000C2D3403DE3B5E33DCE6E9D3EB824663E0B
:1054400026DD9CBD3F60413D1B57A8BD89C7143E6A
:105450003B5AFA3D1A3714BD2FDB7D3C49FBC1BCDA
:1054600010FBF83D11C89A3DCD21743DE3BB893D49
:10547000B44C073E7C46203EFD38D03CF231003C27
:10548000307B99BD763E01BD926018BD28B871BCD5
:10549000878AB2BD5B2E1B3D49E519BE81967FBD53
:1054A0008353C7BCB52EB33DFC41073DC581CF3EFC
:1054B00064F8873EB1D704BDC5C9F2BD3DEA553E8B
:1054C000A41B243E7CAF1B3D2418553D3F39B73DFE
:1054D00012D098BD656FFCBDDE7D043E0182AFBC7D
:1054E000BC99053E4CC6973DAF6FAABD8E4A583D4C
:1054F0007960093D9E7FF33DD8F0293D6ACC4EBDD1
:105500003A45DEBDE885C4BDBCEFE73C5503093E26
:1055100082A5CD3CB978DD3D106705BE3E4A943E7C
:10552000B7ADE5BD0E567FBE7FAB85BD0B63063EB6
:10553000C728463E03CE3E3D5229CBBDC705AB3DF5
:10554000852D0CBEFC892ABEEAC04A3CC9D3D2BD17
:1055500044D24F3D57BE483DD8E6B83D625A753DEE
:105560006305003D1269FB3C8AAC323C3DABFE3D1D
:105570007B51FFBDF880053DA5BB403EFD6E8F3ED3
:1055800012E6AABBF5F0F03CE2CD933ECAF7E13D4E
:10559000809A9D3BBFFD87BE036B1E3DEC077D3EA1
:1055A000B3919F3D94C5CC3D8FD810BD4803943C2A
:1055B0008FA542BEF04CDFBC98D6ABBD045B9DBD51
:1055C000113C403CF6F5513C8C86CB3C4E2184BDD1
:1055D000EFB40ABEEFC812BEB46B0BBE037A48BD6F
:1055E000C7E5C43DF60E1A3E58C9423E89C5AB3EDA
:1055F000CCD8963E820C063EBFF5CC3DE4D5CC3CE3
:105600008594B6BD50B4693E4EBC963E4F688B3E05
:1056100092D1183EDADF46BEB1F536BD75F01D3CBD
:105620008AED93BDAED2563B57B2DF3D70138EBCB0
:10563000C319AFBD5BB740BD5F39453DAB7621BEF9
:10564000795AC9BD46432FBEA5918CBD8874533D80
:105650000EE96C3D15F8863D28A75A3DA708AC3DDC
:10566000D354533EDABA2EBEDD0F84BEAB474ABDDB
:105670003DF6013D3124C93D07A27D3EF2BEF4BD99
:105680003B65073D71F15C3DB8B76DBDDE5F76BD32
:10569000CD6110BDE5CC17BE9892BC3D45B57C3CB4
:1056A0002A9499BDB302743DFDCD59BD301ADBBCBF
:1056B000BE8D2CBE422E55BEBAA50ABEDD2C76BDCF
:1056C0001FE5753D7424E03DB7D4B5BBB3FD4CBCBC
:1056D0006A4E0B3EC3CF87BBDA4241BE30DCAEBD63
:1056E000CE4C593DBD1996BD04CB593D0A99C9BD53
:1056F000C34486BEED670EBE83147BBE574E5CBDB1
:10570000FBA3DEBD89F308BE4AEC6BBDEC5E1B3E1D
:105710000D10723B92605B3DB72DF5BD45E32ABD90
:10572000964A35BECE7FFFBD1B3D553CBC1D663D38
:1057300093C0F93B26482DBD7D2E1F3EA6C0C3BC9D
:1057400095217E3E3C4344BED509ECBDB4BB80BC34
:105750007ED5293D74D6BBBC28B521BEDB48F73DBC
:105760007CD4A33E0CF860BEA3295EBEFB7735BE99
:10577000E0F0403D4456823CDEEAC4BC3AA6F03B31
:105780002EB394BC6AF3823DFF1DAA3D0AA788BDD3
:105790001DE4E4BC8529153C0012D4BD39602EBD42
:1057A00080C7C43D5A1D363EACF11C3EC470513E0C
:1057B000A4679F3DD79C533E0D20103E80B3FB3A1B
:1057C00000F03B39E730993D64953C3E6EF695BE5E
:1057D000C42E05BE25ECDF3DD0D8893CF1F0953DC7
:1057E000F3B836BD33A125BD9D1085BBFDB6073E80
:1057F00097D1413EF265013E9564A53D890118BEF1
:10580000D65A1DB9E5F9DB3D776E9FBD7BD3143EBB
:10581000005FA03E7131DA3D000D39BEA2A733BE54
:10582000A19040BE1230343E579A58BC1E588DBDD0
:10583000AA1F2A3D927BC9BC007F473C53980B3E70
:105840004F023D3D845CB73EBFA15E3E2F318D3E91
:10585000B95F7D3D8239163B1B1F2A3EBFD91D3ED5
:10586000625CAC3D29076BBC3374243E8E20D53D71
:10587000DBF4353C8C7A013E912590BCBAE1113EB7
:10588000D61DBE3E5E749E3E642F693D32F0753E6D
:10589000799D9B3E64DD5FBD6294413D963950BD6C
:1058A000DCFFF2BCD2CB63BD2A87333DC80489BD7F
:1058B000A677E7BD0F6E45BEAD5BAD3DE9324B3E11
:1058C00039C6CB3D1F8C5D3EB4C41B3EDFBF713D6E
:1058D0006D780C3E0837803D1794953EDB5109BE2C
:1058E000E2B70FBD2350F83D230DA53EA24C4A3E22
:1058F0003ED9923C1D1A0C3E7D14053E2C3049BE0B
:10590000E2E94B3DE0FDE1BB1ACC68BD4872CA3C00
:105910008AA65D3D6FA52EBD4E7BC0BCC94D983D8E
:1059200084787CBD0696C2BC109A7CBDEE76413D63
:10593000ABBD863D76B8F4BC5DC487BDEFAEA2BDFD
:10594000DF3AEC3B7D630DBDBAD9C3BDCF450DBD7C
:1059500099DA83BD0077B73ADBFDAA3D701792BB99
:10596000E8BF6EBC80D6D13ACC5D7DBD85D4963D76
:105970003C0A973C9A6170BDB79F8BBD80FC7C3B15
:10598000F50566BD7EC9303DE7EDA5BD40AC79BCEF
:10599000E4CB913D8210713DE220003DD012933C5A
:1059A0006F33A6BDC570C23C8FA616BEE64913BEB6
:1059B000DE6A5FBDA3089BBBA1546B3E98B26C3EF0
:1059C000285F5DBDBCF7303CDC426ABEF85508BEBE
:1059D000FA0E0A3EC318383EC41FD63CDC651FBD14
:1059E000876C973D6E132C3D55198DBD493A873D07
:1059F000DB29ACBD10B9DABBA2B15CBD41CDD23E52
:105A0000E1FA3E3E91CFE1BD376786BEA8DE2ABEF1
:105A10006FF975BEC81FB3BE6F1CCCBE21E8B2BE05
:105A20002D765BBEBB7086BE169A0BBF0D9B6C3D80
:105A300060BD983E0A85913DF65EFABDE5E5D63D2E
:105A40008DC11BBE60DE83BEA7D9D7BD93ABA93C79
:105A5000E177B2BE48AF25BE554F40BDA2DD4D3DFA
:105A60002E586CBD443725BD1C5B443D7740C43E79
:105A700029EE493EBA65D73CF3DAFBBD3662463EB5
:105A80007AFB303EC27B6DBD801E603EF6AF383E75
:105A900011F95F3E60175ABDB6727ABDB05B123E17
:105AA00062CEB53CCCB5D9BDEF1CD0BDFFA12F3B1C
:105AB0002494D53DBC289A3DB70D373EB541F3BC83
:105AC0005A7F37BDCFE9913ECA5FAE3D13251EBD5B
:105AD00024C4ABBC6791703D1DD03FBE7692AB3DF8
:105AE0006615E6BEB4313D3E3A727A3E582F473EC7
:105AF0002119483EA018F83D6B162CBD642CAF3D13
:105B00008F02EABDE14DAB3D862F623C08FC153E9D
:105B10006BB46A3DD421A13D86EF093E38F1713C5A
:105B2000520C63BB055EE5BC82130DBE6BA0ACBD21
:105B3000998F2C3D015FC2BC87E9CDBE8B12A6BEFA
:105B4000CABDF2BCEC10AABD37C0073CBC9CA33E4A
:105B5000FF858CBEF518DABD5215D0BDC600DB3C02
:105B60000655E1BD9FD957BE082E0CBD130FC73D8A
:105B70002FE6A7BD5D42D73CEFA5E13DFFE31A3E0E
:105B80008EE3F23DB8B0D9BDDFB5F43DBAAF983C75
:105B9000AECFEE3DD41D143ED84C5EBDF132A8BD53
:105BA000207498BE722BB6BE9B8475BE7B9E80BE51
:105BB000AC1445BDB4578A3D3F551DBE1E47C73D79
:105BC000D4A6ADBD0C3714BED087743D4F7229BE2C
:105BD000AF1BE2BDA9518ABC06EA03BEBB6319BC78
:105BE000F7EECFBCF81F163DDD4A633AF9F459BE13
:105BF000FBBC83BC18DA143DE667263EBF67A33DB5
:105C00003FFC12BD48C63ABED93481BC9793883C4C
:105C1000269DEFBDC81AC6BEFF3E71BDDB14A5BEF2
:105C2000579E01BDA689BCBD53D706BED366973E1D
:105C300070109CBEEBCFEFBD4A78A5BDB99819BED8
:105C40001E6C513DF478D6BD2732593D47453C3D49
:105C500018CD5E3D9022F0BC0418EE3D75265FBE67
:105C6000380B42BE3C52C1BD52C088BEACB70EBE5E
:105C7000185A76BEF14694BE72FD1BBE78E15CBD3B
:105C80002B1C0FBE6F7195BE0C934CBD2E4383BE73
:105C9000C6D7BD3AB6BB7EBE77C44CBEBF00383E49
:105CA000D9E516BE9DBE2CBE96FC3FBE7306B9BE9E
:105CB000A23156BE13B284BEA3501D3C0A97C03D0C
:105CC00003F1653D9712CC3D68FE363E960132BD2C
:105CD00000189FBEF69F94BE7CE505BEC6DD4FBE94
:105CE000DCD100BE074A473DBBC25F3DC2B6793D2D
:105CF000F306243EDAE6A23D423B14BEA261693EB1
:105D00000A891E3B34448ABED3119EBE83AFBEBDFA
:105D10009D69E2BDA1AE20BE4943A6BE30330CBE94
:105D2000111D2C3BFDC59ABED05CF5BD9DA86DBD77
:105D3000FD2F513AA74F533CE2114B3EA0DA423EB1
:105D4000F2C2CE3D29B0AC3D1A689D3D622A4E3D5F
:105D500043901E3D8785BFBD49DCF43C33B7E73D2A
:105D600083B2123E82B12E3E8CA5B63DFDCAA73E3F
:105D7000905DF33CEBB8FBBDFEBA54BE50042BBDA6
:105D8000D7E47BBECCE0E1BE9B4BC8BE58D742BE39
:105D9000AF1283BDA6AD08BEC9120ABDAFA0EB3DD0
:105DA000B760B73D1BC89F3D459C813ED8F0813E02
:105DB0001B6EBC3EBC6B363E2FBA8B3E651EDC3E76
:105DC0006F65823EA3510C3CBCF3853EF058CE3E3D
:105DD000F2EFEB3EE82BD53E0A03CC3EC79EC83D12
:105DE0009AC5EABC48F316BEDE873A3EA811813D4B
:105DF000F58739BEF01701BFFF5150BEFCF74EBE0C
:105E0000695235BEF624D7BDB370833BB0182B3D25
:105E10001E84A43D987D623E58D2533E3EE2FA3D38
:105E20004589243EFA36973E4097BB3E7B92AC3E76
:105E300010A5863ED799993EB373433E7E479B3E5D
:105E40007E40CC3E92D2BD3E130AD53D77EFF73966
:105E50005C03D53CE5854BBE73930A3E35EEB73DFA
:105E6000719ABFBC2D9FACBECC435DBE710C1CBEF5
:105E70002ED911BEB6607CBC6AAA753D65CB563D75
:105E8000EA33283E464C273EC96F753E421A4D3EC6
:105E9000162EE23D493A8F3D17E5833E82AC7A3EAD
:105EA0003F97AD3CE05313BEECA865BE50C246BE62
:105EB000633406BFCD83AD3D9C3AD53D785D98BD3A
:105EC0002796413EA8B9C9BD02FB08BDB8AF693EDF
:105ED000CBA10B3EA9004A3E8BD897BE16AD9CBE07
:105EE00072D72EBEE6DD81BD97888DBD4A2D953DCA
:105EF000082ABF3DB34C9DBCEA5825BDC30E84BDE6
:105F00008B15C63CFEC1A03D875F1CBC5C5393BC97
:105F10000C7FEEBD05666CBE3E1D9BBED6E28ABE02
:105F20009B8A1EBFB3D396BE41CA0BBE006869BE32
:105F3000793476BD4DC17C3E923AB6BDC842AC3E86
:105F4000DB69D53E4F9DBF3E2C7084BE76E3C1BE5B
:105F5000F8A99CBEF5C20DBD6272CC3CF04F1A3E52
:105F600012F712BCDF9A0CBEDF39F2BD5C00D5BD62
:105F7000CB7144BD8144303EDA40B33D2876E2BD6A
:105F8000C3A0663C511CE1BC504215BEF32BA6BD1C
:105F9000B22A0A3E474FA73D9BED01BC5C941EBE52
:105FA00042E1853B64BF8CBC8F8B243E8766C7BDB6
:105FB000F2450E3FD3B3DA3E520B4F3DF83F5DBE84
:105FC00060A5B4BE6D64A5BE986DACBE377839BE11
:105FD000492754BDD1BF1BBE9C1E8BBE15BA79BECE
:105FE0000F8C843C4A1F763C08DAA33DAA0504BD09
:105FF00024E98A3BC4B610BEA18C47BE592E04BD0D
:10600000E2F61CBE766385BE622737BE59615BBE71
:10601000B221F4BD171BCDBDC89B69BD95691C3D60
:106020005788C73E4892983E7DA1A23D493F11BE88
:106030000910F6BDD15A11BF6C7B03BF160696BE80
:10604000CF7354BEA49BE43BE11D03BE76ECA3BC1E
:106050003A0B25BDED111C3D913395BD97E33E3DB7
:10606000C316A53E3EB8963DF18978BE52701BBE60
:1060700001EBD1BE6FC6E3BE067D7EBDC7C642BE84
:1060800093A61FBD69C4DE3DE8C999BE7EFD423DB1
:10609000246D443E788EA03E0423FE3D8637CCBC62
:1060A000FA0382BD9775FBBCE63873BE3A4124BE45
:1060B000026888BE0A0E9BBD408F5B3C7698183EF6
:1060C0000699743DA9F73EBD5E3BC0BD44CAA5BC60
:1060D0007CD50D3EB3A1283AFD64B0BEBED37DBED3
:1060E000248899BB71557DBDD648AABB79964C3D95
:1060F0004314243E326E1E3E197E1ABD6985133E3E
:106100008516BF3D73D5863E398C443EC80A7A3E1B
:106110008DDED23EF7D28E3E6A3F1E3EB405443E2F
:106120005A35983DF175293E39564E3E2173923DC0
:106130001431C5BD0B20D7BD202E48BEC4730EBE82
:106140004904FCBD2FDD33BD5F909EBE7DE6B0BE31
:10615000B18615BE7DE961BD486F853DA926413DEB
:10616000D8E1DF3C5695433E46EEC23D1A354D3EE2
:1061700024BBBF3D6F5AD23D4B69233E5BA6883E90
:10618000812D8E3E8233953E5936993EF5CFAC3EF9
:10619000CB62BF3EBD8BE43E6BE30F3E84F6343DE5
:1061A000996127BD705996BDEEBF18BEF5420FBE6E
:1061B00052DC9ABD16897ABE74934ABEC18A34BE37
:1061C000F343A1BDFF04BE3D2864AABDA9FD7CBD6B
:1061D00080D6233B5F2E733E885DFDBDA2DC12BEE0
:1061E0005D2B95BCA323583EDCC5373E9128423D2C
:1061F000FAD7533EFD2D983E5959603E49D26E3E26
:10620000BD240B3E3FDF1E3EE2D1B53DD33737BD47
:106210000AD9C5BD7FBAAB3C74B559BE70E51EBE88
:10622000DDFD03BDD98172BEBD1276BE830A09BEF3
:10623000F44DF83A1F1F4E3E7094213D328F8EBDB3
:1062400099900FBC7BAE4FBDEAEFB6BC978D81BE77
:1062500057A560BEC7A2073E44EEAA3DE938DA3D25
:106260005054813D662BB93D06C51F3E4E7E813D93
:1062700002E2383CC7423EBE029A02BE205510BE22
:106280004D4EF5BD294AF2BC39FBDF3DC33E74BC1F
:10629000523BCABBD65916BF16CB33BFBE4C82BECB
:1062A000ED1B513D2FA4103EED0CA33BF2AB7BBD8B
:1062B00048FBCBBCF0A1883C53934BBDB7D340BE49
:1062C00031D3C7BE20C066BE15D3FCBD8F2E0DBE18
:1062D000774B9EBD9F8169BD17372BBE5B82F9BD91
:1062E00055EC8DBDCD535CBE39C0E0BD63F769BDD3
:1062F0003E6C8FBD6D69DD3BDDB16BBC0A0435BE04
:10630000DF14EEBE87C0E0BED09DA6BED05FB53D17
:106310005E7726BEB6629EBD90C07B3DE8DE78BD4E
:10632000B8CB133D40D8ABBB79960B3ECC5E413E1B
:106330006E6C49BE3E302EBE134B04BE002E59BDBE
:106340000F3A39BDB7C3E0BD30F3143C15B031BDD1
:106350008C6497BE8190B2BE5C8B91BDFFEB05BE95
:10636000CB204CBB2450943D60F67DBCA250BFBDF9
:10637000E26828BE121DBFBEACCF9BBE13C2AFBC2D
:106380003CFA2E3EC0A74B3D2AEE413DF52C9F3DE9
:1063900075BFA83DC81194BCB312263EF8534C3EBD
:1063A000A970333CFC139DBDF70B8EBEF91A8CBE51
:1063B0006150B9BDEB63C8BCEAC756BE2D0190BEA3
:1063C0000F2083BE333302BEE3FFFFBC96BAC0BDCD
:1063D000E1CCA9BCB4FC663E727CC0BC8AF6023E2D
:1063E000041F84BED745E9BEED25DABE996B00BE19
:1063F000843A2ABEF944ACBD09ACAE3B801F273AB3
:106400005EB56B3DA3DD9F3D5A15693DC8FAF4BDED
:10641000637AC9BDDEE2C7BE9A2F28BF3E8BF5BEA8
:10642000B8BF57BE5E9D34BE8213C5BE2EB2D4BE69
:1064300083E3D2BE4C94F4BD6B75C4BC03FBFFBCBC
:10644000EEE97B3EBD93C6BC734B6BBD0E3E353D46
:10645000EF3F01BE4468C6BE9BEFA4BE0595B53DA7
:1064600077E919BDBB7BA7BD5EE77DBDDC72DBBCF8
:10647000C02BF63C689D123C2F2B13BDF3F31B3E43
:10648000A3F5993D5F74F9BEE74A1EBFB12640BE31
:10649000677486BE1A32D6BDE5CC26BED14C853D8A
:1064A000B39745BEF447BEBD5699903E9F40EE3E21
:1064B00096549F3E08E6983E6911813D06A11FBC97
:1064C00011F8173EFEBD98BEDDC1BCBE90C8A3BE8C
:1064D000EC0981BC0B289C3C081F6DBC163166BDC5
:1064E000EAF0193DEB3FAB3DFB209FBD10761F3D11
:1064F0000A4F00BEE56D65BED621C2BE508CAFBE50
:1065000071C504BE9E13A2BC26DC4FBD6ECF72BE09
:106510000305F8BDA9B4E3BCEDD48EBE3F1B13BD8B
:106520000EE8B9BD70FAE7BE72E610BE49978CBEA0
:1065300052B99FBD56209DBD9F09A83DCCFED63CBB
:10654000DEA937BD3ED553BD00ECA2BD4401E2BC7F
:1065500071BA933DA079393CBC59923CC2563DBDBD
:106560002C73903C8050A73AA4220F3D02D5733D76
:10657000FD588F3DE84331BC701971BD642B33BDAC
:1065800015B4263DC14826BD5E8ABEBC3414843D88
:10659000B069B4BC8D2E823D26FFA2BD36F9FFBC8A
:1065A000862125BD506AB43B1AF0293D46A9593DC4
:1065B000EE987A3DE86EC23CAEA9323D3FB8913DBF
:1065C000147E60BDF518843D8F1824BDCBF8A6BDA0
:1065D0005788A5BB744341BDE1E9AABC017D92BCCB
:1065E0008D690FBEB72D03BEB17A15BEE156B13B22
:1065F000F9E2C1BD6B67973AE8EFF4BCEF892F3D34
:10660000B710273E8861203E41B1BCBD820754BE11
:10661000695634BE2D45EDBD32D98BBD3215963D40
:1066200066DE693D7F9E6FBD6E44123D7926873DD3
:10663000A283463D6A345D3DC862313CD31A7F3E39
:106640000AD6EE3DFB2F843CE399EABB2804F5BD56
:10665000C88F52BE6D15E0BCA8111EBE70435CBE53
:106660005AFC8DBD8249213EBB61933EFBEA213D30
:10667000FBCDC23BBF5E16BE0F65DEBD17E31B3E02
:10668000C7176D3E50F3843E8F6DB4BDC0ACD7BD0F
:106690003C3D7A3D2800DFBCEE0990BDC89C34BC6F
:1066A000B0C899BD5207363D51C6FF3AD93B9B3E13
:1066B000277F203B6C0A233E03E684BE06070FBEFD
:1066C000C6A647BEC81679BD3CF64BBEED60AABE55
:1066D000CEA98BBE6452A2BD87B6B63ECCA7F53E0E
:1066E000371D093FD010DD3E6AB1973D386B0EBEB5
:1066F000B38C073E0C5E853DF479C03D46C8873DAE
:106700004D1D8B3E6D7E46BE2F52ADBE19F128BD8C
:1067100024F385BDD756ADBC9E7D053ED1859C3DFD
:10672000B12C07BECA26BBBD79A9323DD648A2BD51
:10673000903D44BEE99FD83D84D11B3C8CE3843D11
:1067400043A83BBEB38B9BBD9FA587BD30B2B83C71
:10675000B9E69B3E1350A23E92068B3E0E31253E7B
:106760003472863ED363793D2B7F933E983A15BEB3
:10677000479427BED9D68FBDA486A0BE15498C3DAF
:10678000BAAC9CBD4C2A1CBD1A853C3DF4B3E73D18
:106790007330C6BEE3B3A83D94E3293EF28606BE3D
:1067A000409B983B0C9EFC3DB3B5833D3B9D83BC19
:1067B000090155BE5B55A8BD3534FFBD07C465BB97
:1067C000D01C823EB3780E3E4A0FC33EF99FC33EB3
:1067D00096127E3EAD60693E6A02BD3DD3A79FBB67
:1067E000479912BE652D793DD53C3DBE25030BBDB5
:1067F000A09CC23BD1F4703DD4FBAABEA2ED943E56
:10680000743981BEFC7D4B3EAF7D463ED6A6DEBCD4
:10681000D42B87BDB963E6BCF081593DC320153D3B
:10682000CE4163BD3714AABD97E42EBE9A3163BD35
:10683000CDAA8B3CB1B4623ED0AA773E6CB6803E06
:10684000A2C0753EB54D6D3E6209AA3D57D693BDB7
:1068500059BA89BEAAA29CBEB4563FBE77771DBE68
:106860004CA27BBD63608A3EEAFBD7BE547B663E8A
:106870007387A2BCE4D6153E4799883ED9C91E3D10
:106880006A7E15BE73CEAB3D3B4F0B3E449D0E3D25
:10689000EF253FBD97A92EBD0A8723BD8ECD4CBEE7
:1068A0004FE12F3D9548533E4A4EB43E3F55D73EAB
:1068B00098DF6E3EF268283EEEA5883EC5E2C43DF4
:1068C00046DE4B3D595CA7BE445615BFDB2B67BD6A
:1068D0002E4F02BD245686BB6D2C73BE740164BD61
:1068E000D4C620BE919CD4BC06E3003E4930F6BD20
:1068F0005986BA3CEA911C3DF2F4AABC6C28153DBD
:10690000C9A9213D61656DBEDAC275BD4E421DBE8D
:1069100003230CBC8352883EEE79BD3E958B703EBE
:10692000BDFB913E7F66203ECE50AD3D0657273ED3
:106930004DAC3EBEF36C0CBF36DA01BFDE71DDBD7F
:106940009201673DC0AF60BD2B8C94BDF82B45BE56
:10695000A5399EBDA62A46BD473E9CBDCFFEB8BB0D
:1069600034EDD83BFA59B23DF66F7A3D54581DBD0F
:106970002CDA1DBE8BB81FBE687BE3BE8852E6BE14
:106980009CDE3EBDACBC5E3EF0D5C73E4861993E44
:10699000A60F963ED0F4253EC53EBC3CAE305F3BD4
:1069A000645487BEAE59AFBE35A7BEBED9E306BD9F
:1069B000E79C663D49B4B5BD595B623E1294563DB5
:1069C000AB4C75BE116DC3BDA13A3ABDE7AC0CBD71
:1069D0001AA75F3DCEB9ED3DE57FA2BD21DABABD74
:1069E00064BB70BE94549DBE6055FDBE6B6993BE82
:1069F000FAE938BC8FB6D23E0C27D13EFF239F3E2A
:106A00001BC2403EF3C0763D501E8A3EDE03E9BD08
:106A1000D20A57BE384026BE44318ABEDB4A95BCF6
:106A20006E6E16BD274A36BDB8FA583E8334B5BEE1
:106A3000DF56ABBEC31F15BE1A06C6BB922375BD7B
:106A4000C680943DEF4ECEBD4E1F6ABE6C759CBE97
:106A5000F0AB8BBEC4071BBE202AC2BE997DBEBE52
:106A60002FCD2EBE8CF9DF3B7687813DBD426F3E38
:106A7000A1C3403E16059E3D4B8D093D05B7D0BDD7
:106A80000318F9BBD566C7BD39900BBEB177153C6D
:106A9000035892BCCE2D43BD3F35183E231BC0BECC
:106AA000659918BE1520DABD2978433E198B50BE72
:106AB0008C6561BC1408E7BDCB3E69BEA1C93ABE76
:106AC00088AEE73B86142DBEC73D94BE3435A4BEC8
:106AD00049A08EBEA2FFB6BD5609CE3D72FEDD3D79
:106AE0001F2BAC3D3579B63D2F34C33D472842BD01
:106AF000CCC8E3BD726C9BBE785584BE286D513DF9
:106B00007A1E193D527D3BBCDC713E3EE2B293BE23
:106B1000ED15C43D028A13BDC1ED163ECFE2D2BDD4
:106B2000D7CA0DBEF3EA2BBEC7AC4DBD758CC83CB1
:106B300057C334BD4EA389BC89582EBE3F105FBEDB
:106B4000AE6DB6BE999D08BE5CE2BB3DAC76593DCC
:106B50008DF9B5BBA155073DF0F2FE3DEDA5C2BDD7
:106B6000DA4890BE3E7764BE8F074CBE1B8D20BDB9
:106B700075BD51BDE5690FBEE4411F3C8A7D28BE4D
:106B8000CF572D3D7608013E11022F3DCF60793E53
:106B9000D16E3BBDBC36CBBD1CEF62BEC95A4FBBEC
:106BA000AC46E6BD45E40CBE54B499BD998E5CBEBE
:106BB000CAAFB9BE86F78BBD19A3103CE019633D7F
:106BC00002C9C83DB8B0E23D85DAD7BCFED058BE98
:106BD000E52938BEE54595BDA55ADD3D243CC63CBA
:106BE0007861C7BC706B17BEDEF94F3DF3C0DBBCEC
:106BF0008A86D23D7EFC773D55315B3DED66333E66
:106C00007BB43F3D9D5DE3BD8749E3BC7178FBBD2F
:106C1000866E6CBDA04FF1BD49A942BE1A1D8ABE49
:106C20009ED68FBEE3E84B3DE18D4A3E4F31573E45
:106C300009E67C3E29053A3E65DD973BCD8250BE94
:106C4000C80296BDD0F680BCF49CCF3E1A8E9D3C07
:106C50001524BD3D2D618D3DFE6E453E016390BD09
:106C60003D6D043E227CA93AFE47C4BDE8A4CBBCDE
:106C7000E19399BD76EFD23C923E96BD71DA14BE97
:106C8000B11983BD1E6BDEBD6F5B92BE210662BE75
:106C9000FA872FBE53F39C3BBAF6233E8EA1DE3D0E
:106CA000FFBAA83CDF497C3DC73C27BE267028BE02
:106CB00071264B3DA916DBBD01CAAEBCCF49653D6F
:106CC000D4A5A5BD86B1C13C1125C03E485003BE28
:106CD0006BC48B3DAAD263BD9D086A3CBD95243D23
:106CE000CF0BE93D6C8D803DD28BAA3D3CD1493C18
:106CF000085CD93C413388BC207B51BEB2677DBD66
:106D0000CAA4853D4DAE493EB568073E7A9B7E3D9F
:106D10001301EDBD4DFD7EBD2FD114BDF3CD47BE9A
:106D200070A2B53D2CA8083E0DD2E93BD240263DCD
:106D30008A34493D6295073EFDF6D53D6BE1D5BDF0
:106D40003047FE3C0633E53CBF501F3D6DE7233D19
:106D5000C6F7853E68EE613E1A22EA3D43FA543D8D
:106D6000B24A103EC1ADB3BD01E81CBED47E1E3E8A
:106D70007404673E6A51113E7EBA343E626D153E20
:106D8000E4604ABDEF3F6DBDF0F5C83A39D824BD87
:106D900082D23ABDFB198D3DB6EB113EE364FA3D5C
:106DA000F005843B8498D53D28D7A5BDAA55063E5D
:106DB0006F2DE2BD461EE93D6C751A3E4519273E12
:106DC0005F7E343E00AA633E7C8D573ED0B4B73D13
:106DD0002B6A593D7DDED93D041EBB3A733FF83C1A
:106DE0004AA4443E5A496D3EC9585E3D3732023C82
:106DF0000D5B2EBDE75CA8BDAA4CC8BD8C95343C8C
:106E0000253C203EC3ED383D670C213EADD8D73D33
:106E10001030C13C33E4F73CFFF0813D0F26A73E24
:106E2000B810A0BC8DEBA33D71ACE53CEF8F463DA7
:106E30005F7F833D3C02323D0EBA123E77FF1C3E1F
:106E4000A1B3D23D40ABB1BD6ECD24BCD406873CCE
:106E500089E61F3E4C0EA83D6DB9A53D9867DDBC87
:106E60003B0170BDA44A62BE009C27BE43C0EDBB7F
:106E7000EDB7AF3D35541FBE8640D83DD5C7A93DBF
:106E80005C0C8C3C1966493E96032A3E0A03BB3EC5
:106E9000A2482EBC82A197BC7670F13DDAF8A4BC62
:106EA00086217B3D721B5ABD199C8D3D24AAAC3DA9
:106EB000ECAF453E5105F4BC4F2115BD3493433E24
:106EC000D7AB383EBFB7913D20D04F3D433C85BC4A
:106ED00057F544BEFB4E1ABE9FDA8F3DC6B1143D36
:106EE000EA5F2E3E56C999BD24D7C43EA46A0CBDA4
:106EF000EE2FD2BCF16B83BCE6AC113E54AE46BE65
:106F0000984084BD55E5033EACF02B3E2E97E73DFF
:106F100070EF813DE61CA2BB5ADD6A3DD850FA3CB9
:106F2000816E55BC684F0FBD1B898E3C57953DBB8C
:106F3000CF285A3E544C3A3EC192B2BB10B756B914
:106F40005D1B35BD43344ABDD73B263EA78D323D40
:106F50003D9CE7BDE198D9BD7478543EB8F95E3DDB
:106F600032C7A3BD81E5A53D010F11BE681519BE4D
:106F7000DAFCA7BE050C5EBDFB61193E7064863E5F
:106F80004BF3B73C58CE01BD96DAB73C28703E3E75
:106F9000AABB8DBDD0953CBDFF55483D64D6DF3CB6
:106FA00014A96B3CAC58243D23B25B3D6D11DE3D12
:106FB0009E2F28BDA75888BD992E3FBEF02A3CBD04
:106FC0002DF4133CD83C9ABC099DC6BC4AD2753DF1
:106FD0008F278D3DFB9A9C3D6F4BE93D6C94613D45
:106FE0001665603EC2B1D93DAD6E69BDFBD98CBDA1
:106FF00071D005BEF357E7BC7422B3BD68DD32BD66
:10700000F1ECE2BC25E22DBD6A10A93D66BDBC3D98
:107010004BFD533CAD9C1E3EDEB9C8BDFF65D3BDE4
:107020003C0798BEF22C00BE84C7F0BD9C74543E51
:10703000D164873ECFB9A43EF36C81BD902D3E3C18
:10704000941BE7BC820A0A3DF8BBDABD1311873EE8
:10705000FA42C23E64F2D33E346CC1BC0112B1BDEF
:10706000BADE24BE70622ABE71D09EBE303A1FBE08
:10707000A7152CBEFD4974BE395D45BBA55C143D0A
:107080002E633B3ED886523DDA3D11BE142181BDB0
:1070900056BDD0BC01A3803D603F31BE82D6E6BD67
:1070A000C408D5BD53BF3A3EC0B658BBAD4D6EBD4A
:1070B00060AACB3B00E4503A18E4A4BC86F100BCC3
:1070C0004379263E3A4F983D8A22123EA5F9AE3EBC
:1070D000B8EFA43E4C5C0E3D96DADABD70CFA9BE87
:1070E000ED3119BE402507BE1225583DA46E9ABC4D
:1070F000C25E9E3D777CB83E38DBA13E6E2D993E48
:1071000007EC9A3CB3F65DBDCB93803E87D0B43D8F
:107110000D73183D6B95373D34FA253D00ABBBBA76
:10712000408D473BB02A1B3C4075683CC0F7A7BC6C
:107130009F4287BD99624BBBFF83723D899F493D4A
:1071400038DAF03DDE3E353E1B36763E9E94F63D07
:107150001AFED03DC02B5E3DCA59BF3E5BAF5C3EC0
:10716000F86F393E6B38993E59721D3D9854593E1F
:107170002ADC7E3ED9389A3EA8226D3DE7792B3D28
:1071800040D892BC6061223BE07FEB3CA0EC6ABC43
:107190007E5092BDC43A4ABDF0F09D3BCC9C963CDB
:1071A000B0E6FE3BD9FD29BD244A90BDDAD601BD2B
:1071B000F85A95BC3E783E3D5E21E4BCF84594BD4E
:1071C000ED64C7BC137DC6BDBC4C733DA88333BD05
:1071D000A01D6BBD36AB7B3D9027A33B826073BD8A
:1071E000F402973C24A08B3C65791ABDB856133C39
:1071F000A46B893C697A9B3D34CF88BD2EFC343D1D
:10720000AD4845BD52DF85BD7255DFBCA64430BDDB
:107210003AF1853D5E8F86BD4572AEBDD7659C3A1D
:10722000619E9BBD8D7794BD127EB7BB3445BFBDBB
:1072300048EC8BBE3DABFABD86D4553EEC4E133DBB
:10724000C01064BE02B38ABE9CEF1BBEC1E19BBEF0
:107250008B1AB8BE20E945BECB0C8BBD92EA71BD3E
:10726000A03E8E3C76014D3DC8C168BD050065BDA0
:1072700027DFAA3DD764803D1A237ABD262286BD2A
:10728000B2BCA1BC461AA3BD65A69DBD5D9028BE3B
:107290004B062BBE4D2D20BE9788033CF2EADBBD8A
:1072A000BA6630BE32AD01BD842ABEBDC033303EA9
:1072B000DFF3243EACC4193EC68E2B3D3206FABB2A
:1072C00020D006BE857DB6BE55325EBEC00381BEEF
:1072D000A7ACBC3D9447373DFAD5773D011038BD8A
:1072E000A5DB41BD34AA87BD9950D03C74B7E6BD3B
:1072F000BA4E75BE35B8FEBBB4C044BE1823CABD75
:1073000066F215BE3E6CA0BE86C649BE45249CBE34
:1073100037D117BD0A9B643CCE5AB2BBBF68193E39
:10732000546D503ED0DE983EE1E4313EDE8F0EBE1D
:10733000C440E9BA870C96BD5AB9A73DE0162B3E6A
:10734000369A7FBE1CACF3BDD29778BE99C39B3DE5
:1073500013D8A53D92687A3D86FA2B3E56B53E3E3F
:10736000F557DBBC71162D3E846A1BBC18D8BCBD1A
:10737000FA6B133E44DF663DE660443E8B26583D83
:10738000F2D5463E5734103E79FE513E05C0423E8E
:10739000CFA6843E3432023E3B3F0E3EC8B2713D22
:1073A0001553593E17E8FA3DA397FD3DCC03DDBDCB
:1073B000846DB53C37DD983E446D963EEAA105BE2E
:1073C0004E898CBDEC2BA5BD01B2783E76A58B3ED7
:1073D000D4F96B3DB4F92B3E7F47EBBC0BC8CE3DD7
:1073E000E74A633D359089BD4A4003BE2660083DAB
:1073F00096E8303E7E764ABC9559283D1CE0903D8B
:1074000013CA0A3E61BF433D24D5DC3D8C7A783EE9
:107410008C1D4B3E30FC373E62BA5FBA30C94ABE63
:1074200018CA23BEE22B703E7CBBF5BD41222DBEA7
:1074300000FA413B5326F83DB617AEBE48C6C33DE1
:107440001631B0BD12102ABDDC542C3CDBC3C1BDCB
:10745000FBDA6FBD7E34A63CD8E6FB3CF9C6463D60
:10746000951120BA3E47333D32E9EB3C64074B3E71
:10747000A77BC33D243803BC3057AABC8047F8BC67
:10748000842347BCF045F03CB39729BE1C75EABD88
:10749000734313BE93291F3E6D68AB3D273E613C8D
:1074A000DC0E8ABD8E43553EB81457BE949D813E76
:1074B000A666263E204D27BE3C15363DFA17F63C03
:1074C000FC810ABE03505DBC1F74623B5BDC79BD6E
:1074D000518405BE19B9A1BC33E9E23D991C973D21
:1074E000C745CCBC257C99BD402E4DBD18CC293D4F
:1074F0003B04EDBDB8CEBABCC3B137BD6AFE2ABEEF
:10750000E4C316BEFAD4AD3DDE0F903E9B4406BEEA
:1075100079F1113DF66590BE56FF66BD83A5F63E36
:10752000C213A63E248213BD53CEAA3D3D06CBBB5B
:107530007FF937BE68A75CBDDE2ABC3D652D34BC33
:107540004C4AB23D75303C3E8C38FE3D770CCA3D0E
:107550000FD288BB4CB2D4BDA7FE39BD0729DC3C95
:107560004C6BDFBD42F6393DC3FB323AACE026BE80
:10757000586E44BEB9D9F33C366B223E2D49263EA7
:10758000873E55BD7E0B52BE854439BD04BDCD3E00
:10759000860E103E8444AB3D7836873DFC8726BE80
:1075A0008A1DF7BC5D413DBDF05D2ABEB8A507BE92
:1075B000EF180ABD06A3453EC8A9FE3D1D64AC3CBC
:1075C000E29261BCFB448ABC085002BDA1EF1D3EA3
:1075D0005524E03D36925F3D6216A8BDFCEBFEBC33
:1075E000E6118BBE10E5D13DB9B9523E953067BE6C
:1075F00004A1503D6A341F3D3ECC88BED3BDBC3E85
:107600007E12A73DA999EEBD658383BDE01E65BCD2
:10761000E2D923BE417C48BE8D7AC2BDCEA20C3DCC
:10762000D41BAA3C7DDC833D8A9D393E49A75A3D47
:10763000405A083EBC14033E00777E3E3293AA3E79
:10764000444D073E6DF4BDBD2290D0BD375147BEBD
:10765000F90901BFFE6741BEDB7A163E703BF03C84
:107660000E878A3D839F0D3E3B23983CFFDD1E3FE6
:10767000729B4B3E5A9023BED62E80BE8AD025BD2B
:107680007BDE35BEDF05CBBDFE13813C4EEA123EEC
:1076900057A8BD3B7439EC3C6BE1853E6449673EBD
:1076A000AD67443EBD1A2F3EFFC3483E38FD813EC4
:1076B000CBCDB63D8458C2BEFFE19ABEC4C7CDBE95
:1076C0006C165BBEB5C85E3D2664A43E2D8093BD9E
:1076D0005C192E3B4D16683CADC03DBE9372E13E39
:1076E00011E664BDD5457DBEF2E889BE3A8F6FBD17
:1076F000D72041BEA42A2ABD22A64F3D943D973AE9
:10770000ADCE1C3ED94A313E8B093D3E89763F3E87
:10771000B9299E3EB9D3563EF21E2F3E42EFD13DCF
:1077200037116BBE1C5DA1BEC1B5B7BE2424E1BE3E
:1077300078188EBE3D5DC53DBB1495BD96E529BE4E
:10774000227E2F3ECF0B153EF19F97BEE2A5683EED
:1077500072BC09BE10165ABE782014BDDDF064BE9E
:107760005B8623BE3C88423C97E7DFBDB11F3E3DB0
:10777000F0C3453D0AE3473E53EF503E4CA3783EED
:10778000CB2A5C3E511C623EDF27403E993DA5BEA0
:1077900096678CBE2BEF0DBFCE01F8BECC530CBF4D
:1077A0004ED0F3BE3D67FABD32FB023DC289DA3DE1
:1077B0009475FABD63764C3E03B7443DB009113D64
:1077C00094F7C7BD62CD2FBC3FD11ABE3BE731BE97
:1077D000D5AAC4BD628FC5BB9B76B6BDFC26813CD5
:1077E000B9E6C5B989B3003EE6FF903ECDC9D03DAC
:1077F0005BF77A3EDB5BEC3D030FC2BE6FA096BE2B
:10780000B66399BE076B67BECED4B3BE018795BE83
:10781000F2B612BEBB0A383EE268C9BD7DBDA53BCB
:10782000A58DECBDAFD3353E6EA1D03E53C47F3D98
:10783000CAFDD33DB42875BDCE2D5FBDC6A2EABD3D
:107840003F4677BDED82833CB70125BEF297CABDA6
:10785000520A18BE1D07C33D4431BF3E95F6273E70
:10786000F5E3C23D77AA8ABE36E1E9BE256B68BE64
:10787000BEEE88BE28089EBDDA32853D3C41C53D3E
:1078800041B07A3DA901E33EB4F3D23EDE6B123E35
:10789000693494BBA746473EEB9EF43EF51B8D3DF5
:1078A000273C89BD36558EBEB4E4083E6CF5373EA4
:1078B00046A2BC3B8BE2B53D6B1B15BE206996BD55
:1078C000B4D15EBE80D4AA3C75720C3E721C58BD09
:1078D00086A2A0BDB59CA8BEC92A9CBDFDA7CBBCF5
:1078E0000D45D73DDCD0213EDE14D73D69853A3EBB
:1078F000E8A1F03E8F28DD3E79D9063FB4F00D3E79
:1079000063EE32BDA4E7D53D48169D3E0A7EA83CF5
:107910003B248A3E27B3F2BDAF36513E0C69943EFC
:10792000338CB43D6626203DAE910DBE8AE38CBDFE
:10793000231332BEFAB6DF3DDD26893D4EB119BEB6
:107940003AC6B1BD6772E7BC56D99B3DCA199D3D89
:10795000B7904C3EFD31ED3D6843543E00E8B93EE2
:107960001949B13E9DD6C3BD89691B3EDC65F3BD97
:1079700090EFB0BDB61C3F3D1951A03E31A73F3E30
:1079800018C34C3EA42E553EA729503E64E2C33D89
:1079900076E4813D73521EBB97C298BD5415B7BDA6
:1079A0000E114DBEECCF0C3D17F85F3CFA650D3B58
:1079B00089FF893D08EC3D3DB60ED63C4ABE5F3D91
:1079C0009AAE3A3E4E5F2C3DC7B8453E29BC033EB9
:1079D00020336B3E2EED0B3ED1CC13BD216C633DAD
:1079E000FB3BC53D138295BDDF50FFBDCC4E9A3D9C
:1079F000D48B2F3E56DA5D3E54DB2E3DECC3593D11
:107A00000CC6AC3D45AB583EB1E995BC4379A3BE2D
:107A1000551902BE66AC64BD4E7A21BE25C33F3AFD
:107A2000E6F0593E850B663EC85E8F3D392E013E1D
:107A3000FD3D263E984BC23D8B8DEE3D8F02C53DF0
:107A400025FFED3C9927813DB40AFD3D56A6C9BDF1
:107A5000C0144FBC1BC7D3BD5F452DBDF4CDC43D85
:107A6000607C0E3E88D8C23C1D525C3DBA733B3EE2
:107A70002FFBEF3D70F48C3DAC08A63DD7B1D1BDD6
:107A8000587662BDE45220BE49E4623BC3C2363E32
:107A900073D2643ED757113DDF60CA3DF8C9B43D8B
:107AA000ACDEC03DB882003E01A307BDC333E63D56
:107AB0001E8C57BDAAFFBCBDB4522B3E9252993DBD
:107AC0009F6DFC3CB2EDC93D4119793E8F88893EDE
:107AD000A24E9FBBD7ED87BDA83FB5BB0FCFF43DEE
:107AE00093079FBCCB9E90BD122BB8BD515FE4BDE8
:107AF00049D0F2BD807FB1BD8AB3A5BCB62FCE3DC3
:107B00005C512E3C83B452BDC942EDBC7FC85D3D83
:107B10002B374C3D71AD7BBD3C265FBD4D81F5BD26
:107B20009CC718BE0F94BE3D23DDDABD27735E3DB2
:107B3000D0E047BD10D59FBC47F314BE7AE9E73DBE
:107B4000E352EE3DC740453E44F24BBC1099BA3C6F
:107B500065C655BCEC39B5BC67DBB8BD83ECBABDB6
:107B6000A8E20FBE3B4BD83CB009633DBF0DB63B0E
:107B700087D67B3DA26BBDBD2BC7583CA0E16FBD36
:107B8000ACD7C83D9000DC3D5F139C3DB37B87BE06
:107B9000D072C038D147563EE13446BDAA63853C19
:107BA000192B06BDD22EFDBC4ED00D3DC9202D3E59
:107BB00036EA84BCF45C283D74FC9CBDB9CF3A3DE8
:107BC000494DACBDC85B9EBD50B6B1BDF8805ABD35
:107BD0007C3A1BBC663A803D88EB82BD257420BD93
:107BE0005C3CD03BA6F04D3DDE143B3E86EDE53DD2
:107BF0001292473E8D3F1A3B448707BD0EAE5FBED3
:107C0000CF06F83C4BD67F3D2FBCAC3D30D25ABCA2
:107C1000415477BD43C3A4BD82ED9B3DD51A383C8A
:107C200041E4953A69E31EBE01DB80BDDB93A4BD50
:107C300090C30EBDEC4231BEC7BA96BD3C0DAE3D01
:107C4000A093E6BD2125FEBD83FA98BDFB9D9EBD98
:107C500001A89BBDE43059BE8058C0BD8819833E41
:107C6000DF5B173E47D2BA3DC2A254BE00A6A6BEF5
:107C70005A86B4BE0D5F7D3D05B0DC39152C823DC2
:107C8000F08A373CB85AF5BC57EA0D3D8BB00CBEB4
:107C90006EEE97BE3B30D6BED1F39CBD76806BBEF8
:107CA000A42DA23DA511CD3C803CD33B195E56BE10
:107CB00025A83CBEDFF28BBDC7C18C3C677A1EBDD8
:107CC00037F52EBD4F4505BD28E89D3DFCE000BDC4
:107CD000AF628BBD575F34BEC2C268BE6E0366BE64
:107CE000AD3753BE21F5913C8E972DBE804787BCA2
:107CF0003885A6BD88C58CBDB804CF3C3697433DBA
:107D0000307C8ABD46CAC5BE6E33BBBEE28296BE1B
:107D10001392B7BD7F0B103CE176E03CFFA9263DF6
:107D2000314195BEF8561DBF073702BFD85880BEF7
:107D3000859B6CBEED2E053E9F01123E34095CBE54
:107D4000DAC578BE9AE67EBEB5BE91BEDFE420BD40
:107D50008530AE3D5E1AA5BD201C233B41EE3EBDE5
:107D6000F70894BDCE91613D8E2062BD66AD10BD19
:107D7000751FAABDFAA4F43C1815583B6FCE9ABDE6
:107D800023F06F3C349D563D124B62BE5B988FBE14
:107D90003C4B09BE25B245BEDFBB0ABE3040D83DD4
:107DA000AA2DDBBC66B1C1BE96749FBE75E84DBE00
:107DB000270904BE7142183D77D233BEA821283C62
:107DC000484C06BDB461013DB648443DA4CCADBCB1
:107DD000D8B97ABC8C0FADBC5F04933DD7C2A43D2B
:107DE0003E17A2BD64CA0F3D2E8722BD4A1F273D04
:107DF000406DEABBC848023C1C7A833CDEED263D60
:107E00004862C63C1B956ABDDE29453DEA212ABD74
:107E1000588B4A3C0072893BAB39843D4E4031BDA2
:107E2000A4B6183DF94B983D888CDF3C446A6DBD83
:107E3000364168BD785BA0BC3CB145BD66DC723D97
:107E400022F6133D1B979DBD787A51BDB369863DDF
:107E500048611B3C8E22773DFF340BBD508ECCBB5E
:107E6000EA680EBD05A48D3D2E5903BE1E3DC0BD62
:107E70005C93693D369E8E3D7848E83DD595723ECF
:107E8000965A2D3DDEA9EE3D80CFC23C4C874D3D3C
:107E90001207873D59E1B33D23B60D3EA02063BDD7
:107EA0008A66793DDB97873D59D9813D70C015BD04
:107EB000DD728F3D2F092ABD40ED29BC009595BA92
:107EC0004FD9F33DAC28653C365A823CAD31283D54
:107ED000ED1C9FBC9A17E3BD5E1782BE40F31EBE29
:107EE000ACC939BED0E6C2BE65F9BABEDC3E1EBE24
:107EF0005924CD3B56828DBE141768BE52EA283DE8
:107F00002ABD8E3BF57E533CB1376A3EFFED623EA3
:107F1000FC00363D6E23543D706DBDBB27E7963D9A
:107F2000DB19803DDC0C93BDB572983D9FB23FBD1F
:107F30007144913D9A2E5ABDA0304C3D4DD92CBC78
:107F4000BB05D3BE44AEDCBEE60D0CBFB5355BBE93
:107F50002590063DD39243BE969D3CBEBC1C74BE8C
:107F60001C0501BEF4E7EDBD6AF2513EAA962F3D15
:107F7000E22DC23D3A29FB3D37C8A83D53A6193E24
:107F800092E3233D7021AE3D10B83D3E042C923C5F
:107F9000271FAC3D76FC8C3D59B8B2387ABD9D3D6B
:107FA000471B30BE3EB9C33C0977DD3C44FF1ABED7
:107FB0004F7A94BEAE420ABF9E239ABE9A6D74BD9C
:107FC0005F1E7CBDCB68753D38A82BBE379AC7BCF9
:107FD0000940763DF4E893BD70403EBDB472913DDA
:107FE00015E85DBC667503BED70E34BECF333B3E8D
:107FF000831602BE8345B4BD42C1883ED9D2773EC6
:108000008D7BA43DDAA3353D46CD973D3DCB533E18
:1080100090A7743D3D158B3EC37D59BCE635BEBD72
:10802000894609BF48D098BDDBD3CBBADCED3FBD54
:108030005B4644BDEFE0A6BCB4C7AABD0B9A72BEB6
:108040005BC1D7BD47CEBD3C0F48B7BC0B56BF3D4B
:1080500096E32E3D6E8AC8BDB7EC1CBEB9F9C4BB11
:108060002101213D58FDA6BDD231B63E7D34AA3E48
:1080700008F2ED3CE4E00F3E43B5293DCFFE213E42
:10808000A30E773EC2DA6FBE0FE289BE965801BEDC
:10809000D6E65E3D69E7823D0EF019BD095F2CBE54
:1080A0005CF5ACBE53721CBE75D485BEE3E142BE26
:1080B000F04B11BE2BE9C63D8F2D603D2357853D0A
:1080C000907D813E1513943DEB569D3C23C59E3D0E
:1080D0005679133E59715A3ED067A7BD8C83953DA2
:1080E00069AC20BD9F04E53C3CF04C3E8D459D3E77
:1080F0004162913DD9BA53BEDC5DBABE676B98BE92
:1081000005E065BC2B1339BE72EBACBEC542B4BEF4
:108110006A6C98BE491BA7BE80CD9EBC02BEE13DE5
:10812000BF090C3E7F108F3E85E48C3E4895E03DB4
:10813000A5B83C3EEE8BFDBCAB5ED83D723A603ECE
:1081400071CB0F3E23FD313E3AAA1C3E3358913E7F
:10815000CB73D93CABCC39BE9EBD6EBB0A72563CCC
:108160000FE62B3EE13C1E3E13173B3D35445CBE03
:108170005E2FA0BD137C6EBE4CB395BECE04ACBECC
:10818000CA1210BE84C21EBEA8325E3D92EC013DF2
:10819000AA83AF3E9887AF3E408F4B3E2D347F3E43
:1081A000CB8D873EE7AD483E1F38743EB82A433E2C
:1081B000695C843E5E9C4D3E2092433EAA96603EA2
:1081C000D91633BD08E762BED14D1FBD27D76FBD9D
:1081D000819DB1BB9CF595BA489111BDB41263BEA7
:1081E000B3C92DBEFE6094BE6723CCBD62965F3DD1
:1081F00042E389BD78FCA9BC06F1803CB828C83DA3
:10820000C143943EFF5FA03EBB3C113E86F5373E26
:10821000424B753E6FDEB73D1F0FE93D15E5A93EA8
:108220007FFE803EE241B53ECCBAC83D7A6AD3BDFE
:108230007EC5293DAED16DBD962878BDEB8E7DBE45
:108240000663E1BD4BF405BF0FE08DBE514722BE72
:10825000AEB59DBE2DBACBBD850B4FBD7440863DDE
:1082600071EFB9BD6F2A4ABDA86B193E6C7D313ED6
:10827000F2A5633E934C5ABD10BB033D6EA1473E31
:10828000F42F5B3E91F5DF3D8E679C3E0B35EC3E57
:10829000B832C73E52D8983C5ADA83BB3EFE68BE1D
:1082A000A0DFD43BDD0B15BEB99F123E727A5BBED8
:1082B000289505BEBA6869BE71A33FBE330004BEEF
:1082C000B56C68BE3754EBBDC12C9BBD70B15ABDB7
:1082D000BD693ABE07AC42BDC5AD493E30474A3ED6
:1082E000629F943D4C0D0D3D50FA12BBE2BA1DBE8B
:1082F000827192BDFF29EC3C4053AD3D4DDBB93E50
:108300001EF1A63E7AB44D3EFE7F0E3FF597E93C46
:108310002E621CBC803844BE83A5B23DE2CC04BEB4
:10832000D36DFD3DEF66ABBC74CF05BE9716513DD6
:10833000D51A64BC5A1BD83CB5ED013D06D6063DA6
:108340007ABB58BEE71967BA54319E3E3AD6733E9F
:10835000C21DE33C6A6DFFBC72EAE0BDCEF213BE03
:10836000B7C073BE9B691ABEBEF6E8BCD832693E80
:10837000393920BE610B0EBE01567C3E6C5783BD61
:10838000D8C04D3DE1BF4ABEFF32B9BDF06F05BD5B
:10839000C258EA3DC14418BC56D66DBC60422EBDE1
:1083A00080EE0B3E24037ABDCEB45DBE97302FBD68
:1083B000BC7B0C3CDE91673E989CE13DC4F80CBD53
:1083C00008019FBD5F03FFBD503DC6BD96A07DBEA9
:1083D000CA279BBEBD3875BE666B5ABEC83899BDEC
:1083E0006D22C9BEA6A0EDBD3931DC3D656F143DDF
:1083F000F37DCF3DFF21DB3A4DD8F5BD112A4B3D32
:108400005431553B0397043EE273ED3DD8EF4FBE28
:10841000FDB8BA3D4A54393D2342C2BD2E5ED9BD96
:108420005469A53C5FF0193E219DC13D52979DBD09
:10843000C43E1CBDA71813BE335001BE4CB95EBE6E
:1084400005797ABD55AB64BD959E6ABEC02215BF45
:108450006AF818BF017559BE24121CBEBC95CCBD6C
:108460009EA9C23D2A45863D3DA2BABC117FCBBE26
:1084700009DE233E4E27933EF8CD9B3DDB9D773DA5
:108480002876213E49458EBCD19250BDA057A6BD4D
:10849000E418933DCAE4AF3D564DDDBA17421EBE07
:1084A00006A59F3DF1F91ABEFC7ADCBC5E55ADBD58
:1084B0008C8C30BE6F2DECBE9BCF09BF8BB7A9BE95
:1084C0003D43CCBE78A534BE25AB283E6A3AA13CDC
:1084D0009E17C9BD24269C3DAD7BB33D622852BE8C
:1084E0007240063E6E5D823E4AA41F3E88B351BD77
:1084F0004E08143E0C6C8ABC1B13B0BD1C9743BDC8
:108500008A76A13D112D193D86E112BE9D1F9CBDAD
:108510004D8AC93DA37952BB101C44BD13F551BE11
:108520003EBBB6BE476F40BF7231FDBE3119A9BE1A
:108530009E15D73AAEC867BE7C5490BD35BD7E3D12
:108540005AF23ABDD19AA93D38ECA1BC6B42D1BDDB
:10855000D6C1DF3D3CB8BD3DA9E0C33D9962043CB6
:1085600006DA3A3C226C0CBE5274943CB3A02ABE8C
:10857000C89CC1BD03A1C4BDC7A1F0BD76870D3D98
:108580001B3CE43DA6C45B3EA6E31E3E2286673D3F
:10859000FEA8C7BEB9BA15BFE723C2BE329B3FBC17
:1085A000FF7AB53DAF0D0F3D64AAC83D9747CB3D5F
:1085B000E1928E3E7E208B3BC0B7C43C108460BEEF
:1085C0005A09363D706F04BCD0DCCF3D01E2CD3D91
:1085D000F4FFBFBCE364C3BCD0CABBBD944C0C3D2C
:1085E0008EB3CB3CBCEECEBC9FE0A13BC8CE793E67
:1085F000300E423E7D4B9E3E64E1943E43AC25BE30
:1086000014D6F5BEA07B40BF25DA1ABF15EDADBE6E
:108610004CBBEFBDF4D25A3E5966643DAE560EBE19
:10862000176A36BC7A5D663E65D76B3EFE9F60BEBC
:1086300003DB92BC8E6AE43D7138E43DCB72B13D00
:1086400054C7643DB2C684BD607FC0BCC03F28BE75
:10865000BB45E9BDFFDE8FBD1706C33D799C0E3ECD
:1086600021C3F13EE8DDEC3E02DDCD3EDFA87DBD5D
:10867000CC5D45BF6F8E44BF731534BF6E4B42BE99
:1086800039E14B3EBA971D3EF16BD03D50F646BDE9
:10869000506A95BB37918D3E2064F6BDE05136BEE1
:1086A000CE11363D766A023E282A1C3E6666853D1E
:1086B0008483A33D1F1D69BDACD28B3C674441BD83
:1086C0000F64D1BD60B2EC3D18FAA03C7F1F123E92
:1086D0005F8E133EEB95953ED2A64E3DBC1AC1BEB1
:1086E0007C782CBFE32C21BF5D1A00BF355436BE09
:1086F000F728843C3A59293D63D4B83D1917E8BCA2
:108700002613803DB987263DFBA20DBEDF8FAE3D0F
:10871000AA315EBE7CC3EB3CF725063E5AE10B3E18
:108720008839803D1E88703DC0C09B3D8C1C753DC6
:10873000CB0B813D75B01F3E294FEF3DE306F53C65
:10874000C0D54C3D01A10D3D441BA6BED77C06BF44
:108750007730FDBE17FAB5BE677FF8BE71D755BE3C
:10876000C620B5BC3445BA3D22A3843EDE6CF8BCBD
:1087700065471CBDB8F0903CB963453C31623B3D58
:10878000CF09E0BC759B303EC6FA1E3E1D9EE53DFE
:108790001DDB6B3CE2612C3E2BD5183E5097753E9D
:1087A0001B8D4D3EA769723EFA4B5B3E06EF043EC1
:1087B000A6606BBEAC25B5BE8CC9F4BED25F14BE3C
:1087C000E35F12BF97E7F1BE0767D5BEB14D26BE86
:1087D0005C93A3BDFBD11DBCBC02543E5A9597BD12
:1087E000685DA7BCF81A86BD9EA9133DE6FB2F3E27
:1087F000D56DAB3A852FAE3D58683ABEF35AD13BA2
:10880000324130BDB55B1C3D5BFBEB3DB178283E92
:1088100026FB653E33EC143E84B992BD85132CBD16
:108820004A9ED8BEF640E0BEAFDAA5BE4DD462BEC9
:10883000B2EC75BE2B17BFBE4D50FBBD02332ABE36
:108840007F54183E4A2030BDECB8193D58169EBDE5
:1088500044D5FABC22D3273D4F3BAABD4850813EA8
:10886000B6635D3EE2EF30BC885889BEFA5042BE26
:10887000448931BEBA77583B2E713D3E466A153E5B
:10888000C1C0193E64DFA53DBFC436BEDADE75BE89
:108890002483A0BE8F5B6EBEDD85A7BEEBED31BE2F
:1088A000FD50FBBDB755EB3DD4513BBEAB1290BE66
:1088B00095AF04BE9D8248BEE930B8BDA31B08BD7C
:1088C0007E3E383DD676D8BCCBAFA93DDA0266BE37
:1088D00083B536BE8C47993CC983B43CF3C9BB3CD5
:1088E000A534263D58C1A13D9416F3BDE61EDDBC5E
:1088F000A993C5BD5C758EBDA5AF80BEA57D7ABEB2
:1089000059227A3ECA88013CB6BDD1BCE37E343ED2
:108910002E71FBBC38797ABE488225BCFE198DBD0C
:108920001CFCEABDE89083BCAE361F3DD8DB56BDCB
:108930009009CF3B9766A83D693B8B3D6F968C3E77
:108940006A8F1B3E79F9AA3E7FE7E23D1CFDBE3DE2
:10895000DE6C43BDB146BEBADC4E183E554A273EDA
:1089600025D55EBDDABA1FBE4BFED93DA0932D3E84
:10897000650CEC3E0EAF543CAA888BBEED41EBBCBF
:1089800087F5E83D6BB5293ECF81263CA262E53DE7
:108990001D43DF3C2E0E39BC8FD448BD0A060E3D68
:1089A000765B7F3DC0A2243B88213DBD07779DBDFE
:1089B0002B6488BC18FD0EBE9E09723DFAB59E3D23
:1089C000920C9E3DDE13393EDBEEC23D5879B73C3A
:1089D000840B1A3E9C1B863DC2F24D3EC957473E52
:1089E0007A1B773ED9AF1EBD57C3123ED60BD8BBFC
:1089F0001BC24C3D2C211CBDD85542BD986A83BC7E
:108A0000F20D393DEA97013D0614A5BD24FDA63CB3
:108A100057518B3D3ED5423DD0A887BCF099E5BB70
:108A2000DCCE173DEAF52F3D880B193D281A343C62
:108A30003EF04F3DB3AD953D86B36F3DB0CE7DBCAE
:108A400089BE663DC1BF353D467BEC3CDB9877BDBA
:108A500071F802BDDD5E9A3D5BBAA6BD869D44BD40
:108A60007749A03DD4DAFC3CE25BB9BC3EDC9FBD5B
:108A7000581E6BBC382CCB3C80FBD03B841039BDDE
:108A8000C98643BDD059213DA35257BD8965823D5A
:108A900023FE2E3D9BB1F0BD91CC5CBDE23C31BECE
:108AA0007340B8BDDB8B1CBDB9DFA33DE87FCDBDF6
:108AB00054A67FBDBBC831BECE959B3DFB7010BD9B
:108AC0001529A03CBD67F7BDABCD4F3D03B98B3D2C
:108AD0004005BA3D18CE86BD9F4097BD6F46B4BDD8
:108AE00040CD96BC83148F3D6894A7BDC2FD453D23
:108AF00048A496BC783A613C684A3E3D0CB3A7BE98
:108B00001CEAB7BEC2EAD33D05F44EBD30C7D0BDA6
:108B1000CEFE543E6A59AE3EBAB20A3F9E02183F9C
:108B200007F8A03EF7E1BF3E7FFA093F1175AF3D60
:108B30007A5EF83B164EC13D8D6993BE8F6E14BEB2
:108B400019E131BEEA5E7FBC7387413DE0EDAA3D8D
:108B500009F2333E0C6226BC1BDE853D409F2FBCD4
:108B60001CEE8BBC1B69A03D947C65BCF723CDBE7D
:108B700025D34DBE6746AC3E1BC4C63ECFCA463E5B
:108B8000AC9FA23D9EAF923EC033103E064366BDF1
:108B9000AC5D3BBEE60571BE6C77AEBE12C49ABE3C
:108BA000C335A3BE2BDE4ABE8BF20DBDFCEC593E95
:108BB00046E649BEDD947BBE140A82BD4C511D3E83
:108BC0001648283E1EDDE9BD34DE973D801C033C7F
:108BD000CAF69ABD8CD1CA3C0BC492BD8FDBA0BD36
:108BE0002F08E03D773A693E5E1C873EBD6C943E9F
:108BF000C977C33E5BD47E3E0BBF263E101942BEF2
:108C000009C4CBBD71CC1F3D261A7FBD8A309EBEE4
:108C10003C3556BEF17084BE6E36FFBD3B50F5BD8F
:108C20006C3A19BD979E14BE899C2DBD2051373ECC
:108C3000369C143ED05A3BBD6FDCB6BE9B587A3D85
:108C4000EAA9383D200C67BDB1D0EF3DFEF14A3DA9
:108C50006F636B3E30CFA73EC4FEE13ED9A5A13E77
:108C60008814963E5006723EDCFBDE3D0BD1AE3DD5
:108C70009BD3903DB55526BE9F439DBE3177D4BE54
:108C800016F1A8BE67ECC0BD3DC8DC3C6C80063E5A
:108C9000E262163EF1F6ACBDDE51F3BD57F6713E11
:108CA000E74E483E8E51D9BD4A0B44BEB866CD3D15
:108CB00058B3A23C781748BC533015BE3146373EF6
:108CC000E34DD33D8998C73E94A7CB3D0306753D40
:108CD000314D7E3D4913013D2EE2573BC42A4EBD26
:108CE000008B3B3EED493BBE5BBBADBE6581EBBE41
:108CF000C8204BBE81AE2CBEA2C8EABDF48CD73DC5
:108D0000DC7BC23D7E76743DB005E03DA217723E2D
:108D1000E44331BC0150B83D757A07BE6063813DC4
:108D2000FB2C853DE8152EBE31A5EEBDAA05863E7D
:108D30007491953EB482B33E5F9C9D3D373E1E3E8E
:108D4000633978BDCFA7703EC21264BCAFC1883D05
:108D5000F5E4C13D061F0EBE0829B8BEECB16BBEDE
:108D600081DF20BD9163AE3D1721103E878E2A3EE4
:108D7000B4772A3E7B0F3A3EBA31523E07632B3E10
:108D8000AD9D82BDD10552BEDA83BEBCD85ACC3C63
:108D900001498F3B2F4335BC6EDE03BE15491E3E95
:108DA000AE8FE83ECB6B803EDF0D0E3EEF90813EF6
:108DB0005B53453E4DE0853E0357083EC68C823DE1
:108DC000D5D2F0BDE3F062BEA6CA77BE812B9ABEB3
:108DD000B4C0E6BCA4D89D3DF9272D3E4A33A03D42
:108DE00019A8443E6031173E1B883FBD130191BC5A
:108DF000173D6ABE311885BE615B61BECB1B3EBEAE
:108E00004B16C73D1440B63DD210543C4E8D013E2A
:108E1000E0EF1F3E2CCEB3BBEAED903CD9C4F73D4A
:108E200093FC933E3A0E1E3E744ECA3D78BDE03C24
:108E3000C3CAE1BDA04D3BBE32AE99BE850F39BE5F
:108E40000963FC3DD7A24D3E85D9FB3DBEB3A23D93
:108E500015A9873EEEFB4D3EC5B90E3D64F145BDFB
:108E600005F1FFBBA7B4BD3DEAB1ADBDD8D608BE84
:108E70009BEBA53C7105963C5A3E4C3EC13FA2BDC2
:108E8000CB80033EF5D6BB3CF545EFBDE4A0803D6D
:108E900020E61F3E64000C3ED8AF873DAC66DC3D4B
:108EA000A4E9AC3B9679B1BEA65D0DBF03ED95BEBE
:108EB000AE16B63C6B3D8E3E963E513E3685E63D47
:108EC0009889DFBCC04D6CBCB8DF9B3CA0218A3CBC
:108ED0006F5C4F3E3713803DA85FAEBE824A0CBD2B
:108EE000926F623A880CCC3DB48B27BDE46B523E46
:108EF000D48F063D64D4F03D870C953D5CB8C4BD6D
:108F0000ED3A8DBC2FA39D3D416D3F3EDF03113EE9
:108F1000CDFF6D3D67E49FBE0F8CC6BE6C2543BE82
:108F200065CFF93DE3304D3ED0C7343D2F8D383EFF
:108F3000306216BD7634BA3D37DBF13DC433D6BD61
:108F4000A2842C3D45EE9D3E51FD91BEB8FB9F3D58
:108F5000774034BD96063C3EEEF014BD3035183EE9
:108F60005102D8BDA9DBE8BCEB85863C38C4BEBD48
:108F7000AB3098BD2068DDBD5C64D8BBDBE7C03D8D
:108F80008F76413E1EB993BDEDD7A6BE3B10ACBC5B
:108F90002D83953D4B42303EC1DA73BB4D21DB3B07
:108FA00075A1A9BB8312823EEFEB8B3EF9BA8EBD51
:108FB0009B8CEB3D64F1843DD47EB9BDDEBA003DAF
:108FC0007A0BCC3DF3C7873DBA3224BE068A583CA3
:108FD000341D523D3D61153EFCD6673E964108BCAE
:108FE000E05494BDA52E53BD32D2A3BDF940F53C4B
:108FF000A6D8CDBD0181C1BE624076BE70BE2B3CFD
:1090000001A94EBD00E1013EC18AD8BC409FE13AB2
:109010000D52293C52F48E3E60F9533EBDEE213E86
:1090200060F4BA3D1B9089BD091AE23C4AD7A9BD3C
:109030008FC9EABCA7BFF3BDC0FA813D665E24BEFE
:1090400012065E3D71217E3E2E6A063E3C7896BD3C
:10905000FB78C83DE54C36BD78F294BB581419BE78
:10906000B6B84ABE24693FBE428D35BC41D09BBDD7
:1090700047E141BB9664213E134D253DB44E6C3E05
:10908000F24585BC03FCB03D188F343DD592AE3D12
:10909000CB021EBDAB5088BDE2B79FBDFC609EBD3C
:1090A00065CA4ABB125234BE9F622C3E09B0383E9C
:1090B000A1698B3DE67BA73D815F52BDD3D227BD21
:1090C0005A81A3BDB68A88BD2F9B86BD8AE27ABE2F
:1090D00002E093BED5F76E3C7252473D390BEE3D30
:1090E000B756093EEF3C5C3E1177103EA373283E15
:1090F0005054DE3D76A30CBC243A5EBD883755BD86
:10910000ACB5C8BE31F94B3D95276FBE855C5B3D64
:109110009B87A13D0B5AFCBD1CDD0B3E66233B3EED
:109120004CE72C3EF31D303E191A343EACA15CBC1A
:1091300039C96DBE577B76BEFA5A5FBEB361D8BEE1
:1091400066BA70BE2FE3AC3D3BA3793E0F5C2F3E69
:109150000498783E0BCF943E43711A3EFD8B6F3ED0
:109160008043AB3DFF8B90BD065AA4BE046894BEFD
:10917000413B40BEF37AEC3D8015883C281F983C6B
:1091800076BB53BD84A9F6BD296F603E7AB1633DBD
:109190001C79213E4D1D1D3EE8D97A3DA64012BEE8
:1091A0003D1215BEB8A38DBE3922BCBEAF5E7BBEDC
:1091B00080DF8BBEC8E7253C0FEC573E0F2F223EC9
:1091C0002D3BA73E455B7B3E0F2B193E2D6307BD14
:1091D000FAE0B9BDD8D0BABDAC8A3ABDA09E76BE81
:1091E0006F3DACBEEB85C13D1D6812BD794596BD96
:1091F00022D959BEFA5868BD70DDE73D4E74683D0E
:1092000091C5C33DE2F3983A88D16BBCC17D11BED4
:1092100062CD0FBE3AC6C7BE419FF0BE8E229BBE36
:109220009B2BEB3BCE88F93DD7DF813E30AD073E2F
:10923000C9F59F3EDB81233E829E433E5BBB21BE40
:10924000BB74F6BD3820DBBA784F21BE53E5CEBEE5
:109250000909D43C5206253EE824773D0E6882BBBE
:109260007AC3453DF0191ABD421281BD18D2033CA4
:109270002BE5F5BDDDDA4ABE18334FBCA7A53FBECE
:109280002966C0BEAA7075BE81A6BABE729B293D72
:109290003043B1BCAA633F3EA0D9173E6022973E3F
:1092A00069B9873ED507463E687FDF3DD029B8BD06
:1092B000FFA323BEEFAEAEB9271CAFBEBE28A1BE32
:1092C000CDA5353E73D6BABDB55382BDC70A2BBDF9
:1092D000B1542CBD27688A3DD8C9413E4B355B3E11
:1092E00049701ABE5BC09DBE1A6F96BD215037BD36
:1092F0000FB998BE823A59BE85C04BBDA58123BD2A
:10930000185DB03D2A271F3E218AC53DA9DF9E3E3C
:1093100056AE4F3E9F6CC73D2DD35A3D5D9FC5BD98
:109320007AC1E7BCD40EE3BD374687BEBDFC8BBE19
:10933000A3C5573E9C3144BE4ECED63D96F8ECBCFC
:10934000910A8DBD413DD6BA334E663E3B7A3D3ED5
:1093500032816CBEE920D9BE6BDA60BE608E07BE7A
:10936000527495BDD7574E3C4BCEBA3DB0EA013E44
:10937000C3A6853DAEAD2B3EE4D4693E2343533EA8
:1093800009512A3E244E8A3EE9C9B63D8CC0BE3CF6
:10939000292C6ABD981D8A3C5C57563D9E47083E65
:1093A0002970813EF2B6023E3940A4BEDD7AB13C5E
:1093B000CAFA263CDF26963DA78F873D68F68BBE0E
:1093C000E286EABD878F73BE4E1EBABED51720BE99
:1093D00053E309BECFE3A73DECEAA13D763BCFBD09
:1093E000BD9A08BD5A1C3F3BA23251BD5051F53DBC
:1093F00030C89D3B8B611ABD291B763D5932D53D46
:1094000017D698BD192FF43DA259863E510E8B3EBA
:109410003972CE3EC7F5D73ECB3852BD7731113DBC
:10942000FA05753DEEF9053DEC2FFBBDAAC993BECB
:10943000138F9DBD60FCC7BE00B83FBE740458BB0F
:109440002D72A6BDD777723ED5D8223D251744BED2
:10945000A0A689BB5E2D4D3E5942BB3B2CA73C3C90
:10946000D0B254BD05888FBDCF6039BDDA2C983D90
:1094700016998B3D3096B43EA9348A3E0360B73DC1
:10948000E710583E2659723EE722BC3D53F98DBD88
:1094900030F3363C74AB85BDCFEA1E3E5907E4BDC0
:1094A00006D3C53DC9FA2EBE2A0EE6BD6BE137BE16
:1094B0009B23F63B6251D13D9B25853D2C969FBD5C
:1094C0009E4885BCC30E693D7E4C9A3B68CF42BB2B
:1094D0009EA596BD4EC2BEBDDDE3403D73C29C3D20
:1094E0004412303E0931C33E54AEA13D6D6433BDDC
:1094F0001DB43F3D97066D3ECF6848BDA036753B15
:1095000000CB75BB3000A0BB41EB05BE0F3CBABB26
:10951000871331BD0EAAB0BEE13891BDA3FA37BDA5
:109520001FEE033CE1B87CBDC947EABD281A81BDE6
:109530007D9C49BC1026383D85D9393E0819053E29
:1095400052F7953E2BD0BB3D5E5C0F3E106821BEAE
:109550001D6022BEEA13173D673A8A3D383AF2BCD5
:10956000878F47BE908AE83CF83F0EBDD56C9F3D83
:10957000A097AE3B702133BC8F09843DF663863BD8
:10958000B1BDB0BDA553A6BE334378BE58B7A3BE88
:1095900018C56CBEDF0679BED7D5CDBE599E8EBE2E
:1095A00055C56BBE472923BEF58EE5BD283F1ABEC3
:1095B000D89211BE5E592FBE3451FCBD965EC4BE1A
:1095C0005B6004BF2B828BBEC5DBB3BD5AAA533D83
:1095D0006D09D73C9F48763DC0B494BD80A9E83A58
:1095E000D33C96BDD1C8AA3D64DE67BD80011D3C59
:1095F00052A5373E65597B3EA21258BC60233FBC42
:10960000F26242BD7C3C10BE601407BEEFF0C3BDE9
:109610008F3BB5BDE3DF163DF85783BDE07A91BDC2
:109620002F01D4BD0D16893EF85E19BD872EBB3CB7
:1096300019CD80BDC82FFC3D2A30383D2EE2963E24
:1096400090F961BC3382983D6886663C164F85BDB3
:1096500040E5EE3C38B06EBDA099023B7BC928BD09
:10966000C0B1963CB0A0753CBBD1A9BD3AD05A3D23
:1096700054B37BBD48E21EBC5A8556BD8AA93CBD89
:10968000DB4B3A3EDD88B13D7E5FAA3C9267183DD8
:1096900013B59A3D4C4E023D9013E53B3292BBBC54
:1096A000BB3D993D4E441F3DE4A78E3CB87B9EBC1C
:1096B00028E6A4BDF05885BDC030433C60AA5BBD20
:1096C0002FD98E3DA5340CBD139A853D502801BD80
:1096D000D68867BC38CED13DA0FB3B3EFA0D013E9B
:1096E0004347323EFBA7143ED600523E057E963ECF
:1096F000156F8D3E1CBCC13EE3BDB93E0B18A03EAC
:10970000617D683EEC59A83E0136E23DD533133EFB
:1097100026C02D3E4B5103BC7A78673E70E2313E45
:10972000C87373BCBCEAC3BC9EE3553D790A893D4E
:109730009EDB5ABD2CDE983CF39D06BBA7EBDE3EBC
:109740000F51C53E3F70F53DD0AC163E09D9323EB3
:109750002D5E163E38A007BDEBAB823EE10EFC3E0F
:10976000F903FE3D4478473DF0FE123A302760BCD5
:109770003CB0903D987A933D24010B3E19CD703E4C
:1097800091E626BDA888DBBD800682BD27C2223DAA
:109790009380243D41C7893D552237BDC87826BCFA
:1097A000B2D2FABCE4756CBD8E9E0DBD380BC43EC2
:1097B0000E0FD73EA717073E891A6E3E13A1CA3D6A
:1097C0003684B23EC48BA03E9450953E199524BE7B
:1097D000D01E6F3D2EEEBB3EAE3FB23E444FB93E73
:1097E000C6614B3E15B13F3E1CB5573E0E6F263E3F
:1097F000DBCC053E286992BC304E973D4B91D33D62
:10980000D764113DAC3424BD34774D3DE028FBBC1A
:10981000F53C823DB91D253D13DC833D29E3223E05
:109820007F8F053EEC730D3EFADA6B3E8FFA2A3ECF
:109830009D67153E6A96403E92A0A63E842FA73EA5
:10984000A6D8083E3C6F3C3BE7DBADBDF9A82FBE78
:109850008D6835BECE6F0ABEE44819BECB88113D77
:1098600038D744BD7DAB073D72AE7BBDAA0695BE21
:1098700078321EBEA623E0BC9DF3133E4046A5BD34
:109880000A95483DC49C84BC8AC43E3BCFD8283E40
:1098900039C8D43EC211DE3DE46B0B3E8F64AABCD6
:1098A00076F5C83D3876F83D718B63BD252B47BDF5
:1098B0007E2F3DBED71773BE7EBDD0BEC28634BEDE
:1098C00071C2D2BE226FBFBEF103B6BE54D140BE3C
:1098D0001536DCBDBB578A3DB37247BD9CD481BEF3
:1098E000B2665DBD7D3492BEF18C50BD50EF3DBE81
:1098F00002481F3D176463BD67DB89BC67E1083D13
:10990000968C373E66673F3E0B392ABD818F00BE7D
:10991000DCAA3D3CC43D68BD455F7FBE743A41BB97
:10992000EA689BBE82E05ABE2B00A0BE800AD7BE6A
:10993000544EB6BE8CE0C7BEBA1361BECCC986BE5B
:10994000F089A6BE2311F83C184C5D3CB2A22FBE94
:10995000DCD1F0BDCDA4B1BE1B3AA7BEDCF715BE6D
:10996000B0FF273D2BDF473E2E12A33D612794BD5C
:1099700038B0643E3913C53D4172993C29ACD53DA0
:109980000FB79CBD073D0CBEB44462BDD235FDBDD2
:109990004B324BBE2D8B42BE12D52FBE78E37ABE22
:1099A0001A7942BE5C2E93BED7ED4CBE27E63CBE74
:1099B00066178BBE1BF37FBEA8BC40BEF4FEDABDAB
:1099C0006AB3E8BD3E39A7BEE58C98BE4E0493BE8F
:1099D000A00485BD305D7A3E2606D43D9D66093ED5
:1099E0008790793E96FCDA3D6761843D21B1873DE1
:1099F000EBF0DA3DCDF944BD0B9CCF3DEB662ABDC3
:109A0000A5CE0D3E5D554A3BE917D23D7F9EA43C55
:109A10009AFE50BD1BCE74BDB2C56BBD82BF2F3D3B
:109A2000F4703BBED729A63D91BA10BD68FA29BE95
:109A30004634413BEBA5AABE38CA24BE9839953CB2
:109A4000457655BCD7106C3E6A8186BB237DC53EEA
:109A5000C5ADE13EDBC1843E3C9E3D3EF252863EBA
:109A600065DEB43D76381A3E7267493E1029A13E44
:109A7000D2A2B13E04AADA3EC099C03E86830D3E12
:109A8000FDE4A83D42A9033D2F57D43DA306CE3D9A
:109A90004A5FC83C0CA2BE3D790CA53D716FE7BC86
:109AA0000C7C693E7081823DEF4F5EBED7CB383E65
:109AB0008E8071BBC75FCC3C98852B3E3B022F3D0F
:109AC000862B783E76D4163E00282F3E3B35C93D86
:109AD000C4FF343EB970E63E06B1BA3E3A288E3E27
:109AE00092B8993E21A3E63E19DFC23EC0A73C3E94
:109AF000AEEEBA3DFC3B703EF7496D3C42BFB03D17
:109B0000D788523E4E62C33D4203DC3D8A6F2F3EF2
:109B100073A83E3ED79DF5BD3F93BABC0503083EF2
:109B2000023CE93DD520473E2E8B5E3EF61C263E8C
:109B30006679363EFDFA903DE899243C76122A3D3E
:109B40001D54F33D92F4003E80E0C33DE92B8C3E72
:109B5000F262573E7177923EBA7C223E7F3DBF3D16
:109B60005050ED3CA003A73D91899B3D667CBB3DD9
:109B7000BDDE683D34586FBD54796E3EF6FDAA3E99
:109B80002B3B873EB55CA0BE5CE23BBE43A3233DBE
:109B9000D9D8613DF292373D0BEDE43CA0CD4CBEEF
:109BA000A78801BD39AA283D349F8ABDDB351CBD7D
:109BB000B7A123BDC1BAAEBDF69E1FBD52F454BCC1
:109BC000767860BDD46E2DBE5B45203C39A5583DEE
:109BD000E4BFF53C502AB53CADEC2E3E15C194BD1A
:109BE000420640BEBD6837BE2FBEEA3C4D54F73D2D
:109BF0003A94433EAEC7B5BDC8559B3E3F0B6A3E47
:109C0000E7D09A3D0F57DF3D0CD9993E8209E3BE5C
:109C1000FCF717BED8AF2EBDA6B6953D30843FBE2B
:109C2000CE2554BEB81619BEEC3E6F3D6537C43C18
:109C30001C8591BD244325BEAFB626BD663C20BD24
:109C4000F0270D3E18833C3CD43DB8BDDE5111BE1B
:109C5000DF5492BDCCFCBF3DC9D94C3E994E563E17
:109C60008E73CD3E2991313E6DD30B3ED1494BBE13
:109C70005402313CDDDFEC3DA20EBB3E2BA6C8BE3C
:109C80002B0CACBEBF71103C82EFF93C5F3F82BE33
:109C9000D43112BEF2D76A3DC46D393E2A439A3D93
:109CA000A4D045BDB8EA39BE84A9F7BD18544D3CCF
:109CB00099E0C4BDBE03B13DA61C16BE086CB03D04
:109CC00080D7823DF3AEA03E7C39903E706B963ECD
:109CD0006227923E7AA152BED39231BC17E6ACBC49
:109CE0002F25C33C68A8893B2582D93DB54135BEA7
:109CF000F85818BEB7EF053E082A063E9EFFA2BDE3
:109D0000BA1CF63C339E5A3E4DCF053E6D65A8BD4C
:109D100094E927BE8FBE2ABEE061DDBDED0F893C10
:109D2000D5909DBD870FD4BCA3872EBDCD1D413ED0
:109D300043F99D3EA60B963EB6341F3E6D781D3E00
:109D40005429A23EDB049EBD2DBBABBEB9D99A3DC2
:109D5000A3F6953DB7619D3C1E035C3EB7C8DDBBD5
:109D6000A5D22A3C18CB693D9509A23D50AFDD3DF7
:109D70008CAF35BDE262D23D2629053E4F0104BEBF
:109D8000CD08A2BE516594BE8F295E3B5DAA67BE19
:109D900064DDA0BE4C240BBE188792BD1769763EC9
:109DA00000393E3EBD53F03D3CA00A3E5854303D84
:109DB00029B25E3D2705C73C4CA7B03DA87240BE06
:109DC000E78832BDED9EBEBC7C432D3A0AD6153ED7
:109DD000357308BE5DB3293E055F55BC175534BCCD
:109DE00088B298BD259A083BA241D5BCAAE454BECE
:109DF000403A96BE11390EBEDFC2823CFD1F92BDB5
:109E00005B7139BE6A12D6BDAE01313DD791383E85
:109E1000D75B743EAED0463E43584B3E22E3133EE2
:109E20004B3B493E6B27D53A56B09FBE9D02FB3C4B
:109E30003EA0793E3CDC183C6255A53E950F98BD8E
:109E400043AF46BD045F3B3E1C2422BD8409A7BD31
:109E5000EE9E9FBD71F9943CEC53CF3C18CB6BBD8B
:109E6000D5C51BBE2AE6BBBB5628FF3B2BF42DBE37
:109E700058A754BE22E7123D4896F53D34F1373DD0
:109E80000AFA723D205239BD5DF1EE3DA0A3E63CD9
:109E9000E87BA2BE1F1539BDC0D780BD097D1BBEA2
:109EA0005CA475BDED02403DDB376D3E96A598BEC6
:109EB000778813BEBB1AC03C8B9326BEE3E16CBE11
:109EC000611F98BD8472B3BD77C91EBEAB7423BC3D
:109ED000776B20BDF3D6033C6F83FABCCCEB223DFD
:109EE000FF4831BDE53A5B3EFAB7CB3DD4582E3E34
:109EF0000942ADBD13E270BD166B5DBA8701A2BE0B
:109F0000066351BE213808BE82283BBE242DCEBD3B
:109F1000FF04A8BD8843053DA43630BDF7FE01BE51
:109F20004AE413BE50F1173C5D4529BE0A4C79BD89
:109F3000190A21BE29E744BE8CF11E3DC3FE48BD6F
:109F4000E4E76DBD826E0B3D961DF83D8E6AD03DF7
:109F5000BA0AE53DC0463E3E53EB32BB156191BDAA
:109F6000E3D711BE8DBE9CBE052A33BE279FA0BE7F
:109F7000447D99BE7B03A9BE6619BE3C51B7513DD5
:109F80002E41363C04B6513DC54429BDAE6D95BE4B
:109F9000451B24BE02755F3DCC9381BDE72A43BDBE
:109FA00097E1AEBD90833F3D9C28CF3B80C582BCEE
:109FB000011BCEBD6B28003CA7134C3D242BD53D87
:109FC000AF67693E19D59D3DF2EC393D2A370ABE8F
:109FD000270455BE1D055BBDA7FB23BDE86AE9BE8E
:109FE000F1E7D4BE10388BBCA5D6983D440385BD9F
:109FF0005324343C1FCD173D014AFDBD00668EBE83
:10A000009EA901BD648047BD3267D9BD4F7E2DBE7C
:10A010008783EDBD1318E33AE58D30BEF370F5BDCF
:10A0200046C816BDE159A63D08851E3DFA4B343E93
:10A03000C024003E17A2283E3DB1973D4A0D59BEAF
:10A040000B08ADBD7C18093DED229FBD6587DEBEC6
:10A0500091C8C9BEED5A24BBE4AE8EBD184D173D64
:10A06000574A98BDC72CA33D76EF5B3DC56DCD3DEE
:10A07000D825B43D29AE6D3ECDFFB43D78C79A3C9E
:10A08000623A39BE8EF186BDB3068FBC69D878BD01
:10A090006AFA70BD669741BC24B801BEC9B582BDDD
:10A0A00023D6EABDEB7D05BEA75F3ABECDC8A6BEEE
:10A0B0004450BDBE6DC28FBEB09143BD0D84AABEDB
:10A0C0003F977FBE22CC5BBADF7C383D245EB83C34
:10A0D0009CB4F1BC04EB873C0E16613BC4459B3E2F
:10A0E0008712793E88E9BA3E89E9DA3EA25C323EBF
:10A0F000440C783D27D4A53DFA052F3E8B5B853C6B
:10A100001A1F7EBD76BECEBD21D7DABD29590BBE42
:10A11000516AB2BD451C4CBC769F52BEF33D113D09
:10A120002F5946BE62180ABE31E346BE7EAFCBBD94
:10A130006091FB3A06C5BFBE689AC73C6D62953D0B
:10A1400087BD853D38FF763CF46CCDBD2974163E45
:10A150001DC6D33D3E4C873EDEB2903DC414A83EA2
:10A16000BA7A923E7C4F00BD2C874DBCDD3FC63D88
:10A17000F1F4E43DB4D3223E6859873DDCFBD5BD04
:10A18000235B143E5866083ECFEAD5BCD709B63EDD
:10A190001D75C03D16FC9DBC6449B5BCA27713BEBD
:10A1A00023B53A3E070E0FBEF044CF3BAC3D203DF9
:10A1B00034DAFD3C6EDB5EBD0276A2BDDFEA5CBE3A
:10A1C0007312EE3BDDDBD2BD7BC74E3E3385813E55
:10A1D000CE2D0F3EA8D64A3E7631833E1EDE393E56
:10A1E0003534113E2B2DE63E200C5C3ED934E23D49
:10A1F0004BF4973D81371A3E86EC0D3E98782E3F02
:10A20000F809343E4ABC93BD14CA593E69D42E3E67
:10A21000203E583DA09DF73D3CEE173D1C1DE33C04
:10A22000C03C68BB425566BD6A6A3C3D10C7B5BBC1
:10A23000CE920E3C854D263E9029833EB0473D3E52
:10A24000402E213ED01780BD01E4823E220A623EAC
:10A25000346C4D3D5DEAC43E2F27053FA72FAA3D34
:10A260007DFC163E6851853E236D723D5339243E78
:10A27000F720F23D20D3353E19826F3DCF05A13E38
:10A2800020447EBD283C3B3C55EE50BD3532943DCC
:10A29000F03565BD875EAABDA8DF8DBC6C5F0A3D49
:10A2A00022F2483DC0127BBDB1E488BD3F2A75BD96
:10A2B000AA4D633D98B2093CB8222D3CFEBF21BD9A
:10A2C00093B4C3BDFB8DA4BD78748A3CB05D15BD4D
:10A2D000B14E963D4034CA3CBB6211BD700949BCC9
:10A2E000081B173CC60A3CBDD6127D3D217568BDD2
:10A2F0007D2554BDC6BEF5BC0006E1BA154C903DA7
:10A3000002B129BD0C950ABD63F2A73DB94435BD24
:10A31000C1E1A4BDAFC39C3C190140BEBB0943BE13
:10A32000526E5EBD6175E2BD007113BE05E7EE3D84
:10A330005B454D3D3D3BA0BCEB403F3E26A85F3E0C
:10A340001376BC3D129D0B3E5A1101BD3FDC27BE6A
:10A350009730E4BE328420BE4EB0D1BD619D9CBD1D
:10A36000BFA8A33D6A745A3DBDE507BDBC89B33C97
:10A37000BA3C0A3DD0359B3B602228BD3E92CA3B89
:10A38000512AE7BD4C7432BC9869C6BD02CC31BEBF
:10A39000514AA4BE809FA3BD821D28BE365CBEBDAF
:10A3A000A369733EF687B23E16C5B93DF860823E9A
:10A3B000A127093EE2A15FBD8A7188BED842A3BD34
:10A3C000665A2A3D6D68BEBC22E9A33C4F5E783DCB
:10A3D0005C2D073EEFBCBB3D382B13BC9033CFBC8C
:10A3E000123FA7BD7E1E0BBD97B620BD9C8214BE3A
:10A3F000B06F2E3D0FB2423CB36C83BEB68BA9BE8C
:10A400001359BCBED682AABE607F9FBE8866E8BED6
:10A41000B94085BE8CF5563D8A9487BDE39F88BEC2
:10A42000D77F83BE37F04CBE7A1A6BBEEDD352BCD9
:10A43000FE86B23D0EECCBBEA8DB60BE77DC96BDDF
:10A44000069FFB3D6CBB233E5079833E18FFF83CD2
:10A450003A3C113DAC91E53CA5D90ABD83D993BEE8
:10A460002FA7F03D8A407F3EC3F0AF3D35FB04BED1
:10A470005C11DB3D39FE9EBDF45703BDC0462FBEC7
:10A48000B16E393C1258A83EA1BDF7BD459BE2BD57
:10A49000959674BEEFA349BED2E891BE489BC1BE5B
:10A4A000F19BABBE87EF8EBE8D62A2BE6DA284BE55
:10A4B000C06BF73D12473ABE92DCFABD621D1D3EED
:10A4C000B81C1EBCFC37F6BCC11B133D4CBB093E7F
:10A4D000CFB8713D6F4AC23E0D892B3E8C41463D3F
:10A4E0008702903C4446283D76CD7DBDF90238BDBB
:10A4F0005C4DA53D3869333DEDFF07BD4F185D3D0F
:10A50000AFA373BEB52808BF2E7C92BE7749BBBEF1
:10A510002782B2BE9A2292BEC33418BEA469F43D0B
:10A520005B6AB83DBB64A73B54EF123E6F7E593E59
:10A5300070DB243CCBAF393D1DA584BE5AE4A23D5F
:10A5400054D59EBE83E975BDA9C94F3E404B213EFF
:10A55000CDF3193D845AC73D0DB98FBC3F8AA23D4A
:10A56000A0D1F53D9492943D23910ABDE9D6ACBBB0
:10A57000B9CF5DBD79219CBD725F7ABEA5C2D8BE40
:10A5800027A4C4BE51F5603E8601A63DE107A5BEE5
:10A590007EA1EDBE64C8A3BE9D3B133D7CE1743E2D
:10A5A000662897BDBC62353E6C3A8DBDCFC5733E03
:10A5B0009D7A44BDA6F677BE8744EC3C05B014BD39
:10A5C0003C058ABD484FBE3DEC92193C6C38AEBD8F
:10A5D00085E7833D47AA0B3D42DE233E2C2AC43D3E
:10A5E00080479F3DA0C7DA3CDE8555BE6E3269BE0E
:10A5F000FF1A14BE8D1253B995B3D2BCF84C56BE97
:10A60000ECFC8E3DA97313BEADA73E3D0CF0F23DB0
:10A61000B0F8223C4E88AE3D5639C0BDB265E23C32
:10A62000C21B613E959B243D70A58FBC9088923BD8
:10A63000E5DD043EE3D5013E715A553E58C367BD82
:10A64000401B943D0CD53E3EC0FA643E1CD1CB3D30
:10A650002776B0BC9544CB3DF2448DBD29FECFBDDD
:10A66000DD5C8FBE685F81BE63AE10BE64735CBE8E
:10A6700069345FBDED71B33BEE6E83BD4067C9BE0B
:10A68000418AA9BCA9325A3EBA0D97BC66CBE83DB7
:10A69000D2BF553EEF70803DC9438EBD4D481F3D32
:10A6A000696C7DBD4FDDEC3DB6E8B93D52D4E7BBEA
:10A6B000840C0D3E4F960F3D5869283DE577133EBB
:10A6C000A8AA483E63B3733E4D887B3D88CC4EBEFE
:10A6D00091AC99BEA0C2DCBE0E16B0BDB54F60BD38
:10A6E000E2F22F3B9E4C21BE8DE6B3BD7737763E1E
:10A6F00017542DBD0B41483E4871953ED031FC3D6D
:10A70000363294BC2AD8E83D1D12103D9CA31F3C54
:10A71000B750733CBA4E743D9154A23AA97ED63DCF
:10A72000A8D78EBD56B0B53C22CB8F3CE9EB233E7B
:10A73000796D503E62B5393EA907353EDCB516BE8F
:10A74000158F92BE8A42C9BE9C0A6DBE5F6769BE04
:10A7500018A8093EDBDCE43D2FB61DBEC2AD4A3E63
:10A760008D85FA3D66198A3DE4B77E3E5B50803E9A
:10A770009080023D6B23B03CC122E2BD86C5BEBCC9
:10A780006FC33DBDD8DB28BEBF90BC3D45F47E3CC9
:10A790003200073DC6F7E83D798A2B3EE2A2383EFB
:10A7A0008F0E9F3DCD6B4F3E728A4B3E38CCD03DD5
:10A7B000B414D13D9BC70CBEC81258BE19B226BEF8
:10A7C000BA0219BEEFC0D1BE31D2EFBE6FFB893ED7
:10A7D000F9751CBC37254B3D1DBDAF3E5D445A3E4F
:10A7E0008056CE3D006D2FBE69D6D0BD3123CD3C05
:10A7F000FA774D3CAB600D3DBDDF79BD8BB013BE2C
:10A80000D40A29BD6F6E4FBD2CDAF23DD41AA63E94
:10A810007754753EC6C9123E62A1943E531EF63D62
:10A82000E6EC5DBDEF2AF4BDEFBD28BE70BE0DBEE7
:10A8300047AB41BEB095CBBEFFDB29BE88AFA33E80
:10A84000A8C3033E2A42F83CE90F873E23D1B93E14
:10A8500001A3E83C670962BE2F6B10BE22A21ABAA0
:10A860003D7E633B634413BECC8BF6BDDE16A7BCB6
:10A87000B3A3EFBC8C8F273D76BF573C38B90A3E57
:10A8800064E8823E4AB7963E6DBD973E76FB80BC3B
:10A89000F81D7E3BD237D2BDAF21BCBD374F1ABEAB
:10A8A0004AF7ADBBFDA91BBEB1383ABE4319C6BDC0
:10A8B0005BCBD0BDE637E1BDFFFCA03E5576E13E67
:10A8C000C2C4773C9CF1EBBEF38D02BE1B08E1BD18
:10A8D000477E05BE5E9155BD1817C3BCD983C03BEA
:10A8E000942794BD4196A4BB92602F3DBC16EF3DCA
:10A8F000DCBF063E6A3DBE3E5E459E3EBBBA913E13
:10A900006404B2BBB8E48ABE7CD473BE52FD3F3E41
:10A9100093C22A3E5752D1BD2315023E3DDE603C14
:10A920008CBEDDBD4A5DEDBC84A8A73BB52D993E2C
:10A930003B92C03DC11416BE4E27B3BE34E461BE87
:10A9400099323ABDDE40B3BD1FB7ED3D4BFF1A3E15
:10A95000264CDD3C5CE3313DA0848F3D6F6B2F3E88
:10A96000129B413EBC109A3E1B4D213EB0EF453E2E
:10A97000FD0FA8BD0746BABDEF66F6BD06ED83BC68
:10A98000532AB33D0AC69EBEC792843C058BA9BD1F
:10A990000217253EE647003E8F1A2E3EC3A9373EDA
:10A9A000208B003E452A0FBEE3CC87BE328E5CBEB4
:10A9B0008860BCBC376E173D085EC13D52ACA03EFE
:10A9C000ACA3E33D50FBFE3C51998D3D3BD8103E7E
:10A9D00066FF623E053DA33DD4C335BC8B271BBD3E
:10A9E00096D0DEBDA7FA08BEC0E925BED7E38BBD71
:10A9F000D0DBE1BDBDB1F1BE6A7A4B3DBE21463D23
:10AA00005E509FBDF3169E3D44A3393E9AACB9BC3F
:10AA10005E16B9BEE09A11BD522E5CBECD2493BE27
:10AA200047712DBE9DB8D7BDA2873C3E5B73583D94
:10AA3000E0EEA43DC7E40D3E6492303E21B5D03D2A
:10AA4000614D493EFE557DBC6A91A0BD96E1D3BDE6
:10AA50007A64D43A16A822BDE18C85BD081484BD61
:10AA60003F7991BE12489CBDC7DAC93D927E223E15
:10AA7000C1A57C3E23FF133D972D403E151D48BDCB
:10AA8000B81913BE353F00BE1B6EDDBE3D1338BE88
:10AA9000212F92BEEFDA31BE6AEE83BD3675063DD8
:10AAA000D4FF27BCA2B7113EEFBBDABC540CEA3D81
:10AAB000453AE1BC932C023DAE6DD53D90061EBDDE
:10AAC000787FE3BD484FA03C3E0F85BD2D9F05BE5E
:10AAD000355A8CBE9CF442BE0D05A43EF07D523E1C
:10AAE000F70A813C7E5F9F3E3292873E544EA3BD63
:10AAF000C0E551BD58FEC5BE2D8EA0BE824C8FBD97
:10AB0000CA3968BD74B273BEEE9EACBD192A8A3CC8
:10AB10005C543F3E6980B43DC63500BDBFA62DBD27
:10AB200058B140BDA98268BE5126F3BDE77B1FBD69
:10AB3000F890FCBCFF34E7BD78D58DBC253C02BE47
:10AB4000D4097BBD609A69BEAC02FDBC4F247B3E3C
:10AB50008358A03D9901683E3BC7EBBDAB206ABC62
:10AB600060BAF3BDA497A8BE1B9B86BE932AA63BE2
:10AB7000FBCE63BE1E7326BEEE7607BB1A30D03DF9
:10AB8000B718B63D1BFC47BDAB52183EA04D67BD84
:10AB90001F44773DF16225BE8330B0BDDFB601BCF6
:10ABA000B02FA93D0E0255BD4706AF3DA4869ABD04
:10ABB000FA1C553B26BF7ABE09DFC23DDCBA4D3DCB
:10ABC0003E2936BDBD89B23D7A20A6BEA47045BEE1
:10ABD0004D5204BC454E36BC47B5C5BD3F7C1BBE7F
:10ABE000108481BD31B787BC9061703EAACFD33C41
:10ABF000D5B6873D1E42EABC36F4ECBDA310AABD13
:10AC00007F37E6BB734F72BE3A92C83CE2DB823DAF
:10AC100042CC3FBD2964913BF9273C3DB7D157BD9C
:10AC2000A70D4BBE40BE1BBEC024B03ED141493D26
:10AC30008B4C92BC0B3E6EBB777F07BEDEAB92BEE9
:10AC40008E612FBE36314EBBDACE973D5164E3BDE7
:10AC5000579F1B3C8346D23AFBD63BBCF8C100BE93
:10AC6000BD9F21BD464B30BD8694F63DD124453A6B
:10AC7000BB6ADFBCE6FFD9BDB1980EBC5CBAACBD07
:10AC8000F9DA0C3E3E1BA9BD929D963DFADF173CBA
:10AC900095C096BD6BB8473B065F943D8940903D9B
:10ACA00001C79A3D2411A5BC49E07FBE6BB986BEA1
:10ACB000924B02BF23BE2EBE288F8EBD3151BDBC2C
:10ACC00006952EBDFDBC55BD6CA244BC1D7C8DBD42
:10ACD00080D0FE3CE27A753DE85E493D0A748ABD4B
:10ACE000124960BE9DEE173DE1F512BC8D25833DF6
:10ACF0006D33E53DC580943BD5F3033E8D6D953CAA
:10AD0000BD35543D7A339BBD837D74B928FD193D13
:10AD100020C9DFBB0E54733D6BA9FFBC13821ABE62
:10AD200020222A3CCB5AE73D25FCEF3D8F22A73C51
:10AD3000901D00BD84E54CBE6C4185BEE72A92BEE5
:10AD4000E217A0BE99A156BE440CADBD2825ADBDED
:10AD500058CF8ABE87DC55BC5022E03D8512053DA8
:10AD6000D3AB4CBC2225673DE025D03D85CD8D3D44
:10AD70006252143E98D82B3EAAF7923D8CEDAFBCA0
:10AD80009F86A43DAF9988BDFA971D3D01E99F3D7F
:10AD9000926F703E589B2B3EB4DD53BD19C7A8BCC3
:10ADA00093171B3D274980BDF3BE6DBE86FCB0BD29
:10ADB000906F17BE956220BEB54FF0BCD372B6BE81
:10ADC000F8112ABE29D40FBE536EDCBDA6145DBE99
:10ADD000EA706ABD2FE5E53CD036B7BDC50DC4BDF0
:10ADE0008DE607BEC9789F3D348DFA392053493C22
:10ADF00044550A3DC0EBBF3AF60A493D7E3CEB3D67
:10AE00009C080C3D04CD143E794FF63D11FD843E67
:10AE10003337043E5DAA3B3E8149153E3CEC08BEFB
:10AE2000409F5EBE6377B4BD613E3BBCFE4387BEC0
:10AE3000B9DB1DBE5564303ED24C873D518980BD83
:10AE40001139843D49B8833D9276783E38126C3E84
:10AE500085C1743EDCDB20BC921938BD18694D3CBD
:10AE6000CE4AA7BDB5388D3D7EA91B3D1CA82FBD80
:10AE7000BD752B3CCA542B3DF851D33D6A30E63D9D
:10AE8000FDD6493E080D893E807D0B3FB096CA3EF7
:10AE9000E5BB9D3EB904503E8D7CD73E8A73CD3EC6
:10AEA00094D8EB3E21760E3FBD67DC3E569DB63E04
:10AEB00082E5553ED7DCA13ED2F9B93E54D5D23D0C
:10AEC00065EF8B3D0279A6BDE071B2BC01C186BDC4
:10AED000F041743C144AEBBC803AC93AC0445B3C34
:10AEE000EBEE60BDB0A1F2BC448A0EBD2095BD3B27
:10AEF00079A19B3D1A38753D6FECA73D804E71BA24
:10AF00000DE7C93CF5415F3DE7556CBDD69637BDB1
:10AF100071BC983D1063953BC57CA83DBE485C3D27
:10AF20005AB51B3D1791833DAA796B3D911231BDF6
:10AF30001A76563D145BB83CD098E6BB365C96BD9D
:10AF40008073823B87F70ABDA63D303DFE30D4BCFE
:10AF50002A39DF3CD5B2C93DEEECE23DE81E153E94
:10AF6000427489BCF82D353D8F37833D888E7D3DF9
:10AF7000C139B13D7654183E7499283E253A8E3E2B
:10AF8000699C783E63202E3ED512033EAC56AC3E03
:10AF90007F8EE93E290FE53D9ABCD93CA55209BDFB
:10AFA000ADF0A63D1840A73C40CE803B142386BDA3
:10AFB0008460C7BCC06D70BCD701B03D08B98F3E7E
:10AFC000EF90AB3E148AC53DCFAFFF3D484DF83DF5
:10AFD000D301EA3BC34B48BE421F403D1639373EC2
:10AFE000C5D9DCBD55BEB7BE8A7ED9BE196C34BE8C
:10AFF000BEC7313D28B63BBE9AACB3BDCDBC5D3EAD
:10B00000808D663D1D23063EA438333E944327BD04
:10B0100011A64A3CC9B799BBB595A0BDB03DEE3C61
:10B02000089F3DBDFAEB6ABD5AEF0F3CB890BB3E9E
:10B03000569ABA3E7AEACA3D98D6513D2DDC123E68
:10B04000FAEE37BDF5B214BEBFA1163D0C0C243D7F
:10B050006E6BC0BBB93A543D5758383E3138293E23
:10B060003FD2863E36E52F3E90C44CBE050D3FBE16
:10B07000D888243E0CC4D5BDC5B760BE018C7DBD4B
:10B08000F8B2633EAEB432BE2A58B8BE35E189BDCF
:10B09000382D92BD5F7A16BD9FE3173DA913813EFF
:10B0A000F0CCB13E373D5C3E284C22BD95B00DBB87
:10B0B000C6511CBA16A461BD54C2D93D3301273E06
:10B0C000B630523E6263A03EFF25963D9831BB3DAF
:10B0D000CAB9743BEB17B43C7465773B5C73BE3DF7
:10B0E000C81EA73D290FFBBCAEDFEDBD495E49BEC2
:10B0F000E04AB3BECDAD0BBFA22F16BFFBAFABBDB9
:10B1000023A4AA3D7B0A913D3E61F33D9AA3AF3E45
:10B1100036B3C13E697C8A3E39FB4C3E61623DBC20
:10B12000E548CA3D464C043C242B233D90169DBC6B
:10B130001CD4813DC359613D3DCC103D75E1643E59
:10B14000EB56923DB8E6D13D4150853EAB703C3E5A
:10B15000F325A03DE76A183D6F86623D9D88143D4A
:10B16000B53501BE0AB182BE65F8C8BEA64225BE8D
:10B170002E40C8BCBA4B2EBD1B8EA43CDF9BCA3EE2
:10B1800051AFF13B0563BE3D4B3BB13C6874E73CBE
:10B1900025FC013E2E3AFC3DF4996D3D3A02C0BBC0
:10B1A0000478063E42393A3E237F91BD1CDCB7BD90
:10B1B000EBD697BCA252AEBD6C9E973D17686F3D13
:10B1C0003A083DBD06BB853EE58B853D1DC0B2BD41
:10B1D0004A369A3DE93B01BFF1561CBFAED82ABEA4
:10B1E000D64C07BD4325BE3E57F9B03C4E67813D66
:10B1F000CDA3BBBC7A35E83CB5DA2E3D8A5B4FBDAA
:10B20000D87415BEC5C73CBD3909CD3CDE44BC3D34
:10B2100024E9383DBED40A3EE4D52F3DC3A98FBDF5
:10B22000B66A8BBA1CD2DF3DEC5BA13CB7C6DABD77
:10B23000F02C27BE9EDCBFBB9B66D8BD0B142D3DFA
:10B24000F46F6E3EA88AAABDC6EB30BF220CD8BEF2
:10B25000389F553C6DEF373E1E01773EBCBF923D97
:10B26000C4E9E8BD650806BE158391BD79D4E6BD85
:10B27000B39907BEE9CC82BED84E30BE243A8CBE0C
:10B28000E2CF753DF85CA4BD405A393D6AF5243ED5
:10B29000E59641BDF27EDE3C13FB52BD450416BE71
:10B2A000281BCBBDB633AC3D2223273C365093BD83
:10B2B0004299A03BF939BABEB5762CBF3895A5BEE8
:10B2C00010E225BD360D3B3E7525383E6D8D793D2E
:10B2D000EF450CBCFCE1A4BB569C62BEF81C9CBDB7
:10B2E0004238B2BE80A282BE812185BE6BF5A9BE66
:10B2F000B8EC75BEDE6CC33DE695183E18EE6F3DAA
:10B300002C6059BCD06D7DBDDA18F6BD811DCFBC57
:10B31000A9E373BDCC883B3D49A32C3D72F1533E5C
:10B320003C38EEBCCEF063BE8D494BBFED689BBE92
:10B33000BA1CFFBC02BC423EF38BD13E301B913E97
:10B340002D76A0BE70C4A1BE4E2180BEAE7567BE74
:10B35000B02F02BFCB649DBECF673BBEC11869BD95
:10B36000602C783CC62C873E91BB553EBFB1913CCA
:10B3700098BC013B65CBD0BD638694BC8BE3DCBC41
:10B3800081B6FDBC5F4FE9BC16A3713EA4E0BB3D96
:10B39000B8CC85BE13FBA4BEE76D09BF68FB523D68
:10B3A000C445D23DE288883EE93B083E3A62BC3E55
:10B3B0003F58EDBDAE8DE9BE23927BBED2C11DBE0E
:10B3C0005CE272BE3110903DB20C803E33959B3EE4
:10B3D0005ABBE23EC58D7B3E4B9AF6BB4A4904BE42
:10B3E00080640CBE21281ABDDB882DBD7F95E53C0D
:10B3F000C532273E9EEB373B26CF683E8A08F8BC15
:10B40000AC5284BE943ED3BE393E64BE8284D13DEC
:10B4100039229EBD20F5803DEB3AC5BD73A9B33DF1
:10B420008078E4BD8D9002BEDE32863DEB27103E73
:10B43000E57B943E94A7A53E7BD1CF3E88C2C13E1A
:10B44000CB01EA3ECB2DAC3D6E2B18BE2F0753BE71
:10B45000094D09BEF27E923C8113A03CF5B5B0BD0A
:10B460007330893C188556BD7946513E7CB9B83C4D
:10B47000A3F603BEEDE38CBE9C2BDBBE79A3013E9D
:10B4800068563DBC55DD8B3D3A66933EBEC1E13DFD
:10B49000DEBB84BC4DDDE63BF7C0A43E0132A83ED6
:10B4A000288BE43EA2A5BF3E53B0CC3E51DC553EB6
:10B4B000DAAEF4BDD4097CBE62F30FBEAD2DE4BD9F
:10B4C000EBA38D3C5076D5BDF85278BDFE4B29BD1F
:10B4D00022548D3C327FA93C1AC6963C1C12EFBB0D
:10B4E0003EA7A7BD81A606BE4A08CCBEC5153DBD78
:10B4F0002C4C05BE4A71863D0E84383E744538BDDD
:10B50000A84E23BE00814D3E5B288A3E0EE8623E77
:10B510005382523ED679453E84E6B73DDF5831BD71
:10B52000A7369DBDF2A08ABE1C1764BED833D5BB1A
:10B530001B3D08BE6F6029BE8EFA52BE3E89B2BB6B
:10B540007A19C1BD637CED3D10CA5B3D947A9EBC07
:10B550007101013E2DEC18BE02FA85BECD4CD2BD64
:10B56000B84853BDCF28DA3CA841BEBD56780DBEC1
:10B570000CBBCEBDD316703EE2D49C3D2A58CC3DC8
:10B58000E23D493C3AC8E2392FEFE4BC6A5812BEAA
:10B5900086DC70BE8EDF88BEA7384BBE32872F3C5C
:10B5A000C68D0ABE4FC801BD01FA1CBE563753BD39
:10B5B000BBC855BCC8D32BBDE013993D7643DDBC59
:10B5C0005EA2083E3A6689BE52CAC8BE5FCD4CBD77
:10B5D0000A97323D610E9D3DD9AC2EBEE8ECB8BE57
:10B5E000CB4F903C5321093EEEC755BE6F72B33D21
:10B5F0009736C73DD70CB33DE20E0FBE1CA486BBE9
:10B60000E3CC07BDDD394FBDBDD9E3BD0DC1A53CC0
:10B61000D99079BC2F4705BE8CB0D6BD97DB79BDDC
:10B620004D037D3D9CD54F3D8CE712BD77292E3DC6
:10B6300008381C3EAE4495BE446464BEB2237BBD54
:10B64000DAC3273D9481043B504275BEDAACACBEF0
:10B650003DB6893DB281BBBD3644ACBD459B153E70
:10B6600008B6CB3DC0AF523D3B9DD6BDB773A0BE23
:10B6700079B41DBE77A247BE0EB28EBE7A2D0BBE28
:10B68000FF9CA3BC1D6E323DA31EC6BD202C37BD42
:10B6900016E7BCBD84F92B3D85D7403ED1D1253E70
:10B6A000BFD4423EF363BFBCCDBDCC3D0EA5813DB2
:10B6B0003F9D1ABEEF08B53D9EF866BDFC7FF9BE02
:10B6C000918FB0BD493000BD4AC146BD4CB0043E6B
:10B6D000A31BB33DEAA4F33D7ADAF23C41FCE6BD9C
:10B6E0008D3592BD5B384FBE4AA35EBE42B980BD68
:10B6F00021B526BD70B9423DF3F6FF3A3F43613DA7
:10B70000C9249ABC39B5873D8102933DB06375BDAC
:10B71000D53AE23D3AE45D3E6157043ED4F88DBE31
:10B720009E0E8DBD19E1C93D59F6AFBD511BCABD75
:10B73000884C9DBEFDCBE13DC195FE3C774C373E2C
:10B74000B478293E54494D3ECD9F8C3DFFF8063ECE
:10B75000E21C083EF448093DE1103C3DC33B4FBDAF
:10B760009C9DE5BD6D40E73D13C8D63B355C30BDC3
:10B77000B34BD5BA411A9A3D40CCA53DC64BAC3D22
:10B780003048843E93333D3E72CA3BBE1D082BBEFB
:10B7900077AC29BD56E3C13C555BAABE9EB144BE01
:10B7A000ABAB8DBEF69C353D5349A9BD9927D43D21
:10B7B000CFF4933D7D96DABBE05D173EC608363E7A
:10B7C00077668F3E6B04893E67181F3E3DF6E4BDE9
:10B7D00062F8B8BDD89E9CBDF7ABCB3D31D843BD18
:10B7E00013F1363EDD2E3F3EE67280BDE76DB9BDFA
:10B7F0002DAB7D3EB8C4F13D1392C93D7F8F773D9F
:10B80000B2A9A13D909401392F6053BEDD4C95BE85
:10B810004DB004BEE1070CBE1AF206BEC622E5BD5D
:10B82000E660B63D9C87C8BDE4CC183C1033B03C04
:10B830002368923E8AF20A3DD71531BD3425A1BD59
:10B84000EE0041BD434E8ABD77BDB43C086D733CEC
:10B85000398581BDD2B4973BBCFB363BFD2029BC6A
:10B86000222B48BCCD7DE13BE240B03E0AAA99BD07
:10B870005E7D5BBD852C1A3CAC9BA6BD5DCD0BBE31
:10B8800073D535BE89EA83BE1BC723BEA05B38BE15
:10B8900075B28C3D7144193EB260523DBEF2DF3D3F
:10B8A00023F6DE3D24670E3E468F8B3D6C0B2E3E0D
:10B8B000D8DDDFBBAE97283E29C0633DD355A9BD77
:10B8C000EC9CF93C0CC1223DDD1CBA3D9283283D25
:10B8D0002C702ABE7AFC843C688D883E00C804BC6B
:10B8E000D0206A3C00A9DF3B88F52C3DAEFBAA3E88
:10B8F0000212D0BEDFC1CFBEC798C3BE6ED033BE6A
:10B90000204103BDFFE2E23D0DCB2A3E07F4303E6D
:10B91000A0AE1B3E39AEAD3D7916FE3CBF33723C46
:10B920003A86863B70C3033E0AA5F13DFDB4FEBDD9
:10B93000B71DAABDE036B6BBF88718BE074B4BBC97
:10B94000B30260BE2860903D4A41043EDC41243D84
:10B95000F830633C6F8E8D3D1FA2833DE5E225BC30
:10B9600051009CBE67DB48BD2923C8BD2E556DBD67
:10B9700091F95FBD05EAE03DA2A17A3DE6E0A73D71
:10B98000A2D34E3C197F9A3DCD18323EDE1B463E77
:10B99000DE47E73D76DB7D3E547B413CFC93E7BDD3
:10B9A000053BC9BE20306CBEFE0230BE716A52BC7F
:10B9B00049908C3E39F5413EB86FB93DE8446FBCC3
:10B9C0008026B13A95148FBDC9F214BEEDCAFEBDF2
:10B9D000B944B73E1ADA433E924F0A3E8B147D3D7E
:10B9E0005515173E6CA9033E3AE5933DC8BB15BDFE
:10B9F000A9AE7A3CCF50FB3DFB1B673EED1D1ABE46
:10BA0000473FBCBD1A21DEBDAC745CBED30FEBBD9D
:10BA1000894F96BE6B58B53D1553FE3D21E0A5BE3E
:10BA2000C4F1BEBC7ED7753D10AF07BD0209A1BDF4
:10BA30001025B83BAA4663BDBC9182BCAEF9ECBCF4
:10BA40001DC2C1BE18BB14BE19933A3E654F16BE47
:10BA5000C59FB43D2CF6EA3D7843BE3D1C6729BD29
:10BA6000C7F0D93C47B4083EDDB7093E47830F3ED7
:10BA70002A73023E8DC6F9BCB11BB1BE4C6E4EBEE0
:10BA8000EBD6F5BD140FF43D8617963E0AB1923DF4
:10BA90001D03A5BBD106B23D50243CBC424F2E3DF8
:10BAA00080F1A5BD79E277BDF60C73BD20362C3B45
:10BAB0008BDF733D5FCA753E27E3EBBD5D1E11BE94
:10BAC00003D191BDE4C644BEDE14B2BE394CEEBD16
:10BAD000562302BE2F7230BE48B31ABD72DC2BBE95
:10BAE00059D9FFBC76E13E3EB80DFEBDDF0EB73D35
:10BAF000F8150A3E1080773EA04E153ECFF874BB75
:10BB000020A095BCA3D0993D7533903D9EE5F2BC35
:10BB1000A130993D9C2F243D8CF856BD647FBB3CE1
:10BB2000C6E77E3D50E659BD2597A53D80D1FE3B39
:10BB3000C0DE1EBCA5A8823D10F084BD65D286BDC6
:10BB4000FA59C73B813C7F3DC011023D7C9F11BD2E
:10BB500042B2793DC34AA7BD4AC6563D8C3EBC3C65
:10BB6000FF4D58BD60451E3DCCF628BD2A686C3D92
:10BB70008105A53D849686BDC693683D26A5D3BCA8
:10BB8000398B8D3DE66853BD7E6C333D8600453D67
:10BB900062806A3D88F6BF3D5DD1453DFF4FE23D85
:10BBA000FBABF83CC790BF3DE6EC293E34DF183EC6
:10BBB000DE6C683D49D0573E54C63ABD63BFD0BD28
:10BBC000401133BECB8450BD04DE023EA4C3923E7E
:10BBD0005226FC3E9450673E6FCC6E3DB6BFD33DBF
:10BBE00000EE2C3CF56142BD9A8A0B3DA0B148BCE9
:10BBF0000FED91BD445E27BD1114233DFD42CABE29
:10BC00002A8E12BDC9D3443DCF073B3ED390F43DAD
:10BC10003FF46C3E883A77BD60628CBDF4A17E3EF5
:10BC2000B2938E3BCADA46BDA55FBA3CE06E00BD5A
:10BC300074DF9C3D5E88DD3D8BE82F3D41C21F3C9B
:10BC400096FBBCBD71D462BD25668F3E98645E3E96
:10BC500058DA0ABEBC260BBEAF4955BD3E9E0E3D0E
:10BC60000A5928BD2EF24A3DE6CA053BA07F5EBEBA
:10BC70002D3983BB7F27C33D2EC4B73E4C5AA83E07
:10BC8000C47EA53E69990C3EDC45873D8C02023E90
:10BC90003060243EFBD633BDF699EABDA29BB23D8F
:10BCA000172E3DBE746AC5BD544560BBF8BB563EF9
:10BCB000357A463E574A663EE061433D0EA554BD87
:10BCC000084AECBD7D63FDBC7CD2E33D3DB73DBD84
:10BCD0006713933D7A9B373D0F55FC3C71ADB53EE4
:10BCE0007FEF0C3E6B17B1BDBA07E6BD0BFD90BCF4
:10BCF0005AF4AC3C7D97D93CFFF34A3DBE93E73DF7
:10BD00001AE2EABCD9B610BEDD1E9ABD706467BDEA
:10BD10009241CDBDF014BCBDE680B23D3B8C783D78
:10BD200082C57E3D0D13393ED250B53D77265F3E2C
:10BD3000F605833E41E44B3EA5416D3EB48D3F3E4A
:10BD400030C4CDBCE92E823DDDCD41BD30728DBC0D
:10BD50004B9351BB4738D53A0B3202BEB0E3CEBD50
:10BD60004AC9223D57C5D73DC9BFACBDF06EEB3BBC
:10BD7000797F80BE01E855BE70CC98BD5E3937BE74
:10BD800006F143BD0AA42CBD126BE03C7B331C3D85
:10BD90008AAA073E0A1C4A3D6AA387BD9A69663C87
:10BDA000B0A8A13ECE37183EF1139B3E63182C3E3F
:10BDB00050B474BD16DB933D58CD893EBAF6B1BD83
:10BDC00096D91B3ED7155C3EA56A07BE4583C53C88
:10BDD000BB77993D90471C3E1BC392BDD569EA3A9B
:10BDE0005E12D4BD152F1DBDFAED0FBE7D16C8BD68
:10BDF000821135BE30EA2ABCA32566BBCD120A3EAD
:10BE0000A45D493E4A28DB3C2F95C5BDAA1E7D3D59
:10BE10001542A23E25D02B3E5544B63D5825E1BDE6
:10BE200088897ABDA5170B3ECD096A3E4FFD92BDAC
:10BE3000E01BAB3D045302BD44209C3DAEE0863D7B
:10BE40005CB3583EF312433E16EB453EE159E63CE7
:10BE50006545ABBD97B54B3D52F978BD31DE37BD79
:10BE6000B9A2DEBCFD1FF83DC590143EDD53A73DD1
:10BE70001660D6BB7DFC2F3E75B203BE9FEBE3BDC3
:10BE800004FFE1BC7265383E76DF2F3DFC3178BDA2
:10BE90005B3371BDA0D7973CBCAA683EE087E33C0A
:10BEA000E1758EBDE8F37C3C0850D5BD0B581F3DB5
:10BEB0002A7D153EA539963DF09E10BD7392293E10
:10BEC000A62BC73DA5F90FBE0A5598BDA44F53BD7B
:10BED000D27CA73BD35080BD7C94AC3D3A44C8BDD6
:10BEE0006BC055BC3E9737BB6A785EBA746EAABD0C
:10BEF0002EEA833D7E25BE3E294D3A3E5FF7E73D63
:10BF000047D3773DB08A0B3E524F5ABC220EBE3CFF
:10BF1000563C4E3E2390FF3AF2185C3D6A530B3E6E
:10BF20002215F23DA7A16E3DC49043BDCC58AC3D57
:10BF30000BA3CA3DACBDB5BDC721BBBDA65D24BE2C
:10BF4000689FAE3D662A0ABD028EF93B2FC84DBEE2
:10BF5000DB7D8DBE294B8DBC1F1B91BD428294BDE4
:10BF6000CB42163E4E3A6F3ED4D2773E1F16813EEC
:10BF7000F6ED49BD4E10233ED55C713DB4B381BD95
:10BF8000A5868D3DA1AAF8BB7DAE99BC9290B4BDAB
:10BF9000690D20BC0A491B3EC03EECBA290C3E3C50
:10BFA000D7EAE63DAF0F5F3E7D0E16BE656CA73C3F
:10BFB0007B862C3E57ED61BDF80F003D3D2FA8BD9F
:10BFC0009647A9BA1B1F993C01054FBE8CCE433D35
:10BFD000BED1663E273BA43E5E3A203E5064A53E5D
:10BFE0005A6A20BDA4942A3E7628413E9581D7BC4A
:10BFF0001E00293E39C8233E84AA37BC1FB0203C0E
:10C000000E38243DEF873D3E651DF63DB17E253E51
:10C01000119F013E59E6053E8DAC2A3DA8D34B3E0B
:10C020001B6A223E3104BB3A7413753D03A1DE3D09
:10C030007DD867BD00B5983C79ABCDBD8586F9BC90
:10C040004A171C3EC7DA523D681C1B3ED7EACB3E5E
:10C05000D6CEA23D516FC23D6180033E0AE36B3EE6
:10C0600072F5543D1E3DD53DD1D2A6BD3E92153E42
:10C07000ED14F93D91F6D63DFA07BF3D7FD4383D2A
:10C080002693A53DF54AC7BC43CC153E1F216C3E07
:10C0900062066D3D979395BD11D4F03DF9C53C3DC9
:10C0A0002BBEE8BD58B595BDEE9C2EBC21C044BC4E
:10C0B000AD60C4BDB5D602BE758B763E116B8E3EAB
:10C0C000DFDBF8BC12C503BD51B2823E3D54003ED9
:10C0D0000B628FBD97E4343E1E8771BD25388A3DC3
:10C0E000F9858FBDDE9D8B3D43941E3EF9A4033E32
:10C0F000652D653D9688FD3CFDEE0B3E75049BBBB2
:10C10000BB12863D6D7614BE52F7E1BDC20F63BB14
:10C1100067BD05BB4325ED3ACDE939BDDA10D93C01
:10C12000C9E787BA47D610BE84D9663B357140BE91
:10C130005FF1573CADDD7E3D0EF2AC3ED635C63DDF
:10C140006F009EBD502B9CBBB3A359BD313815BEAB
:10C15000BA8BB63D6E87463D958A493D670F123DC5
:10C1600003D3783DB977203D233D0CBD70EE9BBDD8
:10C17000CDB4D1BDB47703BE798ACEBCA9B435BDE8
:10C18000AE24E0BD2F1C87BD67D731BD81BE4E3DBB
:10C19000B0EE3DBDC21074BE172AF2BEB6B80DBDDA
:10C1A0001C97753D5FC26B3D1B0B013E8B6039BE1A
:10C1B0005B9E0CBE1C870C3DB6F3663D69CA42BD52
:10C1C000648B973A2D5B09BC0F8A8A3D8E8E513D58
:10C1D000923E42BDE26BC3BC93A9EA3CBAA882BDC1
:10C1E000AE5CC4BD2134513CC4770B3D3E49B9BD62
:10C1F000698C4CBD7E8C553C5A0301BDF2767F3D67
:10C20000B7A9FABD3DAB1ABE8AD795BE99FA0DBE45
:10C210001AAC85BCBCCA263D4FCAE83DCE94F9BDD8
:10C22000572171BE7C9E543D4D5D79BD8BA1B8BD3B
:10C230007D87DD3DC37B173E36CD9A3DB6C2B0BD8E
:10C240007EA241BE6F0D07BEF11AAEBD4003AC3CED
:10C25000E6842FBD51393FBD7F7B693DEAFB4B3EF4
:10C260002A9F02BCDE6D8BBDDA11483D41D4653D8D
:10C27000919928BE31648FBEB0B2E4BE91CF9CBE0E
:10C280001B6928BD72A79A3CF251003CE94D31BEB2
:10C29000F68488BE2A44273D6A5ED7BBF437083E41
:10C2A000EE2C363E61532C3D11D650BDDD04D8BD79
:10C2B0003378BBBD83650FBE931A0CBEBAA90DBE01
:10C2C000CA111FBD18A2283D0736A43D3944E33DDD
:10C2D0007305163D06FD9D3DC3B5173ECFEE143EDA
:10C2E000AB1AEFBC5B6B6EBE743168BD393109BFF0
:10C2F0004644C73DB70D92BD2A87503DBFB964BDC6
:10C30000418D01BEA59C8C3DE6D6EBBB4A467C3EEA
:10C3100011BDFE3D55482B3D5AC2ADBD7383E7BCF0
:10C32000ADCE5CBC58F0BF3D4667E4BD6D9716BE10
:10C33000C31810BD814B253E65374E3D39004F3E39
:10C34000AD375E3EDE75173DB58F893DCB53A4BC3E
:10C35000B1B5BFBDD45A9ABE7D5E443E7AB238BEF6
:10C36000814B373DE47F963DCFC4063EDCA8F23DCD
:10C37000BEFBA1BD6A10F73B03D2343DB545DF3D9E
:10C3800060F6453ED49B8B3DEFA9E73C5427E6BCC5
:10C39000570C153E1C2D0D3D7A09BB3B8A68E3BD49
:10C3A000D2C34DBE2B22043DEF2B4D3D7BC77F3EBC
:10C3B0003EF7C93D4424B13D20FDBDBDF1C5C1BD21
:10C3C00052CDB23C3665A9BE8152A4BE3236B4BD50
:10C3D000CA7E7D3DF6089C3D01AD6BBEF0CC5ABED9
:10C3E000085B4CBE226488BD147141BAA5E882BDC9
:10C3F0004641D93DE41B4D3E0CDF003E1140D9BD06
:10C400005619B5BDE6F1403C9041A73BBCCE61BD9D
:10C41000D76CA73C692B0F3DF071573DE2ED0C3E08
:10C4200078AB743D7D85D93DDF77C53C55B7A9BD57
:10C43000D01802BE07F1B1BDFB03C6BE3D5DDCBC3A
:10C44000C3B78BBDC6F78CBD80549ABE6BE5ABBE3F
:10C450005E76CEBE5E9F5ABD7DD26DBE63AC92BD90
:10C46000D3C50B3DA01D683C1EACC8BB1499A23DB2
:10C47000ABC7193D0C715C3D9CD8503D57AE023D99
:10C480008BCA0B3ED65A1B3E93C6063D03AF373EC2
:10C49000863C873E3E1A433EC07E803DFBD344BE71
:10C4A00046C54BBEE6AB1D3D8D42E0BE67A2483D92
:10C4B000AB0C493D3B40373DB9993ABE06E378BEE7
:10C4C00080E784BE6D63B2BE431119BFFF31B5BEB4
:10C4D0008F739EBEE1A56DBEBDAA40BD6860E7BC7E
:10C4E000771A2C3ECEC212BE89403A3D4F70FFBB38
:10C4F00074FC0A3ECE7B653E6F306C3E6D2D513E26
:10C50000CFD6F73C6C05353E438F86BD61D625BE40
:10C51000CFCE3C3B2A98EC3DD5B5E33D6706A6BDA2
:10C5200032D95DBD305EDFBC49D7ADBD271B373B7F
:10C53000894CCEBD41F15ABDB83F4DBE772488BE6F
:10C5400058AA99BED4A6A5BE4A3E37BEE0CB983CB9
:10C550001449C3BDAB8C683D69022EBC3193313D9B
:10C560006435CC3D82A78D3DA83D8A3D0BF97B3ECD
:10C570006E88293EC28D5BBDEE1AECBDD1A47ABD9A
:10C58000ABB8C23DC0164B3DC73B193DC41430BDCE
:10C59000A63CDCBC7851E9BC6D14BA3C13345F3E58
:10C5A0002BD6503DA99F0F3E07656C3CB07629BC49
:10C5B0000D8AAEBDE822DDBDD80AAFBD1CE8B13D95
:10C5C000E3BF1C3D736B8A3DB2F10ABC9BF1C73BD4
:10C5D000B169223E53CF5A3D58AA41BD2D441B3E5E
:10C5E0008477353E62DCACBDADCFCFBD7D93D7BD8A
:10C5F00038FA58BEBC9B66BE502CE0BDDCF697BC3A
:10C60000F0D5A23BFC968DBC644EF6BD7AA8683E80
:10C61000F7B67A3E39C5933E1CC32E3EDE374ABD7F
:10C62000A36A7A3E5D5DA13EA566C03E9B16A63E0E
:10C63000B1A0953E9657643E221EEF3D5A52DB3D17
:10C64000A703363E46DD613D6E54F13D86AB883E24
:10C65000054D963D70433F3E892B463E75786D3EB5
:10C66000EC1A113EA14733BE7E623EBE80F413BC7D
:10C67000FAEB343DE9F090BDD0CAEDBB1930ECBD0A
:10C680003151E0BCB077853D67FBB23D865104BEB9
:10C690006782413E718B8E3E725EED3D1D7D5A3E3E
:10C6A0000AE48E3EF73ADB3E595A003E54AC253E32
:10C6B0005A3C0B3EF688033E9A2F9C3EE113C53E42
:10C6C000C25E5F3E891D6B3D9EFF793DD86359BDBB
:10C6D000C66136BEE77EA93DEE457ABD90ED233CAE
:10C6E000BF209F3DA24D623D26694B3DDE976E3DCA
:10C6F000A5BEBF3D99C2063CE6B9523D49E50FBE15
:10C7000008A9273BD1291FBD5151C1BB31DB523C88
:10C71000B320903DAF84443EA9D6683E0D3A5ABD41
:10C720007B0944BD88A5533E6D04B8BD29C2CD3DEB
:10C73000B951483DED4B9A3D60058CBC45AB643E1C
:10C74000BE402D3D8AED41BDC0EBD13C10D21E3C18
:10C750000500963D58896FBDB0936B3CCB42A53D1B
:10C76000EDA497BDDE89293D6865C9BC4A6A353D9F
:10C770008FB5923D22962C3D3AFE2F3D001C26BCE3
:10C78000AFEE8BBD7BA691BDCF46BFBD8E6B0DBD01
:10C79000C0A9E8BB99BB8B3D7F366ABDEBE709BDFD
:10C7A0008CD025BD948EC83C4AFA693D3076F83B62
:10C7B00085BC853DBFD118BD60AD96BCDF778F3D90
:10C7C0001E61DCBC646DDBBC9ABE5EBDC05CC2BADF
:10C7D000F3488F3A921DAEBD835779BDF8B60F3D31
:10C7E00028224EBDF2140BBECEE1F9BC699169BDA1
:10C7F0006AD9E0BD4462C3BC9AE02B3D9B1A58BE87
:10C8000013EA41BEE6FA7FBEC0AC6F3B67D222BDE1
:10C81000F4B61BBE245E93BDAEE5BB3A5A31673C0D
:10C82000BAF0713D12F95CBD4098603B2CB88EBDEA
:10C8300061350FBD71544DBD58A157BD7051AE3B10
:10C840008C6A1EBD336FC2BD2D1B91BDDCEC1BBDC0
:10C850004FB103BE7CE488BE4F4D10BD66E5923DEE
:10C860005A7761BEDFE896BED46B33BD24838FBC9C
:10C87000FB7373BEA8124CBE140417BE384087BDAC
:10C880008A6AD2BD62E300BE5B2F29BD1501DABD05
:10C8900092D5FC3C544B95BD38ADB93C43879A3D8D
:10C8A00018537B3C60A4B1BB5A401ABB80E3A0BDC7
:10C8B000AE65C8BD08DAC7BC1801ACBDE9915C3DE6
:10C8C000592DF4BBCF38A7BED56ADDBDF1A16DBE31
:10C8D00056BED5BE0A3349BE4A9486BE9C6D2CBE58
:10C8E000BE706ABE4A7521BE5CDDA6BD4DF92CBE88
:10C8F0009A338BBE874479BE89E0A6BE1E13E7BD7E
:10C900006EB78EBEE2E65FBD753C61BE6E586F3D90
:10C9100030A268BC5BF975BDEC20613D530B4A3E0B
:10C920001C498A3E73E2743E3AD1A1BCD37709BE5A
:10C930001BD3A6BCD60E52BE3AC23C3C7C250A3D57
:10C94000FDCA07BD6E153B3EBC6B02BD5C1B9ABDAC
:10C95000AC95BB3D046BC9BC27A425BDA01B6CBE18
:10C960003557A1BD9A658ABEBBE187BE5056C2BE8F
:10C97000A074873DB0DF2CBD6CA82DBDEB08283B13
:10C980008127AA3D8AA788BD1A6C423E3ED2823ECC
:10C990009D523D3EDF79813E02CCC03CF30CF23D1E
:10C9A0005AB40BBE32A6E3BD104320BEAD521ABD31
:10C9B0002B4B2E3E05D4F43DA30FADBC5DA2953D9F
:10C9C0003830073CF530E23C699928BE65E7A4BAE7
:10C9D00083A39ABCF1D882BE53512BBEB662A8BCC9
:10C9E00012833F3C7FF93C3EAE25743EB0AA803EA8
:10C9F00079A28DBD6A0D813D41059FBE92F3B13D87
:10CA000065B7A1BD4A85043EBC0BE23D89F800BE76
:10CA1000936A95BDF865113D6E2CE13C0F89133E7C
:10CA2000BE33033E73452E3EFBC8F0BDEE32DEBD85
:10CA30005F7936BDA39A9F3DD0A74ABD4BFCCFBDC1
:10CA4000AEFB5F3DF0B6FDBD6A00B1BE7E6E3BBD84
:10CA5000CA39C7BB92CC06BE016F92BBED49F4BB8D
:10CA60003AAA9F3DF91F853D2357A1BE2C82EF3D79
:10CA70006047963EE769DB3D6939C63DE1D13EBE80
:10CA80009AADCBBDC529073E648435BD7FB8E43B74
:10CA9000A84A863CEEFA5C3D5CB30ABEE0B78EBDA8
:10CAA000186CB0BC043B33BC41BA533C2A7BE4BC99
:10CAB000884643BEF865C8BE2CF3C4BEDF4392BEB1
:10CAC000515682BE378ACFBE3DFE01BE34BC253DE5
:10CAD0009C0083BD9EE80CBE00E34F3E2165953E61
:10CAE0004A4E7D3E2B99C03C30172F3C68EFC83C26
:10CAF00057F0883DCCDEA53D99ED043C6B63A03A30
:10CB00005019EA3CC7C1DEBC78F8FABDC8D2B03CC7
:10CB1000515F2C3D295E333E973F273ED8A39E3E72
:10CB20004DA461BE429402BFBE8630BEFFF614BE65
:10CB300061F22EBE388C86BEE0BFEDBC481437BD16
:10CB40003E014B3D859741BE729F863DCC01233E01
:10CB500035AD203CBB87393E0303823C8B76E03DFC
:10CB600002D0343D9CC783BDCC4E0FBEA8F6E8BDB5
:10CB7000E0EE9CBD47C3893D4266243D1EADA83D05
:10CB8000268FA03E68D5B13EFB1A323ECC4EF93D11
:10CB900098F648BEFAEC08BF7581F9BEB865F5BDD8
:10CBA000EBBFBDBE963077BE92C8D7BDDF689CBDD7
:10CBB0006A473CBDF02A453C4CE3D0BDCB38313E02
:10CBC0000D71E0BCE536EBBD079231BD58248BBC3E
:10CBD00033BF9DBD8BEB41BE956D4DBE5634DDBC64
:10CBE000D8AB6C3C183B66BB3EA0873E77B6863E12
:10CBF0003D04D13EA9F2C53ED1E3253E547FDF3C42
:10CC000088BFB5BE54CA2CBFDB5B00BFA28EDFBDA0
:10CC1000D5EE08BFCCF49DBDFF105CBD688F973C7E
:10CC2000386FB33C20B3863CAB5D3ABD91E4503ED7
:10CC30000E9BA6BD9F27C9BDF1C774BE8A40A33D08
:10CC4000080EF3BDBD330EBE020D0CBE3AB7963DC5
:10CC5000DA29D23D68312F3E0D4E3E3E8F23963D60
:10CC6000FCC0A43D29C1F13DA304063EF54EB8BD6C
:10CC7000E9B810BEF04CBFBEEB9787BE2CABE2BE4E
:10CC80003D54F4BE4FBA48BE416B7EBD4AD4B9BDD7
:10CC9000B28EB6BD1B3546BCC08234BEA12D233E2C
:10CCA000562617BE4C32F5BCD3B129BD5C02C4BCBC
:10CCB000EA1811BED8E580BC97F1103EE5EE2C3E97
:10CCC000A0B5423EA9D9973E8B3ACB3E6F951D3E0B
:10CCD00035748F3DDC45D53DD6F117BC26581BBEBB
:10CCE00056C571BE197EA7BE50463EBE2E4332BE0B
:10CCF0000817113E86019CBD606AB4BEC0E08EBEBE
:10CD000093B9AD3DF0737D3D3C6599BE0967263E04
:10CD100066B3BEBD1C3567BE988D1C3E310EB73D57
:10CD20008741E43D471E673D7A8DBB3DB69F2A3D56
:10CD300071FCDF3D1235873E1EE0733E271B873DA9
:10CD4000C74A043E22B2A33D613D4A3D74130FBD64
:10CD50005248EFBDBE6574BEBF22B33CF614DF3D42
:10CD6000AFAC44BE774472BE48475EBE99A11D3D3C
:10CD7000BF29A2BDFEF03E3DE15CD3BD94D1A33DF1
:10CD8000C7C64EBE1F2C003CAA2F01BEEECB19BE5B
:10CD9000FE62833DCB21F53AE71D8ABE056BD0BA12
:10CDA000F21C0439D3CE393E4566133E8B3C913D8F
:10CDB000EA490B3E92753C3DD95A04BE82A4A93D76
:10CDC000CEAADEBD619117BD544B763C0D5B043E8F
:10CDD000802438BE30DE2ABC88BCD6BE891F82BD06
:10CDE000B0DBD5BC7D5F2E3E3C265D3EBCE1293EDE
:10CDF000F634933D22841DBEC0D3D0BDE789B8BEB2
:10CE000015B830BE1DAF23BEAD7651BEFAAED5BD4E
:10CE1000850DE03CC262483E1908A73EA19A433EF8
:10CE2000ECBC953D60474F3CCD88A2BD544617BE33
:10CE300055DA183D99106EBD65F2F63D81A5283E84
:10CE40000425F5BC5171493E7703D5BDC9A8743B93
:10CE5000AA5A753D0D74163E55652A3E7B8C3E3CA4
:10CE6000983144BE4E76A4BEB4C9D4BD6840A8BCB7
:10CE70004EC51D3D92932CBE592A57BEDE7445BE49
:10CE80001B304EBDEB1FF53D95559B3EB701083E4F
:10CE90002A940D3D4EC8753C0D7FC33BC76B14BE35
:10CEA000E4BEA8BD287937BE4E4807BE46DF863DA2
:10CEB000DE0F843E6FA9673E94C889BC0ACE8ABD46
:10CEC0005A1C793DAA29683EC18A813E9BFFC53B19
:10CED000DAADB83BC7ED3BBE8B2302BEF478F0BCA5
:10CEE00051E5203E6496BBBD08D686BEA2147ABE2C
:10CEF000301D88BEAB30C63DB3B8D6BDB84362BEA8
:10CF0000132DDEBDA94DC2BC69FDE2BDC81A96BD98
:10CF1000D07C0DBE0FD6BCBCA3418E3DC9254EBDF5
:10CF20004BD91CBE8470ACBEDA32B2BD1D9B0BBEA9
:10CF300009664DBEE3B8543DAAA73C3E3B7908BC08
:10CF4000B47DD1BD845EFFBC99B5643DCB99A13D54
:10CF5000732D05BD7CDB18BDB20D05BE44EC243D30
:10CF6000EABB12BE15D361BDADB686BE4152C7BE87
:10CF70006EE4B4BDAE920C3C1367EABD004C233C9A
:10CF80006276E33C043BC03C75C108BD89AAEFBD95
:10CF90000C6C0FBE538453BEE575C4BD4AA0313E30
:10CFA0006EBAA63D44A6F53C05C240BEEE15F33D63
:10CFB000091DACBE5B3D71BD30A3EABDA176B13D9C
:10CFC0005CF4543D27EEC7BD8D72423D8CAEEBBD87
:10CFD000803927BE0AD33BBE0EA99CBEF61EF4BD07
:10CFE000A7CC0ABDE3401DBD315E2E3CA2150C3E10
:10CFF00065CA3B3EF807B73C1A3F55BECFDE42BD7F
:10D000003F7D04BEEA0F08BE4C07393CBFB7253D43
:10D01000D05DC53CE5A5A5BC45F1E03CAC750B3E3B
:10D0200062C963BEBB09F8BD2640913D6C1BF03D53
:10D03000DC1CB6BD4A0014BE0890AB3D6F5E07BE57
:10D04000C9A12FBD8E7CAFBEE27104BE8FB330BDCF
:10D05000A6FDC33CE8B4603C46ADDA3BC6DB973C7A
:10D060003DAF5A3DD88CF73D0E47B7BDF9AFA03C58
:10D07000845A70BEBC5D9EBE5596873D6AA8A8BD09
:10D08000CA40DB3D87C7E83DFE3A053F9A448F3EE4
:10D090006A799E3D0050C93D8950C13D283DBC3D47
:10D0A000CB963CBE08499FBD01AA0ABD33014ABECA
:10D0B000576773BE67DD3EBECD214DBC137A363E49
:10D0C000EE2B2F3E1B80943D13FF433E2E74D73D25
:10D0D00090D989BCC22683BDB9F3CE3C9AB529BE8E
:10D0E000B95B62BECA09FB3B531396BED0545FBD09
:10D0F00059045C3CAD26F33DA6A1913EFB755D3E17
:10D10000596B663EDACCE03D15D3883D2890C0BD12
:10D1100055F5F5BD3D738EBD5847A6BD2CB69CBCDC
:10D120002BF4DABD8EFE1B3E882E573C615EA93D76
:10D1300020FBF33DA738383D8196343E3C291D3E07
:10D14000EC41B63D928E383E741CCB3DC9FC77BE97
:10D15000D2A319BE9F1C363DDE828C3DD5B183BD66
:10D16000F5D91DBD7914AB3D2962D53DC70B9D3E58
:10D17000A4ACC93BB6BF8CBD913018BE489207BD68
:10D18000F1ED13BDDA89493DF61BF93BA2FE313DB5
:10D190000757803D98B4173E37634DBC18FF2A3EB1
:10D1A00064402F3D7E37B33D0976883E3B55AB3D0D
:10D1B0009F7ABC3BD9A6E8BD04CDA0BDE8A418BEAB
:10D1C000189432BC93BE023E01D96B3E9AA9B9BCF9
:10D1D000F8E5E23C29EB85BD0822AA3B2BA7AE3D32
:10D1E0008B99523E91F11E3EB24DB93BAB7245BD9B
:10D1F000A45B84BD53AD643D623C603CFB260F3EA6
:10D2000038CD66BCFC35C63C546F783C98D6F4BD2E
:10D21000EB90DC3DE3F70BBE330F94BC63E5553E6A
:10D220003FE78B3D9CA19CBD5FF5163DE779EFBCC8
:10D230002C328DBDB4568D3DE534E3BDF00E0A3C75
:10D2400080B83F3C7CAEFABC2C69933D768B01BE26
:10D25000B2A2273E5091233DB4487C3DC1E837BE81
:10D2600064ACB6BD445852BC3EB2033DDE6E93BDC5
:10D27000D0A032BD2939093E4010B13BDA62C7BDAA
:10D280005267C7BD4C09CFBDFDF1A33C888634BDB4
:10D2900026E7F23D4CDFABBB98C505BEF9058EBC59
:10D2A000CEEFB83CDCAA93BCEC0F70BD391B8D3DB2
:10D2B0004B44813DBA7427BDE0CC8DBBCA09703E9A
:10D2C000A8C8723E62C4E63DAE8D46BD7EA96FBC65
:10D2D000F14479BED29B57BEBB40263EE02FF73DBE
:10D2E00029226FBD22116BBE357DD5BBA601F4BDD1
:10D2F000118B7DBBD6F92B3ED809653E8F7D8FBE45
:10D300003DC924BE8511A9BDBE0282BEC903B23C7F
:10D3100024ECB837D04B3ABD68EE443C1D81893DC2
:10D320006EC88DBDFFC02ABD1EF3153D10E5E63B5E
:10D3300032A316BD7AD148BD0AC00EBD8092B9BDD8
:10D340001003FDBDC4D8683D6BF718BE3BED47BD6B
:10D350008DDD64BD7C3AA4BC1990BC3D0789303E8C
:10D36000056689BD49FAB2BE9F71893DC26CE5BDB3
:10D370003C0E42BE6C42A6BD09A5753DDFBEA5BDF3
:10D38000D83C3F3C976AA93D11006CBD97CA8FBD40
:10D3900088898DBD3DAB833DD0FA073D8060D63B8B
:10D3A000EBEC0FBD5AFCE2BCDA62F1BCE287473D10
:10D3B00071DE24BD989106BDEE671FBDFBEBA2BDDB
:10D3C0004709BBBC4C014CBD343E57BCAB430FBD01
:10D3D0006BDFA4BD9D7B85BD8A87593DC6E1353D88
:10D3E000D00CE53C8895CBBC6078903B9CF4F03C3D
:10D3F00067CC42BDC05D71BB8F65A43DD7183CBDF5
:10D40000B29C2A3DE780973D1E05323DA8401B3C5B
:10D4100067930EBD62137A3DD229803CE7FFC93C79
:10D42000B247CFBC5A385CBD355EE2BD9072ACBD30
:10D43000E933DA3A85E7DD3DCCF3E43DAD71333EC7
:10D44000A1A4AFBC67AB4FBD8AD81BBE2FA49FBEA3
:10D45000C463ACBDBD5681BD42436A3D680029BD71
:10D46000721D773D70080B3CF5C2893DE22B7EBDF5
:10D470005FE3A53D519E20BDDA2FA6BDCEAD81BD97
:10D48000596CED3BCF90123DEF37CBBC371E863D3C
:10D49000D450B6BEA4CDC5BEAD6A113D7699E03D6F
:10D4A00039FC8E3CCEE0003DF0FD8ABEC89D14BE26
:10D4B00011906C3D7CBFCCBDA412B0BD9C4A733DA5
:10D4C00056CDFBBD21D91EBE15471EBE1BBADC3D85
:10D4D0008DB0B7BD6463123DA01B7BBDF0DEE63CA2
:10D4E0004928A83D93BF9B3D1D7AD43CE16C863D05
:10D4F000050438BE74B7543ECB12FF3D1439483E84
:10D500003F3BD03E3931DB3CF2E8873CFAB4793D11
:10D51000EA902E3EA1FD2F3E4CF8853E73F1973EDA
:10D52000EE895B3E02A6BEBD9D1B43BE737664BE04
:10D53000EB45033E58D491BEEF30DDBE3D997DBD35
:10D540006412B53DF196523E6446143D863E5FBD81
:10D55000701AFD3BC3FD81BDD9FCBC3CB639843E8D
:10D560007C5AF8BCA59A223EC060223D12E0DFB989
:10D57000891DB23D432C1D3EFEC9463E4C8F5A3E8E
:10D58000467CCE3B6E920DBCC3C2543D89B73B3E38
:10D590009CDE403E1B4C333D2C776C3E3975A63DDE
:10D5A00038DA193D4974013DB9B8013DAACC0EBE27
:10D5B000B97CAA3D658E58BC2E57F6BD53AD1FBD34
:10D5C000353E98BDC8F3173DBD77AE3D1C50B73E04
:10D5D000BBE8363ED54345BD7598D73C86F98F3DAF
:10D5E0002F5EEBBB3687C7BD614C02BDCE8230BD1E
:10D5F0005D4BE1BD85DBA0BC8A1C81BEE119D63B39
:10D6000048369B3D5308343D591F4B3EA16D2F3E7C
:10D61000AF746E3E9F5E95BDBDFA603EB05705BCCF
:10D62000AC1043BEB020DBBC1807273E0F740B3D87
:10D63000688E40BCF808873D9153ACBE62F9053E48
:10D640002363673DC431863CB031763EB76E063DFC
:10D65000A606EEBCF5D25D3C9EA84DBEDE235FBEA5
:10D660008D5F39BE725DB33C9292593AD7144ABD70
:10D670009F5E073EDCB3303D6CC049BC82EA873D0B
:10D68000E5A2473ECB743E3EFA6F103E952D063C18
:10D6900067855D3E7467E6BD7BAB8B3E2840CFBDA2
:10D6A000803C52BA3114823D6855AABE3E3DFA3DD7
:10D6B0000448173E19D0143E24EF933DEF640CBD8F
:10D6C0003A1E9CBCA5A010BE27A849BEE26E75BD3F
:10D6D00025D36BBD31DB61BDF7B71E3D3F27C13D93
:10D6E000AA24BA3DB9C456BD1DFBF93AA6FF553E62
:10D6F00091DB353EA58E1B3EA23A0D3C1384043EC1
:10D70000CFDE873D68A81DBEDB89CE3DDAC9CDBD21
:10D710000ABD443D2CE584BE984CDF3D5CE324BE4D
:10D72000447839B922594A3EB1A5193CDCE8C3BD59
:10D730000AE433BD82C7B43C92583F3E12FB8DBD14
:10D740004441BC3B04BBA6BD1C48963D4FD6803D22
:10D750008D20803D0456C0BDDCCF29BBC9E9483BC4
:10D760004EA4743E7254273E6BD9713EE73DA13DF5
:10D7700073C90E3E72125ABD469AA73C3FE7903ECF
:10D780004F2702BDDEB763BD380C8DBE1656A2BE54
:10D790002D0A043E70A5403E00A42E3D471259BDFF
:10D7A000396DEFBDC4EE13BEA26006BDDE87D6BCE8
:10D7B0006D7E9B3D48EE083D9C27033D80AA55BDEC
:10D7C0009909C3BC2AC5AFBDD244BABD989136BD34
:10D7D0001061A0BC677B46BD4892013E4BA4033E4E
:10D7E0009AB9803EEF01053E319F86BEE584EE3D4D
:10D7F0001A46553D1A4BC4BC6AC53ABDBE960FBD0C
:10D8000073B9913D2791933C336EA0BDF0F34F3D2A
:10D810001D192EBD5E9D473CAAC7BA3D1C16D13CC2
:10D820009C8C263EB329073E0911633EDB70813D87
:10D8300005B6943DB75589BD438BD1BC15F4EEBDFB
:10D84000D8AD03BE599008BED1F2493D1DCC90BD64
:10D85000FF4A4B3EDC99873ED57B6CBD05F4A5BAEB
:10D86000D26555BD77C11EBCEC6696BCCFCCF8BD69
:10D87000160F9B3DFF9077BE0A6B43BCB1B904BE47
:10D880007E2C10BEDE8686BDD598313D3D748C3C25
:10D890000212B3BC958022BDB893893DA9D6983CAD
:10D8A0009F592C3C8401EC3C8F64633DBCA96FBE46
:10D8B000F1F441BE684491BD9BDE83BEC47E57BE79
:10D8C0000AD9FBBD9B30743D435798BD6E7E133E15
:10D8D0000FDAA6BD7D42C5BD5D47A6B9DD45BBBE1D
:10D8E000C528BA3D61D42CBD3CE9233EF1F847BEC2
:10D8F000DAD3ADBDF4E0413C367D9CBD8AD2FFBD9C
:10D900000C0FBF3D7604263EF5CE1E3E43C7193EA2
:10D91000346C673D827D18BD64C6003D2A3FB0BDB2
:10D9200061B29EBD3F1A2ABEA5B3B6BEDFB159BED5
:10D930003D2182BE73D5B7BDDFC39C3E9AB5953DF0
:10D940000C110A3E065AD9BD121BF3BDD6E9E4BD3F
:10D95000BA7A9F3AFDC76BBDF9CD263E4D48873D4B
:10D96000A87C15BD96B4ACBD0E6C4FBE7C76CEBD0A
:10D97000F7364A3C97F7893CBE15583E7502173E6C
:10D980000F926C3D35FC433E1CD8893D8E4A3EBD0E
:10D99000D8BB7D3C2C9FECBC4DF450BE7CC3B8BDC5
:10D9A000F5278BBDDC5DCDBD2055A13ED1C3B33C79
:10D9B0004AD5BD3BF0C0F43D4558C3BDB5EF263D4B
:10D9C000422429BEE9DB22BCEDA703BE380C09BE08
:10D9D0009C55DBBD922503BEAC201DBE1D9B79BDB1
:10D9E00063713E3E294C8C3D540BA43EAD4ACF3D65
:10D9F0002134533DFBCE233E4BCDFF3C8EA0853BD7
:10DA00007ED3483E8FC60EBC84DB023C1A9D163D79
:10DA1000BD8A2D3E9BAF02BFAFAED0BD3815DABD7B
:10DA2000B7344D3D07FD0A3E6FFFBC3D10B7BDBE8C
:10DA300059D02B3E5C865C3D0D4BA1BDC3681DBE1D
:10DA40007ED157BE20768BBE8B5232BE005AF8BDB7
:10DA50005296C13D865D0CBD35FB2B3D5D018A3D77
:10DA60001CC7F73C8A38473DEC1D743C932FC93DD9
:10DA70000BF4583E3E7B773E00F78D3E7DEE063F31
:10DA8000CBCABD3EFFB887BE375B793E0291ECBD85
:10DA900023AD9BBCB3F2F33D76BA2D3E66410ABD81
:10DAA0008CE8E13D0296FDBC74E70BBEE92B92BE0B
:10DAB000DF8C94BE1445ABBED4CC8DBEEC75AABE33
:10DAC0001EFDD4BEE33C90BE774E2ABE017DFBBD59
:10DAD00020A1D2BD009AB93CC6D5633B6F20863DDC
:10DAE000ABB0093E9206F83DA011683E65E1BF3E2D
:10DAF000D5AE1F3F9614B43DE8D389BDD9D1B83C0B
:10DB00000CC398BD19DF3E3EE582D63C30968C3E74
:10DB10002AF9413EB321CE3DDA234D3DE45F18BDE5
:10DB200082597BBEB5D8E8BEA136D8BE53E9F5BE52
:10DB3000673106BFBE0F9EBEB0F89FBE132909BE57
:10DB4000554521BED0543C3EC90014BD3F8AF53D29
:10DB5000A74C583E8DC6603E395F663E98D8323E2F
:10DB6000F983613EC0A1ACBE0CEE5FBE7A91F93D77
:10DB7000A6626D3ED9D2993DEB0AECBD78C7A23EB4
:10DB8000DBB5203D67EC9F3EE020033E466E6D3DD9
:10DB9000BD42B8BD2D1168BE995781BE19602DBE1A
:10DBA000F48488BEB8497ABEAA93B9BDD68010BCA9
:10DBB00025F28E3D47CD36BD8345223B6BF47DBCBF
:10DBC000E2FF593C4568253DFFD3143D188E6A3D60
:10DBD000A80FE6BD747E78BED07BA0BE214FF13D7C
:10DBE0004A2F543C47C1A73DBC8ECDBDF160FB3EE2
:10DBF00055B9B93DC485AC3EC645163EF104553D08
:10DC00007C342D3E911B8F3DBC17923D22E728BCF2
:10DC1000E845E53C0E4C6EBDDD5E1EBD57C0863D41
:10DC2000D371FC3C1EE6483CD650DC3DC85DFEBDD1
:10DC3000C55010BE461BEFBCD01F3CBD8B9ECC3DDB
:10DC4000F3E686BEF7B215BE8A29313DDF38043DC2
:10DC50003D1F09BD0EDC313C11089BBDCD4A443E41
:10DC600040E08F3D3D1D9F3E7054873ED5C9CA3C64
:10DC7000B8D57C3DFBB1633EF17FA53EA551933EF7
:10DC80000583663E81D04C3ECF5C4B3EC02590BDA7
:10DC90007180463DD9D1A9BC588E1A3E51CA64BE86
:10DCA000777A773D810B323C963C63BD2F2A8BBB44
:10DCB000A90CD2BC005AACBDFAF4B83D9B23063D7A
:10DCC0008A1BB33DB76626BD1A0DF7BD7A7BDF3DD3
:10DCD000754464BCBB1B293E6429203CE5A9193E60
:10DCE000C9038D3EED2B343E5E36E53DB5AE9A3E22
:10DCF000AFC3423E80F0573ED49B163E3776A2BD5E
:10DD0000B59FE3BDEE3933BEEC0EC3BD0AC006BD00
:10DD1000ABFF243E408B7BBD6045A8BDA3A66EBE75
:10DD2000128D94BEEC38B6BDF8893EBC831BBC3C5A
:10DD3000D376D73D2E2EE73D95598F3ABAC1ED3CAB
:10DD4000A1C8B5BD4DCB803D787B363C5636C3BDB2
:10DD50009CB4293D1D18ADBD4D38C43DACBAA63D9F
:10DD6000BA716B3D9DC9D93DE4D10E3E35EE05BE7D
:10DD70008C0433BD402213BDF382913D83DFA63D69
:10DD8000C91B523EE01ECA3DC829083C14D8123EA9
:10DD90000F144EBE22AF9DBD5128823D54C6B23DE8
:10DDA0003D0528BD3A9D623D4BE7DA3D508D503E22
:10DDB00045DAC8BD796B8F3DE1C800BEB9F755BDE6
:10DDC000CDE6FEBAF0B42D393BA2F83C055FFB3D31
:10DDD0006F051CBCF0B0EA3D912C553D1B8E2DBD4E
:10DDE0007F2ACB3C64369E3D4723AA3E80DB833CA2
:10DDF00057EC2DBE935A29BE77A634BEB2333CBE33
:10DE0000999E7DBEA0268ABD31B4033DB0E9CD3BCD
:10DE10007C8F9FBC739877BDA14B7FBE553DC13DA4
:10DE20004398413E893197BD5CB9A2BD31E09C3D2C
:10DE3000EFAFB7BDF4A3143EE0F66BBD2089D6BDAD
:10DE40006EAE993D6B4641BD596784BCC108DCBCD0
:10DE5000214509BE8267F6BD7185CFBD6BFB47BE0C
:10DE6000CF67A8BEFA5D9EBE10BADCBE4AD904BE1A
:10DE7000819DC0BD7C5590BD745BC83C3A2D97BD5B
:10DE800073418CBD641F64BD3DD4783D611E3EBEB0
:10DE90009D9D13BED0F138BE04D8DCBDCFB0C9BD46
:10DEA0005E638EBDEACA65BD3B9FB6BDB08236BE1D
:10DEB000CDBB75BE7C6550BD390004BD7EC594BE2A
:10DEC0006A52E8BE5D21FFBE2C8ECDBE93E8C5BE72
:10DED0001ED249BD00BA23BEAD226CBE5BDC95BD2F
:10DEE0002B4DA6BDDA0756BD6687563D1EFA65BDA9
:10DEF000F2D0223DC096B7BC40C39DBC9929803E5C
:10DF0000190EE63D2952113E131AB4BDD75222BE56
:10DF10004BE878BE59D359BE589293BD322DA73DD8
:10DF200007C93BBE0F2480BE03415A3D7CB9B0BE39
:10DF30002AB093BE79B0E2BE69D2F7BE3066AEBEFB
:10DF40007F9D86BE503214BE9145B7BDACF044BD36
:10DF5000242A19BB21A009BE10398D3C80526EBB0A
:10DF60004CEFB93C5EF688BD91DFAB3DBDD4833D3F
:10DF7000A8F510BE26A887BE6CB009BE4BB4A3BDE1
:10DF8000813CC8BE934DFFBEEAA8ACBE3671CCBE84
:10DF900098FBABBE6F2D0BBE98D88F3EBDCA89BD16
:10DFA000B57BDFBCCE1B30BDED3094BDEEB762BE9D
:10DFB000572DEABD9905A5BD8D02EDBD88195ABD45
:10DFC000121765BD7C30B4BC1B4787BDB6588BBDEE
:10DFD000FFC3923D204462BBBD50A33DA04719BC86
:10DFE000E4BA9E3C3A0A9CBD805180BD525AC5BCE1
:10DFF00045C6913D5FBD8ABDB69585BD6405DDBC56
:10E000005590323D05BA163D78DC74BAD0CB403D10
:10E0100046504A3D5A5C54BDAACF08BD31FA833DF3
:10E02000F03EFD3B478123BD34455BBD2676A4BD54
:10E0300000EFC23A70565B3C8A54D5BC4854213D2F
:10E04000603F67BD03E08BBD91238A3D1C20A5BCCA
:10E05000B171593D762F363D2887A9BD23DE113B8E
:10E060009CC320BB00E0C53DCD310E3E01BD613EED
:10E0700083E16C3E6C54013E75F8C0BDFE6337BD54
:10E0800073FEA13DA70B9B3D9FB3563E972A9B3E37
:10E09000F1EDCD3E890E4E3EE2E9A03DB09C31BE91
:10E0A000694225BD52667F3D17888BBD7CB87BBD1C
:10E0B000D093E63CA16B833DA0586BBDAC80BC3EC9
:10E0C000E31B6A3E460A033EB92A803D19F4B23D7D
:10E0D0005BD3CEBD9D6E76BE51621CBEEA8CE3BDA5
:10E0E0000C525FBD6C279BBE2945B7BE2C2375BE65
:10E0F000C7BDF4BD407DF0BCC5AF8BBED1F11EBE27
:10E1000057332DBE64A5833D5371843E5A1E75BDA1
:10E1100012A74DBD328D28BEB6E46FBDF80473BDA5
:10E120007C76F6BC1D2F9EBD722886BDA9A4873EB5
:10E13000780FAC3E64351C3E1DD6F6BDF36CA53D94
:10E1400037D1493E34516CBB0D05AD3C4B07F43D16
:10E1500024D804BED24032BD3FE4073E167B603D6A
:10E16000E32D763B4E66B0BD4901E0BD1B612ABD83
:10E1700037567A3EC481FC3DABABB03C8F91423EFA
:10E18000C75AC03D868405BBB10F5BBD69F593BD21
:10E1900012F5763D7BD3A73D7AF1FCBC6A207F3E29
:10E1A000E702983D6B3251BE83C1D7BD6F4F80BD32
:10E1B000ADAD07BDFA52ADBD6F8C5EBC483EA23D11
:10E1C000C4E208BE97CE993BD5CD79BDDFB1903B77
:10E1D000B826B3BC1973403D42EFC23D53D684BD4F
:10E1E000E0D6A5BD91CB843EE8F6823E9179253EEE
:10E1F0002ADB2B3EACB638BDC010E0BD54F6173E4E
:10E200003B479CBDE007B4BBA42094BD677D313D76
:10E210000A106D3C14D25B3A452EF5BB3CAA1BBDDF
:10E22000C4B5163D03B8D23D84E5173EBDD4D63DF6
:10E23000ECE9E1BC0CAE223B9FC3F43D0C99B83D28
:10E24000D36716BE60FF353D09F2903C69DD5BBDCA
:10E25000E58D11BE0D1879BEBD4291BE70C784BD5B
:10E260001CEF033E07EA44BDB499003EBF5B6A3E23
:10E27000C412F73C0579A0BD9307943EB01721BEA8
:10E2800013E095BD6448703D48F7B03C4654853D69
:10E29000E328E53DAA0CA9BD79856A3D54D4D43D57
:10E2A000C3EFE13DC49C063E2321393D909207BD5A
:10E2B00025F2F63C6C3B323ED43DF83D4766BB3D13
:10E2C000E5A5403DB9D50E3EE496E33DF536ACBD3F
:10E2D000E9FEFB3DDD7CDDBEDDF0E63C0518083ED9
:10E2E000DD9FEC3CB5EC34BED31A313D696957BDB6
:10E2F0006CDCC5BE77420CBE3B5325BE1581EFBD1D
:10E300003CD648BD2384EF3CB06D193E8CEF2F3DC9
:10E31000404650BDD8C34ABDF7F32DBD40F76D3D13
:10E32000DD70B13D2E15933E1181DA3D37B0753E5B
:10E33000F594213EE85CA93CDD829ABCE17C043E78
:10E340000386843EEFB40EBEC031FCBBFBB4343C4C
:10E3500059B939BB79D42F3D0754F83D05EB21BDA0
:10E36000ACB048BED53A73BC313445BDF61BB5BC24
:10E3700074D46D3D3AB5893C5A2B82BCDF07F3BC9F
:10E38000BA5A2A3D7CAFFABD69B96FBCE924DD3DBC
:10E39000579F5F3E8F474E3D794C6C3EA59E5F3D3B
:10E3A000F371F4BC684C5E3DA54F34BE26555DBE8E
:10E3B00049DA133E1F19F63CE3A3D1BDD46A13BE5C
:10E3C000917E373DF32B023E6EB82CBE005918BE2D
:10E3D0009BA202BC4E6029BDFB66833D6C0F703D65
:10E3E0005B633D3DEDFBD43DB90D99BC747D6BBDC8
:10E3F0009A68D9BDF7B491BC75A9E5BDBD2D2CBCFB
:10E400009A9A083E5F8F0B3E10BF8A3DC6CC2D3EC8
:10E4100035D7183EB42428BCFCE69ABE16EF89BE58
:10E420006252FF3D2EE76FBE90F801BF9A24E83D8F
:10E43000DB7F56BC4E9C00BE9A37693E8E43EEBDD4
:10E44000680B12BEE07B09BD9D78403D5AE2D43D89
:10E450007ECB443D16A72A3E0B8B193C1094CBBCB7
:10E46000B7DD49BD4FBA7BBDB585353D6C5FF0BCAE
:10E47000C8BAA53DA7B5843D74D8913DA8CE7D3CD2
:10E48000F3DC903CC90FCFBDD58E073D362B45BC84
:10E49000BDA7783D0CB62ABC0BA7D4BEDE15463E00
:10E4A000C48882BCA96E0DBE9810CB3D2514EFBD6B
:10E4B000A5F878BE336938BEBE22C23C2E41693E03
:10E4C00029F8423E20A7043D97419CBCCAD8A6BD6E
:10E4D000B07A3A3D0AC2A83B46DB3B3D2D6EBDBC3F
:10E4E0008C63D63D1643803E253F713E42613B3DE5
:10E4F000DF940C3E0A12923DFB09303C6C481ABD79
:10E50000DFC2503CB326C1BE606E64BE8152413E44
:10E5100072EB13BA8C91EABD6967103EE341173C78
:10E5200049238B3D0BD7423DB881403DC228D03DA9
:10E53000E18F123C033964BC649BA0BD2455403D6F
:10E54000AEB05A3D5F578E3DEFF71BBDBC36A43DC4
:10E550007F20C83D2E26253EADC85E3EAE77A23D4B
:10E560003EF9DF3D6E32233DF15441BDE9265B3E6D
:10E57000B33ACABD995EE2BEC4D6D3BE009706BD0B
:10E580003A147CBEC711E4BCE9D2EDBDBC8BAD3DF5
:10E59000527AA53EF50A953D8955BFBB28EF443E0A
:10E5A000F57F113EA1BC903D4BF4B23D880BDB3BA7
:10E5B0002B8F7B3DF761EEBC7532603D246F613E71
:10E5C00003C0F13DADE6143D0AC9A43D4DD5613D02
:10E5D0005511DA3D12A5F43D901B1F3EBBA5563EDA
:10E5E000654B19BE9002ADBEA82DADBE80FF2CBEFE
:10E5F0005AB2DFBDCDC22D3E976B2EBE45F7033D0F
:10E60000EDB32E3E6CD6813E2C89A93DF1978D3E0F
:10E61000342FA53D15FA5B3E8B02FB3D75DC743E45
:10E6200068A6563E4941C43DAED9BBBDF5E6463D60
:10E63000DBFB9DBD8D16003E8417E33D852E263EF7
:10E6400019187E3E9AD12A3E1B956C3E4D2AA83D54
:10E650007D7A0CBE1EE38ABE3C2B09BF2ADB0CBDB3
:10E66000C51E4ABD0F869E3DB70E18BEAEBA55BD3B
:10E67000C5B2093E9FD54D3E0416203E0393633E2E
:10E6800010CEAC3D2C0DE13D0D960B3E8C88293E05
:10E690003BD8173E2C47B3BDBEFABCBD1B82A33D81
:10E6A000D84B16BCC93EFA3DAE3BD63D0DB9F93D3F
:10E6B0003F2B0E3E0183B13C6F89343E7952AC3D15
:10E6C0006BB403BE67DC843CCC866DBEDEF9AEBDA8
:10E6D000CEBCC9BD9932F5B92F4291BC0693A3BDFA
:10E6E0004B67743C64050A3E94310C3E75B87F3D1F
:10E6F00025B65B3E9A40003EB0A3A63DF559743C5A
:10E7000003050E3ED625E0BDA7C924BE7147743D62
:10E710007220F13D501E203E588DE23D997C16BD81
:10E72000462A3B3E089263BE244C87BDA41546BCD6
:10E73000D4274CBE2FA6F8BD65237DBE61700EBEEA
:10E740007842E4BC1398EBBC24C0DE3C099065BE63
:10E75000E108EEBCA34BEC3C01E814BD3951F43C9C
:10E76000568EB63DC8A5493E8DF7413D49836F3D64
:10E77000DBC5A13D30DECBBD365EEBBC8443323D14
:10E7800048021E3E717AEA3DC9C7E4BC50B5563D09
:10E79000B52136BDE4E31ABE1422433C49F14D3E97
:10E7A000395D003C85CE40BD8C277BBD2A93D7BD0B
:10E7B000DBCB1F3EAD88A8BDF98FDF3C929C47BEE6
:10E7C000120881BDB88A60BE501025BD0A28FF3CE2
:10E7D000CFDA973D500E86BB633F6FBD33F5C53C26
:10E7E00014D3E8BD7FFD6EBDF402C83D1C162E3C5F
:10E7F000E70A0DBA9BE991BB206E803BF426AABDC7
:10E80000CBBD02BECEFEB23D8858D33DF3A4153D2C
:10E8100012847ABD41147FBEA4ADB53D388CACBE28
:10E8200059B311BD3A7E5C3E4B5F0ABE47A89B3D83
:10E83000F5C9EEBD557BAF3C9489313D6723903CD3
:10E84000982A26BBB40EE7BD27C1E6BD69B7BFBD98
:10E85000C4FF1A3E9D94F2BD76DB653D541A973B8A
:10E86000147E2FBD60FD74BDD438EEBC4711923DBF
:10E87000DCE9A4BD699145BDDB6308BD7B911BBE8E
:10E8800071AD273ECFB395BE60CD8BBE06430DBEA6
:10E890001D4F8E3DAA89163E2DC167BE577347BED8
:10E8A0003B0A3DBD753BA03D56BF8ABD5C04FFBD24
:10E8B000488B26BD045E8DBDFD360BBD1B06503D4D
:10E8C0000B9276BCF3C8243EBF0E143E02C4D4BDE6
:10E8D00094FCD93C0EA285BD9050BCBD30FAA5BCBD
:10E8E000F96BCEBD663F56BD9A54593BE2F24FBE1E
:10E8F0003211BF3D8E3B213DE55598BE856BB6BDBF
:10E900001659143DFDD338BE902B47BECAA330BE66
:10E91000B946A4BDC43D2C3EB5D6E0BC692507BEB2
:10E920004F12E53DF656D63C2FB74C3D24B930BDCD
:10E930000E769B3D0EEB003D706C07BD3334AA3B59
:10E94000A37F383DEEF13B3C3538EABD4947BCBDBD
:10E950009EFE3DBED7D612BEC9A37FBDEC2BC0BD67
:10E96000917EB13CE85FECBC8F5C89BD480E32BB48
:10E970007A0299BD9B11C1BD2E9299BD31D4F53C4F
:10E98000C9783BBED8560BBE7241A63C4912A63C84
:10E99000A5EF293C06E555BC6A2CA73DEEDB613DA1
:10E9A00004E2E43D5654993D4E864FBCB78B7C3D06
:10E9B00027F82E3D6C5ED23C2F25F9BC883508BE69
:10E9C00079D58CBE8F53B4BDC3162E3E5E09C03CB4
:10E9D0006CD4173B4A4DA13DDF98BD3D5EC98B3DD0
:10E9E000EAE5F3BC3DDE59BD8EE73FBEDF9389BD4E
:10E9F000F433FDBD3B4394BD6930EDBB1D1B253E8B
:10EA00009293F43D3FEA3ABD2659BC3D573F3BBD8A
:10EA100088F541BD0E16A4BC10A93CBBA0DA5BBCB6
:10EA2000500B5CBCF49E36BE675461BE137B31BD97
:10EA300011D285BE4F6580BD5528103CA5A7F03D7D
:10EA40008B797B3DF32AA43DFC8A093C9A36103D24
:10EA5000C36FA2BD1068B6BC5996E73DF924BA3D14
:10EA60002B30683E0470933E14E37E3DF90F053E63
:10EA7000E5F32D3EFCA3823DEB25863D9395C6BD77
:10EA800045C0D83C1D6BC33D96FFFEBD279B27BDEF
:10EA9000BCF093BBF7C201BED41C15BEF9DD59BE54
:10EAA000735A953D99504FBC4CD0D43DC16A803EBD
:10EAB000809916BDAAAA28BE2B8D25BEF52908BDB2
:10EAC000905772BD24C56BBDA91D973D04A6553E48
:10EAD000F9AB88BB4FA1FA3D63143BBE0DD1253D78
:10EAE0009EAFB73D3E0F24BDB4F3343E37366F3E84
:10EAF000E1C24DBC152BE5BBEFC17F3C165CEABD06
:10EB00004D32E53D5334A8BD9E3A49BDA09D7F3DA1
:10EB10005A64383EFFEE3C3E1C568DBC16EF60BD7D
:10EB200017B38FBB79C894BD84EB84BD80DDD2BCA4
:10EB3000C86219BD914053BD412790BD0C14043EDD
:10EB40003CA7093EC55C433E5840303D1EFD353E66
:10EB50008F2D843DFB585C3E4B357B3D90768F3D41
:10EB6000A7FAA33E730F253E445ED83EC52F783DDD
:10EB70003890E13D0D2E743E80DB4B3D127AF5BCA2
:10EB80009773933E7D63393E3A26583EDF15843EA7
:10EB9000B6FE9C3E63B94A3B72C5563DB03EDF3C73
:10EBA000E9E596BDEDB991BDAAA202BDBA7C49BD09
:10EBB000410FEDBD9CD08BBED4481C3EB3360A3EFF
:10EBC000BB934A3EC625433EADC31E3E72D9D13CDF
:10EBD00078005D3D092CCE3DA8DEC93DF351F93DDD
:10EBE00084AAA53C59C208BD749D2D3E02D75E3E45
:10EBF000647C8D3D0B1C06BD29F2DC3C17B58DBE37
:10EC00004E127B3D9CAAD23CC44FA63C6A94BABC2F
:10EC1000435475BDAA5C99BDC11DA93DA9E281BD42
:10EC2000BE90643DAA936E3D7A7370BDD27C633D05
:10EC300011CC5FBD1A21E2BC80D07E3BB62180BDE5
:10EC40001C61CA3D5045B43D616062BD73B9AB3DC6
:10EC5000A27B3F3DC3AEA53DC903953D502416BCE4
:10EC6000231E80BD32B09FBD34311D3DCAE050BD72
:10EC7000E653583D808F6FBB80AAD2BBB8CB99BCFE
:10EC800030FB963C4043543C1861A5BC3076493C6F
:10EC9000E206993D17D347BDFD14523E98587A3C81
:10ECA0003F29A73D6B27BF3BB94B6F3D395AF2BD9A
:10ECB0008CE5C1BDA1CFC03C4D199CBD814180BE3A
:10ECC000B0E1DEBDD17CD6BD25ABF63D7755C53E66
:10ECD00043EECE3E0698373E068A7E3E0579B23D2B
:10ECE00085A8863DF0F4A8BDAF58923D1519A23D08
:10ECF0006A565A3DA038EDBBC76C0DBD44D594BED5
:10ED0000C7CFC0BEADB0A0BC566ECD3A1D27393EB0
:10ED10004C25D83EA702F43E0200C53E3B1AE93E10
:10ED2000E342D83E12DF53BD5316083FFBF1203EAD
:10ED3000891795BC14A35D3D3342D63DB0A4F5BD03
:10ED40002A54D03D03DC203E2307D63D044982BD32
:10ED5000409D1D3EE994023ED08B64BD9E995C3D72
:10ED6000701DA83C40CEA0BAC2A3043D7366BBBED2
:10ED700015AC95BE98B56D3DCD6F4A3E193ED83E57
:10ED800050E6B83ED0737FBD7DFEC4BC2877353ECB
:10ED90000B21AA3D1E7CE63C83E5333EEEBF273EB9
:10EDA0002CBD273E9E730BBDA508A8BD8119553DFE
:10EDB0003E2A023E34B8163EB6F4F2BC24B0883D7A
:10EDC000C34D09BDD89461BE12A478BCD90B933D44
:10EDD000DE37203DCEAFB33AAA399E3D6B55AF3EEC
:10EDE000267B823EAAA4A33E4404EE3DABDCC03D9C
:10EDF0003498B33E2714113E7CF51E3ED7DDB03D5E
:10EE000053C1AA3DD9D9D53D5DCAA5BD69048ABD06
:10EE100007A1233E1326F33CCA2E9B3B14AD10BD25
:10EE20005A848B3D39163A3D236412BD98A183BDA7
:10EE300034259ABDBCDD20BDD0130A3E00983A3E71
:10EE40007F6506BD122B663D4149C53DDB889D3E71
:10EE5000DF74643E1F545CBE8C5866BC8CCAAE3DE9
:10EE600073439EBD223F2CBE2B56B9BDBBE57E3DF4
:10EE700011BC4A3DE62B983C33EB52BD9D333BBC65
:10EE800090D8D33D7CD1D5BBF1B7DCBC6F00203E20
:10EE90005D287A3B1874AABD389501BEFF7F243ED9
:10EEA0003152EB3D37AB473DD82DD33C48079E3E12
:10EEB0003795A23DBEAA1E3E835C91BEBDB33F3EC8
:10EEC0009E4E3F3E946720BE9FEA593C84D10DBCC4
:10EED00025B566BCFE52A3BC3A15E3BDF13656BE5D
:10EEE000AF60E5BDAADBA8BD5E6606BED744A33D04
:10EEF000E2AAC53C9CA598BD11AB8ABD66F496BD3F
:10EF00004ADBB6BDC60CE8BD340E1ABEB41AD8BD75
:10EF1000ABABFDBDE3BD883C15E320BD3F09783EAA
:10EF2000C67167BC4368A33DB4F6FEBD8BD0103EEE
:10EF300089D3A93E8F03D0BDF2FC2EBDC384C3BDCF
:10EF4000F08F04BE217C65BD4F9F16BE676608BE6C
:10EF5000089297BA63408FBC27A1BD3D74030ABCD9
:10EF6000955733BEACE546BECA1146BE77C617BE3E
:10EF7000EFAF40BEACAFA2BDAA62C5BA9A9600BDC3
:10EF800099EB45BD8872F83C984A853DE3DF683EC1
:10EF9000BD7EC93CA7C36CBEA8DC6EBCF4A07B3DA3
:10EFA000614D693ED2EA473DDA42F8BDCC7091BD71
:10EFB000BF7F28BE4C359EBD9A10BEBDA2C5343C55
:10EFC0006F2095BC6ABF483EF7A9B13DBC6CC5BD7A
:10EFD00080D141BD1F2B93BD688C16BE1D2A833B7B
:10EFE000A5FF82BD99A3BF3D30D3063DE6A116BD66
:10EFF000E9AA5BBE9A4F87BD25C8283E03F784BEA9
:10F000006F76B2BC8C5362BE30B8073EBC55453DEE
:10F01000649994BD17D8A8BA9E820DBE05AA86BC75
:10F0200055B53FBC22909DBD51C2BE3DF839AE3DA5
:10F03000B1BEF23C90B8003E556F563D6750303E31
:10F04000A7F62D3E42B013BDB1709FBD67BA5D3CBF
:10F050007F7196BD28432DBC236138BBC3ED02BD33
:10F06000F8A49ABE193CF3BD8FB57FBD4738C5BE25
:10F0700079B7E5BD819B40BC97799EBEF2F84A3EC8
:10F08000A1A33CBEBB49173DD47F09BDA55B76BC9F
:10F090008B29BFBD119CAABDB7AD3E3CA961A73C61
:10F0A000D52BA13CA3F295BC7EE8113E752183BD12
:10F0B000D154AB3D44F790BD7F53693C73DC11BD27
:10F0C0003EFDF9BD449B12BECC7B2BBE063380BDFA
:10F0D000F25AD2BD19301CBE735D30BEBFE687BE8A
:10F0E0008A6E5E3DEDFF0FBEDE1C09BE6A30EA3C53
:10F0F0006685A5BD8BBBAA3D6DF172BDBA5B883D2F
:10F10000779DAD3DAB5597BD6DEBC13D43350F3E92
:10F110009F0C443EAEE754BC27C2383D661BC5BCBD
:10F1200035FFCA3C3876093DD5544E3C8F092A3DFF
:10F130007F7C1A3CC17B90BD8D9826BE67490ABE74
:10F140001E7406BE4FCF9E3DDA944ABE6C9899BE9F
:10F150007AA748BCD9BAA6BD4D270FBEB39C32BE14
:10F16000CDF0CABD4630853D6CB00BBD3C0D033DB6
:10F17000CEAE27BD9C1822BDA1012A3ECCE096BD93
:10F180007A97A53CFCF23C3D4D53343D0A9390BD2B
:10F19000F5EF2BBD0F25113E347CD6BDB04EE23CC1
:10F1A00086F6B43C3DBF443E5F2799BCE644673DCC
:10F1B000BD972A3E99299DBC17FCDEBE1219C2BE1E
:10F1C000C7BC823CAE1797BDAA4E4FBE410569BE73
:10F1D000F78406BE17F229BC04743D3D702117BDAB
:10F1E000DC180E3D557C41BCD1743B3D2DC8403DE3
:10F1F00068C7903D22FE253EEF167A3DFA6E093E25
:10F20000B1D9983D88BA3D3D15D4413D06B4493E3B
:10F21000F274203CD9E99B3C8852833D2FE4DB3DCE
:10F22000FD8AB43D0B8C23BE534519BD1AAC2A3E52
:10F230008CD8B3BC7C3168BD43F679BE6B8CE7BD1E
:10F24000F68F09BEF9712ABD88E8D13CA16580BD61
:10F25000ADD023BC19FA8BBCE115C9BC28D3203D25
:10F26000C9DEA93D19E6523DE296293D1226323EFD
:10F27000C05F483EB5457E3D060C49BD6454223C06
:10F28000F4C9533D56BC533D3BC683BD2B9703BECB
:10F29000E193A8BEDA69873EA285B83ED448093E0C
:10F2A00086D8793A3C27643D41CF83BC790CE93D4F
:10F2B000147B65BE4F458C3D8476813D307978BDA9
:10F2C00055779CBC53590F3D5E5111BDE26AD93D43
:10F2D000901FD73DAAEE663E83B3863EC29F1B3E7B
:10F2E0009293253EB5250C3D429B7BBDB066FB3D10
:10F2F0008429B63DA0DF003A46F3773D17A5C1BC8F
:10F3000004838BBEB6AEA73E5A18B63E0656023EE2
:10F31000A123BABC4B78E53D8EE9183E4923D03D88
:10F320008C5CAFBD8DEE19BBEA51D73D381A6D3DEF
:10F33000B7E4FABA6C12FF3DACF3AD3D0BF28B3E75
:10F340002010263EB0355D3E8749413EAA8E463D9F
:10F35000B765173E49CFE73D9038203E84811C3E7B
:10F360004FCE7F3D8BC9AD3D1AF5B13D3956EA3CD4
:10F37000E197223D1C7CE53E466BBE3E5CA9293EE2
:10F3800080F78CBC093E263B12A04D3EC652253E5E
:10F39000C3A3C83D41AFF8BDAA11DF3DE16CE33D19
:10F3A000CCC7C63D52CDFA3D7E15253E6DDD4F3DA5
:10F3B00007DBAD3DE59C843EEB52AF3D52AB2B3CB1
:10F3C00064D836BD125CFCBC341F183CF028A63D46
:10F3D00092968D3CF13F1A3E83E3AFBCA621E6BC7A
:10F3E0005F922FBEE276C6BD33DF04BE9326913D09
:10F3F000995CF73CE65DA73D02350ABD72D7413EF8
:10F4000020D8CDB9BB5F763C10EBFE3DCF62793C96
:10F410003F3484BD7815ED3DF214923DA23C2A3E66
:10F420006A224B3EAFF2563E0A060E3DC668E83DE4
:10F4300017EF633D3E6C973DA171A93D8BA3FC3D49
:10F4400055F3A13D372F403DA80858BD8520543ABB
:10F45000A59C003DD1FD24BE8D6948BE4840563E66
:10F46000E1BFA4BCA5B336BE075182BE2A208C3EA4
:10F4700040406F3A6E0AAB3DEF4A7FBDD66F163EF5
:10F480008147A9BB09EFC73D7B90963DC294223EC0
:10F49000A44A57BDBA22FC3C9B25FB3D6893923D94
:10F4A00010163E3E6589293D7C75E83D79C62C3EA7
:10F4B000E7B191BDB8FA3B3DED86AB3C5F864A3E75
:10F4C00021D023BE608327BEC2DE983E4A4EA73DB0
:10F4D000BBBC1ABDEC612ABEB886683D94D9293EF2
:10F4E000F015CB3DA2EE193D4B82AABC4C4A2F3EF3
:10F4F000CB51A3BD5021543DD860FB3DE44755BDE1
:10F5000081F803BD36518EBDE93C803E0EDEAB3C3A
:10F51000F450FBBC65334E3D8E78C23D4669A3BDB9
:10F5200040B7063E27A5533E0404C93CA3BA2D3E6E
:10F5300014AA343DCB198F3DC57DEC3DC8765EBD28
:10F54000B0C87DBD09DD503EC121EA3EEF0F943EBB
:10F5500015E9A1BDA7C327BEC3AA2B3D44385A3E17
:10F56000F4D1AE3D80CE813D812EC2BCDFAB25BC47
:10F570009D3189BD878AA23D26CF0C3E08327F3D52
:10F58000B6890F3D0ABEB13DCB856D3D9E1ACE3D7D
:10F59000EB846F3D35EECDBDF69E123EE6B8973D4D
:10F5A00040051B3E521C82BE031A85BEA8AA503DD0
:10F5B000220D943D6369B33DB4F6BA3E39E154BCC3
:10F5C0001A57003DA93E07BDA96F34BE068DB33D55
:10F5D000439EEC3C2F5FA8BD48AD473D627CB63DE5
:10F5E0005FF19BBCDBC80C3E4D5C59BCAFACB0BB03
:10F5F000863283BDCAAB85BC8C77B23D5597B13C92
:10F600009DF5C83D7E9FEB3D15A39E3D131A753DAC
:10F6100072692B3E24C113BEF250A0BE0C919A3DDC
:10F62000FC5A0A3D43A8903DCFEF313E1459173E96
:10F6300068000BBEF27D89BC218C24BEFCEC12BE9E
:10F640005EDB943BB00AA2BD62CFADBDE751083D81
:10F65000FFFDFDBC4510B9BC4523953B9F6A06BD27
:10F6600067B4333DD97735BCCA9DB03E474BFC3DAE
:10F6700021142F3E6456723D4920BA3DE4860F3D69
:10F68000733EA83D7E146EBD7A9F33BEC8BC59BC84
:10F690002209333D206AF13C42A729BEC7F86C3EDF
:10F6A000AA6D023E95239FBE5403243C03F1D5BCB2
:10F6B000C230BABDA57264BD5D9571BD7F58823DF3
:10F6C000CCC99CBC195CB0BCDEFEE43DDBAB873D25
:10F6D0002770203ECE96CCBC4D7A983DB2A1BEBCE0
:10F6E0005050AB3D5464E43D5EC9403CA92832BD56
:10F6F0009D2B223C6E13943E19BE35BB2818383C16
:10F700005290493D7D4B17BD7737B53DCF13A3BE12
:10F7100033224BBE2AAB7F39CE62053E6558AA3DE7
:10F7200014BBE83C1CA5BEBD108A133E4FE6C83D85
:10F73000B14F883D6C712F3E4C08BD3D5EA2B73D78
:10F74000E2F2DE3D76CAF93D22E1B53D7C7AD03A5F
:10F75000E5D7F33D51CB10BD300695BEFB027EBE12
:10F760004F4A39BECC66763E0CF211BD476D09BDDD
:10F7700050D0353C331036BDEE13653DDCC93A3E02
:10F780000F15DD3DFC338C3E4804AB3DE5B2333E06
:10F79000BCBD463B3E5600BED34AD13D90B1FA3C7B
:10F7A0005CFD0D3DEE54B7BDCA1DB43CB95BF5BD63
:10F7B000525D56BCEB10EA3DA0E5F43DA460B2BE3C
:10F7C00085D93CBD3D8F4A3DDB3A14BE83F3573D9E
:10F7D0008FC3A33ED9B614BD80D216BB97A7983D60
:10F7E00031F8893D8BAF71BDCE4B583D389E84BDFD
:10F7F000CFDFF4BBED8B25BEA35929BDACD6953D1B
:10F80000D453683DABD9973DEEAEC0BD92E002BD8A
:10F81000C3CFA13CFF0746BD231513BEF0179F3D84
:10F820002C4706BDAEEC4ABE9922DFBC4917B0BDDD
:10F83000485FDEBD45E063BDD5DE5ABDA5F931BEEA
:10F84000E68F353D5856953C1431E73C9B95823DFB
:10F8500010E0B73CBEE7E3BCCCA99D3CD40C9EBDF8
:10F86000006692BB880A8ABC3AAC483D92A481BD2E
:10F8700088291F3C0071F33C008D50BBE5F0813DB1
:10F8800045FC9C3C7749F0BC45D6293D1438A3BDC6
:10F890007E4B3E3DC9B404BD74218ABD39708BBD19
:10F8A000728EBABC72ED6A3D009933BAD16F3CBD1D
:10F8B000D0A2303C243837BD3C2E1DBD96E52E3DF0
:10F8C000F8891A3D5ED4D8BC55E5A93D8E5282BD5B
:10F8D00048879ABCDFC84B3C93A7A23D0A160F3E4F
:10F8E000B21D073D2E7A9FBDFF27CF3DC780E23D69
:10F8F000730DD53D993F23BDC2B2313E448F353E95
:10F90000737045BEAB332ABE80C4F53DA9869F38CF
:10F9100004330C3E9BD9033E2D89DD3D2D67073D09
:10F920003ACC773DC01D243CA254493DB056C3BCDF
:10F93000761ECABCC2076BBD8E4D443D8733A9BD40
:10F940004E07483E7BC9C73C1E5CC23D9F68283DB0
:10F950004A061C3CF70D573B54F50BBE92CE6FBECA
:10F96000E56BE4BE1250403DCD9BE1BDEC48493D06
:10F97000F474DD3E5843463E2CA75A3E119D9E3EF0
:10F980009D7F143E079EF0BD2B2201BE7AC2243E0D
:10F99000673C25BE563444BD9C4CF33C6A6C693DC3
:10F9A0000EDB4EBD5264163D7BD29C3C46270F3D7C
:10F9B0005F50C13C0E780BBD0B52BDBD09D527BDB4
:10F9C000EE3F0ABE6FCF2ABE8C7EAABE13063EBE95
:10F9D00048EA7C3D80D8A2BE3A2D83BE4FDB93BD62
:10F9E0009AB0133B1800F7BC5A7C363E44E7433EBE
:10F9F000FC43EDBDEF5E4D3C802AE03D4B6F55BEB4
:10FA0000076D39BE5A5EB63E96B2613ED41DC93C02
:10FA10001FC98BBD3D0B1CBD4BF084BE15CE82BEF5
:10FA200002579CBD47E4A8BDF9E43CBDBEFD98BEAD
:10FA30003764AEBEC0B896BE06B0C6BE1D7C6CBEF6
:10FA4000EE00ACBEA9FD9FBD322B07BD41C0833D7A
:10FA500061D94CBD56AC8EBEEC04D4BD4D934CBCAC
:10FA60005DF98E3D84BB933D1D1C98BD8B344B3E90
:10FA700055A1303E0120573E0D3889BEB582C8BE23
:10FA8000085793BD84C3853C8420F4BD4B679EBC5E
:10FA9000E9C93F3C15ACDC3EE06FF73D2E4DA03D83
:10FAA000331A543E3AA27D3E6840D4BBDE7F40BD4F
:10FAB00056761F3E972B0E3E77BB833DE82B633E69
:10FAC000AF8D353EA106A0BCF9EE0CBED1791BBEB0
:10FAD000230AC4BD6173683E7371DE3DCF76203E5C
:10FAE000D34D2F3EE71A92BE0EF7FCBDF0E486BE62
:10FAF00054B4BFBC4E86A63D99A5E63DD39B55BDEB
:10FB00005F0F16BE5C66383E292C143E1C84903E66
:10FB10001796773D9B8D0E3E2C52543E47B6423E83
:10FB2000DE262F3E58FED13D4BE028BDD0A8D03D6B
:10FB3000A1A4ED3DBBFC84BDD8C09CBDBAA453BDFF
:10FB40002F3B33BD8105953C3210633D1C68AD3DB4
:10FB50008134283E1424733D3206573D7F6424BE11
:10FB600025CA043DA0A0AC3C63EF9C3D4702013D8B
:10FB700090C81ABECEED49BDFA72E43C9B2F133EED
:10FB8000E8F6F0BDA1AF863DA35C513D4C91D73D59
:10FB900024E8393D1037303E105EA53C7F8381BD9F
:10FBA000923BB8BD1CD43F3E394EF43CEB21CE3DD8
:10FBB0009206393E4379693EFA93DB3E7140393E05
:10FBC00060056FBE73F687BEC18E683D23D317BE36
:10FBD00022A93BBDC08A2E3DBD5F36BEA206103EA7
:10FBE0008B1708BE793FFFBD5AA726BE50FFE43DE4
:10FBF0009D0717BEDEA720BC6D570E3DB78E49BDD1
:10FC0000F981F33D08CC753E5DBF733EC1D7043E1C
:10FC100077EAB93D520E843E04FB763ED5D93C3E90
:10FC2000BF8B3B3E9569FDBC5EEB803E0F6D793E20
:10FC3000A3E01D3DC0031ABEE062433E21153B3DDB
:10FC4000CB5297BC5036A8BC2935303E622AC13D04
:10FC5000B6094E3D291E30BE18634DBD7A8A9A3DC5
:10FC60000C5D1BBD7FFE55BDD2D0E6BD1CD216BEBD
:10FC7000AC4966BD3CD9473E916DFA3D9EADEE3D27
:10FC80006DE3B63D62E0963E3C815E3E1F5D0D3EFB
:10FC9000DA7CA43D586E7DBD27E03A3EF45A3E3CE6
:10FCA000B3D6193EDB1D84BC5EDAC63DED7E983EC0
:10FCB000940D8C39BB0ADC396292263E847C51BE9D
:10FCC000A23573BD52A97DBECBF91CBE74269FBC64
:10FCD00064214EBD2F15D1BD47340ABE7CF78BBEC3
:10FCE000AC94E1BE82DB04BE95A5A3BCA9B3013EE2
:10FCF0004AE2C7BCA7A8543DE52A393DC56D10BDF1
:10FD0000894D43BE7A9FA1BD54BFD9BDBD5150BEE0
:10FD1000F413043EC0AD123EA514973ED7D1CF3E9A
:10FD2000C3F517BD1646AC3D486FFABD6F587DBE92
:10FD3000275EA8BE6BD382BE8D35A3BD94A0603D67
:10FD400079CD06BD9D7C4ABE75803ABE2894BDBE65
:10FD5000B5861BBFD402E0BECEF7B8BD6DE956BE76
:10FD6000FE6B2CBE47F156BEE089AABE36D7A9BEAF
:10FD700046B9DDBE00AD2CBE81C947BEE7C563BE36
:10FD8000A88CB1BEAF7CB4BD27EE6EBE345F5D3EC5
:10FD9000505302BDF43A513DF0EA20BE1C1D14BE82
:10FDA00041C1D4BE9EE4B3BEAD16D9BEFD6219BE3C
:10FDB000D847F6BDD537ACBEE9134DBE9B3515BF50
:10FDC0001E3EEDBECE3F88BEB89A1CBD5E7302BE1D
:10FDD000F02133BEB7F77DBE8DE50ABE899FCABE4E
:10FDE0002779F8BEB27EB8BE62F78EBEC057AEBEEF
:10FDF0008730F1BE8EA8E23DA60B4A3D698D94BDC9
:10FE0000BA9261BDE05DD1BC64F05CBCBF1F28BE8E
:10FE100036BFE3BED2EAB9BE758EF0BE9B7AC1BED4
:10FE20006C60A7BE25E8D8BE07BCDFBEE3BDF4BE4C
:10FE3000F44EC1BEE4A2823CB99A533E57E6153E49
:10FE40005E9243BD7A36A8BD6A6C94BEDE4CB1BEEC
:10FE500059387EBEBAE03BBE5442BABEC2FB8FBE2A
:10FE600027871EBD9028003CEDF3DBBEBCA329BE56
:10FE700055EB9E3DFC0D0CBD229403BDF6E29CBAF1
:10FE8000FF428B3DF3DB1CBEC0E1C5BE6E78B1BE48
:10FE9000BE0FEEBEFC41CCBEB4D4E3BE853C1EBE5C
:10FEA000635D443EC97B8C3ED8F5923E7A6E403C01
:10FEB0005045093D960708BDB7BAE53C743D793D0C
:10FEC0008409E9BD73B2A6BD660C94BEE6926FBE0E
:10FED00013D6693E720145BD3796C63DA9FCAFBD3C
:10FEE000F17F5C3D6433B8BD50CB573CD5998CBD98
:10FEF0006B7ABA3D6B50D93DA38456BD9DC761BE98
:10FF0000AEBDAFBE51976ABECA39B9BD39CB4F3EFF
:10FF1000E79FA33E5A1EB83EA576BA3DC143AE3D0B
:10FF2000193D04BC8560E63DC1CC9F3E5849C7BD24
:10FF3000CDC504BDA299303D7D2544BEC654B7BD94
:10FF4000B24EAA3DB08016BF5A46AEBDB198973C9E
:10FF50008ADB3EBD5C0C64BE12D386BEAB08C3BD5B
:10FF6000C830AD3C7D3AEA3DED5DCD3C2D34CA3D17
:10FF700036B79B3D3DB1CC3D9714623D474A1A3E92
:10FF80001775AF3E4B798F3E3CD1273E8937E53C14
:10FF9000D0409C3D7C05063E7386803E81F2A13DAB
:10FFA0001080FA3DE74AE43DDCF29ABE9CC09EBE5A
:10FFB000C4B85DBE600625BFBCAA8BBE3000A2BE21
:10FFC000B88627BC835F103CB8D40CBE2014FEBD9D
:10FFD000B7FDADBD7A3E253EE35F993E51658E3E4D
:10FFE000214C4BBBE7D55B3E8DD2E13D4B982D3E7E
:10FFF00047BB973E14F25A3E40FAF13D4DCEEA3DE2
:020000040801F1
:10000000109C243EFFA7D53D4851673E99A31C3E56
:10001000E335363EC583F83D25E1CEBDFB810CBD01
:10002000C5F6C03EAE717E3E6843693EB73BCFBE6B
:1000300018F0653DE0C8333D806B8B3DEE3400BD6C
:10004000C60C70BD754A613DBEF236BCCF10B23EE3
:10005000F313693E4B89803DCBBF7D3D03C10F3E0D
:1000600039180B3EC321FA3DBABCAE3D97FBD5BC57
:10007000896BF33DE4393D3E0EB7063E7AB3543EFC
:10008000B0BECB3D2E48EBBD449E6B3DFF4A673C66
:10009000AFBD863EC6549A3E9122A93EF18CB13D39
:1000A00063A8163D110E45BE9CF3063E5EBBCFBD58
:1000B0000D74B63DDE1459BE9729923EE7A6853EE3
:1000C000020E2C3E591AA13DEC368B3BD6ED523E2A
:1000D000E9F1BE3D47D2EB3D0AE11D3D54F5CC3D73
:1000E000C855DF3D2844043EEECC13BC2454753C77
:1000F000B74FAEBDB424373D7E6D1D3EAA874E3E40
:1001000070B7C23EEDD6973E673849BE51F6103EF5
:10011000E087ACBC3E4DA8BEF7637A3EFBE89ABED2
:10012000343593BD2F06FD3DF4EA733E5DC9893E2B
:10013000BC8E7F3EE6EEC23DFE252FBD1813ED3D81
:1001400025B6DD3D1E7A4B3E8380C73D691A863D4C
:10015000DC20F8BDE223F53D31A0DABB8D1BDF3D8D
:100160001B6400BD1D55EC3DE101A03D1F0BE53DAD
:10017000E0F8833DA8BE253E250C1CBD320F673D2F
:10018000D209283CF0AAFEBDE6C5083EE67042BE94
:100190006E164D3E3A3A7C3EFA46E23D9262663D2C
:1001A000F43CE1BC5B920FBE509BB73CBE89203E45
:1001B000F8E2E73DF18BE93DCD1CBB3D1E042E3C32
:1001C000106D133E7B8A4CBDC6E7D3BD3BCE233DAD
:1001D000CCA4E33CB4C53C3ED66DDBBC3653B6BDC7
:1001E000703E30BD07AF6A3E856C823E8547A53DB7
:1001F000ED5895BDCD24F6BC671843BE7448E1BEEA
:100200001FB2A33E2EE3453E806C033D4062483C56
:10021000EBCC8C3DEA20ABBB1825023D5BE8883D6A
:10022000D06B133EE46286BB999F9BBDA2AACDBC56
:1002300028ECE73D88DEB2BDFD7DBABE879E15BDC8
:100240004F731FBE2A5717BEA444A3BB7E4B323C3C
:10025000B980893D41EC793E70F94F3E0430BFBC16
:10026000E6B53B3DD8C11BBD1B6867BD4161C7BE3C
:10027000285C953EEDABE43D8E12843D9ACA173B57
:10028000853C36BE74A1563D46D896BD6D7D58BDA1
:1002900042D108BC3B072A3D94C731BEE1DDCF3CCB
:1002A000ACEA263DD6F0E6BDC8FD00BF0729C0BDBB
:1002B000518586BE9E3FACBEC88A48BE5A4606BE21
:1002C000659C8BBD9EB3B23EEEAC223E129E5EBDDF
:1002D000FAA59FBD252D883D1FC2373E5D5346BE02
:1002E000E82FC53C7A9E0FBE928F10BDFC3A15BE1A
:1002F0004BF35EBE395F3D3D260A29BEF4CAC2BD3E
:10030000F9DEABBD5C24EFBD90F203BDF5FB49BD4A
:10031000CFE60FBEEA1E4F3D80D487BEBB1781BE1D
:100320008FA029BD918788BEEB9CB6BE152A1ABF47
:10033000C78798BE396106BE06894A3EAE2993BD7D
:1003400082636F3D433C883DFB346BBE2944833E52
:10035000D70E723D08ECF53DE5AD76BD65A284BDD6
:10036000EF7697BD01AC88BD1F2203BE595DB3BDBA
:10037000B3D33DBD4AD48BBEEEC2DEBD1CA14EBE82
:100380008FABC8BE16037DBEB8368EBE797424BE50
:100390001B6899BE534564BEE64FDCBDB4FD82BE0A
:1003A0006B5983BEB912B0BCB661C13DB8A75F3C02
:1003B000CD24AA3DD3BA95BD2E850B3DEA64E73B1B
:1003C0005C25FC3DC0921ABE9CA588BCC61EFF3EA3
:1003D0002652EA3EA5D8923E7AE9373EA66C03BE85
:1003E000BF14A1BDCA46CC3B616A2DBE1CB09CBEE9
:1003F0005887BEBEC30F11BE60A032BDDA8A003E70
:10040000041B96BEFA97ACBE123850BE2EE1E13CFA
:100410005A7A6A3DE798023E5FB195BDF82D27BC38
:10042000D17A913D2CFC54BD2D2EA43D2F59A33DD6
:100430006C8AED3CDA44EE3DAEB3413D00A4F7BD1D
:1004400005F6DABD283BF03DDC71BE3E6D321B3E49
:10045000042C3E3E9CED3D3E7024733DC3EE1C3E9D
:100460002FD4D03C4CC594BCDF79C4BD34A48C3DA2
:1004700088EDAEBC266832BE84309FBEC83D62BDEA
:1004800098AC3EBCEFD0A03DE832D83CD694C1BC7D
:1004900050C8603C77389B3D30ADA83B8845A3BD34
:1004A000E8A8183DFA695E3D302595BC587B41BCF3
:1004B00070AE28BDB09CAB3B23239C3DC3994BBD84
:1004C0003BA9EF3DCBDF4A3DF08AA3BC3E5F5EBD5A
:1004D000A6CDC6BCFEF27B3D66565ABD7E1F16BD3C
:1004E000F285203D8024323CC33C19BD85F69CBD7D
:1004F0008E2DACBD41731ABD28EB43BD096AA93DE1
:1005000091C246BDE0CBC5BB48FB123D84B1F4BCF3
:10051000F11130BD8DBFD33D1628973DF8A0D03DD9
:100520005D56E23D17C7383E6072883ECEC90F3E29
:1005300040D58C3EDCDBD73E952EA03E2E11AD3E45
:10054000DF7A563E2E68443E27AFA13E42FDBA3EBA
:1005500075B9F93E833DD03DCEC73E3EA837523EE9
:10056000D8D15FBC589987BC924D82BD1EB4783DEE
:10057000A0A674BD21A5A33D944DC73DACF8BE3ED9
:10058000F8C3C93E4AD2363D3E281E3E30EE033EF9
:10059000279AD43D4EAE62BC4023C83D5D4B8D3E94
:1005A000A88F873D3BBE2DBDF5B5A7BD73491B3D4B
:1005B00002D86B3EA14FDF3D07DF653EE38DAB3ECA
:1005C0007F8C363E1E8FCF3DEED0D23D27366EBC9F
:1005D0006CAE0CBEB4C00BBE865F2C3DD056233C27
:1005E00042B42EBDA087B23CB58CC43B85D1AF3E92
:1005F000D85BD93E0B32EB3D64ED9A3E77CB763E2D
:100600000C87AF3EEFB0AF3E1C7FA73E58A7933E8E
:1006100014A1693E27ADB03E99C2453E5F24823E9B
:10062000A98B5F3E78E2F03D5AC7A13D9D51B83D90
:100630009085713E09730F3E55E1103D95EA993E54
:100640006E7CD93D7BE259BE52F2A0BE41E98B3DA2
:10065000C0C7983C9ABF373C1805603EB364C53E9E
:10066000FBCE513EA2D38E3DF343DABCD4F0F4BAB4
:100670008D4A9E3ED68CDE3DF3F69B3E3997153E65
:1006800078511D3EB719A03DEE618F3D4564473E50
:10069000E718913E094AC53B84A3C43D66CE3F3E60
:1006A00001F7783E61C5353DE40CC13D0C89BFBD05
:1006B000B4F90EBDC03670BD9A1A5B3E51A2663EBB
:1006C0007830CB3CC21A91BDE2E7F13DBE5B763E8D
:1006D000CA150E3EEB3E68BC282174BDD9F2783DA8
:1006E0004067BB3DBFCB4BBD6DF9F3BDB3D908BE71
:1006F0001A45D13CACB71A3E5B523A3E46918D3D0D
:10070000C6D1BE3DD535E23D121EA1BD3816BE3D57
:10071000A5FB763D0BACA33D5085D4BC666FF8BD00
:10072000F738503DCEF4273E9E208F3E29F66E3E90
:100730009809A3BC598BDD3D9EE21BBE36A83EBD89
:10074000A33AEF3DE25EC3BC1A6706BCF1AF8C3B37
:10075000E53E5CBC9B01083D56EF00BD773513BDFF
:10076000AEE5C33DCEC3D83D56037DBCBCD9C33D29
:10077000B51D673DD1D010BE167D27BE65CC1EBD10
:10078000926DDFBD9BA102BEB692443D60F24B3E2E
:10079000E94EC03D6A13CD3D2E68D6BD9CF3313E77
:1007A000782F86BCEDE7B03E40DD49BE8BF221BE1E
:1007B000DF98573E5B7B0FBEBCF404BD9D5A323EB2
:1007C000F1E6FDBD0090A6BBCA057BBDAF48863DE6
:1007D0002451F63D7BFB343D538375BD78637E3DEC
:1007E000C13589BDB9043DBCD3B8063D59BB58BC21
:1007F000A7AA13BE001C0ABE53F320BD9C85653E0C
:10080000E13C26BC3CAF4AB88771BABD6E3B903E16
:100810009132813D5F31073EF2D7153DDF982E3E84
:1008200030D14F3D0E94023BA652733D3F65A43D2F
:10083000C84A42BE8BBD1DBC5020E2BCCC1115BEC7
:100840007B09B93DA93A873DD021A3BD10F6DA371F
:10085000D1061B3BBFB06FBCAF049EBD73B595BD49
:10086000B3F8F03DAA4410BDAFB9183EB7BE1C3E68
:10087000D4E774BD1F0B03BED65CB03CB30FBCBB4A
:10088000B61D843C66ADD43D8D37D0BDF2F5503EEB
:1008900099044B3CA2EE52BD36BE4F3C4AC7793D4F
:1008A000004CA3BD0F9C47BD343C90BDC37B46BEEE
:1008B00063CF30BE6B46CD3C897359BD5B9C51BE46
:1008C000FD4D2CBD23BCAABD48DADCBD04348EBC72
:1008D00047A826BC5259E03D0BF4103E7F6A963E75
:1008E000C295C2BD0E870D3E6F005ABD20EC1DBEE5
:1008F0008000803D133D423BCAE1B0BDF03E533E17
:100900004044853E3326A5BDB1894CBDEC62803D97
:10091000B87AF2BDD04F3FBDE272B5BD6946CCBDDD
:100920004A630ABEC12C013C94DCEFBB4CE02ABDFB
:100930000AF74A3CDFBF8E3D81EF11BC5B1741BD1A
:100940002D3C923D1244763D7FBDA03E255C833D0B
:100950004DE93CBE3602A3BED2AA29BE81736EBE4B
:10096000C17363BD78FDF1BB161CC93D23D5CF3ED5
:10097000534C323E7657B7BD31419DBD77B6573D9A
:10098000218419BE1CC789BB9CB7D8BD5543A5BDE2
:1009900096E8B7BD87F9353E2AF6833E7E81553D00
:1009A0002D22B5BDB24F26BD42B406BD862A58BD24
:1009B000E18B683CE075A13D3A3F0B3EBB8F05BE25
:1009C00063F75A3D779B1DBE7326B13E6ACF963EB4
:1009D00000A0BFB9011382BD2614C4BD7DBF963EE1
:1009E000B425473EF107BF39928FBC3B68A285BD55
:1009F000C69594BE3B1332BDA306CABD3514FEBDD9
:100A000000D0BC3D0AD0683E2EAF5F3E389649BC50
:100A1000B1D57B3C47A0FCBCE681A9BDE1EF98BD08
:100A2000EE1FB83D271A083E30C0C63D281B37BD13
:100A30009384613E06DE20BE200D0C3DD6EA533E77
:100A40005799923D282962BE0EAE343E7F4F1E3E1E
:100A5000BE2A78BCD75405BEEF54E73DF0F76FBE11
:100A6000EC61B5BD175544BE5A47CFBD7E54373CE7
:100A700050AB2B3E6E99783EA166F73D7CB03A3D77
:100A80001C9F0CBDE78602BDD0662B3D2BC94A3C9E
:100A9000F7C8EA3C877A8B3D70DD133E0545803D03
:100AA0007FCEE5BC6CACC13D9E45D6BDBADA6ABE10
:100AB000A6DBC8BC6C86B43D1EB04F3EFB7C37BD88
:100AC0004D8828BE1132F93CB623F93D07FD84BE9E
:100AD000F9617FBD94E002BE26F5A43DB84A2F3EE1
:100AE000CFF09B3E1E2F8A3E3BB4023E722E583DF5
:100AF000D4B028BEDDD02BBEB7301ABE46F7E0BD5D
:100B0000F4A4E9BD5EAA4D3D5764453BE3B1253EE3
:100B1000528D653E3AC84C3C3E69873DBF8F2DBE25
:100B200061B4F1BA553F5F3DDDEFBC3D96ACCBBD46
:100B3000A78E9BBD6A05A33D227098BC1FB6B1BDB0
:100B4000394CEDB983BD6EBCA2FC923DD145783ED7
:100B5000C82A903E5D0D9E3E4E408D3E96A8FF3BBE
:100B60004C1468BDA1A909BE0A5D0A3D0CC46BBD49
:100B7000B89D8EBC66B9A3BD80406DBD8180603ECE
:100B8000BE3C1E3EDB8E473EBFF1F9BE198EC7BC90
:100B90005287F83A7D05DC3D74EF0D3DC4F5F2BC9B
:100BA00003663F3C5894293CDC24D43DE52F9B3D13
:100BB0003F023ABB0447E53DD508143E6CCD933E59
:100BC00012C5363E7DBF293E716FD13DA9CF233D71
:100BD000BE06F43B1F387DBD9C1F3BBCFE5FF83D4D
:100BE000F84D75BE52920EBEE3B0BDB9C4558E3DF0
:100BF0002AD0533E419FE83DF4B286BE2A32C7BD9B
:100C00003C89143D543D433D81EF0EBE465983BDA2
:100C100058495B3E9FAC1F3E8301643D5A288A3D84
:100C2000F1E945BDDC0FF83B776C093E4B9E673E12
:100C3000BD58833DD4E7603E65EBE43CFFF09BBCD0
:100C4000E09094BC4BF1933B902F24BD1C84E73D76
:100C500084D00CBD88A8993D1DE1533EADBEC83E71
:100C6000DD5B903E0DECDBBD4AEDA1BDAFE0CE3DBE
:100C700038D672BE34E9A63BEABA7ABDB3C9C8BC5D
:100C8000EFDAC63D8AB1593D62CC803DF8D1B4BDA2
:100C9000612E9F3D7ED51D3DF999643E7E2B9E3C85
:100CA000E8B3713C96230FBD79C683BDE8E774BDF8
:100CB000DC2C673D9BB02D3D53E09ABDCA5D7F3B68
:100CC000AD8AA33DF018A7BB0A23953D6FBE8D3DAD
:100CD00030B2583DA391BDBC70CB8EBDA950A2BE11
:100CE0001267A03D323E263E36225ABD146A34BEFB
:100CF0007CC6093C38A52A3ECC5A413DA0D3983D3C
:100D000045BC0C3DB2AF773EE56ADD3D9B62F3BC6E
:100D10001BF0503C1ED0453802A1DABDC99BEABD8C
:100D20005B09423D0AAB753E7BD39F3D02505F3D60
:100D3000DEE4973D57BD12BCB675183D9AA806BDB6
:100D40001A6FAC3B4B9B89BEA5F889BE6AE586BE8F
:100D50002BA8943DBD5D8E3E93220FBE4ED83DBE66
:100D6000A92F6B3DEA0D0CBCEAB7E93C70656D3EFE
:100D70002FE36F3DE0BFC23DE13BFB3D5070F13DD5
:100D80007C80233EA6A7303E72DC4B3BCC31843DB9
:100D9000EC9410BE1799953DBFB2693E3993163E4B
:100DA000D1B3613E5754F53D6C2614BEEBAD6BBD1F
:100DB000113F41BE30098BBE8B2E8EBD028235BDE8
:100DC00002FD80BD8383C4BB701732BDCD6D3F3D36
:100DD000828BA3BCA6916BBECF46DE3DFFC7803E93
:100DE0006754743C8B9F363D85C32C3C18C94B3DE2
:100DF0009A8CFB3D2C67EC3D8266D53D0BC877BCD9
:100E000032E45DBDC524923DB7F1123D9E37D5BC9D
:100E1000181CB7BC5F0270BDC4F1973B94D58FBE60
:100E2000546AFEBEF5865BBEC7E5CBBD31FA923D86
:100E30005BDAC43C2919CEBC0E2794BD3FC590BDDA
:100E4000EE72313D7ED68D3D60DF393EA1ACC43DB2
:100E50008B63BD3CD4FF5F3D830387BC3556C53DE6
:100E6000A6C9F13DBDF42D3E72B3103EDE0F2E3EFD
:100E7000233D983D6723873DDBF0AABD83F69D3D6A
:100E8000D045963CAF3A89BDEBDC7FBD7DBB46BE0D
:100E9000B863A3BE800E41BE42907E3D6BB8153D47
:100EA0008A17353D0070B3BA19C7CC3DB3341DBEA7
:100EB000F2D2043EEB36993D4375AEBDA9442CBD3C
:100EC000817401BDF3E0BA3DCEEE2A3D2207AD3D6F
:100ED000EC52933D4A6E683E75CE113EC7C1EA3D65
:100EE000EF0AAD3D90F1003EEAABBABC26E5AF3C5F
:100EF000D170AD3C17C501BE0EB996BD502557BE89
:100F000006A8E9BEBB4CC8BDD7B2703CE2384BBDA9
:100F1000A279733D20CD5ABB65C7A3BBF8CA3E3E3C
:100F2000C8E799BD2BB134BE521004BE6D588BBEBC
:100F30000ADB8CBE9684F9BD43DFE8BD8CDF213E21
:100F40009037453E0685133E5208D1BB53951E3E51
:100F500032A4A23D62558DBD1E1A1EBE59A82FBED9
:100F6000FC64AFBDA423B8BC92A739BE54B4D1BEB3
:100F7000181A9ABE1A0580BEC55DA2BD9A2ECFBCB6
:100F80002F32AC3DE9C83BBDBE4120BE730AF9BD5E
:100F900094E9FEBDE64527BE3C1403BDACB8B7BE20
:100FA000120B58BEFFF6323CE575783D8A951EBEA1
:100FB0000D3BA7BDB37F13BEC64BB8BEE37554BE91
:100FC0000B140DBE1338D9BD1DDA83BE67C6F83CBD
:100FD000157100BE1C30EBBEB665F7BE6DF0B5BE38
:100FE000231BFCBDCD1C4DBEC4C571BD5A44DDBC28
:100FF000B6E32C3D1832543C66297A3DBF7D86BE4F
:101000001B24DBBE63F589BE3C141FBEEF78E2BE35
:10101000AE02EBBD293DB7BD0FEE963EF2D0793E54
:10102000B2BA25BEAC1C38BE832404BF03D894BE1C
:10103000C96850BD206A713E9D28293E606C9BBDE9
:1010400076C080BE842A8CBE95968ABE9B4C03BD1A
:10105000FAAD24BEAD43A53D72CCC2BC64FCFC3CE1
:101060000CAD8BBD9FA531BDFB21ABBD068975BD08
:10107000340B0A3E4FBF0D3E3AB8A3BB77511CBE9E
:10108000D2A9D8BDEAC5EABDE230ACBEBB41C8BEFC
:10109000989A7CBE6E5EA6BE158322BEC078EABD5D
:1010A000EB1A963C91A4BFBE6D2078BEA8FCEDBDA6
:1010B0003A993DBED7B264BCF3B196BDDAC34FBB1B
:1010C000305BDABBA5D9A2BD323087BD109516BD05
:1010D0006044C73BF46D91BCFF2587BD5905973D22
:1010E000DD19843D652794BD5EB75E3D5032763C88
:1010F000C0EB93BBD6B7323D7EFD303DC6CF9FBD22
:101100001061013E2E6F133E84D7B33DA3B2083D5C
:10111000D604A3BD6093473CCE594B3DECAF1ABDFE
:101120002082AC3BFAB6333DF22D9EBDC02E19BBDA
:1011300074C698BCCC5A8EBC9FAB08BDCD66993D99
:10114000DA8B773DD77A893D24E577BD8E00733DF4
:10115000092D7EBD9EEA063EBE12BF3D228C3D3E5D
:10116000D6194C3D43A0DA3C40E1053EC56B0C3E30
:10117000E2C5053D8C2FFB3D8ED039BCDDB12E3D47
:10118000EB04343E70A23F3E745EB43D0041543ED9
:101190004CD6B23E68BFF23D2020653DACD2573EF2
:1011A000542F9DBD328D3C3D9EA4553D896198BD17
:1011B0005A2D613D72AB3F3D8B2255BD918AF6BBE6
:1011C000FB4CA93D1E6DC53DFB80533E094B0D3EBA
:1011D00043CE9E3ECADC353E9D0D5B3E9F48DB3EC6
:1011E0009EB7FF3DC44C3BBB4C3C113E367FA33CFD
:1011F0003928903AF223CC3BE4114B3E1AB6C1BCDD
:10120000056FE93D8209E33DCF26273E085C443E59
:101210004738D93D0431C8BDE2DB633D658B6EBD07
:1012200070C4193CBE7657BD9864AFBCC3259C3EC4
:101230002D1C4B3EA5FBFA3DD441A63E11FD503E70
:10124000EB18983EC03A163E025E813EC4DF8E3EE9
:10125000954DDF3D8D45713DFC30613D47C34D3EB1
:1012600029F8CC3D9C1998BD95133E3D08A987BB34
:10127000D2C1353D8968683E8891EF3C472A6E3E71
:10128000F2206C3D32E096BE53D9433D4ECA9FBD1D
:101290007473953C6B0829BD07745F3E8606C83E93
:1012A00055E0023E0E33993E0777A13D1085F63D8D
:1012B0006522913EA975D83C1E91013EB67A2B3E1F
:1012C00087DE743C328BD2BCA85E013D791863BDC9
:1012D000E4208E3D2A1FDDBDD67449BEC4CB28BD97
:1012E000CD1BF73D25810C3D7F4D3ABEEFBFDA3C6B
:1012F00084179BBC0BD8A2BDBCCA903EFC34B83E40
:101300002285013DA6F17D3D40085E3E809EAA3CBF
:10131000560D7A3E7B51153EACEDF03CCA8F743EC3
:10132000BC6B623E1485DD3D1F31393D9D4F0E3D46
:1013300033C64A3DAF077E3D8AC4163EEDA8C7BB03
:10134000C508B23D341A943D19E5BFBDF442B33D22
:10135000D27EDB3DFDE529BD0B1926BE72ECA1BB9B
:1013600061655B3EC945443EC80D3F3E45CAA33E4C
:10137000EF7882BD0ED41E3EE23D98BA9A4DF83BFE
:10138000272B153DD39BAA3DC548F73CF83FAD3C04
:10139000BF4796BD374D2B3E82A0093DB69BD23D3F
:1013A0001280213E59913B3EA8AFE63DB0DB933D14
:1013B0007BEFE63CB2C4823D98A7DBBB4346583D79
:1013C0009F6591BDFCAE0CBE72F825BE71F814BCD1
:1013D0000D268F3DFB2D283EADFFCABDFB24853E6B
:1013E00091E24F3DE4CEC33E61952D3E5C000A3D47
:1013F000845A653DA319FABD95560DBD9E68253DDD
:10140000082A08BC7DC71F3D28B422BD5B140A3ED4
:101410002BDF153E6B05923DB96635BD996C0FBC4F
:101420001BC095BD1860303CB12D48BD9B799DBD5A
:10143000858039BDCE95C4BC0E26C5BD9895E1BD4D
:101440008410A0BC38925C3B89D8BABD94E78F3E2B
:10145000A090CA3CB45D703E9C5C143EC693083EAE
:10146000F459683DEF6B963D6B0406BEE5D80D3E22
:1014700004819C3DF6921A3BA40B623DFAC01C3ECF
:10148000FC2E313E875D0E3D600E73BB358A25BD57
:10149000CB7CA6BDA7A31FBD6AD9A0BDDAF9A13D2B
:1014A00059172EBDC17612BCD322823D02C0E03D49
:1014B00049E6D8BD3FA027BE56C01D3E80B78CBCB4
:1014C0009FBCD23CF016033E5D6D64BD986B503EF0
:1014D00049E7023E1381033E9203E43C5B111B3C4F
:1014E00091C8C23BD7FA38BC7958A9BD7D483BBCEE
:1014F0006FD2433DAA4524BD1853A03DABDF4E3CFF
:1015000076AB86BDF67CF03D64BA80BDBD44073E37
:1015100033B7B13D4745453E8774293E9A0D1B3D83
:10152000ED06FFBD7C18E23D06A3563EC16BA43E0E
:10153000D7B69C3CDD05E23C8E3F94BD5FEC2BBDF5
:1015400035D4A43D5CF1F7BCB6531A3EFF69DEBD4D
:10155000889703BE706C4ABD280DBDBC627AD23D2F
:10156000B19F17BD9716153D5B6CBFBD173187BD89
:10157000281F77BC3040ACBDBF94033D831D05BD23
:1015800080BE383EB220113B26CB30BD96F5AD3C37
:10159000BD3CC5BB20CEBFBD2046B53D573F333E09
:1015A000320A82BC8F12E23C35C3F13C6FFF853EAC
:1015B000B82EA63E895A713E1BBE28BDBAD703BDC0
:1015C000BCEB593C5BA3AEBB769785BDE3482E3D93
:1015D000236EE43CB51490BCAE99293D5075B33DE3
:1015E000B72808BDAC3953BDB6482CBDD2D6553A44
:1015F000820AFF3D78A04ABD48014A3D7E6005BE93
:10160000B82A95BD48EDCE3D28B1413E7E0A7F3EC9
:1016100058629ABB06E6833DA320DC3D64C8033EC6
:10162000757D1B3E94E1CE3D7CE9EEBDC3480CBD0B
:10163000179604BD1CD94E3C535353BD302EE4BC09
:101640000AF95BBCBC05963D3891DD3D4EE72B3D6C
:101650008DB3F83DB2DA103CF1B3AABDD24F7DBDD7
:101660000FB600BC61EC84BD4717223C75FDE1BD9F
:101670005E2004BDC177893ED2C2B13E1DE8903ED6
:10168000585217BED663093DC066543EABDDA53D3A
:10169000AC722ABE6E2360BD760ECABC18B02DBED9
:1016A000381D9DBC13D501BECD9B1DBD4B0B7C3D94
:1016B0009878083AC6970C3E68F9743E6F273F3E0B
:1016C0002D00733ED4BC98BDAE2ECEBB0793A8BBF5
:1016D00042C6A53DAC477E3D7F75EEBD2E7FFCBD6D
:1016E0006C67463DB4A61B3E1D71583E8B1F5D3E88
:1016F00051049DBD1177C13D87EC6C3E0CCD92BC71
:10170000D42019BEBEE611BEB6C90EBD8E629BBE08
:10171000EF3646BE50500BBE6170113D1F4E0E3D60
:1017200039E22C3DF504533E90D5093E993C933E59
:1017300077BB0C3E53AD25BD12E1F1BD45AF2BBDCE
:101740008E0F92BDDBDB8DBCB1861BBE1B11463DEF
:10175000BD9F47BEE83E8FBDC439A83E2E291B3D24
:101760004E14DEBC360B153DD83FA93D6DE3F6BDEA
:10177000191C79BE65A44ABD47B18B3C1E065EBEEE
:10178000FF4A6CBEA3A7B4BD68CFA5BD385DA53D1B
:101790006BB24BBC499F573E8F63613EBBA5703E09
:1017A000795ADB3C2DE6913D7991EABCA927EBBC47
:1017B0003585DC3B0FF51A3DB8D7FBBCD6AA813D79
:1017C000572AFCBC8C549C3D385F62BE6BE6233EBE
:1017D00035801C3CD5951C3E1834443E19C8003C4D
:1017E000F9EA1ABE2EE8613D7F31D73A8C632DBDF0
:1017F0005638B5BDEEF8B03CCCA1883DCDDBDD3D23
:10180000B61CB33C9F751D3EBE5D9F3EDF7CBA3D5E
:10181000D8AA463D4ECED73C1CE21B3D0A27C93D07
:101820005F3A88BDA3C8FB3D2A62073E977CD13D45
:101830005834253CAA219D3D431EB73D7B9DA6BE45
:1018400058C80FBC51D9753D89B5513D4A3FBEBD01
:10185000F795043DDAA5B23DFB63D33C13A40FBE5C
:10186000D91025BCE546C0BD6BFBC5BD7CDAB9BD52
:10187000915EC23DE708B73EA08EA53DB003DC3DBA
:1018800085AFA53CD9FEBB3DFC85CE3CAFF773BC14
:1018900027EF48BD5683D53D9B789F3D0B817E3D0C
:1018A000017ED33DADF5103EA2900B3ED79684BE8F
:1018B000B4CD243E5C7A4F3D39FAC03D144F433DD0
:1018C000E78F67BD50A9963D44B3F3BC2FEBB6BD7F
:1018D0007A2814BE189314BDDBEDAABB91CC51BD80
:1018E0005CDD8A3DA3F0693ECC786F3B2454103E0A
:1018F00059B6253C0647243E4888E7BC5AE65EBDFB
:10190000EC9C8D3D1EC935BD0363073CD268F8BD14
:10191000C6BBCBBDD812633D1592493E364002BED0
:101920002162403D29DC3FBE1E6B0B3E3D39C7BDE9
:1019300087ECFEBCD7F9163DF9D762BD27CA2C3D0E
:101940009505D1BA9A02EF3C44AB2C3E018A1DBDED
:1019500071C8E23D9EE76C3D2B5C633D2B08B2BC39
:1019600066178C3D2F22343E5E91823DB14AC63DC2
:1019700029CC90BD5B13FDBCE2C43FBE420CBD3D13
:10198000D397683D8E0C4CBEEBCF18BD446C06BEA1
:101990003082773C0CF2EFBD21D59C3C30ABAABD28
:1019A000AE0F69BDF7F8E2BBEC2EC2BD93675F3E98
:1019B0009CD3E43DAC58143C0763523D23F02C3DCE
:1019C000A6DFA13CACAB303E761DBA3DA931DC3D73
:1019D000D66C18BEA94921BE43FD26BD256F30BD7A
:1019E000955911BD415C203DF19B08BEDF5A8FBC6B
:1019F000383468BDBB7335BE3BBF65BEF200813D68
:101A0000D140253DAECAF53DAC04CD3DCA5B42BDDB
:101A1000AB638EBD60DAA1BECC1DB43C44973A3EA8
:101A2000E9681B3DD0C8C9BC3337093EFAB0B73DA1
:101A3000AABB233E764E2C3E0393DC3D5E69CBBBB6
:101A40003F3C3FBD184F8C3D24F76B3D976104BD73
:101A5000A870F4BDEFD46FBE58D71EBE94175DBEFC
:101A6000927137BE7A358CBEBF28C9BE08428BBC86
:101A70006E0E6ABDF8CD99BC2ACC5E3EB56F3CBEF9
:101A8000D1C92A3EBF6693BCEC991ABE7DFBED3DE1
:101A900033022ABDAB98A43D574E153E16F2A53D24
:101AA00097FF533E14309D3DFFD178BCF82E0C3D7E
:101AB000AE693BBD5BA03E3C7C16B8BC8FE741BD28
:101AC0004ED1B1BCF48E1CBEDA3A3DBEFC19C9BE83
:101AD00076963BBEF93BA1BEF610D0BE3AC4B2BD6D
:101AE000609073BCAC06EDBC34A4A83C43E1B3BD2C
:101AF0009BF9E73D6F910E3EF128083D4060B4BD73
:101B00006B313DBE6714E1BDD00469BDC7797BBAB6
:101B10005C8D48BC6FC3473B6A9237BEE5ABE03C87
:101B20002530393D7D5476BD3793D43D7840463DD0
:101B30003D58A53D1BF06BBE0FFD12BD0C1E7CBEBB
:101B400037BF233DD1AD17BE72169CBE2687103D10
:101B5000481D77BD42D1043D4F7F803EB07BA83EFB
:101B600050A83D3EB8A21D3EB2735C3E24A7803D06
:101B7000A090B1BD6A615FBEDADC6DBDC0E8D03D4A
:101B8000116CE33BFC31623DAFC0D13D14D516BCB6
:101B900052CBA93D9D15353DDC4599BEC5446BBE74
:101BA000B4FBAABDF6BF6EBE450EB3BE8B1801BF17
:101BB000DE117ABE75A923BD153F75BD5CB29DBD12
:101BC0007729A4BDCC2E8FBD968236BD0AE16EBCAE
:101BD0008D138A3EB654B13ED85D153E0724E53DCF
:101BE000E082023EED30153E569D933E83E8023E74
:101BF000AF45CA3E3070293EF2DEB03D5CB4993D3F
:101C0000CD8EB83D691AFA3C1B69403D01E1E33DC8
:101C100086928ABB7D094CBE2ED596BEE1AFC6BE6C
:101C2000061BD5BD7C5AB5BD1E74C53DE63A68BDE0
:101C3000B5B68C3D89EF41BD7077EF3B086405BEBA
:101C4000A434EBBD99F814BEA1CE863D5375073D73
:101C5000677D303E9748483E9FA4A83D144A303ED9
:101C60008472B03DE112963E3AA98FBAC990A1BDE7
:101C7000075C933D1231983DAB4F4C3E90BE783E91
:101C800057E186BC210662BE226F5ABE3B81063DEB
:101C900028835EBD5094F13D8050FB3BE956963D54
:101CA0002C5BA7BC45709A3DB3170EBD60C9053DBE
:101CB00031D7993D2D9D1D3DBA54003E239299BDCB
:101CC000815ABBBBDDB2A3BDA650873CEE05003DEB
:101CD000026900BDE1AE433E1576343E733C62BD01
:101CE000BF91B3BCC7D43F3E1825D9BDB334D4BDD2
:101CF000BEA218BD82744ABE2F76A2BD0330823DBB
:101D0000A01DA43C9901ABBD0EDC643DB86E1C3C2B
:101D1000C06C5FBB05D04FBD007A4DBBC86E2FBCF9
:101D20007977A4BD794870BD30F1D23C0E547C3D2A
:101D30005D6345BD7059333CDB32823DCB48A0BD6D
:101D40004C29E83D7EBAB73BB69762BC6DCC3DBC32
:101D5000A0BE2B3BB49282BD6E4B793D48E0AD3CBA
:101D6000409554BBDC9FBBBCDE089ABDB1E81CBDEE
:101D700008648FBDA4BC90BDC2D0313D84EE893CC7
:101D800086572E3DC6F095BDDA83703D723A333DDD
:101D9000E8BFBF3C383E47BC6D112C3EC06C593E7D
:101DA0005E68B73DE5E0F43D93BE1C3E5D9A1B3D89
:101DB0006EF0643D3033F43D519349BEFF0E63BE77
:101DC000D0831DBE8A3DA6BDCA35503ECD5FD13EF3
:101DD0003802F43E18EABF3EC3A5553E68A95D3EF1
:101DE000A9B7A53DF82D0D3C804752BAD29037BD1A
:101DF00080BFEDBB3B2F86BD5C62753DD17B88BE4D
:101E000023CD69BEE5614C3E50D3073E40F4593EB8
:101E1000E335AB3E8757633EDDE4FD3D0AAF903EC0
:101E2000DEBF313E1CE3E2BDD4D5503EA71B193EB8
:101E30002735603ED4C70C3F5B01863E6226E03DFD
:101E400025D791BC7AAE893D3BFBAA3EF84AD93DE5
:101E5000947FA9BB22AA6A3C009CFC39C058FBBBFA
:101E6000C0734E3CB05A493C1812DC3DCD928CBE3A
:101E7000794A7FBD5092ACBB2271A73E383DB33E3C
:101E8000CC816B3E1AA101BD911297BD97D7BD3D84
:101E90007A4C22BD0B448A3DE524D03EDB79D23E0C
:101EA00075BA5F3EEADCD3BB5A7200BE4969043E94
:101EB0006CD9BD3C7B7600BCF1531ABE9BD787BD65
:101EC000D41F493C9BB345BE591C923E585509BD91
:101ED000F9CCA53D4A7B703D5A9271BD95295A3E79
:101EE000151A2D3EA1B1C23D224CCD3E1D49193ED1
:101EF0004D84E3BC7E14D7BCDC6DE23D7EA152BEB6
:101F00006E869CBC4DF59D3D0267BD3DC1C148BB81
:101F10004A4896BDE8E2A7BCC87DBABD1181D53D4F
:101F20000DE3C03C73D382BC5DF7BABDE60BE23E65
:101F300065CAE03E81ECDF3DD6FCABBC8F32833E10
:101F400020DC813C5F6323BDA08493BDBB998FBD22
:101F5000FB5121BB06BEB6BDCE5B49BD1A84A73D71
:101F6000C393733EB99AA73D14A4EA3D88C22EBE1E
:101F7000F6DEB63D59F007BE3249F63B1D0800BEFD
:101F8000B8DA5E3D596FFA3D4A8C9C3C687606BED5
:101F9000A8B0B3BD39D11BBE9CE3A93CA7350C3F0B
:101FA0009712FB3ED484FD3CCCF7583EB0E0423E55
:101FB000609CF0BC62877EBCC5A0763EFA9F183E4E
:101FC0002690A33E23629A3EEBCB2E3E332BC9BB19
:101FD0007B9B453DCEDA073EBD942ABECA4453BE24
:101FE0002EEC52BDFC7F90BC30952CBE63DEB0BDA4
:101FF000230CACBD212B9DBEEC899EBE15BA45BEFF
:1020000014C3FCBDC4E487BED7329DBE296751BD51
:10201000E76D9C3E91C8A53D161A663E1615713EA9
:10202000401E3B3BBE37893E7220433E2378B73E7D
:10203000A9677A3E0EFBD43E94CAE9BCD2ABC8BDB8
:1020400057240FBD0CB27ABDF87A29BEA585E63CAF
:10205000DB3F4EBE75CEE9BD5CB9863C014E5DBE30
:10206000627333BED3FF8ABE49E19FBE22A6E7BE9C
:1020700058F1B1BE0629A7BE9AE7C9BE56E196BE81
:10208000F95B3A3E86DE843E3538CF3ED2FA2F3EAB
:1020900046692F3D8CEA9B3EFDC5B23EE08EF23D87
:1020A0007ECFB53E50110D3E3D4FDA3D9464CEBC1F
:1020B000FB817E3C87465D3B91202FBE94E255BE5E
:1020C000942B93BE84F471BEE694A0BEE85291BEF8
:1020D00098A0AEBE75BA7FBE73C2A2BE0F8491BE79
:1020E0006A0575BDB2AB62BE33FB21BE33F298BD4B
:1020F0002D88EB3DF69AF23EF902F83C273A09BEEC
:10210000950166BD1EE9803E6CBD033E9F35ADBCAA
:102110008005EC3DFF72FE3DFE27E2BD026915BE63
:102120003869213CE6DD03BEE2B15DBE6622A23C19
:102130000CBCEFBD6A6EAEBEE6A938BE2FB050BE75
:1021400069EA53BEC2F98CBD3E4189BDD65E75BDFC
:10215000C36EB73D31996ABDA617AABD98F72FBDCA
:102160002511EABD9E963F3DFC864F3EF596A43E66
:102170008404143DD188EB3CEF96FBBD7D3115BD49
:1021800056649ABD906554BC65FA2EBD22D76B3D4E
:10219000E51355BD373E6FBDDF9E41BEBB23A83D55
:1021A000F097253E07C2013EC5E4CE3D47B90C3E3F
:1021B0003469B5BC628A953D4253C13D890C8B3D63
:1021C0007D9779BD7940753DB61B2ABD334270BD00
:1021D0005B972C3E2FB2C33B27C8273DCDE3E73D9D
:1021E000C8F8033DC1E7E53D101B1EBEA3D9733BF4
:1021F000FF8A533CCD4CB93DFD7440BD38DA24BE56
:102200003766B23D0442123D5E95E83C03BECB3DCD
:102210002E677F3D5A1A1E3D6BC2703EDF20683E1E
:102220004B25EE3DF0A017BE42F58D3CFB5A0C3E0F
:1022300068CEF7BCDF5260BB53A16C3D6CE4B6BD09
:10224000E41B8CBD97F2C1BD292899BEB24EEF3D6B
:102250006962873D78332A3ECC3E42BEA7E4173DF3
:10226000217520BE50514EBE2338A7BD86C1973D73
:1022700069556A3EEC84FB3D94E1543EEACA693EEE
:102280008C016B3E4CA97E3EA8FB4A3E59C96B3E71
:1022900097253E3E4929BE3D3E4DD73D0C72153E29
:1022A000570D343E350436BD8136723E7E22083DE0
:1022B0000F19243D445F953E0F4E1D3DCB4D553EBD
:1022C000121924BEACC6C93CF15F543EDC82C23D4B
:1022D000F612B2BE779165BC1104933D43C5D93A5D
:1022E000ABB4363E20795D3ED9DF753ECE79DE3D1A
:1022F000B660133D52179C3D1084903D5B4D173ED8
:10230000C8943C3EADCFE43D84658D3E2DB33E3E4A
:102310003583333E8C39363E6095373D1010C43DD1
:102320005524863EF5A7ACBDD53F573BCAEA41BD13
:10233000B8BBD23BBEAB9E3DDAF59F3DD1990D3E79
:10234000E5E219BE8E20A03D1603513D7EF67E3D8E
:10235000E0072B3E6CDA0B3E1B7A893CA656C33D48
:102360001365903D22E9833DA1F3DEBB0E6B953DE5
:10237000125B333E48259C3D2BE2253E44EE073E52
:10238000980ACA3D5B30803EA15D343EE263213E47
:1023900022FE73BCC0083DBD158CE2BE6CFD14BEB0
:1023A000660336BD88912C3C6D2FCFBD2624203E80
:1023B000B8B648BE4D69BC3C4E81DE3D928A143EA3
:1023C0009DACEB3D8F8F9A3BA1E1A8BDC28B973DA1
:1023D000A69A053EAADD843D245EE43DC1EEC93DDA
:1023E000BD4D0E3EAAC7203EE831383E3CF17F3E4F
:1023F0003A33363E3164CB3EC417F93DFF22143EDA
:102400005BC034BE2FCE883D603978BE462B08BEF7
:102410001C73E7BC777360BD70B353BE29A16F3ED8
:102420005B7973BD55A9213E2C4F58BCDA6C033E35
:1024300065F0293D0AC16DBC8127A3BCFBED373E89
:10244000B25D0FBD6C6DE73C52459F3DCF07433EEB
:10245000C47FAFBBE3ADCABBABC58B3D7146723E1B
:102460000BC40C3E6F45383E0266953D0ABC013EEA
:1024700087819EBC2046F63D87254ABE2E8789BEB1
:10248000D06B9CBDDFCA343DEF21013EA18FF63DEC
:1024900093C6E63DD00D2D3D7FF8153E69A4383D2D
:1024A0003FDD9A3C808E7C3DE397B6BD76B4E73D38
:1024B0008CE24EBE8F71A7BCDE367EBDC2850E3D5E
:1024C000A8FF30BD1D19A83D712F423E4D533D3D23
:1024D000A2540F3E2D88A23EB55B373E532FEB3DF5
:1024E0001F07043E13F7633EFF3928BD804C9ABE98
:1024F000B5B8BABEDD2881BD07C195BC6979303E4B
:10250000EE3DA0BD7602513E94D39F3D1E932B3DE0
:1025100021392E3C3F85DE3CF3492C3D128D9DBD7B
:102520000C4CF53D52092A3E0D8DF23BABBFB8BDB8
:10253000F30402BD986C02BD385CC1BD3A6365BD51
:102540002F2935BE8269BF3D8E92ABBD7015483DC7
:10255000D38DA0BC0B4333BE538FE9BCF54BC4BD38
:1025600070A1E2BD555339BE59CF093E4E6B5A3E5C
:10257000E517EC3B4167173B6FD0B2BC3CD02ABE9D
:10258000DEBA513D5EFD3E3D40D3FD3D895F103ECC
:10259000B7DFEB3D8B2C23BE128E57BC42C0D7BC9D
:1025A000F2A397BDF836663BFC08BCBDBB258FBEC9
:1025B000CA38D3BED4424FBE6DE12DBEAA3454BE3C
:1025C000770E70BE55CE13BE07AE6EBE769004BEBB
:1025D00008AC9D3C3FC998BEE4F18B3D0D7483BDB2
:1025E000097E2FBEC494A8BD153CAE3CB27FA13D70
:1025F000A954A73DCE95963D0760253E434BBDBCF3
:102600007F2D60BD296CA93B563478BBC371F4BBE8
:10261000964EB73DDEE9913D11EDD0BDFFC8BDBE80
:10262000F0EA67BEC839FFBD60388FBE52B67EBEC5
:102630000A3CAEBE9BC76EBE0E6A63BE4C91983C10
:10264000104780BD6ECC913DB74D733DE31CCABDB4
:10265000C43CA6BE5CB3B0BECE7373BEB53C833D76
:102660007D2E4A3C87F2293D3E5016BC4277D73D2D
:1026700074ABF9BC6BEE393DE46DAF3D671E4D3C6C
:1026800051FE753D8ABCCD3DC248953DE7D7F9BDA9
:10269000DA6809BE22B076BE2B69F8BD691B06BE9A
:1026A000170557BE536824BE1949BB3EC625A6BDB3
:1026B000A0BF26BD409CAABABB6C9BBC1FA70DBE89
:1026C0005797B4BE5BC100BF0D2D08BFAAD5003D12
:1026D00090D82AB9DFB0283EF73F333D9749EB3C0D
:1026E000BA46C73C705BF1BDDFC412BEE31BC03D00
:1026F000E2C1C33CE34766BD346447BE4467963DD0
:10270000705E7CBE8E0980BE118AA0BE782843BE52
:10271000C3AEB4BEC274FCBD2CC6B73E0CB86C3D93
:102720003EA29FBD5FAE86BD9B1E0BBD12350B3E0C
:10273000DAA93CBD191DA6BEE17F23BEA846A0BCF8
:10274000DE29163DA037083EFE51303DE1BD97BB66
:102750005DAEE1BC6074853CE2128FBC895075BEF1
:10276000AF3A5EBEBAE162BE978A81BE2F5A12BEF0
:1027700016BE34BE2807A3BDD160EBBDE8ADA9BE2F
:10278000075CB5BE9EEDC6BDD13C823E48D496BC2A
:10279000CEDB6A3DC0FE153D83C02B3D3858813DE0
:1027A00008E787BE9E04A0BC8291903D3BE6F9BD40
:1027B00096F7D7BC4C76063E79048A3DBBDE173DC2
:1027C00064963DBB646C933C20F6ED3D7CF73BBECC
:1027D000AE52A9BBAA6511BE3C5918BEF6941FBEE5
:1027E000484609BE2A65623ECBBA393E94E4A5BC90
:1027F000BFD730BE25B52E3E72A3FABDA850F93C16
:1028000064E8A0BD705B93BBCE3291BD5A2F61BD11
:102810005A72B5BE0D43B5BEB31274BE68057FBE15
:10282000ACFFB7BEF7079BBE720998BDF57B23BB13
:1028300034E1B23CA0B800BE72472ABD7D845EBDC3
:1028400035B19C3B79E584BC4EDAA13CC34DABBDB0
:10285000BBE0B73C9CBC453E4C9C9D3E2A3A673E43
:10286000146C1CBD8D8431BE08EEB83C00DF093A03
:10287000DCFDA6BD80B9B13CA6A9443D0E9711BDB3
:10288000E0DF31BE5E76B3BB56AD84BD2FFAFABE33
:10289000614ECBBDB82F13BE258531BE113E9ABE09
:1028A000374FDEBDCA84C5BDB230E4BED3784EBE5C
:1028B000C203593DCF308EBEA6E3A1BEA8C0A0BEC4
:1028C0004B74B2BEFC5278BE9FDC20BE8D23A0BEEE
:1028D00054E289BE8069243D377BA43DF53354BD65
:1028E000DEA1553D80FE523BECFCB2BCCC00A0BC4E
:1028F000AA46623D08B9243E221248BE36E6E3BD30
:102900006DAEE2BD736B90BE303B74BEB2B4A3BE7D
:10291000A87F97BE241C48BE9F5ED5BE8AD8D7BE6E
:10292000FE22C5BEBF078ABE4C96D4BD57A9A63DA0
:1029300018563D3E1C50A53EEE69893E1EFD743E74
:1029400098AE22BC2EDD683D72B441BD044599BDF0
:1029500039C9A63D7CB49E3CC80231BC020D0D3D78
:10296000E4FDA5BC2DBC843D6A2E3FBD86DCD7BCF2
:10297000C0931D3C00930CBD8D398B3D93EE52BD31
:102980009FE8CEBD91456EBD461BB9BC86FACC3BD7
:10299000D64C2A3D47FF39BD77F707BD86AC28BD29
:1029A000EEB986BD7A5C7B3D84008A3C2A30D0BC7F
:1029B000E80519BCD2286A3D1BCCA03D3412A73CC7
:1029C0008075C03B2D0B8C3D0012CEBAB8D5FFBC34
:1029D0004B8515BD611F183D751A7FBE8D9A13BEBC
:1029E0007798D0BC39C87EBD0B6721BCC38CBCBDF9
:1029F0008CE25EBEB87041BE280A64BE329049BE09
:102A00005F94A4BD398D35BDDC7E5FBDA744C7BED4
:102A1000F03A04BF839BCDBE9B0292BE1DB15CBE4B
:102A2000B8DDC0BCC8830D3DDE6C4E3D292E1BBDFC
:102A3000CC4E9BBDB4B03EBDDEDE843D85B410BE41
:102A40001D61A0BD538363BC90167CBDD45B83BD68
:102A50004393833E7C00BA3ED83C933EEE58773E8B
:102A6000DB3FB33E61A7DD3D1A829A3E982DA8BD9B
:102A700097893BBED07EE43D0963E33D953928BE8E
:102A8000D32D99BD5DEA073EC09411BE60377B3EF1
:102A9000C2C05F3EEA61173D92F1263DB8FB20BC03
:102AA00050C0D2BC3A16783D55D19E3DE12553BE6B
:102AB000EA983FBDE801AABDFFC1BDBDF27D74BD6E
:102AC000F3E0C73CB8329ABDADB34EBDFF5AE03D0E
:102AD0006CC5073E75BA673D8A4A433EEF041F3E08
:102AE0001D36483E07928BBCC37CBBBD9CF67F3E27
:102AF0007DC8A23D170C443E173DC83D74CB43BE74
:102B00006086C7BDB4B96A3E4BBD3D3E431D9EBD08
:102B100096E9C7BC8AED5D3B384151BE09D7A0BEDE
:102B20005A405BBDA2D4A4BD7D037A3E4FAB7CBCB2
:102B30000DED08BE2718C33CB6BA0E3EB3D2913E87
:102B400047F6393EE50B893ECEE32F3E071F163E82
:102B5000C1F37F3D5E6291BD44CD02BDF3A2213E33
:102B600019792C3E1583DB3DE8B7A6BD8D38203E94
:102B70000106603E21ADD13E47EEF33D5226383E80
:102B80009623533DEA234BBDB4503939DF861ABE34
:102B900012CC23BD8E32C93DC0831E3E37B237BD35
:102BA000894598BD6E00943CABC4A63D0C675B3E66
:102BB00011874E3EF64D90BCD141713D14FA58BC80
:102BC0009794483EF037113E24DD543E0AD80A3E21
:102BD000D9770E3EA0693C3DC3355D3AAD0ABB3D99
:102BE000EFDF4E3DF4F7163E9994413EACBD373EC3
:102BF00046A5383D2C4BD73DFF8DC7BB30C11DBC12
:102C0000E8EF613D3B70273E9562D33D13758DBC67
:102C1000A2D2AA3D125CD93B2DC207BECC6B4CBEE2
:102C200065A79BBD5FB031BEA38C26BE6912B53DC2
:102C3000ED7EB43D25B3223D98A2DD3D4252763D66
:102C400023CE053C1D6262BE6B11BCBE7011CD3C33
:102C50001BC183BD5C2D74BCBBBC893DC12BA0BE18
:102C6000AC6E1A3D09DDF03CD61917BEEB95B7BE28
:102C70002141DA38AA9C9EBDB090333EB8C985BCCC
:102C800084E2A03CA90034BE82F511BEA20023BE9E
:102C9000209768BE740F61BE8E88ADBC91A6783D4A
:102CA000E5660C3ED779193D1E461FBEDEDDF6BD3A
:102CB000DA6EBFBC58612BBE67022CBE2885B1BE40
:102CC000234527BEDEB6283C78B04EBE973A67BE95
:102CD0001413DA3CE6DCBEBC9C9224BEC368E4BE9E
:102CE000BE8ADEBE748410BE443A14BE309C94BECC
:102CF000A1AA14BEE1CC593D569507BC7EF1FDBD9D
:102D000061D3C3BE41A45DBE40A58FBCFC44243E3C
:102D1000ABE0E63D687E823DE5DA28BE55E825BE9B
:102D2000EC1BB1BDE11FA3BE249750BE30885EBE30
:102D30002761A0BDB63A963DF4BB20BE3F22E1BD5F
:102D40000C19C43CE3FF8EBC602A05BC6DF6233E23
:102D50003AE4DEBD6B064DBE6CFEAEBED11BCBBDF4
:102D60007CEFF2BD38AF1FBE5392E4BDBA9136BEC0
:102D700035932DBE3778D1BDF0FB6ABE4036CA3DD3
:102D8000EFA3F83D9B3809BE11BB1DBE53FD24BE09
:102D9000723FB5BDEEDD80BE9762BCBDB5B681BEEB
:102DA000CFD60DBEC56A0ABEE85D423DCF18443D90
:102DB000671A4DBDF8A31C3DF46858BDF15B66BDB4
:102DC00096DAB9BD21C871BBB5FB6BBE8017ACBD2F
:102DD0007C829FBDB38E79BD27FD59BD916509BE2B
:102DE000ADED83BED7FFB6BEE78D7CBE5A93B43B34
:102DF00048508F3D58D6A1BD019AE3BD74B880BE3E
:102E000066EB4ABEC013283DFBB9553DC2DBA4BDED
:102E10005082703E2CCFB43E80C7533EF0A327BDF6
:102E200008279ABC63155D3B6D678DBED2BBC3BDE1
:102E3000DF4BA4BE50D2EF3D42AB43BEEBBAE2BD86
:102E4000C868E63DD46E4BBAE2C721BE8E636FBE42
:102E5000EB84BABECB4EC0BE167F47BEB04231BE79
:102E60004F15BC3D03DC9EBD2F9039BED4C0A4BD20
:102E70005430C0BDB0C4CBBD2B5C89BD547B3EBEBD
:102E80007B7D52BDB819AB3C58E5B0BE1C0D19BED8
:102E9000C07B41BBCADA1A3E50A8CCBDC9301CBCAD
:102EA0007A2F24BE1B93AEBCA82D16BE63F521BE9F
:102EB0009D390ABDE9A51CBE07BC0B3D310507BE07
:102EC0001D47A8BDF789003EF645F2BC85F04BBE14
:102ED000BD12083EC672AEBDEC4D18BE73F095BB78
:102EE000B4815A3D475C49BEDAF6D03C78B29ABE0E
:102EF00017862BBD46B6A53D03B136BE5562A1BDB2
:102F00008A6009BEC1EFA03DBE7946BED8AAC9BC41
:102F10002EE87CBE302E4BBDF451A13D8A66B7BD74
:102F200035F636BEB272EBBDBE38AA3D0EF8003E95
:102F300001EB9B3E5FCE723E72312EBCC71572BD57
:102F4000ED8D493D7A2DC0BDBA443ABE2475513D40
:102F50000DB6ADBC9AEF473C7B12CDBD7AD335BCE4
:102F6000A7A74A3EA734C83DE983D13CC2F21D3E23
:102F700017E36F3C6767ABBD719B2EBE4099FD3D6B
:102F8000D040F13D1DB4BB3D4058113E60F82E3D90
:102F900049502EBDEE22043ED66F023EFE177E3E05
:102FA0000748D23EAB752F3ED2C9E53D638A323D1C
:102FB0004B68253EE87D1C3C33633B3DAAB3353D61
:102FC000E0A5FABD8D58C7BDC0A4CDBD12AE033E6D
:102FD000516E873EBE37933E0DD4193F3DDD2F3EE7
:102FE00047A7EA3C9A2894BD0CA2E1BC94B4DF3E0A
:102FF00048D5393D8A362D3ECCA0523E1BDF963E49
:10300000C314933D4EB4EE3D294E173EC6CFFB3D53
:1030100050728F3E7FFC773EFB44F53D8D2B0E3E7C
:1030200019A5013E48F8203EC1887B3DA2C5FA3D66
:10303000FA05ACBCB978AFBB3204E2BA8229A23B34
:103040006CD2833E3B20313E86E4BF3E73DB393E8B
:1030500083D5923D5B3924BEE033F5BDBE08CF3E3B
:10306000F1692B3EBD09A13E6C9AB53E7848C03E41
:10307000C4FD4D3E43B8133EA3E4223ECDF1563D80
:10308000C148093EE64DA83DF242023EF2B65F3E1F
:103090004F038E3E03967B3E15C3903DC290403E4B
:1030A0004C75C93D9EE1CD3E4CC41ABD5E46A2BDE5
:1030B00090506C3D7790903EEDBCDC3E2238293E2E
:1030C000B39E8B3D972363BE80CB243E78A39C3E6A
:1030D000FE1AA03EECAF813E5D89B83E541B803E97
:1030E00017AA853EBA3B763E8C144C3E9CD280BCDF
:1030F000E2F0A3BD7B2959BD18A872BCD8BF1E3E03
:1031000031818D3D5525AFBD0C955B3D7CEA90BC72
:10311000ECF4493E8E2C8B3E0DACB93CDE39F5BD4E
:1031200025B86CBDD18F1F3E2D8901BC8168C63D7D
:103130001596A4BDAC4109BE46D9EE3D25DEA53E9F
:10314000C2F1353E9B8FC73E75CFA03E20221A3E6E
:103150009B295A3E1CBB003E494D3CBD699390BD26
:10316000FA0DFB3CFE801C3D28F70D3E55D892BC65
:10317000AF1C1A3E7B75FABC6B03353EF8B7843D35
:1031800050EDE33D666D443E3CDAB9BC272006BEF7
:103190008F7B08BDD48E8E3D13D691BE9BC68A3ED2
:1031A0007E1D863B0F1F94BE9B3C433E4A5E7BBC0C
:1031B000DCC3AB3DFE061C3E17BD5C3E4D2FB83D4B
:1031C00025CCAC3C91FBAD3C2A7E403D64B29BBD1E
:1031D000242EF2BDFFF6893C18FB133D802C873C62
:1031E0004212753D3FFD5B3D9556213E162A12BEAB
:1031F000523AF83DF804153DACC6A33DD33045BD69
:103200006E06C3BD176B633EC985433E335C843E87
:103210001471A63CDCD985BE15241E3EF19D433EAB
:1032200037FEC9BD2A07D33D31B6103D000C253EFF
:10323000E741003EE5DD93BC36DA37BDB1E3B93D89
:10324000653312BD311E53BD909F00BEF24EB9BC16
:103250002171043E0F0A2C3DF3B52BBD0FB5B63BD3
:103260001A0D7FBDF1A4B03DDFF71D3C7FA02BBE42
:103270001AA834BE5456C0BDAAF64CBD992F863D3F
:10328000385FD93CD8D60B3E8F99783D0332A53DA7
:103290004761E1BD9BB9F9BC3EC034BC6162A53C4D
:1032A000C65D04BE5E0384BCE109EEBDB13DE5BD73
:1032B00096E094BD4AAC3CBD6830BEBDD1465B3C97
:1032C0005CE3303D764749BC20B56FBD127E3D3E84
:1032D00028D87C3DC1B3C03D6ADEE43CC24824BD71
:1032E0008D0C99BE04C8FC3D95DF823E0F6747BD3B
:1032F00083EE303DA60020BCF225213E3780293EDA
:1033000074115EBEBBBC34BE043825BED1C138BE0C
:10331000C59B66BE8419C9BD2892DEBD104399BD08
:10332000BCF301BED25251BDABEB6FBD4551C23DA6
:10333000466B1A3D916BD2BD5F21A9BD0C33423E55
:10334000F2DAC03C1894C73D053636BD320A1CBEC1
:10335000F2740CBE5976633D9A3989BC40F2953DB2
:1033600060489B3C442084BD70DF643EDD8AD83DCC
:10337000FC81213ED4297A3BC1927FBE02DF15BE7B
:10338000C4585FBDB3DBE1BB377E9F3CBDF0623B01
:103390009D6A103E4DFA9CBCDE6E28BDE93973BDB6
:1033A0001F85DABD01662EBEC9A3C8BD57CDD3BDEA
:1033B000C0DAC6BC60B57DBC2C441ABEDBB0A7BE6B
:1033C000460482BE0DA825BDC512A9BD406AA43A17
:1033D00038303BBD1093E63CEE3D74BDCC9C58BEEE
:1033E0009FAC0ABE191EA5BD0B1764BECF106FBDE2
:1033F000F8CA143EB8FD3CBD1265B8BEEB95B2BE2E
:10340000796A66BE547109BEBC16F4BDE47731BE5C
:1034100039109EBDA716683D837382BD176EE6BD49
:103420003CD1E0BD8B07AC3D0B7FD3BEE23B9EBEE3
:103430005ADDC7BDA2891A3E3CC2D13DDBA7853DFE
:10344000F01631BDA866DA3C2F6BAE3CFC3BE3BC0A
:103450006A61363CFDF7D2BD35B0A8BD5053A4BD5E
:1034600026813FBE474752BA2E1A15BEDD050C3ED7
:10347000D6CE95BECD9965BEED779CBDD37436BED4
:10348000C0CA2EBE38D55ABD0B0430BEF5FA7BBE7D
:103490006161E1BD94A9EFBCDC340A3E12C6B33CC5
:1034A000F5070CBED2C6653D5FACB23DF1269D3D31
:1034B0004A97793D6EC885BDF8FC78BC5FC03CBDBD
:1034C000E294F0BDE414A1BE2BFAA4BEF274A23CB7
:1034D00022AA243BE14930BCB5A2AE3D35E24E3EC6
:1034E000884F16BFA00CF5BD37B58FBEB6A0BBB8D0
:1034F00072A035BE3A26D4BDDEA8D43D084B59BED5
:10350000BAF9D0BEDC0CA1BE3FC685BE38AFB7BE8F
:10351000828971BE2AC72BBD8086DC3C806669BC6F
:10352000CB299CBDEEA10FBD5D5886BD78021B3C2A
:103530006009E83C493035BD9002CBBD0E7AFABC3B
:10354000669506BE7711AFBDD7BB8EBDFC489CBD4E
:103550004ACB17BD214F8CBE0E0197BE812512BEEE
:10356000BBE142BE222A89BED4D00EBE4CF008BDBB
:10357000F007B0BD71C202BE0485D8BD38CD453C50
:10358000323FFFBCC8FA5EBCD26D5F3D5CE5973C44
:10359000546C123DFB7C993DE1088ABDF465B0BCDA
:1035A00077FE833D05BF8D3D36FD213D6176A63D0D
:1035B00076863C3DD0B9ED3B0045E93B823F153D69
:1035C0005AF3ACBC61DB69BDCC063DBCBFCABCBD17
:1035D0005C98D2BCA01188BCD05DFBBBEB25A53D9F
:1035E0003B74A43D9880ABBCBCBD093D205426BDB6
:1035F00000D8B9BA401A133C61FA9A3DF2AB4B3D80
:103600002EA412BD3E2A433D16537FBDE0CA91BB96
:10361000C746E9BC7649DBBDC32CF0BD353E2EBEA6
:10362000F900A8BDB76CE9BD5B8E07BE7E408EBEBB
:103630009D8BA3BEAD37C0BEDF3E56BE65CA83BEFE
:103640005E7B45BED9C725BE893EE8BDF9E08FBE89
:10365000E558AEBE54F2CABD82D981BD8AD8DBBD61
:10366000F95B853D982AE0BCB5B9953D3EC0DBBC11
:10367000B9FC893D8682FEBC5AE7A8BC5822ACBE84
:1036800022C4A1BEE84547BDAC6C82BD153271BEF7
:1036900011431CBEE16E2ABE8AD1D5BEACDF1ABF73
:1036A000197930BE03D59DBD9B50D2BDD566CBBD2B
:1036B0009ACD8DBE7E06B53DAF2482BB3C23D1BEE4
:1036C00095A1BFBE890DFABD533E91BC2CE307BE48
:1036D000B5BD61BEFAF474BDF04E25BC4A09703D1B
:1036E000D39F12BD70E99BBB11C5A43C48768DBE2B
:1036F000AA27E1BE9B4C8ABECE69D9BE93E1DEBE4D
:10370000F67EDDBE46472BBF3F98EDBE4209ADBEFB
:10371000C5EDCCBE430E7BBE84CE093E3A73183E47
:10372000EC951C3E0DFB8E3C70E354BDD108123E5F
:103730000689233ED8E7933E9F131D3E6C21843EAD
:10374000655DA0BE6675E8BE15D983BE301D8D3C93
:103750004C559BBC5C3F9E3D64FCFD3D32711F3E61
:10376000E81EB93D6483823BD5CD70BE7746BFBEAF
:1037700087FD9CBE8D1051BE70DE8CBDF8BCB7BD00
:1037800043F9B2BC1EA71BBDF5FBD03D9916293EDF
:10379000D784203EE771993D20A7E23DA1030E3E6C
:1037A0006C485A3ECE44AA3E88E3B83E1A168A3E7A
:1037B000D394A33EF7C4963E8762BD3E3B7F633DF4
:1037C000A239BDBC08130EBD39E55A3D6AF47E3EF0
:1037D000C340833DA35ED5BED5D184BE4938843C69
:1037E000FD5F22BE521DB73BBEE6273DAB41CF3D3C
:1037F000F49C113E564A603D04668A3E31CA1F3E23
:103800003767413E6DB6883E22EFF73D2E90233E4E
:10381000CEB3533E87A1033E8FACDB3D378DE73DF2
:1038200035983F3EC12C973E1E0A9B3D56E4B93C5D
:1038300000DA6A3BF1F2FE3A7E9202BEB4FF123D1C
:10384000E2730E3E9CE7C6BD6301FA3B0723BFBC93
:10385000AEF28A3CCC36A53D88EEACBDA61219BEB0
:10386000C3001C3B7FA62FBD36BB8EBD0573F33D49
:10387000DCA3863D34451E3E66CD8DBD1123B53D8E
:10388000BEE4C2BCB8E920BD28B50B3E0B04663EC1
:103890006060163E14DB6B3EE1FFF93D0E70183E92
:1038A000F2E0163C1985CABDCFA238BDDFD9053E6E
:1038B00015CF963EAFAB263E8015333C874003BE06
:1038C0008F15F3BC07838FBD4D06D1BD00163FBDDC
:1038D000BA62F4BB8F704E3C2CC764BDA274F53D38
:1038E00091E7B93BA03F66BDAF171ABC1A32A13BA6
:1038F000AA47C23CD9B371BDCEE8E0BB95FB713E8F
:10390000028FE93C9AF8543CC54E983EB216983B5B
:103910004AF5953CD41A69BEA8E1233EB8FA5F3E49
:10392000D760003E84B852BC1C3E7F3DAB01FA3DDF
:10393000D49FC13C7B6D953C03723ABE03DF3EBC15
:1039400099B204BD2EAECCBC92BB0FBD62DFCE3DA2
:10395000FB00133E86393F3D67951D3DEAA31FBD21
:1039600061E189BC38B7CC3C23CFB6BD8DDA123CBF
:10397000C1F1D13D3B7D543EBDA3AC3EFFA4F33D20
:10398000026F98BD22910EBE0E8C913DFE21ADBC02
:10399000957871BDDD286BBDED7BEA3DA50FDCBDE3
:1039A00089300BBD321103BD03545DBED71FA7BDC7
:1039B0003B160CBE55FE29BDB0A6263C41B7F93DCD
:1039C00086CAC83D6BB4403B7C351E3DBAA6023E5C
:1039D000C833223DAE8B1A3E040104BD3A86DA3D5F
:1039E00094A454BD47935A3EACE6263EA608B4BE06
:1039F00085589E3DAE0802BECAD499BD37A6F3BB1A
:103A00002A179FBCAD8800BE1E8FE8BB773572BDFC
:103A10006EDF293C2B0733BB2FAEC1BDF7EFCEBC09
:103A2000EC4EE33CD61A60BD87C945BDB72A17BE28
:103A30008720943C4F528D3D3DFB9E3DB7638A3DB0
:103A4000A04803BDF2F9C4BD3B5580BCB127C83DB9
:103A5000EB1567BD1BEEB6BD3DF16ABE448171BE7C
:103A60002F989ABD908345BD137A87BCB39A903D39
:103A700019AB0DBDD11F223D2937A63D82047F3DE4
:103A8000E3F0F93DEA70843D408346BDEB3CF7BB73
:103A900077F6453E1FB601BD67A5D3BD1517B4BD6A
:103AA000CC032FBD539CB33D295E4FBD80D8E53D6F
:103AB00085E7443CDB9B9D3C76B84A3BF1623CBDCC
:103AC00034A1E7BBC4E40B3E7262933E0C5175BE59
:103AD0008D5D5ABDDD09ADBC26C1EBBD7C29DE3D47
:103AE000F23A763CFA0AC33D5892853C6B8AC43B55
:103AF0001732E73C6B4105BDF2487C3D840ED3BBD9
:103B000053661B3E3813023EEE1A38BE8B3C70BD26
:103B1000627703BBBF95503C062B093DCF770B3E28
:103B20009A07813DF4C6BF3DBF66073DE7F8883D73
:103B3000E08A123ED30B25BE02218FBE8FBCE7BEAA
:103B40004FC621BEF3A1563DD94B89BEA817763D7D
:103B500004FE02BE086B3C3D0C09933D188356BC25
:103B6000286F4A3D924BF83DEC762ABCA46B283E68
:103B70009B22193E6815DB3DA5702FBDC39E223EDA
:103B80009FADD6BD5D23CF3DF0A601BBD368233EDC
:103B9000D503193E52013CBD0D2ED73D25B69DBC27
:103BA000114737BED82552BE351663BEFE630CBB27
:103BB000F915B2BDA0185ABCBAEE8EBED9BD84BEEE
:103BC0007BD1EEBD4F45183E685ABEBA19B6B83D16
:103BD000E5EE893D6FAAFB3D60690A3D07808F3D98
:103BE000D28B0F3EBB95913D2CB0A93D3468843CEF
:103BF000F5FBCA3D8651203EBBC313BD8CD2293B89
:103C0000E9DB48BD615448BDCF7538BEFC7FF7BDC8
:103C10001DEF6CBE54091B3D10BBE1BED6170DBD98
:103C20001D819DBC6E94123E57F538BDA188163E8D
:103C3000244885BD82A366BD2BA9D73DACC1F53C08
:103C4000D292AF3D87CADA3CB984CC3D05F8033E39
:103C50004A3B1E3D2019CD3D709E6B3DEE7E0D3ED4
:103C60003D58013E542EF83D6C43DEBC7CB3A9BDEB
:103C7000C4FEC4BDDAE566BDD453013E14D12C3D6B
:103C80007DE167BE3BA1993D5F7167BD26E173BED3
:103C900064BA41BC82691F3E7B87173DE19E4CBCE4
:103CA000937332BEAC58A3BDF697973D990E85BD70
:103CB000B201BF3C27E80F3E9DC5453EF7F55B3D91
:103CC0001F0C963D545DB93D47F2DF3D41D20B3E9E
:103CD0009F25E33D148B143E8BEE893D760C873C8B
:103CE0005042473D88C173BDC1EA0ABC4D2DADBCF1
:103CF000D09754BDAA03313DE7AC27BECF2548BBC2
:103D0000A016873CBBBC7DBCE652C33D95C39B3C23
:103D10004494EBBC322FADBDBB2AAE3D7148053E8D
:103D20007D76E7BC9BB5A23DD9F7543B4424503C7B
:103D3000A789B8BCD444FD3D9949943C7A6A67BCD4
:103D4000C0952B3EB2D5CE3D3E2A083EBBF1A7BC66
:103D5000B455A9BD2E2E743CD88D7ABDDD9AA93DEF
:103D6000A45B0CBEF4DEEEBEEC744BBE0B983BBE07
:103D7000FB2E72BE746FB5BDCCA18DBD85E1333E07
:103D8000E4BFDCBD9E7F1CBDAE75123EDE2DAC3D9A
:103D90002A92893D3FE2E63C4116963CCE52C03D18
:103DA00040F22D3EABB53E3D2A21CA3BCC3ED0BCB5
:103DB0003370513D63F6E73B93780F3D937A653D51
:103DC00034EC213E5A4BF43DF8C1C1BD9F91BBBBC1
:103DD000BE08053E070E1FBFA5818FBE851B06BE10
:103DE0004D74813D0C2A0B3BACB994BE254F353E3A
:103DF000A89C153EA377BA3DAD830DBD6809A2BD51
:103E00008833BD3DE7872C3D9431823D7F8C943DC6
:103E1000B3033ABDFC4B823C158F38BD7528C63DB7
:103E20009E08F63D6AE8B73D52F8853D88C8A33C38
:103E3000BB59EE3CE8BFBEBB16D9FBBD634DB3BD5D
:103E4000807E65BEC3310ABF111AA8BD34E988BEA1
:103E50007055B83C1E424EBD54104EBEC3F0843D5A
:103E6000A9CFA83B1496E7BD2DCCD53D2DDF9F3DB6
:103E70008D20FA3CEB9019BDF9DE0ABE3FD01DBE85
:103E80009A94D6BDB2FA0FBED5ACDCBD5C5C243EC4
:103E9000990DAE3DD42A053E3DDA0A3E8A37153EDD
:103EA000076C633D09BAB63DE4AE09BE3EAE5A3D6D
:103EB000636E90BE597FB7BE5465ABBDA165093D29
:103EC0001C756E3CAFE288BCF04187BDA6D4A2BD94
:103ED0000DFD3ABEB5BED33D14E9EC3D356C1C3D3D
:103EE0009E87953D7ECE03BD8374DDBD8B06933CDE
:103EF000DB4522BD848ADCBCC63DA53DE27A20BC00
:103F0000FE96F83CDB3DB13DACE85B3D8A36483E71
:103F10006AA2953D7EECB53D3B6FB83DFE8A0D3DF6
:103F200039D95EBEDBEAC5BEFE80BDBE4E2A733DFA
:103F3000E2B316BDA2B670BD398E7B3C2CD0913D4C
:103F40006950E4BD618A1ABDBDFC0DBEB2BA8E3D9A
:103F50006B2883BD7464BBBD5AF813BECDEEBE3D65
:103F6000AAA1013DD1468A3D5D93B8BB6B4F263D6A
:103F7000A90C193DAB56A9BCDF8BB63CFED5CD3D97
:103F8000B1C36FBD4FCB723E81CB923E19A4F33DBE
:103F9000CCEFDA3D6BF524BEF5AA60BEDAB7EA3C99
:103FA000FBD1A53DA048133D238A4C3DB3288F3A51
:103FB000D4748DBC940CA9BDF63432BE66C420BD49
:103FC00007A0963D088102BECDA668BCA9D636BD25
:103FD000AD687E3D710EB73D82D4313EBD79763CF1
:103FE000F498BE3D215ECA3DF394833E60C0053E19
:103FF00002A3193E6827753E85331C3ED02C8C3EAB
:1040000039F955BD7BFE69BE918D19BE8B657EBDAC
:1040100012D5403DB46FDC3C91FDF7BDD731C4BC37
:1040200096E71DBE0C2169BE1AE4B9BDCD5B863D85
:10403000E822D43CF9465D3D8149B53DD4483D3E3A
:1040400031E33D3E0557463EEC760A3E007A32BDEE
:104050002AE5F23DF80B19BE7E439B3D91A2EB3C55
:10406000AB23753D5DF6BEBDFFD9C73D17C268BD28
:10407000B92A9CBEEB575B3D9796E5BDAE3B65BD4F
:104080006E425C3DC001683CFBAB9A3D3807A0BE68
:10409000D420D3BE0E6EA6BED3BA2CBD746CE2BDC6
:1040A000DB2BCBBD1D42313CBD94673E5DF0A33D93
:1040B000BF0187BD8CEB1F3E3C7DBD3D79A5913D89
:1040C0001181403DF237D13CC376B43C4AA329BEAE
:1040D000DC39BE3C6A0937BD8E6CFCBD1018C5BD0D
:1040E000C171AABE876D60BD91F533BE0CB5BA3CF7
:1040F0006074093B913913BDF96C96BDC20F313E16
:104100006232103E0CD64FBE8C339CBEB821E4BD4B
:1041100051B48BBDC99D07BED3B98ABD0291963DEE
:10412000FCFA0A3C5DA932BEB01AE7BDD10269BEF5
:104130003171CCBD37F780BC363EB1BD567F12BF62
:1041400081C6A3BE4BB4C6BD6173A2BEAED3463B0F
:10415000625F5F3BC4C58DBCA74D85BD264E9ABD31
:10416000909736BD18ED91BCDF4D38BDA6F098BDD7
:104170006061843C446F8FBCFB3D43BE3D5624BD13
:10418000EA3132BECB0A18BD219421BE24633CBE65
:10419000690187BDF3AC31BE1E15CABE4ED61F3CA9
:1041A00078E1DBBD104E0FBECE5113BE17C83ABE2C
:1041B00008ED05BD768F06BE6BF7C3BD317785BEB2
:1041C000DFA4923D60E4093C0B74A53D4977973D1F
:1041D000FBD6963D1C23A1BC202E74BBC5679A3D1F
:1041E00021EB8D3D5434A9BD506CCF3B107762BCA0
:1041F0006AE65F3DC0569DBAA09A163B4C86A2BDAA
:104200000DD44FBCC5A3E1BDB98974BD38312C3B79
:104210000FF91DBD74009FBC873E46BD0C505DBDAF
:1042200000F72A3AD4B8E0BC2E1E73BDD8B0E83CE3
:1042300019D6923DF62661BDEF2E963DCCE7833C24
:10424000C0EAA6BC8350813D00E046BBE01EF53CC1
:10425000489E643C6B6954BDF63F4B3D7912F7BBF9
:10426000452BD33CDD7342BD62F816BD7381B43D6E
:1042700001467D3DFEF04ABD47CA8ABD07CCB1BDAF
:104280006F9503BE63DE2EBDF538813DC185AEBDA1
:10429000CB70B3BDE2D71EBEC8BF5CBD34097FBEC4
:1042A0001436DABC007A9EBA457513BDEB24903DF6
:1042B000150724BDEBE6A6BDC266283D15C82BBE7A
:1042C00084AB90BE8D24023ECCA91FBD80C0923D20
:1042D0009C45BDBD961686BE9B37B0BDF9BCCABD18
:1042E000D01BA13D34E0EF3DB07C273CA431E4BDC0
:1042F0008F7C4EBE340706BD66F6B9BC087589BE14
:1043000085FB9BBE4FAE57BE437722BE434F06BED2
:104310003F91B3BD2248E2BDC87F1EBC1969AA3DCA
:104320009E836A3D6EB31C3D8DD9A2BC592109BE46
:10433000FCB66BBE68B8973D0391D4BB93363BBEC9
:104340004F4772BED859023E313ADBBEB2A2BEBE62
:1043500030921FBE0734113EEDD6513E8253263DAA
:10436000771C7EBD484799BC0BC19E3D5B4791BC05
:1043700025C413BEF2170A3E20874E3E945B883E4A
:10438000E99407BD8BDDDE3BDB9381BE90E0433CCF
:10439000A009603C0001573C3EF8BEBD917603BECB
:1043A000CC7A3C3ECB30C0BDDB710FBE8B16A5BEB8
:1043B000AF4A05BF723F83BE36E091BE7DA5BDBD4D
:1043C00005310ABA830E633EE19D903E0C0162BD49
:1043D0007FA31ABE4CF800BE43CE4ABD826434BDF2
:1043E000024439BD9B2CBC3EE475D83EB967863E7D
:1043F000115EAA3E7B71C93EBC34BE3E66F09CBDD8
:104400007A2B413D3E7196BD57AE1CBEF47027BD60
:10441000C6B5763EC87408BE24DB18BEDF8BE3BE8B
:1044200059CC75BE96AF843CD6773DBC3C61C33C4D
:10443000562EF63D23304A3E74CD313E38BC66BD23
:10444000F1A73ABD2357CBBCD51F61BDD852C6BB1F
:10445000BDE40D3E90EEF83D5344293ECC7337BE8B
:104460000827593D19ABAA3E3BFB4B3EA109E0BDD5
:10447000E089DC3C517948BD99325C3E674B4D3D4B
:104480001F44AA3DA18F39BE8071F3BE7D967ABECE
:10449000E4711ABE02444FBD368DEC3D667E113E7E
:1044A0003BA2903E80AB633E05E8073E605E35BDB3
:1044B00054DB6BBE544E2ABE88F38DBE09DAE53D4F
:1044C000BB8A463D86DD103D6A7BE53DF25ED83D08
:1044D0002DAC4B3CD4C0273EA1B4293EC06E883DD4
:1044E0001A4E613D1B23EBBDD1405F3EA3E01EBED3
:1044F0008D0105BDA132A9BE01EDAEBE6BC0A5BE4A
:10450000F84B95BECC9CF63C0E2F433E7BAE5B3EFB
:1045100050AC243E4F8A793E1D97643D44BD25BD75
:104520009C2A96BEFC4990BD50481EBD7E4DF8BDEC
:104530002C15EB3912E4093D84C20B3E50834D3EED
:10454000F48AFABC16074F3D797F783EF448493C1F
:10455000F33455BD99E10C3EC4ED1ABE000E79BD91
:10456000D6411EBE98A002BF52E588BEABC687BE2C
:1045700034744EBEEB70053D139DDABC9227553E58
:10458000601F8F3E5DC26B3EDDE86BBB933C86BD1A
:10459000E28301BEC985563D5391983CDE25E5BDB9
:1045A0009EC7C03DE1ADB73D491AE2BC3D5E0F3D3F
:1045B0007E334F3EAD103B3EE39DD93E86D6053E51
:1045C000D0E18FBCEC379C3EB644DD3D6D936CBEB4
:1045D00036B885BED34FE4BEBEEB53BE2B77AEBE1E
:1045E00066075FBEDC4721BE434D13BE4F46053E06
:1045F000F086003E9EB31C3E6698203C470CEFBD03
:104600005D471DBE89C23CBDEEE9C83DC20BB73D4A
:10461000F11405BA14B78A3ECDFB54BD8D8E713EA0
:104620005FCE883EBAD5093FDE08BD3EDA1699BE98
:10463000C6AA583D64329C3D927D7A3D4F462BBEC2
:10464000A07A3A3EEBF19EBED5F7B3BE5C6391BC57
:10465000046EF73CC21813BE2DA168BDCB1719BC60
:104660002197F63DE595283E0D5F993C02366CBDDD
:104670009A3A45BEF88EF73D309D5D3E1AB8AB3B89
:10468000EB99283E8E49403E1F93373E14D1D83DCA
:10469000C098163ECCE9FBBDC813E33DC031C4BD94
:1046A00068A9E8BCB91A1ABD95924DBE070096BD1F
:1046B000135A8EBEC87DC2BEB4BFE0BD83CB603D81
:1046C000A3B55EBEAC2B06BEF9D1A9BD492C36BD43
:1046D00024D2113E3926B23EF22C563EC83521BEB8
:1046E00018D842BEB4AEF43D509B2A3D6FADC73DD5
:1046F0006535B73CAE36903D4EF6613EE8318A3EB8
:104700009CB7B03E40E1BFBD9E06813E8D12583E33
:1047100030B9BEBB6DBFFCBB434198BE87C2B5BCC0
:1047200075CC85BEE9DE17BE4ADFBFBD675099BDB7
:10473000617F43BEB8D3BBBDC10532BE0ADF5AB9E3
:104740000516083E988E583E5905AFBC270785BD13
:10475000DD318EBCBDE3033E50B7F73DB901493DA5
:104760004C7EADBCEB3B5D3E5CBD543E399D8E3E08
:104770000386053FEBFE1BBCD00345BE8292E0BC26
:10478000362D47BDC73364BD8017803D6BE796BDAE
:10479000EAE501BE4629F7BB32DDF0BCFD724ABE38
:1047A000132A25BD297AA93DC63B093E1831263E6C
:1047B00060EB113E04CCE63C9E4E17BE14056F3DE7
:1047C000D82D073EE68F023E8AE6263D0A3DE13CB3
:1047D0000931673E9E86783D1EF9983DB4F9053E45
:1047E0005C96D03C3E157F3D60DC3ABE17990EBE0C
:1047F000C2BA333D175C3CBE04B3CCBC2863A8BD31
:10480000DCFF27BE64C2BBBD87EA1BBE6B5430BE53
:104810001425A3BCBEE3823DEBDD983E3173653EBB
:104820003B922A3E18294E3BD0F8F0BD2AA8953B72
:104830004EA4DEBC5ECBFE3D151240BD58E52DBE3C
:10484000A29B8BBA640F983D4D7B3E3D8896753C8C
:10485000B19A9EBD8D85963DBE5702BF69F102BEDD
:10486000523CC13CAACDA7BDA49180BEA8A5A23E42
:10487000E14B0CBE2BBF25BEF4B767BE432015BD70
:10488000D3509ABA95BAD53DFDE05D3EB9B9313DF8
:10489000EDDABE3D1FB6B2BD2B7BA8BD80F55F3DF6
:1048A000AC74C9BDAEE59D3DE696433C528D92BDCC
:1048B000823E9EBC9E7016BD781433BD8F2C1CBEEC
:1048C000C31584BD7267A4BC282744BF490A3CBDF8
:1048D00080B71CBD485E95BE688A92BE9DFDCA3DEC
:1048E0008A5644BD524E22BE21413C3E04C709BEF9
:1048F0002BBC5F3DD24311BD343D9D3DA695A93DE6
:10490000AD4A3D3ED39ECBBC7A8EF2BDE26508BE79
:10491000E0B35FBE783DA83C3931ABBD0A5E9FBCB9
:10492000860AC8BCA785023E011508BD666CD7BDC6
:10493000B54471BEFCDC9ABE416203BF0C2F9ABE27
:1049400038FB2BBC583E76BED9ABD2BE6BED16BE43
:10495000C119423E4F49083E0624343ED7FF043E6B
:104960002962CCBBC5011A3EDD672D3D57632C3E45
:1049700022ED293D37B318BE486F31BDA0DA16BE0F
:10498000B6D786BE874C20BE3C5109BC440A8D3D3B
:104990008900443DA3B4923DDC9F82BD9FBA193D7E
:1049A0001341F43D54C91F3D0D21FDBDAD1238BE6C
:1049B000247C84BE243963BD8CACEBBE10CEBFBE5C
:1049C000743CD03D780AAE3D3E97383ED1190F3E3B
:1049D0003D70DF3D22EF483E2AF6193EEB13443E80
:1049E00024BBCB3D4606A6BE77305ABE37FD71BE0E
:1049F00038B1BABD7A78AEBCBCD0C0BD33A014BE4D
:104A0000FB0D73BCB66D94BBE34C63BEED902B3EC7
:104A10002E79B03EE09433BEECE56D3EA741A0BEDA
:104A2000DE79C13C3EC8753E364D30BE7B2AF0BDB6
:104A30004683B43C419FA33D7C8CC43D66703E3BA5
:104A4000AB1E553E0D358E3E10DF4C3E67C1373EE6
:104A50004228123CC18696BE9B20FEBD01AAB1BD74
:104A6000E611F2BCDEF55B3CEEA6F8BDD44071BCAD
:104A700013AB5CBDF4D168BCDB91093DC7012D3D92
:104A8000946B6ABDD4D77FBEEAC0AEBE8277EEBD5E
:104A9000E3DDA43D89D10B3EB1855B3D26C9C6BC93
:104AA000876D323EA76A263CAFA3393E0845593E82
:104AB000E312CE3D1919793ECAF58B3ED7DD703E23
:104AC0007CE4953DDD12AEBEB89C8CBE4D8C2C3D79
:104AD000B9D615BEF7583EBE57B820BEC8E7693DE7
:104AE000C80EBEBD603672BD91E848BE864D65BD3C
:104AF000940B42BEEA2D98BE812886BE2AAC40BDEA
:104B0000B718573DE9D8D23C4CAACEBD5E5B743D88
:104B100002AC4D3D0A006B3E27AC5C3EBC18133E18
:104B2000C2864B3C4DDCED3DC91D483E0691833E9F
:104B300015A1763DFAF682BECDE15BBECC2E03BE5A
:104B4000BE862BBEF6FB45BE09513EBE378907BD6A
:104B500037D0713BD143A7BD3FE7673A9938DABCFC
:104B600048B040BE535712BEF683A13E9382E1BBCC
:104B7000B488893CF95AF3BC96971ABEEDD313BC9E
:104B80005B0C0CBD0D190C3DF8ABA83DA0ED493EEA
:104B9000FC1F6B3B3FCD1C3E4303563D6D1C6B3EE3
:104BA000643B083E305774BDB4DB36BEA0809E38EF
:104BB000C7AC2DBEB6644BBE2FE944BE551CA53C08
:104BC0008B49763D06D254BE7809833C221C04BC36
:104BD000A3AAF8BD08D821BE2B97A13E40C22DBC88
:104BE000CE68773DE6443A3D086182BD395C77BEC8
:104BF000445E923EE46B6BBDD83F3D3E96404B3EDB
:104C000020A9233E6E38683EDABA0B3E5DDF823E55
:104C10008802713EDAEEC53D3CA0073ED722433CF8
:104C2000F23EDEBDB53C3FBE1E2993BE3607B93D00
:104C30007FBE9CBD53D5C5BE2E81D53B6768C53EA2
:104C40003375113EBEB1073E0DCC283D5232173DA3
:104C5000B799A2BD28A087BCFBAD4BBDF10FB4BE78
:104C60006F7DB8BE2CD6F73D8E27573E9DB8F53DDB
:104C700067B49A3D7FA12A3E784ACC3DBC646C3E25
:104C800011D2C73E7B00813E90A8223E3C0515BD57
:104C90009AF9DF3A96206DBE963E45BE85B7A6BB13
:104CA000B7020BBEC9D616BEFCBBF63C1CC286BD05
:104CB00099F3193A6326243ED45BB6BD9030903BFD
:104CC000B431C63C56E1703DFDA941BEF78BA43E10
:104CD000094C353D620B17BE98FC74BD9FCC203D3E
:104CE000A965B8BDE1B0E63DA401163E0ED4DA3D9B
:104CF0004C8ADCBB2504083E013A06BC4EEC973ECC
:104D000029C8503EB3899ABE2898ADBEE86D5EBCF6
:104D1000D31C8DBEECB27FBE8602F13DCFB2353ED4
:104D2000E4D025BE1B6A903D4A9BE43DD3A472BDEE
:104D3000D20D583DDE9D93BD4E26393D877AA8BEE3
:104D40006E4220BEA9FD9ABEA569B2BD8448ABBE25
:104D5000159A09BD50D7113DB23D4ABDF044253DDD
:104D600064ABFB3DAB6F723D224A52BEF0CD963E26
:104D70007B361B3F0D709BBCE7DA82BC81B3163ECD
:104D800033E5B0BEE5AEC5BE29AC6B3E5A306B3ED6
:104D9000DA849BBD5F9F953BFD5131BD4E983DBD73
:104DA0004CC6B53C480716BCAC27063D26CF85BD92
:104DB0002AED5B3E01EC473ED65E37BE585805BE35
:104DC00076AB10BEF4739BBED29A87BE55CA85BE21
:104DD000B7A3D3BE5289A8BEF7078EBEC43FB4BDE9
:104DE00094D3F43D7A738CBEBD188DBE08EB57BDCD
:104DF0002792A83BE205B23DA78CF33D26EF1ABDF2
:104E00008C9EA63CD0EBAFBB3805503C6CDE0A3D17
:104E100017228A3DCC26E53C382C113D2135A8BD12
:104E2000C9317ABD625A663D380803BC60D036BCD1
:104E300000DFD93BA27B42BD4E043D3D68C7F7BCB5
:104E40007290A5BD2A6D83BDE9D7A23D23B649BCAA
:104E50002F1C933DFC7B043D798B96BD781874BD67
:104E6000FBFBA03DB037E13B7BEDABBDA33D62BD9D
:104E7000B5719F3D202A03BC7604223D5051DCBB16
:104E8000DA2C353DD4BAB0BC017693BD441AA3BD2B
:104E90000FBD8C3DF969933CA1F8923B5AAAF53CB1
:104EA0005A0357BD7EACEBBCB2E1C2BDDD5B3DBE7B
:104EB0006A69B4BE311B93BD2D968FBD50BE293D8E
:104EC0003FFD943EB03E8D3ECA2CE73D5B5239BE5D
:104ED0002BFA7EBEC2AC26BE95E54ABCFF622DBD54
:104EE000026D643DFB0E8E3D3A0E5D3D00063ABB01
:104EF000F8E141BC2904973D29085A3D647C2FBD47
:104F00004FAA60BDCE4D46BDC4F26D3CC50E0F3DEF
:104F10003FD38C3DF3E33E3EAC7B173EE004483E7E
:104F20005E4CAA3EE9FAB33EB703D83E5E6A7A3ECB
:104F3000DD650A3E9EF4F8BC05BA413D3F0F38BD21
:104F4000381A133E2988773ED390423D4F8F953CC7
:104F5000ACC03FBC5E03A93C66EE373D262583BD51
:104F6000B0F0EABB4D9B08BD415EE63C9998813D9F
:104F700098F9EABDEA7959BCEC2FCB3DBAC27DBCA9
:104F800046577F3E6CB63C3E54734F3E8B869B3EED
:104F90007A2AD23E7B28073E9FA1213D35B2093EA9
:104FA000981F583E51899B3E385B653EC320BDBC6F
:104FB000D70ABC3C89661DBE213D17BE8959E2BE99
:104FC000443CA3BE8CD4ABBE975080BE30D105BC50
:104FD00044CBAE3C06E7C13DC9F8713E5C09773E63
:104FE0009EA1043D85955F3E401A383DDD845E3EBE
:104FF000F043403DB8566C3D3DC1843E039AA53E0A
:10500000240C233EA1F6BB3D6DF2993D7D16F43D87
:105010007A9F973E42956D3E4E0E5A3E3C0F433E60
:105020002C4A523E21D26CBEBEA4A8BDE338EDBED0
:10503000AE4D11BFB94610BFC26DA6BEE22461BE1F
:10504000AFDE8A3D6078553C9641733E8C68343EB5
:10505000025B53B9A0ADF2BDD72E82BEBAFC44BEEE
:105060009C1734BE5704A8BDA768E13D0C04083E58
:105070009787F73D101F223E3133173CD2BCF73DD6
:10508000FC72A43D4E2E833DED7FA9BB8BCE0C3E22
:10509000FF06043E77E4143DCB40F43D41F8073D64
:1050A0005D2253BE82F52BBED907C8BE3989B1BE79
:1050B000B36F8F3DB640153E2216B63DF0E6833DF8
:1050C000D051DC3DF7FBDABDB19674BE28CAC23DB3
:1050D0006300C73DB8BA253E73CF863EE501823EE8
:1050E00010364A3EDEBA9B3EF24BA73E053DB43D2C
:1050F00088F4323DA37E75BD4D08D63DCF52043EA7
:10510000A505473E034E293EF2D3C63B51BA6A3D40
:105110004EA2873D38826EBED945CFBE8DDBBCBE68
:105120006242723C2F21D43E70631F3E5E8AC2BC35
:10513000A5E5EFBB7ECEB2BD9FAA3ABDFAF4053E0F
:105140007C77FD3D2B5F183EEB938C3E2C47AB3EAE
:10515000FFC8213E50333F3EC8C6873EB549323E68
:10516000A281A53D79719D3CC057BB3D3DB99A3D9B
:10517000583F993DC32CB63C14D600BC9E3F0F3C13
:105180006F6D00BE2011E9BD5FF765BE673EAFBE23
:10519000DA1B473DF1206F3DD5CFF53D914805BD68
:1051A000A824803D725EEFBDCEF76CBEBFA671BC79
:1051B000BA8F2D3E9A86E63CCA7D113EB3039F3DD1
:1051C00093C486BD6EEC6BBEEED00BBEF2987FBC76
:1051D000849CC3BDC1B153BC78811C3E76F3C03CF6
:1051E000862702BD750D4C3B32A6F63D99E2173E6F
:1051F00035D6ABBE8ED6FCBD732432BD9EC3473EB2
:10520000029371BA180D9BBD6CD5053E47EC213E4B
:10521000B2C2FBBDC1DF8BBE879108BEF12895BD30
:10522000D7FDEBBC406E25BE7903A9BE729BCABEFA
:105230007D3001BFE32A55BF8C7110BF0036AEBE72
:10524000C15C233C0EE7F93DD2B0F83D7D7FFF3CC9
:1052500049ABF6BDDEEA0CBE89370A3E797878BCE8
:10526000EB341DBF581982BEF5AA56BAE5C45D3DA0
:1052700058941FBD454CE6BDC4FA2F3DC601213EE2
:10528000E71CC8BD7AF184BE83E218BE3F9811BF07
:10529000C3F10FBF4CB156BF256D90BF0C4982BF03
:1052A000062340BF456A1EBF905FD9BE492488BE11
:1052B000EA63AD3D087ED53CBF6DD73D80A1ACBD56
:1052C000404EDCBDD70F10BE803E88BD298B1EBE70
:1052D00038AA4ABE77F6D73E004C393EBA6F803EB8
:1052E00086E2F5BC9218EFBCDDD587BE31A98F3DB3
:1052F000F22CC2BD8AB4B6BE20BEC4BE7D502DBF46
:105300009F3556BF690880BF621D4CBF486308BF08
:10531000802B88BEF82383BEA78585BD52430BBD75
:10532000F1DD433DE197013E7CBC263EFBAEB03D46
:10533000629ED9BC865411BE901ED03C7093023E32
:10534000686EA63D298B9A3EE52A6ABE77FFEC3C43
:105350000AC26CBD47317BBE317DF5BEEFFC883D96
:105360000AC984BEBEB519BFD25712BF7DF931BF7D
:10537000D827A9BE85C493BEBBCC14BD44EA813EE8
:105380000055563EC451583EA27DF03D5B72A63C8E
:10539000F7F09F3DBE2102BD3A289C3D21D9183D22
:1053A0000F58D9BA6462BCBD511611BDF01DF73D4E
:1053B0004A6A223E008AA13E06D6B23CF2FFD43CA5
:1053C00019F8D1BD1A5281BEFAFF86BE07BB993AC1
:1053D000B8A1A1BEBB3A82BEA0C744BEA67E23BE72
:1053E00032D4D73D5929293EF353AB3E391E8D3E69
:1053F000156F3B3ED015003EB4D4723D802173BD85
:10540000C2CB983D7C98DDBCC6488A3DD77EA8BDFE
:10541000E807813D1B6EED3D46F30F3E1F4194BEF4
:1054200088A103BEE4D060BDA2CEE53DBA4D8ABBE3
:10543000FE58B0BDEC8A87BD0769FBBD342435BD7D
:10544000C03C81BD8F19AC3D7096973E4CC9013F61
:10545000227D843E91BD8D3EACD04D3E1623273E2D
:10546000EA1EB33DB1FA8C3D3A8D063E2315CF3D81
:10547000E3F92F3D1A8720BD9D0A13BE6B748EBDC4
:10548000E28130BCE82AF53C1BFEC93CDA6394BEDD
:105490008FD946BE2D852E3DF2B8F13E85A9E3BCDD
:1054A0007F77E73C4B06F53D087D19BD0C7A283E19
:1054B00016BC323DF44B9C3E95D3B33EC1A7B03EE3
:1054C00055AE81BD236FAC3D3F76E73C03CB2F3D0E
:1054D00090A8CCBD9F9770BDAF87243C97F89D3CAA
:1054E0000F3D323DF9E149BDFE422EBD853D1FBC59
:1054F000958760BE8AA70D3EA4435BBD00BFEB3D10
:105500008717243E275D0E3CD2B8E93EEE8C5B3E09
:105510006A05233D8775F43D8413713C8E7C453EBE
:10552000FBBD8A3E34599B3ED2BC293E3F729F3D13
:105530008D9AD3BDA50BA33DDAEE243D84F1CB3C7F
:105540001F6847BED28A34BEF57EBB3AAC3A8C3C6B
:105550007F988C3DF5F610BCA30BBBBD9FB85A3DA0
:10556000A10A503D27E3753CED6B09BD0A31463D6C
:105570008AF1CD3EDC3E0C3EFFAE433E9ACD2F3E3F
:1055800048DF19BCC6440B3E4015AF3B5EB9343E04
:10559000F0934D3DF3949A3DA4A6BB3CA4F499BD71
:1055A0001C2DFBBDEDF7C4BD588390BC96CAB2BCA0
:1055B000580E3EBE3561D9BD6D0E6B3CE0C4D63C85
:1055C000870722BDB2FAB3BDC65663BD83239ABC1A
:1055D00079E017BDCC40B1BD75AB4DBD566E56BE22
:1055E000A75D923D09664E3E73353A3E694EDD3DFC
:1055F0004A02853ECE72FF3D2E3C023E1F06393EDA
:105600005535EEBCFC088D3CAEF15D3D5BBE30BB5C
:105610005091AA3C39B1863B285310BD85CE0EBEB1
:10562000E109D9BD51F8B13DFFE18B3DF1EFDD3D21
:10563000F769B63D403A873B3BEA5ABD93AD943D8E
:1056400007DE53BDEF41D83B6716BDBD79F291BD72
:10565000616573BD8974383EFF47AC3E089ACE3E03
:105660005DC80E3C354F44BED16F933D6AC4F03CDB
:10567000BB6462BDE396BBBC3A2A2D3D53C4D4BC87
:105680001F2308BD11CCC53C9488EB3C945420BD2D
:10569000208C683DE4207C3E1668143D2AD0853D70
:1056A0009834B03D07991D3E8372C63D4E1D93BD93
:1056B00084251ABDD8428A3D338A94BD33007A3D91
:1056C000606CA33C8BA169BD30A9B83E4463943E95
:1056D0008020E7BAC1A56FBE55BE77BBC72C5B3D26
:1056E000D386BBBD6B3159BD326AB33D2524A7BDFE
:1056F000F9DAA9BD6EAB93BD9054603C6213EE3DE8
:105700006197103E3BC2393D3474423DB4E241BC26
:105710008F5945BDB32D893DA77E263D81AC2DBD5A
:10572000A42994BDFF0CD5BC1603ADBD9A23CCBDF6
:10573000C9F5053E421FC7BE1B3BB83DCA79133DA4
:10574000662D9DBD9F972E3E33BAC83EEAE1F1BD5E
:10575000A52C81BD521FBBBD52630C3D2DFBC63C29
:10576000A004C4BD001DFBBDC7A5223ED0B6E03DD0
:10577000D0860B3DF171F0BD11DA693D8FF488BD23
:1057800030A09E3D3C583F3EAFF71E3D3D527F3D11
:1057900091EDC3BB5A34823DB6C642BE152D703E54
:1057A0008E679B3EA17F27BE460C5DBABAD4ABBDC7
:1057B0006AD23C3C656B953D4456753EFDDAA53D8D
:1057C000B221673DD72396BD5063CBBD98D0A83D8D
:1057D0006E95C23D0F0504BED6E28A3C58794DBC99
:1057E000BBDD7ABD407715BD59959C3D6BC1CFBCE3
:1057F000727DED3DBD70FE3C6DEE43BCD7ECA03C30
:105800008B77113D45637CBEFA44A0BDDE0B373E6D
:10581000AC6CD63E22EAD1BC07BBB53C80148A3BB7
:10582000E86BABBC21298CBD25422F3E6203E13ED3
:105830005E0A9A3DB625E93C7DF69EBC7D88433ED6
:105840004EE510BDFCFCD63C1E8A08BEECF045BD02
:105850007C5589BD109E2ABB250F873DE5E16A3D39
:105860004CF0CDBBB1B049BD3EC3D93B6B07683DE1
:10587000FEE4FE3D132086BDFC17CA3C8CC2F73DFA
:105880008D02953E1131CBBC7568803DF8DF0ABCB6
:10589000EB0A92BDD091E93C7572A9BD54F7C13EA7
:1058A00023B4B43ED56400BE8AE13EBD6E30873E6F
:1058B000EAE5E03E2A61993EB430DD3DF0C4533D57
:1058C000679230BD3049DE3D35BC623E665D993D34
:1058D000F55B16BE737F193E0B0DC93DC4E4FCBCDD
:1058E0000FCE3F3DA29F8FBEB4B791BDFE01BB3925
:1058F0006D15553D3297143E59B4613D7A3F96BDC2
:10590000647E9CBD93E4943D1413343B149F5BBEB2
:10591000EFAC293E3F42773E30D0863EBBE55C3E51
:105920006E2AFD3E7CCCEA3E5B16EE3E1E64473E90
:10593000B57A833E7FBC4E3E83AA0B3D988BC9BC93
:10594000526DF7BBB6EEFB3D069CC83DE4413E3CC4
:105950001C4E62BEFA3142BE5FD8643DD15DC33C8D
:10596000271491BCD29A793DB9040FBD50925EBD07
:10597000189B923C744991BCE028593B63D1F2BC1E
:105980009CAC8CBE703AF0BD7E8396BD3620B7BD10
:10599000D9F3753EDA2D083E24E0953E2CBBA73D99
:1059A0003820C73D212D893EF9711F3ECEFDB93DFE
:1059B0003384403E1F565DBD0451C7BD986481BE0F
:1059C000B4380BBE573003BD4E72873DB6CAAA3CF1
:1059D0006CF30BBC8C9909BD912E09BD80BFB13C05
:1059E000EAD0713DA6AC423D6917973D1E4A603D25
:1059F000D1A3C13CB0E3803DF87DA9BD0BEBACBDAC
:105A0000262FE6BCE10FADBD67BC30BD669D1CBD59
:105A1000EC58FD3C27B7A4BB1A484FBD85F6E9BA40
:105A200057E17F3DB71A9A3D0B03FFBC75C694BD85
:105A3000E6D836BD93D6F0BC74A624BD959AA03D99
:105A4000E0E0E33B005A323CDCE90D3DA44B84BC72
:105A500084BDA8BCE0A4803BC8FD953CF27A4F3DD4
:105A6000E29A7C3DFBB2853D3C11E03C1CED9F3C45
:105A7000B02373BCD4A08EBC36726CBD5887133C67
:105A8000EA6B54BDC9D542BD7E00373C427B573BD3
:105A9000AACCA0BDF4E0B33C8DE33EBD64B28BBDA7
:105AA000B96597BD202F903C1AA35C3DB3F8A33D88
:105AB000D862093DC29D0E3D0C42FF3C4B7B903DA0
:105AC000733D05BDB6FB213D44271FBD3BF8903D0E
:105AD00095240D3BEE8A1BBD1FBFD1BDCAE6CFBDCD
:105AE00016E9CCBD9B99BFBD34D735BC975141BA9F
:105AF000D3AD12BA672B11BE37AC6EBE2CCB49BBEF
:105B000070F1E23D872BCA3C7A69E0BD4E05CBBE01
:105B10002062EEBE95EC65BE4CA79CBDF66D23BE23
:105B200020B4CFBBD77F953D6067E33B79B4903D10
:105B300058F3743C725556BD3E0A6ABD16C4BA3E4F
:105B4000366A463ED36FF7BD218A36BE359655BEBE
:105B5000E58D90BEAC3345BE8C840FBE481DF6BEAD
:105B60006E804EBEF2487CBD57FAE2BE2EF9B8BE3A
:105B7000704964BE881538BEB575CB3D46E6D9BDC3
:105B8000982748BE510306BE2C0145BEFF4D15BDEA
:105B90004FD701BE66A9F43D50CAD5BBB2E3A7BD3D
:105BA0002EED5EBDD97B9B3D9FB6503D7C698B3E03
:105BB000D026873DF1B6C8BD2536A2BE69F7AEBD79
:105BC000D94EA53D1A41E53C1672283EA3FF4A3C3A
:105BD000FA98963D0E989E3CBB6FDCBCC0DF833DBF
:105BE0006E42333D3EB0F9BC523DA23D068602BE38
:105BF000BAA2003DBD13E93C67755A3D5379513D4A
:105C0000B159163C9461773EB3F1D83CC892DC3C64
:105C100060AF4BBB255F76BDED40253C7087AA3C4D
:105C2000F3C2EEBD82272CBE4E9160BE1B0CBEBCE3
:105C3000E47C0BBE722904BEABE1A5BCDEF9033ED9
:105C40009E0BA03DC690DEBCDDD7983D6A12113D8B
:105C500096184CBC0D0AE53DDA423E3E9896BFBC14
:105C60002ED2DABDF9D1003C1FCC9DBCC906DA3C6E
:105C70008760D53D7393703ED1CA363E5D7B8FBE43
:105C80004C59AF3CD07046BCE287E3BD7A51223D0F
:105C90004E9D6BBEABC660BDBB731DBE878FAF3C58
:105CA000D4659E3CB22D3D3D552426BD196D323E36
:105CB0001768DE3D5007083EAF5D843D84A6F6BD03
:105CC000DE369BBB9462853D13D185BDC48FC03D3C
:105CD0002EAF9D3D177D67BAA1DDD43DB1CD60BE2D
:105CE000CF91D3BDF97A11BCDA4B963CAF61FABDC6
:105CF00066566DBDA5A3853D6382893E277D28BE7E
:105D00005383BFBDEECA283E1E83823DE505B33DE9
:105D10005202983DD687D23DD591033E15C3083E29
:105D20005CA7873BEC56DD3D2C246D3D429B103E2D
:105D3000E5C31D3EBD4D2F3E6F067E3E3B172F3EF9
:105D40008ED42F3E8461B23D4E549B3D01CE103E19
:105D500081AA433EFFB8093EBFB5233BDE513FBE9B
:105D60008378EE3C1602463EF7FDBD3D21B406BDEC
:105D7000A74DEABD75FCBEBD45E3F43C10F70F3DF1
:105D80007E84083E24C04E3E9DDA323EAC87183EEB
:105D90001D1C753DA8AB893C925B5FBDA80D0A3EFA
:105DA000438D143EC464173E0494863EF2EE1D3EBD
:105DB00062F5983DAD66A33B092CA13D8B66313E53
:105DC00036BEF6BCB7F52E3DD4BCFABC8BF526BE6C
:105DD000722CE9BC8CFD4F3E05A11D3EFAD6F93B65
:105DE000B2F2A6BEA085EEBDBEED153ECB904B3EF9
:105DF00054AE833DE328483E9DF8943D17B6583D88
:105E00007505CC3CE455343D2098483DAF2A163EFC
:105E100023692E3E02E0283EAEBC623EB5CA363E45
:105E200010A0953D00221EBDBF9D913D32B7D6BC4E
:105E30009F20213E4854303E8B56563EC6D3643E8A
:105E40006A8BABBC50A56E3E5BAF34BD192C24BD34
:105E50007ADB6DBE073519BC69BF8D3E86E3E83C31
:105E600066DF323EEF407D3DC388ACBD08A34F3CAA
:105E7000C348C5BA817039BD8911803D9058B8BCFE
:105E8000038B323DE847773E7EE00F3E4E8D323D3C
:105E9000F69E963C3F27A4BC5C34AE3C9020153E59
:105EA000B741803EE1C3DE3E7FA6B33EC7B15EBED2
:105EB0008B30503C28158EBDB3BD3F3E9983BFBD8E
:105EC0000417E63C9E65893DF31C643E5F8A373DBE
:105ED0008510753D45F61B3DD2BCE43DA5E0E73C91
:105EE000F558CC3CACE8AB3D57AE953BB0CB8B3CCA
:105EF0003CAC843D47F5C1BBEB95863D33645C3DCE
:105F0000E98B823D8905573C957FC03D5E220C3E62
:105F1000B2DEB03D7397A63C2426263E91BE813C5E
:105F20005D8B3CBC874814BE88C34F3E72D3FA3D9C
:105F30007326C63D8C52223C0E4F093E71A21EB9FB
:105F4000DE9188BD7CCDAFBD4EE1FABD7B5BDC3D13
:105F5000B1FB6D3D0AAEBE3D8A7AA53CF2AD073D70
:105F6000F62D6A3C7695103ECD5A8CBC6E2C6BBCDF
:105F7000A888863DEF7FBD3C9BBEDE3D4B97D33D61
:105F80002E99873E2EAE213E059D083FDEEC1C3E3D
:105F900048A5933DB038F6BDAA22EF3DAB669B3EC7
:105FA00097BD4B3E00976A3EB2C6FC3D09CEBB3D55
:105FB0007F735EBE3AA4A9BD1FFE9EBD43BBDABC83
:105FC000CFC5313DA55D9B3D018541BC86F73B3E7C
:105FD00090C5B13CC73F403D71DB9B3D2026403E14
:105FE00077B0A13D1B57D33AB1B936BE98C1053D34
:105FF0001615CCBDA9EFEC3D1DE3983E30EBC33D3B
:10600000B22C77BDA6E8113CD355543E19997C3E7D
:1060100001A24F3E3CE60C3E737B50BD31D1C53DE5
:1060200039C5DFBDFDA13EBE1F7177BDB6D8173D96
:1060300078A60A3E474D713D761A803DDD1987BC32
:1060400049C5A63CB9D7ABBDE87CAF3CD5309ABCBE
:106050005F8CD03D7A5CDFBD91F441BEC50363BE69
:106060003D9C47BEC722343EB5E0C23D428229BEB8
:106070003A8C04BDE92FFC3D1372D63D4BAE293E50
:10608000432C2C3EC0F2C13C7F45873DA9BD8E3DCF
:1060900078C0873C8361B9BD5F95023EF16FCB3C10
:1060A0006835C33DB9DB2F3DB761763D6EA6F63D41
:1060B000BE28A1BDE515843D1EA448BD4D22773DF7
:1060C00050C7CE3D797CA9BBDDEDB2BD90B2853A1B
:1060D000E718353E4F53E7BC983BAEBEAF6409BEF0
:1060E0001D31AD3CF9ED8D3C238A3BBE77F192BE6C
:1060F0009B416C3EB85588BC2D6C343E46B9BE3DC4
:106100001F0D963D1D9A003D223D843C3436DCBC7B
:106110005EBA98BC104088BC590DFD3B62735A3D75
:10612000454EC93D266FBDBC49768D3C85386A3DDC
:10613000F865133E740D6CBD526BB23D90F7113E85
:106140009C5D6E3EA3625BBE03D27FBE7057ABBD4B
:10615000B52999BDCE4A533CF852853D98F4A83BE9
:10616000D7681BBD88DDC6BD85989F3D8972673B9A
:10617000DF82233D8CA4213DB7CD023EC676BFBD54
:10618000976061BC5D7F953DBD3ADCBDF5BD913D3D
:10619000A2C1A4BDD209193D9639B1B945BE1E3D73
:1061A000C7B98F3D18CC7EBD0DF7573C45930FBC4A
:1061B00026C4953CC2330BBF9C63A7BE4FCFB23CF5
:1061C000CC9799BD356ACE3D8F6A00BEA3CF9DBDE9
:1061D000100F1E3DDB8D86BC736F463EE881113E7D
:1061E0007BDB4E3C2280033E4650E23C817CF93D05
:1061F0006255213C31869B3DFD57A8BDEDE5653DCF
:106200007FA8093D64A8D23DAFE040BD7B3AFE3B8C
:10621000B5790A3E3618DFBDE58190BD3EC1D83D57
:106220002A0E8F3DDE50BDBEE6D490BD5C81853D1B
:106230002BD32B3EAAADB9BD077B193C9EEFF5BD14
:106240009D3D09BB64C4BA3D5D916D3EF4FF773D51
:10625000229CAD3D325F063BE1172F3E4B2F063EA1
:106260006F2D993D725CB8BDD352BB3CF38E0FBC11
:1062700076E4A53DCD938CBD119CC7BD4283143EF1
:10628000EEB0C43D291CD6BCF50C883DCFD795BCDB
:106290003906C9BD6C09B0BE21F4573D64C3ACBE1C
:1062A0006D87863DD049853E9BFF493DD954E43DED
:1062B0006DB0A83DC851BA3D6346003E393D903CA3
:1062C0001F30153D7850F73C79F3843D87A58CBD90
:1062D0005311493D3D7406BD00127D3BD90ADFBD17
:1062E00006EAA13C0C03723DD716F6BC695BAB3DD8
:1062F000FB0E4B3EA66A9EBB88D072BDFFB384BD29
:1063000039972E3EDC7BB0BD50BE69BEE3C8B1BE3E
:106310006F0EA4BD666F643E9475C1BC5D4E9CBE9D
:10632000E64305BD17F08F3D6C8007BC8D2D91BDF8
:106330008FC1F93DE97EEABC2DDDE7BCE2655DBCBD
:1063400025CEC3BD611C043DF94F29BE8602F0BDB8
:106350006C583EBD2008443DA66E82BCB8E86D3D39
:106360003A766B3D4BADE5BD2934393CEFAC653C2D
:106370000E700FBE1785E0BDF4D681BEFA9FA5BC96
:1063800004C02CBD886621BE679B4ABE217AF7BD3A
:10639000EA17B2BCF55DFA3D739C083EE1D4253C9A
:1063A000F76627BD8F2031BCAF52F9BDBCC8D6BD42
:1063B0000A7BF3BDA2BA1BBE85D4BBBD6FCA41BD6B
:1063C000F2C6D7BD1042D93DB8AD90BC4885A43CBB
:1063D000136731BD3DD74A3D38C7F83B14D78EBD52
:1063E00063A52DBEA86C263E505EB4BD438F21BD73
:1063F000011B30BD79391EBD3309A5BCF63AF13D0C
:10640000381ACE3CAFF753BCA5AAB4BC28DE183D61
:1064100078017FBD9475C5BD0903FBBD487238BDC9
:106420008073FF3CDFCF553D55F6393D01FFABBDD5
:10643000C6C9993DECB1033D8C9AE23CF68320BC81
:10644000DE407CBD672EA8BDC33BF63D0C0334BCCB
:106450008F3B4F3D52DC0A3ED608EF3D36F4533CAD
:10646000A60E7E3D2D4727BDF0C9053E1363463E6F
:10647000C2F4963E7B6B4A3DA1B108BDA7A5653D20
:10648000554CADBD40FA4EBD4B340F3E681CCB3D64
:106490008D23703B33B3CC3DBA94E73B12A5FABCD5
:1064A0001ABB283EE8D51A3C11935ABC5690A1BDA0
:1064B0008C24EF3BBED0953CBBD5463EB975EE3D36
:1064C0001880EA3D4E2CF13D234CAB3CD0ACA1BD35
:1064D00050F809BC2C6BAF3C0C141C3E53D84A3E00
:1064E000C18EA83D1CB28C3EF1AF8ABD03BBEC3C13
:1064F0001D46C43D8D78703DF1D4FB3D95EA153EB7
:10650000EDB5683EB05B253E0EB0843D7C77A9B901
:10651000CE39543C280712BEB551963D59C8473D67
:106520003965153EF590F13CCB8F5D3E4774503E8A
:10653000EC41BEBD24CABDBE787B07BEB0A9333CCA
:10654000008B19BBEAA327BD97C80D3E5923343EE3
:10655000321631BE5356E13DD7C6D5BD3F02AFBD61
:106560000AF58A3C606EDE3DDDA1CB3E0F7DB83E74
:10657000D3DC3D3EAC4B9D3EFE42C03D6A87E33DD1
:106580005EB0203E9C6F833DFD85063EF7D4CA3E3B
:106590006AAD3D3ECC40C83DD8DC2C3E7EA30E3ECD
:1065A0009266AE3E6150C8BDA70C4BBD9E3991BDF1
:1065B0003B1EAB3D00D9FA3C4C7DBD3C7CF78C3D8D
:1065C0006378BD3D42A2993E4A4B1F3E90066F3E06
:1065D000C161B23D58D65B3EA210B23ED7DE0A3F43
:1065E0003DD6F43E0242123FF121933E3AF2E83D9D
:1065F000E646DB3E71CAEC3EBC8C9E3EC1B0CF3E4F
:10660000FB8E093F42C47B3E3490E63C8FD72F3E41
:10661000DAE32ABD3F1E5D3D2AD45FBD9A094E3D97
:10662000C46E46BD7EE54FBDF68B553D8E8A5EBD80
:10663000D0BA0F3CCE7356BDC45B103EDC55233E32
:106640009E306D3EA695803E2C07C43D3BBC523E1D
:1066500068D59E3D12E82E3EA9102DBD68C74EBDDF
:10666000C075303E213F11BEEF4338BD1A715EBE8A
:106670003A8F9FBD5E5F61BE37BC42BCC22763BE1E
:10668000710D79BDC02D3E3C8C65BE3CA8EE71BC41
:10669000871498BDC4F331BD17D0A1BDE95C8C3D12
:1066A000008513BD399EA63DDCEDF33C5841343CDA
:1066B0000388803D800536BAADB7A3BDC0842ABD2E
:1066C000D6F31F3D3038B63CE367CFBD9E2F603D0B
:1066D000008BB5B95421A5BC42114D3D5AED423D48
:1066E00033499EBD6395843DDA2E563D003AEFB99D
:1066F0001740973D60BF5C3C8E6739BD865BB5BC7B
:106700002839603C35567ABD7DB5813DFFC38C3D4F
:1067100050530BBD2C3EEFBC7CA4283E21136C3D96
:10672000E704EE3DE921323E0610643E4D5C013E39
:10673000B6B2383EAD473F3D452F45BDFF01E9BDEF
:10674000108094BDD7FB583DD5EB123E50B0A43E0F
:10675000857FC93EB157AC3E8A1E443E44E13A3E75
:1067600098EDFC3C989DBB3C517CA73D20C8423C29
:106770003BD28A3DD86F51BC839311BDEA179EBEB0
:1067800036CA35BE8233C73DDD10073DC9781B3E92
:10679000700DB63D6AF781BDD5D708BEB0587B3EB7
:1067A000B8A7623EEE2F8D3D7378963DC7E97E3CDB
:1067B000917B58BDCC71D83D30389A3D8F8780BED3
:1067C000D743E0BDEFDCE43BBE22C53E48D77F3E69
:1067D000C95D98BDD6F910BE65DC8B3DDC01AFBC50
:1067E000E12B13BD1E80BDBC6ADA683D106AEABDAC
:1067F000324F2CBE3B84D2BDF28F183E7F7AF03EE2
:1068000084F3D73D4C582DBE0A0091BC84A6753E3A
:106810001BCE88BDBC76363DE42F7A3E49FADB3D7F
:106820002F4FBD3D1D93D13D34F9A93C210A0D3DAB
:10683000CE5DA53CC8FE233ED60E23BEC3C944BED2
:1068400025D08BBEC91557BE0CC3093CE8D7053D02
:10685000C821583C64B23FBD8D29DBBC9140B53E98
:106860002C24643E177204BE531077BDA77D81BCF3
:1068700057BA1DBE48E5ECBD4689D53D03E021BDB4
:106880002976D0BDD402B0BD848D14BE786EF3BC21
:106890003618D33D946BB53DBD23E93D1AE50B3E5B
:1068A000EFD93C3D35A2183ED8868FBDD859183E49
:1068B00043359D3EFE4A9F3E02F898BDA880883E23
:1068C000D02CDCBB7205563D653CDB3DDD62113EE4
:1068D000B9C28A3E8542DDBD9B1997BECAB022BDB2
:1068E000714D9DBD0696803D9B741B3E337F1C3EC3
:1068F00023A0A63DE47121BBE95107BDDB9B893D87
:10690000C93CF93DAF77333EE3DA443C254253BC02
:10691000B93D193E0C7EC1BD8F353ABE23E4CB3C58
:10692000486F763D8D15A73AC8E39C3ED89F893EB7
:1069300066EE3ABD2B54E33DEBDA773E2FFC3F3E4B
:1069400024BD933E1B1D08BD39F60BBEABF8A5BD9B
:106950001AD300BDF8CB953CF85EBABD6624D0BD15
:10696000296929BC6F931EBEF1E0C5BCF89A243D8D
:10697000420E533DEC8707BEAA5354BEC7BD443DEB
:1069800048773EBD7C463EBE6A1110BE1586973CD8
:1069900009AFB43DDBD075BD66AA973EAA93343EDD
:1069A0006EFB6DBDCBACBCBD8EB3343EC364C83E84
:1069B000E28B043E2958A33D56CDBCBE356F4ABE7E
:1069C000B4BB5ABE3E46F0BDF441BD3DA7CA7EBC35
:1069D000A83053BE25C50EBEEB14D6BD91C602BE6F
:1069E0006AEFEFBD30E62FBD5E522FBE5C9FA5BDA6
:1069F0008E490F3D6F27E0BD87290EBEB707BF3D0B
:106A0000B290903D37BC32BD7B5B063FD5939F3E35
:106A10008D8A963D7A0B4CBE474E483DD32F283E7B
:106A2000B150973CEAC9D4BD869FC3BEADA642BE55
:106A3000A3DC89BD6772F33CA6B505BDCC4E123D03
:106A4000084E1E3C7F5A08BCFE3403BE870DCDBDE8
:106A5000A6AD5DBD8C4DBFBD30D662BD858683BC05
:106A6000B56AEE3DFA7041BD6DD9ECBD390859BE2D
:106A7000B58099BD2B54653EB6F98B3EB55DE9BB3B
:106A80005EE4133DF6914EBDBE5744BDEDFF9DBE85
:106A9000308204BEF69390BE577323BE03265EBEBB
:106AA000EEB336BD6DB1003EED4BFFBCA70D303EE1
:106AB000CDD8533E8677673D8DB5A2BD168282BE86
:106AC000132760BE5663F0BD668277BDE4FE9F3D2E
:106AD0007B3F72BD376ECFBD90F917BEA1C89D3CFC
:106AE00004C793BC792F433E1F4EBD3C7D4F8CBEE7
:106AF0004084DD3A1BB3A0BD90BEA8BD33AFCBBE72
:106B00006F33A7BED2025ABEC869D2BDDBE12EBE2A
:106B10001B6522BD8E92773E63AE1CBD1D4DEFBC42
:106B20008F58D43D2D0130BE329B5BBEBF86EBBD7E
:106B30008DBA16BEBCA3B0BD26FCEF3DDFF3AE3D63
:106B40001227D93C46B9EABD686BF1BC195E54BE48
:106B500034330C3B7E132D3D55B6113E715B52BE56
:106B600086FD143D0493C6BD1ED26B3D33A606BF01
:106B7000BD4CB0BEB53097BEEDBAC7BCA3F43ABEAB
:106B8000029B2E3C73A60B3E6071A13DD2F1253DC8
:106B9000D4B9EA3D3D4981BE4228AEBEEC8615BD62
:106BA00088859E3D53B20ABCC53E003E0BE4143EB0
:106BB000F0D7C9BD518803BD1B0026BEC00954BE15
:106BC000AFD728BC6550CC3D3D828B3E3DEAF4BD3D
:106BD000D0D49A3CA3A7C1BDC5A292BED3FAB4BE7D
:106BE000EB3F09BF31EE4FBE604090BDD3D249BAF2
:106BF0006B07113E2086E73DCD10A63E56572A3E34
:106C00005763D43CEF2F973DED47B23D24AC113E86
:106C100049D895BC321900BDAFA18D3DA5B6AC3D9C
:106C20004F14E03C1650C53D1FAF17BD150C893DF4
:106C3000911194BD4FDBA0BD456B45BE55C484BECC
:106C4000B80012BDEA206A3C6B3536BED88195BECD
:106C5000CF0AAEBE32C097BE2D718EBEDA03243D80
:106C600095FEEC3D5F52823E485F753E4EC37F3DD0
:106C70009BD1A63D1B02953D2ECEF03D8D076D3D6F
:106C8000B5F118BEA3680FBE4184DF3DD519EC3DB8
:106C9000053F85BD06A9DB3DADB5B63D9C984A3E96
:106CA00001BC88BDAF3031BECB608DBD1023C4BBED
:106CB000C51DDD39FA3214BD4ECE85BD594793BE90
:106CC000F5F48DBEC618A4BE3ECE9ABE93BFB8BD25
:106CD000B7C5263E4003773D127D203DEF5F4C3D1A
:106CE0005EBCDE3D0878263DF719353DF1B499BC10
:106CF00068140CBEB6C7493DBA9F8B3CB8A84EBDC0
:106D00007866533CE04D923CABF8F23C79D394BCAE
:106D100086391C3DADCE25BE09A717BF3D63C4BD56
:106D200099E55B3C3001333EEDA8633EED28B1BDF3
:106D30007CBE573B679AFEBECD7DC7BEC8E3F8BD9B
:106D40003245E93C85EAED3D1C81E9BD96D8213DFF
:106D50005097433D1A51B4BCD9248CBD43AE6DBD90
:106D6000FD910FBEBCA52AB8D25FA5BDA6408DBDC2
:106D70009B7223BCCB8004BCC2771F3EEAAC6C3E46
:106D80004E63D0BD30B506BEB68DB1BD1A6D98BD8F
:106D9000F94459BD36BD863D6835783E90FBC03D0F
:106DA000C82A43BEBE04A4BE328685BE203983BE37
:106DB000EA5167BB68C4E4BD4CF216BC0790383E8C
:106DC0003B7A603E3C53893C3A8B5E3C8B4ABDBD6E
:106DD000DF6812BE14441DBE44BE283DE2F7E2BA8D
:106DE00068AF713D8CB88DBDD76A7E3E90101B3E5A
:106DF000C959663D4C23053A136C92BE1A6E61BEAA
:106E000018F2A6BDBBD8073D89D06B3C54EF933E2A
:106E1000122B063E5ED5033D60C2D8BBB0AD943D9B
:106E200050F970BBD459013DE6EC233E4108233EA6
:106E30005B76D83D0077143EBA4D47BD218EB9BC74
:106E40004DCA0CBEC63882BD1B3D83BD0FD9A5BC43
:106E500051FD74BC6074283E5E8C3D3EE9B8583EDE
:106E60008EA036BE019BACBEF3208EBEEFD501BE18
:106E7000E6C466BE6C9D923D1CD6A23C458C0A3F82
:106E8000A65B8D3E7F7F143E66C39A3EA501673E9A
:106E90007523293E47F86D3D316923BD3BF96A3DB5
:106EA000EE0C7DBD8CC44BBDA94DCDBD40CB12BEFB
:106EB0008147DC3DE381D4BD9429FABDF5C7703D1F
:106EC00082FAF3BA8105443E27BA743E1C74853EAB
:106ED000E2A88C3DA4CC82BE2E3E48BE06952EBEB6
:106EE0002F4FE43C713622BE6ED9D7BD7606273FC0
:106EF0000F10F13E43678B3ED50D893D45B2B43D41
:106F0000130E4A3EBFEF55BD92B712BD6A29263E09
:106F100019E9C6BD38655BBE6B34143D097E1E3D64
:106F200070B3953D4F7FCD3D15DE9FBD5C09ADBD76
:106F30009FD4853D0516493D6A77273E7A124B3E20
:106F400089B98ABD567EA6BDA91509BEAF9D31BDC2
:106F5000D89B6D3CDDA25EBDA2CF853C0754083EA8
:106F600024E5973EAF9E0F3D7465853D82BCDB3DB9
:106F7000A9B1CB3D95DEF83D293AD43CB3CF2DBE27
:106F8000E806C7BD56A381BC31A2903DB8E0AE3D36
:106F90008FED393EFF257F3EC23F3FBCFDBC09BDA2
:106FA000C1821F3EDA6E063ED11B543E6799BEBCBD
:106FB0008C8757BE3E4E163CC03B47BD2210383D25
:106FC000CFB05ABCE5C708BD639C24BE5CB66EBE9C
:106FD000C26C30BE3CC079BC886B42BECBB0283D91
:106FE00087E8963C11B8A5BBB1BB8DBE54F7C4BDB4
:106FF0003E3252BD8F58BA3DB0794D3ECE2FC93D7D
:10700000D5C4393E97261D3E802D60BE8F66BA3CA2
:10701000C935FD3D7371A43D4F58113DB0661E3D0D
:107020003A66263DCAE2F13D982A9FBC460EDBBC7B
:10703000D2EF4DBDFD9F0E3D5495613D61028E3DE9
:10704000FB7303BEAC458BBE8F40C0BEA805CEBD52
:10705000445780BE46675EBE3985BD3C0E8A463EBB
:10706000DA25DF3D7457963E0CE1143EC3B56E3E03
:10707000D47B073E24A9CA3DB22A7EBEBD76AE3D72
:10708000C410C5BDD413193D47C5353A6A6A3E3EA2
:1070900019738A3D1A80BB3D1BB6073EC37ABEBB3F
:1070A00006B53F3DAEE67B3D7752AF3D81F8C83D2A
:1070B00050C39E3E0D68D6BD3C1DEE3BC763153DDB
:1070C000D98D063E471E293DC1CED03DF5A2353EA5
:1070D00000F4993D6016863EF7A1463EE5A3483C84
:1070E0008986A83D4CFBEABD727CB9BDD5AC7EBD9E
:1070F000B8304D3DFA8338BD015B063E9DD4253E38
:10710000C20AC33D3701553ED211103E9397923DBE
:107110008BBB19BDD20B08BDF2B08EBDE141473D1E
:10712000FC1378BD885E65BEB3FCAE3EB93EBF3E83
:10713000476FF53E7F75DC3E1CFA5D3EB63B8E3DEB
:10714000F90E593EB46AAD3DF7978A3D759A6E3D8A
:10715000B542EA3D17BF23BECFF323BE2C565CBD1C
:107160000D57A13E5AF8863EB75F503E806F093EEC
:10717000975CD13BA924EEBD1AE19EBE543C84BC71
:10718000B09B723C695C29BD37B3183E3B1ECC3DB9
:107190002B0E79BECFF62EBE6B38963E3E38393E6A
:1071A000393E533CCA906A3C19DD5A3E36C5053D0E
:1071B0003A5F4EBDAB07EFBD92D7D4BD2BF0C13DBA
:1071C0006D0E2DBD97DD9F3BE68FC1BD72D4643E31
:1071D00078D7C63EEBA99F3E588B123E719DC03EAC
:1071E0008DAE5B3DE0A062BEF44915BE9BF7A63DA7
:1071F000DC65B33CFEEB3C3DC94051BDE53BB23DD7
:10720000704A5CBDFBEA833A796D4EBE4CF818BEFD
:107210008FF1B0BE58AC58BE295EA33CC053313E7E
:10722000440B123E2994BBBD9F5F03BD7B7C10BE07
:107230009ABDE6BEE639A6BE6F0E34BEEFD73EBDA0
:107240005A4DF43DCCA7163ED0D52CBE8A45AA3B5C
:107250009C6658BD16326B3DA528A43D80F441BB09
:107260006D0959BDDB85963DF6B689BD321E313DAF
:107270002DCD99BD2C801CBC38BC73BD572D503D05
:10728000E5FE2ABE7D6B7A3D1414E9BDE93C8C3ADB
:107290001720A5BDA036A4BBB3727BBE72761D3D80
:1072A00065828D3E73E3DF3D9DEAF13D9F6FC6BD74
:1072B0009E5A45BDDF8B1FBE8DF47EBEF176853DA7
:1072C00040589ABA2010B3BB1896673C0063C43B81
:1072D0005A7516BDA4A7DA3C084F62BCC076CD3AF9
:1072E00019454BBD20D96ABC88FD23BC580DA9BCEB
:1072F000FAED10BD4F31A13D53A958BDC0BBD03CE4
:10730000FC2B693C4834083E1D99AA3C407CA7BD33
:10731000C2A6313DD0ED14BD766279BD34C595BDB0
:107320009242343D1D85893DA3A8983DF282673D78
:107330001EF077BD28C3053D5E82423D66781F3D45
:10734000747C253D32E57F3DD4ADDCBC8DFA5ABD61
:1073500060174B3C4CC5B03D64A43F3E098EC53D13
:107360007441DA3DFA2CA03C0A92C93D864C293E74
:107370006FB76E3E21126F3E6D75853EF61B453E22
:1073800025FB433E30A00A3E7464513EF2CA773E6C
:10739000C4D0033F654B733E9A34223E0104F93D4D
:1073A000E811A73C38023CBCEA7D713D826165BDB5
:1073B000E04DCF3B9E08403D200510BC40AED13E85
:1073C00054E46C3ECDC0AF3D757E563E1CB45D3E70
:1073D000E2992B3E565CC6BCD6A3443DCCC6053EC6
:1073E000CAE900BD958B23BD69432B3ED1074F3EB3
:1073F000092D603EED59A03EFD00BE3EEAB40B3EB5
:1074000009AB363D8E8057BA9CCE7A3E1AF8103EB4
:10741000E0BC14BDEAEADDBDA7991ABD83E81ABD38
:10742000C8533DBCD49E843C366B79BA652EE33E8E
:1074300078B7513EE40085BD0349333EB17850BE74
:107440006748A53D301FB13EC99FDC3D94F9CCBCD7
:10745000321EACBDE47D92BEE0C17ABECE3A59BDCB
:10746000E6DFA13B98577A3E9A06A63E6171B03D91
:1074700068F580BBD6D5183E07ABE13DBE5DE33E67
:10748000A52A5E3E743586BE3F461EBE7C7DD33C3B
:107490007ED44B3D66D64F3D911FC0BA27E3123DC7
:1074A000F2B14EBEBC73EDBE8B8B8FBE2FA78ABDD3
:1074B00033DC273E99F28D3EF4444D3E5AFAA73D07
:1074C0005F9A98BDF42E6FBEACCACFBDB9FE99BD10
:1074D0004D9FC03DC46EF83D6AF2203E15954D3E6D
:1074E0000981B23C2B89EBBC9B5B323E157EC53DCE
:1074F000B402563E1AAA95BC0FE5A93EAC079B3EC6
:1075000046597A3DC0EF89BDA2CB4E3D9B0A09BDCD
:10751000379507BE41E2EDBEEF9ACEBD393ABE3D8A
:10752000DE01203EBE7C383D9439023C06C8BC3B9F
:107530009D474EBE58DC21BE95F8C1BD1067AABD5F
:10754000CACCFFBC8766303D9260E63C214EF73DD9
:10755000B3B8FFBD7CE214BE43FD9FBD4B930DBD90
:10756000A338FD3DB553CC3C18911C3E4111863EDD
:1075700080FFC4BB8E82E33B0690E3BD40B51CBEDA
:1075800056CC44BEFE6FB2BE2E8CCABC7ECAAE3D87
:10759000791C223D6529DDBB2B5809BEC90C9BBD5A
:1075A0002A2544BE31349EBEB410F3BDD694633C4C
:1075B0009D63A0BD962ED53C1BAC20BC5C73D2BC99
:1075C00067E044BE92386DBE427D80BDFD43D13D33
:1075D000BF4DA83C64D5A93C5A5672BB35ED393E27
:1075E000754B2FBD30AD7BBED1F274BE4567E6BE94
:1075F000911D24BEA04B54BDA6FC65BEF02B46BD1C
:10760000E0A500BC609593BD1E6220BDC73924BEB5
:107610007D5341BE488506BE48D881BD026F5A3DA4
:107620000F450ABE79DEE8BC211977BD167F0FBE73
:1076300076535EBEA5F61EBD2657113E3BE8033EBF
:10764000A1666FBE2C0F0BBEE93FA4BDF8D5A73EC7
:1076500010C9043CFBD361BEDBA33FBE1DCE64BE9C
:10766000455397BE238BCEBDA45606BEFC87893CEE
:10767000FFDF6B3DECD9B83DE26513BB0FD7D4BD3E
:107680004BC24DBD6BDB6F3DC135E7BD4E52C6BD34
:107690008BA407BC7B9A0DBDF6E39FBDE07E0DBEBB
:1076A000804B96BDAD6F223EB98810BE433A2BBDCC
:1076B00004BE8ABE422453BE99B28C3E05A918BDB1
:1076C000ECB372BD8671A3BE2D1D86BDE4D76CBE22
:1076D000CD0BD6BEF484B7BEBBE39DBB6F478B3DDD
:1076E00054BF0C3E0591343E93728C3C210CB0BDCE
:1076F0005BDCDDBD174AB4BDDAEE0DBEE39A0EBE0B
:10770000211BCEBC390184BD6C73F9BD820BE6BD73
:10771000455B26BE4FDCE6BC2FDC32BD8A94BD3D06
:107720003977EBBC2EAF44BC029BBABC199AAFBEF2
:10773000988E363C72B713BE57F513BE474F99BDAE
:1077400063CFADBE97B20BBF9AFDB8BD3CBB673DE2
:10775000291A683E09B8583E7B1A193E522627BEA0
:10776000282B00BE8C2768BE56C7CEBDBEF1E4BD37
:10777000A0CACDBC2287A23CD5BD043E82229E3C3D
:1077800026C79ABC2BF68D3D38467F3DE993A13D37
:10779000A4DBC63B3726CDBE92715CBE8F2269BE8C
:1077A000C8BB7C3C9283A23AA9810DBCCE8127BE86
:1077B000082902BF61E5ABBE6A34DCBD66FEE73D69
:1077C00016FFC73D7D2F883EE82DA7BA21A519BE1B
:1077D0006B04EB3C33FF053D890F05BD544D40BEA6
:1077E00063532CBE57E3AC3CC809E138D030323E7D
:1077F000D3EA053E9376B73D0640223B440ACB3D93
:10780000ABB08D3E2D622A3D80CB683E40196ABEEA
:10781000ACBE72BDBD077ABC17D009BE3F30E1BE19
:10782000B233B9BE9A065CBE45F4AA3DE04C813E37
:107830006C7D643EE0170F3E4948383E3E5CC23DD9
:1078400025443A3E647EE73D748AD9BD9B0D59BEFE
:107850006D2CBCBD21D5623C8014E83CDC615C3BF6
:10786000A336E43C30BAE63DA5EA8F3D3796753E37
:10787000483ECC3EC76098BED46DE4BE5A26A2BE38
:10788000BC02893E97E79DBCE23B9ABEAACDC4BE2E
:10789000D6D095BE266657BE041DE9BBC5A098BDCF
:1078A0005D50B83D58199D3EC5E9A63DD77CC43D05
:1078B00058DC253E381A6D3CEF8BD1BD83747E3D7C
:1078C00080D2DFBD07F0CE3C5680803DC206663ECA
:1078D000E68F753DFD32843CB449653E14599E3EA9
:1078E000C918F63DC320D7BEE75C29BEB69E1DBEB3
:1078F0006C56CE3D1C7885BD3F43C23D3BB852BE61
:107900005BDDAEBE9C656ABD146D49BCA3F035BE9F
:1079100016F1883A9FD7993C3A00833D47CF093EFC
:1079200033E713BCDA4D2D3EABE217BDE80BE8BCE4
:107930007DAFDB3A0609C63CD8CC7E3D5FE4843D92
:1079400007AB4E3D1E1C323E46AD693EA068E83D89
:10795000A891483EE1D90A3DA3A098BE63671C3BAD
:107960000655A4BCE81EF8BB83204E3E9F8FB5BDD4
:107970001BE060BE113CE7BB7D6BB1BDCCBD4ABB1B
:107980004F43A9BC1999093EDC8B623D20DF573D6E
:10799000317E013E3C48843EE29E1B3E3E2CD7BDDC
:1079A000E831B23C87C30CBEE329F9BD0E54A4BD37
:1079B00071A51ABD2E09D73DD909733D6FED3E3E25
:1079C00089CABF3D53B2CA3E8E29EABE4F85EDBD7E
:1079D0006E0CEDBA2DD88BBDEEB6253DAA2518BE8E
:1079E000171EF0BC739FFDBD6281863D16C66ABD41
:1079F00049BAA8BCFCD470BEE5FF43BEEE00B03D62
:107A00008A7B603E0740EF3D6857333D6E4F8B3BAE
:107A1000F819E73DCCD7FDBC8108EBBD974B00BE04
:107A200076FA00BE7ADF3ABEFE19593D4F6DEA3D47
:107A3000A0F0073E31ED033FF0EB99BE32084BBD9D
:107A4000B086D23B935E98BD556971BE2F23893DA8
:107A5000AB31CA3D478CDBBCE520D5BD961C22BEB0
:107A60000F6B34BE56AB4CBE2E0583BDA9E3543E0E
:107A7000204D8F3E7FA8D93DA96A0D3E32DF703D73
:107A80007851303DA0C99BBD03413EBDDE139ABD78
:107A900093E022BD0F5D88BD20ACA9BD07F23C3D3F
:107AA00089B8C13D4159EBBD0E3CC7BE29ED4B3EE7
:107AB000A24FC8BD52B61EBD8CA870BEF260FEBDFE
:107AC0007D65A9BD2A7B01BED7EFC63C862F58BE77
:107AD0004C1597BCD24907BEEF420E3E9C00683D54
:107AE000DD01743E8F0BDC3D7BE2073E130812BCC8
:107AF0004E0C3F3C2E69C83DA4EAA4BDCD8B5EBDB3
:107B0000964832BEEC6E47BE466E01BE965AD53BD5
:107B10006343B63D0D4D34BE1266C1BE06A73DBEE1
:107B20007E8030BD6D20093ED1B6DDBEE91A8DBE26
:107B300029F166BE925A32BE356717BE5B92953DFB
:107B40001561153D0B41F53C0B04273EB4065E3E26
:107B50005C11883E3BA3883E4216E2BDD01A8EBD22
:107B6000FC35A33C25A0A73D31A7C73DB23AA5BD32
:107B70003358893B3FC502BEDD8F473D5FBD87BDA2
:107B8000CB2D85BD6A6B6C3CEAB468BE9C206DBE93
:107B900036E3C4BC11C8943E935794BD0CED73BE3C
:107BA0008E3ACBBE520DBCBED4D4A8BEBD31B33DBF
:107BB000A13EE4BC8F2B9C3D7888573E3608D83ECA
:107BC000B0AE6A3EA0358C3D30BF36BDE1B2F8BCE8
:107BD00047E40CBCAADE033E3428E43DD3C9B73CDD
:107BE00093A442BDE397F0BDB08D11BE9EB47FBE9D
:107BF0003A6998BEC123873E5EE585BD235B373D6C
:107C0000B187BABC805F66BDBE42B7BD13833A3C44
:107C1000E2DAFBBE0364CDBE63B589BE8C8A1ABDB1
:107C2000F6218ABD3B44B33D98AAC63D90C39C3D16
:107C3000F829203E891A4D3EB512B93DA493B43DB2
:107C4000FFFBB3BD630F8B3DA2A5F43D6A41833CAE
:107C50008CC80DBE6DE4FBBD9043DFBD5CC07FBE34
:107C600050D8A4BE310AE23DEE3FC03E633E28BD7F
:107C7000EE4FCE3D24A7A63DF14B5FBE2BC55ABBB0
:107C800090AF4FBE2D7110BDDA4B5EBE65DCF7BD07
:107C90000B1081BE9AF8BCBC2FC5C53CE98D043CD5
:107CA000491604BD9D36D13D5F01DA3D2FDA113E04
:107CB000BA530F3EF83B2D3D6ACC83BB4B01833D4D
:107CC0002BA2D1BD63A291BEC05608BE4F4D34BE9B
:107CD000BB80ACBEE51B103E083C703E15CA39BCEB
:107CE000DE4373BD62F94B3D19B86CBD333B60BDDB
:107CF000CBA3073D78B69D3C25FB4FBE703B43BEF2
:107D0000EDC1D7BD014250BE3B02B3BD277A04BED0
:107D1000D7411C3EF1508F3EEE5D833E8DC1FE3D4E
:107D2000FC65203EFF71503EAE99F83C13E340BD28
:107D300016F7B4BD2EFF8CBE47C47FBD020DCEBD6D
:107D4000F8E6D1BD6FDCE03DFE8314BDF09F1EBCA4
:107D50001644E1BC78BB113D8299463D579FA0BDBA
:107D6000FF3A003E137881BE1BA727BF84EDBABE41
:107D7000903CA6BE5CD813BEA1A152BE90BD02BE6F
:107D80002393C63DEAE26E3C660FD4BD0BAB63BBEA
:107D90007856163E86ECA7BDE58AE13D2F9D87BE4D
:107DA000F33699BEC1C9D6BD8CF25FBC64D081BE2A
:107DB000725D5CBE2F9962BE703787BD1265F0BCE4
:107DC000213581BDB4D668BDE924EB3D11D05BBC43
:107DD000BF81A9BEBB74E2BEB202DDBEAAEE62BE26
:107DE000F68C19BEF63ADABDC29004BE3FD56FBE1E
:107DF000EE1E05BE239F603D1CB0D4BD10F98EBEA3
:107E00005F112D3D64136A3E82D9363E30A4183E80
:107E100024F015BB2368D9BDE3C0053CB8D03EBEF5
:107E200043CE34BD2EACE6BDEA2438BD3D45983D79
:107E3000769C763DCB7F0BBD23C1943DC0FFC63CF5
:107E4000B8BDBD3C0B9EFFBD47FF4EBEB4E44FBD69
:107E500084D584BDB6F7C2BDFFFFD8BEDEE42CBD1D
:107E60005420333E2994FEBD5D8EA2BDC0E54FBDBA
:107E7000F2EDCFBCDD011A3E1035863E910493BE73
:107E80000038B8BEFAAC88BB9A1D723CA839CD3E0A
:107E90009860BD3DF9F48CBDA03CCDBBC8ABEB3CBC
:107EA00090329DBC59D3913DC6B2603D4928823D78
:107EB000CBCC5CBD435C4A3D0224A53D5A94B03D09
:107EC000D487CC3CE53E303E6C59EDBD5F8E4B3DDA
:107ED000CB1F863D94A9A2BD19FD94BE8094003DA0
:107EE000A493CC3DBAA8A9BD9AFE9CBC02EE373D36
:107EF00086990C3D536B11BEBE290FBEDE4C97BD5B
:107F0000B8857E3C844A30BDB4DB943C6245323D4A
:107F10002E1A7B3D641A58BD923AA2BD59C70DBDB9
:107F20007AC94BBD16940E3D2C99AFBC5DDCA33DC8
:107F30004E146D3D7070303C1263753DB0C7C9BBC7
:107F40003B9DEDBCF86C38BD7932BDBDAF5982BDEB
:107F50001426C33CA217623D9BE163BD64C2AFBC63
:107F6000C4DF97BC54D780BD610D12BD1014DFBBB8
:107F7000E00F59BBF22A59BD060E3A3DF518873D70
:107F80001677613DB9304BBDE8EFA83C4E06783D11
:107F9000ACAC963DDF08FABC1DBA48BED3D11FBEBB
:107FA000BBA580BD9DA46FBD2D7FFCBDDA9887BDAC
:107FB000B94336BE1F5516BE52A897BDEA26B8BDB6
:107FC0000AB948BE16AF26BEEF1962BDAEF41CBE9C
:107FD00052A21BBDEE5DABBDC43703BDCC63D1BDAA
:107FE000A440873C775C8EBDDFC662BD045C8EBC5E
:107FF0008B8FA13D584C41BCEDCD943C3A76B4BE3C
:108000000404C3BE34B7D1BD8B8C9BBDBEDEEFBDB7
:10801000900EE4BD756AF73CD8C372BEE6E0CDBDF4
:108020000763883EA488D73E7E788C3EDAB34D3E07
:10803000141A78BC8177633ED1BA663E5053193E1C
:1080400091D7F03D9F4C273ED894423D14DB6EBD46
:108050009F39B3BC62E98CBD8A2E3E3D316489BD37
:1080600098584D3C5255303D29D238BD74DBD2BEB4
:108070002CB757BEBDCE05BE46E548BEB301CDBD4B
:10808000528AEBBD4BBD9CBD9DE6013C9619B13DAE
:10809000B1ECE23B3B3D4FBEE5CBFB3C5335C03D35
:1080A0005D7B00BDF87101BE30C4C9BD83B6533ECF
:1080B000D9D3EEBD0807863E7247383E4539963E15
:1080C000FF3BDFBD6B8B8ABE44BE8DBE294FAA3DF0
:1080D000AE9E283DC1072CBDEE3568BDD8773CBEAD
:1080E0005C7F1DBEA0AE29BEF6AC51BD6CC81E3D66
:1080F00080CDBEBCCFBDA03D5B32B5BDD5AE40BDD1
:1081000079CA76BCF4D9A13D9A22663EFA8FD73D52
:108110009E8DFB3D9B084DBD5E922DBE8C4B31BEAE
:10812000ABDF653D21CAA73E36796C3E9785A73EF9
:10813000916EC03DEA5F543D6D087EBD527F523E58
:108140002D0053BD0F88A83D774427BDDEEBD9BC79
:108150007C43153BBF87B13BDAC9BB3CDAF030BD8D
:10816000284C95BD11F2013D0E98D53C38982C3D18
:1081700098166AB8DF4D4A3D56C6063E2037F2BC17
:1081800048226F3DA4D4053C11B7DDBCC08EA4BB12
:10819000DC5ACC3DB4BB143E1304473DC32C9B3D7D
:1081A000B1F0043EE951963E368750BEB011EC3D29
:1081B000E854753C42CE3EBE8A93EF3D1A29D13D2C
:1081C000864FB1BD322F29BE54FD28BD1E262ABEC2
:1081D000EB1306BE919DBE3CF8BFAF3D8E27323EED
:1081E000D2D2C53D7D14A0BDC4C947BD8FC6743D64
:1081F00042AA17BD04C7423C6B062BBEC60AE03D2F
:108200009E55A93D99ECFDBD38A386BD7013953CE4
:1082100051ECB4BDA4EB373EF0BDA7BDE7E5573E3A
:1082200076DC89BD8B59D1BD29B2C13D9FCD153EAC
:108230001CFC7F39D82A24BEEE9FA5BE8F68A0BE45
:1082400071CD0CBEE0FB38BD0351FC3D2427D6BDEB
:10825000DDE776BCB6F8F6BB4C53DABD865A2DBBCB
:108260009BB9D3BC571C06BDFA0EBDBDAEBFADBD9C
:108270009718FFBCBA8E39BD2C67033ECB6A1BBE74
:10828000CCEA3DBEAD72143E0661CE3D48CAD43D37
:1082900053E080BD097377BDBACCD93D69E6EE3DA8
:1082A00020A6763DFC0775BC3DD210BE940015BEDD
:1082B0006D0D37BECF0349BE2D05C9BD3A7EBD3D0C
:1082C0005FD3A1BDD05CF5BD50E060BD655893BCE7
:1082D00031B5DFBCC9C33FBB0B51913B549EA13D9F
:1082E0009985A53D0DC8623DD554B3BDD143EFBDC1
:1082F00017E3C4BC913ED03D46818E3E478791BD79
:108300008FB3C7BA1D3D99BD78A335BE8E20CFBDB2
:1083100011B701BEC8A64EBD745C14BE84892CBEC4
:1083200017A186BD69DF883DFEA1123E2F537F3C19
:108330000559E1BDE86638BE1A89943D4EDF643DBB
:10834000E24E043E51E7903DF1358A3DFE115B3D22
:10835000AC2A3B3DABB7353DB67F9CBD77F2E3BD64
:10836000E0B5BCBD7BE781BC51AF0B3C43002CBDED
:10837000F10A89BD8545A6BD320EC4BE2C7D91BED5
:1083800074E7DB3C28F462BD4681AABD6E76A4BDCD
:108390000B03B93C3C16B23DF9E8BC3DD10123BD0D
:1083A000141F69BED63739BE922C9A3CBAEC7CBDFC
:1083B000F3A82DBE580517BD5A091B3E8E60533ECB
:1083C00064D9813D3AF9A4BDC11A2BBD07CCBF3C8D
:1083D00043C322BE9CFA16BE767BBBBCE957F2BCF7
:1083E000D4A811BDCAF90EBE079731BD1FD7053EEF
:1083F00090713CBDFA5B193ECB82C93D416D0C3E8C
:108400001D8A993D46D77F3EA386993DE66EDCBD29
:10841000A8C7513D445E8ABD6B79263EEE661CBD01
:108420002487B63C59F898BDE8B11D3DFE1E483E74
:10843000ED7D0D3E32280D3D9EA99F3D02CC9CBC9A
:1084400049DC5A3C9E138EBCDE14743C53D196BD5D
:108450001D64D13CC910B2BD00DC103E043DE53EB8
:10846000EC2ECC3D68454A3E27BDAF3C5A8DA73D1A
:108470003B61113ED482053E7B28C13D02300CBDDC
:1084800055810C3D69E4993D9836F4BC7036B03D99
:108490006BF9CFBD4F56CCBDBC8514BD8A074E3E8F
:1084A0006F3ED8BBFC8D1E3E55B8ED3C77D3EDBB7F
:1084B000B058B0BDA4A792BE66BA90BE5E888DBE0D
:1084C0006934B33D0BCE82BD410A04BE9ACD573EFE
:1084D0002A2FAB3DDC03403E5433703CBAA28B3EA6
:1084E0002541533ED00C4D3E20514F3C13B78D3D9E
:1084F000776DFF3D03D03F3D403687BC4E437CBD8A
:1085000085AFC93C611D983C450E86BDBD22263D08
:10851000BCBE3E3C4AF244BD2F2C6ABDD94C97BD2F
:10852000F9DD84BEC989A0BE35C497BE672EEBBDF8
:10853000847F1DBD99A2E7BD93E578BE004426BDAA
:10854000FCA5523C47891E3EAEC55F3E257B603E82
:108550009BEC013E2244213D2078243EE8409B3E96
:1085600014399D3D64FC8DBC83C122BE8C3617BE80
:10857000676632BC6B68943DB695033ED5CECF3D61
:10858000D2BD59BD108195BEC3B20ABE23A34FBD53
:1085900053E3A5BEB55F0E3E148A4DBEC599383C67
:1085A000FA5706BE6ECC51BE8AF73BBE8A4881BCE4
:1085B00060ADD1BD128331BE4860FB3D5986203E7F
:1085C000C3CE343E28B9193E3651223EFDCD523E2F
:1085D000F7302A3EF87708BE5582DFBD155730BE0A
:1085E0000223BB3D79DFD63D80D618BDF6C73FBD1F
:1085F000ADCFD3BD329B5EBEBEF1A7BD93552DBEA0
:10860000C493E0BE854AAC3D37B7783BE582EEBD0A
:108610007BC4B43D46C60FBE3992C4BD756101BC72
:108620001BD4A4BDF0A30E3C3E67633EE0D1DF3D0A
:10863000B8C65B3EB3F6913D8284113D83D1233EA3
:1086400073DC08BEF41117BE0B0709BE1D06BABDC8
:1086500018AFFD3D1266F23D7F2885BC6581ECBDFB
:1086600072C433BEF3BD0DBE1DC011BE37FC3FBD8D
:108670009A286BBE6C115CBD852E8FBDB33CEABDE4
:1086800010E7683CB0890CBE92EB473E9F4F5C3CC4
:10869000362A1CBD424852BA7D33183E4C0C3ABCB7
:1086A000FFB6D93D9DEEAB3D1474363DA35B19BEBC
:1086B000FA41C9BE9F824BBEE37FDFBD03E8083E9F
:1086C0005803213EEAFD15BD249B76BD8C5B6ABD37
:1086D0007BDDB83DC68E45BE2DBA0EBE8C1A4ABD96
:1086E000CF6DA3BDB0491EBEE56A7BBD596708BE0C
:1086F0003DA1203DCDB2E3BDF174233EF103F8BDB1
:10870000E98A07BC8C08CA3CCA9BFE3D6958F53D06
:10871000AB5BD03D55F439BD274302BEE15A79BE6B
:10872000E6DB96BEDCE8D43C8DE97E3E2970973DC1
:10873000BE3ABF3DD59493BDBC6819BDB4D809BD40
:10874000B8462B3CB1A6FCBD757EF8BDC37EF3BD1B
:108750007A24A53DF3BB87BE3260B63D468FD6BABC
:108760009FF2B13D09B142BEADBB27BE28F862BD44
:10877000096B143EB49D35BD2420873CDAC204BE8B
:108780003D8A893CA5EE2CBE884B73BEA2E271BE29
:1087900018D9A8BE1E0D143E28FD603E69F2893D21
:1087A00065F4BF3B948143BD365C4D3C37083C3D8E
:1087B00075860EBEEA72A1BD3334DE3CBBE338BD24
:1087C000A733EB3D03CE2CBE93F7883C7863F8BD0E
:1087D000072E893D69F682BEA4577DBCEA724CBE65
:1087E000CE822FBEF2B5233E1CBBD73D7F6D98BD18
:1087F000D83398BDD7DA81BEF16749BEF99E70BE05
:10880000CB6206BE03245F3D21CF5F3EA9F6F83D53
:108810003B0CF23CBE571C3DFF449A3D1E44473E74
:1088200054826F3D0DBD5B3C2451003C7852AEBD7F
:108830005936003DB031B63D46F6A63D6678093C56
:108840005565313D3B0180BD1883EC3C3654DDBE9F
:10885000AFCF81BE025B7C3E0709CC3DC73A3A3DB3
:108860008969843B08491DBD711F16BE73C3B0BD25
:108870003EFF363C864F2C3E1C17193E1AB1C13DB7
:108880001CF8213EAE32793E5E474C3E6212513EAC
:1088900029B36F3EA639153E316403BD3F3CF43D1C
:1088A000158A263E34166FBEE36158BE3FA7ADBDA4
:1088B000B6D21E3BAEA7AE3DF43901BDE0B0CBBD94
:1088C000D152DABD162D22BD0DCFA33CA6A829BDDD
:1088D000E38340BCAFC7CFBC4640E5BC027668BD71
:1088E0007A9793BCC444213D3FD5CA3D1EC7053E7F
:1088F0004BEC133E955C6D3E5C25973EA2E6C53D74
:10890000F5F1473E8C91823E532399BD462030BD00
:10891000E177153EDE026E3C1BC857BE5DE4853D27
:10892000E245773D965212BD1BFCC3BC154D9FBD61
:10893000E45CF2BD213F6BBE475F46BEFE10C1BE88
:10894000CA2275BEB4EC94BD90E37EBEEF9C8EBE91
:1089500047FCDFBD30F592BC8204A7BD2159893D9B
:1089600039F8493E3419493E01DB3D3EF40F1B3EC8
:108970003F8FC13EF5F0783ED9AD493DFE32953E80
:10898000F69246BD17F237BE0B7435BE8054903C4C
:10899000F6F65B3D17B720BD32FAC5BC0C7801BEB8
:1089A000BE43A3BEAA425ABEA0E837BE4B0030BEAB
:1089B0003BA5F7BCC95E69BD30E366BEA1AAD1BDC7
:1089C000238642BE7E1D41BEE5CA47BE6DFFA6BDE1
:1089D000195C413D140E63BE62C1383C82F76E3DA6
:1089E00093C66F3DDE55673DB2BD3BBDAEA05C3D5D
:1089F0000BA2E4BCC6BA303EC91B6F3D3FA581BD8A
:108A000076D13DBDFE0E9EBD652BB63DB298703D44
:108A100069EA36BEB1E83EBE94BC54BE3E52BCBE0E
:108A20007BC8C4BE72C8B9BD40F685BD99B9D3BB79
:108A3000AB769DBDE7FE20BEA7AB2B3DD19DCF3CC5
:108A4000EC71D4BD070BFE3BBB1BA53DB69DDBBD4A
:108A50003D1D353E3373933E6E932DBE042D31BEC6
:108A60002A038CBEB71C583DE8E17D3DA0F1893C4E
:108A7000A158A63D7AF47BBDB5AD913D16DBCF3C48
:108A80007224073EB54724BEC9A990BD4E8D703DE6
:108A9000ABCE04BEFEB2DA3D3EBFD33D22B64E3E63
:108AA0003C5E113ED56C02BDE08BD93D8D623CBE73
:108AB000079BE7BD2519203E1562133DE4F8A3BED0
:108AC00040473D3C230D853E7986CCBD2391753EC4
:108AD0007BAC123EFE348B3DE09FA5BD30398D3C12
:108AE00030427B3CD0C418BD2A8D313D35CB3CBDD6
:108AF0004F05713C4B6EDABD41F5CD3D84E9A73D94
:108B000055CD223D91BE0F3D7528C93D8C70063E66
:108B1000E660223EA7703FBDFFED993B6D8D2F3E75
:108B20008EC581BBF8C311BE9C01573E3CDF3D3E64
:108B3000F322283E5F248C3D3A2ED23DC61D0CBE4A
:108B400080E421BB7DF337BD86F7643D140DF5BC91
:108B50000DE101BDA91E0BBD80E453BA7A7798BD23
:108B600012A670BD02D8A3BD584136BD00A2C3B93C
:108B700028DC97BD622BB1BCCDC57CBD84E30E3D26
:108B8000A2CE6D3B554605BEAC2C893D03C91CBD2C
:108B9000746570BD98F43CBD389526BCED5E25BD6E
:108BA0001C3DADBCC0CF683BD05A1C3D60526EBC72
:108BB000B5E5973D18802B3C246DA8BDE47595BCA8
:108BC000C8C8D5BC00E80EB8EE81003D24A5AB3C7A
:108BD000A1C24FBC4919EABCDB1B0BBE38872EBEB5
:108BE000E0D22CBD6CBF9EBC4566EABDF8B476BD34
:108BF0000ED422BEA39A6BBE807224BE84DDA7BDB4
:108C0000994EBEBDE1B8D2BD359586BED242A6BE54
:108C10004D0AB5BEDFC0A1BE5DEF54BE45EB84BEBC
:108C2000486BB43CF3632BBDC0DD2DBBE2342A3D61
:108C300031C104BD0044C638EE26C2BDFDF898BE61
:108C4000ECD760BEC7F44C3C0D18D1BDB75772BE0F
:108C5000385B63BE433DA4BD63F2A0BEA3DB88BE08
:108C60006EB2CABE96D404BF2DD0BFBE7F3290BEB6
:108C70002539C6BE51E7833CF980323E43432CBEC2
:108C80003E7BAEBE6D77E9BEE981DDBE8D9C68BEE0
:108C90001CDD423CA640DB3DCCF652BD8835E03CB5
:108CA000C01056BB40C8C0BBC769B1BDB534D7BE44
:108CB000DBAD29BE685D22BE665385BE2E33E0BEA5
:108CC00087F39FBE9DFFEBBEFF8E32BF76B5A9BE78
:108CD0005201E1BE083B36BF047F34BF600EC2BE06
:108CE000A4F691BE58BBF5BE2F2C8CBED6E23DBD7E
:108CF0005435A6BE4C3591BD095D9ABDD5FBA8BDC6
:108D0000F6BC0CBDC9B7863E4AD7C03C5054353C72
:108D1000E07B56BC74928FBD60F0B4BDE0BC9CBEDD
:108D20007C432CBE208DCBBE68F3A3BE4F638EBEAA
:108D30002A1E0ABFD91511BFC49135BF282B0ABFFF
:108D40003E3406BF9C020DBF1BA467BE77DCBCBDD2
:108D5000A1947BBEE777E3BD4DCCDCBDA64AF3BD55
:108D6000167B6BBE3FD4CFBCD040A23DAF7B7A3CDC
:108D70003B3E703EA2967A3E1E47AA3EBF7504BE99
:108D80000983973D7642643DCF740DBEBD09B6BEE2
:108D900027F9B1BE35B0B7BEEBF0E1BE86AE8ABEF4
:108DA000B3584CBC98472EBE81923CBE39C457BDC7
:108DB0005ED109BE8A07D9BD3FE815BE3C8487BE97
:108DC000D91E86BEF7700EBE3EDDB9BC426A3EBEFD
:108DD000A6D018BE57A9043DB4E7D73C97F020BEF3
:108DE000A65212BEBF54F53DF748433EBA5666BD83
:108DF000C0E3563C4D4BBDBD0EE6353E955A9DBD7C
:108E000050948D3DD3A8BDBC3287D3BE2A8C37BECB
:108E10009313E83D33207B3E31704E3D50E2853D5B
:108E2000B2F4323E33160E3D8EF3953D767CAC3D6A
:108E3000E128EF3DEB647F3E6941483E4BD8A33EBD
:108E4000983F273ED19C703D0E6A0A3E40DA033EB1
:108E50005FCE3C3EE133BC3E30DCDB3D6BD24CBEF2
:108E60001840713DFDE304BC9EA59D3E0A30163EB0
:108E7000B5C632BEF2EC7DBE570D05BE2BF91ABE4B
:108E80009CD5003E2D2BB43D4E54263D8DB7E03B86
:108E9000ED4FF23DCB785E3E6110F03BF0FEB03D11
:108EA000DF4BF03DE564623E7ADCE33D82B0863E16
:108EB0000B677A3DA5832C3D20B4153E80F3C43D5D
:108EC0005763333E2F1B9F3E053194BD29C52CBEF1
:108ED000930362BD9C2DA23E6D3C773D12DE0A3CA1
:108EE00026C48FBE4B3EB0BC2127F33B1638D4BC02
:108EF00067595F3EE5CC173EF9AC383E5CC23F3E59
:108F0000D309D83D7E6D453D69C0DF3D9B8B863DD5
:108F1000D381D43DE385083EE35E893EE53C8C3D4C
:108F200075D8A63D4A3963BDD9E7573D65C6093EA8
:108F3000994CB03E8073903E81797F3E3D36C03E75
:108F4000E8F9B63D8E60333EAF8A8CBC88538C3CCA
:108F5000063C94BD2334823D026E513ED57301BE62
:108F6000A5C8E4BBBA1B503D37776B3ED9E73B3E03
:108F700053D81F3EA1F9323E90F5113ED287953C61
:108F8000F9B8BD3C2FE1823E079B383EF1C537BDA5
:108F9000FA88153DF13ED3BDFC4B1A3E7A0A003EDD
:108FA0001A3CC83E401B0D3F865C033FB579A13E8D
:108FB000E0CF04BD0615123E057B2F3E5B394FBE48
:108FC0009321473D1E817A3E5D2ECC3EBAA9C9BD94
:108FD000EEAC5EBDB980223E0474123EDAADA53D12
:108FE00014468DBC4EB3B63D7A8B3F3D6C7FCEBDF3
:108FF000DB01AC3D139620BEE64DEABD0262DDBD4D
:10900000C04A00BCC928063E54C6E53BCA2258BC2B
:10901000B5C1843E0640B93E9792ED3E8429303E6C
:10902000D069003D4E91853CD423673EB9AB21BC4D
:109030000B600B3E4F4B8C3E14395F3E7E2ECD3D78
:109040006896293E4964903EDDC91F3E1797183E39
:1090500042660D3E3DE9E43C4970A83D63CE4B3D80
:1090600082F68BBD8C48EBBDF5308FBD719B3A3DD0
:10907000A674C83D035D7F3C1DD5F63D864E3E3E41
:1090800017D6833EAED7813EB977E13E0607633EF1
:109090001EFAA33CE9485E3D81113A3E5CA1AA3E1E
:1090A000A2B8543E0093AD3EFE911F3D33E70C3E07
:1090B0008581813EB04C153EEACAC13DE40B9FBCA0
:1090C000B85632BE0D9898BD6192C1BDB0DC7E3CF1
:1090D0002843C8BDA95FA2BC84DDC23CF17AD73D5C
:1090E00092573F3DA387D3BA5352843D8DD5DDBD02
:1090F000D97896BEDCA28E3E958F393F974B7C3E49
:1091000065010EBE6BAADCBD5E7A353E5204643E3C
:1091100023019C3CF67E8A3E37B111BE4B850B3E47
:10912000EFD2073E32F7013C50A6753D93263ABC7C
:1091300020A76E3D0A19D53D7907B7BCA2F5EB3DD6
:109140001EBB1EBE7A2FBCBD994F033E7E89733D68
:10915000BD10343E60B5D8BDD46292BD606456BEC9
:10916000452AE0BD9DD9A53EF922C93E0AF7893DB1
:10917000F3EF5A3CB57F16BEAFB7553E2670963D0D
:10918000218F143E3D594ABE0937993DF83E763D40
:10919000D23B7DBDD18AE9BD418A27BC4A0F8A3DB9
:1091A00075C1CE3CF9A0A33C3BE80BBCC3BE1BBDC4
:1091B000FD5877BD83581C3C137D3A3D24B7AC3D28
:1091C000962E9D3D40F53CBE5934A4BDA69FC3BD1F
:1091D00003DE67BE9100BFBD4895F03E1BF5663DBE
:1091E0004D35323D1BAE40BD170662BE6636DB3DD7
:1091F0003AE53C3EDC9C15BEEFBA913DE880DCBD13
:10920000237C34BD9479D8BD8871823AB8E2203B82
:10921000FAD11B3D3F16E43C258635BD0CA9843DA3
:109220002F21E6BD6FD8273DEF4CF93D0464143E75
:109230007A6F0D3E51C583BDB1DDCCBD95B53CBD4A
:1092400015E387BD9B9C91BEEE9E493E830E713E09
:109250006F5E633D67E5ABBDECA38EBE6C3F943D96
:109260004018FA3D32C569BDFE00D9BB19633FBE47
:10927000B03DC73C5667783DCC549E3D89ACE3BCBD
:1092800069D6443DDA9BFEBC85D2CDBC356C0A3E26
:10929000E30388BDEB19213ED2FC3EBD0463ABBDA8
:1092A000D7BBB33D0CF1153E14AC673EB673E4BDBD
:1092B00079E4ADBE1523A5BE21FE7E3EE9560B3EE8
:1092C00074F0C3BC0378A2BDFAFCADBE2B6A913D1D
:1092D000FF245BBD4FEB9ABD04F3A33CA390A5BD57
:1092E000BA6B583DCFB46F3DEF9FC9BCD285CE3D20
:1092F000861C813D419E943DFB0EABBD716DED3DE5
:1093000042793F3DBE4FDE3DB89228BC0D0218BEEB
:1093100095C622BD4A12A73CBD5F05BD02F457BEEB
:10932000B5ED7CBDD37640BED1699B3E9FDC573EF8
:10933000663B673E13B09ABD4132CEBDE121E7BD29
:1093400049C49BBD9D4D553E5F2A863E93711E3E8E
:1093500037DADF3D5022B5BDD978823D387618BC6A
:10936000CBFD2E3D9DA83EBD59A34A3D74FC413D19
:10937000947C4FBB72ECC13DF132A8BD48EB77BB8A
:109380004FF3D5BDCD7DAEBC0C773C3DAB2AAB3C9D
:109390000F5988BB444B21BD30BBAD3E6B6AEC3BE3
:1093A0008DE9A2BC2DB076BE5EB2CC3C0130D2BD00
:1093B0006504ABBDFC053CBDCD902E3E0FABD7BDCB
:1093C000166C06BD7284B1BDC449903B57173DBDB4
:1093D000AD33B0BCDC270B3D20EF69BC897A253D5D
:1093E000378166BDF4190C3EF1B2BD3DBFE69C3D30
:1093F000CCBA8A3CAE5E45BCA740F13D17B4483EAE
:1094000081189A3E68F8013D4045203EB49F7FBEDA
:10941000791BA13D8C939BBE5B60903DDDB82FBE58
:10942000C3B791BE3E0D803D4A58703D3A5838BE94
:109430008E091EBD36655DBD0A6A4CBEA88B05BD92
:10944000C40BFEBDFA9A083C9CB002BECB78E73C48
:10945000A28EDD3DD78AF73DF5BB47BD8C78F63D42
:10946000888BC53C19C75EBD145755BED8F0513E18
:10947000ED7C883E5ABE8A3EDA6BCA3D9A28DE3BB6
:10948000FC3FC5BCD7D9C83CB656DD3D30839EBE37
:10949000D1BEA63D29B0593E32EB853C09878BBD34
:1094A0009CEB10BEEC8690BE44BD7FBE79CA17BC53
:1094B0009CE813BEF23A69BD0D9986BDC21D7ABC07
:1094C000614ADD3C4BC1DC3DF9A791BD6B6F82BDAC
:1094D0008FB030BE0DE2ECBD881A67BE422FB7BB1D
:1094E000EB41053E9A1F143E0B69BDBE302219BDEB
:1094F000A478C0BD1D2600BCDEE6F1BDFA669D3D28
:109500003DE9553C84F12FBEF86585BDB1E8EE3DDF
:1095100091354FBDCF024EBE73453ABE155808BEB9
:1095200074BC5ABD9A475CBE64B24FB9D0E2E1BD8B
:10953000FB5C86BDC99B9CBD530E2DBEC77DA2BEE4
:109540002CB26ABE2B78F7BD92108CBEA6D7313DE7
:1095500073DE833E5FA3763D68BE70BEF0CE663C90
:109560004164993D86BB793DBB4602BE5004C5BDF2
:10957000DDD3E03D3857A83C39A28C3D1149453D2B
:10958000BB01603DAF070BBEC0F827BEF3F9EEBDCF
:109590007157423DB2BDBDBC982069BD5BDA1ABEB1
:1095A000BEA8D3BD946943BEC55850BE323C27BE49
:1095B000FD9AD9BD1BACA1BD9625023ECFD8283E51
:1095C000CC09513E1E26093E4D6C25BEB7992DBDD6
:1095D000A8B2093CE405A2BD3F38373EE72F9EBE46
:1095E000E1A28DBECD03083D69375F3DBA07BB3DA3
:1095F000C64B3E3D373A9BBD1CDE173CB8C2853D8D
:1096000076B8353C67158C3DDFB6FEBDC1B202BDF4
:10961000036C36BEEB931ABEA68954BD7D8B383ED3
:10962000172A253E8C4171BD5EADF73D115AC23DF2
:109630003C635F3EE4025ABEE89697BDB8097E3CA3
:10964000BA5E593D42E1413D180A6D3D8AFA743EC9
:109650009AADCF3DBAB7093D9D5A7CBC8DA719BDC7
:10966000755B8DBC2751BFBDDA4F973ECFDEC23E42
:109670008987BF3B830F543C58A4373E468C523EEB
:10968000D1C49D3EC22EC53E344A813E59F5343E7A
:109690005180AA3E2915D03EE683E03DA09F0CBC38
:1096A000BC275C3E4C2ACF3DA5A903BD7C298A3C42
:1096B000BD8D953DC88CABBC3CC97DBDE990A83D36
:1096C0004E3BDE3D7AE1463D02F7F53C5D2CF63D32
:1096D000C4AD153EB2CBE83E2A79553EDB1A123DA9
:1096E00044168E3E300CEF3E3D9CC53E3C9CA93D51
:1096F0009DB6723E91978E3E77EF983EF0EDC83E54
:10970000B3940A3F37A10F3FFB0AE03E3864623E44
:10971000118D603E23456FBD84B1B93C684AAE3CB3
:10972000C0D4363B310C803D5889CC3CDF77923D2C
:1097300083138CBDF269093C444DBB3D7A8C633E7A
:109740003F952B3ED6ED413EE20CC03EA53B423E4E
:1097500055C0413EEE3B753EAA83D13EAB053C3E33
:10976000458D223EA935413EE715D33E6B8CAB3E7D
:109770000925223E2A246F3E1BE72C3E3DC15B3E5D
:1097800056FC573D5E8253BDAC069FBC1A43483D14
:1097900025A48B3D002A563A8A232F3D0D300BBD60
:1097A000804B27BCD4698ABC7E2A27BDBD739C3DF3
:1097B000607FA7BB0A8F5C3D861CA9BD9CF98EBC4F
:1097C00008B9A2BD39C2323D730080BCE76C623D6E
:1097D00028F8F23C533585BDE5E29E3DF20E703D22
:1097E0007FD309BD7A67143D8E49113DCC71A1BD6F
:1097F000311605BDED60953D929238BDA2E57E3DE6
:10980000F4A2DF3CA43636BD9CFA7DBDC00188BB06
:10981000262B813DDFC64E3C6DEC713DF60F34BC0E
:10982000C518113D4B96943D1FCA3DBD7254763C00
:10983000F895383EE6CF673E7C28943EDAB1C33EC9
:1098400085BF933C5F8DA6BBC0B0523EE1542E3E17
:109850006B64223ED3A4713E011E053E901DA03DC7
:1098600048864ABD0585983DC3AC40BDE8A71C3C71
:10987000E56EA43DC06D65BD9A844D3D5EE66BBD51
:10988000BDBF033E8E7C303E5EFDF1BDA60B0A3DA2
:109890004D8684BE3AD2CDBEC954C0BEF9BBD5BD3B
:1098A00023A997BE8B21A33DDE3B843D0C0B8D3E4F
:1098B00058EBCE3E788EDF3E6AB3543E01F0C13E97
:1098C0000123F13D7D531FBE999D403EC6DF223EE0
:1098D000AA0231BD314A0DBD5A78563DB0D7843BFE
:1098E00010B2B53B86DBD2BCDEE542BCE2636CBDA8
:1098F0008630533DFFCFC9BE116AD1BD13B1A23E20
:10990000CA2D0A3D523FBFBE79FCD8BE36DFE8BE45
:10991000FCA59EBEB5C00BBEB89CAEBBE287773C33
:109920009FD0AD3DA883553E5CF7343E8BA6BC3E30
:10993000A258893EA909A73D05BC4A3EF5AC973C13
:10994000254E90BD961380BE3F0F473DD581943D77
:1099500034EDFBBCAE3C2FBC42A458BEED600E3EC5
:10996000149D84BEABC8903D184D5EBD416069BE7C
:1099700055A607BE060BC9BD4AB60CBDA49A4CBE7F
:10998000AC1758BEE38583BDBE755DBD7F8E533D6C
:1099900024112C3EDA5ED4BC7A485E3D41C3183EA9
:1099A0009962533D55F7933D035765BE1366C2BC9C
:1099B0008533B6BDE698A23CEA77193EF0198EBD14
:1099C0007E573C3DEA2C423D053B043DC4BFD03DA3
:1099D00092624ABE7771823DE3E02FBEEFDB95BE17
:1099E000924B79BE621A0CBD8AD56CBDDC9CAFBDB2
:1099F0007A7FAABD842B77BC9EE295BCAE6DB03D4C
:109A000017C5B93D1A74103DA510243DD802773D05
:109A1000451FDB3DFF64CE3C8664A53DE844833EA4
:109A2000D8EF4C3D0E391DBDC41F57BEE0180CBE0B
:109A3000270847BD3D5A203E32A88F3CEF3D92BDDE
:109A4000583A8F3D85E2A33BD344A0BEBCABA6BE33
:109A5000FBBDAABE5F984ABE0BFBA73D7C7CC9BD7F
:109A60003EC3FB3D2C44B73DA55F023D5253113E22
:109A70003EB1323D25AB913DA1B91B3E61AA233ECB
:109A8000A806103DD473A3BCEA18853CA87E8B3D84
:109A9000B0B7DE3E8C7E153F01D8FE3E03568B3DAF
:109AA000145E97BD8F9A123EDE2833BE9D649F3DA3
:109AB000F6099FBD9392FDB98433D8BE8EA529BE09
:109AC0005DBE11BDDAEC02BDBBFC0E3E2479773DD4
:109AD0000552063EA6D782BC51AE943E5704B53D12
:109AE000C70C883EFB67313E6E054F3E7288793E5B
:109AF00051AE793ED98FCABC24540A3EBEC0843EC2
:109B0000A630EC3DE6A2873EE1DF3A3E008BBF3D4A
:109B1000A84A5CBD6DC5463D3A4CB5BEC470AB3D70
:109B20007CE683BE098192BE5001D0BEEA916CBD35
:109B300016CA42BE43D4DCBDACEE08BD055BFFBD1A
:109B40008EC76E3C91FED03CAF5F543E329F493E83
:109B500004B27C3D03472F3DAD98C0BDEA0D3ABE2F
:109B6000382341BDC99447BD8716C03C84C0203D01
:109B700079F9623D0EBA70BD37DD5CBD2149BB3A53
:109B800040D1D03A108A273D55628FBEC615DBBD45
:109B9000D1FB47BEADC4BEBEDC4291BE373198BCDE
:109BA0005834ACBDDCB345BE58CE13BEA37BFBBD61
:109BB000224203BE4556253EC8FC613E1DD7AE3D40
:109BC00080275DBE1839D3BEF157B7BEDC929BBE6D
:109BD00044D8DBBE952FE0BEE2DA87BEA2D7AABE8C
:109BE000E89997BEB2B587BEF6B7BABDD11C423E62
:109BF000D8E531BDCACD7ABD1CC594BEF0AA35BE2C
:109C0000EC7360BE85F3C9BEAF482DBE04A5943D7C
:109C1000C3C5F5BC0B18CBBD8E6190BD9298E8BD55
:109C20006E38853CD162193EDC77EE3D57DECD3C87
:109C30006D66AABECD9089BE8C5A02BFAAFA03BF38
:109C40009D852DBF321C35BF70E236BFFE7770BFD9
:109C5000B71940BF084087BE5921783E04DBA93EB2
:109C60001A91703D177FF73BEB80153C7EEEA4BD4B
:109C70007538D6BCBA95C5BD1DF9B2BDE66C4ABDF6
:109C8000AD876BBCA5780DBD50CE21BD48D2BCBD03
:109C9000F3FA083EFEA2593E94861B3EFD41D2BD1A
:109CA000BD622ABE0EA463BE70FE4EBE4D02BDBE96
:109CB0003A7E10BFFC8D2DBFD43431BFAB706CBF6A
:109CC000C55356BF162C15BE341F7B3E36114F3E72
:109CD00001668A3DF91DA53D7953243D0AECB43A4D
:109CE0001BC19D3D876EC2BD5E9365BD7D23E5BDF5
:109CF000ECCEA7BD6B905ABD1F93CD3D6F71803EDA
:109D00008F734F3EC376013EE0DCF03D3E78ADBD43
:109D10004070E83DA10F89BBEB328E3D076A2DBE36
:109D2000CDD5C5BEEA220BBFD285F0BE5456FDBECE
:109D3000694332BF4AB9D8BED476F13D1F09243EEB
:109D40003C933B3E385CB03D233C62BDBE86413D0A
:109D5000C2A6BD3D267268BE13A7313EC0DF1A3EC3
:109D6000E1927EBC021297BCB951A93D8B38BF3D30
:109D7000346D653C46F68C3D04EE2E3E00524CBDE3
:109D800012237A3D061B8ABBA81300BD94E52CBCA8
:109D9000A20C0FBD6ECF7CBD889A13BF6157F1BE78
:109DA000626A1DBFEC480BBF50D1D0BD5F7722BEA9
:109DB000DB7C3C3EC6CB4B3EA6926D3D4E7E4A3E82
:109DC000F21BF43CCCBB95BD3A55ACBD066C44BD12
:109DD0005EDD7EBD8FF1483D1DE8083E522B3CBD47
:109DE000FD39BCBD14CDC3BDD30C443CF476BBBC23
:109DF0009333213E1C2E40BD20E5E23DA1428C3E26
:109E0000ED68773E50DA563ED1D46FBE8AD0EFBEB1
:109E100057A633BE4780D8BD06F20BBDF6A527BDB9
:109E2000C697413E87A6113E7B48563E527709BDF4
:109E3000DC78C0BD1036BE3D2C7FDCBCAE1CC3BD83
:109E400086BD1B3D728D87BBF6682EBDABAFD4BB04
:109E5000F5A4B2BC28C59ABDFAADBABDFC040EBECD
:109E60006407053D5BE4E13D5A5D493DF4B4413E84
:109E7000BDFF683EBC4D723E20EEA5BDBE05933AC7
:109E800024322DBE4EA02DBE9AA7183E7C641EBE65
:109E9000ABE3973BB01B653E66754B3DDBCD71BDBB
:109EA0001C7CF2BC8A88123E5B0859BE6D84B7BD2B
:109EB0003455E5BDC1F21EBE0836F6BDB9D7013D29
:109EC0006F6344BD2B135F3DDD53253DAFD061BEB5
:109ED0007E5320BD40BFDABDF64DA8BC0A0D3F3E03
:109EE000FD0D793E5B4C033E8AD3363E6C32ADBDF0
:109EF000118CBDBBF7FDEABED1DA30BEC11281BE06
:109F00003E346A3DDA43623EB972C2BD5536A33E65
:109F1000AC11DD3B73F0CBBB900ABF3C0D22B33DCF
:109F200012DB173AF97551BE4EEAF7BD1E9A45BDD0
:109F30001FEF43BE587A6E3C7D5792BDD89720BE26
:109F40005FAD3BBECACEEEBCC26E0F3DC868313DB0
:109F5000CCB62C3EDBDEBE3EAF68A93D19F69ABBFF
:109F6000961135BE5C2C0ABFBEE360BDF0FC89BE15
:109F70000368BCBD6E19583DD52BD83C07332D3F27
:109F8000284E003E74B6BA3D587A703E00685D3D7A
:109F9000994CC53CE1F3AE3C91512FBE791B6CBE90
:109FA000A21F2FBEE6F5F83CEEEACA3B833190BD16
:109FB00031B6E2BC8B1A043DCC1AE63B1D68133E59
:109FC00057D81B3EB61C613E9388E63BD97E02BE45
:109FD000898567BE1F64B0BE4D4542BD7CE4913C9F
:109FE000A0FB01BD6C1F123DE9E9FD3D2786EF3E58
:109FF000CC999D3E6AAE863EC70E923ED4EA413E63
:10A000009089DC3DAC71143E2DEEFABDAE4D6D3C39
:10A0100045E48CBCB58A643D22C7C83D7CDC0F3D5D
:10A02000AF3E4D3EA310DF3D5C15E53DA3EE353D53
:10A03000EB9B2C3D30F9033E94369E3C7850143E09
:10A04000974A253EA75C00BE15C230BEEEDB3CBD84
:10A05000806AD43BD68A36BD18B8BDBDA92D083D4F
:10A0600071ED173E5E79173E1287F63D75C14C3E85
:10A070004468613EDDAF943EA0DBA03CF0D9753D65
:10A080004D07C43DF0B5D33DCA77573E12D07C3E54
:10A0900047E6F93D2F0EC23DAB700E3EB9189F3C0E
:10A0A000067D233CB3E76B3D137EA73D7323F43D50
:10A0B000F5BF843EB7D4E73C0FEF173DDC3996BBC4
:10A0C00041C24EBD8C2E13BEBEC7A7BD0706143EAF
:10A0D000A95B453ECFD13B3EDA625F3D78703E3EA4
:10A0E0008311983D0A5D64BCCB67703C2E08DB3D54
:10A0F000A26D033E28E0843DD14BCA3DCC7D073E96
:10A1000018AAE93DB2D9923D21D0653EDD8091BCCF
:10A110002482033EECC84ABDADB418BE5D0C2ABE15
:10A120003F8120BD3E969ABDF8AC1DBEE890DD3C57
:10A13000904D03BDAA106CBD38C132BEC65820BEBA
:10A14000D89C0A3E72C61B3DD5EF67BE22DB413B61
:10A15000E8DF9E3D594C73BD276D6E3D15FE143CE6
:10A1600082D8B63D9320353DDEC90F3E9281AC3D8D
:10A170003FDBB9BC2BC6CE3CAACE5CBD238928BD33
:10A18000FD86D03D689D13B9C36B39BE9BA42A3EA2
:10A190000DED10BE38A09EBD50FBA83E5CCB30BD7F
:10A1A000C02DA83AB064953C777C7ABD41C5F1BD1D
:10A1B0003BB1053E0E420D3E57EEC5BD432B46BE9C
:10A1C00084B909BEB6EC153D764E03BE88EF0E3E4F
:10A1D00066EBFC3DA9E1A53DE450013E97B6203E6B
:10A1E00043F60BBC5963E3BD35922BBD0BE0DABCE3
:10A1F0002B47A7BDA9A268BE780BB6BE224C523D24
:10A200007E6BC5BDD3979FBDBA60293E52E9DFBCC6
:10A21000C0C6B93C58587ABCAD5F28BC4C1DB63E90
:10A22000DC38B03E16A3453EB417233E1C122B3E2D
:10A2300083BECCBC47994F3E73D013BD7C54303D98
:10A2400038CE4A3A198FC43D3A38D53D72C71D3DC4
:10A25000272CBABD0DB8D63D859DA6BC96C180BE43
:10A260009D0369BE1BE65BBEBC2635BE031D38BD23
:10A27000AACF6FBD4D34DB3AB0F3843E40C0D63C2C
:10A280007E5326BD6F4602BD3CF5433D22A7713E7D
:10A29000C1AD063E7434F8BCA661A73C5045E83D0C
:10A2A000C2B6E2BBFF7B373E3DD325BE2836B73C66
:10A2B0006EB7513E0B13D33D6168323DC24443BE7D
:10A2C000CCB0DABEF99901BF4FF482BE05F7613E0A
:10A2D0003C952E3E03508E3EA1798D3E25FEE13DFC
:10A2E000F3454C3CF548973DFAF0603D80C160BCB9
:10A2F000D8B87E3C8D7BA13DB11287BD693F6FBD53
:10A30000D9CFF13CDB69BABD23E28A3DA1F40DBE91
:10A310006C79E3BDE6252BBEED259DBE77172FBEDC
:10A320002BB397BE8450A13D20E08EBC1F9B103DF7
:10A33000F0FCAABDE9A889BEE0B96F3B15C6563E40
:10A34000845A463E2A49AE3E46948E3E838A12BACD
:10A35000B698693D50CAE53C12B9E4BCC22ACCBCEF
:10A36000948B73BD1494FA3C0BDDA43D92791B3D94
:10A3700030669A3B05E7A23D784768BD7D4D233D99
:10A3800095253F3D92842ABDB12EADBD02B68CBD50
:10A390003B3C23BE446A91BDFAB684BE7B7497BD34
:10A3A00080CC723DF7EB4A3BCD87A8BC23AF84BC81
:10A3B00093C41F3C857D68BD0A207E3D835349BD03
:10A3C00000F91BBA88DFBB3C9E882E3D022E5B3D08
:10A3D0002F1FA9BDC06E21BBD0379BBDDF689E3D3E
:10A3E000F8F6AFBCD9E57CBD7249543DAE22733D51
:10A3F0007A81CCBCB073B83C7F972FBDB0204A3C6B
:10A40000CB8294BD5C893ABD45D298BD3FA4363D10
:10A410007E007ABD863A99BD8CAABB3CC07BC53A0A
:10A42000C2746CBD00503138A3B681BD2E838BBD84
:10A43000BAADEDBC7027903B583B93BDFA9426BD56
:10A44000CA7A5FBD0E4A463D599C963D07243FBDE2
:10A45000CA628FBDB3A51CBC23951EBDDFFF47BEDE
:10A460000D8D08BDFC9CC1BD31D768BD5AECE9BD5E
:10A470002DE892BD8045A5BEBD3AA0BEC0D5ACBEFC
:10A48000E51595BE3EE68FBD5AFE9CBCA5A9E4BD70
:10A49000DC451ABE9CA2F7BCB76DA7BD1F0C85BDDD
:10A4A00020EFA83B41A0973D482A67BDC2C5703D3B
:10A4B000D8D882BDC80D74BC88780A3CFED1A7BE2E
:10A4C000B55366BE1C9F74BD818315BEE1FE6CBE94
:10A4D000A94E79BE054365BC99198EBE004E08BFD2
:10A4E00030B517BE03EC8CBDB9C865BEBA6563BE96
:10A4F0002E71483D693B033CF66323BEC4322FBC3A
:10A50000CEF0073ECABD063E6BAE923D4C6CB93CE8
:10A51000FB3B5ABD87D5B03BA0F963BB83E5A3BD28
:10A520009E061DBDDD87873DDCF482BDA50862BEA9
:10A530006D5BB8BE0EABEABC437801BEE1CB80BD1B
:10A54000D7F0BDBEBAB253BE964AC5BD5D12A63B9A
:10A55000AD6C913C5787F9BD15B648BEAA20AFBD7A
:10A560003CCBB83D2904EC3D02154B3EEBF4863E56
:10A570008A9E503E06B2A23DAD7A87BD862D5DBC57
:10A5800075A3BB3D80B53B3E2BAD343EAE6E7A3DF0
:10A590000126803D3A64743DACE11ABEEFB19EBE27
:10A5A000681842BED8E650BEDCAF223DFFEA00BDCF
:10A5B000D16CC3BDE73F903D7B2094BDFE61B33DB0
:10A5C0006FB6BE3CF4CA883B56A4AE3C2E26C03CB7
:10A5D000D0FDDE3CC187B63B16530F3E63C6103E2E
:10A5E0001441543E346C063EACDEA43E3577103E3A
:10A5F000ADCBAE3D42BEAF3EE857233E66A9683DB7
:10A60000FC696BBD22B92D3DF7B1F2BC51BC14BE43
:10A610009C5A94BECB158B3E77688A3E52EC41BD66
:10A620000D0D673DBCABD73D4A3D243EE73BBABD6F
:10A630004B8509BED3CE42BD9DE31CBE39211FBE52
:10A64000A22108BE3DDA493D2E81103E05BC0F3ED9
:10A6500074DE1B3EE321C03CE874713E2D31C83DE1
:10A66000CA68543DA0CCC8BD225EEF3D9CA1A53E6A
:10A670004038E8BAF6FF023A9BC6AC3E514769BD86
:10A68000254C80BDAE4EA53E32C4A03D690EAFBC88
:10A69000AB33553DAAB2CB3CD7E7DC3D498BB23C4E
:10A6A000E2F1B23D8543A73D58EADCBCE00655BE69
:10A6B00060E26EBE336FA1BDA0A10D3C05D50CBC00
:10A6C0004A78CCBCB843943D408F0F3DBEBCA13C02
:10A6D000BFEA083D254FC13E52173E3EE53ADABD7E
:10A6E00004994B3D5769A5BD9DDF3B3E29AFC73C53
:10A6F000506989BEED7EE13D42AFCC3D6003E53D52
:10A70000E5683E3D9C1FBD3B130E173EA3EC3F3E4C
:10A710002502203EC6CD763DF2BF00BED5D27CBE1E
:10A7200046C37FBD9F9DB53D935F4B3EDD62363E88
:10A730008373093CC8C8D73CA36FAD3C3080B73D9C
:10A74000431AD03DDB76BB3E7AF5AB3D23B9B43D31
:10A7500065442CBD6E3EFF3C8245A73DCB5728BECD
:10A76000D9B288BEFEFD0BBEE4CFF5BCF542B2BD4A
:10A770009883213D78D6093D63927C3DF3028E3E5D
:10A7800022587B3E5A54923CBD3FA4BDF9884FBE2F
:10A790002AE1D5BD75FD7F3DDE77D53D61ECA33D5A
:10A7A00000528FBC163FACBC4822B13DEF60513E19
:10A7B0006F24903E2A50C93EC49C3ABE1A5A84392E
:10A7C000CBE221BDD228083DCA145EBE4D61D8BD82
:10A7D0008ED2923B78F723BECFBD64BE15F1FDBD8E
:10A7E000066CFB3CCEFFF83C858EDC3D1663733E69
:10A7F00052DE3A3EA0B0E43D677652BEF3E6DBBEE1
:10A80000225B31BE9477813D75E8463E123605BD28
:10A81000141534BDDB64D7BDD05DCA3D9B481C3EDA
:10A820002170283EF1569A3E256836BE28D7923EC2
:10A830002EAF1FBDF478EF3DAE09E13C7D4D70BCFD
:10A84000C38CA63D615778BD148679BE7F42B1BCEA
:10A850003997073E7E70783D6B33A03DE8187E3E09
:10A860005FD1AE3E1E10AC3D145DBDBE5718BEBEDE
:10A87000763542BEE3DB823ED0B2FC3D13D3553C7D
:10A88000E0AEB3BD2D99453CC4DF8E3E71652ABD57
:10A89000B69064BBC1225F3E2995E53DA3687E3E2C
:10A8A0004B81B93D7122893ECACCB8BDC6E0A8BD76
:10A8B0002F9DD63C164470BC5FE7093EC79978BD12
:10A8C00011E5BCBD02109BBD376EFD3DC22F753E2C
:10A8D0008E51753E6D6351BE0A2D17BFE2382ABFF7
:10A8E000A1274EBE25093F3EC9C0793EB3E3C13C16
:10A8F000625C39BE91492ABE87C282BDAA04DA3D94
:10A90000496C71BDC4390BBEA751433DB4F511BCB0
:10A9100064E6043E1E981A3D792562BDA29783BE67
:10A920002E3AD3BDF6E9A93B89A4EF3D7BDAF03D91
:10A93000A27D153DED0FC03DF7D04B3EF4BD543E1A
:10A94000A4F75B3EAC629ABD950DBEBE72F5E3BE48
:10A9500040A2D6BD3604AC3D4412BDBB5FE1C8BDCC
:10A96000CD7454BD184368BEE3CC133C76E40D3E71
:10A970003356613C3DCCAABE57418C3E2C3DB6BD02
:10A9800002A4763DA642B43D1790183DB438F5BDFB
:10A99000DBC59ABB7686023E3F27FB3D0FFA013EA0
:10A9A0005FAE0D3E7DDA413E6D11C93D6B873DBD09
:10A9B0000EA7D2BAE8C6C2BD3C9C5EBE164526BEF6
:10A9C0005E9473BE7044653C4683F7BDB6BED7BD8A
:10A9D00013EDE2BC39AEB0BD49B3D03C4109433DB3
:10A9E000924D563E7D7789BEF0C58C3E198B88BD51
:10A9F00071C51F3DC7447EBC7BA0E13D89C42D3C91
:10AA000041890A3EA45F813ED438E03C4716603E4F
:10AA1000CBDBE93C9BCD623D6075BF3C51F043BD53
:10AA200010D1FBBB5EC0EEBDB0128CBE09EBB9BD50
:10AA30006DA9C5BD6B97BABD2B415FBD8F88893DA0
:10AA40007086483DD4E89FBD35E9FB3DD36C563E4A
:10AA50006677E43EF08C62BE0C17AC3DF167463D74
:10AA600031ED183DAECA1EBEFE2B1C3EF2651E3EE9
:10AA7000805AA43E0234993EAAE1273E90D8CA3DAE
:10AA8000B43119BE654F1FBD5278363D0FD638BD63
:10AA90005E6890BD68F63DBE824380BEC08027BE22
:10AAA000FB2F3FBE6434F4BDBCF47ABC7DFC293D71
:10AAB000F567753CA92F7CBD65490B3C7D09293D97
:10AAC000A1250A3EB84C51BEDF880C3ED6B2ED3D02
:10AAD000BC15DDBB30654ABE7F8F893E8468D33E9E
:10AAE0003FAB273EED3AEE3DAFFABC3B9657B63D45
:10AAF000BCA68B3DAE8477BD867719BCD2C39EBC05
:10AB00004B3545BE092B82BED00573BE08E207BE99
:10AB1000D31BEFBC9AFC50BD64A8203D7F9CED3D4B
:10AB20000F179ABCF721053E752ABCBD6125E9BC0B
:10AB30000DF6C43BE253C8BE4EE3BABE31E48C3CD2
:10AB4000A6C97C3DD48D32BEFA2F863ECC7F5C3EBA
:10AB500055838D3E7DB1763D3E353B3D5D39193E99
:10AB6000114FBC3B214602BE050F9BBD959BDF3CB0
:10AB7000BEDFE1BDC16E9BBECCDFD4BDFD0400BE17
:10AB8000C11680BD343FF93C54FC9D3E9807433DBF
:10AB900048D6A33C6D9BF63D8C50923DBB28F5BD3D
:10ABA0005B2BE13D278E4B3ED59529BE314F94BDA1
:10ABB0001388813DD84CD7BD9EA59A3E24BB373E15
:10ABC0007F5D133CB05B32BB24BF35BED415FBBDEB
:10ABD000C28CA6BD1053FEBD477CE9BC2E3F09BE0A
:10ABE000AA0667BE9ED39DBE6622CCBCC4639EBC33
:10ABF000C754FB3D2F1D5F3C1CD8393E38282D3DE6
:10AC0000FADA973DBD6F523EE7C1703E968FEEBDBA
:10AC1000860A10BEAB50173E7717A8BD4F5EAABE7E
:10AC200050692DBC1E038FBCEC137D3E70BA7CBCFA
:10AC3000946B883C37A1FC3DB6F5803D25A10CBD49
:10AC40009EDE74BE9BC19BBE303854BE9748E8BDA3
:10AC5000F998DABD98C72BBEEFB2D63C3EA059BDDD
:10AC6000345FE73CA3D0EB3D55A7513D492C7E3DD9
:10AC7000D6D0123E5F11793D1716D83C8F738CBE2B
:10AC800065BA5EBEFF44893E1D429FBDEF382FBEB0
:10AC90002A56A4BDE1299A3D476BC93D9D5E163EEB
:10ACA000A531BD3D6995A9BDC8077FBD4625B8BD85
:10ACB0009133C7BCE30F14BE8AF44FBE49EFEABD1F
:10ACC000A4CCCD3D7B553F3EC347DCBCE04A44BDF0
:10ACD00091C7203DA6EE4B3D4CA0A83C289BE43DEF
:10ACE0009CA81E3E3361863D90B9533D75464DBECE
:10ACF000ABD146BE1ADA1DBE9F4371BD9683B53DEA
:10AD0000807FF63BEBA14DBBFD72F33D8AB8AB3EB5
:10AD100079F04A3DF33D0ABD58E1D8BDE71EFBBDC1
:10AD200076A3793D6825B63A01D1C2BBDF06503E15
:10AD300087D7383EE0BE553E280A0F3EB6C8713D63
:10AD4000B496E53D9A97F23D3B1C073E47A5F93D79
:10AD5000A603B53E4AEF633EBF4A713E7D9D353E38
:10AD60002FBB03BC7DE18BBD9641F7BA64F8983DDB
:10AD7000D16001BD2CCB173BB8779ABD43B25A3E88
:10AD8000EEBE543D5258043DC2881E3DEF8456BD70
:10AD900026B1E73DFCBFC93B5B2EBB3BF0D52C3E4B
:10ADA000DDE51A3E09C85E3E806FEE3CA5AFDC3D96
:10ADB00081D2EE3C2553DB3C9BB5E53D968A813E36
:10ADC00055CBEE3CB7BD2E3E267A713DDF2C313E91
:10ADD0008BA126BE35AA30BE719A553EAF3D84BDCB
:10ADE00058D3083C786E4CBD259405BDE4E7073E7A
:10ADF0009ACD3A3EB9BB6ABBF572A03D16703D3D97
:10AE00008E3E413DACEE9A3D8E1B803D8F27E73D47
:10AE1000C3B1363E6B48DE3D573CEA3D6ED96F3DCF
:10AE20007FE7F13D007EF23C9534A8BD6304263DEA
:10AE30006D9EA2BDFDFB673EE3AF85BD1DA3B93C82
:10AE4000B773B8BD7D5AFABD6AAE193ECA7743BD25
:10AE50008638543D578CA73D73A7313E1D5E913E09
:10AE6000832A363E261A373D0278013DD6C2273E58
:10AE70000EB02ABE6E858C3C7B37183CA92612BECC
:10AE8000B2E29F3DB6C6913D3CC3053D0E6C873C8A
:10AE90004A3D083EA951693E58346E3D305D65BA61
:10AEA000123CA5BD7A4E8A3C422BCB3B2BE8F7BD2A
:10AEB0008732063DB8E4373E9D413FBDE9968CBDE3
:10AEC000FAF243BDC0B6513C222944BE60A6553DAE
:10AED0006276C9BD3EEEE8BE5F1F91BE8073E83B5F
:10AEE00057DC683E3B254A3E5AD0DB3DEE100DBD97
:10AEF0006F6F363E8DB9193EEFA70FBE525ABCBCDC
:10AF0000E2B5543EBB26E23CE2E5EFBD6E6941BED0
:10AF1000E9311BBE502864BC873B483E940022BEEA
:10AF2000790B32BE569058BEA2D40F3D7F2C863D81
:10AF3000DEEF763D4ABA003D5AE683BDCF602F3D35
:10AF40009984293D9EF6ECBE2095CCBE838594BEA7
:10AF500076956BBE0FE4B9BDE8D860BE112ABBBDC3
:10AF600062A5B53DE510FF3CA8D9ADBE8F170F3DDA
:10AF700034DEA83D210315BE58C754BEB3BF1A3EE8
:10AF8000E09A85BE2FAA41BE157E853E04522ABE98
:10AF9000103799BE1ED40FBD64B59A3C58CD41BD43
:10AFA000807B7E3A39E8803D27CB8A3D35B0913DA4
:10AFB000F350A73C8361843E777C7D3D8B38E9BDAF
:10AFC000732A123DD672BB3E171D8D3E3F29B83EF7
:10AFD0007810283EDE24643ED43BA73CCE659CBE60
:10AFE0000AFD07BE7A77673D955388BE29644EBE39
:10AFF0009B59E439201A15BDF81CA03E1DB9233E0B
:10B00000E09372BD900D0B3C06A60BBD8B3A94BD30
:10B010001C97943CD578983D67E99B3D8D6EA03D8B
:10B02000B1159E3DF0B7BEBC6AEC6D3D4B1496BDAC
:10B0300024CF053D809C7FBA6D1E91BD35A464BDB3
:10B04000A69FF83DCC3C583D6A01BD3D49B3883DC3
:10B05000A0DD853B8062773B3E76173DD6717C3D17
:10B060000A15473D3D1E2EBD849154BD047149BD56
:10B07000D81E5DBCF48B8FBD024D89BDCDEF99BD4F
:10B080005F02A23D44DDE83C6EF391BD6D5A813D07
:10B09000D07E583DF33C293DB7DD4C3EBF194D3EB7
:10B0A0009A97833DB990333E3051873DEC623E3EE6
:10B0B000E43B343EC2AA5D3E98AEB03E6CF3993E8E
:10B0C00056F4A03D39CFD53D8BF6563D679F8C3D5C
:10B0D0002657A43D75DF02BC4C2E803CA50AA13D3D
:10B0E000EB8D8ABD7089243D00F4A2BA2E02613D29
:10B0F000807E203B1A436BBD608FEDBCD3E80ABD58
:10B10000550FF03DE442093E84A8333D2E13B63D71
:10B110007F3D0A3E7611AE3D15DD4C3E179F8C3EBD
:10B12000E4ADD4BB3BDC883DE9B47ABDB5ACB43EFC
:10B13000B76D123F2732D03EA3EC123F8572A73E77
:10B14000F97F943ED78059BC3B5ABA3C3B28343DEA
:10B15000DE19CFBD81F84CB9003C59BA00B97ABDAF
:10B160007D85A63D48CD54BCDBB9CC3DC6CB493D21
:10B17000D963923D5992753D273C873BA0C1373E2C
:10B180006B48193E5AC01B3ED4EFCB3D1D83633E36
:10B190007A688B3EA81EB53E52BFE13C23765E3EE8
:10B1A000D5D6253EEFF61A3E230A453EC315BB3DD4
:10B1B00009C2BCBD44ADDE3C5CE99A3DC0049B3C89
:10B1C000E6ADD13D5E18173D3DAA5CBAF294623DF2
:10B1D000A03E0EBD3077423D71DAB8BDE1218E3D13
:10B1E000BA55B83C2E3F523D2E336CBDECBF11BE5C
:10B1F0003C25413E099A813E0C16233ED0B9B93E0A
:10B2000042316B3EAC0C283E755DAA3DC3FD163E37
:10B210002758E93D7EFC41BD8434243E4541793EBA
:10B2200034633D3C019086BEA13D19BE88E4ADBCAF
:10B23000CE2A0BBEFD902DBEAF798D3E0E5369BC5C
:10B24000D01B8DBD3845633C0CE4273EDB4B883E6C
:10B250004E08BE3EAD5F0D3DA494163EF05A4B3EE7
:10B26000FC2C19BE63CE2BBE5619923DAABCA5BDBF
:10B270006239EABC8787B13D0BFD81BC204A893D1C
:10B280007EF3163EB95E083E55C9063E9D5C2C3ED7
:10B29000FE84A23E7E45563E644F383E1F821A3ED3
:10B2A000DC9716BC245D95BD8140FE3D2C7022BE0E
:10B2B00017EEA0BD70CCE83D812197BDC591C73B7D
:10B2C000F1AC89BD816DEFBDACC7F93D939545BD2E
:10B2D000E812DBBDCDFE46BEEA9217BDD8B029BD4F
:10B2E00076B3793D2E4E1A3D40B6523D9CF0183E45
:10B2F0006509253EDDDCD33B95DBE43DC42170BD13
:10B3000062BDA73C441C92BDB9C67C3CB82C073E2C
:10B3100086AFF13C5EDC1F3D64183FBEC430D23DB9
:10B320001897D23CAB4BD1BDFB4858BEC4D62FBDFD
:10B33000349802BE4C763FBE075B1BBE19D336BDA8
:10B3400009E2BABC72D835BC70470F3D78203A3B51
:10B3500014FC2B3DB932B73CEC9F573E671D1F3E96
:10B36000A4222C3E9E1C9BBCF66B523E7EFE8D3D65
:10B370008AF9FCBDD6FB293ACBB9A63DFA501C3E52
:10B380002C1612BE27FB81BE1F2A69BEE535DA3DA9
:10B39000B8ED023C76B181BE3B1CA3BEBEB87BBEFD
:10B3A000C77F92BEC4026EBE548B73BEAAD6F4BCD5
:10B3B0008FB7D7BD978E5BBC5C4BF73D6104553CA6
:10B3C000FEC2CE3D9CE9973D25C2BC3DD87A2DBD3D
:10B3D000831A5D3D26E2CC3D7E4CB53C7B8DC53C61
:10B3E000B60F7D3D2ECEE3BC5E12443CE69C53BCC2
:10B3F0006E4C35BEA8AA6DBE4E4092BDF989343E52
:10B400007134A8BDF064ACBDCE49FCBD4B1F82BEFB
:10B4100028D2E6BE24D323BE7C1B523D8D7C063E43
:10B42000E73A713C03A5CCBCDBF0EE3D761D20393C
:10B43000E20618BC221608BD5C32D93B4CC1E8BDFF
:10B440009175113E1AE592BC1E5435BEFBCC85BCED
:10B45000896A4DBE1C6849BE41D883BDBE7F333E5C
:10B460009F16A43DC4073C3E70344DBC7A1680BE86
:10B4700034F136BDC6F1C73DF79D513BA52F82BEC5
:10B48000B5CD58BE5924CDBDC0F9D3BD99C79E3C9A
:10B49000A9F92FBD71CC54BDC35753BD2E5D033DDB
:10B4A0008F15E23DA290F53C143ED2B965FDB8BCC3
:10B4B000DE0B0A3DD794623DF20F2ABDE69F0D3D9B
:10B4C00082A8593D3F3911BD042C293E6BF2463EFE
:10B4D000FABDFA3CC49F5ABD1EE222BD0DD696BEEF
:10B4E00027BEF9BDE9CFECBC20E3B8BD1E590E3D27
:10B4F0001D8811BD2614F3BDA97B8BBCA4EAC6BD73
:10B5000013A638BEDA475ABE8F4917BE518FB5BD54
:10B51000449111BEC9DFF23D2FFDB3BCAD40B23D39
:10B520006B8E33BD06AF61BDA086C63D4EDC963D39
:10B530004EED0C3DEA61A93CD04C053D5DD113BEFA
:10B5400056515D3C7822AE3D88BD773EE8E54DBD65
:10B55000BFDF0CBE598AB5BDF10B1DBEFB081D3EF9
:10B5600060EAB3BD61E934BEE922073D6BD42C3DEE
:10B570008093EEBD65F0333DB747D7BD5511CCBDC7
:10B58000BDA15D3DE1D32F3E5FC2EE3DDA21293CF6
:10B59000C886BCBD4C4B1ABD3979E53CB9CA093DDA
:10B5A0005829A9BD1C69433C8D587DBED40996BE5F
:10B5B0004CDA90BE7A1FB4BA2B82CBBB4607C03C94
:10B5C00049F1773EC86CC7BD5BB8CCBD0B72923EEB
:10B5D0007B1E27BE4C15ADBD9B7DB63DF0EFA93C53
:10B5E00072A95E3E95F18F3D3EB7C2BD200B113C66
:10B5F000B1601E3D3132223D48FEE73C592609BE6E
:10B600005F2082BED729B5BC8EF3383C884000BC91
:10B61000693D96BD82D306BE54BB8FBECBF5A5BE99
:10B6200051E149BE11AC71BC9B17D33DD29BA83DE3
:10B6300070B9123E5D6B8BBA995401BE79C29F3EC0
:10B64000BCA4B239264E24BE34018B3DE5E8953BBF
:10B650009B81063E7F2C473D798A3ABDE3D5BEBD2E
:10B66000EA5F08BCC737D83D444EE43C8D1C6CBD36
:10B67000C701D1BD43FE6CBE1E8332BEDEA35EBEDB
:10B68000775F10BE430270BD0B8685BE5628AFBEE5
:10B69000D817FBBD6D9DEFBC3AAC3B3E57B93A3D68
:10B6A0003152D03D4BA39A3DC1EF1B3DAD150FBEAE
:10B6B0005D841CBDD5E3893CF6802A3EF163313EB2
:10B6C000D180003EF8BE67BB206CC53CD89BA7BCB0
:10B6D0007C88D13D0426883D1560E03D585BD8BD8F
:10B6E000A26BC5BDE74BFEBD44901DBE72474BBE6D
:10B6F00033AFD5BD339309BE858AC0BEE8E221BE13
:10B7000043B8623E1ABD94BD83735CBE4CEFA83C47
:10B71000FAEF8FBC8D3C0E3E49346DBB62B4EEBD7A
:10B720008D52B7BDBAB3F43D93B103BDF286E73C89
:10B7300050CAA53D5AC5C23DCEE1243C9C375ABBF8
:10B74000B36C0FBD14E0FA3DF8EADC3D96CF9CBD2A
:10B750002FBC63BEBC1DA0BEB6FD22BE94B978BD91
:10B76000793E50BECF8917BD55AAE0BD36F97BBCE6
:10B77000EECBCD3EE34F933E20A3813E7C224E3D57
:10B780006295473DDBA42A3E885781BE2E2A8E3C17
:10B790000F6E1F3ED2B3933DFC97D6BDB49FFCBD48
:10B7A000AF4967BD8143ECBC76A6AE3DE68BA83DB4
:10B7B000A477F33D04CEDA3D86122B3D84C3DEBD73
:10B7C0004DB7A6BE6E1843BED0E262BE5F8270BDAA
:10B7D0005A1649BD554EB73DAC3782BC253CA8BD75
:10B7E000E56A3BBDB2A9A9BDBC6835BE8E2ACE3D77
:10B7F000F9AC463ED9D426BC37BAA2BEE0F1DBBDD7
:10B8000091D349BD2820FCBC115FE7BD4A4E78BEEC
:10B81000CF037DBE90292ABE3B87053E6B5BB1BD41
:10B82000CB0238BAFDA30ABD6A13AFBD76EBFCBDEF
:10B83000221DFBBD02AD8EBE12D487BDCF10E7BC6A
:10B84000900E133E86F763BB249FE9BD454198BD2A
:10B8500072909ABDC8CF3D3EF8669EBE2F99F03DCE
:10B86000EFF08F3DB03D9EBC7954653D23EBCCBCE1
:10B8700097053B3CF29102BE2A8091BEEF8F87BEB6
:10B880003E7AB0BE4AA050BE569F64BE021C25BE82
:10B89000C8754BBEAB96EEBB451237BE2B1753BDDA
:10B8A000430BC43DD7B9943D3A54E73D0479693E12
:10B8B000A782813E13DE243ECF24733E675E583E4E
:10B8C000C0390BBD129C933EA4E4F73DCC89023EE7
:10B8D00048571A3D1BD4BF3D9B122E3D01439ABDD4
:10B8E00055535F3EDD304DBEF7773EBE65EA1CBD69
:10B8F000BC6920BE5FC970BB0DAC27BDD1D5233D4F
:10B900008459A03D111FF33DC90E24BD54CE6F3E96
:10B910005461423E5680973E3E5ACE3E07A5DE3EDB
:10B920000D49D63E2427993EF67DE03EC132D23EF7
:10B93000C884EC3D88F9693E670C883E4BE3973D2F
:10B94000B62FFC3D8D80963D7884BE3D27C0A63E37
:10B950003CC93A3E7AA837BE3A34C53C2ADC833E1D
:10B960002576713DB1BD8C3DFE80F0BCA30DAB3B97
:10B97000C0E4503D1B92453E5932853E79F8583E11
:10B98000994E723E8849773E3C91E73E37F6883EB5
:10B99000B242C63E0712A23EE7F0853EDD29A03E38
:10B9A000ECFC1C3E6F32483ED9ABEF3D652B5C3D55
:10B9B0008815913C4E7B10BD38B63DBEA2AD743E9D
:10B9C0006FFC843EFB42C93EF429833E2352893EEC
:10B9D0003122943EF6A3553E0CA2F33DAE6E4D3E91
:10B9E0009013DF3D8252673E9D13593EDA8FBD3E74
:10B9F0004EDF9A3EC9A6A43EAB09AA3E1F188E3E52
:10BA0000D7DBC53E8E5B363EBCC8183E37F1973E4D
:10BA1000C119B23CC361A63CD8E78F3E856125BD04
:10BA2000C9F988BD6E925A3D9D34F43D6B01CD3EFF
:10BA30001933543ED114163E35162B3E152B6C3E51
:10BA4000C536A43E5338C73E0C214A3EF2CF273EAE
:10BA5000517E8E3E8B2C833E6B38823E8F319E3ED4
:10BA60006ABEBF3EEF29A63E00659F3E9A00EA3DB2
:10BA7000326E503EC0D463BB9D91623E3F65B43D83
:10BA80008D30D53C93B7BC3D99724C3EC818643C90
:10BA9000BA87053DC4CD3EBD4FF4B83DE835C03E44
:10BAA000712E5F3D669B41BE32FF393DB62DCCBB4A
:10BAB00009E1DD3DC0F6033EAA6B143E59E7543E52
:10BAC0000064373E5F1D5E3B5551AF3DC3060B3EE4
:10BAD00031D7AB3DA88C683E34EE5E3EE0BE96BDED
:10BAE000E8EE263D10BED33DA6D4C83C68B9B9BD2A
:10BAF000E49AF83C507B94BDEA0F233E7C34013D30
:10BB000007FDA93DB0EB36BC6C4E103D3ACC48BEAB
:10BB10003576C4BED92703BF0902103E8A3AD8BC85
:10BB2000F56AF13D041E523E2DBA21BDF98A45BE8B
:10BB3000A2C92E3E2415423EC25CF6BD14FD3DBD99
:10BB4000169505BEBDF13BBEE8749ABEDA4E533D74
:10BB50001888ACBD879E91BEDA94983DD071313E75
:10BB60005CEC123E94D0B4BDF2B0FC3D846C36BDAA
:10BB7000571F9E3DAFD0963D32C74D3D5E80173E6C
:10BB80002AAF1B3E036DAABE717FBDBE43A6BEBEDB
:10BB9000D90508BF9FFCCFBE531357BD45EA933E5E
:10BBA000FA152CBED0A67FBEF1CA63BE462D72BD6B
:10BBB000E9685D3CFD98893CE2B416BD7C08943C84
:10BBC0003C0ACDBDEF5C4ABE9C7D4EBE1B9840BE7C
:10BBD0006D797ABEC0E986BD42C7673D672564BD01
:10BBE000DA59483D641B8A3C6182863DDF0916BDF7
:10BBF000B5F676BCFE37853DAA6413BD74C9983D81
:10BC0000BD3A19BE174963BE313785BE205DA9BE56
:10BC1000FF6F3BBED9ECBFBDEA4471BEDC6CC73DD3
:10BC2000F534CCBD62DBDBBE2B2BB0BE9307A8BEC8
:10BC300077954ABEF77B67BE0E8CD53D932D76BDBA
:10BC4000863BA8BD7F9B33BDDE7117BDF5D706BD12
:10BC500080D205BA8369973D79AC853D48A58DBCF6
:10BC600048B687BCC087F43A46DA20BD00B4CD3868
:10BC7000DE3AF3BCA04388BC0B508CBD96DAA6BD5F
:10BC80009EB48EBD90B1D3BD7FA8853DB049AC3D7B
:10BC90008926963DCEEDC9BC64EBDA3CB484823C87
:10BCA00086AC90BDF6D46C3DA295393D4B9B1ABD38
:10BCB0007400DB3C3A6598BDC053AE3AB0B1FA3C73
:10BCC000F08B30BCC42F1C3D5651573DDEFC3E3D31
:10BCD000DF008FBDE60A2E3DB61EB9BD66215E3C73
:10BCE0004EAC8DBDC0039CBDB173E9BB8FAB62BCD4
:10BCF000C8878ABE2A7F04BE0A1214BD417C543D07
:10BD00007CE78EBD27D22FBDFA2092BDB9217EBD22
:10BD100029B3C7BDEDFEAD3CA00815BC098771BDB8
:10BD2000044DC9BC6C1099BDD9E8973D09B025BD3B
:10BD3000551D0ABD802C27BB6BDB8A3DEE7C39BDCF
:10BD4000DA480CBE910F03BE648CBF3C0EDB67BDAE
:10BD50002AE822BE3143E53C37DF7C3D27A496BE6E
:10BD60005467143C943F833DB41431BE3079A3BE74
:10BD7000B33927BE1B8619BE64B9A1BA17000CBD22
:10BD8000A44C213D9D891B3E5A6D863D1DF90A3EFE
:10BD900039D5343D523A303D29BC833DF05CA0BCDE
:10BDA000206569BBCCC3C53C0E781BBD9AB7203D4E
:10BDB000C7A83EBE7535C23D1DD0243DF69E083E47
:10BDC000F41A983EAD98DA3E436E963EE2F5523C48
:10BDD000D847783E895E6FBD371983BE846ECABC72
:10BDE0005C9132BE0E0070BECC4577BEBA814BBEB0
:10BDF000C3BAFDBD5AB2F9BDD02E19BEBE72FB3D0D
:10BE00006343AB3E85417F3CD523D8BCD044B53C91
:10BE100030DE35BC9A188DBD0AAC83BE5C2895BD5A
:10BE200062718CBE3FD7EB3DF407823E7FD5D53E95
:10BE3000215B053C930A943E0764753E95BCD13E58
:10BE40009CCAC63E7FAA383E5D8A213E3A6B2B3E95
:10BE5000C3669D3C3E2FEC3DD10D433EBFD3AC3C71
:10BE600097C5DB3B0E6DD1BB397F1CBD63EB34BD89
:10BE7000F57B713E804DD53DF9B0843D951376BD7F
:10BE8000800F09BCFAD8663D68E4133D5844C13CB4
:10BE9000FF1902BD980AD73DF55E153D9ABABF3C21
:10BEA0009F0B033D88F2143E2EA49F3E0DE8773E83
:10BEB000EC2B283E3B0FDF3D19EF02BEB97721BBCB
:10BEC0008467B2BB1B0DF63DE3BDF83D471D49BD80
:10BED0009D4F3E3E0ACDC93D5271D33D2A1A223EA6
:10BEE0003218CE3D8F939E3EA875953EF687533D02
:10BEF000AAC97EBD280309BE8FCD8D3D59D2293DEB
:10BF000049DC873D225EABBD66825F3EFF758A3E9F
:10BF10007B884A3E2868433EAF6D3D3E8246703E78
:10BF200042D3813D725DAB3D63DD0CBC6FF3DA3D06
:10BF3000665286BD0B2E1D3E6390143E774044BD75
:10BF4000D6D1073D37F3F3BC7666083E1CD4573E86
:10BF500007353D3E0945BC3EFBECC83E567BF53CF3
:10BF6000D313ED3CE206DCBDE5BED3BD929532BDF8
:10BF7000B8C5883C8C40123E733C2A3E4AF1013ED3
:10BF8000DFCD9C3EA411ED3D8084293EEEBCBC3D3E
:10BF90000DB5303EE9CC243E2E1F2C3ED6A36A3D83
:10BFA000A63EFFBCBADD1ABE3D94CFBD86EAD4BD25
:10BFB0000DE8D33D4416273E77B60F3DBA4BBDBDC5
:10BFC0009142ADBE963AC23D3833653E9C3E4A3DF5
:10BFD000842A43BD264693BC7B227EBE8224AEBE0D
:10BFE00080375CBD2CBF663EA11AD63D3C4E513D0C
:10BFF0008D24493E00F9C73D8136803EE0BFF53DC6
:10C0000035F7453E2E61923DE6CBC53A977DEEBDB4
:10C01000D96B91BE4BA14DBE5A13B8BD7E1DB7BCA6
:10C0200063E084BD844917BDCBBD0A3D0A885BBD72
:10C030003892C7BE39C2E9BD4E9B7FBDC85457BDBB
:10C04000016BE5BB91B119BD8A7AD2BE2F0601BF43
:10C05000169BA8BD3F59933E93631D3EAB78C73DE9
:10C060002792BE3E15FA213E3463453E4795003E79
:10C07000FD177F3D26CB00BE6E3803BD7925203DE0
:10C08000604F85BD32D38FBD3AF7633CB35F59BE75
:10C090004B9E41BE6F7AC3BD8BACF93DE1272FBDEE
:10C0A000A7C58EBEAF9943BEDEEB60BE6FA417BDC1
:10C0B0000CD0F5BD9BABE4BDE82AA6BE2C9FEFBE1D
:10C0C0008079A5BCDEF0783E9274AD3D9C86F43D4F
:10C0D000CCF8213E753E3FBD59A9BB3C0618C53C76
:10C0E000F492C63CAC0CC4BB8A57C73B3DAEE1BD25
:10C0F0000B1009BEE4B38BBD3EA3AE3DFD3456BC70
:10C10000AE9887BE781728BE825277BED859B4BE83
:10C11000FF7102BFFA989BBE7E68EBBD87AF153BEF
:10C12000E717A4BD9D3E3EBD3DD386BE03814DBEF7
:10C130002E298E3D0CE5E33D5F41D0BDF7870CBC59
:10C14000BA1941BEB3A367BE2ECDEDBD0FD5E63CF7
:10C15000DA31863E4DC47E3E4BE1523E1EEFB5BB0A
:10C16000D7F5F3BBBC38963D9E93EC3DE111EFBD96
:10C1700019AED0BDCA8594BE111106BE472A3BBC7C
:10C180007E88F4BEB25160BE19CE0DBE6A8307BD73
:10C19000AA0AD3BD0FD187BD18A17FBECEA4893C0A
:10C1A00009FCE4BC1717113D1D6A05BD857533BD3B
:10C1B000096E60BE4A05AEBDF64A7DBC623D0F3ECB
:10C1C000F876843EE2936B3E6CCAEF3D5287F23BB9
:10C1D000CC1B853CDBD58BBC5D0CD93D3B9BBB3C74
:10C1E00092A6EEBB137494BD738A00BB9A3961BDED
:10C1F0005A8DE5BD49D772BE2E53953D611A9F3CBD
:10C20000BF29293E4A7174BD0D79C0BE597B8EBDD0
:10C21000941239BE815A923D3A9771BEEDD6B93C1F
:10C22000DF3384BE31DA0BBE4A3F11BEC4D067BDD6
:10C23000AEA42E3D53C1DD3D388B333DB23BCEBD68
:10C240008ABB043C271202BCB001B73C652FAB3D52
:10C250009DEE6FBD168F08BD8723043D373412BC99
:10C26000B93A8D3DEBDB32BEC4FB053E671D4A3E4D
:10C27000964EAABCFB39D6BD22D044BE1E5F0EBD71
:10C280006BA91DBE6C27C6BE09485EBD241FEABD52
:10C29000235B89BE6BB5D3BE44657CBE279D0FBEB4
:10C2A00009D389BD97826CBC21B0293DF856FD3C6D
:10C2B000F85A203DBF2165BDB413F23CB868D0BC2C
:10C2C0000CEC3EBC8D689EBDB02ECC3DF05E863D34
:10C2D0003284AC3DB8BAB0BDA718D23EA0FDBC3C7C
:10C2E000E524C83DAFCD553B37824ABE2C3220BE37
:10C2F000839D363DD78DFDBEDEA9DFBD7A31E0BE20
:10C30000A30808BF156EB6BE607F92BE38C318BEC4
:10C31000657C93BD31EDD83D0281D73D1E0FB7BC82
:10C32000505E4CBD4616FBBDCC2799BC9D71BFBD70
:10C330003677013C8DFE633EE495043A849C13BC41
:10C3400014BE023E6045EC3C0560BE3EC4B8F83DFC
:10C350001630DABC4F3928BE15FD6BBDEE1A35BE5E
:10C36000D5FDDCBDCE82A4BEEFBC7FBEF8D8D0BE6A
:10C37000F800EABECBA9D0BE23990BBFF1EEDABE1E
:10C380007C13B8BE71F509BEABCFD73D9E624ABCE7
:10C3900084CCEBBD0F393DBCAA36113E2F9F403DEA
:10C3A0002CF4D63D773FFD3DE4DEE73DAB0D9F3DF0
:10C3B000C7D4913E6E7A7F3EE83F393E5C252F3EE2
:10C3C00000DC91BA6883BABD7EB7B7BC21FFCD3C13
:10C3D0006D66AFBDE78B57BE81C644BD758494BD05
:10C3E000C9D6E9BDD36EB2BEED3FFDBE486110BFF8
:10C3F00078D211BF2BA8B3BE516703BCFD5F103CC0
:10C40000DC2604BE4855193EAEFF873EE7577D3E09
:10C41000C024953D16D1F23D4AB013BEC78D12BE61
:10C420008A92853C6152DC3D2D4955BE3DB6133E96
:10C43000E16F963DEFED58BD1F5DE6BD586C373E90
:10C44000452C7B3EDDF7BCBC3B3FC63DE9DC583D9F
:10C4500080F4CD3CF1BE4E3D8BA8153D068394BEC5
:10C46000D181D8BE80DAABBE4C3DC03D278D533D57
:10C47000F10EED3DC829193D27EA143E6F0A653ECD
:10C480003303643C3468AB3DB80921BEDE041D3E75
:10C49000343B493E473C293E98995EBE14CF1F3E2F
:10C4A000A60E5F3D9E7418BDAE30783E0708393D3C
:10C4B0003AD5063E66F73F3DC908103E47E88D3D38
:10C4C0008D40183E3280593EAC3F4F3E7724F23DBE
:10C4D0001AA905BD881A243E1D021E3DE87C873D31
:10C4E000D0C7E93D4322E5BD02A0C93DA186BC3DC0
:10C4F0001192873D1BA0B83D21A4CABDB861093E79
:10C50000492BD4BD55AC273EBF8D163E62D3A83D06
:10C5100080B739BA4A4772BCEDF99E3EC39F6B3E65
:10C52000CC82D0BCB0FA3C3EA77A863E6A0CCA3DAB
:10C530007287563E3806203E1D8B4B3E4C64333E80
:10C5400072397E3EE0E7003E764B673D3B7D023E22
:10C550002B60053E60E04ABC50FD713D06FF263E63
:10C56000C4A60D3E68BDA13D950A1E3E0A583B3E3D
:10C57000A81EAE3C424DBDBDC4D63F3D94A24D3D2C
:10C58000DFE0A63DF28A60BD493A933ECCCEE63D5F
:10C59000A91DBF3D0E944C3D9697B03D4A58B43E00
:10C5A0009CAB9A3E34287C3E64772A3E94134F3EDF
:10C5B000CAAB133E2E83213EFAF73C3E7237DB3D79
:10C5C000FE38A5BD9D552E3D4048B73E2BD1373E88
:10C5D0002F20A43E031A333EF6D1A23C7C7BCF3EF3
:10C5E0002EFFB93E1D97853E28788B3E9D612A3DE2
:10C5F0007C6F1C3D74AC2B3C6602FC3DA08A233E44
:10C6000039EE2E3ECE88EA3C8F76983D44CD563E9C
:10C61000BFFFC13E1A46133E7E5B403B97E8843C19
:10C620000F9EBC3DF68286BCE1E51F3EF5EBB3BC38
:10C63000C57B06BE1F5E8BBC2E894C3EB06EDD3DB9
:10C640007805383C96E78DBCED2B093E88B00C3F51
:10C650005202153F9AFF683E2A36AC3E6A3D153DB0
:10C66000D31E44BDFA753E3DB8ED1F3E68ACDE3EBC
:10C670008181693E7FAE4E3DADF1B73CDBB19F3D60
:10C68000CD8C443EA8C2593DA1660ABD5DE20A3D7B
:10C69000030BBDBCA51B063D6E268A3DEDE6763D2F
:10C6A000227A6EBB00D40BBED225833C556BCABE2A
:10C6B0004B37FA3A5E8B823EDF9EAD3EAA2FE43EB8
:10C6C000FF0E0A3F2621633E4AC3763E1CB31CBDC3
:10C6D00020407EBBD07C24BC804585BE3DFCF23D25
:10C6E0004A3B2FBE941EC3BE1D2FE23D91B9303E82
:10C6F0001C2A003A04C3F7BD98133FBCEE9F2A3CA6
:10C70000CC17D0BD0DEB5BBED7E45FBDB92625BE0F
:10C7100001B5493DF740D8BC7ECA0ABDCC1457BE0E
:10C720001F1A193D46C72D3E7BF98B3E42CAA13EDA
:10C730000028C63D9739303D5EB2E83D42C07B3DA2
:10C74000E4E882BD0E2B5F3D7E7588BC9B479EBD95
:10C75000BE93F9BD626D833CD30FBC3E8DDB393E89
:10C7600023622ABE49D97CBBFA66703E826B323E98
:10C7700070C0483E61352E3E669A143ECD23183E69
:10C78000447AC13D1827FC3DD3AF96BD1176EFBD6D
:10C79000A1304E3E598AAB3D68BB713E4719B63E4B
:10C7A000543DCC3E75D5AB3B30C79F3DC0888B3CDC
:10C7B000C93252BD80DECABCB40F983CB20307BC7C
:10C7C0007D71B23C1A1D6E3EA46A423E07CE87BE02
:10C7D000BEF994BEB3BBE33C40B74C3E1D61E93D9E
:10C7E000144DD13CCA1EE4BD466FB7BB1BA9FA3C31
:10C7F0005FC98D3BA2FF683EA96C0F3D1D849EBEA4
:10C800007DC0543EF4CFB23EDDB6423E85CF4FBD33
:10C81000EA799BBC08FA5ABD30F57B3CC4321F3D17
:10C820006EF9DFBCE0F186BDFAB418BD68A84EBC55
:10C83000D30381BD861ADEBD98F2A2BD531797BD02
:10C84000B978ECB6EFE482BE2648CEBE8537FFBE8F
:10C850002346EEBE73C4F6BEB6E9C5BE878AD6BE11
:10C86000D6AE79BECAFC08BF44E118BEC35C1EBE8A
:10C87000FD4292BEE07081BEDBC04FBE4BF6EFBD05
:10C8800086AE313D1DA69ABD501F98BCDA771C3D7F
:10C890001A7E96BD340BF83C2AC97FBD41FB2EBDE4
:10C8A00046D26CBD2E43773D90C5563C601097BD77
:10C8B000D04FF7BB98C58FBC954C6EBDCC99A1BC31
:10C8C00050BC62BDA8848DBDA4F9E03CDA468DBDA4
:10C8D0007865BF3CA17C13BD4098E13C0C8183BCD2
:10C8E000742059BDCA01CCBC224B3D3D36BA2E3D09
:10C8F000A89371BDA42AD43CADFD80BD1E4F473D19
:10C90000324686BD9D9E923D24BFADBCA92BAC3D59
:10C910009AF59F3DFBEF2FBDF6F2063DBA9BA0BDF9
:10C92000676432BD45328A3DD52716BD35CA223CE3
:10C93000692269BB4A56393D97787D3D950F143E73
:10C94000E9594E3E60794DBC5D0BD6BCCF443A3DB3
:10C950005C47A2BDBFBEA9BDE7F8183DE2F5EA3CC1
:10C960007DB7A23D35199F3DD0568A3BFE90483D8C
:10C9700069E19B3D6D9F8D3DDB9291BDA5C1BE3EA2
:10C98000AA5B653EC3B9793DAADE55BD0B5EDF3CAF
:10C99000D6B827BCF6AC63BE344EAABE24148ABEF9
:10C9A00018999DBE31009E3D05CEC9BC9FE51C3E39
:10C9B0008922903EEF59D93D47B50A3EEFF8CEBDEA
:10C9C00048871CBE522D5DBE0968B6BEEBE6E0B9D5
:10C9D000DF62003E97708D3D79E48DBD96172C3D4A
:10C9E000480C11BDC09E64BB14A955BDCC8D7F3EC3
:10C9F000E49A733E8570B7BC17D916BE336892BEF1
:10CA0000BCD9A6BE44397ABDD07E83BED888EEBEDE
:10CA10008EEDCEBE34CE9ABE7A9AF2BE9270E6BE4B
:10CA2000B2D18ABE23C6A1BDFDD2CB3CB67F77BDB5
:10CA300030246DBE46B107BDF15F763DC2CAABBDC5
:10CA4000B83552BEB5AF383EB3CD203DBA7E7C3D41
:10CA5000DA9496BD90B9DCBC8D4A833D4101C0BDDE
:10CA60006CC653BEF755A0BEB11ECDBEAFA185BEEC
:10CA7000905825BE4BB446BE1236D9BE198690BE1C
:10CA8000984C8BBECF3686BE8DC046BE501A18BE9F
:10CA9000B4B082BDAB51353E336A7A3DD1040EBE8F
:10CAA000650196BD05B8F0BC837D2B3D19DD86B9C7
:10CAB00038B4A0BCF7674A3E4F31813ECB672BBEEE
:10CAC000A4BC7ABDE9CF893DED8AD9BDE1FEC2BEE5
:10CAD0003A80EA3C1C442D3ED4659FBDD84D32BE01
:10CAE000E8E8793C0FA685BDA71AA3BE65AC8BBD4F
:10CAF0002C1B4439452D8C3D996C29BC8C522A3D08
:10CB00004E3B593DC8255C3DF525BD3C4264F0BD1A
:10CB1000205E1FBEEAFD1D3E9816063D710006BE52
:10CB20000DD6A4BDB3659B3DA69AA9BD59F958BEC3
:10CB30004CE511BD7CF2B8BDFEE8A43DE024603DAB
:10CB40006D7BB23EFF36433D4317BEBDCC3AE8BDD8
:10CB50007C14393BE9D663BD7793803DA922703EB2
:10CB60009681FF3D5F31B23D8472FB3C213CB0BDFC
:10CB7000B39E93BD7A7DA53DF0F1483EE12DAD3DDC
:10CB8000CC6DAFBDB14C4C3D38C7FB3B5677683DD3
:10CB900099F639BE6AE82FBD09FD5BBDE0D300BE42
:10CBA000C77BEEBC6B6E433E61C6FE3D85C1343E25
:10CBB000F4BD343EC934EDBDBB53C3BDF7F8AABDC7
:10CBC0009EA160BD549775BDF0EB89BD42A42CBEFB
:10CBD0007F1947BE38407CBEA2801CBEA01840BE54
:10CBE0000A0280BDBA396DBDC713873EF702623DA8
:10CBF0004BF645BDE2DB843D6092353E446D0A3E16
:10CC00002AFB29BE2F4F683D4205C83D5F4A40BE02
:10CC1000A1F4C1BCEC5F1C3EF68EFDB8DDB17D3EDB
:10CC20003F405B3ECC7EB5BCA3D2253C7D66F83D43
:10CC3000A9DB89BC2BA9C0BD0C4AAABDE01D1ABE48
:10CC400092161BBEF6F23CBEA07581BD76E5F6BD20
:10CC5000EC2E72BC04D2513D1D311F3EEA5B71BD0A
:10CC60004BFCCA3DDDF2A23D676640BCAF811A3E77
:10CC70004FC726BE0B568FBED2960B3E4192333E17
:10CC800091A7723D92A9D23DDF0BEE3DA2B1F13EDC
:10CC9000730EE73E60CD0F3E3F2A603EC5CC293E75
:10CCA000147F0D3E2ACBC13CDD04BC3C540A79BB49
:10CCB000010DC1BCB8DC703DA578D53D01FF1D3D1F
:10CCC000AE9FB8BD8AD7363DCAD2813DB5B4EC3CE3
:10CCD0008B4735BBB0C76E3D10C6FD3D8417B73DD1
:10CCE0006A4DCBBD6B132C3E2FDAE33E771FBD3E62
:10CCF000BB781CBD9166C33D57225F3E81F4AB39C2
:10CD0000100BDF3EBCAA693ECEF5AA3EE506203EEA
:10CD10004565FE3D1529363E9B15903E2367783EBE
:10CD200011D34C3E6E41A63E5F7D753D7AB8A9BDDC
:10CD3000FFBBDDBD84C709BD9276063EE809473ECC
:10CD40001A46383EC03A563EA2D7453C42258FBCD3
:10CD50004E9C1ABDE5F31B3D4DDEF23EF56E1F3EC7
:10CD6000BA2ECB3C1E5BA93D973FBE3E046E803E73
:10CD70009E4BE73E8A35BA3E1C4BA83E1384843E48
:10CD80006A5F1D3E4D7BBE3EBB4E8C3E5E7B593E78
:10CD9000CB41783ED283433EA6C9C03DDEDBA4BD75
:10CDA00003C6F2BDCB0D11BECAD30EBD5F9EC43DFE
:10CDB00021B03D3EFC47C43DF884BCBC1D7A1CBE7E
:10CDC000E021253E72D9263BF5F5923EE922B13E9F
:10CDD0000520163B0F75FA3D52C59C3EABA0993E0F
:10CDE000443B2F3EC8CD233E71C01B3EE2EBAD3E1F
:10CDF0004244363E0016AC3EE882393D64C7213DD0
:10CE000004DFC33CC06D24BE94CBC1BDBADB2FBED2
:10CE10006FFCD9BDF57E21BE56A94ABD7396A33DD0
:10CE200084EA423D747237BEBCC69BBDDC252DBE74
:10CE30007E87113E1708D43E8A72BC3E8526D73EB7
:10CE4000C820BF3D75E8E13D4C9CA23E9012923E49
:10CE5000CE363BBE4F06843DCA270C3E72B8863C98
:10CE60008382473DC2B4743D74CF57BE998145BE9D
:10CE70002BE089BE46FFBBBECF9869BE2FD35ABEFA
:10CE8000F1BE76BE22ECCEBD04F92ABE3FC814BE68
:10CE9000FD43EC3C31675ABE9C135ABDF78F63BD0E
:10CEA0005761523E69307E3EABF3393EA4312D3E90
:10CEB000163D10BDD9C3243D07BBED3E6B7C75BD4F
:10CEC0006A5EF9BD4755C1BD7378B63C007214BEA9
:10CED00062F41CBD972488BEE4E090BE954CA9BEC8
:10CEE000CB2D34BE1623593D9640C2BD1F05C0BC94
:10CEF00099D851BEA4C3C1BDBEC854BE0260F2BC25
:10CF0000FDFC29BE86E994BEA2350A3E012B1A3EDD
:10CF100052AF743E5415633E7E56DB3ED1A3A23D14
:10CF20000BA5633C3052E6BDDB4D5B3EA2B61FBE97
:10CF30004A6DCCBDA1EE32BEC8DF40BE299603BE0D
:10CF400030BFC4BE04BABEBE6AFCBBBE0E77403C56
:10CF500062BDEC3C1E13223E2A35A43DE368473DEA
:10CF6000B7F4D9BD7B040DBEEF2D453DFAC98FBD89
:10CF70006471EABC9168FBBD08E009BD96F1E03D33
:10CF8000926EDC3D619BCCBD8162E9BD5C4D963DFE
:10CF9000BFAF643D768208BE23ADDD3CFEDAA6BDA0
:10CFA0009E9AF5BD8F9985BED6DA9BBE832CA0BE16
:10CFB000266E8EBE6FC146BEA40517BEBF48313D6A
:10CFC00015B30F3E7289C53DAF35033E9415B7BC0E
:10CFD00066C7AF3D99C305BED83BDDBC525F5B3A27
:10CFE0005FE3EBBDEC40DE392F7E7BBD5F6687BD26
:10CFF000D33280BE97C4BDBE8D86393C5F2A963D34
:10D0000016F9E5BC5D04EFBD5EB02D3E2E42603DDD
:10D01000FFE188BDA213E3BD2505BBBED573A5BE48
:10D02000405E82BEE94D0FBC66D93A3AB1D8373E70
:10D0300004C7CC3DFB35333EC9B36D3E69F9253E8F
:10D04000EA28843D20B4813CDB5FAF3DD334B4BDDE
:10D0500035F8383DD9BB5D3E5F53F43D5CBF54BDF0
:10D060005430053EA364E63DA0D2993DE1FB653C0A
:10D07000BE55173C2E1BA0BD9955803EF45184BE71
:10D08000571B78BDA942D7BAC105A0BDCD7CE3BC72
:10D09000D99FF9BAC559D63D1CCE393E4E4B0B3DF2
:10D0A0006338AF3B34557F3E17123C3D2B7C0E3E20
:10D0B0001C40AA3D8BBDB0BDCB63C73C0CBC2CBE95
:10D0C000307FB23D3DC1193D4FB2CB3CAD2540BE96
:10D0D000006EAC3D475B53BEC5C1E63D1E16043D28
:10D0E000C60B80BD0707C03D1C93803ED51892BE7D
:10D0F000EE91A7BC4DD4B6BD834A2A3E1073153DB0
:10D100008EDC003EED69163C6362BF3D1839343E4B
:10D11000303990BCF901CD3DF4E24D3D0A74F13D4A
:10D12000234933BDD66DBD3B2E5AD2BDFFCF4FBD77
:10D13000D599B5BDBF3224BE9CB9313B47BB89BD33
:10D140003E0E103EC8C349BE26560B3DA47AAF3CE6
:10D1500070F0A73B8482403D37577A3E8C4EA5BD88
:10D160005C8DFFBD62963FBD755B753E7FD1C13D55
:10D1700004D3283E65225C3D3F951B3EF3013B3EB8
:10D18000D25A273E7799AC3DB3E5973CEB4BAD3C8B
:10D19000641222BE751F50BDB629EDBC07F578BDDF
:10D1A000738F02BEC694CBBD73C5E3BD215058BD7D
:10D1B00061CC9A3D9A6A923DC3B7AA3CBF6B10BC42
:10D1C000BE9BADBC923C5C3C8B7D3DBCE6AFAA3BBC
:10D1D000723CED3B5D7E5EBA7539193EDC56B03D62
:10D1E00090D89C3D66D70A3EAE7D203E3044B93C87
:10D1F000690805BD1E2F3DBEA9FDF13C4A633B3EBB
:10D20000576E9FBD0623F83D2152203E14FFC53DB9
:10D21000221A993D67570A3DFDB32CBE840E233E6A
:10D22000965DC23B313F3D3BDA9E943E8EF14EBD52
:10D2300026B2243D646B67BD993A8EBDE8857FBDFB
:10D2400053A1253E2CEEEA3DE1F3B23D683295BD97
:10D250003BB68CBD7FEA833C43828D3C4FCFA4BC60
:10D2600038CCB5BD56B3B1BDCE7B913D2AD5583E25
:10D270009325C13D51A0063ED529B93D02B0F2BD6E
:10D28000AF24373D91BD4B3D27CC9FBD4169BE3D8D
:10D290000C1326BD5C9D953BF43669BD0DB4543C22
:10D2A0008A63033DF19A45BD6B85FFBC076EB7BE2F
:10D2B00010C31F3E2FB4A73D61BBD13D58A0123D06
:10D2C00013CFABBDCA23B13DC602DFBC342C3F3CFB
:10D2D000669EA43DB37E8F3EF0A8E43D7D63AC3DE9
:10D2E00096C2283E7CCB373E8FECBA3B01FF7B3D9C
:10D2F000A3176E3E58A1E03CFE51B73D8133313E4D
:10D3000088FA30BE5406F4BDCD77CBBD881ADABC9E
:10D31000669F523DF6E75B3DBD9EC93C505021BE25
:10D3200000E66ABED98733BDE066B53DB2D32BBEF9
:10D33000E31788BDFB4D4EBD72E1393EFA092C3E24
:10D340006CDF2B3DE9BA88BC54EC7A3D9FB4113EAA
:10D35000CE881D3D4907B0BCE714403E6289C63EF9
:10D36000E22BE43D1C6E403DBB45C2BD0C13C4BE68
:10D370007390C23DE3F8B2BD136DA63C996C883D35
:10D380006ECA32BD06F2433D27AD90BE1EE8843E14
:10D390005BD3E53DF6EF943B168C2ABC7CB294BE81
:10D3A00079561DBE97F3DF3C939A6DBE1CF242BEC8
:10D3B000939FB0BD85DF88BD7951C4BDB5ADE9BDD2
:10D3C0008BF6F3BD232AF53DC1FEC2BDFAEE05BCC6
:10D3D0006084B8BD236B26BD588015BE2476D3BEAD
:10D3E0007551613D4C831EBD94F87A3D5C90CBBC79
:10D3F000E0D68E3C42AAC9BCF8B62F3C1A0D77BEC7
:10D40000A95085BDB8ABFABDF4429B397244C1BD89
:10D41000EFD8E5BD18236A3D6D3C59BED152CDBD54
:10D420001BB83DBE9D167E3D98757DBEBBC9AFBE87
:10D430009F1298BEAA041FBE544D2E3D76CCA53E29
:10D44000B34DEBBD2574383D6BFEAD3BAAB1B33E89
:10D45000A89A073DD6888338323123BD2813E5BC0E
:10D46000BE5E223D4680523D8163A2BD58043C3CD5
:10D4700084705B3E8D43213E2404253E3C9D05BDCA
:10D4800056EA973ACA6A33BCE2EE2D3D5137F03D79
:10D490001D71D2BCA528B63E0E5ECE3EE8661BBD11
:10D4A00019D8AABD0118893EB01A19BE49E7EA3D4C
:10D4B0003E90803D1EF0C33D750FD53D3F698A3ECD
:10D4C00080495FBD696937BDD86A97BDB273673D52
:10D4D00085ACA9BDB02C23BC42B628BD00C7313BEA
:10D4E0006AD32A3DD096033D5810753C4AE7773DF4
:10D4F0000D35983DF00E583C8052813B76F12C3D25
:10D50000F9C4783D4B9F7ABD1CE2AC3CCA424ABD8F
:10D510004008463B0E4794BD7EB3D3BCC02A6D3B4A
:10D52000BE3B073DDE393A3DE0046A3C5228223DCD
:10D53000D479933CB58E873D3EF6CDBC1C8C103D16
:10D54000A0D5BB3B58ED163DF60C87BD08A4253D84
:10D5500032DFA4BDA3832B3DBA18E03C49B0CF3CD9
:10D56000B75480BCBF52883D697029BD776A0B3DB6
:10D570009DAA47BCE4956CBCD662B7BC2E4392BA58
:10D58000D7A2513CB06395BC9A267C3D117EA4BDC8
:10D59000ABBA3ABDDE66E3BB11B4CDBBA2BE07BDDC
:10D5A00064B2E6BC2E1F4A3D818FA2BD8348A2BD56
:10D5B0001BA20DBD6AE536BD677CA23DA079A7BC64
:10D5C000B1E743BDFBC0B33CDD9E0EBE7364D9BC66
:10D5D0009EC05A3C7FC9D7BDD326283D761BB33C9D
:10D5E000C8A87FBD8BEFEABDACBDE3BD028021BE04
:10D5F000078829BE3813443D12A6AF3EA7B6503E59
:10D600004CE70E3E3FFE43BD649F993C6E3794BD90
:10D61000AFAD93BD5707F93CFE16323D9229043D4C
:10D62000D28A023DF8D74FBC1E53963DEF4145BD0F
:10D63000D814A2BD68EB9D3DB6F2393E71696B3DD1
:10D6400028DC2EBD38F98BBECFEB5BBEEE7C13BE63
:10D6500049CFCBBD6C610EBF67AEECBE4924EABEBC
:10D660004C7CBDBE187D633C2584173D530F97BE8F
:10D67000B0AAA0BE728F90BE447677BEABFCB3BD9D
:10D68000AECB043D2449F4BC0420E13C28138B3C80
:10D69000C0246F3C43694FBC65ADEA3D75036B3EEA
:10D6A0004FB1B53DDA1FD33D5B68083E7514923E1D
:10D6B0003FAA3D3EC175533E3B84A83E35AD9A3EE0
:10D6C0007368113E02AE9E3C9A9422BDDA74633BAD
:10D6D00009AF26BEB1EDBDBDD5FAC93D3BEF5B3DFF
:10D6E000F64C993D21BF703D3668553EFF4B053ED7
:10D6F00053512F3ED29D993EC372A33E22750E3DDB
:10D70000DDB8A83D8A002E3D94F0093E9BB11B3D3B
:10D710001B19883E94A2773DC852673E4DB60B3E1A
:10D7200012EE2C3EC923B3BD4A69CF3DFE34AB3E59
:10D730003AC6903EED95593EED92013C9186563D9C
:10D740000B9938BD79610E3D37BF623DCB2B08BDCB
:10D75000AD53FF3C5602BBBDC840A13D423A193E05
:10D76000C3DA303E3624343D131D85BD219782BD7A
:10D770005F90A33D3FDD273DC9B47EBC7566283E62
:10D78000B206BA3DB83B20BE1E0B273EC24425BEA2
:10D7900084CACE3D0A69163ED31BA73DA24DFF3D6C
:10D7A000DADD7B3C63BD753E3450273E924F823DAF
:10D7B000C5B0213ED1ED443EF65CDC3DA93311BE3F
:10D7C000A89A7A3D64F43FBD9A2DC1BDED91C8BDC4
:10D7D000735296BCE3F916BE59F663BDD54D403E73
:10D7E0003BE9A9BD501DAB3DDE02323E6050FDBDA0
:10D7F00028CBFD3D37D38B3D7E39FC3DCAA0ECBD27
:10D8000009FA023EBA992BBE7498A53D36BDB23CCA
:10D810000031323E56E8803ED82F843EF3EC993DED
:10D82000DAB7033EB8F08EBC3F921EBCE4C1C6BD61
:10D8300025E822BE4342B03D48361EBE8CDDDBBE2D
:10D840005B6E90BEC098CCBD5FB90C3DA3952C3EDD
:10D85000A128513B562FEE3B4AA1863EC18E583E31
:10D86000E4D52C3EE905413E421C33BE7E229FBDDD
:10D87000FD5C8E3D2602523D9719973DCE74013CCA
:10D88000C94FF6BD618123BBDD09023C2DCDCEBC65
:10D89000463F273DB6437DBDB4E4E5BDE3A316BDD9
:10D8A0001FB83BBE58E8873DECAF203DA259CFBE24
:10D8B0000D8CF1BE24B534BEACC450BEB95609BE01
:10D8C000CDF72EBC1A69A3BA69CEA73E6649AD3E14
:10D8D0008329073B74D6B73DE24043BE1B6D7FBD35
:10D8E0003A81943DB92F9BBC6F17F1BCECD1B9BC08
:10D8F0001039D23D2DD9A5BDC19228BE4138D2BD27
:10D900005B83F9BD61D528BE6AADB4BD14EA01BE22
:10D910006408DEBD7228813D8CAE043E106DE63D8C
:10D92000076C28BD230F9DBD61EB04BE22C3D7BD8C
:10D93000ECC8C9BD56CA92BC11057A3E0543C23E29
:10D94000F0B305BEA8362F3EAF2895BBFABB04BC8A
:10D95000131E883DF46565BDD60ADDBDC89C123E28
:10D96000E439D7BC949595BDE7E33CBE8F7E34BEC9
:10D97000B9A4A3BD3BF90CBE881146BC97746DBD1C
:10D98000FEAC84BD58FF833EA203133E8FC0253EEC
:10D9900098EB373EFA02813EF22E943D2F6330BD64
:10D9A0004FB78BBDAFFE56BB1C1D0EBE217BBABC54
:10D9B00060791BBBA30A1CBDCA02ADBD7F896F3D48
:10D9C000CBF53DBD365FDCBD451164BD06B9CDBCB0
:10D9D000AAFD50BDE4EB02BE3B4304BDE3439B3DC7
:10D9E00081B8C03D5355A23CA8C9BA3D6E11C8BD0F
:10D9F000AAE7A43D756B783D0926683EE50BAC3E71
:10DA0000FB71973E11D25F3D797FD73D64077BBCA8
:10DA100088BBB4BD689696BDAAF5C3BDD6B207BE95
:10DA2000F28F0B3EEC694EBE93B4ABBDF5B9B63D7B
:10DA3000516855BD8AC7003B86A8843D24A6E4BC36
:10DA40003DEA95BCB7E4BB3C9072F73DD98564BD17
:10DA500069A6B53DB6FAD0BD6DE53F3D1AE9AEBD4C
:10DA6000F99BAD3C1CE57BBBE087C23D42F8883E9C
:10DA7000C99169BC22CFA7BE2200233E6A36333D3E
:10DA8000594E97BD834C15BE92C4F9BD86176CBC28
:10DA9000DB43E33D30FEE1BD46C1C6BCEA90563EE5
:10DAA000EA540D3E97E09FBB0405283DF3BF6C3E52
:10DAB0000E9D733E134B733E6AF03D3ED112983D6E
:10DAC0005937823D8AE4CEBC2B42A1BC744C93BD35
:10DAD000ED3906BEEEF4923D886C9E3D2D83393EB5
:10DAE0007F3BA0BBE7CCAABE2E1B52BD03CE6B3D35
:10DAF000E94C05BEE16D46BD8A912FBE8C362A3EAB
:10DB0000195FCFBCE38818BE8F073A3EC149553E26
:10DB10009EE456BC06948D3D2C92313D8CB90B3E53
:10DB20007487E13D3939D83DEF8F39BD4120463DFD
:10DB3000C8779BBDB12B31BED39F83BDF1A171BE10
:10DB4000495D03BE3EBAA0BDE46C6D3DA5E3413E18
:10DB500056ED47BD25D8E3BD709C58BB94420CBE22
:10DB6000BD737DBD93EC983DE0D2053D910E373EEF
:10DB70000A3497BD904983BD4404C8BDB17B69BEDA
:10DB80004AB03CBE7DEAE23B037DBA3D0C2D5B3ED4
:10DB900077F8C63D1072F13A44E4E8BC5CE03EBC64
:10DBA000821D033D6F36CDBD5550C9BD890A72BC7B
:10DBB00000C15F3D319C473D6BDC283EEBAC803EB5
:10DBC000515591BDC58107BD8F7E8B3EE7B1823D2A
:10DBD000B501C4BDA31C353EEC8F363EEBFB31BD19
:10DBE00075AF0BBEA68C72BEB70FD3BE3E73D2BE4E
:10DBF0002E2509BF76547BBE2CF143BC3EFAA23DD4
:10DC0000A2F3F43D2896C63D9C799C3C0829EABCC9
:10DC100005CD97BDA896F2BC4E4DB53D3FA4C23B85
:10DC20009DFDCE3DC1FDD53D5787223E283C5F3E40
:10DC3000AB504F3E4A05403E3ABE1C3ED00E1C3C07
:10DC40002A1AC2BC4909553DA18C1E3E4F8AB0BC60
:10DC5000AB5CFABDDFE282BEB02E07BFA138CABE00
:10DC6000425133BFDDFA4DBF234127BF5C8512BF50
:10DC70009679E9BE00E02DBD85CE76BEDED9E3BD46
:10DC80000D261CBEDF5B0FBC8CC5B03D394FC8BC38
:10DC9000D5F9C43D75A039BDDB9D76BDFD17E73ACA
:10DCA000FC665FBC0A3BD9BD30262ABE23419B3DA2
:10DCB000FC79BE3EC23FFD3CE808413EFF25A2BCC8
:10DCC000B25185BD5ED7143A1CAD3FBEBBEA47BE1C
:10DCD000082404BF89A22CBFD87F61BF7DCC42BF7E
:10DCE000732041BF03B01DBF679CA8BE27532CBE45
:10DCF0004C0A953D808F5FBC7AEAEF3D84C91D3D9B
:10DD00001496C43DC210DC3D184D34BD92FFFC3D5D
:10DD10000BAF57BEA81540BE94118FBEF118C7BDFA
:10DD2000980F083C7C48D0BC91196E3E8909D6BA40
:10DD30008D7E903BF693673D5D5AD43CD0E405BDA3
:10DD4000AFA607BE40FF9EBEFED6D0BE62E998BE1B
:10DD5000DE828DBE1BE281BEF3B156BE39F38EBDAD
:10DD6000BB5B873C8E2327BD3A8BF63D8FEE373D5C
:10DD7000C035A23D5446E43D0535F1BDF138D83DEE
:10DD8000E76EABBE0050A2BE6C0ABCBC07C9903B9C
:10DD90007AEB7B3DF719863C9726F93DA49B463EDE
:10DDA0000DBDBE3B9988EA3D3BE8BB3D3E7A1C3D3C
:10DDB000545A47BAE3F6293D70E8DF3D9987803D24
:10DDC00055F3AABB6510813CA4EF363E1179863D20
:10DDD00094FBA1BDFD2009BD8DC2F7BD5C5408BEFA
:10DDE0002BDDF93D68F306BD2BE3BEBDC03DE13C34
:10DDF0001D4A21BE9E54BBBE94180ABCA4E7843DB4
:10DE000020693EBDCCA0EF3DBA3B87BD5E2F8D3E65
:10DE1000C568AB3E9E55C3BDDDB93ABE795E0F3EC7
:10DE2000FCFDC43DD8A7AFBDD21D963E2037643E51
:10DE30003B8E9E3E60AE2E3EF9722D3E57F6E43D7F
:10DE40005DBEB03B32C626BEE8C4F6BDF74EB4BDDB
:10DE50005E79DF3C7FC703BE06976ABD7987073EC0
:10DE60003CFAA7BE6A5E80BE5724C33C41E2A6BD11
:10DE70000D51733D2BB894BC9D2EBDBD4B0ED43DB2
:10DE8000922F723E24229C3DEE81AABEFF5115BD09
:10DE90000F44A83DF2C059BD5B02793E2878BA3ED6
:10DEA00096CB5C3E83435F3E0405483E91DACE3D0F
:10DEB00087E0C3BD8CA2EDBD0BAB61BEC041A7BD69
:10DEC000BE0CE73C1D056BBE7A23CA3DBC67A13D75
:10DED000C0E60FBEA82E1CBE682F7CBD2BF950BD1E
:10DEE000E0E7C6BB7A84613D7536003E1B7C2B3E65
:10DEF000AD40373EA843DC3D6251E5BDF135EBBB9B
:10DF000084E77B3EBEABD33D1C3D903E9341B33E88
:10DF10001A933C3E11F69D3D5FFFAB3D6A85B53DD2
:10DF200064341A3D8350F1BC4B5336BD80559DBDC2
:10DF30006C060CBC6C8318BE6439ADBD4C1608BEB3
:10DF40007C6218BEA69B99BDE31FA13DA8C07C3C86
:10DF50009661783D683A12BCDA4825BE5B6EDA3CC1
:10DF60001BA9A63DA2F6CC3D4347DB3D47FFE23D62
:10DF70001825923E5E50283EE4D4593EB732C93C43
:10DF8000A7D7C23DE967393D6A23503A46492F3B3E
:10DF90007E0E9ABD4D0B9BBD0E5C46BD444012BE2D
:10DFA000F0B9FD3CDF1F2CBED6F491BE797AD6BA0B
:10DFB000F4D50EBED21F08BEBE0280BDA7768D3D31
:10DFC000E5F121BD34B494BD8028853C0F913FBE5E
:10DFD000C4635B3EB9AD023FA3BA073FF863B33EEB
:10DFE000955710BE5A00ADBD9997333E4B91E33D16
:10DFF0008782053DDB20ED3D72E67E3C078AB2BD9F
:10E0000058FECA3D1C11EA3D4800D23DD19B1D3E41
:10E010005F95B13D6ECD30BD970F3A3D92E22F3EF8
:10E0200082BCA43DF50D203E77A4093D92424ABD35
:10E030000205223D20EB9DBCAEFF06BDBAF40D3DAE
:10E040007B97D03DA7F1DF3EA410FC3E946FE33EEA
:10E05000AC2C1ABDFBF6563DAC33973EB71E013EC5
:10E060001D00DE3D7B8EB53E7E21ED3E59306B3D81
:10E070002DF349BED79EF43D93C9323E067AD93D71
:10E080004440A33DABA8133D9DCC303EFBFBED3C93
:10E09000FE64A33D3D7694BD0617BEBC8E3C93BD89
:10E0A000003E13B9B8DA10BC22565BBD83BB913D6C
:10E0B000C9BA6F3D723FCFBB4236CEBDC321713C62
:10E0C000D4F2D7BC018E4EBE9CC51F3C531CA93D4B
:10E0D000B028233E2A77863E7F9ABC3EE8728ABEED
:10E0E00081293DBE3BDD43BDF8BB2BBC9160E7BD44
:10E0F000F7AEA0BD7CB8353CDDA62E3D269A303C5F
:10E1000082F62F3DC082EE3C22B5783DD0DC83BC48
:10E110005D31923D88D96ABC4EE461BD50FCAC3B98
:10E12000501BA13BD399A43D40D979BCF7C5A9BDEB
:10E13000DE29C5BC9AAE68BD4F00943D0EDC573D4C
:10E140007B59AFBD998B87BD42B7B53D2B22733D3F
:10E150001C05DFBC32C186BDC3B38FBD3E5A593DDD
:10E1600065E3AB3DD29C703D809DA4BB76490C3DE0
:10E1700094519F3CC0152A3B488A0A3DEE8D563D7E
:10E180008E81433D061612BDC0EA083BD253473D7F
:10E19000A61E6C3C2EE04FBDCF352FBECCFC25BE5D
:10E1A000DCD80EBEE2C60DBE3D0E1CBE5FDB58BE07
:10E1B0006A023EBE965F9EBEC08485BE0CA08EBE27
:10E1C0001AAB44BC7652C9BD09D82BBE63E382BEEC
:10E1D00056EEE3BE2D2779BEACA5C1BD996F5ABEE0
:10E1E000D55F3FBDB40BB6BCB0CEAABD8A59B4BC96
:10E1F000FE147A3DB2329ABD257D2C3DC22AC1BEA5
:10E200002826AEBE02433CBE7605B8BD65B4D8BD77
:10E21000565E56BE7B92D33CDCC2A0BDB55358BE01
:10E220003CECDF3C45343DBE69399BBED150ADBEB0
:10E230001B53B0BE8E6B3ABEA6CD27BE9822A0BEA1
:10E240006C4C6BBE2BA243BEC8BE68BE648323BEAB
:10E25000E61A473D15B5F63DF8C528BD8B19883D32
:10E26000681A95BD6A0D383DAF34363D93C7DFBEA1
:10E27000A1CE9CBE0A2731BB4F984BBE9A1053BE0D
:10E28000AA5A25BE353211BE7D60DBBD76411FBE68
:10E2900051B3ABBD01F833BE57C884BEC0BA43BE4C
:10E2A000EC40ECBD50CD06BED55056BEB97581BE12
:10E2B000238F8EBD69FBA33C8710BE3D1C0FF53C30
:10E2C0003D52A8BD36FEA73C5BE22FBE01C4AA3D6D
:10E2D000F864523CC50650BD4A16E83DD41212BE41
:10E2E00048E287BD4526993DB3769CBD85E52F3E26
:10E2F000EBB207BEE56131BE67C02CBD6C170E3EA8
:10E30000A4FB473E0D8547BDCE4A00BEF263D2BD99
:10E310008029EBBD2A21B0BD0AC5A5BD974032BEFC
:10E320000C01BE3D6CA218BD9211643CC7B9DFBDA3
:10E33000A60D5B3B62FC613ED30C5E3E776A78BE05
:10E34000888CD13C228FD7BC099643BDDD9D2B3EE6
:10E35000F471D0BD3F41AE3D0DE83A3E78D7053E61
:10E360005B0A693E24F2793DB58E7E3D28045F3E0E
:10E37000DCD06F3EFCDBBB3DCFBE64BD6240C4BBA6
:10E3800091C7193D7B0F02BD88EF6BBDF1A402BEA2
:10E39000A42734BEE08AC3BDF1007EBD25F099BE3E
:10E3A000F6B380BEE5B4A83E31B75DBDE46E77BE7E
:10E3B000FAB0753D5AF6F03D6F8FAABDCD7D873E10
:10E3C000D849993D5B5CFC3D38EBF53DCC3258BA01
:10E3D00090B8383EE8B3CA3E3BCE363E4BD6843C7E
:10E3E000838F5A3C29ACCE3C4D13753D7EAF063E23
:10E3F00035FF043E685F323DC91C9C3D5CD9B23D8F
:10E40000FFCCDFBCAEA26B3E81A32C3CA4E0F3BDED
:10E4100074E2F3BD1E92DF3DCB6EF9BDB3A49EBD89
:10E42000C45BDDBC5117983EF4C4743EF1BCDA3EC7
:10E43000ED25AB3D08B6C2BD0FF9773EC68C0ABDCF
:10E44000D7B61B3E0F93DD3DB326A5BDC576ECBD0B
:10E45000CFEFB53C343D613E6E8D913C1DEF0C3AE3
:10E460001F68B03CCEE2003D0E44733D35E5DA3D19
:10E47000CA1ABCBB53CB5C3D58970B3E8F7FB23D55
:10E48000B0C6F13D116E393E065BE5BDFA8A26BE87
:10E4900046493E3D4436523E78C96C3EA4761F3E06
:10E4A00048B61B3E2C5AAF3DA1BEC03D97E9723D18
:10E4B000DF2E4F3EEC880D3D15BE733D29040C3E0A
:10E4C0002A3A103E57181C3EAEDE213E07C6573E84
:10E4D0009B7B783D37FF40BB6E42653DC02AEB3CDD
:10E4E0002B16F1BC9102913D7A4F373EE9BD1E3E9D
:10E4F000CC6388BC1C9FB53D036D4D3E9C31B53D42
:10E50000AD2139BDA5E80A3EBD89373D5C75183E91
:10E5100092DA36BD4BFDF63D7FA3263E795BFEBD0C
:10E52000692F153DD9E04B3DEBED473C385A0E3D88
:10E5300041767B3E2BBB0E3E6CAC4E3E783C853D1F
:10E5400061D4ADBD0B2EBF3D45E15ABDE5805EBC3B
:10E5500093046D3E63AE233EDC92393ED84943BD01
:10E560002BB0ABBDACF3C93D0730D83EBBE9423E52
:10E570007501E23DEC32B73DF4908D3E635F983C0F
:10E5800031E3F9BD781AB43D303C623EE7DB31BD82
:10E5900031D29EBD1B168DBB4FB5213ECF693D3E8E
:10E5A000204A33BAB86B733CF4EEE33D35745D3DFD
:10E5B000215030BD1DBE04BD25B67B3DF83934BBAE
:10E5C0003B2BD13DD777E03D557D60BD56DC25BE68
:10E5D000B098C4BD26AF7B3E24A75F3EF42A783EA8
:10E5E00043A512BD5395073E56BC4F3EA4A1953D91
:10E5F0001A9FCABCC39E8A3D20D43B3DED52943D38
:10E60000DDF5A83D0164CE3D400F1FBD55FB373BF6
:10E6100069217A3CF74608BDA8F2D8BC7689D43D7A
:10E62000F6EA33BD9EE7B63D372F34BB739A3C3DC7
:10E63000E77E943C5C230CBE39EBEA3C965700BD68
:10E640006A8B173E1CAFC13D718AEA3D316E8B3E2D
:10E650006E5DB53D9436453C6A2C903DF184543E48
:10E66000CEA48DBC0D865EBD289245BE67ED00BE72
:10E670007C6CB8BC172224BD96FA03BD255790BD0B
:10E68000636600BEB9210BBE47B73BBD18605D3D58
:10E69000B531BD3D4C0028BA7F01613EB425BC3D7B
:10E6A00032D77A3DCA50413D33C2F3BD5EC468BE25
:10E6B000CE9EFBBC8232A73E6755A73E4FB09D3E23
:10E6C00045B752BED675ECBC5A65683EC072CA3DAD
:10E6D000F3768DBDC0D7FABD888854BE92E48FBE54
:10E6E000206330BE54C926BED98801BDDFEFD4BC3B
:10E6F000A49A0EBEA276AD3CCBDB9B3DBD2BEE3D7E
:10E70000BA52CF3DB4C0003EB16D863E41DA94BDF1
:10E71000AD359DBB73C0833DEBF22ABE417889BE07
:10E720000A85A03D9E3BEE3EE0D4C33E671BCB3D39
:10E7300084DCCFBD20208B3D189D893EDD1329BD93
:10E74000B84570BD0AA3E0BE5B6E9DBEED7A57BEB4
:10E750005B6C77BE5F120DBE3EE6C2BDC11D4CBDF7
:10E76000030FCD3B76762E3C88D92C3EDD265C3ED1
:10E77000D81BF63D2F5A923E007F553EFECCD23D2F
:10E78000ED4D01BE694D27BE237900BEBF5511BEB8
:10E790003BBB31BD4607BA3DDA4AB43E83B71B3DA9
:10E7A000D833893C8F1206BE6719A33D0C673CBD68
:10E7B000A3D6B6BDEA819CBE8E01D6BDBA3BA1BE32
:10E7C0000634C3BE4C8338BED80C95BD3C68A03B14
:10E7D00051325E3C8CA9933BFF67AD3D1A8E503E93
:10E7E00069E3473E0F51A63EBADEFF3DCB05B03D83
:10E7F000A38EF83AB53A2FBDFE06FA3DC779AABDF9
:10E80000987B00BDD8C347BE0B89CE3EC110563E93
:10E81000733EDE3CE098D03BC8D8AD3D23F1A1BCAF
:10E8200097A913BE4B8779BE250E89BD36780CBEDD
:10E8300038345ABE3595D9BDFDB2EDBC822FD3BD5B
:10E84000A7EF073D614B393E5515BD3DFB88183E8E
:10E85000985F613E66419C3EF31F6B3DBA072ABC40
:10E860005AC422BDB080AE3DAC93233B810A043E26
:10E87000F0735ABEE22272BE0B2EA03E329BD03CF9
:10E880008013713B47DAF3BD54A6753E1A7834BD48
:10E89000870184BDAD9483BDC1315DBD8B3A9F3D81
:10E8A000CECE67BD872E77BDB5800FBED78BE33C3C
:10E8B0001FDE293E2A18743E7DD40B3EE00AD13D6E
:10E8C000EE9D1D3E5D63F13D0A190BBD9B593FBE98
:10E8D0003A2DC5BD174C7F3C0800D7BD6EDE49BD43
:10E8E0009DD304BEFCED983D970A8B3EAB5D03BD06
:10E8F000C568AEBD9007953D59E5B73E968B833D03
:10E900001FD5CFBDA1ABE4BC8623283EE5CB3B3D64
:10E91000123355BD20D996BD780AD1BD41AA363DE6
:10E92000B526273DC31DC43DA2BFE13D1CAC1C3D27
:10E9300025F2843D05AA063D3A9066BDB62E25BD5A
:10E940006AE4163C65A801BE15CAD1BD770337BC81
:10E95000DC1BC83DF000C63D013E753E0A6F3BBD65
:10E960000778093DA92D19BED7C6E53D25E912BD99
:10E97000457B113D061BFB3B74752CBD2E50583A50
:10E98000DDD515BDBD4B99BBF9433DBDF97396BDB2
:10E990001D55D4BD47F8A93D8611273E525587BC69
:10E9A00032D4D0BC01289C3C77E12DBE0F6029BD3C
:10E9B00028EDC8BD845E3ABCE2D4EFBDF5016D3DE3
:10E9C000B77D183DBC1C5B3D899A543ED75B1EBE8B
:10E9D00077E8903D799815BE2806453DA8548A3EB3
:10E9E000F8A2193B0D178EBCEC2704BEFAE6943D45
:10E9F000AB6946BB5852D03C34B31BBD0DCDE3BC14
:10EA000056498BBD23EA0C3E7384603D397C35BC8E
:10EA10003BE2E7BD32341A3C2B4D19BE343903BEFC
:10EA2000499140BD11D593BDF13C98BE0D80CD3DBF
:10EA3000F87A57BB7A35B3BD631EECBC42DF9C3B12
:10EA4000CF7BDABD5335043E1BCE4B3EFE8BFC3DE7
:10EA5000AD5ED73DA653A1BC128C95BDB21625BEA6
:10EA6000CF70713DA089063D5E5CD1BDB0EEA53C86
:10EA7000756062BC0C6704BDA65B01BD66C7ACBD1A
:10EA80005A0A32BA8B31E1BDFAB233BE9FCE39BDDC
:10EA900091EE82BECF0282BEF375FFBD1AC419BCCF
:10EAA000B4DF63BEC95647BE891598BE5520A73D41
:10EAB000A8DC6EBD68BC60BD31D17A3EFA17E8BDF6
:10EAC000E83E113E32FA66BD8E85023DF27EE03DA3
:10EAD000E4EA05BDE9A7D83C60ECE63CD485533AAE
:10EAE0008EDA593D4944153CA306AA3A1736B2BD01
:10EAF00069C4F2BD73005EBEF19835BE8770EABC92
:10EB0000DEEB2CBEF2E72FBE45822EBD9E7B12BEF1
:10EB1000815B86BDCE8722BE815875BE91B1993D7D
:10EB2000C05A693B4679753DD35644BDCB3E7DBE48
:10EB30005DF6CBBDA87538BC283D123E6FE31F3E85
:10EB4000D7E373BDFD69A5BD7AA413BDF9684A3E3C
:10EB50001B37143E43BFC73CA0A6A5BDDFCB63BC9B
:10EB6000C7B3833C7CBCFCBC994233BD4997BDBC58
:10EB70008B9F09BEB4AC9BBD3094C2BC31D401BEE6
:10EB8000D74C50BC0D3AD5BDBB084ABE4672333D8A
:10EB9000CCE65FBD74EB2ABD77FC073E432C8D3D70
:10EBA000D00A503E32FDC73DEDC6613ED8DA3F3E49
:10EBB000FECAB83D2B6700BE5A192ABE635E073DE8
:10EBC000595242BD9002B13DB72F023E792BF83B1E
:10EBD000D12010BE943032BDD21942BEBA60B5BC4D
:10EBE000314098BD555A8CBD1A100DBEB9F881BE82
:10EBF0003138AE3B3B9E613EE2A37D3D38F3163C8F
:10EC0000FA7F4B3D60BBB0BCDE5163BE3940143E61
:10EC10004F73AB3E4BEB753E94CB233E6182443E3B
:10EC2000CAC93ABA5261B8BC2BF07B3EB4FC8B3EE9
:10EC3000717F693D77B7443DBD75CF3DFEEAC73D65
:10EC4000451D1F3E7582B03D9F14FC3DDEB0EABD00
:10EC500071A2113DE968FFBD31A738BE2CFA89BE0B
:10EC6000AD8686BEFF71163E57BC093E30033E3C62
:10EC7000800BA63A3C38AF3C029DDCBCAB048FBE97
:10EC800076932ABC23B30ABEB1120B3EB771023E83
:10EC9000FC957E3EBED13D3E267CF63DF04E953C39
:10ECA00000114B3C2356813E86FF23BC3B179FBD82
:10ECB0008CEF72BD04B2233DE38ECE3DC52CDD3D0D
:10ECC000343F853CF5C708BC224615BE957FE93C1C
:10ECD000436E28BB69E6CBBCA9F33BBD860D15BDD1
:10ECE000B8750A3DBAE060BD64BBBFBC6C65F23C60
:10ECF000025231BC51F7093E7A4F1B3D224DE8BD0F
:10ED000018EE99BDFD5FC2BDEF5DF1BCCEB01A3EFD
:10ED10004E7E7E3D8501433E9E31103E478CCF3C6A
:10ED2000FF5EE93DBB716B3EAB54653E7872E13DE1
:10ED3000C6D3853D56E07A3DDC46A1BD928A8F3D23
:10ED4000281693BD00A1AF3CF26B6C3DB00F0DBC1B
:10ED500009195DBD91BE933D06D963BD289C93BC46
:10ED6000506684BB00A0903C12F1773D3F87A83DE0
:10ED700078A29BBC6AA4FDBCCCDC243DB4D694BD77
:10ED80001D4B1F3C352231BD3063503DE76DCB3C00
:10ED9000524E263DBFC97BBDC83A34BCC0EB39BB1F
:10EDA000932E953DAD5F8C3D7E074C3DF51D40BDDE
:10EDB000DABB793DE0BAACBBF8360B3D6CA611BDB1
:10EDC000901F333C76658ABDDBD3993D0BFFA83D90
:10EDD000945C0CBDAF0BAB3D24B7E5BB1E6A4DBACE
:10EDE000FA62553C4A54093B4A4BB53DAC14B0BCA1
:10EDF000988B73BD7BF4FF3C52768EBCF4EF31BC34
:10EE0000CC5656BDAA8221BDEC610BBEC0470BBEDD
:10EE1000FAF028BC2FB539BC98FF533E29805C3EE0
:10EE20007D2D9F3DAF4850BD874293BD19B6823DB1
:10EE30004E3952BD5E434B3D8F304B3C78765A3C49
:10EE400026CE82BB33DF3FBD616FBABB388A853DBA
:10EE5000FBA02D3D51D47CBD4CAC49BEA92F67BE53
:10EE6000C4291DBE4F7BDDBEA9F7F6BE318C8ABE1C
:10EE7000D91323BDA865D03CB2F2F03DD6B194BE03
:10EE8000B6461BBE6AA0283ECC46783DFE7A883E38
:10EE9000D68BCB3DDECF8DBC4E433C3D10F0B8BB96
:10EEA0006A2D3ABDD8393CBC65E4A03D2C0A343CFF
:10EEB000FE4ED53D87B8223DC2D3A6BCECA546BECA
:10EEC000109D203CC6D1A43E337D603DC42092BE3F
:10EED0001558A63BFB2C503E35FD11BD4002753D3B
:10EEE0007987623D8D1F343DA775AB3E5127A43D08
:10EEF0004A624EBE69F39FBDD3FF593D61EA863D2C
:10EF00003C08A53DF31B2E3E806AC53D50EAF13C0E
:10EF1000DEE5F9BC28E489BDC79630BED779B1BE1D
:10EF200096156FBE1D589FBE94B8853DE6A3AA3CBA
:10EF3000361CD9BDBA8187BD6269CFBD32C5853D5A
:10EF40001AD3323D489EF93D40EB893E926A8B3E92
:10EF5000664CD33DA3A66B3D3938793DBB23373E84
:10EF6000F15517BC0D6C053CA533F63DC3605B3E07
:10EF70003DCD7E3B8E589DBD47271E3EFA77A0BDF6
:10EF8000E627E6BCFBAD84BD5E76A9BDAB15B4BD7E
:10EF9000B77C66BEAC35DFBEF5575CBEA54811BE7A
:10EFA000960B943D850CA43D8CE5DE3DA3E4363EF6
:10EFB0002AD7EF3D83C7B03ECCFDA63EA9C3953E00
:10EFC000FFB43C3BA3B7A9BDC772913BAAC3B4BE73
:10EFD000D710FABDE807D6BCBE4E423DAAF6B7BD73
:10EFE00029F890BD5D32AA3D8B89A2BBB0DB2A3DDA
:10EFF000E0C5133B3C2BADBCC1D7763E53B897BEA2
:10F00000E8C290BECC86AFBEF3E9C2BDB028FA3DDF
:10F010006C4CFE3DAD77993D48DB673EE086A93EEE
:10F02000889C923E10C1C43EE33CE33ED03C893E06
:10F03000F147233E6BFB7BBC6A0D9CBD3C9B17BE1E
:10F04000360592BEB707D2BE14374DBEDAD73CBDE7
:10F050009244BEBD2F1B1FBED1D6B43CBE40B83DAE
:10F06000E041853CE66A66BE077A823DC96DABBD6C
:10F07000126CA1BDC0033ABD26C38D3D5BE7313D97
:10F08000AA35013E68DA413D1B1F963E3B87AD3EE7
:10F0900079B57D3EF315953E3318213E255914BCB4
:10F0A000A16F10BDEF8F76BEE1F7E1BCF5704CBEED
:10F0B000D64F97BEC0E9B2BE7D5D55BE35B7D2BE54
:10F0C000A7706DBE491062BC15EB1BBDB0D8893C62
:10F0D000A40BC4BDB0461FBEE75B8ABD8341433D60
:10F0E000510AB83D0647173D86AAE03DEF332D3D56
:10F0F000B1394A3E6D37D93D3292863D0789123E7D
:10F10000E0E1823B21A0E3BD4B8F8EBD52432ABE7E
:10F1100089678DBDB603DCBA69EF993C448DF13C3B
:10F12000E3C113BE978265BD913709BE6C0C9DBECD
:10F13000E8AA4CBE32EB593DC7F3093CEA239B3D9C
:10F14000B9ED0CBDC3E2BBBDD9E9013D3EDEAABDB0
:10F15000E9839F3D2BD2D13C44CE5A3E03ACEE3CDA
:10F160000251F23D347000BC3363473D4242B93D29
:10F17000A1CB83BE75AA85BE698391BEDAF723BE93
:10F18000F1EFD6BC513FCA3D35FA143E02C7A03D4F
:10F1900075A62FBEF858D6BD4D0341BE37EEE2BD71
:10F1A0009AF303BE21B24E3E6B28443EF50FEFBDED
:10F1B00085CB4A3DB07A11BEA4D84FBE34A985BDD7
:10F1C000EB8AA6BD22A43D3BCD08D83D9F3CB33D74
:10F1D0006AE2C03D7E06B93D4F92203D798636BE3B
:10F1E0009F3B7BBE8F70C1BECCFE35BD355F71BD10
:10F1F00083B03B3D96B66B3E66D4853EC9E2B93DD1
:10F2000097AACDBD64A93EBC3A7F37BECD1F50BC86
:10F21000354D3FBE7954C93BFCB6533E4EFA463D90
:10F220008BDD203DC84F5ABE65FC9ABE885261BE38
:10F230001442B4BD820734BCBA8BB43D3A0ADB3DFC
:10F240005606223D7051B43CBD530EBE8C4109BEE2
:10F250004D3A64BE88EB2F3D0830103EC157283E22
:10F26000ECB5473EFE107E3E255C7C3E3B1EB23D2B
:10F27000AF0AE83D84AE083D10AFE93C190E6A3E86
:10F28000550F0E3EE30D8D3BDBE93E3E8BDE8C3CA5
:10F29000EE98FB3C29BC74BE905E20BE2391663E76
:10F2A0001474E43C915934BEE9B52D3D111B47BDA2
:10F2B000DF431A3D3330A43D5863D3BCA7FCA9BD3E
:10F2C0007C39983C1D7D283D3778DD3D3688A93C4A
:10F2D0004E30B3BD08B6E13DA953DBBD3154D03D3E
:10F2E0003AB5BABDAC4CDEBDA0578DBD78F40B3E2F
:10F2F000C0E55EBDD52E89BE3DEEFF3DDE12863DEA
:10F300004BCEA83DF3749ABED21C24BE8A081F3E81
:10F31000EB5302BE9AC404BEB55361BE7D45073EA1
:10F3200029F9F7BDB658543DD724BABB3944B93D85
:10F330005920A53DEA0A9BBDE67229BE1FA48FBDD8
:10F34000EB83F1BCE46D53BD24F10CBD7D7A213E0D
:10F3500013B8F63CC700E9BD8D3AC7BDA6AA0D3E5D
:10F360001EF8143DB42834BDDD844ABB4AB1ED3DDE
:10F37000841DD63CCA6B91BE8BB5A8BE6B41803E46
:10F380007E4A22BE14DC6EBE02A83C3ED6270A3E50
:10F3900032E2C8BD265601BE63E699BD64BBB5BD69
:10F3A000AFF8F1BD971380BE889537BEAD5102BD51
:10F3B00070D497BC7EC2DEB9F1B7F03D37DB513C6B
:10F3C0006454863DD6D51EBEBB130F3E31961CBE7F
:10F3D000951704BE22B359BE1372693EF40FF93D6E
:10F3E000F7D6BAB9DEF5D6BDFD4095BEDC76233C36
:10F3F0009BC4203DB35423BDBD0A1F3EA8FD3B3D29
:10F40000E1FE9839992A1D3E7195E53CA0C712BED0
:10F41000C10B4EBE8A264ABEFB709EBEC75B23BE92
:10F42000E047A0BDD121E53C081689BC2D9605BE5C
:10F43000A781D7BC73B1113D167406BE1D3816BE28
:10F4400098A0F6BDD96E883DA4E81EBE863B6C3BF5
:10F45000CC208EBDCF48EBBD5FA745BE4DB7FC3C71
:10F46000E0B0883D54863BBD520FAA3CFA011EBE57
:10F47000C18E50BEE2691EBEB9289DBDE4E6F33CD4
:10F480005E09F43C8B9142BEBF5F7EBE1C93A7BE5B
:10F490005B50753DCD391C3DB33BCDBD1694D1BD00
:10F4A00035486D3D2AB99A3DA1BB99BD095A7CBE2C
:10F4B0004A1F9DBE10069A3E96BD2E3E1690743C85
:10F4C000811B823DC38809BE6CE488BEDC062A3EEF
:10F4D000F8AB6C3DDC596D3C093C503E8B4A9EBEFE
:10F4E000C46729BE6C0C2CBE69F6053D2C5C743DCE
:10F4F0005E20EB3D4087DFBDF08E7CBEE4EA4FBE70
:10F500001F320DBD7897A4BDB93C49BEF96731BE25
:10F51000E700A13C740631BEB03B5DBEB22392BD94
:10F52000583213BE7CB9B03E6F630CBE7910223DD9
:10F530008A751ABCBEA31BBE20994DBE3FDF2FBEED
:10F540003A437F3EFE4194BC37B16A3DF109DC3D50
:10F55000366A333D38DAC4BDC0BA4D3DA1F9C33C6B
:10F56000959F833CBDC6A5BD8F0119BEDDC545BEB7
:10F570008E0A10BE785BACBD2C740FBE6B3535BEE9
:10F58000114DEABC1A938DBD394268BAFCACB93D45
:10F59000D2988B3C134D9C3E477E82BE61CE533E3B
:10F5A0009E65993D045AB9BDF68B54BDCCACA2BE44
:10F5B000D0A139BDC75902BEC3E9E83D3C29863E0A
:10F5C000436ECA3C9CB416BE9C720B3BDFFE9E3C55
:10F5D0007E20823D4C9B903D0F4C56BEE2EF17BE05
:10F5E000B855C2BDA48984BD28E17DBD468788BBCE
:10F5F00006ABA4BCAF09983C227CBFBCC9ABBEBC67
:10F60000BB1550BECF9F983E99E0563E0076513EC6
:10F610006E9728BD211E503DA3F6AA3C9A0FD53CFB
:10F62000DEF89B3D92718C3E8EA0243EC684B03D98
:10F630001E243C3DBD3889BD9366813DDF2C293DAC
:10F64000A448173E550CDC3CC2029DBCF71710BC09
:10F650003B78043EE5ACD7BBC321ACBCDD18A2BDF2
:10F660008094103D39858ABCCD03893DE52A53BD80
:10F670002BD3403BA6316C3E2426443EE531D1BC21
:10F680004F40803D5A578C3DB0CC69BE18E306BD53
:10F690006694BDBD5A51563EEDC8B23D4588D53C35
:10F6A00048FA7EBD256D4B3EDA54443E3F26013E6E
:10F6B000BBA0B33D8691213ED6E3163E35C0153E34
:10F6C000A9DF623EC1644A3DD63F493D536A3EBD13
:10F6D000B6895B3EF2C6943DD7E5943D8A5B3C3EDD
:10F6E0007F02DA3E80C2753E6F19CB3E386DDF3C3B
:10F6F0005D56A73D2452C8BC829A3DBA2EDC5C3EC2
:10F700002AC6073E449F6E3E9E57CFBBF5CAE53DD5
:10F7100064FAB93D95EDF73DB07FA73DA407AB3D39
:10F720009D6D7E3DC358EE3DA57E603E70230C3E30
:10F73000D46D473E958F1C3DBFE60A3EC9346ABC76
:10F74000F993E73DDBE39FBD644DD93DB9ACAE3ED7
:10F750003CBC8D3E9DD7843ED2406BBDC46D0C3DFC
:10F76000913E823D0427A0BC374234BE0D99093E2C
:10F770005A64ED3DDE25B53E1477C3BD7C951ABEB7
:10F7800055F8113E9ACA03BC40CDC93DBD76F33D44
:10F7900065B68E3E9AAC873E1826B63EB85AEE3D08
:10F7A0006113CF3DEAAB013E5FA8C2BC10CCF33D74
:10F7B0007BAE923E3DC7173EAC00B53EE974F63EC7
:10F7C000E9D3B53E3BE6853EBA2C7DBDE86FF4BC7F
:10F7D000AF4B48BD963D703D312097BE76E747BDA3
:10F7E000BAF0BABDC99021BDDC9AD5BE83ABF2BDDB
:10F7F00059A303BED8F11B3DA19B253D00E829BDBF
:10F80000870B4E3EAB65273EDBE03E3E35F6A93E1C
:10F810003AA2813E8823053E720B8D3EB42E143EE3
:10F820005C17B13DA7284A3E0371C83EC193E43E30
:10F83000707C0F3F0417CB3DA9B95DBDD4BBCF3C55
:10F8400000AE51BC0EE26B3D8580413E101E843DF2
:10F85000201D63BDAFC573BE0E690ABEA424B9BD29
:10F8600002A1B5BDB6342ABEAFC25EBD1EE2BEBDAA
:10F870007EE9BE3DA0F98A3D99DBB53C7371063E39
:10F8800001F52CBDCF4C1C3DBF96EFBD115768BA9A
:10F890002AE0263E7F42AC3DE124853D3A02193EF6
:10F8A000C45DF93E683A2B3E4785E23DCD96A33DC7
:10F8B00050B2BBBB0F0690BD242E6CBDC638753D43
:10F8C000F31E3ABD55AE00BDE6E06037217E30BD87
:10F8D00022FA2ABD0D214A3E637B8C3D36D298BD6B
:10F8E000F1D498BA87EA5BBD6BCD0FBCD5FF01BDE3
:10F8F0001AE926BEE55696BDECB5EABD891313BEDE
:10F90000A5618D3EC8C1B13E2759123ED534EE3DAA
:10F910006343983E1981A23D9BCC7EBDA7F5A23DD5
:10F9200066DF353D421521BD5410BC3C39859A3DFA
:10F93000807D023A7862BCBC80D1803DA216583DE1
:10F94000C3D64A3D2CD1DFBDE10F16BEE2C2C7BE11
:10F950008C2EDEBE16D8AABE350405BFF6FE393D94
:10F96000172A2ABDD565AFBEA3D5D9BE998AC9BE0F
:10F97000AD5B08BE814486BEEEA8BFBD3BF36DBE45
:10F98000F41E65BD001211BDFA39B2BC5D7F953D14
:10F990009C5AB83C001BC8BC70BB9D3BD69B6B3DC2
:10F9A00010F7B0BC18FE923C70CB223DA4C5F73CCA
:10F9B000CB2CA3BD08EF78BD10DF163D03398D3D7C
:10F9C0005DE6643CCD6F4EBC57A5013CE40F8A3C1C
:10F9D0006F14973D94BDB83C48B939BCF85097BDF9
:10F9E000B00C8BBC70C5B23CAA01563DC0CFA93A41
:10F9F000F01884BD29ABA13D6A5F9FBDA5A9853DD7
:10FA00006E7D063DC4B4A5BD5A67043DC3D73FBD56
:10FA1000F2E8303D5BDAB93CBF4F21BE2A7CC3BD62
:10FA2000CFD535BC4ADD483CB26BDC3D4FA79D3D90
:10FA3000DBF68B3E1C395B3EA0A3A9BD2B8EC1BD5E
:10FA40009F3677BC7144A4BC281322BB1FA7BE3CC1
:10FA50001BAC68BDBEB751BD3F36C9BDD22F51BE2C
:10FA6000516718BD38D69D3CF24E453D3EA7563DE8
:10FA7000DAA6233D8FFC86BDD0F8833D638EA1BE00
:10FA800089B364BEE7748D3D3FC615BD6018C6BD21
:10FA9000BEDC20BEF75C1BBE9483B0BDEB0640BE4F
:10FAA000064CE7BE35CA8CBE65447DBCC7D609BED0
:10FAB0004F7CDCBD4CCFED3D4C240DBDA02F87BE4F
:10FAC000D7564CBE30EBE4BDE579723ED4E9EE3D4D
:10FAD000C91CA6BC442F6EBD4C24A5BD083BCB3C25
:10FAE000DC6896BD55EBA9BD3EF30DBC35DFC0BE4D
:10FAF00056FD57BE2CE5493DAE34D0BD8C1692BCA8
:10FB0000E7B23F3E9AAE223E9512403E6CF26C3E0A
:10FB1000BD696EBE310E38BE94AD3ABE5C8480BE07
:10FB200083935EBE5F83F8BD3573B13CA9EEC33DE0
:10FB3000E1E1733E5CD3CA3CA4A0AA3C508C283EB1
:10FB400022A6D5BDEBDF7D3E45B54A3E8E50363D03
:10FB50009A535E3D9BD49D3D4A137C3D31762C3EAD
:10FB6000844C6C3E132345BE4DFD8EBD893DDB3D6F
:10FB7000CC823B3E489CAE3E84875E3EBA308C3E93
:10FB8000C927383E8C4F2B3ECF27893EBDA661BD8D
:10FB9000A88AD9BD551781BDA9A4C03DC9F89F3E0B
:10FBA000F5A9D03EF0E2CC3EB0C49C3ED908783EE8
:10FBB000420C073F616EC53E175E323EE7B33B3EE7
:10FBC000D65592BD95D9A4BD5B77A3BDF00DD03DB0
:10FBD000BB3386BE51C6E7BBCB20B3BD3733723DC6
:10FBE0006BA1133E6515583E84632B3E79B1843D6D
:10FBF000E41B1ABE7BCC11BEDE80C9BCFF6511BD03
:10FC0000DC57D1BD6A44B3BE7B4E6ABE099DE5BDDB
:10FC100058E5A83DC66F6F3AD8DA993C8AF85CBDC2
:10FC200016EE4B3E85B6833EA1E8603E2E813A3EFD
:10FC300015982BBD482400BDEECD8E3E8712F1BD38
:10FC40002E0D753EEEF4853EC4569BBD4215B93D62
:10FC5000C31F6C3D341F05BDA4BB6EBE36EEAA3B70
:10FC60004C9C00BED4B195BEEBF2B1BE309FA0BD9E
:10FC7000B113AA3D32CEA8BDC7E81D3DC3FF15BDD7
:10FC80008F17F43CB3E74A3D268EB83DC793FA3D43
:10FC900088F0773EF150C83E8851EF3E5C8347BD07
:10FCA000C75EC8BC23020BBD1E5E1A3E13BBE13B00
:10FCB00096A39EBDF700B03D47FA733D0C5B3D3EF9
:10FCC0003B2F6D3E4E6E6F3DB9E2B93DE5BE4D3CFA
:10FCD000EE84E1BDB45123BE81F085BE610EBA3D14
:10FCE0003271ED3D7D3A663D8140963D247D043E76
:10FCF000E60B2F3E9363183ED47D3B3E5CA5423E0F
:10FD000022FBEDBD76EC8CBC94B10A3FF56FFB3D58
:10FD1000FEB76FBCCAF0E23D6B61833E1620F23D38
:10FD20007E4BF1BCED60793E0C80F23D2B56E13DFF
:10FD3000F056893E558B8C3E2327823E8FEC82BD48
:10FD4000B1B24FBDBF41E9BD1EA188BD50000D3EFF
:10FD50003DEE443E550C0B3D335E4DBC7FBC02BEB8
:10FD6000C32E003D891B343DE13278BD9A03CB3C64
:10FD70006E0BD33D320CB63EFDB4E63E76384D3EBA
:10FD80004F70C5BC9D68DCBC466CB73D54729A3D53
:10FD9000586A6A3EF7A9DB3CD813303DAB8BCA3DAD
:10FDA000E3561E3E8D726E3E48EA813EECE7203DF2
:10FDB000782D60BE696D7CBE1F5947BEA280FBBC1A
:10FDC000C363123E9BD59ABC2BCBA33C9AA398BD90
:10FDD000FD85453E3DDE8D3D27E9ECBD2271373D79
:10FDE000AC0E2E3E4CB9FA3E0457E23EE4F99BBC01
:10FDF000A926793D5726003E1B337B3E24EDCFBD1F
:10FE0000A780213E79BED93D66797FBC00D8ABBCC6
:10FE1000625A643E6529DF3E5BEDB73E376A323E8B
:10FE2000B4C130BD585D61BEA9F169BE9C7D023E82
:10FE300050D6CA3D701218BD6BC680BDFF6501BCAF
:10FE40009AF0453D49DB92BCBC93723D2F05803D45
:10FE5000ED5FB63D0484013E7FB8163E5BD1E33DC5
:10FE6000F3ADE03D5739283E9B3CC73EB03D54BD05
:10FE7000255DA13DA287EC3DBE10B03DC674DCBB44
:10FE8000FCE34F3C8FCA843E8D8EA53E5A98733D4D
:10FE90005E5E8FBE4AF6DDBE5F4969BEF50A11BBE4
:10FEA000AFD0BC3DD966F8BDAFF543BD654F103E40
:10FEB00097C2BABD37B24F3D29D1683D104613BE37
:10FEC000A6114ABCE96C23BEBDBBA13DD1C9323EDF
:10FED000141EB53CD203BA3D33D4813EB5CEC53EE7
:10FEE0001B963BBED6ACCF3D2CA3A7BC50F9093E18
:10FEF000BDCC323E53C08A3E463D293E1CD4333DE4
:10FF0000E9FF61BE1D5D51BEDD6793BE8F57423D67
:10FF1000725EE73DFC31C0BDC7B4843D9BDFC23D8E
:10FF200081DF133EE79E0D3E8B14233DD6C9CCBD29
:10FF3000248DF53D6C33ABBE82CCCB3D09B69FBC66
:10FF4000AABF023DD50C143E1FD2AE3DFF3E603E1F
:10FF50005580053D03A70E3E3D60B93D8A2A443ECB
:10FF600092AE983EFA9B993EE458C93DE7A47CBD09
:10FF7000A2028FBEE725A2BED7B54ABE2512BFBBDF
:10FF80008694B8BD5C484FBE41343BBD4F3E67BD13
:10FF90008319CCBD1620953C3DB4333EDB6E923CBC
:10FFA0003CB9F7BD2DCD81BEB86D2DBE78FA53BEDC
:10FFB0001240B03DC0515B3EC201713E8DD8ABBD19
:10FFC000AA6204BC90CC823E7FFA013E4F849D3EE3
:10FFD000115B283E22588C3E2D76CE3DBC1AAF3C9C
:10FFE000A60E4FBE4FFA45BE5E0036BE50E685BE39
:10FFF00080BE08BE4739DABDC118DEBD77627EBD5E
:020000040802F0
:10000000D0CE21BE767D2EBC6A58983D3145B93E92
:1000100020C0C43E043752BEECB56EBC039748BD49
:10002000A4230E3C845CC33D958A7B3EA2B696BC5D
:1000300039B7733DC0CDDE3D0742C83DC4A3093E7C
:100040000E1D9F3D7340603E99046B3E5483D33C2C
:10005000D4FA05BECA3489BDB72557BE9D8B87BE6D
:10006000D2653EBE125FBCBD57DCCFBD02BF9EBD98
:10007000FA8D5FBD566588BC40EF453EB09E9D3E03
:100080004596993DC958EDBC1B98543CA2A9ECBCBF
:1000900029D5D3BC4996F4BC92E5183E48F5353EC7
:1000A000D123CEBDEA1C82BC7234D83BFC1CF83D87
:1000B000DD981A3E25B89F3DE2B9573C108F38BCF9
:1000C000BF6D12BED4DE47BEA2C50BBE128622BDD6
:1000D000D91700BEB47B1EBE69358EBED56558BC2F
:1000E000642B4B3B423FF73DD470C83D771EEF3D3C
:1000F0003B9638BCBC699CBC861511BEBF8AF1BC5E
:1001000043CE33BD1BB6BE3CA15F813E9A35FD3D5B
:10011000808F81BD7370CB3BBFA1EDBCFAB2533D64
:1001200069B0883DBF8B143E621CBB3CB5EB943D6F
:10013000DE0E85BC25067FBDBB4472BDB40C58BD28
:10014000BA65E83C38D288BD4BF7CABD5E9DE6BDB6
:10015000D1C26A3EBF7B313E82C9623EDC20A33EF3
:10016000191C3E3EBE858CBE80D096BD542F4CBE21
:100170003D68ABBD5FD8523DA1A7573EBEC37C3E94
:1001800037D29DBD1B22A1BD4251403DC02925BD96
:100190008C63653D0D5E0EBD8C708A3D92D21CBC99
:1001A00056B7E2BD085545BD4894413DC2CE24B97D
:1001B0009B1F13BDB6A5ABBD397BD7BD0974B43C3D
:1001C0007DD6A03EC426713E2CDF903EDDD8343E65
:1001D000B9042A3E698494BE06CA89BEFDC328BEFE
:1001E000229B6CBD4E39583D1ABE0E3DB0913D3E2E
:1001F000ED4A6C3DDA8150BCA18F5A3EB211CABBA8
:1002000057F9053D309B773DFDA7FC3D6F8AFF3CCC
:1002100031C5A33D3C344F3EBF08073E6990B2BC98
:100220009DE207BE9FD204BD251881BD26ABA83D27
:10023000A4D54C3E538E233E9CDBCA3D0DA5B4BDD8
:100240005379403E8AA29EBE27E833BE021E543C2C
:10025000808D60BC96BEB23DCF57103C2900A53CB6
:100260002A199D3CC7D432BEC3D1A9BC1450873DC6
:100270006CD6553D3BBF5F3E1E25913D5184C23D2E
:1002800070C0313ED484F73D00F1823D7190E43D71
:100290005EFB9EBD3FB4C6BC784C903D7F331C3E98
:1002A000665B133D5AB7DF3D133E4CBC71172CBD46
:1002B0001BE1ECBD22956CBD0D8766BE6E62E5BC90
:1002C00030AD713D6EEB24BD9311FFBDC0BB55BE7B
:1002D0002BDD0A3EA30586BA0D2143BEF8980ABE5F
:1002E000BB4D583C3A5B0D3D86260C3E4E6F043CA0
:1002F000927A253D61DF7C3D0F0B353E2999E13D2A
:100300003161B4BD29F85BBDCC8BE53D67D3B63D0B
:100310006B15463DF003DC3DEAD2433E6DD5AF3C64
:10032000DF6BCABE6AA12C3EE150C83E8833043D53
:10033000AC8D93BC9551943B54E80D3DB955B6BE78
:10034000D3D430BE115AADBD3C6FBFBD24080F3CA5
:1003500083E08EBD055195BD592843BE063802BEC7
:1003600086EE9BBD8B74F8BD4FBD4B3D3BFB173DEF
:100370003773B83DA236FB3DC506203E97748B3ED1
:100380008C215F3C531D643E17A1EF3D6930C53D94
:100390002DBA85BE6EC1A73C67898C3EB8DB30BDE7
:1003A00002C64C3D969C123DEC3692BD57F6A33CDE
:1003B00020FFFCBDFE9179BE4D55E7BDEBCB69BE7C
:1003C00060148DBD37FB643D4E60393E69EBE9BD7D
:1003D00093FCF8BC338D93BDBC7F503D4AC8E93DCA
:1003E0003E14143E43FA143E142CB83D47F4D03C5E
:1003F000E734173C03FB803D7EE582BDC132E7BC9C
:100400002AC390BE67A6993D2353563DF2614ABD6B
:10041000580471BD22A462BDF8A1F7BBA1203BBD69
:100420001B852F3E80218D3D6367BABC5BC4023DB6
:1004300048109EBEEF8449BE0F1BDBBCBDBDCB3C4C
:100440008893243C7C0FBB3DAB1C0E3EDAE1D4BB51
:1004500098558C3D6BC7CEBDBD0073BDF235173DC1
:100460002D7A253DAA1DBCBC9935B1BEA621ABBED7
:100470006B8C27BE992A1DBEF6FBD1BDC023813CE3
:10048000C09E04BCB02E893C47F5E7BD83661C3E88
:10049000F469E93CA001FBBDCA087C3D93360D3BE5
:1004A000C49A863DF6622DBD1D29CBBD5649FDBAC5
:1004B00059F0973D00673C3EF14D903EF70E1C3ED3
:1004C00046E14A3E0E14943D6D110C3EED0492BD82
:1004D00094CC37BED5F63EBD4718073D3826DA3DE9
:1004E000FEB79F3D614173BE116E90BD0F7E06BD8C
:1004F0007C4E49BD20EF6CBD7240133DDAEE82BDEB
:10050000A0A2133D53F968BE464C82BEF02B3EBEFE
:100510000C6CA13D2657053ED328C8BD131E913B48
:10052000BE2CEA3D87CE86BDC87372BEE5EE9FBD88
:100530009AF332BDC766CBBD8757863D8DD88D3CBB
:100540009E74ACBE8B2381BECB06AEBDE71B14BD33
:100550006BFE1ABEF95F4E3DFA69493DACE49ABDA7
:10056000EC2349BDC1C6A63D5C1686BC50D43BBC3D
:10057000CA776F3D53039C3BEBEC15BDA8D52B3CD4
:1005800093F06F3D38659E3DC80D02BD51E6873D35
:1005900043A2FCBCDE9C243ED606883E4C6BF8BDD4
:1005A000BEFFCDBDBD9D793EE7C0A3BD222F0E3D50
:1005B000F544A63D867F973D2444293C24A49D3ED6
:1005C000005EE13ACE7854BD5C4896BDF678493D70
:1005D000480552BD8AE52CBD530E983DEA353D3D98
:1005E000FA8FC3BC380B19BC5495FF3C91D3AA3D7C
:1005F000C52844BDD8D190BCB05B17BC5C62E6BCDA
:100600009957DBBBFF3680BD3C11A2390D650D3D0E
:100610009749843D60A281BBEED270BDC8E04FBD5A
:10062000048AB8BC6FE09A3D80C3733B00F1493C3B
:10063000F40FFD3CC7438EBDB489E3BC876BA73D77
:100640006334863DD165943DF5C9A13DE7668CBD17
:10065000EC0C943D3949833D78E032BD0F6E2DBDE1
:10066000D927C0BCFD8BB8BCAD973D3E19E3493ED0
:1006700068D8413E53FD6A3E22726FBC2228C73DB6
:100680007E578E3EB5D5813EBF19B5BD3DDAA0BEC1
:100690004CE0BCBECD8488BEB98A11BD076EF7BBE5
:1006A000C822563C3FA250BDDA5C703D87E8A43DAD
:1006B0002C2CE93CB0E8E6BC2701453DAD95C83E91
:1006C0000180783EDAF3B23D893F013EEEA1343E2F
:1006D000B425993C8D6FE2BC73CE81BB7039D33C9D
:1006E00077290C3E5099973E4A3FE73DE5B6803E5C
:1006F000E37CF2BCDE8A45BB67D5403E8E0D94BEDE
:10070000422569BE59D8ADBC574E9FBD1DD92E3E5E
:1007100081AAAD3C6FD892BDE024A03C443341BDDA
:1007200002CF563D14E8A2BD2C9B363DD850913ED9
:100730003D09CB3E5069883DB199823D511893BD2A
:100740008667523D0815AF3EFD688EBDFBFB4ABE75
:100750002A7212BE26B808BD6DD2F9BDA4E4BB3C16
:10076000303E323D8D9D8CBD1C180F3DD25564BC72
:100770000A6409BE74F0C63E569AC53E3D98483E8E
:1007800020F94E3D74FA9B3E576C4D3D31E3943D4C
:10079000FFD6893D12623E3D369B1EBE17B3C9BCD3
:1007A000A241543D968E0CBD305F2C3DF35840BEA7
:1007B000A505D5BEAE6180BE0D3ADEBEB23DF2BE2D
:1007C000A0484FBED9441ABED2029A3DC330A0BC45
:1007D00019B0F73DA12C433E28A1563DBB40363E03
:1007E0006AF2593C2398FF3DB32F073E91C2653E04
:1007F000177ACB3EA656333E3EC5C03EE2F6FB3DE1
:10080000950AA53DD143993D9F6130BECD2067BE7D
:10081000AE9819BC6B759F3DDCD1A4BDAE8072BD96
:10082000025208BE1D0697BE5210DFBE8024D3BD03
:100830006337B6BB3E227E3C69DC3D3D8BA1DB3D90
:1008400026B7833CB1A0623E78F13E3D61B7F73CEC
:10085000179F013E6347953E55D84B3E214429BE24
:1008600016E3883DFE86A23E0D8AC33E51CD4E3E24
:10087000002257BC45421FBE9896A43E283F65BE45
:100880003A82F7BDCD7683BD27008FBE1A4D34BDA9
:10089000142D7ABEB23C78BE36EE65BE2C708FBD8C
:1008A00012E39E3D7CBA8A3D6A6A3E3D398BF43D37
:1008B0008D861D3ED57AF13DD3D7793D2D64403EDE
:1008C0004C1EFD3D2BE0043EBD899B3EA6AD323E55
:1008D0006416743D75B5C03E02656BBDEFBD1EBEAE
:1008E000E3998A3D467B83BEA3C3953ED8907BBEE9
:1008F00074FE57BE8845E4BD640446BC27BE5DBE99
:1009000031DF8CBE453688BD591FE3BC57D8543DF6
:10091000DDAC6F3D5544723D05B659BDBB44093D44
:10092000B1CF84BD343BB03D1C38CB3D86EBAF3DF1
:100930003CFF933DFAE9173EAC5C593E43DDC13DB7
:10094000372C4E3D4100CA3EFC2ABFBC1563F3BDA7
:10095000D2A5483DD42E3D3B5205693E35CDF8BC6D
:10096000F9E77ABEA8BD03BE8323543DDE04BCBDB7
:10097000C38774BE4E9028BDEAD817BE1E28463DD8
:10098000FEB1D63DB00FED3D8FAE96BDD67071BCB9
:100990002DA1C33C3D6E813D6D4E0F3E5AFB2E3D59
:1009A0001FE3EA3DC701C8BD842C0FBED3F93D3E0D
:1009B0003FF5863EFCB0773EF2FC8B3EFCC1943E98
:1009C000B0B3C9BB528F57B94EB9BF3D9A2BAFBD1B
:1009D000C07D4BBE9A835ABE7711C93DD85B86BC99
:1009E00026012DBEDE933CBE95A4A039FB33033E09
:1009F0008338BD3DE30704BD31E674BE173451BEF4
:100A0000E71B0BBD3999F23C57C4B7BCB56993BC21
:100A100033C1503D9052FFBB682385BEB49E63BD79
:100A20002B0E753E57EFC73EB619533E5E7B39BE5F
:100A300099B978BDC883C0BD1BA1D03DAB5E11BEC6
:100A40004D2E363E2AB0CC3DF25CA83DEAA81BBD37
:100A5000C45C01BE05BA79BDA683EA3DD7D4203E69
:100A60007B70873DA9A818BE4205AEBDAFE94CBE5C
:100A7000AA6504BEDDB39FBDCF64013DDDD917BEBD
:100A8000BA4A0CBD1DDFA63DE160F6BD7144873D4D
:100A9000B8EE313EACE518BE8C4BC13DBB2520BE47
:100AA000AD2D7C3DE32ABABD9D400EBD23ECB23D89
:100AB0002CAAFDBDDABB5F3CA0F72A3E972DA0BC57
:100AC00033A78F3DF40667BCA8B4323D10CE8A3DF3
:100AD0000603B53D0298E5BCCE8957BC1E9B83BD7D
:100AE000283872BD3A597CBE85DB65BE2571D9BAFE
:100AF000289272BDE9B61EBCF89F4E3C36FD513EB1
:100B00000F8BE63E1032033F523F193F2261F8BD82
:100B1000C36877BCD674AFBCE7314D3E10D8683E91
:100B2000D64B21BD9B0CDE3BAC8A573EAA61C23B33
:100B30009F5FF3BD3861543CB192BBBCF5FCF33D03
:100B40008459703D9D2B9B3BBCC428BC0444ABBD69
:100B5000633A54BEC4851DBDD44B46BE7261013E8E
:100B6000228D943DAAA6EA3A2AB91EBBA371283E5B
:100B7000A87E703E5099C63D7F4705BC799BD1BE8B
:100B80009206ABBD67AC1E3EAB4FB23C3948693EE6
:100B9000E4B6A13B44D115BD2A1D123EFF9E4E3E38
:100BA0004EB6443EF2FC163E4286513DD408523DBC
:100BB000AC5D8D3D68291F3DB0D618BD42E25DBCDD
:100BC00034809ABD74BF48BE4C6426BD25578DBD88
:100BD000174A293DA24F4BBD07CA203E95062A3E23
:100BE0000D8B03BE2443853D06709FBC6BA7F73D6C
:100BF0000830B43DB65F0DBE94B543BE91F8D9BC84
:100C0000C73B3C3D62FF4C3E3D772D3EBA0FA73EB1
:100C10004A23E73C7139F2BD831AE53D4304A43D04
:100C2000D59C0A3E8AA4EB3DFB6E303C3012E2BC00
:100C300061AA93BC0DC9D2BBA77E8ABD187CEABD50
:100C4000D83322BD725E2E3D502FFF3DB066043E6C
:100C5000FD36763EBB84C63E7E42193E4947EB3D9B
:100C600085D02CBDC549A9BD22F3BDBDC2AB9D3EFB
:100C70008C7E313E7B238D3E071A353E086A983DB7
:100C80003BDCEC3C8B25F2BDB29CD73DEF53103DD5
:100C900078DA133D94CCE5BD545A033E20823A3DA8
:100CA0005B1ED5BDA82AD3BDFF39A23C78260E3DD8
:100CB000FB69133D47E1333CF635A13C3E2F0A3E2C
:100CC00026E3863E4176383E45DC89BEB357823EF8
:100CD0002192FCBC52D010BEA2AF98BECD16823E6F
:100CE000C8DE0D3D23D03E3D4A6D5F3E2EC4A33D80
:100CF000F87DD7BC495F0C3C921349BD7AC3893C4F
:100D0000EF5AB33DFFA8B0BDADD2C93D94AA1D3D79
:100D10007C3E733CF4A20F3D3595513DFBF3C8BDBD
:100D20002A1265BCDD44523DF57C7B3DCC8030BD54
:100D3000B04C8EBE25CDC63E69AAEB3D4C78153E23
:100D4000BC93ED3C6BEBFBBD291100BEE84C923D22
:100D5000A687473E3B9FFB3D3AA8C33E6639733D9D
:100D6000703F4D3EC133AA3EAC48BA3D56E4203BED
:100D7000EB6B91BBC5D04DBEF75C32BD96FC38BD68
:100D8000A655863C32958C3D94A99EBC74CAA7BDDD
:100D90001757BCBD941F94BD6241CBBD781FB7BD32
:100DA000D31E3ABE10170DBEAD573CBEAEBE603E60
:100DB000361330BDD1AE3DBE926C18BE5535BA3C2F
:100DC000C9EA563E420DAF3DF668A43E8B235B3E1A
:100DD000AEE08E3E44E3453EE3FB0E3EF7FC1BBE19
:100DE00006028FBDB0D445BEA76B06BEF276AA3D03
:100DF0009ADF533EC277883D7E0100BE1B5206BE7D
:100E0000A15E21BED2FD5BBE51C6043D3BBF173D76
:100E1000C6604B3DE12478BEB05F54BEBFE935BE2D
:100E2000961219BD42E22239199F4E3EAB0FC83CC3
:100E30007B8B143E1017ED3D996F9F3DB5E19D3DB5
:100E40006FB0083E74DE50BCDE219D3D2AAB87BDED
:100E5000A1C1C8BD79AF72BDE147D9BC86F1163ECC
:100E60004E60113E4EE4753EA274B73C641E863B54
:100E7000FBA9FFBC33130DBDF63F0D3E0AB48E3DFA
:100E800034AE7BBDC8BD34BEA7C434BEB9CF38BEF6
:100E900002CDB7BC8D918D3D0B065B3E5CB9D43D58
:100EA000A2652D3EB11D703E1E03C43C4E5FA13DA8
:100EB000397B543E1548113E07FB923DDD469B3D74
:100EC000F54823BDB3D0C73C69E22BBE8FE49D3CFF
:100ED0003A47243E3194B23D0F2CDDBD024432BD71
:100EE00010C943BEBCCD71BD919CF33D1743843DF9
:100EF000510296BEDB8F39BE1A255CBE7EE24EBD26
:100F0000225FE4BD1E80B33CAB71E13DBE163ABD2D
:100F1000C18C2D3E805A323EADA42C3D8FF3A83CAF
:100F2000B187893DFADF413E33A8733D2B4C163E15
:100F3000B58770BD0297B43C8F0D18BD5092363DF9
:100F4000198F50BDC2CF1B3E459583BEC29792BD3F
:100F5000F4C781BE77389DBC6C7E993E0A7FD93D2F
:100F600028E9B3BDA222B7BDE17C993E44DCA3BC15
:100F70003201D7BD10F7F6BC4255123DB5E2C53E71
:100F80006BA5F13D3E7530BEB9A08FBDF30B4C3D56
:100F9000ACB4A73C163566BC93081D3EC237BD3DB8
:100FA00058167C3E81E4113EF30B873CEF32E43D62
:100FB000E37082BD3ABBC1BDEF6FAABD0CDFDCBBE5
:100FC00036E118BEBA4382BEAF41563E65009F3D32
:100FD00056D1DD3D514F3F3CE992D73DC15E213DA9
:100FE000706395BD98DE043C30B98A3C7F53663E01
:100FF00097E9163E8C634EBDFFFD0BBE725C34BE9E
:10100000F21E983D34D8993D83F75E3EDA7C45BDAB
:10101000985A0C3EE69C3E3DBC50463D8B94BB3DF1
:10102000E6CCB33DB69F21BE069E47BCE61ACFBDB7
:101030003D080FBE0596CABD92C4B93D0591C03E9C
:10104000A23162BDDB3BB43B379D91BDC68584BDFB
:10105000155B8F3D79A49A3D57AE72BD4324A2BD66
:10106000CEE418BE82039BBEF121E4BDE5FF82BE43
:101070009BCAC03C577A873EE0D9D83D5FCC133D30
:101080004112323ED835A53D763246BD85BBFEBB0A
:101090001177023D0FBB16BE4C03113D4446AD3DDA
:1010A0001BC38F3E24DD023DEEF3123D5A3B283E2A
:1010B000F8D4953C0F0CD7BC02ED1FBD2174AB3D9D
:1010C0006F3D8F3DA08EEF3CC68F283E25CC34BCB3
:1010D000B00B5ABE18EC52BE7C8D1E3EDB0567BDC0
:1010E0008F1D2CBD3F2328BD37F462BDED1F363D5B
:1010F000152BFABD51E8EE3D487E8CBC4ECEAF3D7F
:101100009787973EE638383E77882E3E6E39653EA3
:1011100063B5543E2D2E6DBC59939BBC3D1C1B3EAC
:10112000BDCB433E418F203E3DD58F3D6415D23C23
:10113000DC31073D06A0EEBC686AFC3C3602183E76
:10114000371F5D3D80F8523EBD021E3E4CAF1BBDB9
:101150004F2F373EFF2B733E9C47D1BBDC6CA0BCAE
:1011600036BE2F3E8A608A3D1E95BABCA404FB3C65
:101170006A1F9CBDAD48EEBC65D1EA3A9721613D3E
:101180003EC45F3D40C569BE776701BE8C3B92BDE2
:10119000E19F8FBEEF1FA5BDC259FDBCCEF3BABC07
:1011A000D0EC193D5634333D00F6EFB9F097AA3B29
:1011B000E309B3BD4D2CF8BD1B395A3D8C02DE3D11
:1011C000B78EC23D4582103E7A226B3E62C04ABD58
:1011D000556C6D3D11EE1A3D127992BDEEF6953DBE
:1011E000CAE0FD3D08A8343C026A9B3C24BA2DBCF1
:1011F0001462DABCF42BD8BD184083BEC4593EBE7D
:10120000A28F1FBD3D85A9BDF73A93BDA7D521BDCE
:101210002181833DEAFA003D2922AC3DDAC3733DCA
:10122000BC9FAFBCF1C68E3DF82F8A3CCDD552BDD8
:10123000603E75BB76B3A0BD21D99ABDA2E948BD79
:1012400036ACBE3D2B6B283D3859DBBC70100E3CD4
:1012500004FCBB3CC8D5953C729B4C3D58315ABDF3
:10126000AF4DA03D58842EBCAEAAC9BC4B864FBD25
:10127000C8CE5CBDEA995B3D1085583C1E1E90BDF2
:101280005BBF823D20509BBC27F3843DE856DEBC0B
:10129000CB53903D6A07AFBBE4CC4F3EC1F9193D3B
:1012A000D1C0F5BCFFA5BE3D91D7F43DA2D3E33D2F
:1012B00018D8893DE8F4103EAEF01CBE4CC443BEC5
:1012C000DBEE013E9072593D4FDB843DD7FB9E3EE5
:1012D000EBBAB03E3E3FB83D0846073E787C223E22
:1012E000189A3B3CD47C953C00E4E9BB8C3940BD6A
:1012F00079F0993DE589A63D244BEA3C345AA0BEDD
:1013000018475BBE0741513DCD486C3EBACF513EB8
:101310009338593E8A13943EE8D2763E65A1863EC4
:10132000B630E93D9012A6BDA27B363E714443BC67
:101330003F62D7BD9EBBB3BC4E1FEC3D04B55FBE44
:10134000C13701BE07973B3EAFDD963E2B67D53DCB
:101350007148843E9527B73CB8A38C3C02F738BD52
:101360005940823DF8C9213C203A39BD27C184BE8D
:1013700076D931BA423787BDFD1D1E3ECB5788BD99
:1013800083399DBD6E12933E94B3423DEABA773ED7
:10139000112DC5BC23B11C3C091C423A75C60C3E3C
:1013A0001043D63C96F7B03C6B26D93A52F23A3EFF
:1013B0000F9DB63C1930D93EC374123E3539693E93
:1013C0007E164B3D832846BE391BD5BD4C4E9F3CF7
:1013D000A8D4683C8F112DBD967089BD25FE4CBEEA
:1013E0007C74DFBCA620EBBD5B5DA63D21CF3D3EFE
:1013F0005D994E3E4CB7953E246A533E28E78F3D9B
:101400008156AA3DF7E9913CAFD40A3E3582963D1C
:101410002AEE583EFBE3EF3DC31A3A3EC7EC373E97
:10142000D362223E8411173EF786C23D08CE503E5D
:101430001ECC8E3EA75C643D4B6F703EAE3EAE3E12
:10144000462B51BD40E91A3CC5EEADBD37232CBE3D
:10145000B3FC413C7774F3BE45EF60BD9125673E18
:10146000D0DB103E6DA6D63B852C463EAAFCD53D72
:10147000EFF4793D559A8F3D02D37F3D1108853DAC
:10148000492B343ED0D8813E86D8453D2C77563EF8
:101490002ECCEB3DA4227D3E865FAFBC11B8173D3C
:1014A00083DE8E3E6886A43EC9098B3E2882873E35
:1014B000C271A8BDE65D64BC0D01C6BCF2D0CE3DD4
:1014C000C9F6F03C5010D2BDA3ABDD3DD16BC23D9F
:1014D00045773A3E3067023ED2D06ABDA836B93C65
:1014E000508F37BDF256E2BD49ECACBB5E19FD3DF5
:1014F000BF375EBCB8479C370DB91EBE722D8F3CFE
:10150000F225A4BD67454A3CF252883D1757093E73
:101510001CC86D3D9CD8523EBD292C3D4DD8873E00
:101520007BD696BDAC174BBE1BD985BDCBF0B73D66
:101530002930543EF2510B3ECD0EC8BC9C1B123ECE
:101540003E9D423ED38F783D8D0103BDD73563BDAF
:10155000FA0B21BE2E2C90BCEB9203BEDF7CF03C3C
:10156000D3D7E8BC733D10BDEE4702BE762789BDD8
:10157000FA3AA9BD32D568BC073B043E89F62D3E38
:10158000B420443D1DDE4C3EE000243E24DD6E3E92
:1015900097946A3D631D59BE8844803D9FBE183EA6
:1015A0007211323EBB10203C28BB143E066F863DB4
:1015B0000D6D053DFE15163DB1D94BBC70C4C4BDC3
:1015C000E8324ABE45E583BD9D662BBE03ECE6BD11
:1015D000643BBE3DC5AAF7BCD3D4F4BDC5A569BD67
:1015E00039A1533DC30ABBBC938F9EBD6ADAF93D56
:1015F000EF82E03C8350CE3DF878C73E03F4953D42
:101600003E8031BD52B3C1BD45844C3EA154D93A50
:101610000AF9AD3D08C9C03DF2C8753D27A233BBEC
:10162000BF834D3C2CD5C8BC243AD5BD04471ABA5B
:1016300097B2C0BDD866413B7DF3BFBCE163B53C0A
:1016400032C8F3B96C8AF0BCA0F585BCF5B1893D10
:1016500060D3883BA28B983DC9E74B3DD263263DC2
:101660006AA48DBD8FE7EB3C3BD8CB3CDCCC5BBEAA
:10167000EE1E303D563318BC1187CCBD98FEB1BC70
:10168000642C5F3E95BB0E3DF679263DBD9202BDB2
:101690005A196DBD7EA889BD74FEB6BD3B2A19BE20
:1016A0006A52FEBCF0A393BDFC3F643D6A9A5F3B67
:1016B000D87451BB0A09923DBEBBF7BC8BC8D03D64
:1016C000C782F3BCF6CCB1BC23C227BCF2C9123E20
:1016D00079B7F0BD830296BE09F63E3B08442EBEA4
:1016E0004A1EFCBD8E01DB3CA5EE4ABE0612D23D71
:1016F0000CD2C53B5AF21E3E8239DB3C9639AB3DDB
:10170000C94DAB3C2E32363CC6FAB8BDE7C4EDBD80
:101710008840E13C8FD0FCBDC1CD9CBD70D16EBD79
:1017200037ADE13D019C7ABD7CB2BDBDAFD2FEBA02
:1017300037ECE53CC8C16ABC881188BBF9AD61BC17
:10174000F1B6E43D5B621D3E8D0C083E4740B8BEDD
:101750008103BC3A5976523D5ECB46BDE265703E90
:1017600025E0073D86EC093E153D793DDD3ABFBDDC
:1017700037D73EBCBE977C3DEEED063B45D19FBCC6
:101780009B9A5EBDB79980BD57DF65BEEC1AD6BD8A
:10179000269D3D3C4C79BF3CF0C326BE31691BBC45
:1017A0007A22DB3CD95E603EBAFEA73D9195183C9B
:1017B000A4CBC53ED9B8113EB620A0BED1B3CDBE94
:1017C000922B00BE9D7E6B3EEEC54EBED1B4EF3D6A
:1017D0009B26BDBDED51963D7E87CC3D2AE2D93C8E
:1017E000D96DB3BC04D0C33DA36D953D3A75333D6F
:1017F00026F2393DD7349CBCA2DBB6BD9BB7AE3DCB
:101800001334C73C9AC4E0BC9350623DD7B53C3A10
:101810007802C63BF068203D78088D3E34B48D3E9A
:101820000196263E0355163D4051E03D38EA1D3EE7
:101830002A94D03D4D0C5ABDC24395BEC9A169BD85
:10184000FE07FCBD683F033EAE95B63D98AECDBCED
:1018500073038B3D9EE2C83DA9622B3EA2F9093E6F
:101860008049AD3D1DA5033E0140773DB4E0D2BDAA
:10187000D2C304BD77C6A5BD0853DA3D2E4300BCD4
:10188000DC8E61BED081D3BC793F813D99ACBA3B3F
:10189000E08E9EBC8876A13EA81D643EA730FB3D2D
:1018A0004D5C183E351BE7BDA6BA02BEAF1B9E3E7F
:1018B000CA45CABD4F76EA3D6A2C213E95E3853D77
:1018C0002AA6E33DD3BB423DF7CD523DD6F48B3A39
:1018D000173DDA3DACAB293D895DE03DD7740F3E45
:1018E000DFCF793D7B0E87BDAF84E5BD3F7CC0BDBA
:1018F00034223BBDD418EBBD0C62A13D291785BD38
:10190000D8AA483D2B4A153F8F6D8ABD4C990A3E97
:101910007099A0BD8243F3BD063CD1BDE892293E3B
:10192000455344BC2846A5BD8B209A3D3726223D11
:10193000E35FB53D98B2703D3A98E03CF21DC53D7D
:10194000F24F003EFB6C0D3D0B3F953CA3E38B3DFE
:101950003FB1343E213D0A3D2AB3F8BBE1BC9DBCFA
:10196000017A2CBDCCB71EBB060A99BDCAEBA13DBE
:10197000186FAE3C2DAA313F5950A93E2816263E7D
:10198000A0DC32BBE9D398BDEB85AC3DF411223E1F
:1019900019DB313ECD71AD3CF0004B3D49472D3D4B
:1019A0001F26FC3CFC78603DB32FD83D0D64EC3D18
:1019B000551C8A3DEC8C2E3D9692B7BC510C953D42
:1019C00058DCDE3DF014F4BC1B7B1C3DE5DADFBDCA
:1019D0003AAFAF3C2EB3E73D616F763DF9DBA53DF5
:1019E000E2A6083C1A33223E09E2B1BDEC6D4D3E41
:1019F000459B82BE04F437BEA7CEEFBD5D99273E5E
:101A000092CC3A3EFB332F3DF532113E4E7C093EDF
:101A10009A46CFBC7930C33DAF96863C9F8380BD4C
:101A200093B4533EBBC6C73D881E9A3DF37DA03D8F
:101A30005E47593D95EDC1BD9045B63B813A89BDA4
:101A4000A3ACA2BBC1BBA03D026169BD75150A3E36
:101A5000D16E883EA67073BBE21F81BE6F2E283EFA
:101A6000F5CE39BCC05B99BE47C527BE06228CBDEA
:101A7000C764243EB240CF3D6498D13D9A59E13DC0
:101A80000AB0B33D88A7073EAB563C3E4B6FBB3D0B
:101A90004A15E13D8E1D063EF808EF3D09B1193E9D
:101AA0006480A23CD512ED3DC68D333D530C1DBE66
:101AB000CAE53B3D6F841D3EEDD5233D446DA23DFF
:101AC000E30598BD79F81BBE6AFC393E1711C2BC0C
:101AD000D06905BC3A7890BE5EA5AF3D177A233E2B
:101AE0002CA61D3E6698B43DBAAEB93B7D3D273E5F
:101AF000C1CF3D3E4D1D1D3D94A1633E86D0433E6A
:101B00003C7C423E962BAB3DD7D4C93BB7844F3E7D
:101B1000DDEFE83C4F61433DC8E8F63DE8FBD7BD4B
:101B2000AABE383D4EFC0F3EE4FE073B8489D43B01
:101B30003CB51CBE43FD373CF523F53C4D84C2BC8F
:101B4000942B173D55A809BDFB5D353E8180333D83
:101B500017EBE5BCA9FF033A6F7B293E8B69323E48
:101B60001C610B3CB685073EFB80753DA8AC603E12
:101B700091A3033E9451443E297E873ECB920B3E77
:101B8000FDF3BE3C91050F3EA0A44DBD0ADFC53C50
:101B9000FD7BF2BA08869E3BE74C163EB8D88C3ED9
:101BA00023F2D7BCD7EF6BBE40A7DB3ECF7680BC1D
:101BB0001DFC1BBD26065A3D18B8033E981D193E54
:101BC000179FA7BDBA82333AF052A2BD319C563E50
:101BD000B3B5E33BDAD1133E5A33243E36861E3E7C
:101BE000B8E77D3E2DE5133E165C303D8C67DE3D4B
:101BF0001857FC3BBED35A3C530D1DBD5C05843DBC
:101C0000D7B78C3B431E143E38F06A3EC7ED433EC7
:101C1000693EA2BDBF3057BE694531BDE62774BCE1
:101C2000801280BBB8C026BD785ED23D16ABB3BD76
:101C3000C9FEA63D8F8012BE5E405FBE8F675BBD52
:101C40006A78013E65CE703D3CD8DA3C289060BD94
:101C50003869653DA42CD43D8C02983D3816073D6B
:101C6000B953043ED9FCF93DA883513E1C43333E91
:101C70006937093E9540D73DCFA0723E1A39773E6D
:101C80002D9571BE56908CBD93AA4EBE921CC4BCBD
:101C9000543185BD31AE933D4AD550BE65A76FBE68
:101CA00016B249BEABA1B4BEEBEB99BE45AF5DBE6B
:101CB000A3D902BECD4A39BEFCA545BE9C8CD9BC79
:101CC0009343CE3D65E3083E04E8093E73D1F53DFC
:101CD0004BA5F43DDC8591BB14662F3E7E77693DB4
:101CE0004987FFBD105203BD2C6A573CA8EE5FBE6A
:101CF0004F43193CFDD0203E803A063EACC78EBD16
:101D0000349AEB3CA6056B3D5E4909BE325721BEB5
:101D1000B311ABBE40AB18BFC5AECBBD0F7A0FBE83
:101D2000E0CEA5BEAA22DCBE836148BE1D2062BEF5
:101D3000ECC2B4BEAD0BD13C4D5DBEBB8EFC9F3D35
:101D40009FA1D4BDAABE0B3D19403A3DD962DFBD6B
:101D50003D4666BE760EB9BEA78061BEF2E239BED0
:101D60002CA59EBDC5026B3CC1E9923D537D893DCA
:101D70006118A7BDBE75533DAA2172BD9E2BA63C1E
:101D8000B8B3A63DBD137EBE7C8FDBBEB4CAFEBE1B
:101D900073EC3FBE3EE7A1BEE72103BFCCC790BEB8
:101DA00058663CBE674F03BF0AF60DBF9FF9B9BE28
:101DB0006B08F6BE43D282BEEC4283BD2371BBBE2C
:101DC000A5ADFABE3E8F7DBE5FFE5FBEB3AA1BBE51
:101DD00042447ABE63DEC13CE51121BD0F7C36BDB5
:101DE000D1F59E3DA68E6C3D9A70613D80AA20BAC9
:101DF000D130393D3D484FBD76E6A8BD7CA1B7BD89
:101E000004941BBEEC238BBD9A1185BEC161A3BE99
:101E1000D2EBCCBD1ABBEBBD6EF381BEBC9146BE0E
:101E20007C2F87BE722668BE3918B8BEF8EC2BBE70
:101E3000B7DD333DD787FDBDDEE86CBE5218FBBD74
:101E4000900732BCFAEC763D7E8F313D32DB4E3D61
:101E50004B479ABD501F7FBD4ED655BD80716E3C1D
:101E60008093F5BA157A23BDEC9F34BDA253283D6B
:101E7000F1DD38BDB5D944BDD4C9D33C0036FD39F8
:101E8000B08EF6BCD61410BE56F9D6B8A84586BD9D
:101E9000FAA208BD8D19ABBDFB6D2EBD88C88DBCE7
:101EA0000086FDB94024A83BA44CBDBC7A184A3D2D
:101EB000F83AD53C691837BD71D276BD057B9BBD1C
:101EC0006B3654BD585F0F3CB2965E3D390A3FBD3C
:101ED00018B317BCD9BCFDBD83BF50BE2A7A6CBEF7
:101EE000773DEBBD18470ABDFF5988BD223D74BD43
:101EF000A290B3BDBD8E36BEE1149DBDBB52F6BDF2
:101F00009BEC52BE484337BE7AB1A6BD14A1A3BE16
:101F1000E168CABEEB49C7BDD871A8BDF25355BE32
:101F2000C83D943C19260ABD18DE9CBD66F4653D8B
:101F300047E793BD86BF13BD652B3C3C6F1937BD8A
:101F400007468CBDD5A271BD3F6D42BED88367BE2A
:101F5000EB1A83BE006D41BE3DE17EBEE3BAD7BE43
:101F6000425203BF997B09BF5CC80BBF1E0068BE0D
:101F7000F01EA6BE6DF4CABDBD88383E20C2553DD8
:101F8000409647BE3B0094BEA11C8DBDB02E20BE26
:101F9000692E513D83A729BD37979E3D97B7923D46
:101FA000080FF93CB0AE48BDF8CEC1BD0D2607BE46
:101FB0002CA27FBC8E1737BE5F57EDBE4849D3BEFB
:101FC000F8C5D5BEEEB7C7BECAAA12BF779176BE16
:101FD000D00119BF014C3EBFEC4F96BEF20B30BE94
:101FE000AE1F6FBB2422D7BC3D07E63DBA47FB3D81
:101FF0007B2044BEC696013D7936C03DE8A5CCBDE8
:1020000059FE5EBE0179103DA31592BD76F087BDE5
:10201000AF127ABDF32DF33CE204A7BDC30C153E0D
:10202000F018983DDC16EEBDAA95E5BDF26E05BE32
:10203000308DB6BE62CF00BFBAAF0ABFC881C9BE7D
:102040007EE7D1BE800C32BE84B028BE78A9A0BD88
:102050009854FCBD885A36BC73F80E3E36D912BD72
:1020600071E539BD65B8703D1DE8553EDF4FE83D6F
:10207000DBE543BE1169513D42FC60BEF2BA61BE70
:102080007A4098BD28BF9CBC30461ABCD053643EF1
:1020900019DA58BD4D8117BE8D4420BEE10C52BEE9
:1020A00042A100BE9B2D10BEF79DC4BC8A09FD3D18
:1020B0000614D43D91042ABE7B4873BDB00685BD8D
:1020C0003E1484BD9702A03D77BEC1BD1A0704BE71
:1020D00071CD44BD32FD70BDAB3A0E3E9062AEBDD7
:1020E0008BF67CBE7910F43D98366BBE30E048BE6E
:1020F00036C7223DAE82F63D5F66053EE1B21D3E2B
:1021000063CA833E36EA623ECB95DFBDDFAD46BD96
:10211000CA54AE3A84C04A3EE6FC4C3E3249DDBC6D
:102120007EAEA23DCDE024BDD6FDA13DE2CD73BD86
:1021300051691FBE63DC273D9D0C4DBDBB9CB53D69
:10214000282DC13D9DAEDFBD294F2A3E33C2EC3B59
:102150009722E43DF30C2B3E12D870BD21C784BEFC
:102160007E3E303D780CB83D46CA1D3E0A1D0A3EF3
:10217000CC265A3E8FD68F3E047FD33C1CC916BD59
:1021800075A7D63D7D129E3DD826653DEAEDB63D4C
:10219000C07B273D4F48D93D406DC2BC0125B9BD2C
:1021A0002CACE0BD7B9738BD5212AABD1ABAECBD6B
:1021B000DF70563D0D7F4DBE2792D5BDC42C3D3EF0
:1021C0000F565F3E21023C3D6675433EA3388FBEED
:1021D000CFFFE03C06F443BD9618373E8F4F8D3E4F
:1021E000F38D3C3EAC5EEB3DF5422A3DC490A4BC71
:1021F0001B36C13CDC72623C51000CBC967481BC45
:10220000CB0CDCBCBA18A3BD0A224CBC1F8EA03C70
:10221000CD77C83D1F69B9BD0213873DD44716BEAF
:102220007C86D5BC8738B2BD13B14A3E8679843EE0
:102230007021BA3E7D8FCD3E710BF93DCF76913E38
:10224000557D37BC3012843C1ED4AD3E56781DBD42
:10225000B21C06BDF00F863DADAF973CF1080E3EB7
:1022600041F7A33D3E59AA3DCF44F7BCBD0769BD28
:10227000E7FD573DBEF991BD71EE843C7763963D15
:102280004E1B953D3A63C33DB13A303E5D6E46BC50
:10229000E83E01BC8CD41F3D65F06A3E0747A43E72
:1022A000BC1BAD3EAB787F3E0253D23D9870183DCB
:1022B000509814BD804BC0BCC0812C3E4709D53D11
:1022C0003A703C3D55DA26BD935AE83D5D333E3DBC
:1022D00090E50F3EB8EA2D3D63879F3D9D32E2BDFC
:1022E00050B842BCC2EC2BBEBA270D3CFBCF7CBC25
:1022F000B830D9BD6D2639BD90689DBD7A1D2B3D86
:10230000D816E43DBD99273D33B2C23D5107BF3DCC
:1023100054B2BA3ECAEBC03E15E8B83D54F0BC3CDE
:10232000D458B1BAD50AEBBD9C7E963DFDBE65BEC4
:10233000B2C9FEBD2234523D6A23263EA15F153E3E
:1023400010AA793E32A64A3E6C791DBC73C660BCA9
:10235000EF7ABE3CE9174FBD7A3CCEBDE74F1BBDBF
:1023600014E7D2BCA6FF8C3CDF256EBD50EC83BDCC
:102370000B9E61BD567310BD648C433E6641AA3D01
:10238000D0E9033E6A16B93EFBD6BF3D908875BEC4
:102390001948C1BDB02CA53CF416CC3A2219C0BED8
:1023A000CAA63FBEC831333DAB6D013EAF39543E86
:1023B000D52F053E7C822E3EC84C653ED351A93DAB
:1023C0005DD2753D6EE61A3EAF60953D791F54BDF6
:1023D000B50BB5BDD68E31BDF54A653C349649BDC9
:1023E000BF4A1E3E3568AC3D1233183E7A76B73D83
:1023F0004D358D3DF5355F3E21AC4EBEEB629BBE4B
:102400009B30D1BD89A1FC3D4E575CBE2F206CBED8
:10241000BE7725BE67CD353E743B0A3E4AB6583E70
:102420003D501D3E519F1B3EE220023E3ED4FC3DEE
:10243000DB63293ECFF8AB3D6DA4F93C9291C53DDD
:10244000686C8EBC3660A3BD7F665EBC8A64733DDB
:10245000378C503E3BE7363E8C208BBDFDA58FBDB3
:10246000C37EB63DE0163ABEDB9632BE976A0ABD21
:1024700053E2DC3DD1DB383D65A619BE345F5BBE5F
:10248000F58193BD1D12C53DA2E3FF3D8520753E3C
:102490003A30B93E9D6AB33E9454383E3DAD4A3D14
:1024A000507F173E9AC2293D1DBF6E3D5168E63DE3
:1024B000F2B7163E5133273DC48E983D1955053D60
:1024C0000725903EBC5D1B3EA70C49BC11DE72BEC9
:1024D00082E568BE171A00BFF047C3BEF7DC293C8F
:1024E0003B7CB93DC8D7113E9A964CBD653E843EB3
:1024F000A7C2923CFEB1D13DF0AC513C5DC0BA3EAA
:10250000B7629D3EF296BB3EB098943E93C57A3E2C
:1025100068B53F3ED242EC3DB9053E3EDA8C2E3ED8
:10252000406D423DC43E803CF33411BDAD1058BDFA
:1025300038725EBD2C013CBDFD7B1FBC3DDFBE3D46
:102540004BC819BEF4D2CDBEE01C553DC2A6D0BDCD
:10255000C5AAA9BD6175893D0E4F17BDBCDC56BC2F
:102560001CF05CBE555F17BB39EDC8BDAB835DBDCC
:10257000155A5F3E7D8F7C3E75DF693EE6849F3E47
:10258000DEBB9B3ED26FD63E0283353EF7E1BF3DB8
:10259000CCE3ABBDAEB4D9BD1A1654BC84A0D0BC3C
:1025A00041789BBBD7C6043C50CC123DCFC8EBBD95
:1025B0004371C73CD1339CBE8F0380BE8D1179BD62
:1025C000474E60BDD1C612BD569B093EDF4A6BBC6B
:1025D0008C3B47BE172017BEF5D49EBDE0D70CBE7E
:1025E000C4120CBE6DE846BD3AA97A3DC63C7C3E9D
:1025F0005AF0713E1AA8A33E6289933DD8A83C3D8B
:1026000038361CBB3B47F3BDD59807BEA1CEAEBD47
:102610000AC119BE274E02BE447136BE703C16BEBA
:10262000B7DD80BEEE5B91BEB1F6D9BDABA338BEBF
:1026300097A36ABE7E0B973CEDD1723B6E9ADC3D50
:10264000CCC863BEDDA186BE7C9C90BE8A2ED6BE61
:102650005599EEBED0ADD9BE677C73BE52EDC0BBFE
:1026600013FE6EBA24F5223D2EF8EABDA86712BE0D
:10267000D484DB3CD87688BE9B693FBE878272BE1D
:10268000B3DA26BE275220BEE36D2EBE04ED18BD80
:102690001C2553BED2462DBD54662E3EB83028BEF2
:1026A000D890893D57F5833D5556FCBDE59EA9BDA3
:1026B000BD8071BDFCD9DEBE91BAC7BEE0D006BFF9
:1026C000104E20BF38240CBF19DCF5BE5336E1BED6
:1026D00065A7B4BEDE973CBE2B2C6DBEFBAA15BE13
:1026E000591C94B9393CFFBD05026CBD4EFC18BEA7
:1026F0000F60E9BD12460EBE277F29BEE545B5BD78
:10270000FBF9CABD6E6D423EE7F3A93D4D3E56BE94
:10271000A03CC43CD6D51CBDD068C83CFA0127BE3D
:1027200026861BBEDE0FA6BE09A928BE33F98FBEC2
:10273000101B5FBE82AEA8BDD9678ABE302510BE11
:10274000C28D20BEC845BE3CAD4D23BECF19DEBCF8
:1027500056068E3D7DD49E3D206FCB3DEDD81BBEF1
:102760002BB079BD55BAE43DA67C153EE88BAC3E56
:10277000754D04BEA587FE3DB4248C3C8482A53DE6
:10278000206EC5BD3CFC72BD8D6FBA3D76F154BC68
:102790007B276CBDACE0BF3CC2D3C7BD508139BD07
:1027A000CD7E7F3D3D0DD93D86E357BD7D15BE3DB8
:1027B0007617C43C1E0EC3BD9E98F0BC57203A3D10
:1027C000A4C8E4BD5BAEB3BD6D1527BEFD948CBE41
:1027D000E84565BEC76B323D60D70A3EF7C1B73EDC
:1027E000B7E4263EB9226B3E673926BEB9F667BD0F
:1027F000B40C82BCDD8C953DBCB0043EF432413E4D
:1028000062E7B43D9E87B73D73A1BA3D677C1F3E2A
:102810009FA0433E06E0693D4F14C73C81E28D3ED8
:10282000598377BD57AD31BEB840B1BDF2058ABC02
:10283000D141FFBD2A9418BE1BED82BE664E90BDED
:102840003F586EBD11BF90BD0BC2AA3E247EE43E30
:10285000FF78553EF6E36D3E1A17973E432D933BA6
:102860000CDC52BD4E2D2A3D969E4C3EADF3F13D03
:10287000DEBAB53E5D60363E3350173EDA5C113E3F
:1028800068863D3E2432DD3D40E5173E5326373E07
:1028900055BDF0BC7385F33D8245E53D35AAD3BDFA
:1028A000EFB49ABDE6EB14BECE8629BE18EF1DBE6E
:1028B00021B008BE945A843D4D5C583EF2EBA33ED5
:1028C0009F29573E04772D3E53D68D3E8039E2BA7C
:1028D00097A7AB3D1E172B3D88372FBEE0D0813E1A
:1028E000E5419A3E8B0222BCFF52603E251EB03E5F
:1028F000AA9D5F3EC6C0953EFF2C303E3431B03DB0
:1029000013306FBD0916EA3D4F1E443E9C7536BE1E
:10291000397EBABDE91077BD09B034BDC8CAA13D42
:102920007CB45C3E9C769C3EADAF903EDCDCC83E09
:10293000A97B783C25D17CBE10BA90BEEE1C47BD69
:10294000A5E9893D70938B3CD2199B3D3075153DAF
:10295000BF22C1BD0066FC3DD48EF73DA34AC03DF9
:102960007E7C80BCC7DC723D549AA93DA5F1A23D96
:1029700034BF4EBD63480E3EE45104BE92FA443D5E
:10298000C509DB3CC68A433ECC41033E77EDC83CDB
:102990006228D53DB4E3593E50DE243EBF11673E68
:1029A0004D4E7B3DAEDE4BBE5CB069BE023768BDAE
:1029B0005C2892BCAE2E653D30279F3CACC0B43D38
:1029C0003FA7283E520CA63D565B1E3D53BFA33D7C
:1029D0009FA623BDF685FFBD8DDFCF3CDBBAA93DA9
:1029E000499E653E09852CBE09F9EBBD5F098E3D08
:1029F000949BC83DD21A4DBD712A2D3D1749CBBDC0
:102A00004EB57BBB992F1A3DFB34AABEA3F746BE39
:102A1000E15205BE055763BD9D2E963DE098B4BCBE
:102A2000B90216BD60E574BC9566A83DE42884BD76
:102A30001E04FDBD8D7B7FBE52E539BE511ECFBD4C
:102A40000FFFC0BD9028B9BC9D6DA3BC9B2B10BED1
:102A5000CCC6F5BDA864E0BDF0AEDDBEB04DEFBDA7
:102A600018D857BDF355BABDA95E0A3D2BFB0C3DE6
:102A7000E27215BE980D46BEB3314FBEC7881FBE69
:102A8000594EA73DA63D3A3D341C123DF887203CE7
:102A900010DAAC3C885D05BC72537B3D64B9A8BDBF
:102AA0002CDBA9BD18E51F3D40E2B23C1D1CA6BDB4
:102AB0008F0482BDB3FD843D7D822FBDF6D1F0BC75
:102AC0003156FCBA6FAAB1BAF1A98ABDA2E1993C0C
:102AD00044B5DA3C000A7FBBBAADE0BCA6356B3D1D
:102AE00094BBDCBC78A30C3D82C063BDCBCA8C3DDB
:102AF000C82578BCA7C0913DC9C18A3D004AC7BA64
:102B000007E496BD8082C73C8067173D709DA2BDDB
:102B1000AB0E9D3D2E440EBDDDB71EBD0414C63C5C
:102B2000A99BA73D07A2033D8639B53DE6717C3DD3
:102B30001E9DE43D3AD9A83D7A5C9C3CAA5289BED0
:102B40008601CDBED80A9ABEAB7BB5BD8BA4573EDD
:102B5000BD789B3E3E2A0F3D7081263E912A153E50
:102B6000048C6CBD00EF6D3B2A0391BD1D1535BD76
:102B70006CEDD63C00E3AEB99477F7BCE1A474BD2C
:102B80005693DD3DED55193D27EFC73D35E2833EB8
:102B90001B560A3E8FD0A63E7568F83E812BFF3E3D
:102BA0007C5E833D06E5F8BDC6F634BEE9E7DCBED3
:102BB00014B5FABE565318BF16256CBE976DB53EB8
:102BC0008CE7B73ECCA3653EA7798D3EC854193E2D
:102BD00049DCE73D59353F3D4E1E52BDC60DA8BDEF
:102BE0000677733D6699703DA4A7C33CE0FA143C98
:102BF000CDDE18BECA293DBD97F3D03D97500A3FA0
:102C0000A0E6223F29EA3A3E7F452D3EFDE0B13E57
:102C10000DC1C23DB7E803BF1AF454BFD8B93ABFDB
:102C200077F013BFD06248BEA84716BEDE32313EF1
:102C3000127C8E3E6510E5BDFB621CBD9F313DBD23
:102C40006CA19E3E184BD03D7A6F943EBA11B8BC31
:102C5000E0CE0A3B229C633D90EF23BEDDE90BBE34
:102C6000430148BE4887F8BD0DB6EABDDBEA85BE24
:102C70004DF57BBDB17712BD634DAF3E324AD83DB5
:102C8000F737873DE1F697BE0C919CBE10E431BE4C
:102C90005403D1BC25ED3DBD0ABC18BEBF03C53CE5
:102CA000EAAF793D9BC0A43C78D7573E9AEE263ECA
:102CB0005A797EBD50A6BBBE377B05BFF871E8BB15
:102CC00054A6E0BC3A7747BD3031843E8AD9F23E03
:102CD000A719C93C1D7BAE3DFF0F9BBE5BCC38BE28
:102CE000D1CF6BBE330289BD4469FE3D34085FBE5F
:102CF0005CF1A2BEC55636BF3F441ABF5F2F07BE68
:102D0000592BA03D0F1DFF3C01DC523E7201D23D0C
:102D1000654884BC2C86E13DACA5483EF307B73E30
:102D20004643A23ED4BAAABD966434BDDBA6FF3D9D
:102D3000B62716BD8952923D61BD99BD93837E3EF3
:102D40007AD19A3D505DB73D77DA1D3E0EB32FBD67
:102D500062CD58BD2DE2283ED5D5F93CB24602BE23
:102D60006739B2BE2740DEBEBF21E0BEF341DFBD02
:102D70008523333CB8C24B3DC49F8F3EAB60383E89
:102D8000D050653ECB81DA3DEAA3D53D606DEEBC07
:102D900055BCDE3D31D52D3D742CE33D3A7F7C3E64
:102DA00069301A3DB3FE273EF87854BE5D39BDBD8B
:102DB000C523973D607AC63E3A124C3DCD948D3D79
:102DC000E64FB73D37BFC33D567D193EEE79163D00
:102DD0008E9550BEC75102BF91D54EBEFE3E42BE3B
:102DE00045CECB3D768AA63E444E703E7A149D3E3B
:102DF000AAA5033E3469453E81B22BBCC5DA10BE9C
:102E0000B067ADBD7A1B2FBD607FE33E8139193EAF
:102E1000F4635D3DD2DDB03C6F5092BD88035ABE75
:102E2000769D2B3E3EEE5A3E80A4CEBD6088A73CE8
:102E3000BF2BA0BDBADBAA3D013DEA3D6A340F3E7F
:102E4000601295BEEC8BD0BEF483DBBE61D5A1BE13
:102E5000AB12033E815E953E0F16393E885F133EEE
:102E60000266B83D671A043ED934A4BCA69A3ABD9E
:102E700019D67EBEB680CEBE9BB5A03BDA0C6A3DAD
:102E8000493A303D66E48E3D1160043D42FA3BBE56
:102E9000AA21253DF4604B3ED90D51BEA31A4A3DEF
:102EA000C8B2D73DA9F5813D8A6D4F3E1901CF3D8E
:102EB000E2B0A4BD7EFACABE9BFEE9BE364987BD1C
:102EC0001C41C53E9DEC4D3D8A343BBC0EF097BD88
:102ED000AE1A9FBE272175BEC90F61BED71181BE34
:102EE000A136C7BE83CA31BFCF6D433E1129983E7C
:102EF00022DE7E3DF1371C3E46D4493EA84C92BDB1
:102F000013017739AA6C573DDC3A9ABD4C447E3D9B
:102F1000F159033C37136D3EEA44373E888BD63D6A
:102F2000456D3BBEE090D6BE657686BE9E1C6D3E6E
:102F3000E7BD903E4447EE3D1243D83CFAB709BE88
:102F40004A55E4BDDB415FBD2C2477BE474C87BEAC
:102F500069A1BEBD9521083E5DD2793E70DD843EFB
:102F60001125773DA646623EEE95843EA71209BE26
:102F700033C60D3EE7A6AEBD8D5F423BE82B14BEC7
:102F8000719829BDD653773D665EA33DDD1460BEC2
:102F9000B7A2F0BE363DA5BE3F6E983A45CF903EF3
:102FA0007DBB223E27B31B3D9B1C3E3C211C74BDB8
:102FB000882EB8BD8184233E7ED11FBE4D028EBEB9
:102FC000BE5654BE9651D23C065CD7BE7BDEECBCEE
:102FD000EB39773D70AD333E7A82C83C0EEA31BEA4
:102FE000C85E603D1E8237BED4B152BEDA4ABFBE53
:102FF000B2499FBE966050BEC7E0B3BEADD017BF0A
:10300000AB1BD0BEB31FCCBDDA8C0B3EEF96123E8D
:10301000E6B9523EADEDF43C43B1EF3CD360A03D88
:10302000BB9F8C3D2DB8F4BDEC2726BE8F1A45BD45
:10303000D9B0E8BD0E65E6BDCA4C66BE8149BA3E50
:10304000D0FB563CE32B1A3E416641BE261E77BE9E
:10305000C947EFBD7C4AF3BD6D6DE0BEB2F0C1BEA5
:103060008F2ED3BE77FAB8BE0F5A3ABE6FA387BE73
:10307000A11C78BD37992C3EE0716A3E5D840ABD83
:1030800072971B3EB2B2573E5FEF4F3EFDB9493ECD
:10309000546A8B3DD99F083E15EAD8BD62C0CB3D2E
:1030A0002A30743E15BAC5BE376C5B3C2E63693E50
:1030B000C0D34BBCCBFBE43C239818BE855D4FBE10
:1030C000E89DB33D0EEF19BD3F798EBE8B99BEBD15
:1030D000673A16BE9CE50FBD8D7198BD95B5153E3E
:1030E0000AA4043E74E3E73DA228663E554FA73D7F
:1030F000A536733E72A8DF3DEAD4053E202B8B3EF9
:10310000E7EF0A3EB599813E4093313EF8047D3E9B
:10311000963D183F47600CBEC09D883D14AF663C8D
:10312000314AA33D4B18203D1516853EC9B42CBE2F
:10313000E8E682BC3338863CB0AF90BE7B4A373E6F
:103140005CD8C5BB8120D13DE0BC943E014D333EEF
:10315000E31DA63D8B8A533E55691D3E0C4ADC3D5E
:103160003E5F8F3D3A00ABBCC6AACD3D2CCB623E44
:10317000866CAB3D79D75B3E533D563E011B043E0A
:1031800018BF843E0C2074BC6ADACA3D1377973DA1
:103190003A268FBDA45C003E56E4BA3EA9082A3EFA
:1031A0007D6CDCBDC89C44BCCDF3263EFBBA883E9A
:1031B000F43EAFBD1EC0103E09527C3DCD75073EAA
:1031C0008BB31F3EC06AE63D9308A7BD3572263C0F
:1031D000ACAC3EBE9956DFBD4AB013BE5B35553E22
:1031E000A57EFD3D728E5B3EAED9923DF1DA8E3EFC
:1031F000623EB43E62FF5E3EE8FAB43C459B363E1A
:103200007484A8BDBF4E3A3E648A8E3E1742913EFA
:10321000269B5EBEF060003E0582863EE328A03E0F
:1032200080D95ABD8265293D2D06E93DF88FEF3DD5
:10323000C1D48D3D25E1273EE500473DFC780DBE1C
:10324000521336BD638D3EBE208094BDAE07223A38
:10325000D6BFABBC0AF8A6BDE169C23DE975DD3D4C
:10326000B77CBE3E6C61903EDA7409BEDA5A38BE55
:103270000C60C3BCEAA1493D8A6F173E9A9B8F3E02
:1032800067B589BEC4508A3D73A5F8BDBFC0173D60
:103290003707B6BD6A84723EB2EC833E197F353E75
:1032A00047619B3E3FE84C3E0FF730BEB4550FBE22
:1032B000EFD159BE3A61ACBD99AEAFBD77A0EF3C3E
:1032C0007D6FE9BC99257ABD5A5D55BA0622533EF9
:1032D00047C4D53E4F867D3EFA5F14BFD6F59BBEF0
:1032E000F422E43D89F938BE442BE53D6691FA3D70
:1032F000D595D1BE192F1CBECC43983DC9CB7E3E7F
:103300008F76003D5F65273E181A1A3D0B835F3E9E
:103310005BD9BB3DA99762BB14D557BE12CB01BE8A
:103320007E90A2BD5116C0BB19BA2CBE9BACC3BDCA
:10333000E4C5A5BD666C49BD00B015BD34AEC6BDC3
:103340007244EC3E62A2B13E9EC281BE9E045D3DCF
:103350000099163B30E89BBEF15071BE96DE283EC8
:103360002DB4F9BC86DEE4BD0B9C6C3E43178A3D50
:10337000002EB53C54730ABE9348B4BB210A70BDFD
:10338000D5ABF9BDF219ABBDD2670FBE7BCEBABDCE
:103390007209B1BC3E03A83D8ED327BE46A003BC34
:1033A0001D2006BD2E65443C98B84BBEC402D0BD5E
:1033B0001A0A063E1475A03DACBD51BD0C6A013D14
:1033C000252B8C3D4865153E833A143E785E943E2D
:1033D0001B0FC7BDCDA9803DFD19233BC655CE3B74
:1033E000517BD3BDCF969BBDFD0719BDF6B243BE41
:1033F00079EE19BE27AAAD3B81F8203C4EB499BDA9
:10340000524108BEB230AFBC7130AEBD5A4F8A3A9D
:1034100089E1453E210D8BBC46FE88BEED9A5FBD1D
:10342000F3C99C3D9B594C3E6C298F3EE4714EBDC7
:10343000AF146B3D8485A03D2709173E28CD0F3E74
:10344000278745BE29AC363E5DFB1DBE845DE4BDCD
:10345000264C05BE59E105BE31F51BBE0FCF92BD0E
:103460000C91BCBD32FD063E937C103EFBA10BBE11
:10347000FB545FBB2B1E3CBE19F81CBE5B67ACBD8A
:10348000E924913DB480513CD288B1BDB6C41FBD82
:10349000D7644FBD5EC2063DD9598D3E88778E3CBC
:1034A0001A46E7BC2DC89B3D380E403E421DA63D46
:1034B000FDC923BE218E153D6937EDBD2E9747BD51
:1034C0004F9091BB4A491CBE533C1DBEC823173DBB
:1034D000EA2D0B3E3EAA2F3E112C83BDD9FF853C21
:1034E000DF6F8A3DE7D85F3DDE2D053E58885EBC24
:1034F000CF098ABD348EF8BD1B5404BD557928BE52
:103500006D2D39BE75B4093EAEF2943EF8EA4FBC5B
:1035100080BC94BC9B5E0ABDF684B63D91BB383E30
:103520000A327ABEF6A0AABEB6B0E8BE26979ABE08
:10353000CD2E36BE7685863DD33DB4BD765AFA3D56
:103540003223F1BC12DA7A3D9848323D3AD2D6BCE9
:103550004DE7BABB9DBCAC3E70CC0EBD7B563CBEAD
:1035600049BB42BE69AAEEBD3298D8BD9E0A4CBE88
:10357000C66F37BDA0EDE93DE828213E6E9F613D55
:10358000C8B2BB3C3C3261BD51AA08BE1E202A3ED7
:1035900098F906BE9188E6BD7F6828BD366C43BCAD
:1035A00064F54E3E28DE063EBF4532BECEA13B3D11
:1035B0005D9D6A3E8E491A3EBB5E3D3E778E5F3E04
:1035C000BA946E3EB93E3A3D3BD6C0BC424C57BE63
:1035D0003D9672BE8D3326BEFFDCF93D8E284E3EF1
:1035E000515EBB3CB4CFC13CAA7D973D30B4CA3CD0
:1035F000D46F8FBDD3C69F3DD83644BCCA102F3D73
:103600009291A9BECA5CD2BE57E7C2BED85211BEC3
:10361000D7BCB6BDCEE15BBEDBFF1E3EDA10913DEE
:103620003F9A043EF38EC1BD4E8E23BE61DD953DB3
:10363000DA216B3BAD9731BEC821EABE4D8409BF8C
:10364000D53E50BFF228F1BEFD4FB1BE1DEC93BE7A
:10365000B6EB5EBEC3689F3D306DF9BBA07CACBBD2
:103660002EE6D5BCCE058BBD6E6D403D7F1E833DE5
:10367000A96B80BD618B2EBDC20DFDBC200F2DBB83
:10368000F8C2453CF6E3083DC90D6F3C9AEFA43CF7
:103690005BEFD8BCCB9255BB4B452BBE74FDE9BD4F
:1036A00062CA98BEFD64BBBE8BB350BE6A031BBE2C
:1036B0009B6BFCBCD0AEC2BE8196B1BE9272563D31
:1036C0008698283D516161BD7FA5A73D2688A1BD93
:1036D0006E3A64BDE76B80BD5A15D9BC9F268EBD7E
:1036E000A89CE13CCEB3453DC63B603DD143AC3DDB
:1036F000E2B73CBDD133953DC4DB8BBD596BAA3DD0
:10370000CFCD0EBDA811A03C3C23993C4938A13D2A
:10371000E7619E3DDA288DBD9902963D62BD14BDDC
:103720002A0B343DB886703C76002A3DE693123D64
:103730005A7F083DD6756DBD1A5942BD968E77BD2C
:103740007C6F863CCBC26CBDEAD56C3D9B512ABDDB
:10375000581E243DCB1845BD9AD22EBD3C2A89BDAA
:10376000CDE78ABDE8A1FFBCC7F6FABDCA6591BD29
:10377000E0A9A5BCA768D6BD45AFC83D4956C9BD9F
:10378000408A7CBE34DF6ABEC7F467BDCA3788BED4
:10379000E01595BEE9E27FBE2E62943DBFF732BDD3
:1037A000741A2BBD557F813DDCBDEB3C8B71A93D6F
:1037B000F287D1BC54A09B3C20E39CBB310B59BD8C
:1037C00087D4A6BD90B1703CDBCE95BDAB0635BCB1
:1037D000D93F29BE7C9872BDCEFB053EC75D3D3EFC
:1037E00065E4783CCCD2813D001F40BE5B6526BDC0
:1037F00051690DBEED7C70BE5468B5BE3A08D7BEA7
:103800001847C9BED17B98BEDD394FBD139A58BD4C
:1038100008A94EBD01BC05BEEE4370BD43083EBDC8
:10382000D01A7B3C58E55BBC64E2863C329B7CBE94
:10383000895D853D741C87BDC511413D50CB4B3E14
:103840005CEDF33C21619A3D098A583E264A8E3C44
:10385000EE502FBD458FEBBDDE988DBE449FD2BE8E
:10386000DBF2D9BEB934B8BEED513DBE70B68BBEE9
:103870004335E9BEEBEFF9BE8630ACBE811183BEA5
:103880006C7EC43C85D91D3C3F5BA03C0C9E1DBD9D
:10389000783C553C7B4A04BDBE1B5ABDDD25C1BEEC
:1038A0004A48CBBC9B33C93DE3722FBE0112CFBC4B
:1038B000579BDA3DA59CBF3A2DBC9BBD25401BBE46
:1038C000922AFEBD8839CEBCA0B611BE7D3DF7BDA3
:1038D000BD7B5DBDAC9DAABD515010BD590485BDD9
:1038E00071359BBB24129DBDF2A0373D4D770ABFB9
:1038F000AACE99BEB1D50BBEA7C0F2BD9A4A283C4C
:10390000830148BD2CEBCB3C2C6BB13DE512E4BDF3
:10391000016B113DC8EF943E4AB0A6BD98E57CBD51
:103920006DDD8E3C3BF333BEC9B4D5BD6F138BBE8A
:103930000BC6CCBC4D7409BE70CB6EBCAE0E2E3E19
:1039400086EE08BD2D8632BDAF03F83CE897ECBD8E
:103950007E555EBE5D275ABEE4748CBD7EB9E0BE66
:10396000C7BCACBD368EA8BE5178CEBEB6F82DBE53
:10397000202FB73C80DA6CBA647A93BEBA1C24BE9E
:10398000A51076BE4A11CC3D29A21FBE2EB84DBD52
:103990008CFCF03CCF1102BE9027B0BD64B42ABDB0
:1039A0008015DBBD5072D2BDE9FA973D5BAF95BD86
:1039B000B01B7D3DEC15943BB5C68B3CE4A59CBD8E
:1039C00048D106BE12A821BEEA8C03BD38E5693D88
:1039D000C8FEA2BC4D6BCBBED0AFA33C3D16FBBE18
:1039E00080B11B3B646D01BEA58242BE25CDB5BE34
:1039F000FF7B1DBE3F0F4FBD08A34ABE2D8CBABD35
:103A00004B2E90BD4666093EBD28073B564563BC1C
:103A1000668EBC3C196C143C2A807F3DA8B93EBD23
:103A20000FA9963D1A7F1E3D08AD93BDE34087BDAB
:103A300051565ABD663E29BEE36845BE890951BE4E
:103A400014131ABE72D9C33D6B4B913EC245D1BE11
:103A50008A13653D03ABE5BDCBAE46BE9F4152BE6A
:103A60000A05663DE37E293D287B483D31750E3DC4
:103A7000E516043E85E36E3D6E59023CAE6F883C10
:103A8000A8AE3EBDFBDD623D0D09523E9DED9D3D64
:103A90004CA782BD05C701BDDD0ECABD719825BE0C
:103AA0009D3AF5BDEEB0A6BD9D4E1EBE3BA859BDCC
:103AB000B3B75B3D03D4353BC29C6DBCDCB3DDBE0C
:103AC000243F843CB6B33CBC804138BE5037A3BED3
:103AD000BF8118BD436D44BE1F5A77BB07C70E3E5A
:103AE000F8A1033EDF3905BC21B118BD1B6EF13DC5
:103AF000F7EF933DB20CB33D3C44333E8E57B53E99
:103B00003980FDBCBA773FBEBC010ABE1223CBBED2
:103B100096958BBE7357A23D133626BD6CB1CE3D34
:103B2000092265BEB091C7BE9B48733D4856523EC0
:103B3000F8D49CBDD8B39CBCED5649BE7D4F85BE24
:103B40009AD96BBE7EB8D1BDE2949FBD9F349FBD14
:103B5000096DA53C91FCDBBDF0AD5BBCEEA1DDBB0E
:103B6000E9EAC33D2C95D23D715E8C3E88D7813EFB
:103B7000A2C7253E334952BE0EA298BE76D07EBE65
:103B8000358C83BEF316E13D5097423E476243BDFC
:103B90007C606CBE9F323F3EACB1BBBD5D095E3EFA
:103BA000407C093C44A48A3DEFA6093E8E632B3D30
:103BB00046DCF7BD38D27EBE8D448FBE7ED4653DD7
:103BC000A8ED3F3E09D702BDB8F5E03D80FD2FBD11
:103BD000CF6706BE2D4F153E47E0933EC05A423E8A
:103BE000FAAC343E904C20BE9151EDBE70818CBE3B
:103BF0008E977CBDFE545F3E55AA073E6E0960BE9F
:103C00009E8A57BE2F52BBBC0E60F8BE8B61A3BC10
:103C1000CFEE853D6F389E3C2552E83D98F1923DB0
:103C200033DE76BE957E96BE8E7410BE0FC22D3DDD
:103C30000337393E51B60F3D7438D63D5C7AB13CFE
:103C4000A486763E55F5883E5F75653E03FE803E50
:103C5000AC82633E611B8ABE2B2C93BE814F14BE87
:103C600091202B3E3D1ACF3EFADC80BD026A71BE28
:103C700002C9303E9FA8913C0B7117BFDD9C01BE6D
:103C8000BFA4EC3D04798A3C369615BE7A0AB43D51
:103C9000A3832BBE4BFB15BED6FF0FBD2D3C023EB2
:103CA000AE17243DE46B883ED307813D4BB7DB3D27
:103CB00036D4273D14DF823D3430383E08A6AF3D70
:103CC0000844203E37CFE9BD6D1127BE138287BD62
:103CD000347E923EAD24F13D6409A23D4869A3BD06
:103CE0003D4367BA3E9491BEC39DE6BEEDE8E7BD95
:103CF000201B68BBF02672BCBE9B973DEC91CCBCF0
:103D000047DB86BD9EB369BE3B8209BE68FC4EBDE3
:103D100079D68E3C20F9123EBBDA333D80D9DE3DA8
:103D2000D606053ED17A3F3EA8E4433EA1021D3EA1
:103D3000B17B283E2651F53C0BFDCBBD4F7A0ABE28
:103D4000478E89BD1D9A7F3DF16B613EF9A69D3C72
:103D5000E94D0ABE0799DCBC9ACBCEBEFB2288BCDB
:103D60002294883D88A0D43C4022053E115501BED6
:103D70005B304D3EA5EA13BB93C639BEBA8DE83C15
:103D8000484F6EBC021CCF3D306198BC09323DBD2E
:103D90001E26033ED01F1D3E182B483E1727223EED
:103DA000FA82313E814BF23DA25CE6BC80C25CBE31
:103DB0003D9B43B9BDFB5F3E27433A3E709896BB9F
:103DC000A646B3BD3F7E5ABD59BF39BB51B755BE9C
:103DD0001112043AA560033E64928CBCDEB0C63D6D
:103DE0005D52EC3EB9609F3E0BFA0ABCF5C3943DB0
:103DF00008F8FE3CEFEAF4BDEBA16DBE8EB413BE35
:103E000086CE09BEACA2123E3BCD9A3E7F65F03D08
:103E10005F5EC83CB6A785BDDEB541BEF428463D11
:103E2000DAFE033E17E215BDA6C4883BAF5D693ECE
:103E300010AB12BB84BA1CBE0DCB72BEF45725BDAD
:103E40005A756C3D7C73F83C3E4DE4BD5175FA3DAE
:103E500065B7C13D95AD5F3D1FA08EBD08C300BED7
:103E60003F40EA3D566876BD03F3D5BD37C50FBE6A
:103E7000DADCAABD381C3C3E81E9A83E80F8D43D7E
:103E8000D9C19CBDB3539ABE13C528BE696F4FBE3E
:103E90009E8F7CBED97CA5BE5DF0EABD7B9752BCEF
:103EA00013EA06BE038E97BEEAD4A3BD1B4D45BDE3
:103EB000EA716BBE8F8CA53D6953C7BEF3321CBC43
:103EC000EA2C1E3E73819CBED217C4BEFCBDABBDA6
:103ED000051663BDAE6395BC2AD0B3BE0C0AA9BE5D
:103EE000CCF438BEC3891C3E99128A3E1F62823DC3
:103EF000FC138CBE485891BE136B75BE831EA9BEC1
:103F0000E284C4BEB96691BE4CF21EBEF59FA1BD4F
:103F1000F51736BEE294EDBCBEAB3C3E34CF693EF5
:103F20003FBFDE3C1EE5C13CFFDA64BE01D284BD6A
:103F3000E563B1BDA96BD8BE361DC7BD2E300BBE23
:103F4000B7285BBE896C3BBE7946DBBE8AB359BEDF
:103F5000D125A3BD98CF823E0348633EF7D7DFBC8F
:103F6000617223BE4C5F3CBE1D4755BE297540BEE5
:103F7000E23D46BEF1DD8A3CC05EF5BD7DAF8BBE45
:103F8000C7D49EBE4CA9C8BD9ADD4F3EE509533E3D
:103F9000E834E23C1EF38E3C3D1B08BED4E5A6BDD2
:103FA0006B812FBCB2AC91BE4B6221BD782012BF99
:103FB0001266F0BECA4BB3BE506039BE308303BC3C
:103FC000C93CAB3E987C0F3EBDB1723EAF9E9BBDDF
:103FD000E574A9BDBD527DBCC1E8AFBC7BAE83BE5C
:103FE000A19482BEED7D80BEFE80C3BE7E70CFBE3A
:103FF000A38A7FBDAFCD373EEAF9FD3D89B4093DC7
:10400000B7B15D3D42140DBD5D6F803D163E793CFC
:104010002CEC9DBDE626CCBEB2DD81BE52C7D6BE1D
:10402000C04273BE70296DBE62CD71BD0867F13D9F
:1040300079A7C13E6751E13D5C5A093E75A5F2BDC5
:104040004119B8BDAB6368BE549BAA3CC733C5BD1C
:104050003E0E3ABE10D090BD517F2BBE10C316BE8F
:1040600044FC62BD7B992C3E56B9893E2D4D883D5E
:104070003D28A03D5A32E43DD46F5B3D9A4F6E3DE2
:10408000363AA7BDF608ABBE64A564BEEF1423BFE5
:1040900047BDA3BE99483BBEED36683D24EF223EA6
:1040A0007830073EFCC0EA3D1868DF3DABC610BD66
:1040B000EF2C96BDD7E40F3D06713B3ED223363E32
:1040C000358E8A3D4B19C53C8392163D09AD4C3D5A
:1040D0004E17013E0902053EEC9D9A3E6B1268BDEB
:1040E0000E182F3D5038DB3CBDDF03BD806D593DC0
:1040F000828652BDC93BDEBE140409BF095C13BFF2
:10410000771804BF174306BE5E0287BD3C23B83D47
:104110006FD9AE3E98317B3E972ECA3DF09D95BC3F
:1041200007854B3D3054893EEA95673E12C0D43D29
:10413000F88F20BE3B558D3C6C29333D9DF1103EE0
:10414000ADD63CBC50D1CABC6EA7193E81BBA8BD40
:1041500000D6343BE8AC35BC4EA82B3D0A5098BC89
:1041600038287EBD0CC9C2BE706115BF48D0BBBE29
:10417000DD088CBE758961BE76E5D4BD1611053D9E
:10418000714F07BE93993FBD93CD48BDEB0732BE3B
:1041900000D679BE7AC10BB814DC4B3EAC50C93E98
:1041A0004615BE3DE6162A3EAEBE6A3EDB5F683E61
:1041B0009864C43D1AC2A43E641B473E9B168EBD44
:1041C00030B28BBC8019593CC07CA9BC161F8FBD76
:1041D00011116D3A062E4ABEC1E6CFBE0893DABE73
:1041E0004F8C8FBDF489263DC9877CBB7885A73C61
:1041F0004DCB91BE6600C6BDC3DB2A3D825E5ABE72
:10420000FDE704BF04E4CFBEA09216BE7D6DD1BE13
:10421000200627BE5C33A33DF6923E3E8867503EA3
:10422000A3643B3D6CA5123D28967B3C914D4DBD52
:10423000EF6390BDB40AFFBCBE240C3DE003493CD3
:10424000790FDD3D6799763DA686A03D1E0396BD9C
:104250008EA208BE3C749DBDBA0CD43B31FAA1BD00
:1042600005DCEDBE693DADBE1014323DD75BA8BD87
:104270005D9598BE6BAA55BE48BC36BE79479ABEBE
:10428000A4C3FFBE49D9F3BE45A60ABF8AC6BBBEBA
:1042900064E862BD68A8313CC8DE943C8C40163DA1
:1042A000B8E3073DA999833D4019F9BA44E434BD08
:1042B000C7EF843DFD8259BD7BF658BD4870053D72
:1042C000CFF910BE5F4A6ABE847959BECE0307BEDD
:1042D000011A49BEF630C0BE295FC3BE534B85BD2F
:1042E0009A2A1FBD99B4683EA03F7C3D088F243DAB
:1042F0008352703C3302073C6557843CA10B9D3DC3
:10430000D896E53CE8DAB4BCABCC44BD0D222CBD5C
:1043100008D42B3CF0B087BCD604793DAE88E1BC14
:1043200000DE14B9E2322ABDE0F75CBBF2F07E3D5C
:10433000BE83723DC0BCA7BD96D35E3DA067A63BC1
:104340007A93A93D13C4163DF1AC9BBCEFC083BD6D
:104350007854063CFCFD75BDE6EE663DC03F743CFE
:10436000D27E85BD48D232BCB00278BD37C4A7BD6D
:10437000E56696BD9C6CA43C88B3573CCFFC81BDE0
:10438000537B43BDD1AB09BD7966A13D1708A93D5B
:104390003DB59A3C9F803EBDFEAE2F3DAE70233EA4
:1043A00057C2733C865E06BC68664CBC7E4A123DB2
:1043B0008099B43D8B5DE03C80316D3E51DADB3D50
:1043C000B878883D0A398FBD5329363D5BE73CBD3F
:1043D0003E81F33AE71C41BD2EFBF83C25F0F33C4F
:1043E000007701BB76566E3DE87584BD355C943D23
:1043F000EDA923BDAA4B69BDBE6732BDB06747BDFD
:10440000AEDC763CDF89C23C237D403CE1931FBC9F
:104410004EFB503E8BFBFA3D52AE9DBB7E5904BD18
:104420001BAFC03E535A0F3E60441B3E9E6E113F71
:104430009F4AE2BA267651BE015A92BD333520BF5B
:10444000BB4EA5BE76608EBEA68309BEA3FBF9BC9B
:10445000B6B9C13DA33C44BC31D3853DA7BA21BD0B
:104460000098F2B87B0139BD3F93DBBCE430913D4D
:10447000CC6546BEABF845BE7CD395BD167EE5BE89
:10448000C36DE0BE584341BE41B118BE6E38473ED1
:10449000F61F583E01AB8D3DA819CA3D3ABBC0BDC1
:1044A00073A2C13D4C603B3EE47291BB48119FBD7D
:1044B000D9832FBE7D74C1BEAFEE9D3AA76C483E36
:1044C000F9164FBDC17BC5BE10FA96BEE03B1DBCC0
:1044D00017CB3ABD81AA893DAB9BADBD7A982CBE66
:1044E0001193E03DCB0470BEBAB90BBEED803FBE68
:1044F00093B293BED4B109BE032217BE5572D83D04
:104500006E63393EDA0AB03D45B0103E7BAE9E3D4B
:10451000E8A2E63DE7909D3D42D1D13C299E5F3D1A
:104520003E42D33DD7A9C03D58AAAE3DD9F986BE7B
:1045300070A881BE4A060BBEF5318ABE2D7A9ABE9E
:10454000493D1FBDDB88903D0E4290BD360C2E3E8E
:1045500017E6A83DF714C7BD806AF2BCCDCE0DBEEC
:10456000D71EB1BEC9585CBEE9370CBEC4240BBD12
:10457000392D3FBE456FE8BDB31F603DE4DC3B3ED7
:104580005CB9313E9401AF3DF324A33C706F303EE3
:104590000820863DA7A1C03D4BAE823E0E60EC3D9B
:1045A000EED301BE7941903DE58C3FBED44575BE4A
:1045B000C16186BD5F7A13BEEA4CF5BD8F372A3ED6
:1045C000A154763B0D8893BE0E7E06BEA312CABDD3
:1045D00095DE56BEC1E2E3BD6C9F02BEDADE05BECB
:1045E000B0C28A3C0F3CD43C51360D3E3626E83DE5
:1045F00045AF203EC986EF3D0366863DE4449E3DBF
:1046000079E2D0BD43D4103DBCEEE23CFEE28B3CEF
:1046100078DC42BE6CDB833CA2C49D3DEFBE253EF0
:10462000809E0C3D556050BE2C191EBD43F5D2BE78
:104630005D9833BE821954BED6A45CBE0377DCBD40
:1046400032DE2DBEC01A08BEDFF9BFBD727517BEBF
:10465000C60429BE93570E3DDC7348BD2B57EB3D76
:104660001129413E2D98953DEEF6A13B7FE9B13DE4
:10467000E8AE13BC31973ABC2B0AF13D59589EBDA8
:10468000431E8ABE455153BDDFF3B5BBAC518BBD54
:1046900098362ABC0DF384BE12D050BEAC50A8BED2
:1046A000F8C87FBC57934CBE802C0CBE791A41BE13
:1046B00038D8CCBD38FA473D681869BDE81122BE2C
:1046C0003F55B8BD610DFCBDB353543C95BA573E40
:1046D0004715063EC726CE3DD15E403CDEC5153DA2
:1046E0000D7A34BEBAC47CBE4648AF3D4199B03D58
:1046F000969D82BE3AFB7ABEACB592BE0DBA83BE21
:1047000067330FBD6FDE02BEB5F00CBDE309E9BD36
:10471000FC7212BE35BF38BE1EBC72BE513AE3BD3C
:1047200070597FBD708B3C3D4625A0BD0FC890BD24
:104730004C9FD83DBA1E82BD3C4B70BD42269F3E69
:104740007DF7DA3DFB5CBA3D7048033E3AF00BBDA5
:104750004E6D8DBEE7CA0ABEBB57A03DC33B003EAF
:10476000F1174CBD084EF1BD533524BF86F8A2BEEB
:10477000D818C03C8FEFA13DF46692BDEF022DBE6C
:10478000239F173D64F1F2BB6BEA1CBE7C1330BC67
:10479000FBB31EBC2FEE71BD9E7D04BBB8BC723D49
:1047A0009B790A3E8463EEBD3AD2B1BD6399933ED4
:1047B000053A803EE0B0893E26DB3A3E47489ABD46
:1047C0004724A7BEBC5589BCD56252BC8DF419BE26
:1047D0008B9E00BE4A3F72BE3BC9B6BE36052C3E1C
:1047E000F9DBA1BD189922BD9B24D8BDCF9530BD62
:1047F000343C593E1A47B13D20B5AFBDE74E263D8A
:10480000B1A837BEBFCAC83CE62C373E29A9843EB2
:104810009CF2FA3D95EC5DBE6EF6E8BD5BBB833E57
:104820003C08C83E051F803D1004EE3DFC4C99BD80
:10483000204B4EBEE8EBC73C7FB01DBE380C4DBED2
:104840004E9ACCBEFE7CACBE4F204DBE8CE3C23E29
:10485000B29F493D3BD325BDEAD70E39FD00513CFF
:104860001FF6DC3D56557F3DA6ADDFBC3B873C3D8A
:10487000E20AAC3D3FEF173C87946B3C3D545B3EF6
:10488000B437DB3C754E96BEB1DEE0BC65230E3E10
:104890009732B73EE48EA93DEB17533E29BD3FBD8D
:1048A00041B052BEA906013E6ADE96BD8DD24ABE17
:1048B000377DB9BEA5E979BEFBA114BB3D93AF3EE0
:1048C0005368E73D197D793D2040E23D25E8B83D3C
:1048D0003D480DBE38A3203DF5AE41BD0D42FFBCA5
:1048E0006474AABEAA2605BE356CDA3D3A4EC73DB1
:1048F00090D7E6BD7C0D98BD8B3B093D88D1593ED4
:10490000D3F1C13EF7B9393E06813D3E2CBC2BBEEA
:10491000ED33D43D41D272BD1B6922BEEA6BA9BE04
:104920004395C0BEA0E249BE0C23853E7AE5963D84
:10493000103788BC83144E3DFADD28BD3699223DE0
:10494000A00FCF3B15F950BE4941F73DC2CAA9BCE3
:10495000C27A68BED4B820BE133736BEE71768BE29
:1049600052EA10BE425363BEF76A63BD1FD1E13DF8
:10497000C5D2B13E84F85F3E6E40983D09B446BE54
:104980008EB6A8BEF77BFCBE522CE5BE2C0320BE23
:10499000C6C1CA3D7267C73DA68AF43E3AA5903D9E
:1049A00007F0903D376E88BD7804AB3D72F3B3BD20
:1049B0004A4690BDA604B3BE4481AFBD47F6DDBDF7
:1049C0005C5513BEC8F05E3C7AFC7FBE64628B3CD3
:1049D000732827BE3C0C2C3D46D847BD4E8B933DDB
:1049E000C449933ECE0D5EBB9226FABEC2A326BF3B
:1049F000847608BF6C1DB4BEEA2883BE1F8F29BE13
:104A0000BA45583EB368923EC0EFBC3EBCF60CBD02
:104A10003E1C6C3D8F7BC13DB675D2BC6114A8BEF7
:104A200007B0BF3DC22A41BE097436BE3061133E95
:104A3000531E87BD310CC7BB802DD0BD1AEF6F3C14
:104A40003880B73DE994DC3D43F503BD1E89023E45
:104A5000C04CD83D1634C3BE62FB27BF853120BF92
:104A6000EAD95ABEBC9D47BED6B189BD61B98BBDDE
:104A70004409EC3AA0AB5D3E5B01683E06C1053ED1
:104A8000C8F515BCD4C40E3E248D043DF5712BBE73
:104A900021C326BD10A43F3C18A1C43C158974BB9A
:104AA000DA957CBD5E7DB9BD2C5C223ED26CDD3DCD
:104AB0006031F53DF3198E3D05285FBDE40ED4BD90
:104AC00085A447BEE20721BFA457D7BE778D93BE0A
:104AD000636D4BBE63C1CDBDDE7DE13DE92191BC7F
:104AE000FFE1903D97F77B3E7FB9463CBC0D893E88
:104AF0005350A43CA5278A3D3FABA5BD93553D3CF3
:104B00009FBFECBCE68B5A3CABE4AB3DBBE61C3D27
:104B1000CC0ECF3D8D39E53D79B3173E65451A3E44
:104B20005A95E53DD5AF063D91FF61BE2763B1BE05
:104B3000A31696BEF8122CBE825C95BDB3EA003D6A
:104B4000DAF44D3E0593673EC6C5E73E2F12E93EB7
:104B5000F7EA773EA7D0B33E785A4A3E42C68D3E2A
:104B60006FE6CA3C00D7073D9416D7BD5160CCBD57
:104B7000C90CB5BCFE7231BE01DE57BD51F40D3D0E
:104B80003972163E0544AC3E6EED503E32916C3E9D
:104B9000656D753E94423B3E03A27FBE5DC5BBBEC4
:104BA0007FEB97BC8F1438BD12A6773D90E1A13DF5
:104BB0009F05373EBF9F543E1CFD9D3E8E5C9F3E31
:104BC0002BAF073DA3A3163E08EE9E3E5DCE813E71
:104BD00018EE05BDE490B3BBCC45C8BE9ACC1D3ED3
:104BE000BC63673D7E4840BE9E7B8ABDAB9D86BC54
:104BF000A1B6E13DED8B463EC84D593EBDCA833E50
:104C0000059D503EEC03313D484BA4BECE227DBEF7
:104C1000BFA3103EE8B9283EB396BD3EA7CC0C3EDC
:104C20002C89B53D589C5E3D63A2563C515A233EAB
:104C300065C2763E6E708C3E4CD9873E240271BDB3
:104C40007045543DFCBDC8BD951B38BE84550BBB9B
:104C5000883C7C3E6C65D2BCEA0175BC501006BE37
:104C6000A096A93CC997553EF45D603EB7B9A73DF3
:104C7000896296BBD2BAE6BD4D2713BECF2CF9BDD3
:104C80008D42923D5856A33D99F70C3E1D82353E0C
:104C9000D418043E55FC343E05344F3D97A9333EAD
:104CA000EF7A8F3E6E341D3DF5599ABEA885853D3D
:104CB0000C28C7BCBE4CA23C3B31033D8D9FEA3C57
:104CC000EBBB563E2E33793EF9E6B23C30A3FE3BB9
:104CD0002E0D093E7FC3633E56DF033E66B3E8BC3C
:104CE0005E6CB4BDB14429BE2F11DDBDAADA6CBE25
:104CF0001E050DBE8A1404BE22DD373E9DCFDC3D6D
:104D0000F0B6873E79E1663EB70C2E3D415FADBD02
:104D10007918E7BD08FCB4BD2C426CBE40FC933D45
:104D2000A3D712BDFAD94A3D547827BEAD3664BE2A
:104D3000CA71CABED1F916BC2C53F63CDD94203E94
:104D4000541EBBBC17BC773DD15D963DAD2129BD3E
:104D5000785A04BD648D9FBD9B60A2BE6C4E43BE5D
:104D60009E77F3BDA1E90DBE277932BD54C080BD49
:104D7000814B1C3E0A5D8B3D178573BC9BB10BBEFE
:104D8000A5B937BEFEBE6EBE1362173EC02CE13B16
:104D900026B1683DD26B683D49A25DBE022086BE49
:104DA0007BFA69BDA7AE9BBD7431BF3DC9AB20BDC9
:104DB000998099BE0A9F42BE4A7A123E3BF30C3E4E
:104DC0008D93223D83BF51BD5DDC2ABEE4283ABEEF
:104DD00087C8E3BE69FFBABE8062F6BD571C6C3D52
:104DE000FA75943D72C58B3EAEC5723E1E83333E4E
:104DF000338AAF3E48BEDA3D8A5F623E7E3765BD8C
:104E0000C02F3E3C53B1963DC7A4803D4EF21A3EA2
:104E10003FEEA73EE138B63E0FAADD3DC25B853EC0
:104E20007A448E3CCB7AA3BCAEF6C0BDF9EA473ECD
:104E3000D5FDAABD75C730BE7C28FEBDF04BA3BD15
:104E4000387B22BE051ED1BE1E3D93BE1BC7BBBE16
:104E5000B4DEF4BDF3EE073E2F60E33ED418B33E5C
:104E600019E61F3C5924AA3D06EA5F3E3C278C3CCC
:104E7000228E723D820F733DD6A8143D32EF77BC6F
:104E8000E510B63A2B06533E7255A03E426C0E3EDC
:104E90009E8520BD4C440EBD5C0652BEF8AB03BEE1
:104EA0006B53063EC1708BBD496B9BBE3EED85BE0C
:104EB0008EC8FBBE3D8DF0BE9964A6BE83187CBE35
:104EC000EC8F9ABD26F1CF3D617F123E499ED9BD40
:104ED00046C765BDAC261A3D89610BBD523A093DF6
:104EE0008CBB823CC0D819BBE463943CF4378DBDC5
:104EF0008A71DA3DC3B4AA3C3D8A9B3D49CA8F3DC5
:104F0000107344BD08A4ECBD491E403D1205433D4D
:104F100063852D3D0D8AABBD753F71BEC65581BD04
:104F20006FCCD8BD30F019BE75276BBEED6A8C3DD5
:104F30007DADD13AA07EDD3CD4658A3DBB75013D97
:104F4000603F35BC90B1F53CEEE3413DBCE52ABD88
:104F5000D0C1983B0EC22E3D5042E53BB7ADAABD35
:104F60009D1098BD061E2ABD64F11E3DA09EDDBBAE
:104F700055D374BDE3F09B3DD9269E3D8A370BBDCA
:104F8000722D45BD33C392BDA65C733D18D0333C32
:104F9000FAF880BDD0A9BDBB702AB8BB42E25A3D29
:104FA00090C32FBCCE48E9BC88AC21BC0A4BEABCFC
:104FB000404D963AF0FC2D3C0A7B3EBDC0BA6DBB1D
:104FC00000A0063978764B3C1E3C413D7689B7BC43
:104FD0002049FFBC66CE09BB1D6217BEC6818DBDD0
:104FE00063CA06BE2CA54DBD7A7E84BDE2B3CBBD9F
:104FF0003AF6B93D32C7A1BDED78FCBDEA2747BE00
:105000001680F0BDD0FD98BD66795CBD3139E3BD39
:1050100048E368BE3771F2BD9B0884BD07ABD0BDC5
:10502000C9EE9E3DD494AC3CFAE3393DD3549B3D4C
:1050300080024EBD4D1BAC3D9F2185BD25598B3D4A
:10504000724689BC640A29BC3F0726BEB67214BEEC
:105050004AB178BEAD4BB4BE73B63BBED732F3BDDA
:10506000AEB1723D012D9EBEDD1440BC3C965DBECE
:10507000D6AFF1BE05A959BE50E595BEC76A8BBE35
:10508000A60E05BEE779A9BBC052433E43C713BE77
:1050900034CDE2BD8DA2F3BDE0B4E53CC710883D40
:1050A00072D0BCBC092F9D3D4E47823D0BFC453D57
:1050B000974C75BC13AF2D3EBA702FBE0578453E98
:1050C000DA732D3E4AB825BE8E0F4EBADB8376BD0D
:1050D0005077093C8369FABD368B573EB67D823DD9
:1050E000F6F4233EAE8708BC2D4615BE026DACBD5E
:1050F000F51BAB3E12709EBC41E905BE15245D3E1A
:10510000845A403EAAF5C9BDF8F005BE8EFE5F3D4B
:10511000496FAB3D9C81773C5EAD643EB7917D3E6F
:10512000B28B033E0D04213D9F9108BE20EB563DFE
:10513000FF2E19BD447156BE513DACBDE7C3933C33
:10514000DD2EF6BC2D07973D394129BDF96454BDCC
:105150005A3910BECC6FFBBDFB4E9C3BFA728BBD27
:1051600023530E3D030C9D3D352F893DC40D72BD6B
:105170007B6E283E6F2F223D6819303E1DC01B3EBE
:1051800050FBFEBCA23A363D015B143BB727963E6E
:10519000E46A743C04AF023EDF7C453C277EB53DAB
:1051A0007596873D168E483EE86AC33DC731F23D8D
:1051B0006F4F943D6A0205BDCF59BCBCC2974EBD2E
:1051C0004791B7BDF0F53E3CFF32A73CF5A669BD5F
:1051D000F46C90BE2B639CBEFAD987BE8A4CF4BD9A
:1051E000CA67203DD536443E2863093EDDCD033EE7
:1051F0007A110B3D71FA683D1A12E03A305E13BC29
:105200009F75FEBABC8A203C4A3811BC802B5938A5
:10521000D3C3EB3CCF91303DE70E82BDD5B9033D02
:105220009596373DE025163E6731513D68DF6A3D72
:10523000C0A3D63D705DF53D0200C83D9DF60A3C19
:10524000FBDE99BC94030D3ED6EEACBDE42BADBCA9
:105250007EE5A83CD6AB2FBEC429E23B4796603E14
:10526000B685813D9776A13E77A3563EE0E24C3E5F
:105270006C7DC1BD5E9A38BE0980DC3DF7AFCDBC08
:10528000E0A013BE863BBB3D47E787BB960E11BC33
:10529000AC5259BDA9AF083E1C06ADBC57E1283E33
:1052A000329108BD5E1B693E2787843D1250143E33
:1052B0002233A23D17EDD4BD43EE1BBD7CA2A93D18
:1052C000F5A0583E53B957BD33492FBD4A062F3D6F
:1052D0007178E3BBA2CA5B3E74ED9F3E2DEBC03DEF
:1052E000B57FDC3DF75B01BCD16D153CF3E9833D37
:1052F0001E74443EF9DA383DBDD8A23D447C023DDF
:10530000A4D1033EF53D0D3BCD2A783DC6360B3E7C
:10531000A9D70B3E9B78DD3D0475FC3D5078F43DEC
:1053200046CF9F3C6A830D3E2D4E593D5B0553BED3
:105330002DE6A7BBCD05E2BA24080EBAB50E5ABEBB
:105340003B8C08BBCAE5823E3230DFBCB4D4053E9C
:10535000C859243DC6AC803DB7B12C3EE80B8ABD90
:105360002B3E053E3E12223D0800623DE494F53D91
:10537000552A9C3D23FB973DE118FA3D24CE883DFC
:105380004708C73DFE8F253EDFC84E3D5A1BC83D2E
:1053900012D6723EA2AE433EFA67283DC05AF0BD17
:1053A000A5D975BDBF4075BD592D2CBE31AD563E3A
:1053B000AA4B473DDE44A83DB34E8A3E554C12BD34
:1053C00076285ABDA94F403D5A0FBAB9E746873DE6
:1053D000C8BDD7BD6BE2353D5B9D943D7FB0A83D18
:1053E00093764DBBF341D13D5176073DBDFCA7BA45
:1053F0002B621F3E5BDD0E3E6E34953D8AA01B3E48
:105400007F44DF3D886237BC13573F3E109C7DBC14
:1054100067A33ABEB307973D1EB769BEDACE763EA4
:10542000C915D83D941BAB3D42BFC83E5428163E1B
:105430001F38903DF64C3BBD6F4D57BC0269463E50
:105440004DFC1C3EACCD013E45BD2A3E72633B3E49
:10545000E2554A3EFC92BF3D8143F03D56C5C9BC72
:1054600021F4793D4B73553E89D9853D48A0C63C12
:1054700090B8103EAF2FE1BC2AC4C33CF77533BDD2
:10548000F9B050BE2583FDBE8BD80BBE6195853E1D
:10549000E3C4EEBCE2D4093DB847C33E7687DF3DA6
:1054A00082BE023D9890A73CA873C4BD4513B5BD0C
:1054B0006F72BB3C32D325BDCE6FC03D3B6BC7BCCA
:1054C000F57DB2BDD01C83BD1BAFAEBD23CE173E54
:1054D0004400533EF54E163E8986683E0835D03D61
:1054E0003281253DE850693D9E9DC73D821BA83D08
:1054F000320B7EBE9722DABE5A5C08BE93E73D3E71
:10550000941764BEF6DBE73C87B59A3EF547D6BCF8
:105510009788613EDD368E3B1EEA1CBCE1FCEDBC8B
:105520008F8DB13DD05CA8BD44D4363E66A1FF3D11
:105530002F14ECBD7A3B87BD7A903D3CCE348F3D35
:105540009B28DB3D2B59D53D34DC3F3EBDC2BA3DE7
:10555000240E3A3D97B3673ED661F03D2BB6F7BCBB
:10556000266A2CBE086811BE27BCB1BEB353C8BDA5
:10557000675FA0BD822A213E1810523E62F8193D95
:10558000091A8E3D27DBA3BD1B73CEBD3F8E553D53
:10559000671B983D3C390B3DEC0B503CF7AE023E8F
:1055A0003C589A3DE207B63CE4DC883D1BFB503E8C
:1055B000C8A8B13D3374173EFCC2343E0D0BA83E63
:1055C00041AC773EB1C9213EB4F2493E7AB168BDE3
:1055D000C8B8ACBE8561C2BE7B371FBFBDE700BE89
:1055E0005D08C0BD0D7E7D3D102821BD37EA2DBC74
:1055F000A43E053D315A18BD5529E9BB3719C5BD33
:10560000718ABEBD0F1E723CB97EE53D4CCFF83DA0
:1056100020D9BC3DE80B7C3CC5F7953B72AC893E7C
:10562000858A46BC29B3413E6D065E3E5A75273ECB
:105630008238223E68314F3E3E96493E48770ABB4B
:10564000D1D79DBE5773C0BED01419BEB1A02CBE19
:10565000A6BDB63D7EA9E53D934ACC3D931035BE2F
:105660004250C23C448CD5BD589A4BBC71E4E03CDE
:10567000B642513C026FC53D41E1383E082633BD7C
:105680008601893DE3EB84BCCE17DA3C597C1F3E92
:10569000EDD0793D86A50F3E17FF413E52FB1F3EE0
:1056A00000C45B3E8ED35CBAB176B43C0FF792BDBA
:1056B000CBCA28BE9B4424BF091924BEDF3A8CBE46
:1056C0004859623C14004B3D4371383DA5E238BE59
:1056D000D10531BD205786BDDC2E11BEB41F0C3E56
:1056E0002004243DC115903DFADF8ABC2CA2BBBD2D
:1056F0001BB52ABBB0875BBDECC88ABC1BEEC63DA0
:10570000F1A8C73DB683973E3B7A8D3D121D28BD5B
:10571000E8191D3D8197ECBDA6ABFBBC49EF65BB0D
:1057200004BE5CBEA58966BE8947C23D3D0DD1BEA3
:10573000C3887D3EC078CA3D7DA8F03DCA7586BD50
:10574000963D11BDDE67DBBC7130A9BD9C22613D79
:105750001FE295BD84150FBEC2BB77BD7EC72CBDB1
:1057600006BFE3BB22E29C3BC0E28BBB14116A3D47
:10577000CFFD853D5B4F5A3EDCE0A43BCCDEA33C35
:1057800074C5A0BC9465063C1E1CCDBC3C6049BEE3
:10579000F6FEB0BE3FEBACBEF931203EB428C9BE28
:1057A000ADA9A8BCAF7B5F3EA9662B3B07E30F3ECC
:1057B0009552B2BD736DF93DAF4DE1BD48F3CABD21
:1057C0000E6B8DBD317671BD6EE9D2BD684F13BED3
:1057D0007ECE9C3DD7BB023D6046363EC931E3BC20
:1057E000CD35B8BD9BA7823D363D133D5876183E5A
:1057F000E7FABEBDE36F95BDCC3E1ABEBF1784BEAF
:105800005FDBC8BD2B93C2BEDD339BBE2FDD8CBEDC
:10581000F445F03C2FCC803E6DABA5BDE5C697BDF1
:10582000FB7F50BECC301ABC36D540BEB5DF96BD2E
:10583000E7B92FBE157049BCAC1805BE807ABCBD57
:10584000ED56F53CA5410C3E9806573DE22C14BDA3
:10585000EF2E37BD7729A0BD0B327DBDCB7BE2BCDF
:1058600093D1B5BDD6824EBE92A9FFBD1A45B3BD38
:10587000EE9FA7BD7400B9BE64CEB3BE9CEBAEBDB7
:10588000CA1FC1BD76D3393DF00C0DBDD72842BD2E
:10589000737A32BE8E5D153CE4220DBD7D4166BD3E
:1058A0006337763B727401BE0552C6BDF19D4ABD99
:1058B000E528B13D65C4A7BCE7808BBD3901D5BCE7
:1058C00078B781BC31A989BDACAA2ABE5630ACBD1F
:1058D000CA4FC5BEC8E174BE6DD82CBD49CD73BEDC
:1058E0005E8211BE4707E5BE5C56F3BE304B2A3BD5
:1058F0008087CABD0245A03C93AD403DEDCFF9BDC8
:105900007700EDBDFB061DBEF6F0833C47F6843DF7
:10591000CA510B3D95DF083C8DF452BD43C1493D52
:105920005BDCC83D55B0AABDAEF6BEBD48D572BD64
:1059300061F2753D5B0289BCCAC13DBE8B1100BEE0
:10594000D64B59BEEC6D22BEF5B44FBD21C9C0BDCA
:10595000CB60C5BCE763D6BDBC6404BF336D86BDF8
:105960004F8190BDD7757EBD4986A0BDB0C80BBE26
:1059700044E2E93CE0788BBC8688AE3D4BB92C3ED6
:1059800069465B3C393B97BD7104023D9970073E07
:105990000AE637BE9855EFBCBFF470BDF5EBF73C97
:1059A000F164E8BDC64951BDEB444FBD31C13DBEB8
:1059B000FCCF60BEEDA881BE30721DBEE696FDBD77
:1059C000FB27133C4DC944BED8659CBECF9B8ABD06
:1059D000CE77583D9AEE223D15768A3E7689433E33
:1059E000DC398A3ED6AEC93E19779F3EF6A9833E82
:1059F000D6D1313E598E33BCE251A4BCD9D928BD91
:105A00002A0936BD9333823DD8E0893CD513B4BC16
:105A1000690DECBB3BAD26BDA5D65ABE21943CBE5C
:105A2000C186E6BB12D4C6BD61FBC53AEE5200BBCF
:105A300031A833BE6A460CBE6A525BBDCB0C813DB9
:105A40003DAD0BBD67C2A63D4165823CE9503A3E83
:105A500047B6DE3EDAAC1D3F77C7323DC1DDE33DE0
:105A60000636B13D629925BDEB70A73E966CBB3EF4
:105A70004C6F063EF115EDBCEA5D4C3D875B7FBB8C
:105A80008AE5973D621F353C7ED3063E656F063E34
:105A9000CD60953D38AD373DF10747BE74B65FBE6A
:105AA000ECFE42BE6BDFDDBC1711C5BD0A723F3D87
:105AB00045F893BDA6E2ABBD305E433CF9A71CBBE5
:105AC000DF40483EA5BAC73E396AC33E9329813EAE
:105AD0001D7FDA3E1508753E0390753E9DBE2F3E34
:105AE0002435163EE4A39C3E80BFA23ECD44813DBA
:105AF000F504503EC39DC23E18D3533EE158513E7B
:105B0000C02F283ED8564E3EAE08B83EAAC6A83E84
:105B1000F0521F3E4A82CD3DF8E801BC08009BBD13
:105B20007A0195BDB7F98A3D3E83783DAE35C4BC58
:105B3000504FA13D2AB3E73DD709773EC5C6F83D92
:105B40002D41D33DB1E4323E0E8FA13EAA21603EED
:105B50000ABD4B3EABD0653EAC8A0D3FF14ED23E06
:105B6000D3F1813E2873BC3E5507FB3E24C1883EDD
:105B70005980673E7730A53E7C02B63E66780E3E81
:105B800024C3AEBC0ABD3D3DE67900BD48377A3C32
:105B900019DCA93DFE98BFBCC4847ABD828F4C3D00
:105BA00020D11EBCDA5F4FBD2CFEA2BD7C4E9CBC3A
:105BB0009BBBA63D10E3063C8C0FB9BCE0305CBC3F
:105BC0000DE80B3EBB999C3D3977213D85238DBD6A
:105BD00080BD1F3AE0F502BDDA68013D86C9A8BD67
:105BE000B8D6AABCE2071A3D0CD0E03CE58943BD1B
:105BF0004AAD5DBDD50584BDC9D58B3DF880913CCE
:105C0000FC1790BCA001AFBBE6031C3DCA1F34BD0E
:105C100036B0813D173F103E8496353EA07E253E2E
:105C20000DE8E23D7A8F293EE576533EB3A04E3E25
:105C300065B73D3EBA0EB73EDE44383D9DB8373DB0
:105C4000F0A8D73EBAFE6F3EDE7DF63D4537903E6A
:105C500093F0F53EC058BD3D9266913D25DDD33DA4
:105C600099A97FBD453A8EBD5DBA85BDC24C6FBD59
:105C7000F849333C20328C3C06149E3DBF78AC3E44
:105C8000ACF5893E3231043EC8E8593E3FB4683E27
:105C9000A655E23E7BBAA73E481D973E9B18E93EBB
:105CA000C97E193ED0B8A5BDDC97A73D7A30043D2A
:105CB000A13564BDD150BC3D388A893EDBCC97BD4F
:105CC000E4271E3DD3CACD3DEBD1513ED10BA53EBD
:105CD000FF07C73D37C5C4BA80A30ABA966B733DA8
:105CE00018564FBC7F8E863DC965883DE2DAF33E8B
:105CF000DE2B853E801B063E65ABDF3E949C303E2E
:105D000021961E3E72398D3EFBF2693E55E3A33E5D
:105D1000029DB43E8B15883E3266153E7D14A23D31
:105D2000DDCBBDBD666C42BE3E71B8BC80E818BC20
:105D300017C9E4BD13BF893E2997F63DA198183CC9
:105D400002DB0C3E45DD2B3D85BF5C3EB0CE913C79
:105D5000CC529EBC2ECB273C7A0DE4BD88FDE23CA4
:105D60005B53A93D489930BDB0A51B3D32A3083E09
:105D70004BD16D3E7F724F3ECF099B3E0B30193E9B
:105D8000B6F87E3D9AF1D3BDCDAE1F3D8007D6BC9F
:105D9000A2B179BC40CB933D4D8BA3BD1C3D563E7B
:105DA00022BB433D76079FBDD06E17BE378F58BECE
:105DB000AD742DBD1231DA3DC9B8BC3E45FAAE3ED8
:105DC0002E36193DEE853B3DFD9646BD2B1E8ABE07
:105DD000028B2B3D3441CFBE716A39BED74B16BD05
:105DE000B797A4BCEE79553A0F81493D2368FCBCB6
:105DF00048122E3DB789B63D09E49D3DCEE78FBDE3
:105E00008F62F63DCBBC363DFA5EB1BD8997153D3C
:105E10006BF8853DEA4FDBBDBEDF21BE77EC67BE88
:105E20002CFA073DBBE6403ECE6DAE3EBAA6613EC3
:105E300030EDC5BC80B870BDF10F543E93C5CABEED
:105E4000B393913DF3AA7EBEA71FF9BDF184363D01
:105E50004CACC23D61919DBCB398D8BB43AF663E8C
:105E60001E81B03CB1548E3BFF131CBDAE370DBB41
:105E700029E7CEBC2425533D5F5241BE14B456BD24
:105E80008E5727BEFA1665BE2B4786BE8F536FBE50
:105E900066FA08BEC374883E09680EBDB314923E0C
:105EA000B56CB23CFCC521BEB82B693E1571C1BEB4
:105EB000B97FA73D03C8B9BB93CD97BD44FA3ABD9E
:105EC0000719A33D423CFABC411B7A3C6AC4FA3D27
:105ED0001F5DDFBC530A00BEBA73F3BD867BC8BC2E
:105EE000A6C79F3B56F36BBEF5A1B8BDC874AFBE45
:105EF00051638EBE7F9B71BE8FC2A2BE1FFCDDBEF2
:105F0000613A21BE0B808B3E4FDACBBD0515B93E01
:105F1000225D7B3D21E736BE3BCDF73DE46308BE05
:105F2000936123BE18DF063D459F9C3DFF6BA3BCDC
:105F3000CCC14D3DE6DE873C4F6CBCBB671B1C3DB6
:105F400057FE36BD03B588BDA3F43CBE50AF4ABE74
:105F5000626224BD7EF843BE5AAE39BECA9939BDCD
:105F60000C76C6BDE2A028BE30F830BEE39E40BD30
:105F7000E3C51FBE2BACD93DDA22A63DB32B613E53
:105F80004D0B193C4A0826BEA0DE7F3D6D0D793DC4
:105F900014093EBD8022E53DA328013E5E7C5E3EA5
:105FA00000F3103DA787BA3CEB80623C85CE423DB2
:105FB000FBD95E3C05061DBEF6792CBE323222BEF0
:105FC000FEC697BD210A09BD4523233D9F9B183E70
:105FD0005F1CE7BD0C995C3BF4210B3EB062DB3CDF
:105FE0007F03623DCCDFBE3EA363F23DC44414BEDA
:105FF0003D8EEDBCD3C303BE151726BE14DFE23CB5
:106000004FEF5D3EF0636A3E06B78B3EF407763D88
:10601000F8777D3D1AA0B6BDBC86023D0E136EBD5D
:106020007F4D05BEEA3CB6BECB6372BE768484BEAD
:10603000D64964BE26E8E6BD4526173D3582103EAA
:10604000BF25B53D355C803DFC0525BE1A9B0E3E47
:10605000449D093EA8E2333D3299CC3DF0837DBE9C
:10606000A77701BD858BA93C8168C6BEC68A733DF2
:1060700092AA253E4F60833E2B97203EEA289A3C09
:106080004333193EC74A0F3CCF3E0BBE13425ABDA5
:10609000C954263C10CCF3BD35509CBEF8FB9ABECB
:1060A000944D1EBE3BF567BDE1185ABDFABB5D3D80
:1060B000B932FABCFC969DBC2DC0863C61E0983C90
:1060C00024DDD23E967EB43E5B2FF93E2B3D2BBEA7
:1060D0004A98B1BD212CB1BDBA88C4BE99F3833DA5
:1060E0000B1B4E3E1AE0763E0C252F3E4058C13D1C
:1060F000DA408F3DCD94123EA72495BC0BA32B3ED6
:10610000864EE43D466FBEBD37425B3C3260F8BD13
:10611000CF7EDABD9E85BEBA05231FBE8E9B02BC14
:1061200075FDA3BD88FEEDBDD0A5123DAAA2BD3D63
:1061300044526C3E7545783E6460E7BD42F793BEBD
:1061400086B02D3DAEB410BDB9484DBC852C923DF6
:10615000ABDC00BEE072513EDF7E023E1393133E85
:10616000DCE2B63D1E5EDC3DDDA6F53D84A6233EA9
:10617000D091A33C6995613D5EC09B3DE9DFDF3C6A
:106180000252283DF58A0EBE92925EBC7E29173ED1
:106190000286CEBDDD44EABD1A2347BBCE900C3D3E
:1061A000CF17813DD1708CBE5675A93D51C64B3E6F
:1061B00049A9C8BC5230E1BD99ACDF3CC7C476BD2B
:1061C000AA146ABEA4C52C3DC3F00A3EBB2692BBEE
:1061D0007407D3BD0B2823BD1948C5BBF272CFBCD1
:1061E0006CBB293C14E6983DF707D33D18E1CF3D41
:1061F0001339643E6956A63B8CCFDFBC69D24FBED3
:10620000279A88BE36B770BCE3EF2C3E5B36743DF0
:10621000ECA21FBE8717EC3D79D1E03E37E9913DF6
:10622000780AB43A8A651ABD43E4A73C2E9349BE66
:106230005832C3BD5A173FBE016CDEBC272FB93D93
:10624000FAFE0EBD67BA753DD9FDF5BD4E16293C67
:106250009EC6F5BCB502903E5680993E23591D3E20
:10626000CBE83B3EB9EB57BD85C5B63C3B3B94BD47
:10627000094C4ABC1F915B3D91E9A63CE2B4163D36
:10628000D933123D32A3943E624B25BD47791C3E63
:1062900018C96DBC05A876BDC86F54BD48C722BDDE
:1062A0009225D0BDF083BB3CD20F75BD4B8DD5BCC4
:1062B000D098CFBD6D3E12BD0A6CC6BD6EE55EBC0A
:1062C00004D10D3E1589613E3BED963E755F203E43
:1062D0007B78843E6429293DCE13AA3D92945B3D90
:1062E0009AD32BBE6411AABCC4189E3C0F6E5E3EAE
:1062F000A75C0B3E8357D53E344A1A3EC58F703E8D
:10630000043F9DBDD57DC0BD9529143EB4E2913EAC
:1063100050ABBF3DBA904FBCA8A6D3BD2B6762BEA1
:106320004898B73DC61636BE17B608BDE42E4CBC1D
:10633000A4C0CB3CA8C2043D82CDDD3DCFB7B9BCE3
:10634000EED800BD8ADC9D3D0BA9D0BC00942F3D4A
:1063500063DDA93CF45B8BBC5A68CB3C87511DBC08
:1063600034A613BDDDEE033EAFF208BE0945C03EC4
:1063700004AE773D17C8A4BDBA20DE3DFC57DD3D15
:10638000281F3F3E823B34BCC3CC25BD67FE0ABEFE
:10639000090989BDC59332BEAA38063E88476B3DC0
:1063A000C8B4773E3995263E1C71BF3DE5DB813C84
:1063B0007642373CF3B9F63C15CD723B63A1D2BDB2
:1063C000F3F70ABCABB9F5BC14D680BCD8A9533DD1
:1063D00007A2B73D13961C3EF2346FBE34D2973DF0
:1063E000FACB1BBC3C6E0DBE50AE243E2BA445BE6A
:1063F0004BF5AF3DFCC031BD35AB13BD067E14BCC3
:106400006EAF753DA02653BC28FDA53DD2B1433EDD
:106410000C1D403E26196F3D288FEC3D29A7E5BC99
:106420000DB0BA3DAE6FBF3C065BE1BD4EE5BBBDF6
:10643000A3110D3D79C6363CC562C53CB0C0E43DF4
:10644000A23B6BBD385F3D3E0D69203EE9AE8EBD7F
:10645000303BA3BCC6FB32BD35A5393E514839BEE1
:1064600003D1013D38D50A3DAE6F1BBD0C202ABDBE
:10647000614EAD3DDF9A403E84EE363E5A93983EE3
:106480000E54373EFA763A3E652321BCDE00123EBA
:106490007A6AA8BDF6772CBEC4DB983DE858313C3B
:1064A000A32319BE6F4B873D826C3E3ED452BC3D48
:1064B0007871973D60A2C23EE4BC093D9996A43D27
:1064C000E2349CBDDD09BF3DB496A23DD642763C88
:1064D00049543ABD10B98BBE5FA9C0BD0005033E4B
:1064E000BCE3013E3412933D648C5B3E1BEE3C3EAC
:1064F000A647813E715E8C3E4526F5BA9063F0BD9D
:106500001CB184BDFF2A503CE6794D3D1C6C98BD02
:10651000825C693C25C0A43DB04C0D3E73F0C73D84
:106520004158163EFCCD8A3E404EBD3E9DDF2F3D7C
:10653000013CF6BC0E0D64BB47731D3EC6CA393E16
:106540002243823EF9509FBDDAF660BE0566B73B36
:106550005300D3BC5EC13B3DC1CB033EDE56993DEB
:106560004B82FD3D6B76413D969450BE67CA62BE3C
:1065700029F2E2BD6AF1B63BA84214BD4430DCBC4E
:10658000E2B11C3EA7678B3D6EC1DE3C5FA3BD3D03
:1065900011303BBEF383CABD473FDA3D1FF9FB3CD8
:1065A000C5ED54BD502AA13BD951583DEBF79F3E54
:1065B000D29CCD3E6D1C413ED40570BE4AFE02BF4A
:1065C000A68545BE56CB62BE9D4492BEE82099BECC
:1065D000564EA9BEA3EB27BEB5ED41BED61D0EBEDD
:1065E0004966C63D110792BD93FAC53D9115533ECC
:1065F000E026CE3E39199B3EC04BC63E239C183E3A
:106600008758B1BD1DE6ED3D45CD87BDFCD8023DA7
:10661000CAEF44BD6050083D35724E3D7E7A233E40
:10662000F36A073D379AA3BD9F1EE9BE6C3128BFB0
:106630008AAE0CBF2327E6BEE28E8ABEAB5264BE92
:106640007C05BDBDD0195ABE215136BCA6F49D3E75
:106650000B008C3EE52CC63D1CFD963E452AF53DC3
:106660004B14C03D41573C3E0C3A0A3EAF6097BDCB
:106670004FD6283EF07FF5BD09B6BB3D50B80EBCE5
:10668000FC01C93C3C07AF3C09AC2A3E925AB9BD5B
:106690004FA171BD96CA88BEB354CBBEC624CDBE31
:1066A000F055FBBEF4343BBFE77931BEA36480BE36
:1066B00057E1923D8C313B3EA657C23E84D0DE3E30
:1066C000FFD7913ED869973E78B85C3E072E833E4F
:1066D000E6C2903D20C26E3C0652E43DE901A83D71
:1066E0000FCA683E213F013DBEDD2B3E80DE943A5D
:1066F00002C2F4BC18F5D13CA07F6E3BC47917BD33
:10670000B33442BC459009BE74B492BDECA536BE0C
:10671000D2B088BE3131A8BE70208ABE1A26663C2F
:106720006D1B98BC11C3E73DFC5B4B3CA4B2513DD3
:106730005DD32E3EA28E603EFE53513E16B48D3E7A
:10674000DBBB053E53BD08BDBE5720BED16106BEB2
:10675000520752BE7254513DD8EA6FBC1C1C51BD49
:10676000A85213BD9CEE82BDCED6453D252EA4BDBC
:10677000912EAABDDA7917BD300187BD853B88BC53
:10678000E80CD3BDD986F8BDC70DC3BE0F1223BE1A
:10679000FB62363DCED989BDE045D5BE57F7E2BE96
:1067A000234752BE9D24B5BEEA0DB2BEC5CBCFBEB7
:1067B000374C2DBE366A2DBE18F337BD070D4EBEC1
:1067C000C8CB7DBDF0AF803BA85993BD50F2883B4C
:1067D00004C4023D92346E3D4DB49EBD5A70683D76
:1067E000D61900BD870E27BDFE10683DCBAF853D95
:1067F000F0D26BBDB6E4423D38E188BCE0D939BB8C
:1068000024C7C53D4194B13D60A836BC7129BFBCC9
:10681000F09CF93C000A7FBB200B4BBCCAEEC6BC07
:106820004E36623D16AB5EBD884F33BC4AF292BD18
:10683000BE2C5B3D3B19913D463A98BD22462E3D0C
:10684000A8A346BDC3DE9DBD970D993D389E633C10
:10685000206AC03CC521FDBC08B94A3CE1F4C53CF6
:10686000029CD43D45CADEBC355CC03B70D3823D42
:10687000A637E63DB5C1533EEC01103E0ADD473E6A
:10688000F6227F3EA9D9513E3480E3BA14B83F3D89
:106890006CE339BE1ED7FBBD668C00BD0666813D2C
:1068A00068E086BC991CA93DA30D96BD83B6893DC1
:1068B00044E898BD2A91223DB69158BD7D51C63E0F
:1068C0001219C73ED860873D3AB9EBBCB9EA193E08
:1068D00004CFC53DF2667BBC6CA2D93DF37131BDDE
:1068E000D52DEBBD9426353D52485EBD1EF04BBD07
:1068F000A50C49BDE328A3BEA3887EBE93A89A3DFC
:106900007685993CEC7006BE4F6237BE9EB7EB3D74
:106910002BE219BD5F53B23DD0CE96BCAB424CBD0D
:10692000A05EAF3B4A567DBD1B0BFF3C0702CD3E30
:10693000BBF0A13E12D7063EFE987B3E12FF2A3ED8
:1069400027B8073DFD2B333E266AF3BD630D7FBE9E
:10695000512A8BBEE5F833BB4CBBBBBD3DCCA8BEBA
:106960000EBE3EBECCDF0DBED806F8BDCF8EA4BE97
:10697000686EC9BDC96A97BCF47A3BBD2C0FB43DA3
:10698000C6A5683D1FCE2BBEC94C78BE0AC581BDC9
:10699000C2E1093D4A1280BD5220D9BCFD202BBE68
:1069A0008AB30BBEA500C0BEF60F89BE9DA5DEBD95
:1069B000CBEFDEBD4D2AC9BD16C881BE9396D3BCB0
:1069C0009E5DFE3D2DDA2D3CD5358BBC6222FD3D12
:1069D000FAD67A3E4FB5B63D0BE907BD93F1A7BD98
:1069E0000B8ABABD22CEA2BE92C725BEE2F93CBE3A
:1069F000F0C9BDBE73B8B7BEE204F03D63DEA3BD0F
:106A00001E65CABC309D293C5E2103BD7EE48FBE5D
:106A1000DB50AFBE665E70BEC453D6BEF4956ABE90
:106A20005F6B94BE59B43CBE793A01BEA5B272BD4B
:106A3000F779543D9B49A5BDA77DABBD777C943BC1
:106A400024C15D3DDEFB8B3D3C1D4E3BD7C9443D23
:106A5000CA110D3DA712A0BC12B033BDBE7D85BECC
:106A600092DD9EBEE5834BBEA1C450BE4F2DA7BE96
:106A7000388B903C1BC0CCBDA2943DBD888A23BE00
:106A8000BDC66ABE45AC0EBFED2215BFA308D3BE7E
:106A900041EBA4BE5DE78ABEB2AA3A3DD4436BBDCA
:106AA00086338DBE082395BE8DB19EBE296658BB28
:106AB000382C3C3E0A1F283E2FF0843ED522173E3C
:106AC0007F14CD3D31044C3CFF85AF3DA2E375BE44
:106AD000F896D8BEC29E0DBCB3D372BBB65E1B3E49
:106AE0005CC2F7BC9E0AA5BE759FC6BCDB65F7BE3F
:106AF0009CACBFBE711CEBBEE825DABE1D8E9DBEF0
:106B00001672B5BE99D9F1BD9491133CBA2CC1BE91
:106B1000841373BEFE6A8FBD709121BE9A08DFBCDC
:106B20003C8E9DBD4C6D0E3E4AFC223E40C27E3ED8
:106B300097D3813E00637C3E8DE5513D6F172F3E1C
:106B4000F2D1EEBD0254AB3D49942CBE8363BE3DF1
:106B5000B0B7723C668F6EBE2657D3BB35D095BE9C
:106B6000238118BFF490E1BE10D17CBE2FD0ADBE02
:106B7000EEC7DDBDA2D49FBD114898BD7A7A80BE14
:106B80009D12E5BD8A71103DFBDCE5BC5CD207BD02
:106B900039FAC73D79A30E3D70EBAD3DEF73CB3DA8
:106BA000A294A33D5A8FE53D8F34403D7C62403E28
:106BB000356084BD95FDE8BD8E50C0BDABEC27BEF1
:106BC000C6E7573DC62A88BE662E963C92886EBEA2
:106BD000BA0612BF45E107BFD18E9CBC8B2A2ABEE4
:106BE00031E4A2BD245907BECBA0D23C375D7BBEA9
:106BF000DC5288BD5171333DE66BD2BC60FF293E4B
:106C0000E154633E32EF52BE3BA6ABBDDD93163B73
:106C1000D734193D6461E73D4DDCD53C2F08F63C87
:106C2000AD0F6B3E880F783DC87F6A3CC0D483BEF1
:106C3000A8A8343C2C12D5BDCAF10D3DE70E68BDA5
:106C4000775637BEE8C38EBE1C9BA1BD0196E83CBB
:106C50007FAFB83D3741D8BDA987C2BD4F78C83D89
:106C60004877C9BDA377ECBDEFFD563EA693203E05
:106C7000A012B43CC0342BBEB7DB7ABB7F34F2BC6D
:106C8000D33FD03C8C36643DFE61023EC3C3DA3D47
:106C9000F3C2AA3DA895ADBEC46A4CBE6FB682BE13
:106CA000347690BC9EA0883C2A73073D78749D3D45
:106CB00077C08CBE54394BBE03668DBDEE044C3E8E
:106CC0006CFD00BD935818BE2FCF1A3DF3C82B3D65
:106CD000E5DD8BBDE9FF0FBEDB560B3E44292D3EA3
:106CE000F43B84BD6D5E84BEA502FABC4B93293D86
:106CF0009DBFA33E5FE22C3EB75F083E6170043E3D
:106D0000A15C8E3EDFD8E4BC2352013EB2C365BD18
:106D1000C3572CBD0BAD62BDBB53C43D6E2E46BEEA
:106D200098460EBD37EB913DD47D723E47088F3DAE
:106D3000291A27BEF3FFE43D86A078BC9BF4F8BD7A
:106D40009777F0BD3C8504BE0A0F843D32AFB4BBDB
:106D50006BFB35BE6F0D81BCCEF5C23DAA3C773EC4
:106D60008B12BA3D7CE3E63E5E079E3EF5BA613E7D
:106D70007EB2053EF4F0A0BE6CD3C53CED436BBEC5
:106D8000EA64FC3DB7C8DDBD94BE94BD42735CBEF1
:106D90003B32163EE379233D6EBE0E3ECC1068BDFD
:106DA000AB10173EA191113E96D5F1BC7C32A13CAF
:106DB000F7D99CBDEC98913C48A5463EFB0F2D3E73
:106DC00063DFAB3BDE8D0C3D89C04E3E1848B63DBF
:106DD00058457E3C59EA173EA05C4F3EC7E7CF3D81
:106DE0008C3D08BE079C1ABE5A12C83DF4A58E3EC3
:106DF000C4C73F3D71F685BD656B8CBD4427B5BEEC
:106E00007055BE3DFFAAAE3DF154993DDE96AE3DB4
:106E1000ABEF003D7449A03D6F4F883E961FB03DDB
:106E20000D36B53D5AD7353E4890AC3D84EBFE3D1E
:106E3000682D8BBD7221793DF9448B3EE547123EAA
:106E400009714E3E099C003EA28F1B3E5AD1E83C80
:106E5000E365D83D34A9333B3B75053FB793193EF5
:106E6000C40DC1BD2020C8BC952737BE4067F5BD05
:106E7000A4D5133D4FB69E3DF24505BDF72218BE81
:106E80006934093EE832183E8F9F233E84E2ECBC11
:106E9000FCBBD13D2D004A3E9074EE3D7783D6BDBC
:106EA000B23BE2BC4FEFAFBDCE978839776DF63D70
:106EB00079110C3E655D28BAE4911F3E03C603BEFE
:106EC000E64F173D90A975BC947A1DBED7441F3E6E
:106ED0000AC0CBBDB8A5733D22E871BEFAE954BE25
:106EE000AB30343C611EBC3D5E64003E44C9203D75
:106EF0004A02053E338D933E377E073ED0A9C43DFE
:106F00001801083C5879B13DB15A09BE6E8344BEA0
:106F1000B803E03C7E9D9C3D1E2C24BDF95B11BE58
:106F2000FD17CCBD28136C3D14EEB63D135E1EBE9E
:106F3000E17D69BE9D876E3D39333A3E80F5933ED3
:106F400072404E3D703E1BBDAA4174BE781DC4BD4B
:106F5000F13D023D2ACFC9BCD2050C3EC570193E99
:106F6000237C3C3E1F4BA93E394FBC3E795C4C3ED6
:106F70005F478A3D727484BD2394DABC179EAEBD10
:106F800007BB6F3C56527DBD4B8701BD118685BD49
:106F900041FDEABD92BD293E27C5133E40E7D8BD5D
:106FA000B5D00BBEC720FB3D4DE8233ED0B7993E80
:106FB0005806D03DB7E38F3D30A876BE9B1E0EBE6F
:106FC000D32BAC3CB36969BD6C3D823D37B0443EC8
:106FD0004759833EBDAEDE3E782E643E68BEC3BCDC
:106FE000882151BE482325BE5D059ABCD56E47BD9C
:106FF00032C3C3BD973033BD12A58EBDE1F2C3BD10
:10700000ECD0C3BD043B0C3E8DA5A63D7746CD3DDF
:1070100000C4A53D9B69773E46EA633EDC550B3EC6
:10702000B040BBB9DDCA073EB04BA3BC2A587ABEFC
:1070300094F2EE3DBFA075BC8C4C0C3E4E58D4BCB7
:107040006A4E5A3E6D8BA93E0F8CBF3D90E297BEB3
:1070500098AE42BE18977DBDB1D25ABC8AEF0EBE23
:1070600040C620BE6B3A69BE859B3EBEA8EF623D1E
:107070002765D9BD15807F3EC691D73E095E8F3EFC
:10708000216ABA3D6CE95A3DC76C443E91D4B03D8B
:1070900036EE4A3D6B8B413E9FAB0EBD97D296BDFF
:1070A0008A038E3D198582BD86A4C3BC9277173EA4
:1070B000BDCF523EA4F1303E9D421DBDF31FAABE7E
:1070C0007A6D9EBED57A74BEDC3340BE077D32BE7B
:1070D00030567EBEA68090BE34B527BEFC01C2BD30
:1070E000F4D127BE74EF443EF54E5D3EBF6F933E34
:1070F0007D8FEB3E7B066C3ECD5C253EF885933D57
:10710000516DD53DE2C43C3B939A893C97DE1B3ED2
:10711000B695643C9D7939BDCE20873DA181EB3D7C
:10712000546C913D1D41903D01C7193E3ACDEEBDD5
:10713000BA3DB2BEAB3F2FBE36E65CBEE65D83BE57
:1071400083C412BE98DE52BE3CF1C6BD0E52A1BA37
:10715000B788F7BDF2F4893DC899823D2F7360BDB1
:10716000F20EBC3EB94BC3BD1127D43E83A160BD16
:107170000B7A993DCD0FC63CF9AC1CBEA8109A3DC8
:107180007C183ABE7FC2A63D54F0513EE6F0813DE8
:10719000762B073B7B94803E20C20B3E534909BEB1
:1071A000C6AF2DBEBBF2CB3C42C72DBEEFDB85BECA
:1071B000BD60DABDFD3522BE1205EB3CE657B6BD1B
:1071C0000036EDBDBCE2FFBDD5B81BBE1C648EBE53
:1071D000E0F8E9BC1267A2BD74141F3E3ECC88BD26
:1071E000FA05723DD6A3A8BD52AB39BEE784993DDE
:1071F0004F7F89BED15A8EBDFA4945BDE864CA3C6D
:1072000058F73A3EF74E313E5B52503E7BC6693DE1
:107210007CA8263D01AEFB3BB2D498BDC1E6AFBD14
:10722000059330BD5A1C03BDF5770FBE7CE25FBEEF
:1072300011F1A5BE8E5FBFBEBF0125BE1CB653BEF9
:10724000191CD53C0C6332BEB45CF9BD9E40CBBC6E
:107250002DCFA3BD10F6833B179321BE7D09ADBD95
:107260003F6FE6BD34D28FBE28D39F3CCBC3443C96
:10727000988E153C42B1513C50D1AE3DD841923D23
:10728000D570103EA22A0B3E7EB683BD85668EBDAC
:10729000677D71BEFE1B2FBE5A0F6EBE88807CBEFE
:1072A000D14C66BE6FFA8BBEE40A98BC3D575CBDFC
:1072B0000A4AF9BCF54BD8BD1548133DA8683D3CBA
:1072C0005C8C77BDE432C23C8905423E712C95BE90
:1072D00051B594BE8905AFBEA1CFE9BD2538A6BD85
:1072E00022D1033E59EEA53E3B60233EC262253EBD
:1072F0009DF1803ECDB1C53EDBB0E93C9D0CFEBDAD
:107300000964853D80E5C2BC483301BE202FFFBC27
:10731000F5C7273E7AE204BE77D4C2BEA51AC0BE26
:107320001C352DBE8EB61A3EC72E3E3D323F8BBD5C
:10733000479DA5BD28FDA43CEC234CBD62974D3E66
:1073400012CCB83D4BC94FBEE4BAA2BE1701A6BCD1
:107350002E607FBDF08039BDD6DB9EBE8F3383BEED
:1073600077ED293E182B613E16EC5B3E3F9BB13D0D
:107370004600893E46ED213ED582C2BDD09BA4BDCC
:107380003D26AA3EDDE7283E1E8E9E3D0749963EDD
:10739000222F393E1C10B3BB98AD9F3C26DD523DD9
:1073A000C015243BB6FB473D08F84FBCB41B93BC4B
:1073B000A78C95BDEE57ABBDD4D3023D15A0FB3DC8
:1073C00034E0103E4C21873EE35B6E3EBF58863E64
:1073D000C477173E8CACF63DE43BB7BC188CC8BDF7
:1073E000994838BCF7B70F3E344DB93D8EB79EBDB6
:1073F0008D0946BD4735D4BD6E0936BEC9CF0FBE17
:107400001EA738BDA00F9EBD87EE913DDBBB76BDAC
:1074100037BD893D7A2C83BD65D4A23D98B2EBBCC3
:107420001CE092BDEE59A1BD87BA813DA1DE9D3D14
:107430008481973C305A1EBC9A403F3D5F849ABD80
:10744000CF6F903D88CE533D6356D6BA1DFA993D15
:1074500092D0403D2C1A86BDB020183C985E0F3C5F
:107460002F091DBD58481CBC22D6613D1AB22F3DC4
:107470001049D1BB50DDF13BC2441A3D9D7387BD1D
:107480004171833DA8DBA03CEE4796BDE443263D19
:10749000B00306BD5353143DABE6313E458DDA3D96
:1074A000C92A4F3ED6AD2A3C9BCF6D3D6142893DF6
:1074B0004B84653D191C8B3EFCEE0A3DDA4CA33D26
:1074C0001C50C23EE97A8C3EAB1D5C3D34B9203E77
:1074D000E79E4F3E49D8863DB625CC3D2DDAD53DB9
:1074E000CA04383D178D8CBD0E485A3D4283343D49
:1074F00068C4BBBC8A18753DFFCE0BBD3EC2A83E1A
:107500009301B73E39B4B43D98E0C73D613C483E75
:107510004076983EECD5D53E20A0D73E2D63283F3F
:107520005321F63D201B0DBDB194833EFB43103E1D
:10753000442FFFBCF19799BCD345383E9A40FEBD1D
:107540008EB83F3E55C97B3E6FEC9C3D85DB273EA8
:10755000F830DD3D61C2B33D9311A13DD4D5B0BC3F
:107560003B57853D529622BD7905F83DB6D4983EED
:10757000C291BD3EC5D02A3DF439A83E87565F3C36
:107580005FA03C3E97838D3ED1A6353EBEAC713E9A
:107590002AEB073E4327263EBBF494BB6A32A7BDC5
:1075A0003E7F1BBAF42E543C70ECDE3DD1AF8D3CD7
:1075B000FF7D313A563CC43DCB11123EB824513EBA
:1075C0009CC7043EF59791BE6571CEBDE8DA7C3C60
:1075D000B6BE28BD60886B3DDF07B13D51AEE9BD49
:1075E00053576F3D317EF03D69FC223E296EFE3DD2
:1075F00053D88D3EF7B03A3E281D183EC265B63DC1
:10760000B642603D52439B3DA1E907BD42139DBD7B
:107610006F35193D57259A3DE68CCC3D771D27BC2B
:1076200025F4C53D46074FBEF1916DBEF7C416BEA9
:10763000F79215BE5A4840BD706D683EC849943EE9
:107640005CB2CD3C1C1ACDBCF8FA213EC32B8ABEDD
:107650005F79043E080353BE80DFB3BD97DE053E6D
:1076600013A12DBCBF15933BCD4ED43CE4EE3E3E62
:10767000CE22013E7675C4BAAD2F00BED30BE7BC57
:107680003407EDBD172793BC1314253C597A1A3ED5
:10769000B5B03F3D355E923D2D2414BEE1B44ABEE7
:1076A0001CB0913DFF76F03DD7A6FF3D3D6E753E87
:1076B000D214183D55C14DBD15490BBE8992FC3DF4
:1076C0001E86553D6015AEBEBD2E1DBD82FB293DFB
:1076D000D38E88BD2AD634BCA3F908BCF01B4A3D22
:1076E000CA8517BD60408EBC7B626F3D0C99A93D79
:1076F000DCCFEB3D5AAC713B84AB133D3452503C74
:107700003FED2CBD8D012CBE5B1FC3BD264F09BEB6
:107710006D2E8FBE3F56183DB9DDAABDBE7F813E9E
:10772000AEC9ADBC64167CBE9E02FFBDB376273DDC
:107730002D291F3E89FB8DBDFC9EA0BC8CA1CDBD1B
:1077400083DDE63C0F90C0BDDB2621BD882B783C55
:107750008D89963D0823BB3C4D96763DF3B2FA3DAC
:10776000F998A53CD9E003BE14E50FBD04A642BDBF
:10777000AFBEB5BD6219AE3D2164CA3DB23BB1BDDD
:10778000D0BCDCBD2090AB3DD63CCBBDD5E0263E89
:1077900020F9923D67D232BE0EB413BE80042BBDD9
:1077A000335D853CF98F1FBE350F883D7D8BEABD6B
:1077B000D4128A3CC48988BC2F0E403D10B75A3C75
:1077C000FE73F7BC8CE6D13DBE82013DCC677F3CA9
:1077D0009ABF8F3D77F0ABBB81ACFFBDB804EC3DE9
:1077E000A2653F3D908B963D60E0F13D94EA3A3DC5
:1077F000E2D43EBEF91459BD666ACF3DE9B2F7BD89
:1078000079A18BBD57E2F2BD4D183CBD5E9E273D70
:107810005E0200BE7DFEA7BD5EF6E1BDEABAECBC2D
:10782000FFE8F9BDCD61C7BD8F92033E438E79BBA2
:107830006FE4C0BCEB83373D002943BD05112B3EEF
:10784000304D9C3DE139C5BCD4DC21BE44428D3D68
:10785000A440E6BD1A89473D9DFD833D7D2ED53D63
:107860008B3FCEBDAEC5B3BCCB0F11BD3E4F72BE7C
:10787000E5C0C0BC76A2BDBD956EA2BE38B8503D75
:107880008BB6FD3C697E863D82D7003E1CC851BD4B
:10789000EE1A14BD64C4C2BD5C52113DF07027BD28
:1078A000D34A6A3DF5D5A6BB3CF57B3D11C1D93D18
:1078B000844C5EBB732EEBBDE06ACCBC4FF0EABCDF
:1078C000056ADBBD42DE9DBD7AE7F9BAEDC4543EE0
:1078D0000D3595BB7A5E7CBEF3A606BE83829CBE48
:1078E000358A463B579491BDE5E9B8BD093082BC65
:1078F00038D4BE3BAF9C463BF3F694BDBDAEAA3D2B
:107900001CA580BC439811BE3786DF3BBCC4B23B8C
:107910008EC3243D00845FBCA4CA553E95EBB83DA0
:10792000A5CDFD3DB0AB76BD2FD4FCBC0D1EC33D37
:1079300093869F3D22E5C03DBA4DA0BCB578F43D8D
:10794000408E473EE750AC3E1523093ED9558EBECA
:10795000D9203ABD2CD012BEB337B5BC59DAAC3DF4
:1079600010361F3E03CC3CBC2B8BCF3C138561BC37
:107970000AB054BD3D253ABD54ED063D7277E7BDD2
:10798000ACA1F5BDC66998BD89BE2E3E5C9E9A3DF0
:1079900059C0C3BCA8B3EE3D835205BE6E8418BD6A
:1079A000403AAC3DB5D3393E5FA3F03C0A73283E64
:1079B0009B03853EF50E613D7B63FABDE78032BED9
:1079C000D927AD3D36F8FBBBF6CE5EBE88E2D53C8E
:1079D0001DBA5CBD294381BCB79C0CBD93C5053D58
:1079E0004893BABDC3C5643D9B8E813D22ED5DBD0C
:1079F000B18F2ABDD756E83DD3E1343D333BBF3D7F
:107A00001A5B3CBC3EB5E43CAF3B913D3968C83D98
:107A10008FC5793D566EA43D0B34533E0980073D1A
:107A2000A9FCCB3DBF34063C3801F13DF0CF853E8B
:107A3000F1BA25BD6D8E30BEC83EA0BE43770A3D6B
:107A4000C06689BDA467D2BD68CF5B3E241A163ECE
:107A50009268BEBDDA6C7CBDAC4D263ED928B63DE1
:107A600017F4153D69D2F93DA25F0C3E96BB3C3D33
:107A70002885C03C069E3B3D4D19033EB85C59BD70
:107A80005DA39D3C983E7A3D08E4053D14B59DBD3F
:107A9000EA5020BDD666923E318E0D3FDC61483EF5
:107AA000B01582BDFD0997BCC40473BEA10B0F3E87
:107AB000A4D19BBD6F7B13BCFE4E4D3EA5482BBC95
:107AC000F721343E35FB9F3D6876113ED66C2A3E49
:107AD0000D08583E71FE623EA8E5183E3C47CF3D7A
:107AE000EA8E893DAFF5393B5C86273D613E503ECD
:107AF000FFA4053CC1BFDDBD518588BD36713ABDCF
:107B0000B2C5A4BC6BC4A43EE22A943D703C6D3E59
:107B1000E3E9F23C32F683BDCBE73EBEDAFB813DC2
:107B20008AF1D03DAA35843D923D833ECBF61C3D83
:107B30001A1EAA3D821A1A3EB4E07E3EF55BBB3E99
:107B4000A975253E64D9883D8257F53D400ABDBDE3
:107B5000C7288F3CD67D9F3D90ACF13D454D86BDFD
:107B6000804A0CBEBC35B9BD0EFC8E3D18ED1B3EE7
:107B700045738A3DB240EA3E6FFF7F3E39A2A43E84
:107B8000FCD7F23CCB4EC9BD101DD1BD603E953D2A
:107B90005D5D903DAF907C3DE4BC013E5D48513D54
:107BA0007399593E8560D53DA40DA43E1468693E85
:107BB0003BDF033EE8E4343EE6D6913D3D6E49BDF1
:107BC000C1DE16BD318F273DA981B1BDEA05C1BB1C
:107BD0004323993DD43A2B3D7520F03C0DB489BD2B
:107BE000EE907EBDAA34283E1B017F3DE0B2043FEB
:107BF0001F9D5E3E8800DA3C367996BDD9C8AC3C04
:107C00002B07E53B24CEA0BD4FA8883E9C155D3DCB
:107C1000ED959D3D228B123E0A7C913EEB83B73D54
:107C200098814B3E298FDE3D1C98CB3D55ECA23D03
:107C3000F018E73CE2C7EB3C2B645C3D49A9213ED0
:107C40007183C13CFC75533D795AA23CF6CB133E7F
:107C50008165433EF44B223E1F01F2BD9ABE883E31
:107C6000A0CB743DB4AB68BE40CA0EBE2AE182BE52
:107C700036679E3DC99DF53C763C43BC2E30443D65
:107C80000B9F733DF0341F3DDA18553E45FB1A3EFD
:107C9000E3FD803D1C6F3A3E85101C3D50B581BC14
:107CA00023DFEF3D1B1C123D68AE183DC0C7FB3DF6
:107CB000926E323D2A9D0D3E6203143EB0C9593E7C
:107CC000492BA5BCFD22953D5F43B63E5239CA3DC6
:107CD000B0FBDE3C5B5306BE462C153D2E40EA3D14
:107CE000B8872E3E403E0A3ED5F62DBCC0BE9F3D15
:107CF000EBC8643D7BB802BDBA7A3A3E316B353E83
:107D0000A7F6783BA662863D08467A3D6898D2B9C8
:107D100085E3813D04C10CBC83FC203E0682363DD8
:107D2000315C073E5E80093EB4BAA13D1BD7243EBC
:107D30007BFFA13E0E6C833E074EAE3D64182D3C8A
:107D4000D43E563DBA4F0FBC0CAA6B3EED10693EB7
:107D5000A332753DEB092DBE97011D3DF094113EF8
:107D60003F8443BDA482813D4334463E0E06ABBCF6
:107D70003C37353DA0B7C63DD4AB2F3DEE7A3A3DFA
:107D8000292901BDC8A4B43D48042CBAB406093E53
:107D90007F57D6BDB19DA5BD14BF9CBD9D198F3D1C
:107DA000DF2F403E79982BBDCA64A7BE96D031BD67
:107DB00032366FBD148A7B3BD705793D5D69623EE3
:107DC0001C2F16BDFA80F83D4BDE88BCEA72D73D09
:107DD000277B183D821C843DD0A0103DA94B9B3BC6
:107DE000F65E3D3DBA759A3D1537AF3DD17044BC46
:107DF0000697EFBD52FB0BBCDA9A363D54F8D5BD61
:107E0000F11D213DE85986BD8A5853BD1F70003DC4
:107E1000556E553E49171C3DFF445EBE8CF1A4BD16
:107E20005A7D613D8FE79EBDD6FE43BDA8DC183E5E
:107E3000DA16FFBDFE600DBE534E6ABE500C18BE72
:107E4000AC14853D7944A1BD729034BE8B3E0ABE10
:107E50006DCD7F3C698B1CBD66C7C1BCEFD19ABD9F
:107E60002978283D4474D23CAD4507BDE0B9A1BD99
:107E7000833B703DD3F98E3D3C4A863EC5E13C3E96
:107E80006F31933DD08BB5BDA21C63BE6595903D0F
:107E900000EC87B91E58E9BCACE799BEA1E925BE44
:107EA0004A2CC8BDFD9BBFBEA40B6EBE56C619BEF4
:107EB0008083F6BD10B985BE357DE1BC539D9EBD66
:107EC00019B8F53C32B5E7BD3B829EBD004E853DFD
:107ED0001365A03D6C6859BDC867DE3D90572F3DC6
:107EE0000555B2BDB931FF3C9E7C423E799CDC3DDC
:107EF000E353D93D16753C3EC84BEA3D9DEE843DAB
:107F0000980F74BD3E45343D8A085A3E5FF25CBE10
:107F1000AAB9A4BE0C325DBE8BB92F3D388DBF3CD3
:107F20004468D1BD405075BDE47912BD4C2424BDD8
:107F300052A993BD846EC43DAEA0953D39CCE7BC3B
:107F40007FE685BB3E0DF53D11858B3D655C363D7D
:107F5000113CED3DA578F73C6D1D46BE70D32FBE9C
:107F60001C76E2BD9632993E39D32D3E0A7885BD06
:107F7000FC55173D871A33BDE07BAB3B9F7F373EF7
:107F800006D6253E43794E3E1D89913DF8B31BBD73
:107F9000F933D5BD61193A3C68BEA23DA4360F3E07
:107FA000D76CDE3BCBB3D7BBDB6FE43D76245CBD47
:107FB000708DE43896E4D13D4F0C563DD12A00BD7A
:107FC000746E6D3E4C2B573E811B843CE67ECF3D4C
:107FD0008B8B883EC7FE20BE76B65EBD82038ABD0F
:107FE000E979993D14E8943CDA6B0A3D625B393DCE
:107FF000E0FD0BBD20A72EBE5DA887BBA4CFBA3D78
:10800000383ED23D66CC3B3E6BDD963D40B8C9BCA8
:108010003037C33D551FB1BD0768B03DF210D23DAA
:108020008D73053E21186EBD9F62113E957B383DD4
:10803000E8D23EBD67182DBC91678D3D305F85BE8F
:10804000637E8E3DB24D0A3D1498AE3C04D483BD90
:10805000BE397C3DA06E3ABBB485AEBCDD8272BD3C
:10806000BB03AC3D29FB933D20B38BBD50C7BABBCE
:1080700040F456BB6C3543BDBC750A3D107A9BBDC0
:1080800058D7DABDD0D91CBE60B242BCAB7B8E3DA6
:10809000AC5F943C6FC0A93D6E403D3DDC83883CA5
:1080A0002EB6763DC99E97BDE06CB5BBA09136BC9F
:1080B00025809C3DBF03A53DBA03693D1598893DC8
:1080C000673E33BD9AD0643DB2AB27BD80C9EDBADF
:1080D0002ECDA1BD082A93BD54ED2ABE8C58D2BD29
:1080E000D3BD33BE761061BDC24C42BDDFDBF7BCF1
:1080F000DBA32E3D36B977BE8504E13CA32146BC07
:108100006CD445BEFEFF14BEF98C9B3DB734AFBDA9
:1081100079B82DBE72E146BDB7E828BE18B764BE77
:10812000DAE4BDBC392D13BDBD6B87BD540094BCD2
:108130009247263D66693F3DC01B9A3BCDF8A6BEDF
:108140004CBB90BE5104CBBCE349A6BD5C2B2CBEFE
:1081500085147EBEB02B60BE92F1DABD2BE282BEEA
:10816000DF2E893E46BDCD3E0D06933E1531A13E24
:10817000CAA2153E7C5F0B3EDE384EBD635A5A3EA6
:10818000C4DB903E75B8973D53BB0A3EE37D77BE96
:10819000B61196BC38EC703CE05C7ABB98BB51BD24
:1081A000270690BD3696013D7A9D9ABD9A77B5BE59
:1081B000B82D97BE415CA03D285CA43CF78F7B3E68
:1081C0005AABA53D7F192DBE8ED8873D4BA5703E7D
:1081D000FA1D8B3E27A95CBDF1ADCDBCE8F162BEB6
:1081E00081E09FBE6FA407BE39920A3D1FD4623B57
:1081F0004AF30CBE3E9E6EBE29EE9ABE3D461EBEA2
:10820000C24AD03C699DABBE22395FBED832CF3C5A
:10821000C7DB05BDF7CC9D3D4B7B443E507D9B3E6F
:10822000A20E51BEE7EF2BBEF42292BED3CF42BEC8
:10823000247748BE0D319BBEF0EEF83D0499DABDBF
:10824000B124C2BD5C672BBEFC1D4BBE8A4064BE20
:10825000167A3BBE64C7EBBD7BA259BDB68DBEBDD1
:10826000A79B9E3DE779653E5A6D863E5BD5853D71
:108270004B8530BE7C0EC7BDC7F191BE5AC2933D3F
:10828000729A493DBCDB9EBC8E9C3D3EA977833EE5
:10829000ED5E4D3D56A00ABF84AB60BE75CDA3BD5B
:1082A0003D99E1BE226787BE2F434ABE181420BE07
:1082B0000D192EBED132E5BD361A8FBD64F224BC35
:1082C0008D8156BD9E391CBE88EBB0BD1138473D2F
:1082D000CC36883E73627B3E6062823E0052003F35
:1082E000F427853E06B1C33B68633BBEE616673E96
:1082F000D92E24BD641C25BDFBB6F53D62D4CA3D14
:10830000186CCA3DB516ABBEC4D9ABBD142A9F3C90
:108310000936D1BDEC1E153D08A50A3EE63AEBBD77
:10832000F0F989BEC10354BE8144FEBDD80EDBBD49
:10833000E2B313BEA18EFDBD051F0EBE9094E03DBD
:10834000FD18903E83182B3EA73F423EC97E553E06
:10835000FB7D9F3E754F26BECE739D3D57C0823E2E
:108360006C7C273DA452043E614D4DBEBA3ECDBD4E
:10837000332D903D82E6EBBC995EE5BD0DB136BD77
:10838000DEDD493AE4EE93BC831E20BD89B7D93CBB
:108390007D23973C82A80A3D00675CBDAC7942BE54
:1083A0007C2E3BBE5A79C9BDC92806BDA698113D91
:1083B00047441F3E01FBDD3CA2470ABC57CD4B3E64
:1083C00014BE823E786CC2BC8013E53D8DA9C73DCA
:1083D0001C45CBBC583D1CBD976E573D189AFE3DC1
:1083E000FF2AE13DEE7314BE612BAFBE16AF74BE23
:1083F000FF8969BED3618EBED999B3BD9304A73DF1
:10840000E6DE0D3E373B3C3E646040BB1017EDBDE1
:108410009F1D36BE8442833A7631073EACF7BE3D9F
:10842000BF4A3B3D21E78B3E3706273E567E263D21
:10843000029CB73BB968913C146907BEAE420DBEC1
:1084400072DB653C4BB79BBD2277253D19EC643D43
:108450002B9707BD4256A3BD1D514CBEE3B21BBEB8
:10846000536BC3BDCB5185BD979F02BB6979713DED
:10847000BAD77B3E7B00753E466F92BD841B48BEDB
:1084800013B6CFBD6081AF3D2A90243DE3459D3DAD
:10849000FDFE263EDE08953978F2AE3DE253B13D51
:1084A00006D41ABE91EAE1BE28B17EBE87AB3EBEBD
:1084B000302756BDF11D5F3C316CB9BDC6DFD63EDD
:1084C000D23CE7BD0B2139BE3C38BABD200D87BD7B
:1084D000305960BB8011A6BA94D0A13DFDCDBB3D03
:1084E000EA6C0D3EA300153D2A9EE9BE80AFE9BEB1
:1084F000DB3195BECC08A9BD3AE41ABC5333873BA7
:10850000EBAEC43DEB37B33C1D1FD2BD7CC1883CF4
:108510004CFA073E24CBC2BD76C3C8BECA5F89BE33
:108520003B0F04BE2F789ABDC126003BE4F5B0BCDA
:108530006C36543DACBB0A3D98E30D3D2AF08CBD32
:1085400035682E3DB626233D1902153DB47E82BD09
:10855000D3FDD5BD40F612BF637935BF35EFA2BE5E
:108560001CCE07BE419754BD2B7546BCA96F1E3E5D
:108570006FCEA83D1F4742BB5B6384BD73C583BDFF
:10858000C9C799BEFD91953A85CBACBE3642CBBDED
:1085900042C7E1BD00A50EBE49A4083B863489BE92
:1085A000E2D0C73D6467A33D8BA1F73DD830BDBD88
:1085B000416344BE7DD756BEC5E260BE3679D6BEA5
:1085C00048A1CDBE0320C1BE3C5D94BD5C9F4B3E27
:1085D0004527BFBD545E883DA8F5C23C0E4D2D3DDC
:1085E000E86FD83D8E17673D563DE9BD0AB9B03DED
:1085F000758DC5BE006DAABE70D70FBF001545BEF4
:108600002109A53D0231403CB25103BEAE59B6BE70
:10861000E3C69C3DF15EE8BC33130E3C93BA79BDD2
:108620006669C5BD869AA0BE12B580BE7C0B8CBEA5
:10863000791684BE914C653DA6B5253ED43BA5BCBC
:10864000212DB73D4B69693D790ED43DAA72803D1D
:108650004451903DD700B23DAB4F75BDFFDBFD3CB3
:10866000E370C5BE5A5C10BF3B6CECBE0C04D0BDC1
:1086700087E118BDB159783D154A6EBE9CA5EC3D09
:10868000D2AF3A3B9A6203BD9ED1BF3B7575983D10
:108690007FC4913DCA08AABD9D70813D22BAC3BD69
:1086A0003869493DCD00753EB528B43DC2B6033E9C
:1086B000209F723E2A3C253E52C3D33DAE3C8B3DAB
:1086C000A6303B3EC36D053D6C172CBEC18976BEFE
:1086D00091E8C8BECE7634BE0123EFBE6260AFBD66
:1086E000EA5614BEBF21543E39FBB7BC7A9C6E3D9E
:1086F0007BE4263ECCD2D63DF6AA8B3D12CD163E6B
:10870000FAEE803E4C50073EDF8A1B3D3FBEE6BD81
:1087100021F4833D9D5E553E377EAE3D92040B3E77
:108720003D85073E83C3D43CDF62213D3906033ECD
:1087300092C7E5BC0E567D3C2B70053EEA26C6BDB1
:10874000BE6EE3BE21E9763D62F69A3EE68DC6BD79
:10875000D00EB73C94177E3E721B7C3D5E800BBEF4
:1087600004268A3DA022633E24F11A3E56E5A23E2D
:10877000C3B84E3E135E633E45ACF23D8255773D35
:108780002C2C033E2C9D8F3E3305583DE3B10F3E0C
:10879000F33FFABDAE00D43DD8A1683E2603893D23
:1087A0009874F93CAEFA10BDFEE7383DAE3305BE15
:1087B000CB5EB2BBA8A2123E45C1E6BD5110123E2F
:1087C000E035FB3CD7C5DB3DEC2EC33DF637093E1B
:1087D00038A5513EAED49E3D274E263E7D53953E54
:1087E000B0EC343E6079F23D327C633E55A7F53DF6
:1087F0003590813E3EE7273EEF90D93D92F3A53D6F
:10880000AD9FE73D1256BD3DA3B3BD3DFE9E023E6A
:10881000F7AF27BE97A1AB3D5F0C51BD91EC70BC8B
:10882000911CAFBEE2D98ABB15AAFB3D36B46C3EA3
:10883000387585BD2E5FF93CD4187A3D810C933E86
:10884000D35F423EF707553E03ECA33C4CDB023EB0
:108850008359593D6AA2703D250EBC3D8E5D503E48
:1088600060B0B93E61186A3E4AC6163EFBBAF83D92
:108870003C1C093C5397513C7D81C53CA341D13DF3
:108880001E769D3C05F16D3D38A69A3DC575DE3DD1
:10889000C4B97CBE73828B3D1B2D9A3CDC87BD3DE9
:1088A000BCFC063DC13597BE5387D63CFBB4903E19
:1088B000EBF1623E33DA5A3E6F41793D09EDB93D45
:1088C000E7909CBB0639853DB1BFDA3C5DDC0E3CD0
:1088D000E6F2EFBC200128BD7F6B733D1CEBA73B8C
:1088E000DAD5663B45CDBCBCF7DEA23DC0C2843DB7
:1088F0008F3D3A3CB5C3063E618B7F3D0106053E88
:108900000D47B2BE327E2E3EEB25823EB590873DAE
:10891000803E61BCD6560DBE820DBCBD28E515BD9E
:108920002886573E026DE73D07040A3E7851AC3D6C
:1089300097091FBE8DA588BD105A81BEDE8785BEF2
:108940001DA1BABE349309BED2F4093E2EE18F3C7C
:108950004735963D2A5CEF3D48A1373EC719CF3CCD
:10896000C0E8203E93C64A3E9CB11B3EC0CA1F3E93
:10897000D84C10BE66271ABE920F2F3EEEC3AABC7B
:10898000E209633DECE1AFBDA95468BDFF9C28BE80
:10899000854FC9BCEA6D5FBC368228BCC243AF3D7F
:1089A000F1B28A3DF3E0B3BD292992BEC49D6BBEEE
:1089B0005C3D48BEF7189DBC3CD6723C26D5553D63
:1089C000C63ADE3DC89A733E173E7B3EB6469B3E96
:1089D000A387483E4EEF233E9680FF3D094286BD69
:1089E000487A2C3E7ECC3CBE37D2B5BEEE996B3D6C
:1089F00000840CBBE7D03DBD831850BEDB81ABBE0D
:108A0000294B013D453AB03DD83E26BED9A92DBEE1
:108A1000280A1ABD578492BD8172F1BDB39E5D3C98
:108A20001EF045BD5186D73B297F613DA194913D04
:108A30008722443E067C853E31E6D93D63C1823DB6
:108A4000B791943CD77C763E1E49F83D64C96C3D95
:108A5000A754643EF92A183D69D8EABEFE32353D76
:108A6000EA626BBD3007CFBB162D453E2E85573EC3
:108A70008B6240BDE70916BD3CA67C3D3CD51ABEC5
:108A80004D36F7BD45466ABE9B6907BE7491EBBC87
:108A90005A4BF3BD2DD054BD22BC413EB9B91B3E4B
:108AA00094CABCBC3040F93D1FF7C03D6A31BF3DA0
:108AB000A74E193E133B143E2D512A3ECAEA32BD41
:108AC00066643F3D322E51BD9A2594BDD093B93C8A
:108AD00051BAA43D0C5982BC03064D3E8BEFE33ED8
:108AE000B5F88E3E6E7508BE61BE1E3C03BB63BE0C
:108AF00064FE67BED35402BC8BB5BD3DA414C93C13
:108B000048B90D3CD5CA93BC3092163D171B7C3B2F
:108B1000A7ED503DD0E7EA3DF237E33DABFE073D20
:108B20007C8D833E6040CD3D740A823E8853963EE4
:108B3000F0750FBEE3191B3E54CD71BE1C37A33C2C
:108B4000F0F1A3BD764E5CBD76FC8B3E535289BEE0
:108B50007EB68EBCFE0A8C3D1DAB6A3EC65D913D65
:108B60002D42173ECB141C3E609B103ECD22A1BD72
:108B7000CF0CAD3D9ECDC83CE26348BDF22FF6BCA4
:108B80004513B9BC4C6D4BBE9C98213C7F5D783E33
:108B9000DA94843E8CD6A8BCAB737FBEDFAEC83CF3
:108BA00039152ABEAA054D3DAF6543BE60A9CF3B2E
:108BB000401028BB884646BC208DB83CF605613E77
:108BC0003545C8BD1FFFAC3DA2E8BE3DC4764A3E58
:108BD0005732433E3F82303E1458163EA7B7323CD0
:108BE0002CD3943DE0A2343ECD0D083E618799BD63
:108BF000BD9AADBD780895BE814EEBBE067D97BE91
:108C00006130A03DC136503E4B55D2BC8BFB71BD8F
:108C100080F25B3E112B2DBEF8AA6E3C2E0C5FBD80
:108C20005BE2A33D3B4F8A3D93DA96BDB89D69BD9B
:108C3000A1EE59BEA3443FBEBD3043BD0CF5043E7A
:108C400076EA493DB15E243E182883BCF38DF6BD1B
:108C500058516C3C4809A8BE42DAA5BE8AC4AABED7
:108C60004D1165BEF46185BDCB0A1E3EC6B157BB32
:108C7000E8B8683C2A77EDBCB4C3883D160A35BE17
:108C8000646156BDC0291F3D6682D1BC28BBFCBCB7
:108C9000A052013D6A59EFBC7E37B8BCDEE84A3DC0
:108CA000A83DAEBCB4DB243D2E1F583D22465F3D9F
:108CB0005F94853D6A8A253DA86D373C20A008BC9D
:108CC0002CC8A63DFA67A63A85E2483D798FFEBCDE
:108CD000804CDBBCCFE1A6BD99928ABD7B89A03DCB
:108CE000205A5D3BDAAD293DEB033CBD60D2DF3B52
:108CF0002CE096BC506983BBB837DB3C382C643C15
:108D000095E1853D14531ABD04AF9CBCA8B14CBD80
:108D1000381687BDD42CB33DFDFEC63DE225133E7B
:108D20009B544B3EE9097C3ECF1F783E9775783EB9
:108D300043B0793E4515623E3C580F3E76490F3DA3
:108D4000A4FAD93CFB263E3E5843733E668F043E50
:108D5000FDE14A3E69BB1D3E1A65343E0187333E44
:108D600058749DBD5A69513DD8E069BD7010BEBBB5
:108D7000101879BD5487E03C1FAE7EBDB536743EF9
:108D80006A193A3EFB8F303ED6C6763DD4EE353E6C
:108D90002961A53D4B8B7C3C0758543C2824EF3D72
:108DA000FD590ABE2BC5973E5E3CAF3C3AB99A3D91
:108DB0001C99F03DFCA5813E3A82873CCF52283E6B
:108DC0003D366BBD627E13BDA0D59C3E6BB4143E98
:108DD000C9F8023ECF9D5F3E1058A1BC984406BC26
:108DE000C02659BB6A76783DD4D5253C6B9EB73EEC
:108DF0004AFA993E143D1EBDC344063EAE21AE3D27
:108E0000038DC1BC057C0D3CFB15DC3D1479DD3DBB
:108E10002FA4C23DF580383EF52D863E11CE023E90
:108E20008F230A3D9340473D55879C3E9CCCB23DE5
:108E3000EF66DCBC244451BDD3E995BD8A9E633DF9
:108E40004CDF273EDF68E33CE8B894BADFB214BDDC
:108E5000864D6E3DB31F3CBDF8710A3CE80CC2BCA8
:108E6000551473BDF86CA7BE11C494BCB5AD92BDCA
:108E7000FF6DC6BD3548A7BD5AEA53BCC18A91BD36
:108E80009DFC123E330C253E95D6313EDEF9353E33
:108E90009D26133E71FF1C3EB813623E364F17BD30
:108EA000C4FB113D9078573EE278473E4D2829BDDE
:108EB000C789BBBD32C26CBEB6E4ED3AA9DD20BDA8
:108EC0006B379FBD4A96113DA5BE603DB2EA2CBDF1
:108ED000AD04CCBE5BFED6BDC30915BECDBD9FBDE6
:108EE0003638893A11B51E3D8F0A923D9F08013EE2
:108EF0004A41993CA198A13D7F83813C6620283A54
:108F00004EA9D93C2EEDCD3C89BD683EF7F49F3D7E
:108F1000949D413DA1518A3CCF42203CF415CCBDEB
:108F2000FB3E3FBEEC2F3FBE644CC83D686FB6BDF4
:108F3000927A00BDDF32B1BCC8CE763E8CA149BE6C
:108F4000EA3A0CBDB3D4563DE59F83BDBB63A03D5B
:108F50005E8FF23DF9F0E5BA950326BC8082A83D0C
:108F600042B968BB4D69AA3DEFA1E03DAB9FC5BDCD
:108F7000DFF8513BE659B53BC566AE3CFF113ABD43
:108F80009A1245BD1F2C22BE8026B2BD25FC15BEFF
:108F9000175C9BBDBA27873DDCF7E0BD71E92ABEAF
:108FA000967A353D9447B7BC1E1E4D3E3BE2B1BD9F
:108FB000D7F248BEA9E020BD99E7DBBBE99BEC3DB9
:108FC000BC38E1BCA3DF5C3D1C300A3D67272A3E6C
:108FD0008D7C143E2CB4ADBCB40E573BA60820BD0E
:108FE000E8C0953D6F0ECF3DA9BBE93C120F1CBDFB
:108FF000B6E1F23DFA351DBDB44367BDD0070CBDE7
:109000006D4CBE3DC5A3263DAAD7A2BC7FE141BEA3
:10901000538CC73DCECA003DE0F51BBDAEA257BE86
:10902000CFE4883CF9D0BBBBC3ADE73D6BA199BD94
:10903000987F1E3E215D583D276C8D3D2306A73D40
:1090400068FA033E495A59BD06F817BD95D529BDA2
:10905000A86D8DB75FB7B6BD37D71F3D553C18BE5D
:109060004AC448BDC44B373D805A37BE3EF454BE57
:10907000FD24233E83100FBECF312EBE4DD59ABCAA
:109080009BCC553DD228193E442DBCBCF0D3C9BD64
:10909000A5C34A3ED061A2BC450A333D226D183EAD
:1090A000D1F6373CD4E4EC3DC4E22E3E2F46533E8D
:1090B00007889C3D3FC365BE5DAF65BE9B1308BE80
:1090C00037D2B33C4822AFBDB4288EBCB806A3BE8D
:1090D000B57E01BE1985EEBD15029CBE6B1F6ABE32
:1090E000EE4523BE393342BECD5860BE8AAA273E24
:1090F00054C9C3BB0048473DC0223E3EDFCF5ABEE5
:10910000565204BD1CE7AB3DA7AFE63D8E9DE73D43
:10911000581AD63CDF61F53D9310EB3D3AFDE33D37
:1091200011D2113D99D56FBE983CDDBE249155BD3D
:10913000C1D8863C3D12A9BCB524A6BDF6DA4BBE0B
:1091400059B715BE12A6ACBD332F23BE23D7A9BE77
:1091500074EF4ABE94D3D03D1B7560BEBDD9DBBC55
:109160006CD62A3D5B43713DC342C43E68AB90BEA2
:10917000335520BE8C6DC03C5739623E0BCBC73D8A
:1091800091261EBD15AEC7BC6B203B3ECD7F213E58
:109190002D5BF0BCA5D192BE734A20BEA376673E7C
:1091A000548F7A3E95FF4F3EBA58843E3B9560BA45
:1091B0004A21F43BBC1603BDD4AB51BC3E56893C9E
:1091C000F80F59BE2EF37DBE9580EBBDF74AE4BC87
:1091D0009A96B7BC11C8923D96C96E3EEBCD36BE8D
:1091E0000739E93D3376723DE4E58F3E0148013EA3
:1091F00033472C3E1F74363D9BA01E3E8836813D72
:10920000B998ADBE7140D5BE73AC1EBEB2A38C3D45
:1092100003FD203E1BF6463EF716FB3DB28DEF3DAB
:109220004C05353EE7D6273D5616013E8A2CA03E1A
:10923000184509BE4498ACBE526095BDB9971FBE93
:10924000661B593D3F50923DBE024A3E6BA9DD3D33
:109250009430C53E28E9313DD0BC4FBDA9E6163E4D
:10926000EF4B8E3DB49E023E8B15073EF10AFDBDCD
:109270008BBB9BBEB36EB1BE127C7CBECBF2F0BD8D
:10928000EBBEDC3DC18DF23D0144B2BDA13F4DBD01
:1092900012F6593DB0CE903D5CAD9C3BAD790B3E96
:1092A00077C08FBDB92DF8BED76A6DBE08C074BE39
:1092B0000B273E3D062BB83C40966F3E56521A3E59
:1092C000002FD83EEC07183EC04EA83D6551593DD1
:1092D000D62C003E64F9D03CD48E2C3EA744F6BD7B
:1092E000F08540BE57F749BE8B7B90BEB36DADBDD8
:1092F000A2888A3DBAAF7C3D9272023E78EAB23DC6
:1093000040F0E73D64BEC63D73FD513E344AAC3D7E
:10931000E34E54BDC5BF1ABE75585FBEFE8609BE7A
:109320000F8948BDE5B2933D6FED62BE34A0F53CB8
:10933000C1794C3E5607FC3D7A91EB3DC922223E55
:10934000FDA9F83DED58A53C14622D3E29DF97BDDF
:10935000B335F4BD2F9710BE97F691BE261B46BEBF
:109360002E6F233D5942763D1751F53DB2F0F73D42
:1093700077627A3E2EC0CB3D58B5D43DE457C3BB8F
:10938000F5172CBE86B6C83D4085C1BDF55DA9BDAB
:1093900060E7903D5156EFBB140E03BD92C055BE21
:1093A000D7FFB73D953F433EF1BF193DDB35A4BD27
:1093B0009C81FD3D127D323EC2B7803D3BD81CBD35
:1093C000A76A58BD149320BE01ED83BEF6F909BE0D
:1093D000DA73A1BBDFBB0E3EEBC70D3DA501B43D6B
:1093E0002BC93F3E131FBDBDE27608BDFAABFCBCE6
:1093F000C5FEBCBDBFAD963C7ED38DBEA8AA55BEF2
:10940000044D90BCE475ACBD18E88EBCA83681BE96
:10941000C0AEA8BEA774383EBC79F5BBB21684BDF9
:109420005F293C3EE981673D135C3C3E0614C63D26
:109430005DE2E1BD3AB2C7BE14D952BEE9449C39DF
:109440004158BF3D65D0923E62460B3E90B118BD7B
:1094500066822FBCDF4A41BE8A3C59BD7C75C3BCC5
:109460003456B3BDD3D7BC3C55BC50BE4B4B9BBE52
:10947000ED5B2D3C48C090BB591F25BD294E51BE08
:10948000605515BE076B37BE3F7A76BD461CF4BDEE
:109490008841953DC7B2F93DD3360C3E8242243D0A
:1094A000773645BE9375C6BE9C5C16BE92F0DF3C17
:1094B000407CF23D6E4E333EA0BBD23D1BE2A8BCC9
:1094C000FC1D183D5E95DDBCF1AC9DBC1EB9213C78
:1094D0007C2891BD3716C4BBD6EB93BE71ECEEBDB4
:1094E000FAF0F3BC1CD2733C84A8D53DB9BCE63D70
:1094F0005ADE8EBDC07A26BEE412D93DBA3C02BE09
:10950000857F3B3DC45CB83DC62B31BD8BA9E63C95
:10951000A553BBBD24EC8FBEA1CCE43CF619B63DEF
:109520000320FB3CF916053E0C52CA3D67DFA73D00
:10953000554B083D30AC64BC67AA63BDF31A07BD48
:10954000A903C63DA9D6C63DED2C98BE46C14ABE6C
:109550000F0D963DC69112BD2ECB153E338CEB3DC3
:1095600023C31F3E46073A3ED82544BD54662BBE52
:1095700011546EBD9D249E3CD3F3D4BDB91980BE59
:10958000C65D89BE4A4BF8BDB4D4E83D8A4D2A3E3B
:10959000557E363EAAE00D3E553418BE883E9DBD30
:1095A000C6009DBD36500FBEFD5F84BC4B8E00BE15
:1095B0005B4E443E96CBB83E5614AFBE3CC9F13C20
:1095C00088ABCBBCA5DDC7BDE08820BEE6BC99BE9C
:1095D0005ACFA73BC6CA623E3B4A29BE4D5717BE6B
:1095E000B0C406BB44A348BDC1FCECBD37EFC1BD50
:1095F000C52613BD86A0C53C0A65143E9B39293E8D
:10960000A5F0923E61F2443DA027C5BBFCBB13BD53
:109610007603033E0CFA4F3DAEEA2D3D5E5CFBBD8A
:10962000F14DB33E25AB923E3EF8A5BE85FBD3BCC3
:1096300070D441BC816999BD8A4BD8BE845596BE11
:10964000814018BE5A13BB3C3569C6BD23A996BEDE
:10965000CFBDF5BD688DA4BE45F724BEF7EA33BE85
:10966000BBF0BDBDD3E8EF3D2F6A2C3E674C9E3D5D
:10967000DEDE403E1130803D1DC9D33DF81D893DE1
:10968000AA9C82BC16F158BD4D3BD9BDE5F3093B00
:109690009F005A3E29E2613E2400213E97329BBD45
:1096A0008A8E053DEAA0BBBC2AA1CABD2C5CDD3C6C
:1096B000C13A77BE596B4DBCBCBBD5BD705D15BE04
:1096C000999D87BE7388DCBED9A189BE75275FBE10
:1096D00056C2853C50A8C33DE5A33F3E5670E13DD0
:1096E000B6A42C3D13576B3D5A5B75BD9FA3343D0B
:1096F0002FF84EBCF05EF43CEE38EDBD9BA3443E2B
:10970000606F463E0A8D9F3DE2B0A63D29A555BD3E
:10971000C0B0FB3AB4E386BDAB5E553DC860123EB7
:109720008CAC7EBE812DD0BBF076C6BE2A1F8CBE0F
:109730001A3A98BE6CEDCDBCCFE03CBDF3A450BD51
:109740007BBBBB3DF6BD143D807348BDB45B183E8A
:10975000AB10313E0F3C6B3E8885613D770D9A3DE5
:10976000A1A61E3E90413B3D0986113E05C2BC3E6E
:1097700004791F3E92972BBE760012BED09C0BBC84
:1097800050FD19BCCC2387BD61DA303E8F99483E2D
:109790002895A0BD1428FBBD53FC71BE919CBCBE96
:1097A000F6E6F5BD22B3733D33CE99BD53E8503E86
:1097B0002E5E803E3B076E3D7A326FBC9561A3BD45
:1097C0007DEC743D34174B3DBBB9E93D627CEC3D0B
:1097D000B670F83D3D39683E653A173EC0CD543EFF
:1097E0004408333E1D8BA13D80E360BDAD193BBDF8
:1097F000C0F62E3C658F9E3DE00DE8BC29C9763D44
:10980000C423CF3D60C897BDEBF742BD3B9689BCF2
:109810002A169A3E5444D83EF1527B3EE9EA8A3DEC
:109820002A16003EB6548F3D9ABC8E3E2115843ECA
:109830009234B43ECECA503E9054BF3DF5131D3E07
:10984000E1A5CA3E17D5A93E4FDE6E3E9D8E293E4C
:109850001B8C213EAADDA63D50058FBC444CA7BD04
:10986000AA59013DC0670BBCDEAD2BBD6E34723D05
:109870001AB2A8BB94DF183DA82A273D0EA9393C8F
:10988000C88F273E4628763E6C409D3E8E4E9A3EBF
:10989000FE7B873E0FD48B3EEA88C53E8234DD3E98
:1098A0008289B93E9C61B73E847BA03E4C08983EBD
:1098B000A0A3B43E5743AF3EA499A23E1BF78F3EF0
:1098C000FE6B663D9B9726BD781DC63C869EC3BC3D
:1098D0002637CABC29CE03BD9A6B473D54A3DF3C53
:1098E000E4F7AE3C93B1A13D4874203D15DA86BD46
:1098F00058A9D23C7816EA3CBE0E0EBDFECB0C3DFC
:109900003214D63B4631C33C779E51BD0A40583D88
:1099100064C2243D102B403CF84860BC7A19763D67
:10992000849D263DA01246BC80099B3C687B193D66
:10993000683B113D9685103D0227323D80DFCBBB51
:109940009C4FBABCEF108A3DA45FA2BC7079F2BBF9
:1099500061A7913D8237D3BD7C6F6BBD6E2A08BE77
:10996000AF5BBBBD37239CBDF608CABDFE9DB9BC2D
:10997000AD6F8ABD5D5231BE62AC2E3EB8E5E23DB0
:10998000357B47BCB09E61BD4C8952BD0F7068BD30
:109990000B65C9BCDC2234BD3F110E3C70AF0E3DDF
:1099A00087737BBDEAAB563DC4F2093DC244673DB7
:1099B00050318E3B21EC41BDCDD1C2BB346FB5BC23
:1099C0008E109FBDAE3AD6BD310803BE351F20BEF6
:1099D000A06F3ABEDABD99BE16DBA5BE118ABFBE26
:1099E0004A22EABE6C9973BE25E599BE5DD578BD65
:1099F000A628603ECD892BBCB6320FBE7AB6C4BC59
:109A000035163DBD9D200CBEA03857BDD2498E3CB9
:109A10005B653BBC3C1EDD3C72A43C3D406C9B3C0A
:109A2000664E503DC00144BBFE0F95BD11E0293D7F
:109A3000621D12BEAB83613D758291BDC25532BDC0
:109A40007DAE37BE5671D0BE955F85BE3F974DBE89
:109A5000E9F5A7BDAF4E3FBE39E680BEADC58EBDB0
:109A600071FFDBBC28CA2C3D03D2D93D59F1D23C51
:109A70003A2C1EBE986335BE0CC856BE13C657BEE0
:109A8000ED8B45BD0F2BAEBD1A9E77BC4076EEBB6D
:109A9000760C3A3DB79A17BD0646C1BD7A53173EBC
:109AA000A9B52CBD0DF1653E7AD244BDB34B38BD8E
:109AB000A96895BD498F9DBDAAA06A3DCFE5DF3B52
:109AC000D9A3063D1FA5133D87CD0C3DEC6E4F3E3F
:109AD0005C698E3D5269023C0948583C25B0D9BDAD
:109AE000A25492BD866B67BE1E816BBD042321BE4E
:109AF0000869A0BE8F98343CC8B3E63D2530E2BD6E
:109B0000F4C35CBD50E787BC30C208BDEC6B793E46
:109B100090B8B63D3929D53E017B173E57FBA23D93
:109B200025661EBC7C99293CD2379F3DF0D9D93D92
:109B30008F65143D5DFA873DD20113BDC9C6EE3D68
:109B40007853783D150AD7BD9A8DACBA679934BD64
:109B50008B0D5BBDEA7D55BE9E560DBECE92D03CB0
:109B6000F83D27BEB239E73D74CCA03E066BD0BCB1
:109B7000F6CA50BD3AAEDB3DB455083D0F0CBBBD37
:109B8000232CDBBDA0A5D33D66EB373EB6662E3E4B
:109B9000E9DA073ED0DBA23D21FC783E4EB4B93D68
:109BA000703C0CBD0646B33DBF28123CC4B15D3DC0
:109BB0008EE242BE359E27BED904A73B9FDA083D00
:109BC000D6D3CC3DAA4E9ABD0B0309BDF2D4F73BC8
:109BD000578E36BDDA8F973ECE90E43EE6A2F1BCBA
:109BE000366F8ABC1373BABD0E78E2BD0FF311BD98
:109BF00022D8443DB496C43D63F3673DC2E11CBC2A
:109C00004BADA83D7C79D43DB74B703D7A7001BE19
:109C10004674A1BCB16D16BEACE8CE3AD800A7BD63
:109C2000564DEABCAA0527BE9F2014BEC2C0633DA4
:109C300062E7593E2859F53D5EB26BBE1BFE5FBE22
:109C400068ADBFBD825DCF3D22E27A3EB8687C3E02
:109C50008826ADBBB7088FBE5E1451BD3A85983DCE
:109C60001D08E0BD5AA1233E310CE2BD37EFEEBD29
:109C70008B7A463D4CD2A53C3D7D7EBDB2410ABEAD
:109C8000031B0FBE8CDF17BE65DE8EBD74BC8ABDA4
:109C9000E3CE8DBD234780BD39F37BBCB714FA3DBD
:109CA000E56098BC5B3F45BE82490EBE7619FFBD9C
:109CB000F230813D13F68C3EA61F69BD3B1E5C3E13
:109CC00018F48DBC97C62CBE049F0E3E70CDA0BD6F
:109CD0004AC373BCC5C80C3E28771FBD4AB2133EA9
:109CE000B35D3BBD859DC13C9E60023DF7F4273DC1
:109CF000581568BC2B57223DB4F847B8252BFC3DBE
:109D0000A56EE93B9F7D513E1DC44F3ED453AF3CF1
:109D1000291480BE892B57BE36C71A3C9C9A1D3D1C
:109D2000AC62D23D94B6F33D9D634DBE15DF413E1E
:109D3000C24FA4BDA6CD18BEB7BAF4BD1F47B43DEF
:109D4000BB003ABD3ECA98BDBF99813D2983423DC3
:109D5000EF38D9BC5421043EBED31F3EA55F893DD8
:109D600054F3113E6D00193E17F5D73DA2C23B3D9D
:109D70006D64A3BD9D9E7B3D6C94433EF5101ABC63
:109D80006B8A1ABC9FA8413DA79442BE7EC988BD7C
:109D90000184073D5F4B353D7CED813D5503E5BCBE
:109DA000B97DD3BD280D12BE10A6023CF683FEBEBF
:109DB00016B7073DD865993B04DDC2BC71D355BECB
:109DC00081F7AFBD0C0B083AF797143E3BBEDC3D64
:109DD00039A1313EB9CA0C3EFF282F3CF8B9F8BC76
:109DE000945964BD495705BCAC3D213D137307BE72
:109DF000BA19683D91385BBD4A10963DCEFA183CC1
:109E00002191EDBD4BEACA3BEF95303E59AB08BE00
:109E1000589E483DCE248ABDB572ACBD87F009BFBF
:109E2000E82D29BE75B9123E4E0E4D3DEEB7B93D37
:109E300041C21F3E345C0D3E7C7CA83E9FB5373E40
:109E40008D170DBBF99D6CBC7616CCBC2639CABDEE
:109E5000A9563ABEE8DFDA3C997D6FBCF693A03C88
:109E6000F648373D9E7DBF3C1F2DF03DC1D4AABDB5
:109E7000E74E89BEED1BBE3CD902C43B10626BBEEF
:109E8000661D083EBA9A2E3B265C4EBE3C3FFEBE87
:109E90002E9685BEC828D83D7B4B673D40E29A3E52
:109EA000A2F86F3E7ADE723D2BD0103E49A1CB3D29
:109EB0004A96FB3DEECE823DB6345F3C24C135BDB3
:109EC0008BAD3BBD03767E3D5195C6BD59D599BD41
:109ED0001A8E8B3D829637BD31EE87BD60BE53BC76
:109EE0000ADD1DBEBB48FEBD78EBFABB11B32ABD2F
:109EF0000EF6313C584DC33D92BC3FBEFE5471BE80
:109F000075341ABE6483D1BD0B3ACA3DC9CD4B3EF0
:109F100073FF343E90BBBD3D1B191E3E7D354CBCCE
:109F20007FEFB83D93E59E3D2778133E2216E63D30
:109F3000D1E0773B3B18303D5C9F2ABEACB44DBEB0
:109F40008AE4A1BD58BF0CBD5F950ABEC472AABD0C
:109F50000ABECA3C2C7751BE4583A73E336C333DC5
:109F60006A47BB3BD642353E9ED5813C90BF85BEFD
:109F7000825216BD27B7D2BDABCAAA3BABD414BE22
:109F8000B19F4ABDF5F4763D5734CA3DFBBD653DF2
:109F90008389923D1689423D3AF43D3E8F77C63D16
:109FA0007B13903DF257EABC514A5ABEFF273FBE91
:109FB000C77191BE1F1ED53CAA108E3D50A4B03D66
:109FC0002AB843BD6AA42ABE75191A3F02B16B3D77
:109FD000067AF6BD6F5EF83CB7183D3D96E81EBEAA
:109FE0007F72AFBE70CDDABDF0A7CEBD7E8E7CBED7
:109FF00078C675BE6F4F8DBDAC6EC5BDFAB253BD90
:10A00000B5D964BDD7EF493C95BBC63D3CDDFE3AB2
:10A01000FA3D04BE8EFFE0BDD9A850BDDC6A4EBE3D
:10A02000DB9282BEAB7BD93D05D8093E6E2DCB3C81
:10A030000A42873EFF64BABDBE0EAF3EF0495B3EAA
:10A04000E00122BBFCC0113E77BE613DD810AEBD21
:10A05000015ACBBE8FE87CBE010649BE8D681CBE8E
:10A06000FC47A0BED4B37CBE06621EBED06651BE05
:10A0700037FA4ABEE57F3C3DE1CEE13D17E6963D2D
:10A08000DF6DA73C8D10BB3CDCCCDBBC2235B1BD09
:10A0900076840BBE918B99BD16D409BE92EEFDBDA0
:10A0A000B3E192BDABB0B03BC1662E3E4C41C13D69
:10A0B00070776A3BB271F03DBF7686BDE685C8BD5C
:10A0C000A52BB7BD706E64BCFD43FABDC3F624BEBC
:10A0D0002C5995BE95DE28BE6F1002BE451A0CBEE7
:10A0E000F5EAC6BEF2C1EABDF9F31C3E7275D53D74
:10A0F00025D1273E4E7C403C243811BD894ADD3CA9
:10A10000862F92BD257780BD9DD9863CDC252CBC51
:10A110004DD491BD8051193EEC66163DE9248B3E2D
:10A12000AA35FD3B73DA923BDF9990BDA90088BD4B
:10A13000308A3DBDF196043EFDDA2F3E54AE14BD8B
:10A14000F0E207BE730B7EBCD3D7D9BDE338A1BE06
:10A15000FA87E7BED56503BE63790D3EE8962C3ECF
:10A1600016023B3EDBDF7A3DA1E57B3D3C4A22BD4A
:10A170008117073DE349B43A1D87DD3D2402883C41
:10A18000CAB132BE8725863E384FFA3D930EF73C62
:10A1900060E8033C2FF48DBD7DA5743D61A3B43C04
:10A1A000284BEFBDE933D13C78F0803EDC7DA63D05
:10A1B00073CDF53D4646893D2545D5BD360A4DBE94
:10A1C0009DC09EBEA3883CBDEAA3C93DDE8F153E5F
:10A1D00080F2653E71D91C3E8E68EA3D2487E83DD9
:10A1E000D561E3BCDC8253BDAD54B33D5D28C63DB3
:10A1F00076B417BE16902E3E8560F73D6F876A3D98
:10A20000C9EB4D3DCBC9813C40487F3CC544263D10
:10A2100062505DBDA14AAD3D61D5553E019AA63D56
:10A220005E86CF3D8BC51B3D802B97BC95F5DE3BF5
:10A23000CA6D17BD7FC448BB768B84BCEF3B983D8D
:10A240003662043E3909DD3DF6CF833EFD5F1A3D9F
:10A25000EE1BE23D70091E3EEC8885BC8FD6D23BDA
:10A260002410C83DDB8A9D3E7F9326BE3EFD9DBDEA
:10A270007D9DC13C81BABCBB1B9B53BED3BC36BECB
:10A2800092E8453DDF5E9E3BF67A02BDED813ABE27
:10A2900056C6B9BD9D65A9BDA87E5A380F119E3C12
:10A2A000DE0E0EBE91DECFBD981090BD78AD95BB91
:10A2B000F6A4813C0506393EC27DEC3D1C93473D2A
:10A2C000F37D863E885EBF3D55BFD4BD58F6C7BD01
:10A2D00022F929BDBDAE123EE87C893EC8008C3C07
:10A2E000BF088CBD461A43BDA52D503D40FF8ABD19
:10A2F000DEE6BB3D33330EBE5F457EBD1875CCBD7B
:10A30000446212BBC72AE7BD108DB1BD53918DBD0C
:10A3100028D2F2BD1977D2BDF21D3FBC4201CBBCA1
:10A320008ED1B63D7AD2473E0B05153C0DA24FBDEE
:10A33000550B023EC09E8C3C9BE7BFBDAEC18FBD9E
:10A34000BD767C3D196E663E88B21B3EEFFBAA3D92
:10A35000424E233D35F8A5BD03165F3D74A1843DF3
:10A36000560E5D3DF7BD9CBDD31FDABB05B47CBE68
:10A37000724DE3BD7795C33D7179143D4C3F91BD5E
:10A38000F015A5BC3E500BBD35C624BEA1F232BEB1
:10A39000DD707FBDAF9E713E391E103E1BAB593E36
:10A3A000AA5DA33D1145823EE5ACA43D2038523E56
:10A3B0008E32BB3DF6E4393DCF71253E22895CBD2E
:10A3C0006FAEA43D58870EBDCDF0FFBC6F686ABD6F
:10A3D00035845DBD3EA2673E1680AA3D9C5BA33DD1
:10A3E000B7C2D8BDDE4C193E21A8C23DCF8902BEFE
:10A3F000B4EF153E82259A3EE2BF4A3D99B68D3CA8
:10A40000E5A5C3BB6513EA3C8C21943E2253A43ED0
:10A41000D0719F3E78CAE83D3BB29C3E3DFAD73EA4
:10A42000F540563ECEFC09BD33CB51BD20381EBB96
:10A430005CA5923C10B18CBBC0CC54BB201A543EDE
:10A4400045855F3E43E9423EBDBCE63DC26BB93D3A
:10A450000E7DD9BDBEE140BE8CAC243E3AAE713E0D
:10A46000FBE8593D20E2C6BD91E2863DE897413EBA
:10A470006ACC9E3ED78F483E960581BCAED0EC3D5F
:10A4800006EC593E0ED26A3EE8BC36BD10A981BE2C
:10A49000022A84BE18F59E3D50B0223DA07B9BBB96
:10A4A000206463BDB452C53C8BEB823D24166BBD6A
:10A4B00010FD61BDEABDCBBD9FE7F2BD9667A2BDB1
:10A4C0002C1D82BDE724923C15C3633D6BB0D1BD0A
:10A4D0004BC021BD89D170BEE7CBA6BE0CBE1BBE52
:10A4E00074A8BDBDCAD69FBE5687B3BE4C8AA5BE52
:10A4F000308443BEA2548ABE5AC185BE8C5F6FBDF4
:10A50000D0B26BBC4DBF96BD52FEA1BD803B823A1E
:10A51000768C593DC3CA48BDC43D863C47D416BD60
:10A52000F64C073DB8F4993C8A5228BD2CA9C33C8F
:10A53000801025BC9E745A3D18BE803CFAAB323D5B
:10A5400001F8AFBCE70C34BD08B0743DC6AB3CBAF3
:10A55000A0792D3C70230B3C6A9B83BDA4631C3DFA
:10A56000C4DBE4BC2316953D91C864BDDB4D813D41
:10A57000BC2EBDBC361C06BD840FAE3CF68A69BD40
:10A580003695C0BCFE0E0B3D8F5C843D64C9073D13
:10A59000946C983DEED7583DAA62B03D1F4D62BD08
:10A5A00019F3D93C65B758BD3F2FFABC278A34BD93
:10A5B000829C00BEA2376D3D0B8A983AC6FC473D8F
:10A5C000E6CD3B3DEE34F23CFD2224BEDCD033BE72
:10A5D00095FB6B3CE2145ABDBA8AB9BD38A95A3C06
:10A5E000AC2D72BD800A21BCA9AC30BD7E2154BD0A
:10A5F0007F26823D820D453D00F04C3B2069DCBC4E
:10A60000F0830CBE66E1D9BD2D5232BD0B708D3C7E
:10A61000C0421A3EFA2ADC3DC993233D3EAF2A3E92
:10A620008B2C49BC83F45DBE332C2ABEBA3F47BE97
:10A63000C67407BE3B9A1CBE39F008BC368225BEE4
:10A64000509194BDDB2800BE264E6EBDD37E463EA3
:10A6500052A8D93D9172D13D39A98A3DE73799BDBC
:10A66000DC2D75BDA2D5153D77CA613DE7E28D3D74
:10A67000778622BEF3DB3D3EE769693D435A1B3CCA
:10A680007E8D2C3E89C1E33EEAC9913E9C2BF7BCEE
:10A690007A3D953E4CC9593EFFD4123D01C8BD3CA0
:10A6A000B8193E3D4D7BE5BC116DA73D6E3C2D3E7E
:10A6B000FD02933D1C3D143CF65C543D1CD1D7BCBF
:10A6C0007C54B03C4C8D853EFDF5343E22FF7DBD73
:10A6D000792A9DBDD74C6CBB8C57DD3CA45BB0BCCC
:10A6E000F95B93BD299D1A3E39C2CD3E6683523E29
:10A6F000DBC3B63D36EE803EDA1A1D3E2564B43E1D
:10A70000427A903EF04E633E1998F93D1E30FB3D73
:10A71000693B9C3DE253AA3D6CF29D3D292A283CB1
:10A72000D86AD73C38EFD0BCFBB7DDBD642A1D3CEE
:10A730000FE018BE7F3BE13CC419C83E28DAA33CB9
:10A7400048FEBC3C006A42B960926D3CB8C6713E9E
:10A750000ADB643EE5BB9E3E158B813E08EC5D3D09
:10A760000F198A3E106E1E3E2CC3143D2E14A03DC0
:10A77000D073CD3D0E7F453E5885B03D781E283EB6
:10A78000C0BF943D84037C3CD91CBBBB041B5C3B19
:10A790009424CABC3920D93DD7BA3F3E8437D0BAB9
:10A7A000E2E4D6BDBCC4113E9452593E448F53BD21
:10A7B0009AA5B8BC199A4D3D1D17263E3700AB3EF1
:10A7C0009AD9DE3D6335B63D027FB03DC22A87BDD2
:10A7D000D8DA8D3DE7ECD33DA958583E337B2F3E68
:10A7E0002D81EF3DE9643B3E6F493D3E4EA8893DDA
:10A7F0009A5E273EBD09DE3D3A5F1E3E15AA723CB9
:10A8000062710E3D3554BA3D8093FCBD679E85BD97
:10A810001918263EA0AEC83D1A343F3EC8B31CBD31
:10A820007CC9913D79DD843E2A4F353EBE22AD3E46
:10A8300038BE243E90EE29BD916505BCB3EF1C3BAC
:10A840002B44253E5F89363C2F6A053EDC68003E7E
:10A85000BA7F473E43A93B3EB3471B3EDEE7143E6B
:10A860002589733E1C05523EFC1AE63D69C60D3E25
:10A87000E0C4253EBD03D73DFF7E813DF44F89BD39
:10A880006123F8BDA86E1D3EA6229E3D3943E9BD59
:10A89000A7BE2EBD5911123E5F30423EFD9AC83D03
:10A8A000E982F73DB0D3D63C85F788BD76617ABDA5
:10A8B0007189F43D22D2D53DD6ECD53D1CABAABD65
:10A8C000F456F93D97ABC53D10FF963E03EF5A3E57
:10A8D000809F113E48EFA83E9703823EDFC13D3E78
:10A8E0008D86683ECEE74A3DF2EA813EB15D9F3DEE
:10A8F000FE8319BEDA0E813DC736213E799B503E5C
:10A9000094135EBD043E133D232E813E0F643C3EF6
:10A9100091DEA93E76F77A3C31AF10BDDEE5063E0A
:10A92000B105CF3DB179BEBDB28482BD3DA244BD6B
:10A93000CEBFAE3D864BF43D4A8F043EA2F3233E8C
:10A9400068D27D3E3DD0963E12B4F53DB998E63BC7
:10A9500022D8053EAA4E14BD1904453EABB85B3E55
:10A96000B6C83DBC1D75453EC3BCF0BD511CED3D98
:10A97000B8B2D53D49B99B3D56672E3D1516C93D28
:10A980007AB51B3CA313D9BD4D1845BD0E0DCABDEC
:10A99000D30D3D3D26E907BDE45FE63D57AFCC3D15
:10A9A000E2D8B93D75148A3EA1B7893DB1180A3E77
:10A9B000508A023E31CFB7BCA8FA36BBDD4D82BD0E
:10A9C00069E0353D47F5D9BD8ABF323DED3A2EBE2F
:10A9D00077A582BE1638B8BD79B9DC3DECFD213EC5
:10A9E000A1E3573DE3D1B83D6836163E80014FBD27
:10A9F000BA971A3E426919BC851DA3BD602EB1BD30
:10AA000077DF12BEB38727BE97DCC03D3DD3EC3C59
:10AA1000A32A28BD9C96F5BC526442BE7AE68BBD43
:10AA200005D580BE6EDA49BE0E72CDBD2792BCBD83
:10AA3000F14FFBBDE3B146BEFAD400BC69D041BEC4
:10AA4000B943F2BE578B31BE96761F3EBF1DD3BDB4
:10AA5000F145D53C8C8B383E4655CF3CA51E07BEF4
:10AA6000B28197BDDB4B82BEB797E9BD9533793D87
:10AA700016D3C2BDB5E244BDE910DD3B6E5841BE00
:10AA8000878CE1BDA16461BE0F0DFBBDFF1257BEF7
:10AA9000226885BEC6C774BD0D49E9BAED72ED3CAA
:10AAA0000FBB4A3DECBC90BDEBBD85BEB244EDBED4
:10AAB00021529FBE385579BE468797BD28D10C3CA0
:10AAC000F8C7DE3D7669DE3DCADA5F3E58474FBDC6
:10AAD000AD0EA8BE85B0A0BE9B1F91BE82B200BEC7
:10AAE000CF38A2BDDB8801BECB8D58BE8CD881BECD
:10AAF00073188CBE33E34ABE62A92EBDB3FF8EBE6F
:10AB0000C3BD16BE58A4B7BC95003D3C4A2B823D40
:10AB10003E402E3E01D228BDE79B79BEC8DD1CBF5A
:10AB200073DE49BEBE8E26BE864959BDB9F9CB3DFE
:10AB3000166E213E59BFDA3DF4318E3E320A553D44
:10AB40000066EFBDEFF7D1BEC011C5BEA4FC7ABE52
:10AB50007CB34E3B3C7D1CBE2C49F3BDDAA4A4BEA5
:10AB60002152B7BE463D87BEDA84033D436A31BDFC
:10AB7000FD2401BED5A09DBD0BBD143D4A99563D97
:10AB8000D481543D94E3333E8D0193BD509FE1BD8C
:10AB90001E3939BC080E93BDD55F813E3D8E563DB2
:10ABA0005B2C543D418F743CF1A2163EEED996BD0C
:10ABB0009DDBA2BDF299AABD058343BE745B15BEA1
:10ABC00027A02DBE451500BEC9B719BE889891BEF5
:10ABD0006B59B6BE910011BEF6E25BBC51D1D4BC3C
:10ABE0006CE9E7BD6A0C1BBEED74D1BD069492BD45
:10ABF00035C5BBBD8451D03CD5910FBE79D209BEBD
:10AC0000198FADBD6F0B03BEBF7A1DBC73F6CB3D74
:10AC100002C6803DB4A9A03DF67F3D3EFB60E6BD87
:10AC20004747A8BD46A7B5BD33E018BEBC93EFBCEF
:10AC3000F69EB9BDD61550BD29932FBE363B83BEB7
:10AC4000689ACABDC7B8F53CE26308BCAB27DABD59
:10AC50005669A6BD46B58EBD608496BDA3D85FBCBF
:10AC6000C8FD8EBDE21E933D9838753D641121BE2E
:10AC7000BE0B103E39CF58BD837D7D3DA48B0D3E6C
:10AC80002AF9663DD1E4E33D1EFD33BED82CD33C0A
:10AC90006A46D4BD538892BDCF4A3ABE85691CBD71
:10ACA000ACE1CBBC4C6799BE682098BEE5B334BE1E
:10ACB0009732933CA442123DC4CEE7BC454120BC30
:10ACC000D8CB4B3DEA6B713C52378DBD58EF5FBD21
:10ACD000EC71C0BD5C2212BEDB34F4BD4062CCBE60
:10ACE00002D92E3DB0E69E3E34CDA03D4CD0333E41
:10ACF00031778B3EFD00073EFD5823BE095F1CBD2A
:10AD0000B4F6FE3DFB42403D6039F5BD18E1723AB4
:10AD1000E53C33BD818948BECE3A2FBE622B4FBE83
:10AD200090B810BE1EACC8BD66731EBEC5FC7D3D8E
:10AD3000276A403EC966F03D508CEB3D84080BBE4F
:10AD400091E4FABD19BD2EBEFB76D1BD57BD80BEC4
:10AD50005E7A703BCD92D83DADB6E93D62B7AC3E70
:10AD60008DDEA93DF776F53D76CB483E7F4217BD97
:10AD700028AE103D99B4173DAC4EE2BDB63C6E3DD9
:10AD800022604FBBE38FF9BD6812BDBDC1CA9ABD39
:10AD9000C331873CF07CDA3DE227ED3D4A82C73D76
:10ADA000A6D53E3E0D26583E3AE7ED3D83D9163CEA
:10ADB000649F323D52BD5D3C93987BBC88B277BCAA
:10ADC000EDBEB0BDE6939E3EBE7F6C3ECF59583E71
:10ADD000A60278BDE231A63D74CA783EF57F873E73
:10ADE000813BC73DA207503C53A2613CF220C43DC9
:10ADF00099BB943EEB142F3E20CA1D3DBABE2E3C9B
:10AE000014F2963DC1FB8F3E36C2493E53BC533EC1
:10AE100038F94C3E314A383EB5B12F3EC81C0B3E86
:10AE2000562C023EA3D770BD10DAD93DF0BBCF3D02
:10AE3000CDE7563D331F323E63F6003E6DEE6D3D6D
:10AE4000D40B4BBDB1CC083EFC296C3E0C701C3EB3
:10AE500017C2FD3D0D2EC5BD4364C4BC9BD8E13D6A
:10AE60009BAAA33DEC96C93DCF935A3E7858573ED6
:10AE7000AE16A53ED480533EB8627B3EB067443EDA
:10AE8000EEA6803EE10D7A3D8735703E912CF33D74
:10AE9000F63C0F3D41BCA13D858A53BCCAB5753E09
:10AEA0004B22E23E11D5313E0357B83E9C0227BDEE
:10AEB000CCDCEDBC006277BD96E8893EC3840B3DD7
:10AEC000AAF1153EE83EC03D47C7DC3D47B1D83D3D
:10AED0001DA0E93DD42EFE3D769C623E14BD2D3E64
:10AEE000A9F7FE3D7CA6DD3D473DE03DE7F60F3E80
:10AEF000B244103D7051013EC98E83BCDB8BBE3D18
:10AF00009690D43D2C07E7BD40E643BE60C7B83EEF
:10AF1000F7D3903E0F4E213E4034913E96AAF83B27
:10AF2000F6FD85BD529FE3BCDF04923DD7EC393E70
:10AF30009B8C413B9120013ED2BB323E9216C83DD4
:10AF4000F790B3BC1D0BD83D8EFAD53D88EA3E3E46
:10AF500072DF003E3DEED03DC82F243E10E93F3E5B
:10AF6000928C0B3C4364E63DEBA0DBBDEF50E1BDB2
:10AF700044C8863D4C9E88BDB8DFE13C24161C3F8A
:10AF80003719B73E0CABB93D8A362A3EFC3EA8BD08
:10AF90001077123C2CEB88BDD7D279BDD2CDC03E04
:10AFA0006D29893DB37EC23DAC40853E05CD053E51
:10AFB00074B388BDE8A8A53C0D6AC4BDD84F343D24
:10AFC000AD45E53D681F743DF7B6DB3DD959173EE9
:10AFD00077E473BD0A5DA13D7A98A33DDDCB05BD45
:10AFE00082618CBDD1B6E73D3BA7513DF629443E79
:10AFF0001F7E7D3EA35B423D9EC21C3EC0507CBD79
:10B0000000D7ABB920277BBB0717D1BDC09E973DAA
:10B01000937D7C3EB755A83E97E2893EDAAD823EED
:10B020005A459D3E7DA2873E22DFBD3D7F46A23D23
:10B0300033F8A13EE468803EB61A11BD8199303ED6
:10B0400039F4A33DF0FD2A3D82D02C3D1986263EE1
:10B050004A1F013E02C4A2BC5FAAF1BD1B738BBC98
:10B06000AD1FAABC1CB1193CC3D68C3D805A263CEE
:10B070006AECA9BD342B193D180F5BBD114913BEF5
:10B08000249C82BD0F2FCC3B0ABFA63DCE60F03D75
:10B090009AD1633E45B0193EA4E62F3EDFDB723EF7
:10B0A0008A6F0C3ED2459C3D6C9D863CD6C5023EC7
:10B0B000D0D1323E6553743BC57E50BD51EBE73E67
:10B0C0002884EC3CE1A58DBD65010EBB63D7A53E90
:10B0D000C6AD3D3D8BE0DD3C7305A53DCA2CA1BD51
:10B0E0000625413D007CBB3B95D583BD8BA78D3D9F
:10B0F000E2F70B3DB23EBE3D7F521C3E2055043E62
:10B100007FB32A3EB86EFA3CF8ACCD3CBA76813DAE
:10B11000B2F62B3DA8C1A83E8BF2543E07B3C43C07
:10B12000006231BD91B9AC3E939C3CBD108AA13CFC
:10B13000FFBB683D0EA6F4BD92726EBE75B9F8BC39
:10B1400003768FBDF441B0BC0374983DC2D565BD94
:10B150003833C7BC2349973DE2B3E2BCF8AF68BCC3
:10B160005C796FBD8890333CEAF304BD6E61B8BC76
:10B17000C44068BD6A975C3D44F2133D780501BD4B
:10B18000569C1CBED85C97BDCD52613DA061B73DB9
:10B190004F65913D06D847BDECC5C83C4898CC3CAE
:10B1A000A8E747BC5EE27ABD4A1C92BDFB48A3BD3E
:10B1B000389214BC807836BB4EC13C3D86DE513D92
:10B1C0007B6AA0BDC0E27FBB4AB21F3D705EE63B1A
:10B1D000284F2B3D7BF6F13C4C6525BE6779D8BDE9
:10B1E000BA07E5BDF2C686BB82721DBE4164A3BB31
:10B1F0004B920DBEB2B0B2BE1E79593D8571B43CC2
:10B200005E6A4CBCEA4718BE65C24EBE1357A4BE68
:10B2100059BFA7BEDB94A9BED1A5FCBD9E284EBEDA
:10B22000F9FE8A3D7210753D115D9B3D6F4D823D6B
:10B23000820D7A3DB8DC6DBC1C9F8ABDFA78C0BE19
:10B24000CA6B9FBE68F81DBE1534CFBD08DF6CBE4B
:10B250007D394E3DA6968A3E7A14C53E3548B23EAB
:10B2600004D7983DF2AE463E81719C3E97EB8E3EF0
:10B27000F782383E53B2D03C1A22C63C83193E3E78
:10B28000D865873E9012493E4493913D2EF5E1BC2E
:10B29000A2A6E23D18727B3D00AFB6BA2D1F813DDC
:10B2A000A6274F3DBADF213D9D72593D6B6A94BE82
:10B2B000BBC1AEBE2463D63CEF7BDBBDF0CA0FBE84
:10B2C000CD9E4EBE48DCA9BD3C29F7BD1BA187BD64
:10B2D000954C21BEDEA7B53C741B773DF92823BEF3
:10B2E0003FD144BEF1AA233DA063DFBDE0E461BECF
:10B2F00039152CBDA463233D158CD4BD1D10ED3C28
:10B30000036F963DE0025D3EE83E813E9ED35C3D8C
:10B310000877053D92D51CBD2D818D3DA2EEBFBEA7
:10B32000170420BCA469053E9975773ED22FF1BC65
:10B33000BACCFE3D5C10C03E77162E3E82B55DBC99
:10B340009B7F9BBC7A8844BCBAA6BCBDAFDA0CBE5E
:10B35000E028A3BD8A5607BE4FC70CBE894F28BD43
:10B36000DDBA53BEE50309BDADB8AF3DF7587D3D2D
:10B3700057E09EBDEFEFA4BC88E44FBE4102D6BDAE
:10B3800001AD8EBD2846BC3C7FA37ABC5DC699BE8C
:10B3900026A3823D7CC0103E45858C3EB7C3923DBE
:10B3A000681FFD3DC31A053E24BADC3DF2DE9FBD99
:10B3B00098EDE03D1AD1363DDD5C26BDA430D53C8C
:10B3C000846476BDF3A6B8BCE8D9283EC13CA93D4B
:10B3D0003174B23DBD389C3CD2D6043E57560C3E2B
:10B3E000C7D95A3EF2E5BABD11C1B5BEBE8EFABD8F
:10B3F0002A91613D614A8EBD5BF724BD51242F3EE9
:10B40000FD89973D66A0B43DD5FCA73D01AF2D3C1D
:10B4100013816F3CB500F6BD3B54D23C7100993DA1
:10B420008AC4EC3DD0FC4ABDA1DE0CBE75A0C9BDEE
:10B4300094C112BEA6CD383CF4995A3D48F5823DE0
:10B44000F394BC3C8BF7223DF2F904BDB3A7C5BD14
:10B45000658BA1BD3D1C89BEF81CB4BE99DF61BEE1
:10B46000079E913C8A6F87BE418B853DFA7EA23D47
:10B470004B300EBE7A6F68BDECCCE13DFCF07C3DFC
:10B480007BED5ABE115173BDBD48613D15CCC33D26
:10B490004053A43D3084453DDF07C43D1D589ABE4E
:10B4A00043855FBE73F0C0BDB403123E7870F53DB6
:10B4B00034F6053DB26A063EC56BDE3D671AF0BD47
:10B4C0003AD4503ECDEF013ED18AD5BD0429E4BE29
:10B4D000D3E37D3D69F638BE1AE62A3E082F84BEC6
:10B4E000497CD9BDF0EF943C32E5713E99111BBC0B
:10B4F0004A6335BE5AD0F2BDC1920A3D695E903DA5
:10B500003082083E38709E3D4A893FBD041A0FBE06
:10B51000548D7CBE81BF60BE620779BDB2B56A3D05
:10B52000A30DE83D70DD123D66FB5A3D5D29B83D37
:10B530004421263E3A7C093C20D117BED97FC7BEA4
:10B54000E31467BD73C0DEBD93D281BDCAEE3ABDC0
:10B5500005DF333EEF63DF3C461539BEDFA351BE46
:10B5600039BCABBEC2BF07BE76D4EF3B93A8E7BBE6
:10B570001D81043EF6960B3E8CC5DABD502E2BBEC7
:10B5800054959BBEEF7C3DBE23DDC63D833D9DBCF7
:10B590003500D53D2A2CBB3CA8BA583DFFFEDD3D09
:10B5A0001358B03DAE00B7BE1580CABE3B26A7BE3D
:10B5B000F0B286BC9B99DF3B5787823D39FAAEBB20
:10B5C0008DDFA4BCE5E7643D61AF44BE4EA83DBE3F
:10B5D00046FF55BE97ABCABD18A9C3BD6BC2353D6A
:10B5E000080ADE3DFD9C563DD856F5BCABFD6BBE52
:10B5F0007D8262BE24DF7ABDD67C103E8AA0343EB6
:10B60000134B993D1B63C23DB7C8A9BCE47CB83C51
:10B6100028220DBE5EAA8EBE8C8681BE1CC6CFBD02
:10B62000EA13EBBB4B5CFF3D981220BE98237CBE17
:10B6300025A9A7BE981C7ABE1DC163BEE15921BED3
:10B64000B8358CBD6BFDC7BC9BAAA23CAC3E9ABC76
:10B65000999D4D3ECB08F13D7C3AF5BC4FE107BECC
:10B660008EA532BEB08C22BE5350F43D8D19683E7B
:10B67000DFB1823D4375B9BD6B97CABD5EF9A0BD10
:10B68000D27670BE169F5CBEA029B3BE849984BDDD
:10B69000A83A0D3CD9FB083E93D968BEC135C0BE5F
:10B6A0004940BABEFE6DC2BE3E028EBE0C60EABD0F
:10B6B000F263533E1E926C3DDF7C043E2926443EDD
:10B6C000703E1A3E44DD313E8653363DE38595BEDD
:10B6D000B01964BE5F7574BDD832913C62DE983C8F
:10B6E00001BF8ABCA000F4BAB948B13C58853DBD41
:10B6F000C109F13C91FC27BD794559BE8EECC63C91
:10B700004FD931BDF6F4E73DE30F1FBEF68B66BEA1
:10B710005823B2BE6D58A9BE2D0222BEC27C92BD76
:10B720006F20353E8380433E14B2E73D71DC253EF9
:10B7300055D7103E100890BDF03AA2BDF3128EBD51
:10B74000497071BE0AF950BD6485C83B96B42FBDDF
:10B75000C5CB04BDB45A80BDB1B6FCBCC2D7533C06
:10B76000A72CF93D9394133ECE83083DA0FB283EC1
:10B7700055314BBD11E67ABDAA52E2BD043E39BE39
:10B7800048987CBE70D5D7BDBDFDA33C2B86113E2D
:10B790007742563EEDC0323E7DFB39BDB537993D0F
:10B7A000DC5841BE88CDBCBA8B9B153D49BDB93C28
:10B7B0006DE3573CD5F6CCBA2CB8003CD4AF183E5C
:10B7C00059878D3DB0EDDCBDFDA0B7BD0FAD6BBDA4
:10B7D00042D9BDBCE971263E133D073FF7F72A3E2B
:10B7E00060E9C8BDEF844BBE95B8F2BD1F2A833E09
:10B7F000BBAB6ABEB31F42BE4C1AB13DB2AB343EC6
:10B8000021D9B43DA8EB543D54B4563D383EA9BCB3
:10B81000BDA9D9BDFEF0233E858E2D3D1E0D753E82
:10B820006DC28C3DE540A73DD5F3CC3D214AEF3DAF
:10B830008093BC3DEA1D163E8C50163E886653BD73
:10B84000CA40D93D204B0A3E2808A93E5DA7233EA9
:10B8500055320C3E3E7A7CBDDC2CD2BDC55BEA3C49
:10B8600012A581BC4B37213D200AD1BC5073493E03
:10B87000E081463D51ADEB3D80F84CB9A2CBC8BD4F
:10B88000AD9BC0BDDECDA83CF67A833E205E9B3EDC
:10B890008B17223E4E907E3D7BE98C3E6078873E42
:10B8A0002D4C2D3E507A9B3E0EEF993D44FACA3DF9
:10B8B000CEFF8C3E1DE3CD3E13DCEF3E2CECAA3ECA
:10B8C000CE5A363D85D9FDBDF0C2DE3DB77FA83DDD
:10B8D000BEC175BC3B038D3BC4DD9F3DA24AD83D34
:10B8E00082196E3E825BFB3D7186ECBD6BD934BD27
:10B8F000239024BE7EF79FBD1EEC5F3E74D19C3E1C
:10B90000400C0E3E7DBF423ED803353EEBAA543E6E
:10B9100006B71D3EAB3FCC3E588B733E730A693D64
:10B9200086488F3EF8330A3FA418093EE66B3D3E39
:10B930004B0B58BDBAB0DEBCEAB48A3DDC7440BBE8
:10B9400032052D3E66083EBDD3BB063DC17ECC3CD4
:10B950001C84263E69941D3EC691F1BDCD779ABEEA
:10B9600014EC0ABE80BB59BDED43303EBEB6923EDC
:10B9700083C5AF3E1310C73E8939963EF9311F3E4D
:10B980004672553E3117B03E9885143E36B4763E29
:10B990006CD5E63EC49DFA3E53BB643DE28BA03EAF
:10B9A000353782BD008499BE1B48F83B28FF98BDFF
:10B9B0004F17893DE9CC033E7DB76B3BCC46393E02
:10B9C0001BD24C3D860FDB3CC36622BCE69DC2BD4C
:10B9D000830DD7BDE0E651BEC712103EBA7B853E4F
:10B9E0008F98653EA186EA3DB5AF27BC62ED77BC76
:10B9F0009AA9F03D6F4F4B3E1046DB3D8777E93DFE
:10BA0000AA1C2D3C8B6DCC3C4699AD3E00DDF23D31
:10BA1000225B623D45FE7EBE84FC173EC82B1A3E6B
:10BA20005CA99A3DE5F08F3D538BF63B2FEF2D3E01
:10BA3000452F953DAD7F0F3EC6F6CF3DEC750BBE55
:10BA40004BDB7ABE9C919DBE060496BD3ED40FBDD5
:10BA500090883D3DFFC625BEEB7B2BBD0CCFFA3A4F
:10BA6000D4728DBD3DF206BD33DF1D3D15AB31BE39
:10BA70007B7E7D3E48EA933C2F66B93E60BD8A3DA1
:10BA8000ABC188BD396BD93C549BF33DD01628BD62
:10BA9000E545983D386F4A3D9C380EBD0AC8CDBD7E
:10BAA000974A233D92ED1F3DCBBAFB3DC53B03BEFC
:10BAB00029AE3CBE44E007BE71E6D7BD1FB822BE2A
:10BAC000F9EECEBC9BE1A0BD41E71DBE276C2EBEAA
:10BAD000F83C8DBC3309A2BCD21D8C3DB8284B3E2E
:10BAE0007CFA173E6AA4B0BEB851273E29D84BBC99
:10BAF00070D5733C8A465C3D6BBD4EBD648EB5BD52
:10BB0000D7B5B1BC3ED1573D7075F43C61A7B03D8F
:10BB10002815343C7E9A2FBB595C243D4493F8BDD4
:10BB20001DBDC4BD23E05BBE8A2D81BE381D80BD16
:10BB30004F51153C46E853BE8E7442BE73F977BD33
:10BB4000FC1F473CB6990ABD9A363FBD49091DBD49
:10BB5000CB6401BDBFA699BEFF6612BE0950883DE9
:10BB6000D37DA93DB224353D2F2226BDE0244EBE13
:10BB7000E10DA9BE1415D2BD5E25EA3D74CF413E4C
:10BB8000ABC60D3E3F7FE53D9D1990BDC314E6BD9C
:10BB90002B59183C66FC25BEFD2C2DBABE7D753C8C
:10BBA000C109F7BDA0D345BE35CA99BEF6AB3C3D31
:10BBB0007D4482BC4C4F103C276C62BE5ADA11BEE9
:10BBC0006A4EC3BD4AB09ABE2E327DBD9C65C13C53
:10BBD000CE445E3D02641A3DBB3F1B3EE27F75BE14
:10BBE00049425FBD225640BD7AC18B3DFA3E293E97
:10BBF000CB0F853E424E2D3EDA45843DE00E77BCAC
:10BC0000FFC10CBEBFBB0DBE52441FBEAF868EBE71
:10BC1000BE1E3CBE0F3406BEFA1003BE42F772BE13
:10BC200029BEABBEAD3219BEB877D1BE689AB6BEDA
:10BC30008D767FBE8CE4913EA715353EAA6C023D01
:10BC4000985838BC007B30BB952112BEA8F9283E1D
:10BC500016A46B3E03A40F3EAD03633E535F423E0A
:10BC60000BA4823E8CA9723ED647603D295B6C3E98
:10BC70000115833E7E88673D95F2E23D31BB043E6F
:10BC800040488F3C8169C5BCA0DFC4BCF34FA5BE52
:10BC90008C8B7ABE04A087BEB2245ABE6FFD68BEEC
:10BCA0009CA193BEC49F003E6B61BA3D1051FE3C07
:10BCB00050BD93BB060B69BDEF658D3D40BB22BEF9
:10BCC000E3CFC0BDD33A91BD470C873E08238D3EDC
:10BCD0003F620D3E44070F3E4BE7E33D829F223D0E
:10BCE0003ADF08BDEC0832BE2D1316BB7196123E2A
:10BCF00047BB5E3EF36944BECDD9A8BED6D10BBECC
:10BD0000A3C9EFBE8010C5BE4EBB0DBEE9E109BEA2
:10BD10001EAA7DBDD28DC6BAF62C4FBD6806203D49
:10BD2000DA9F6B3D0D3E47BD6A9F97BDACA8903C26
:10BD300042DBC13D66DF5B3D562FB6BC80941CBE26
:10BD4000BA3151BE9AE453BDE3E178BD21189BBDE1
:10BD500088F91ABE93CCD3BCAAF47EBDA7BC2EBE74
:10BD6000FA8349BD93BA1A3D9507013E0B334FBD87
:10BD7000758E7E3D020C8D3EB8618E3EEF4F053EC6
:10BD8000085FA8BDD3139DBD945789BC187A1DBC0C
:10BD90000AA45A3DD0E00A3DE0AED13B1D76A83D55
:10BDA0008C95BA3C4A2BF1BC92B2A0BDD27DC6BCE8
:10BDB000D8861E3C40058F3A88ED133CC651373D6E
:10BDC000DAA5A53DFFF6CC3D13DFB9BDCF97833B88
:10BDD0004F85A9BDC895AA3CECD38CBCA06ED73CBE
:10BDE000244F193DBAD42BBDF0649CBB3037B6BC90
:10BDF000AC3B57BD45A495BD58E50D3CE0679A3C6A
:10BE0000181919BCA0B42ABC7A8E673D44BC9FBDEA
:10BE1000F7E0C13D4865D43DED86523CC561EB3D40
:10BE20002588193EA7606E3DA3E7413E2AF2983D62
:10BE3000002A763E24C6A93E88EE363E64B1903C88
:10BE4000AF29863D50B529BC0EB49B3DE00E703E37
:10BE5000C7AF1A3EAD7DCA3D5DE86B3E981D013E01
:10BE600071C0A73DFCBFA03C86E73E3DAEAD79BDAD
:10BE7000A829A53C9250E6BC44FD02BD9AB399BBEB
:10BE8000C3E1A33CDB00D43D906FAE3DC9021F3E31
:10BE90009C8BD2BD07A049BE2ED48CBD702AC13D5B
:10BEA000DA08933E17CFBA3E6724793E739A873CEF
:10BEB000817B07BEB7C167BEC22B97BE029AD23D37
:10BEC000530A6D3D5C0FBF3DDF6F623E484B993DAD
:10BED000570BECBD5340BBBD88DFBABCD7654EBD28
:10BEE00026BE583DF93F15BD645AE73C02F8843C34
:10BEF000A073C33CF20C89BDC78197BD5539B43DD1
:10BF0000658644BE2A379EBE67B981BE4A3B6C3EF9
:10BF1000D86BC63EBB96883E5231C53C4D3D91BB69
:10BF2000681C2CBE61025EBECE813ABE113530BEA9
:10BF3000EF190ABD56332FBC8ED7E93D6306C6BD47
:10BF400052F310BE6FB26F3EC8C18C3E42AF69BDA6
:10BF5000E030813CCAE3633D90754ABCDED88A3C40
:10BF6000B6B633BEF728B9BE5335C1BE79BA09BFDC
:10BF7000025EFCBEA3B212BE3F35FCBDB5B2803E30
:10BF80003999893EA64DE3BCFF678E3D313FE5BD43
:10BF90008C93D0BD8B6F0EBE1F5B4BBEFCA3113EBE
:10BFA00056ADE33DA9741E3DD9EBB33DD6446C3E7E
:10BFB000A1CCA13EFDA0783EA5409ABD4A81323E6B
:10BFC0000CAB87BDD293FABC5A6646BC20B65CBEA9
:10BFD0005EAE41BE9455AEBEBBC20EBF537805BF28
:10BFE000E510CFBEB26BABBD033A533E664F3F3E4A
:10BFF00068F82F3EEB8F48BD5405ADBDFDEEA7BEE2
:10C00000D50320BEFB5BADBDA84411BE4337F73D51
:10C010009387863D6159DC3C5E21F03D792C103ED2
:10C0200053BDF03D5CB604BE6814243E8A495A3EB6
:10C0300020A4AC3BAD8E833DF0DD8A3E639A15BEF5
:10C04000D60C91BE173DDBBE751725BF4175B7BE37
:10C05000DDA949BE7EADA03B52B1E43D52F4413E64
:10C06000BA08073D00BB8B3C6F1C16BE478C9EBEBA
:10C07000F6CC84BE92C85EBEB92817BED01A353E33
:10C08000BFD39A3DCC68BFBD053B723EB4D7503E8E
:10C0900079BD893EC0E90D3E1C44BF3D4024BDBD75
:10C0A0001E56A2BDBD9260BED7CFB63C4D6E10BE2F
:10C0B0001900E3BE1FF68DBE159C1CBF3A5D8EBEF7
:10C0C000A102C4BDF8C84C3E367D973E60439F3EFA
:10C0D000D1D0B53D361B30BE2D8E6ABE8A166ABEE3
:10C0E0005D4DC0BD86885E3D2D93B43D8787243E5F
:10C0F0003FF3033E9863D93D721DA23E01EEA23E7E
:10C10000667D003E53A8C8BBA1D3C73EC5C3873DCB
:10C110004ADFC2BC18A9F2BDE7DB3ABE75F368BDC1
:10C12000C9327EBE1236F5BE9B2005BD75E5533B78
:10C130007C349CBDED645C3ED8A1823D6AC95C3E06
:10C14000EECCD63CCFE697BE93DA60BE268BD5BD4B
:10C150002325213AD5CBC43D7F7E363EDF05953E73
:10C16000ECFED03ED2D9D13E4DB0E03E2096853E89
:10C1700042C3C23E6D4EA33EAE4F773E4C42413E5F
:10C18000CEF13B3DDD25EA3C3C0F17BE62849CBDF1
:10C19000EE05C8BDAE1C76BE05B71FBEAEC407BE59
:10C1A000BB33EABD4D65FD3D0F2F223E3C5D8F3E0A
:10C1B000B7FCE73D4A786DBEE1816FBED9B423BEBE
:10C1C000DAAF0C3E0A82103DB741B93D186E553DBD
:10C1D00023D3123E633E2D3EF6893A3E4487BDBCD2
:10C1E00087F5C33E57DC683EBA84303E7264DF3C5C
:10C1F0002A6EF8BCCA7D983DA48576BE9818B9BE53
:10C200002E40A53D372D43BE9BAF61BE3F1D353C43
:10C21000018F953D33EA643ED35CCE3DBB26253E7F
:10C22000A18D733EFB6A3EBE9DDDB5BEA426D2BD88
:10C230007AA28DBDA2368FBEEAA397BE42AA2FBEB8
:10C24000319E5ABE2B1C5ABE420586BEDC79ADBE5D
:10C25000DEE8FDBA576B69BD3F83253E0267E13DCD
:10C26000578B933DFBA3BABBC7DD8CBEB367E9BD5B
:10C270008580A63CAF5D39BD3895FFBD3BEFD9BC8D
:10C280008042403DB4B83C3CC1CF0A3E8807393EAD
:10C29000C4E9743ED99721BE26576EBEE4028EBE15
:10C2A0008A8CA63B6FEE11BE4CCA43BE9691A3BECC
:10C2B00048E525BF0BEEFABEAA02E9BE3F4FDDBE40
:10C2C000B836AABEE2A58FBB30E61D3D0D44F7BDD2
:10C2D00089F08ABDE5DFF93DEEB03CBEF54D913EFB
:10C2E0005391B93D94F6A53D91D9ECBD1CEAC5BD6D
:10C2F0003A8900BEFE84A1BD24513F3EF08D1A3E16
:10C30000F9F3283E19E4213EBF4BACBDD3AC983BBA
:10C3100096C4D5BDAA2B51BDD4F0E0BDF89405BE9E
:10C32000277EAABE418DDBBEBD6EEABE8CB096BE36
:10C33000880ACABDEB3CC8BDF7487FBEEE6B36BE6F
:10C34000D9EABE3C81C03E3EC92014BEEFA6DF3E06
:10C35000C0B5433E8802D53D901D093C3CD72BBD5E
:10C360009F4613BEB22BAD3D8755CF3DCCC8AD3DEA
:10C3700045A2423EDC62D53D15E07F3D3615BB3D12
:10C380006270A63C1943BFBD065F1DBDAFF0493EBC
:10C39000AFBAC03D942097BDD75C17BC029443BE92
:10C3A000FA2819BE3A22A2BEC446A3BEA570C4BDD7
:10C3B000B4D9DF3D36D5673E414F39BD387606BC2E
:10C3C0000CFC493D5A5FC33EF58E12BC5423F5BCAC
:10C3D000D0F0D1BDF021AC3DA6E37A3CE52CB93DCF
:10C3E000A8CD833D90A1673D1A0F163D4D454E3DAA
:10C3F000A1CFB23DD241473E13C8DE3DCB1E6E3DBC
:10C400005C601B3E2EA4D93DA79D2D3D839F3F3DE3
:10C410003EA516BECC9D99BE3EFE9CBEA90026BE82
:10C42000DB77C73DD56CC5BD88670E3E246E66BE02
:10C43000305BF6BD155D2C3D5609D43DE477373DA4
:10C440002C917ABA3A51453C02402CBC29E3D13DAB
:10C4500033BC313DA3CCE33D867E89BDCF791EBE82
:10C46000467B0C3ED0636E3D82ED373DF264C8BD25
:10C47000306E23BE01B2D83D1B86863C78311FBE8C
:10C48000EBACA6BEF4FAFFBE7B86DCBEC41C5EBD70
:10C490005E66C5BD9EFDE1BC66869EBD4D7B94BEBD
:10C4A000275E24BEC24D4D3DAC31DA3CFA2596BD27
:10C4B00051EEC2BDBE8A79BBB2BF12BD4904853DF3
:10C4C000ACD1533C403F353DCE7443BE0B968DBD41
:10C4D0002F2B2E3ECD72C33DB4776ABD906AB7BD97
:10C4E0009EAD07BEEF0D4CBDB0950A3D651386BEEF
:10C4F000BB9756BE944419BE9559DCBED8F6D93CBC
:10C5000013EDA13D83C12639A8A69ABC6FAEBABD72
:10C5100026CE95BB862E85BD3263013DE202B63D37
:10C52000123B79BD4F19BCBDDF6ACA3B92C4513E74
:10C53000395DC83D4656AC3D4AEA2EBD631C24BD5C
:10C54000DA3A46BD644402BC9728C43DBF33DA3DA5
:10C55000D8A404BE8FA307BE6A5E09BE69446EBE3E
:10C560007BC67EBE4EFF2C3D22ACBCBD82549ABD24
:10C57000D0756C3DCF2250BCB872CE3B33AE6BBD94
:10C58000FC1C11BE83FE53BEB36DBBBD9FA9983D7D
:10C5900081FBDE3C0DCCB93D9A9AAF3CBB1203BD8A
:10C5A000452A0E3DFB6B0C3E8FC28E3D201FC23CC8
:10C5B0002E058DBDA5F78B3D6AD2173D6528963CAB
:10C5C000BD5D23BDA45005BD838481BE3FC250BE66
:10C5D000BE1395BE2040B4BD79EC3EBE2F023DBED9
:10C5E000A06C87BA290545BDCCD8F3BDA7D0623E63
:10C5F0001BA926BE79476CBE94198DBD4A0A8CBE14
:10C60000E711923D38D20CBD4D7E80BDDB8E503E91
:10C61000A210D93DD16FD03D3545123B309D2DBD87
:10C62000EEB84DBE5C6889BD42D4113E6C3E573DAC
:10C63000F1B718BC675FDDBD330F49BECFC9DDBDA3
:10C64000413452BD25FE47BEE565EDBD9E433EBD6E
:10C65000C39CA0BD2FEAAD3CBDF780BDD2BCC9BE16
:10C66000E7351CBEA5B9FCBD4E791BBE01287DBEB9
:10C67000089C1CBC9FE53B3D7C0758BDBD1A5C3E39
:10C680001D61643E6EFFE33B7EA692BD7C81CF3D83
:10C6900057C40E3D806EF13DD8A5D73D7522E23CD2
:10C6A000B574CEBD709826BEC08672BD86CE863C5F
:10C6B000E3C2963BEB583B3CBAA325BE98D7F63B6A
:10C6C000F1434C3CB842D7BCF251DB3C40ACABBE72
:10C6D0008ED61DBE41008A3DF1CE82BEBE74F1BD34
:10C6E00014C51C3D0D744C3EBEFE8D3C0B82EA3CD5
:10C6F00046133A3D0469B73C4083793D5BBDD9BBE5
:10C70000FD9FB53C8597193E70C64F3DA92499BD44
:10C71000A393223D797092BC6789AF3DDB40A03C7A
:10C72000605C24BD279DE03B2C90123EAB908A3D7F
:10C7300027E1FCBBABE2A5BD2308B6BC3AA6C73CCB
:10C74000BC0A59BD44B717BEB267B3BD6FE341BE63
:10C75000A346A73BE26EFF3D17CAAB3D1F7EA63D39
:10C760009E3A0A3CCADD86BD5B752F3C0288823D3D
:10C77000ADE0D03DDB37F83DAB5783BDA03E3A3E40
:10C78000D8E6F93DB8A51EBE7FA60DBE50FF243DDC
:10C790004CF80B3DABAFF8BD31A8623E71B866BD39
:10C7A000933897BDC05B89BBBCFC0EBD146FAFBC9A
:10C7B0008F8F353DF87DB2BB3A8E9D3C80F82ABC08
:10C7C0004B9613BDA9F3FCBD8E1E87BD1E0EB83C53
:10C7D000AEE34F3A02C18BBDD1DB003E721A9EBD63
:10C7E000E48ACE3DFE2BADBC52EE893DFAB8CC3D7D
:10C7F0005D883EBD1217B0BD178D37BEA720583ECD
:10C80000EC79CCBD888632BD1CFB873E23F8AA3D5F
:10C810004BC005BD703A18BC973D2ABEF127BDBE7E
:10C82000EA4ECEBD625F9F3CEDAA803B6A2BB3BD52
:10C830002ED3F0BD975C743D2EF5123C7D35253D21
:10C8400025E9DBBCB8EAAF3D851CCB3DDCD4BC3D63
:10C8500073C2503EDC744C3C94DACD3DC0BE1F3DEB
:10C86000F6C343BDB7564ABE04B3A13D44944C3E03
:10C87000081AB33DA11A2ABE95BA47BE98E05C3C9F
:10C88000CC9379BDB728953D06F4133D67E993BD78
:10C89000EC81F9BDA1F6A1BEC140AABDB158CEBD83
:10C8A00020DBF13C338E393EDE098ABDCEEB7EBD06
:10C8B00002CA563D929D803DD3839CBD4446BEBD79
:10C8C000B6820EBEF6011FBD790A4E3D0718F8BCB0
:10C8D000DA6E55BE9906FA3DD2D2503EF7A4533EC9
:10C8E000DBD5983E2D8107BD7E2EB0BD00079AB9DD
:10C8F000FBC588BDC2924F3DD7EDA83D602FF73BE9
:10C900006E48A93D4D2FA5BE2C24C8BE9CA697BE3F
:10C910000C6BDCBCE6BC963C07DCB6BECC4B443BA7
:10C920001AC9653E57B933BE43877DBE33D2B1BE07
:10C930007AD818BE8D99C7BD641AF3BC643F4FBE48
:10C94000F59725BC95668B3EFF726C3E6A74A43DDC
:10C95000C87257BDC902543CC358893D4821563C52
:10C960000BA8803D63D03DBD9803F23CC6F6A1BD47
:10C970003A37183D1894C43CD7F3E0BD3FF845BEA4
:10C98000466D8EBD076D4CBE021305BE0FC96BBD53
:10C990007A06ADBD1666FEBC1C14DFBDCE73DFBDCE
:10C9A000462E50BEFBAC23BE8BDB37BEC07FADBD79
:10C9B000750C453D950BD73C3E9A20BCD7DA35BD6A
:10C9C00036B5A7BDD0B99A3C2281C4BC50D44BBC6B
:10C9D0002E65133D34D540BDC02500BC64642EBD1A
:10C9E00038B69ABD4AD5EABCE0E360BB8BB99F3D3F
:10C9F0006976A7BDBC0235BD6A08413D00C53F3B15
:10CA00009192B9BCCAF5F6BC4B3E563D90D09D3DC7
:10CA100020EA203D4B3DA53DC181A7BDE6923F3DAB
:10CA200058CB38BC60BF443C00160BBA2F91983DE0
:10CA3000778DA0BD1442E23C8BC6A73D22F0F2BC2C
:10CA4000F18A9C3DB8AE063D03F6A43DE00F643C80
:10CA5000D20F8F3CCA539FBC5BC21ABE6B1A10BE6A
:10CA6000BF9915BE1C7A93BD5C4A4ABDFD956C3CCE
:10CA7000D09D033CE852DA3DB59CD7BD1B41583DE3
:10CA80000BDF5C3E76C1523E19C829BD46128BBEF3
:10CA9000045BFBBE4E9C8ABE682C36BE1CE724BEDF
:10CAA0001F8A8D3D66DE073D0050D6BC8C0F803C52
:10CAB000BC1D68BDEF718F3D9909133D9621B63EAF
:10CAC0004EA6913EBF6E11BE1CE716BE367B6ABEF7
:10CAD00088C19ABEDD4381BEF49C09BE5EE0ADBE56
:10CAE000811743BE10AF0ABF18DCE8BE8910E1BE53
:10CAF000891AAEBE510FF4BE639675BECC62BABE43
:10CB00009B5D73BEDA3781BDEEDCA9BE60BC5FBE43
:10CB1000D4F2EDBC9A48E93D80CB24BB272208BD66
:10CB20008D31883D647CCC3CB48D22BDED588B3E6C
:10CB30008FE16D3E9DB6893D21D19DBEE0F2EFBEF5
:10CB400049F22BBE81AF0D3EF3A4EABD99C162BD8F
:10CB500011BBE5BDD5D505BEC0DDD7BA721AF1BC93
:10CB600003663A3DBAB3D13D838DB03C3B8076BE7F
:10CB70007614B93D918C163E88A16E3C9871893E21
:10CB80009FA5573ED0C77D3E02F73CBEA05F67BB66
:10CB9000CC5E1EBD7C5ED33C2939203E428B1ABE42
:10CBA000452484BD4E0C90BEB89698BE054BA5BDDD
:10CBB00029D411BD41C4C43C592F6FBE7C763E3E82
:10CBC00075D35A3D388EF9BCDAC3F0BD21A997BDA3
:10CBD00054EE7FBD528329BD4BD4413D3A6B453D58
:10CBE0004721E9BD5DA22EBD92DE6C3D3B6E64BE69
:10CBF000E1073CBD97BE853C018C9E3ED2CC80BCFB
:10CC00000B91963DD2CAB7BCEAB01FBEAA8BAEBE8E
:10CC1000296293BD21AAD1BC1E93453E6779B1BD5F
:10CC20005E1BC7BC8AB5263E5A22013E435C523E7B
:10CC3000C8D8123ED8A5C83DA5DABF3D3B70FBBDA4
:10CC4000C455AABD02B161BDC8B99D3CDC7CFFBD25
:10CC50002ED0C7BDC8A799BDD24603BE314395BEED
:10CC6000D3CC52BEF2BC1D3E6E40343EE9E5FABD67
:10CC7000AD0B8C3DB8E25BBD22C9D03D08266B3DB3
:10CC800003EC5CBE1648C13D754F283E7A23223B1B
:10CC9000AE59CCBD1E1AE9BDD440853D5124913E0C
:10CCA000620B1E3E6995DC3C1A01273E89E0CB3DB4
:10CCB0003A383B3E77753F3E34ED1E3E8449D83DC1
:10CCC000DA4FA0BDE084733EDF4A2A3D8E0AE6BDFE
:10CCD0004CE32CBE7CBCEFBBD61A63BEF72165BD0E
:10CCE0006FDB32BDBF3E93BBE5FD503E4731513E49
:10CCF0008B1187BE42E1ACBE60EEC53D370688BDF4
:10CD00000378BBBCC58E9B3DAD0E843E8D5E703EF0
:10CD10003C714B3D1EB4BE3D965F07BE12DAD93D55
:10CD20005ED89ABC3C09A23DC875613E8868043E45
:10CD30004953273D7E7F463DA2EC193EF36E083EE7
:10CD4000B13C263E4706D73D42A37CBEB2BA70BE78
:10CD50007E660FBD862C693E9E81F03D693BE5BD38
:10CD6000BC484FBECA8E59BE79823C3E91398E3D39
:10CD700054F7333EF111473DCE26903D473795BCE1
:10CD8000651BB13AF46A44BD322D933D731BDF3D00
:10CD90002D07BA3D28498C3D77A3C33D4DD9B33DFE
:10CDA00013E8F13CBEF4733DF8A64C3DC72DCB3DD6
:10CDB000AB8A693D0110E5BD19C0873D23E319BD6C
:10CDC000A73A313D2FDF293EBEAB7FBB9841B0BDB6
:10CDD00059BAD7BDBC03D1BC0DC8833E690E9ABDFC
:10CDE0003B2D9F3DF3AD823C3A1B2D3E16897EBD07
:10CDF0003E9A60BDF99AA73C90A782BD3310EC3BE8
:10CE000008C814BDB3D223BCAF4B013D16EC143E91
:10CE1000C6614F3EE7B24E3EC1EDCD3DCB28093E47
:10CE200042BC2B3EA014843CB2C749BD9F3738BDDD
:10CE30006561833CF7D01ABDD3CAA03E982B8CBD48
:10CE40003118453C837E9CBCAC410A3E7F95F73D42
:10CE5000EBC8AEBD9BDD003EE929BC3D8296B2BD6C
:10CE600073125CBDAA03D4BD79E1E53D6FF1CD3C01
:10CE7000C68D51BC4D5F9F3DF3B2493CDAAFFF3CDC
:10CE800040153B3E0C350B3ED27B5E3EB542103E1C
:10CE900053E11B3C9F9127BE8CD4CABEAA12353DDC
:10CEA000ABD9AF3C451130BED616073EA171143E3A
:10CEB00097ED0DBDB2F816BEA369A53DA072493E1F
:10CEC000C3601E3D0917B2BDFEEA953A168442BD05
:10CED000BE66093DE3616ABB6E342F3D1FF395BD0D
:10CEE0003195EABD089D573D722459BCE965D13D95
:10CEF00011803C3ED67CA93D72D3003E6FA8AD3D6B
:10CF00005351CD3DF097BBBE901F8B3DA16C883E29
:10CF10006251813D3D83A1BD06F0723E20734C3EBF
:10CF20003347403EEECB103E74AD123D91026E3D54
:10CF300056DCC0BD5A4AF7BCF12725BEB85A80BDA1
:10CF4000076982BE12FD50BE837513BEA384C2BCA6
:10CF500076387F3CFC88143EF9882B3E44ACEE3D8D
:10CF6000AB392D3D382C733DB964343DB01BF33DD6
:10CF7000F65B40BD8B80C5BEB72CE2BDD5659A3E41
:10CF80004832D8BD88E7B2BD6C42453E6399413E08
:10CF9000A8C0A23E3E6D093E5E31EE3D03772E3EB7
:10CFA000DD7203BD2755663D6925283D9B6BFCBCA2
:10CFB000804B98BC5991F3BDEA360FBEAF7E7FBD62
:10CFC000DCDA05BDE76BDD3DDCE26D3EED721E3E59
:10CFD0003B8F003E8D28043ECB652C3EEFA71F3EC5
:10CFE000B71205BEB9FC1F3D86BE18BE080D64BE53
:10CFF0007AA604BED4E917BECB5E91BDC435DC3D34
:10D000006D05EA3D1BE89B3D4927CC3D5DC3463E8F
:10D0100028EF6A3DC1FBD93CDFA10F3D8544903D1F
:10D02000166BA33D6C47CB3D1C1EA83CEE5ADD3D64
:10D030009F0F08BE8BF6BE3D25218B3E7849233ECF
:10D0400005D3283ECE99813E5263663E30703A3E0B
:10D05000747273BC4536F1BDEEF9FFBD6E6A3EBC1D
:10D0600014C3CABD981FB7BD836EA0BEB6A1F7BDDD
:10D070001FC2973D1753DA3D2A8BFC3DDB933A3EA6
:10D080008E0C303EBA4DF33DE8EC363D7E4B743DA0
:10D090006F00E73DBE5ED9BD6ACBAFBD7D2E823D40
:10D0A000961245BC8047E63D043D663EF429133E9A
:10D0B0000805803E5F1A1F3E75A1C73DD2FF103D97
:10D0C000A252343D316687BC3897E1BEBA05B33D04
:10D0D0001C0D833D4DB9D63C2FAB65BE09BF09BEC3
:10D0E0003F11E03DE3DD833DED367A3E7AFA1E3EA8
:10D0F00079E4BA3DAF6F4E3D41953F3E12E0903D21
:10D1000098557A3D0F33BF3CE20338BD740E68BDBD
:10D11000565F2C3DAA51203E1C7EE53CD03E423D50
:10D120009FCA203E2532F2BDFAEBBF3DC9148EBC2A
:10D13000CB2212BE025445BED2F570BE8C3C033EDB
:10D140003B8DA0BD18E829BEF277FBBD227ECFBD86
:10D15000135B773C11BA0D3C12F06B3D18F5F73DAF
:10D16000170A8BBDF207013E85D4F13DD07F2F3DDC
:10D1700060160E3D0B412FBDD0728D3BEE83193EE4
:10D180009E12703DDF0F053E971C91BB02A0B8BDFB
:10D1900087A22B3CB1492EBD9E0F82BC1AA4D13D63
:10D1A000CCC97BBDD600EDBD4BF0033E477A513E66
:10D1B000B94D833EA05BFABDA8005FBD28D4BFBEB9
:10D1C0000DEB813D23A405BD4ED3963D930D3D3D12
:10D1D000C4D885BC4BC5683C778DA43DFA7A833DA5
:10D1E0009CDD82BED74623BE552B2BBCA9FBC83D78
:10D1F000F7E7CF3BEEE11F3E63DCB03C68D0FA3C82
:10D200008FB3E4BDF185ACBD64D2B73D4069AF3D9D
:10D2100024BA19BE423F2BBE0E314B3E07A1C7BEFA
:10D22000550BF33CEA5E863E0BCBE03CECA13DBEE9
:10D23000B5F25A3CCEFB683DD625903DA84F953DB2
:10D2400024A929BC6F5EF93CC00FB73C7D013ABEF2
:10D2500018AFC63BA0622CBD6E888D3D8AD406BD3A
:10D260008F5ECDBD9CF1043E9156D23C63D7183EF3
:10D2700091452FBDFDB8DC3BD7FCE43CC3890DBE16
:10D28000E67F433D6CCCE5BEB0B62FBED96584BE0B
:10D290006230113DA66B563E877606BE2D6556BEA2
:10D2A000A39D80BB11CF2A3E4566BFBCE6066BBC82
:10D2B00025E3EE3CA56EE8BC5FB9DB3C854FC33D82
:10D2C000A8992FBC8E258C3D9F54F6BCEBDE01BE89
:10D2D000D36141BEBE8068BDE8FEF5BA7377703D8C
:10D2E0007988F7BDE07360BEF12764BE015786BE42
:10D2F0009A5E213DA8F451BE9BF64FBEB083B7BDE8
:10D30000049C55BD834AF53A280D9FBE3714C2BB15
:10D310008F52FB3CC29C883D6B82FC3D5FD70ABEAE
:10D32000BC1F81BD6FF4E23C0FAF993A839ABD3DBB
:10D3300090C4C43D621873BC832CB4BD055A07BEAB
:10D34000746CCCBD238327BD13C2F7BD2FE273BE1F
:10D35000F440E1BEA72596BE92CF84BE6B5B36BE7D
:10D360009CFCE9BD6F48BBBEB4D59F3E144B1C3D31
:10D37000E74705BDD96FF3BB0D91AA3D30B68C3D93
:10D380005578D6BDC2468A3D75A1553E3924B03D7B
:10D39000DE55F83D423616BD2851D83C06E1C6BCE4
:10D3A000523ACB3D15E10E3D3EEF4DBD6FEEF7BB62
:10D3B000434F533D71856ABD519451BE8AD658BEC4
:10D3C000B948DDBED3AE81BEA2AAA33C684F39BE28
:10D3D000869E49BD05BCDBBC77362ABE737A763D96
:10D3E000D60C46BD090F983D515E13BEC5048DBED7
:10D3F000D4A846BE1658ACBD8032D6BCB7CF453E89
:10D4000078DB103E92E8CDBD588BD1BC994CF73BF0
:10D410006657B5BD622805BEC87DFD3B152B0DBE08
:10D42000F3DD6DBCF0980ABE48A65CBE854E82BE98
:10D43000886C8EBECE7E74BEF954F53B006E30BD56
:10D440002CF2613D6C83BEBD70DC58BEC62D723DB2
:10D45000BBF64EBD36553E3DCFC9463EC9218DBEB9
:10D46000C07C473EB844453E3F60D5BDC6F942BD8D
:10D4700010DF373DE810AFBD1A5DABBD3CDF02BE2B
:10D480003B711ABD22D6093A293E0EBE8E9E87BD3B
:10D49000CC98AABD4E22EDBDBE84E2BD9A5B3EBED5
:10D4A0000864903DC8D796BD324A1BBDD0F5483EB2
:10D4B000BDDC97BB063A16BE922F123C31B69FBD1B
:10D4C000A2632B3D7052AABBB61F823DAAC9453E3E
:10D4D0002E86163D13C0A23D28BA19BEF156FB3C5C
:10D4E000CCC29CBC998179BDA493463D8D2E2D3E26
:10D4F00046D7D3BD2C4128BE3D9F8A3DFC1321BE9B
:10D50000ABC65CBD1DE3DEBD76BBB8BDFEA0DBBC1B
:10D51000802A303CA793A43DAD689CBD777334BE90
:10D52000AD54A9BCF16DDB3C6747C2BD4EFA99BD55
:10D53000781FEABCEFD2823D26A73DBD0BB4283E42
:10D5400049AB5A3EB6DB473EF2E92A3EB70F2D3EC5
:10D5500090E2E23D83BD5F3E2729A83CF0C9563CDE
:10D56000380A0A3EF1A0843E28ADAC3EF8C897BD0B
:10D57000DABAF23B6328843EC6595F3D22150E3E5F
:10D58000BB847B3E6CA52E3E3D1D983E3FB15A3E6E
:10D590005746863E7DB3DFBD200C49BB02F7693D8F
:10D5A0006D654CBDC6F83F3DC495AE3C06296E3D49
:10D5B000DB22D4BD03B9DCBDBCE7D33D79040A3E10
:10D5C000C2AFF43D479BB83EE4D6B83E4110243E7E
:10D5D000143C273EE9203C3E9DA0873E4732C13E99
:10D5E0007BED5C3E5C8A6D3EF6FFAB3E64F98D3EA2
:10D5F0002054033EBA81933E6C29573E749124BE59
:10D60000F0A8203D6CAA9B3C7F09923D4D0029BDAE
:10D61000C7CF3DBD40E4DA3BEC1AA13C731239BDE3
:10D62000F171993DB024C93B40F0433B203BCA3BDC
:10D63000617731BD7964993D3F2D2DBD723E793DB5
:10D64000D387EA3CB00847BC28941FBD65D695BD7A
:10D65000EB9EA53DE6AD2A3D65E187BD43E09EBD5D
:10D6600082ECE5BCD891233D85149E3D60CB08BD7E
:10D670005217453DE03974BCBA6516BDA7388B3DDD
:10D68000DA65703D80EB173D9812173CC004DC3C16
:10D69000590AE239272FAD3D6534BB3D751CD43D99
:10D6A000720DB53D936DA03D204FAF3DC5291B3C8C
:10D6B000C552AD3D507DAD3DFBB7DE3D4F06513D02
:10D6C000B48B4BBDB22B3F3D60A3833DBB55EC3DBE
:10D6D000874D9C3D3159B23C5C3748BD1F3BAC3D4A
:10D6E00060C612BC58CC20BC851D7BBD775F1ABDBF
:10D6F000348EE33CF3DE933D0D488D381779803D41
:10D70000D213C13DE7D1DD3CCF6F4D3DDA4AB43D88
:10D710007B39153DACD052BEF1FD84BD7566423DEE
:10D72000B1825C3E3E62AC3EBF1BCE3E82D9A93E7A
:10D73000065C3A3E3A3ABFBCC686833E30F4963E1B
:10D74000E968373EE698C93C27CBDE3CE248DE3D3F
:10D75000ACCD1BBDD80B64BC4C3F89BD207C12BB3B
:10D7600053C000BD6681763D90CB723CF34EFEBC4B
:10D770007386B83D67AB273E5279153E78CADF3DC8
:10D7800072CB253D5AF266BC486791BC70BE463EDE
:10D79000B92B173E7AA4BA3CF22CB33D1CA71A3D14
:10D7A0002E24873D705EFEBC464CEEBD7A00F63DF1
:10D7B000F7DE333EED78873D81ED7EBEAA27C2BD00
:10D7C00032F7263E400DB03C58E88A3D80E9F63BF2
:10D7D00010B51D3CE03E6B3A8E5ED63D14828C3E09
:10D7E000A97E1FBD36519D3EA6BB233ECAFD1ABE73
:10D7F000D254A6BD20481CBEEA1A8ABD293DB53DBB
:10D80000D475633D3B86E6BD9A2B2C3CFB01A73DBE
:10D81000D1DF583DBF4E06BE38D6683D278D3A3D14
:10D820003A48C9BD8C4D8C3E80F76A3E8F02F83D68
:10D83000B2C90C3E3B34D93E2BD1333E62B0B1BCB1
:10D84000685C773C19058A3D58AFC43DC2E06F3E25
:10D85000A42671BD3BE4733E4467603EE469053E27
:10D860003E72FDBD8560C5BD818C69BE7CB080BD4A
:10D87000E751973DD142513DBB4495BDA6C705BD7B
:10D88000E1B280BDBAF941BDE2E321BD8106443D6C
:10D89000657EA63C8B17BCBD2300B83DEA83613D85
:10D8A000C9E203BD4D4E2BBE012D3F3D560429BD9F
:10D8B0009A3F7DBDA9EFE43D6518153E4D58A1BDC9
:10D8C0004FDDCABD5676C3BC97CAEEBCE6BF7BBD72
:10D8D000E8EC4CBE42F550BE0323DCBD88B0203ED0
:10D8E000E2A38D3D671ED63DC9B157BCEEF96B3C36
:10D8F000D649923D723D6A3DD4B7CA3CE30CE33B46
:10D9000088EDDCBC9C938BBE51EC39BED7FA31BE9E
:10D91000F82626BE93BB4FBEE27980BE5BBC34BD09
:10D920007E7EB63BB31AA63D0A29123E2E18A3BE30
:10D930005E374ABEFB219BBCE3C6D6BD23B88DBD76
:10D94000A3CB823CC471F3BDB51522BDA9955C3D46
:10D950007CE6443DF0D6993D0B483A3EE781B63D22
:10D9600023432D3E165F753D3465533D7277DB3D95
:10D97000F99E563D830C1CBE2C70ACBEA6D9F6BEDB
:10D9800080D530BE3C5F06BE1C0CE7BDAD3E093EF7
:10D990009CF489BD6D7E83BD46841B3EE07B973C35
:10D9A0001304DFBD1FF20CBC992321BC1348A23C19
:10D9B00010A8543E12852A3E41F799BC23BE36BDBD
:10D9C0006FCDEA3C073F6A3D16AE3F3D9267E93CAA
:10D9D00028CB893C5C1DC0BA7B01C93B199303BDB0
:10D9E00004136FBD482A493DF0A70DBD192CF3BEA5
:10D9F000CEEB9FBE9AC9E53D6D1827BE2CE4C23D13
:10DA000056C1053CC2628B3C35DB2C3E0D7C0C3E86
:10DA1000EBF095BE8BFE30BE37C4933D0DB1BE3DDD
:10DA2000BF48043E7EC62C3EFFA8A83D33F207BB8C
:10DA30009646703B3CA45C3D631EAD3C81E619BD3F
:10DA4000BA41CCBD0B1F46BEDE546EBD37FCA2BD35
:10DA5000201E513CAEC59BBD3E0FD33D9DB780BE41
:10DA6000905CFE3CE0C55FBD198CE6BE333989BED3
:10DA7000B6B5D2BB268980BC5140763EC520D13E8A
:10DA8000799C32BEF8867BBE1A1E89BD53265FBCC8
:10DA900035AE163E876C8B3CAC1B5ABC333085BD13
:10DAA0007CFF073D60DAA93C61131F3D0DF683BD85
:10DAB000B8A655BE99DBD8BDC4EB8ABCDB7D89BD59
:10DAC000C4F4143EF94FF2BD3A299EBD979065BD4E
:10DAD000E322283D54270BBCD85E81BE21FE1ABE2E
:10DAE00079011D3C34322D3CF85D59BEC0ADD23DAC
:10DAF000523D09BED086833D55D88A3DDE732F3D09
:10DB0000FCC209BD9F25AABC284144BD44045DBE9A
:10DB1000C0D0E3BDEE71053E92B6123E403B40BD23
:10DB2000F3CFB0BDA3EF4E3D14BD473D98B3DABD72
:10DB30004D50143E62C2733EDB73693D73E7DE3EB7
:10DB400032A4FA3EAD968E3EA587643D8C20B13D51
:10DB5000DD7F0EBD95BA31BD8251C6BCB4981CBFE5
:10DB60004CCF0FBEF9E8F7BD563F613C50A49C3D39
:10DB7000B095C6BC11623C3D6418643C6B4D95BDCC
:10DB8000B17F623DFD6D2E3EACEA1C3E268FF53C1A
:10DB9000EA2083BD7D3C90BC33D6F6BC39301ABE3A
:10DBA000A05FFF3D9F8AC0BDC8FECFBCD764AD3E1D
:10DBB000EDDD313DAA0C27BEADBAB9BC58CDD1BD03
:10DBC0005A04673EC590BDBDE7B94FBE8B6104BF27
:10DBD00086217ABE53E6F1BDEB6DFDBCB0F782BD88
:10DBE000D80636BBFFFDD4BDB2CBF93D70EFDA3DB0
:10DBF00023E7AB3DC411313EAA09963D80196B3D28
:10DC00008CA9B93DA07249BCF09D24BEACBF05BD36
:10DC1000B3B673BEF93539BE9D6D8ABE46F64ABDB0
:10DC2000236AB53DF1FD9CBE9F2483BE7E13EFBDEC
:10DC3000D7EB97BD8A96083ECE5C23BE0B0D6FBE18
:10DC40007A7E67BE167C76BE163A80BDAB7917BE6B
:10DC5000E331713D0D82EC3D4A67CD3DAA2DAE3DCD
:10DC6000F0164A3ED29D203E8D0C453E1B783B3E31
:10DC7000762D9E3DF33483BD1607273DA36103BE79
:10DC8000FB980EBE436514BE914838BE079996BEF8
:10DC9000275743BE91378BBE01F1B6BE1170D1BC80
:10DCA000E60401BC0FF6A43D6152C93DFA1B8FBCCE
:10DCB0007B4C15BE908C36BEAB2736BEF8092BBE0A
:10DCC00035036CBE8E3B0EBC13F2BD3ECFC9923EF7
:10DCD000FF2E8E3E2883603E6EECCD3D53110F3EED
:10DCE000E551033E1A814B3B910E07BBED9B92BD64
:10DCF000060304BC118AAB3D2F831C3DA22D8DBDB4
:10DD0000A2A87ABE90F2C1BEB0DE4B3E28207CBDF8
:10DD1000FEE2243D80379F3D061C0C3E480947BD6E
:10DD2000526ED2BE7A6122BF68B60FBF367799BEF7
:10DD30001219CFBEDE4006BE23C2B23DED55B63E3F
:10DD40008F5C8F3E81A71E3EFD648F3D1CF4AD3D70
:10DD500093B71D3DDBCB91BD8B73AA3D3ABB26BD6E
:10DD6000A73ED03B521B52BD1B4CB03C167369BE44
:10DD70008795A6BEE1230ABFD911F1BEDC18E03CAD
:10DD8000A101AC3D186AD53DF8FE293E155FD13D95
:10DD90001B4787BE34D609BF47A808BFB9C2CABE51
:10DDA000535001BF5EF62BBFC88601BF7252B0BD93
:10DDB0004FC1173D71D940BB0FAEB63D4ED8AD3DFA
:10DDC000184B7EBDC95AC43CD10513BD10910CBE81
:10DDD000157CB73DD8A8693EEB50E6BCCE1E50BEC0
:10DDE0002A058FBE506DADBE143B9D3D067BD3BD55
:10DDF000A8D9613E0DCE1A3DA6892C3E73A5EF3DF4
:10DE0000A184503DE7002EBEB285B6BE225DB8BEED
:10DE100031A60CBFACCD4BBF11531FBF7837FFBE2F
:10DE20008D48FABE44B2BFBE627A67BE43318FBD31
:10DE3000BD0AFB3B28AC30BDF56802BDAF61DB3CE1
:10DE4000075A983DE4DE3D3E9064123C4A1924BED8
:10DE5000026917BF4BA33CBE6E88713E95CA45BD93
:10DE6000F7EAA93DACC986BD779B973E7698CF3E31
:10DE7000824C753E23029DBD2AD7ACBE927DA0BECA
:10DE8000CF8007BF652AFBBEC7400EBF9AD24FBFE7
:10DE9000CDD907BF911BBABED03B3BBE088E01BE99
:10DEA000FADCCD3D2BA5EA3CFAECDA3D62DC80BD24
:10DEB0001B2543BE546EA5BD17DD763B516F9ABD41
:10DEC0000330A7BE16E0ACBC48FEF53C437D95BDD3
:10DED000AED372BD2BF2AC3DBC09B23EA623B03E20
:10DEE00088FC153E2BB5013EAA5F0DBED99371BDCE
:10DEF000804247BDC11B9ABC6B1244BE8C9B76BE50
:10DF000045D596BE9A6026BED677B5BDD482DCBD17
:10DF10008BBCEC3D5B2E8C3D4830543E4E452B3E39
:10DF20000C97E93D9FA6EABC61C8423E12DB4E3C1D
:10DF3000446D97BE5C8862BEC29A8ABDF987E93C8F
:10DF4000E4C4213D2F3A343E8D33A8BC7ADE743EC2
:10DF50008881D63E3EE76C3EAEE86B3E35C1883EDA
:10DF6000C760653EA069E43D0321243D2874143D4B
:10DF7000E22FF53C69A6BDBCDBF227BE3188103C20
:10DF80004E198F3D3B35EF3D1ADEBF3DE50623BC04
:10DF90004A428D3DA359673DB32279BEE8F4A2BE43
:10DFA000C830B8BC76AADCBD8A4E97BD794A17BC8A
:10DFB000239229BD30D8633D839077BE69670CBD3D
:10DFC0004923A63E2738A93EB59AA23EA069CE3E77
:10DFD0006065A03E8B7A2C3E6E288C3E2E30983E9B
:10DFE000EACFB13D382AD5BD3B3AB3BC44D6043D57
:10DFF00020C452BD3EAF3EBC4F747A3D32FE723CEF
:10E00000F2B6453E748854BD98A558BE73842DBEA3
:10E01000E1934ABD121C15BEC1F504BE4389A0BDE3
:10E02000C77021BD88E215BC0B13AD3DA825F23D9C
:10E03000194BF93DADC5603ED65FB63E67815B3E8C
:10E04000F9B0913EDA170F3D138B133ECA986E3D1F
:10E050004664CE3C6BBA633D18C1ABBB4820B33BB2
:10E060003AFF44BDD745F8BC5F64283E09060BBDA6
:10E07000AA00283EF1E792BE16EAB6BE79ABA4BE6E
:10E080007C1672BCDAE727BEE6E284BD6086743B8C
:10E09000F0B5BB3C36B4673DB9285DBE84CA6B3E63
:10E0A000D3D3C43E57F2F03D8646033EE7D8C23E86
:10E0B000C98C0E3E76412A3E6FD5B13E1614063EFF
:10E0C0001875043E2AD0B73D2867EF3C858630BDE1
:10E0D00084D9BDBDE8E549BE6DA22FBEA1496EBE83
:10E0E00012BA6EBC18BE223BEE484FBE9DE345BE41
:10E0F000B6CCF4BD89A77CBE2799A2BDAD630EBD89
:10E100001C37CA3C5A1162BD954D383DE4CC2ABE3D
:10E1100014F3CE3CEE74AB3E144C2A3E4C7B0B3ECB
:10E1200070AA78BC7C21873DB8A5813E67D1333E7B
:10E13000711E3F3E6B2A533E793E94BCCDA21E3EDB
:10E1400063B98A3DB3BC8ABD087865BE5380D3BD30
:10E15000DA86C5BC8B39E0BCD07F81BC9EDEC6BBF5
:10E160003148FC3C0F6BBF3DBF08F4BDE8C7D53C50
:10E17000C859CD3C52FD3FBD811B65BD17675E3E52
:10E1800098FF523D5497453ECC352F3E25DD7B3ED2
:10E19000A235B03D98EAD13DB7D3A03EED28D23E9E
:10E1A000CB24D03D35A7283D39E9C23ED081663E1B
:10E1B00042FB283E921BB73EFDDD8A3D0EC9D43D91
:10E1C000A3163F3E5ED3943E244E113E45EA243EC4
:10E1D000374145BD7008F7BBFC15B93C4C06FA3C0D
:10E1E000DE294B3D403685BD6592833D766C00BD92
:10E1F0003AE7483DFD17283D95E009BE40F42CBCA8
:10E20000F8A707BCAA1C233EC5E4843E231D1E3E7E
:10E210004B2DB4BC75F7AF3D0AA5403ED8A1523E88
:10E2200065FE253E40EB82BE74CC003D5E3489BD68
:10E230006E11A0BECFF039BE7CF083BD1CF2F23C63
:10E24000CB64843DC8D995BC1124A5BD00D46C39DC
:10E2500074331D3D208F0DBBE026DD3C16DC1A3DDE
:10E26000700BA3BBD785983D048198BCD0E683BBD7
:10E270006885BC3C305DB73B0F9C98BD7033CF3B8D
:10E2800098739D3C32E4FD3C92AE92BD7850CE3CFA
:10E29000FCDF183DA701A3BD98FC4E3CB02B82BB10
:10E2A0001C1882BCBC1BD1BC66F319BD280E97BDDF
:10E2B0006B2A95BD40DD9DBD4DB4973D1B3D3EBDD8
:10E2C000A46A053D448381BC70BE473C175EA73DF0
:10E2D000B50D17BD95CA0E3E5BD6323E9DA1BC3D25
:10E2E0009508CC3D1052D83D7F0F543EC71B4C3D86
:10E2F00024A86B3EED82B83E02A5373E834E7D3E9C
:10E30000DF4907BDA39CD93DB2487B3EE53DA73E12
:10E310003202D43EC8318A3E05E6593E4327623E6A
:10E32000006157BCE3698C3DAD498BBDE75A8D3D1B
:10E33000B06626BCD4081A3DA058BA3CD51D43BDD2
:10E34000323BC13DE1B60F3EEC2F4D3E9C98583E0E
:10E350003D37053EC74BA5BD95F1323DD3BA683E6A
:10E36000D41FBDBD19411BBDAD44363EB49A353EE8
:10E370006EEC9F3D3BB72F3EC58A213EEC560E3ECC
:10E380003218733D4D56313DF4A86E3EDB347C3E71
:10E39000E2C120BD8D282FBD9885B73CD04CE7BB8E
:10E3A0007DCF9FBD1CBD0A3D491FC43C0467933C03
:10E3B0007A77C83C4CDC9ABECAC00EBD1284C13DFF
:10E3C000934E263EC438053EF3D6973D1478D53C8F
:10E3D000A8EB10BEF7B0AEBC75891E3D336F5DBDB6
:10E3E000D0A3403DD515603E1CE76B3E65532C3EE7
:10E3F0003884B5BDB47DDF3D9998063EA8AF0B3D8E
:10E40000034D0DBE4A2384BE9B308CBD10EF65BC0E
:10E41000903CA3BD41349BBD60BA65BE52C412BDE1
:10E420000BF908BDE3E5A5BE33E4F6BDB0F7C0BD0A
:10E43000E0CD59BE240F173B388CA5BDE7D20BBEEB
:10E44000364940BE6EEB2FBEA5D3B7BD8DB4A3BD7C
:10E450006421253EB87C2E3E6E5AB63CE04C843D8D
:10E46000CA5ED7BBF4119C3E5EF0DDBD38F12D3E97
:10E47000E2BA203EA7AFCC3D1CB730BE0D6008BC51
:10E4800000C81FBC8ABA103DD2BA003B325C7FBEC6
:10E490001A668CBED7FA57BE27F31CBE7E940ABDFF
:10E4A0002AC44D3CC3BACDBC3DB2223C7C809EBD4B
:10E4B0006D0E47BE0EC0CBBD4807B5BDE3BFC6BDA0
:10E4C000699C753E0EEFA33E87F88C3ED300DA3D83
:10E4D000633C5D3E53578A3EDE6D883DDE069F3EBF
:10E4E000354CCB3E72D3A4BE00B784BEFE21A13C06
:10E4F000E0953F3B3008ECBD81BA9B3DBA6B93BEC3
:10E50000CF8264BE081AF0BD6AA454BEEFBCC0BD81
:10E51000C17132BD2F44AEBDAE045DBDFA045D3D98
:10E520004A551CBC38D8DDBCE8FA0D3E14C68C3EFA
:10E53000E897953E7590953E4775AD3E79F3C73E99
:10E540006338FA3EC90EB03E0EDE733E4CA28D3EDD
:10E55000C599BF3E5F86ADBD88F4CEBE1DE001BD4E
:10E560002D12803DBF7688BE95898DBCC61083BEB6
:10E57000C737BFBEB2E426BE2F473CBE612B71BD7C
:10E58000D2C3873D92F50E3E0C91803DCC4E3EBDF0
:10E59000BA37F53C833EE13DE7B7303E7A94223E00
:10E5A0005964513E2C0C653E442B453E31CF823E92
:10E5B0000B37AD3E1F45803E79B2DA3D0105A73CE1
:10E5C00091DA06BE775081BE5EE836BEAEBC9D3D98
:10E5D00035F34FBC18650CBE81460ABE38886EBD47
:10E5E0002DDD68BE1B7A71BD2DC0D83D6977393DE0
:10E5F0009879123D711BE9BC9FD867BD120DA03CF4
:10E6000045029E3DC6C88B3DE255D23C59C04FBC29
:10E61000D02206BE9B7675BE5B58F4BD6F298EBDB9
:10E6200013C8A3BEB35DE3BE1604A7BEA14DC2BE10
:10E63000908489BEF72E42BED2B4DF3D1D06A83CB1
:10E640003864CCBC0425A93DDC1B2DBE068D97BAD1
:10E6500007B19CBE6EFE97BEFE9762BDFBD08BBD20
:10E660003E5F3BBDC082763D2FB4A73994BBE4BC6E
:10E670006A32BABC480E51BE608582BE78F9AABE25
:10E68000923F1FBFDDAB42BF015335BF1E9E35BF5A
:10E69000E6A73BBF8DE01ABFCCD617BF55BD43BF21
:10E6A0003E1286BEE0F5A8BD1D408B3D6E8B26BB9D
:10E6B000B2298C3CDBD5893D2636753D47330ABEF1
:10E6C000964D4ABE18B712BED55201BEE29CA1BDFE
:10E6D0002D52DA3D3C7A1B3E3D5E57BDD0CBBABDD4
:10E6E000DA38BBBD899EF3BD9B856ABEB068BDBEEE
:10E6F000FB74C0BEDC9B06BF2BA3CABEEC0CE0BE05
:10E70000326F1ABFD3EDD5BE28853DBF5DF804BF7B
:10E71000DE296BBE212991BEFD32E2BD174EC53CFC
:10E72000C74669BD3B662CBDA35F2A3DDDC5113DD3
:10E73000F57A0EBC24A4F6BCB1D5AABDE47BF93DA4
:10E7400046D72C3ED502C23D26F1253C50D6243C6E
:10E75000016B24BDA79D213DC777BEBD39789ABD09
:10E76000B8A3663D3F38D23DA0CFB53DEFA8DCBC95
:10E7700063810BBEAAF431BD9D43E8BD098E82BE04
:10E7800040504BBE377C7DBEAE66293EFAE8353E32
:10E7900002CD1B3CCFCB833C8E3BBE3EAF87C5BC7E
:10E7A000F25D77BDD153C6BD19F5D93DA08B253E8D
:10E7B0005BCD583EDC5AB43B50452CBD99DDD03D75
:10E7C0005E5D65BDCDFC9F3CEB72C7BDE8A78A3D91
:10E7D00088CD083ECF5E3E3D3139833E8963183E89
:10E7E000751403BCDF15C93D5839313E7B57443E93
:10E7F000BF6FCCBD9B0391BE128CB43E7F0AAB3E73
:10E80000E60BF4BD91928C3CB98D8B3E6D62B73DA9
:10E81000D476F03DB0AA60BED6B338BDF932603EC2
:10E8200044182A3E415376BDF698973C1400BB3DF0
:10E8300052CAD4BC10530A3E5BCEB33DBA0FC43D9E
:10E84000430197BD403F1FBEDA3E243E956E0E3E0B
:10E850005DE3413E95071FBC499B9E3D28D47C3D0E
:10E860000DF0E23C7A0A89BEB85D233ECE4A0ABE6C
:10E87000395BD83DFD22A4BD0D72EE3DCFA36B3CAC
:10E88000835C123E3EEF80BE01B218BD356C863E01
:10E89000A109253C8F7D38BD4DCDEA3DD858253E98
:10E8A000162B39BD39DFDC3DE3AE6A3C60C5823DE5
:10E8B000A6869D3DBC4BBABDFDCC0E3EE718103D73
:10E8C0004298973D33E62ABEAFAF143EAC7C44BCC1
:10E8D000B75026BE70C825BDDD867DBE273792BCE9
:10E8E000640FDC3D704A56BEEFC68ABE02A427BE46
:10E8F000B17FAFBEE10FFABDB9F9E23CCF85FA3D79
:10E90000BDA72F3D195E91BDC35362BD6AB0F6BD70
:10E910000A9551BC6BAE103E541F1F3D4282883D8C
:10E9200072006B3CFC27893C0089CC3C7652883BCA
:10E93000D39F203E10F89CBDCF580CBE9F99A6BA1D
:10E9400091A4A03C480EB03EB63CEABE6402B9BDFC
:10E95000AC7DBD3DFDA02DBD9A3355BE9FA84C3E5C
:10E96000FA4B66BB3522DDBD422DB7BB4703C4BDA4
:10E9700091D1543CB1D406BDC59EFDBC355045BDBA
:10E980004613AE3DB08C5C3D014A1D3E31711F3EC9
:10E990009C91303E7396A9BDAF92DABD5FC913BD9D
:10E9A00009D5853C2FC3323DAA98DB3D1E13383D67
:10E9B0001FCFF43DDCC0903E58B2DDBE6B3361BE6C
:10E9C000124885BD2864A9BD612411BE2957C73DE1
:10E9D000D7BE38BE25B3B53D691BF9BC0EA928BE0C
:10E9E0001CEA33BD1BB4B0BD3F7225BE71AFDABDAA
:10E9F000112EE23D8745153E9734233DD484463E93
:10EA000093DB963D8B889CBD4E6193BD84F719BD09
:10EA10006C284D3E9A74CDBC1980663B7470B7BCAF
:10EA2000481B003E9390273E944CCEBDEF77C0BE6E
:10EA3000C0728B3C9FB4ABBC66EAC13D37BF2E3D74
:10EA40009B3687BA6C82CB3D779D893D6993793D32
:10EA5000C3E20D3C030E4ABEFFB2DABC142135BD41
:10EA600077B81C3EE5DB8B3B9ED2913E4FA3933D96
:10EA700056AC99BC525D3BBD82EC91BC2695043CE2
:10EA8000752C10BDC654273DEFAFA9BD424623BE2D
:10EA900000D35BBE74341D3E44CCDD3D4A95F3BECD
:10EAA000F93B2DBD2AE8C1BB12A32C3D067B33BE2A
:10EAB000A1C6543B52D283BD19F93D3CF3C070BD91
:10EAC000895ED1BCDC69C7BCC219163BE0F92F3E98
:10EAD00009491F3EA497C7BDF15E55BA4A327D3D34
:10EAE000FCCB07BD0E2A66BD8791913D49E7F23CFC
:10EAF000626069BEF54507BE4A35DF3D19C7D3BD23
:10EB0000E7CDC7BC73843C3DC7ED12BE59DE81BE64
:10EB1000E6981B3D04670FBD0B2774BD2A9019BDF5
:10EB2000C60A2B3ED3D4583E4369ABBDF62691BEF0
:10EB300017FCE5BDA7B48F3C1ECFED3DCC1B1D3EA1
:10EB40009A40C6BDA91F333CBFE8393BB7D49C3DB2
:10EB50008CE556BE1CD616BE795B813C96E9593DC4
:10EB60000ECF34BE3303E83D1DEBC43E43C4E63A4A
:10EB70002DEF7D3C0279E23E209C1FBE313E11BD4F
:10EB8000B551A03C27A9CEBB1919BABE2344CD3D2F
:10EB9000C2E6293EBCAB873E25FDBB3CE0F3DFBDB2
:10EBA0007C6326BED632973D8502333EFE3EA23DB3
:10EBB00024F0563D7D19213E35AE483DBD80933D44
:10EBC000B005163D06A5C63D6F689C3DA1C127BE98
:10EBD00037683BBEE848C03DFBD3283EE2A8F33B84
:10EBE0005738A33E86537B3E36FFECBDCB1D933D8D
:10EBF000049D263D76BFD93C40AC5BBED35801BED8
:10EC00007A92823D07C304BECD6B89BDF3CA14BEA0
:10EC10001C0F85BD81A984BD7DD3BA3D4EBDD1BC3D
:10EC20002C1230BB21AB863CBA67D93DD3A3BE3D85
:10EC30009CF4843DF238993D034B193BBA1403BE52
:10EC40001567C3BD03C807BDE8ED88BDF4D0E2BDBC
:10EC500076D78C3C9A0FA83DFDC6083E68CEA43DF1
:10EC6000D3A3843D73681EBD42DB21BD2A4DCABEBD
:10EC70002314C7BDA59C4FBDFFCF09BEF54C97BE61
:10EC80006EBDAF3CC46AB43C2480D4BD2700F6BD41
:10EC9000064645BDA27591BDD994763B0380CA3D19
:10ECA00036F09D3D1E1F44BEBF0224BE19F6A33B95
:10ECB0006581783D08E2A9BD036E953C7AA263BAEE
:10ECC0003F29283E9AD5553E1053A03B31F682BDD0
:10ECD00038DFAABCEDA08B3DDE3604BE18B9E2BE1B
:10ECE000A361E9BEECD2AFBDE24487BD28CD8FBDA4
:10ECF00006DCFDBD588243BED0DE65BE844D6CBDD2
:10ED0000CC3D0F3C30BABA3DA56118BDB21F573E8D
:10ED10002B74B3BDB937F3BE34B232BE7FD681BED9
:10ED2000B66093BC132041BE52CC64BD2B22353D4E
:10ED300088C59FBE66AE56BE17520FBEA2A72C3D19
:10ED4000254AA9BD186BE33C22E5273EFEBC763E72
:10ED5000E0E6E1BDF9979A3DD08B1ABD3457013EEC
:10ED600048A9733E05BB1D3E8216D13DD57DA43D0D
:10ED7000A2BB0E3E0515E73DF62B283EAA96B33DF5
:10ED8000BF26FFBD2CA225BE5699643CE3E2F93DA7
:10ED9000EA08D7BD67D355BE932B41BE2F573D3EE2
:10EDA000A87C003ED8D9FCBD040E0B3D383E47BDC3
:10EDB000669F043D04D9C73C4F5F8A3D042E8D3CBD
:10EDC000939CB9BB9C34D1BCD3BEF63D7C86873EB8
:10EDD000ED5B793EB624F13EDEAC043F5355B03EC8
:10EDE0007828483ECCA7C33E5CE5D63EFF1C7C3C61
:10EDF000AC64BC3D6CCE023E7A61FA3DEAF6FB3D66
:10EE0000514D8D3E6591803E7868CC3EA23E3A3EA3
:10EE1000F3FB53BDC93C303D40DD19BCB0B196BBDE
:10EE2000930769BD342E86BD08E696BCC42F0C3D01
:10EE30007D6AD6BC60B771BD80E4673D7BCC8F3DF9
:10EE4000EBAF103C4FA3BF3D61ADE33DB3B8F23D26
:10EE5000329E293E0A32EB3B9714E73D803C323E1E
:10EE6000FF353A3E990E193EC84B053E02659C3C63
:10EE7000F7AF863C8E03F23D437A383D83B28FBDB7
:10EE800000DCC13B9E45DDBC6B93AABDD8BD7EBDF9
:10EE90000749A13DB06457BC4F3B9F3D14BC073DA3
:10EEA000C5D3A63D7F7D92BD300067BCA0535EBD3B
:10EEB000305B71BCE6F989BD52CD683DF43DDB3C69
:10EEC0006BF0B1BD0555173D4BEBD53C1278953D28
:10EED000D86AEB3CDEEF74BDF66C733D65B4813DE2
:10EEE000578884BDF03C8FBD6946A4BDE914993DA7
:10EEF00020BB3CBC28A70BBC9E8DFDBC4000CA3B80
:10EF00003F869F3D07EFA33D40D2FD3C9C3A0BBDA1
:10EF10006EDA583D3A2AD5BD9EEF41BE1031E3BDB1
:10EF2000246228BEB46BF5BDF433D1BDE79D94BB1C
:10EF300018ACF7BD7C7824BD7F9318BD5128FABD6D
:10EF400082F09ABED4D825BE301289BC93B299BE45
:10EF5000F408F0BED9FF6BBE70A710BEA8AB79BE97
:10EF6000AA911A3DB7BC38BD4452FB3C1FF49CBD6E
:10EF7000D0D08DBC08C13CBDE85D3DBDD3C282BED2
:10EF8000D339D3BEB078EBBD10B3DFBD540C01BE96
:10EF9000682DB6BEA8D4FABE51F981BE5C42A9BEA6
:10EFA0006AECB3BEB31B0FBF35D415BF474321BEB8
:10EFB00080D6D3BDE0A383BC83D81ABFEFE7CCBE15
:10EFC000EDDCCCBE6254B1BE466E07BEC0308FBE13
:10EFD0003C9C2FBED4661CBE52E97A3DF707A2BD09
:10EFE0006057BC3BE01A9BBDA8C05B3C8CACD1BE5B
:10EFF0007031EDBE5273C6BEA87902BF0C1F0CBFA4
:10F00000ADF910BF80FFE3BEFF4D15BF20A497BE32
:10F01000EF2401BFD5C04ABF63E082BE5AB608BF25
:10F02000A02B2FBF75A6D6BEA0B806BFE6C43ABEB9
:10F0300052B50DBE2C3994BD59479A3DBD12C6BE7E
:10F04000B861AFBE6D6B82BE90C284BE80A235BB7C
:10F050007CC5DF3C0A07353DA87255BCA686A7BE15
:10F06000F321F1BD2B920FBE0B8389BE6511D7BE74
:10F0700029D397BEC4324DBED257B4BE4BFC653BBC
:10F080001E9462BE7718CDBE22DBCFBE4A1947BEA2
:10F09000C50D46BEFE8B45BEABFC68BEBDF782BE4D
:10F0A000BA0768BE235D64BE226A6FBE88C964BEAB
:10F0B000A907E1BEDF1F51BED96DD9BE9AB9BABE4C
:10F0C00018647B3C04098ABC3DA876BD1910C9BCF4
:10F0D0000D57D8BECA16743E248E17BE5C6978BE22
:10F0E000C7DE9A3D074EB2BC1FBF6DBEDEBCA5BEDB
:10F0F0008C2E81BDE492A6BE995407BE680E97BDC2
:10F100003D89D8BD6C9277BE7A80E3BEDC2EFDBE11
:10F11000FD339CBE225D9BBEFC036DBD912113BEE1
:10F12000C29FB5BEFB95F4BD666CC7BEC1DD9EBE79
:10F13000B8BC70BD4F04BCBD1FCD4F3E874F6D3C6A
:10F140000330AA3CCA04D03E3E55B33DCD8AE83DCB
:10F150008842D53B2EEF94BC57006ABEF30937BEF8
:10F160001CC495BD64256DBE2BF11DBE87958CBE5C
:10F17000167299BE0B27A6BE1F9692BE6D665EBE26
:10F18000639780BE5CFE38BDA959253D6B071DBC49
:10F19000C1F34FBD0A5DB4BC04C65CBD95B07EBE74
:10F1A000068141BDBC792ABEAE85883EBE14093FAA
:10F1B0006BEA5C3E62C97B3E12985A3D25BF313DE9
:10F1C000238A24BE16D7E9BDCF2BDABD3BDC01BEB6
:10F1D000115654BEBD8B2BBEA12EFCBD0D6717BEB4
:10F1E000CAA4C0BD454DB9BD1BD337BE82E1DCBD4D
:10F1F000E64F5C3DE724183D5BDACE3D2568F83CE0
:10F20000161C633CC8A6363D1E22E63DB85D65BEB1
:10F210007806C83D1808363ED526E73C1D17803DC8
:10F22000C89F833E6D84CF3D2DB4F9BCF1980E3E4E
:10F230003BCB083D9513CE3DD0ADBBBDA7F75BBE24
:10F24000461131BE2AB283BDF0CD673D08013F3E75
:10F25000544E753E4CE5673EA509363E8D97A63D5A
:10F26000A226C73D93FD3E3E1C410F3EAE43B43D3A
:10F27000B888B43E2C02993EA33C25BE87D5223ED9
:10F280001025603DC728903DF9E0FBBAEE1BAFBBEF
:10F290004ABD913E27CF11BE2FD4D4BD4290CF3D61
:10F2A0001C8FA63CCE0E05BEA92E8FBD3F7D27BD6F
:10F2B0000B00C73D23B4273E287C833EBF7CA93E7C
:10F2C000DD634D3EB1C2A73E00D2CC3EDB59FE3DD0
:10F2D00098A3023E4891DA3BCEE4D73CDEA69A3DA5
:10F2E0009004303E21AB0F3DC7D4AA3D1674BD3EFD
:10F2F000741F563D3483043DB09B6C3EED5394BE69
:10F30000C0A9C83D388E123DF9103BBDEA6E423CA3
:10F310008DFB8BBC6F6D0ABE3B69DB3D22E2883DF5
:10F32000339E113EC835003E5845783E86EFB13ECB
:10F330007F936C3E1B0E843E9664A63E0C75BA3ECF
:10F3400042B5403EC3AD123EC43D1C3E001A44BC13
:10F35000E5B0943EDB95DF3EB10EAB3EE4A5B13E99
:10F3600076B716BD70A7153E6A5A6B3E3247AABDE6
:10F37000C00AD7BB116488BDB6478A3CF46F44BD50
:10F38000AED8453D7FC5953DDEA43E3DFD280C3EF3
:10F3900071CE0C3E59D434BD471AF83DD507E23D35
:10F3A0003979173E549CF33D67FB443EB6EAF53D80
:10F3B000A86847BD272D8B3C2257BA3DFBB5903D31
:10F3C000F01A153E102E613EA0CF4EBD83AF153E04
:10F3D000328EA33DAACC073EF4B9723D09562D3EAC
:10F3E0005B7FF9BD4BA96ABE8478F3BD3A33DD3D3E
:10F3F0001BB4243EB4ED703EDD653F3EEC44533E0D
:10F400006C11C33DA95EC23C38E9D1BD42B44B3D4D
:10F410009D7F8FBD8A68A2BB390D693EFC1E833C6F
:10F42000F90BEFBDD45194BE26E0AE3D9D0B48BD17
:10F43000845620BD522CB43E00C9B03EFF6B903EB6
:10F44000D80D69BD56854C3C269B333E24821C3E1C
:10F45000D9BD14BEBB62093E67C6CABD2D9DA93E7B
:10F46000DD1DE83C1EE6B53D8BDC863E55FCA43D2B
:10F470004C5FEB3831C63EBEF117413C596B10BDB5
:10F4800044C89D3D5256393E691A5EBB663A73BE0A
:10F490002F4F1FBE2D0F1BBD1392C2BC0A5712BEA9
:10F4A0008A18833D768EE53EB45ADC3D1DEF4FBE93
:10F4B000B95F58BDD4E3A33D6669803E941647BD4D
:10F4C000CC57B4BC2E6B633E26C8B43D6000B53E3D
:10F4D000C99EDB3D4C44503E3803153E7A0C323D0C
:10F4E00045B2733DD01404BC729C76BD0DA5AB3CF7
:10F4F0008B2F2F3EC089333E0BC6313E3D03C23DAC
:10F50000D537C9BDEC51D5BCCACE663E26F6C73D3F
:10F5100023173D3E674A1F3E26C8A0BE3A1DE3BDE5
:10F5200050E29C3D2FE69ABCCB6D2E3E480A87BE2A
:10F530008FC3263C5BF2023EAA64323E9901883EAC
:10F54000B05DDDB919A9553EC8D22E3EF4CF203E9C
:10F55000B689D53D6A8151BD643862BDBA2B623C23
:10F560000952253E0EBB903E89DE1E3E22912EBEE4
:10F57000708002BE35DD593E031B523E78A5DA3D50
:10F5800008453B3E4FF302BE8884263EFA612FBEFB
:10F590005D73233D43A731BED2EC4BBD28D281BE63
:10F5A00085033EBE772F193E527064BC877EF3BC44
:10F5B00012A77D3D4DD1E93CC9FA903D2BB7AF3D37
:10F5C000186EC53D058CD63C2F78CB3C7BCF773E63
:10F5D000AE7E3E3E91DAA63D3CC211BAF803EE3C47
:10F5E000106AE93D01F8D23D0682F23D01BA5C3E67
:10F5F000E21231BC099F53BE634E27BDC42A6EBEC2
:10F600009062C23BCEA2693D25EFD13D907A8DBE7E
:10F610000A9DBD3D9F9E1A3E2F92BF3DCC8F4B3D14
:10F620003946A7BCF60DAF3D7ADA5B3E2E160B3E8F
:10F630002F11843D95151DBEB597F3BC332F463E63
:10F6400028C0EC3D310E453B194881BC4AB2413CD3
:10F65000F76F633E892EACBD4948183DDD182F3E3B
:10F66000AADA063E98D8083E44F0A03C47913FBE37
:10F67000DA2409BE01D0B63D2942B53E2FE455BE7D
:10F6800070CFC53DD72DD43DE4794EBBFF3416BDB8
:10F690006FE0273DEDF91DBD6C6905BCE8DBE73D7A
:10F6A000699B48BDFA77FBBD7EA15DBE43845D3C8E
:10F6B0005960083DCAD45EBD593AFABD3C8C9BBD29
:10F6C00098B2143D124212BE7AE7C4BCA57841BE7E
:10F6D0002D69E4BDD7134B3ED1138D3EA54D6C3E35
:10F6E000CB9296BCEB26823EFE26D63C5449D23BBA
:10F6F0002E186D3CF2E631BE45BF83BDDA699FBD71
:10F70000D81303BE492BECBD7E4B65BE97251DBEAD
:10F7100050BA82BE336CB4BDF09884BE4360C9BD9C
:10F72000B312CEBD648937BE0FA5A2BDBB8D9BBEF3
:10F7300012942DBE7F33A0BE3003FEBEF70EE1BE95
:10F740005633FDBCA741C83E9733D93DAF289E3EF6
:10F75000589A453C1808703E1EA61DBDE38AA0BEFF
:10F760003C8E90BE49A91ABE55F609BE7F273DBE04
:10F7700014FC33BEDCF29C3D0DD8D73CF7E5993D37
:10F7800030F195BD746E2ABC38313DBE4520183D20
:10F79000EB9EF5BCD98EB3BD524932BDB68988BE49
:10F7A0003DFC86BDC4359FBE57C7E1BE8A0387BEF8
:10F7B000B38ABD3D3B74313E0D1715BD8A953F3D63
:10F7C000C54CECBB3E74E6BCFEE1B9BD6C81C8BE65
:10F7D000B38C3EBE6A4D05BED59A5DBEA643A8BE9B
:10F7E000260848BE0517D93D921417BE85A1DFBC77
:10F7F000D19B92BDA2B100BE39983FBE33ED7FBD13
:10F80000076D36BE20106DBE4D1E62BD49884DBECF
:10F81000E278A33C7BA080BE5C7E82BEF886B13CD1
:10F82000EC944E3E4BD3373EBEE093BD30B9A5BB02
:10F83000BFBC823DA9944BBDCD28D1BDC6B7BFBECC
:10F840002A2444BE259887BE397A82BD4B9199BD42
:10F85000EAD1ECBDCD5EA53D94773E3DF9A1763D64
:10F86000FA06203D36FFCEBD1006B2BD855A62BDF8
:10F870003B943EBDAEA1E1BD02D325BED25D593D54
:10F88000EA762EBE4C0831BED1EC7ABB0C71E13C5D
:10F890004ABFC43D1AE1ACBD63AE553E4360A23DD4
:10F8A000A6963D3DD80C78BD5EF416BED0227E3BB8
:10F8B000DAC4ABBD09CD3BBE8EA3A7BD28C2753D42
:10F8C0006F9A473D38AE893EB618213E091DAC3AC5
:10F8D000611B293E38A40A3E925E0C3DE474493D0A
:10F8E0009AC0D23D340767BD00073B3DBBD16F3D99
:10F8F0008DFA5BBEFC7AE3BCBF7BDABDD1AB713B5A
:10F90000F83C0A3EC2EB75BBEFA5003EBE8384BD4A
:10F910002AD894BD661C8CBDA85FEDBCE4A2233E32
:10F92000F46282BECA081FBE146CB0BE2E3F6FBD0B
:10F930001343DD3C0300D83DDBF4D13D05809A3C08
:10F940008E6DC9BD8859F4BC9E6770BD7176F1BDDE
:10F95000A6D3303DB504823EDB6A863D757A233DF1
:10F960009A8E45BDB9A347BDCD93C83D7882343E3C
:10F9700022CEF03DFC38093EDADCBF3DC03BFABC8C
:10F980009601283DE8BC033CF0231FBE9321873E2F
:10F99000D0A1913ED9F882BDEAFF3FBE162259BDE3
:10F9A000A9B80DBE8B7041BEB1D12ABE74CD2ABE9E
:10F9B0002C3D90BE8E3299BEF8C7E8BDC1A1BBBD3B
:10F9C00064CD72BDD565D6BD5BA0223CC94864BE7E
:10F9D000CEF432BBA617993E34556D3E9359143E72
:10F9E000A764123EEDD9753CD03C363E06AB773D60
:10F9F0005FF142BD0E11BEBC90F1DABB0F6EC1BD0E
:10FA0000F75316BE11C43FBEC44F74BECBC86FBE01
:10FA10008AA33DBD053C5C3D406CEFBD0480FDBD4F
:10FA2000880A44BEBA49A1BD086A15BEE5193F3E21
:10FA30000C7437BDEF3693BE346163BE719C193DC3
:10FA40008041CA3DE29672BCB271D13D96DC2ABEBD
:10FA5000F99B3CBE23B12F3DA0C6363B1606033DA5
:10FA6000320E0E3DFE045D3D2CDF71BDC84C3EBC28
:10FA70004CBA073D136BA13DBBDD053CDC3B38BEFA
:10FA8000104114BE99B915BE58B3C83D7F0691BD4B
:10FA900014406ABDAA68FA3D7DC138BD739DD1BDD1
:10FAA000BB2675BDD0483C3EBB8E9A3DB634233E46
:10FAB0002B7A27BD6E9F5C3D7B702ABDEC3D213EBD
:10FAC000C14085BD503AE73B40EC9F3A9B832FBD38
:10FAD000C7FB9EBDD0A7AC3BB03111BC222CA2BD50
:10FAE000CBBCA93D550B07BD72F31D3D4007F1BAD4
:10FAF000E0D3663C9DBA8D3DD4258A3C36C7493D4E
:10FB0000BCF60DBD0A863EBC1989713D37CC34BDAB
:10FB1000660048BDFEEC3B3D5041E2BC605E06BB6A
:10FB200080C1F0BB7EA8523D473309BD46F23EBDC1
:10FB3000DE8BA7BDE9268CBD77A8883DB6BD503DBC
:10FB400023FBA43D0386A53D708093BB6C21FA3C4A
:10FB5000DC8351BD88D6E43CCE831EBE2CCE52BC85
:10FB6000AC2CCABC4724AC3CDF4993BCFF52D33D0C
:10FB7000A77F9E3DDD78033E462D0EBE62F984BD13
:10FB8000D9C0B23E7966A83ED6F10F3D3ADF45BDF9
:10FB90000E75C5BE96CD5FBE77F50ABEBAAA9BBDEF
:10FBA00051E113BD900A983B1DF66ABD20345EBD3D
:10FBB000060591BD2E20253D723E53BDB147633EE3
:10FBC0005970AC3E62B1393CDF9EB9BC8CC9473D2F
:10FBD00043D8D03D61A5A73EFA67A83E85CDB33E88
:10FBE000B75C253E52BB13BE7B75A73EA193C23EB8
:10FBF0004C051A3E86D1C93D0ED09DBDFF9E943E58
:10FC000008E9913ED3D9A33EC0069F3D9AEBFB3C49
:10FC1000F370493E6B8A1D3E8A0363BD345ED43C5B
:10FC200020058D3C903DFD3B1F17563D2277743ECD
:10FC3000D0D35F3EB1C6233D7AA539BC0BD6BDBD3E
:10FC4000D0B7F6BDA9E6E13B951F4DBC92C3B4BD4C
:10FC50008CCA97BD31C319BE8447333DB2A1DABD0A
:10FC600076975B3D30CA123D3B888EBDE4CD2C3C7F
:10FC700053C5AC3EDBEECE3D94E9243DBE0315BD3D
:10FC8000A38A403EC40F4ABEE6723F3D46D21FBD26
:10FC90007C7794BC6396C1BD33ABB2BB2C729FBE64
:10FCA000C4C90C3E58332E3E5DF2693EFED90EBEED
:10FCB000AB7075BEC77697BC3E821F3C3F7C2FBEA3
:10FCC000295F26BC384A20BED6454ABE0F0087BEF3
:10FCD0007676A2BE4C3140BE9EFC73BEFC5CE53D18
:10FCE0001116BF3C6839D2BDB65C24BE9D1D41BE15
:10FCF000169852BEC8BB79BEB14B98BE2360FB3D7F
:10FD0000A499E3BC6AE2B1BC71563F3DD5449ABDAB
:10FD10005C316B3EB8883B3E74E6E93BECB103BE18
:10FD2000B71AC1BD90CE90BC68AF16BC639AD0BD67
:10FD3000089651BE119534BE3D4D2FBE9D6EC73CF9
:10FD400008E1C7BBDF7DDBBD1060A63D0EB2CEBDB6
:10FD5000A20511BEC4A228BE725FE2BD9AB57A3D6B
:10FD6000F9324F3EB7251EBDACCFB1BD67A4E63D0D
:10FD70009C05BEBC32E1173EC69A9BBDBE2A273EFB
:10FD8000A96BF8BA9D6E483E5C5900BD4CB12CBEC3
:10FD9000388B73BD1F2B7DBD1DF034BE604B6AB721
:10FDA0004C241ABD65A367BDB01101BE45B234BE77
:10FDB000BC760EBDBE84A5BC811D1ABD6B533DBE75
:10FDC000F0F22EBE25C39ABD6E0AEFBCCD5C9E3DFF
:10FDD000F5CA843D5146BDBD704A8FBCE673AC3C4C
:10FDE000429262BDCAB8753E9EAFAFBDD3371EBC4E
:10FDF000EC71453DD3D5943E179A1A3E17B8C9BD4C
:10FE0000F514923DEB601EBD813695BD60889F3D27
:10FE1000D5D922BE30D848BE22A6E8BC84D542BE81
:10FE200013056EBDA8AC123D2D9C503D48423CBE12
:10FE30000C603CBD76D08E3BAB667C3DEC0B85BD4B
:10FE4000A024093E1A32523DC461A13B3BE4F73D78
:10FE50007862FDBCAAC4943E296E9A3D950925BEE0
:10FE6000F95CE4BCCB1D0B3E93092C3E173A06BE51
:10FE7000CDD83EBE058899BD4194E63C52B0EBBD5D
:10FE8000EC9973BE825F0FBE6111EBBC3B56603DC7
:10FE9000B0436DBEAD07F6BB048369BED4C250BE8D
:10FEA000CB9AAA3C9C09DCBD1B6E05BE85FDADBD91
:10FEB000D8E837BEC2F6CEBD6B548DBEA11050BE81
:10FEC000BCB880BD7E495E3EC5DD023E48D22C3CBA
:10FED000EC900BBE3B04A0BC32F745BE9EB005BD06
:10FEE000C45597BD11FA10BE9C7FF6BD8BC3F2BC02
:10FEF00075F903BE04BBDBBD962BDA3D2489AD3D0D
:10FF0000AC6F44BCABBB81BD1BF0EFBC1CE791BD2B
:10FF100034D2883CE1C7A4BDBED35EBEEE0C5EBE4B
:10FF2000A5182DBE7FB7F0BE9E6A1EBE8A0E7C3E0F
:10FF30000084C63AC42B443DD61D4D3E7E64133D1D
:10FF40004DCF9ABE0F29B3BCF84C6A3C8950C63BD2
:10FF5000129094BD1F0249BE897E8DBE8AE01EBEEE
:10FF6000E9F51CBE371D373E06A04E3EEFC2833E6C
:10FF7000C593833CC7FAB5BCC0937FBC415817BE3C
:10FF800002EECBBD4CAE813D5E2F49BD06FD08BEE5
:10FF9000D65B753D426D37BE04E712BD60DBD93DCF
:10FFA0003B8E9A3D1378373D833C18BE449808BE7B
:10FFB000D7561ABE3B8CE0BD5113BFBDC6598ABC93
:10FFC00074E548BDDE838EBE032C81BE2DB2BBBD61
:10FFD00016EEBE3D830A533E4397393D01230B3E47
:10FFE000AE3E9ABC1CCADEBDFE428CBDBEC9883D79
:10FFF0009D446DBCFB8B7EBD44D00CBC4FF345BE15
:020000040803EF
:10000000042ED7BED656C6BE792714BF3B85E1BDA8
:1000100036DE4F3DAE11983DAA302ABE8B75B1BD7C
:10002000C64689BED9445EBED70996BDE57F1ABED5
:10003000BA8643BC9FC582BE362AB13B609A453E14
:10004000959BFD3E371FF23E17F4883EDEFB9B3C3E
:100050006B75A13D751E05BE3BF58C3D8529B53DF3
:10006000B5383E3C908385BDA72A1B3ED846A8BD27
:100070006238B03CEFE1DC3D7D0D4BBE764EA23EDA
:100080004A0C033CB0574B3D43028D3A345287BD76
:100090003B4168BEC2C11CBE677F103D18E4FBBD7A
:1000A0007289CBBDAFD6D43C2F65843EC7CF043F09
:1000B0001CACED3E8607313ECD4DBF3C213217BC16
:1000C0005151B13C0FCD453E4F199A3D8CE6AF3DA5
:1000D00005FDB9BD0ECF26BDA7E29A3D15B7773E07
:1000E000D8C4B33E2A216F3D93800FBDE9DFFA3DAE
:1000F000CBF308BD348AA4BD8DEA2CBD6897813E40
:10010000392648BD812A3BBD1683363EF1ADBA3D46
:1001100043E3BD3D5EBB6D3E9A77C33EF54C953ED5
:100120009704963EE1E1033EA86D1C37CC219B3D30
:1001300023A0FB3D5BE1523DA61DAD3D5253643D06
:10014000ACB49F3C291759BED48DD53D85DB823E8A
:10015000641EE93E9A618F3EC532E33E7C91103EBB
:10016000C8DAABBC3416BF3DD24DD33CA240AA3D49
:1001700050A5BF3DB8E6D2BBAC18123EF7D5193E2C
:100180006A5590BD34CA893E9BEE5A3E8B34AA3ED6
:10019000EFABB33EA533073E1B938A3BE938413EA4
:1001A000205ECA3CE71A4A3EB7E1F13DB38E2B3ED2
:1001B00036464ABDA59D68BD5470613DA8BD263E2A
:1001C0001377F63EB777DC3EAEDEBC3E2A61813E59
:1001D000485D0EBDBBFC86BDDB478FBC2BA5323E08
:1001E0001EB3BE3EBD6CB93C8CF71C3DC785813E3D
:1001F000F0688E3BA6E3243E9F65253EA394A93E6E
:10020000BD34323EF9360CBDE29FA03D7D9D6E3D72
:10021000F2B8383E1884A03E0A028A3EBD223A3E19
:10022000885C733C4DF5893E012E053E2771F13BFC
:10023000318E473ED9C7C33EE75F963E1889CA3E16
:100240003061AABDCA7163BC7C6C013E8ACA283E7B
:100250002D5B663EB215C6BDDDC922BCC7EC363D7E
:100260003FCFF83D87E240BCC540093EF17EB53D39
:1002700020500A3EC482A13DA8D8083E03E8873E2C
:100280002D8C783E96BD7A3E20F6943ED59BBC3DA3
:100290004C6C333D5AB07B3E95D8523E9CC82ABE2A
:1002A000172B0CBDA40A973E6B174FBD3E5FFA3E5D
:1002B000DD3F98BE3F69B1BDDD0C52BD63448A3E4F
:1002C000684C853E756EF13D7212923C16069BBDE0
:1002D000ED41533D3093023E829B18BDF2F00DBDBF
:1002E000202DB73DCE94C63A55F7183ED7799D3E9E
:1002F0004C73AE3EED499D3E54496D3E1C912CBD64
:10030000B66C73BD1D14393DFB63CA3C1C61EB3DEB
:10031000B383073E21AE803EF007C4BDF785153F8D
:10032000468AC63CE431A8BD95C3303EF25DB73E77
:1003300024F27E3EBCBF023ED057A3BDB21BD4BD4B
:1003400008E00ABD0DB9D0BC8A2F6BBD606F52BDED
:100350006297733DA09B913D6D2E913E2025A73E57
:100360009ED77A3E4EACDE3BAC14003EFEBDCCBD0B
:1003700066658ABDBE920ABE5A37B7BCC6C03DBDCF
:1003800065C1083DD9CA97BCAE3E863EB222DA3E70
:10039000976798BD2999DCBC50DB7D3E053CB53E96
:1003A000C9A61A3E4E4B263D4AA446BD5FA4B5BC25
:1003B00062695ABDEE863A3D71C8A4BD3B7A1FBE44
:1003C000DDCE383D37FA06BCD778953D61DCB0BD4F
:1003D0009CF8223D1D17FCBD02167E3D794CE9BDFF
:1003E00019BD6CBE47361CBE1F40E1BD183DDFBDC8
:1003F000FE3BCBBCD3541ABECA23B43D9DBD98BDB1
:10040000254E823CD7D81A3E53D4853C1913EC3D77
:100410009ECD073E4AF25C3C234F86BD7F0A4EBD0F
:10042000C8D609BDCCF908BE677518BE08AF63BE53
:10043000E50AB8BD20E739BE4EDB9BBE14655CBE45
:10044000B4011EBE923565BE214C3D3DD689EFBD3F
:10045000511530BE7B7385BD843990BCA1FC55BD60
:10046000D0557DBED24902BE0A80D33EA8E3933D5B
:10047000AC60A7BDE81AA33BE7FEB7BD3BF956BE8B
:100480008C993DBE04EA1ABEC5D68DBDC87906BE9C
:100490004D3441BEBEF663BE28A987BD7D2F84BE04
:1004A000E09D19BEDCA74BBE0761A1BECDE144BEF5
:1004B000C27D9BBEA04F48BE20B135BED02FF2BD3D
:1004C00036EFE2BDCF7CB33DADA1CFBCD1B060BEB5
:1004D000882879BE96411ABEFD2B213D27967CBD0A
:1004E000B08CA7BD94C051BD6FE7753EFFF22FBE23
:1004F000C1B5BDBE730FCCBED20730BA1F69113E65
:10050000EB39363DB4B0A63B7F274F3C8732963C53
:100510009F442E3DF92C45BE3C00CB3AFEFA46BE28
:10052000FE3A80BE28BA86BE55F8E1BEAC9665BEDE
:10053000EEEB0BBE4DA6AB3C6C0252BED1F0CFBE73
:1005400002DA9FBE1F2816BE1A58AA3DFA512F3D47
:10055000B3AD9EBD64145ABD4C710A3E8614FABDFB
:100560004EA809BF04846FBE209F0FBE01F9DFBDF6
:100570001C5F92BE6D9E50BE08600DBE867488BD25
:1005800049C6F3BDF3552F3D70FF103EC6F353BD72
:10059000F6573ABE9E0A01BE22C4A5BE477525BDC8
:1005A000329B7CBD0CE9AC3D036105BEA4BF80BE9F
:1005B0009460403C88C2573E02C09C3D229E0A3D4A
:1005C000182B253C043F1A3DB8E520BC0505ECBCC2
:1005D000534E0F3EF1A2BEBDD94221BE1F02A4BEA2
:1005E000BFD59ABE5BE256BE0D6484BD8978BB3B25
:1005F0008A9734BDDFC5B3BDB864A63C3B13DFBDED
:10060000752C5BBEC277A2BE1175B6BED474A8BEEF
:100610004F67B1BED3CE2FBEC782403DC4F9FB3D6C
:10062000FD7217BEDAB6FDBCE3BB2A3DB228313DF0
:10063000C2EE033DB42992BCB0366CBC2D33B2BEC1
:100640006757B5BEA241FDBE39F40BBF236050BF52
:100650008157A5BEA9B695BE27706CBE41E88BBE7A
:10066000A0B093BEAD859ABEDB4207BF410537BE41
:100670002825EBBE30D702BF39543BBED82C2FBE45
:100680002A4CDDBE4676D0BEA8D2A1BEDAABB3BE40
:10069000B1BC34BEC4A113BD1884543C2A44E7BC89
:1006A000B8D777BCAC02F9BC44496CBD49D1A73D71
:1006B000A12974BD8CC2603CE33F57BE51D545BEF5
:1006C0002C501ABE59B9D9BE1E7507BE175D91BE12
:1006D0009227A8BEBDA411BF6F7704BF1B51CCBE2B
:1006E0009D8073BECD29D1BD199242BEF9AB25BE06
:1006F000E6D4DBBC4091173EEE95A73D725467BD32
:100700007FA68B3D4F3D9EBD588C2EBDB689373D93
:1007100000187CB980F1C03B5270BFBCEA57633D02
:100720007FE1A0BD02A64F3D12E9333D60DD053CEF
:10073000388C9A3C74738DBD77FD9E3DC07DA0BC06
:100740004D15F8BC54ABE83C075247BD2A24473D41
:1007500056AD6BBD808FA13CB011AB3CDC45A13CDC
:100760007D9697BDC0DA57BB86B535BD754D923DB8
:100770005EAC3E3D1004E93B4D1F833D0639383DDC
:100780005BA4AABD880FA4BC0D898DBDF96454BDBE
:1007900079C6203C712AE43C4285A03DF476E53AD6
:1007A00013A917BD7F14433DDE32203E0BF4203EDB
:1007B000F584703E2551483E5D5BD63EC59F2B3E7D
:1007C000E0ED61BE1FF306BE7E31163EFB31863D75
:1007D000061F323DC9757CBDE2745CBD86173E3D87
:1007E000F8457B3CCFEFA7BDFAD5053DCA4C403D4F
:1007F00092723C3DE28A233DBC61E03C2C4E80BCC1
:100800000DC8133D87C5573DBC770A3BB99A35BC27
:10081000C0F0433E234F963EC44594BBA1BA50BEA0
:10082000A5AA71BE6025883E3362973ED3EB9D3EFC
:10083000D8C9F93E7A23B73E4891783E6EF5723EAC
:10084000F6ECFE3DB5C8D0BDEEB7C53DE8F4BCBE84
:10085000598B6ABE6844593CD647723D4740903D2B
:100860003B239FBDB0838E3C18C586BD6E9EA9BD3F
:10087000189856BDBA3178BE349BCABD562EDCBD21
:1008800083E4833D322987BE20F3A0BE51E7B4BE86
:10089000B5FD06BE56227B3E3A492F3E7E6C553E44
:1008A00030C4BF3E5F72643E80CD733D5FB94F3E42
:1008B000DC60FDBCEAE00FBE540081BDB155973D40
:1008C0002F2584BE418F3B3D04B7D03DB9F76FBDA6
:1008D0007EA1793DDA94353D60D5A3BD842B95BDCD
:1008E0004618F63D34E9113E725DB8BDCD5015BED7
:1008F000B9A61C3D0C1F093EC00162BBCA5D9E3CEF
:100900007A0E8D3D8B2D373EEC191B3E9308603ED1
:10091000F9D7293EA59B0A3CB33A00BE46CF343DE9
:100920007F74723D37F29C3E1855B53D08927FBDED
:1009300053F95CBE88BEDA3DAD4C32BCF0BFA9BBFA
:10094000B9A2A3BDA2CB9EBDA186823DACC889BE83
:100950007A3114BC09F2BB3E5BBF813EA24D57BE4B
:10096000A9A9ECBCE9E4243EEA8D1B3D8947E8BD1A
:10097000516213BD9F7385BC9B039B3E22E1093EE0
:10098000F945E43D4693A6BCE119AA3C4262243EE7
:10099000D71AA23D92F8AB3CB1F458BC4FE2603D8F
:1009A000602E7CBE37F2BBBC81B65DBD8CADD83C41
:1009B000C4F38EBCE62D4A3D865F4BBE500EA6BEEC
:1009C000794888BDC7D96A3E947C1E3E957D533DCB
:1009D000083D0A3DA70DD0BD83CEF8BDC75320BD4D
:1009E000895A253D0255A6BD7AD7933D5EEF1E3E3E
:1009F0007ED82B3E4CCFB2BC362021BDF3B82DBDE6
:100A0000E92F86BD3B041BBE88335DBEF3FACC3BA9
:100A10008854ABBDB507BD3D6B11E83C2085F03B6C
:100A20006C6480BCAC2CA13C1A2737BEC522E3BD48
:100A30003A02F93B1D08AB3EF9F35B3E3473553E79
:100A4000316512BEB1D8D03D89B8953E99ECDF3DF5
:100A500015989DBD5E8D27BD6220C13C831A843EE2
:100A6000332DEE3D45E5F03DDCA1B4BD58C315BDC9
:100A700071000EBEEECE27BEE3D381BE3D33C83C2F
:100A800018DC5C3E8B33893D6A865CBE10662CBCEC
:100A9000C869263DF997B13CD58ECABD2D3DC6BE6D
:100AA0006E1BFEBD47D3AB3E38A5863E6A357F3D03
:100AB00079CD0C3DDAFC2F3E3308843DC45E68BD21
:100AC0009E9D563D8CE8D4BD7C1F8C3D40A9013EC7
:100AD0001DE4AD3D27E4303D765B19BD0C28E1BD3A
:100AE0006CEA8DBD7D0C94BDE71869BCC3BA34BDFA
:100AF0009F2C4F3E0501973D3A16F9BD0F902BBE36
:100B00007D4E9A3D58C9023D0B9E92BE2EF09ABE74
:100B1000CDB40A3E36DDE43DB06B983EEB0B413E72
:100B2000136CDE3C493B5D3E204CCA3D44A6463D2D
:100B3000A394833CDA2238BEC204FC3BB5FD973D4A
:100B40000C5058BD999703BEA0741DBA30F00C3EEE
:100B50001F305B3E66ABBE3D77680BBEC82C1F3CAA
:100B600019CF7E3E45BCFA3EA5708FBE67B4A2BDCC
:100B70002221C0BCB26F56BDAA08BDBE56AFAEBEE4
:100B8000B428043D7911A13C2E4C563D939B503E18
:100B900006CC3C3E2149733E6FC8AF3DA21BE73CEB
:100BA0007B1C03BEEF23C4BE64C731BE789C933C5C
:100BB0006725F6BD9CE708BCE11F37BD5A8A083E91
:100BC0001A1FBA3DB541203EA7AA733E9772B03EA8
:100BD000BA740C3F8CC8FF3E081488BC6A45343B8D
:100BE00080EEBD3B86558E3C91E91F3DB525E2BDAB
:100BF0005366EFBDAB32B7BD3E5BACBDE188353E61
:100C0000493B22394AB48D3E654D93BD5CF470BEBC
:100C1000C76930BF24BB18BF916B07BE6CCCE0BC6A
:100C20003BCDD33C946F3A3C3AF1EE3D3C8E463D91
:100C30000CCD9DBD63179F3DFFF1483E3D72C73E01
:100C400008580B3FDDABDD3E453BC8BDC3E48E3DE0
:100C5000BC4FD4BC63FBA4BD0E5FA43DA62DF8BD64
:100C60008DBF603D8F7841BEB918333E60D6893D57
:100C7000E8C20D3E1D0F203E253251BEAFCAA6BEB2
:100C80003EF71DBF06E5E0BECDCB183DD956F3BCFF
:100C90001C0D6FBD51FE0DBEFB70B3BDF7808FBE46
:100CA0003ABAB8BD7DCF1C3C18357E3D81417E3EB1
:100CB000DBD50F3F4803C13E0E9508BE5178273D56
:100CC00054466C3E36B7DA3CC452B03D9AD3E5BCCC
:100CD000733F343E0B4D00BD2DEF5C3E39E8B93E0D
:100CE000D361D13E2E63FF3C7EF3C3BE58AD07BF38
:100CF00020B0F2BE130DAEBE102471BDC9AF103EC0
:100D0000F2F7CEBDAC930FBECFE7ACBEB3745CBE02
:100D1000BD4C5FBE729DD63D84269E3D3AA40D3EDD
:100D20001B26E93E74A8CE3E56C800BEE4768B3C36
:100D30007849813C4BACA33DB3B1E33D4E2995BD11
:100D4000D6BC4C3E78E6F23E3FF5993E5C33803EA1
:100D500025235D3E031CB1BDBA2620BF6D1602BF20
:100D6000C50D45BE34B777BE4D83F03C7769183E5C
:100D7000EDD83CBD2E2220BE725052BE8FA958BE67
:100D80006D6362BD254CEABC5B8F353E45639E3D7D
:100D9000C04F903E8475C23E950E023E4053CC3A01
:100DA00092FE9DBD1914DABCAC225C3C7347843DB5
:100DB000CDBC083C4EEE9C3E0AF64B3E07CE933E21
:100DC00071B24C3E9502A1BE73A43ABF3CCE1CBF8B
:100DD0009953C0BE6174FBBD347E4B3E0681693EB3
:100DE0008C439DBCA62231BE22C512BDE1818BBEC3
:100DF0004D45D6BD6BE1663C0E456B3EFE441F3E45
:100E00002780493DB0E4833EE22AB13D405125BDF3
:100E10006004423C6B031A3CD4C0A5BD5981B1BDEE
:100E20001A0B323E1AAE893EE41B4A3EE5512E3E75
:100E3000BCD3A23DC6CFCCBE498018BFEAC517BF00
:100E400077810ABFD7811BBED80F783D31899B3E81
:100E50000E8F52BE05D990BEBF4774BEED832CBE27
:100E60006616E4BDAED449BDB60402BEE239DCBDAF
:100E70001E09D3BDDC10363E4189633CE7343EBDDC
:100E80009FE9AA3D35802DBD8FFF26BDD540B1BD60
:100E9000A9CA823E9ECC8F3E0928123E6630A53DEF
:100EA000E907B53D0D2F1ABEFB6938BEBF2D87BEC1
:100EB000B2DEF7BEAC2895BE825DDA3DB2D95B3EAC
:100EC000A33F823CDC7381BE3599D8BDC688C7BDBF
:100ED0004C5CFC3A8D47473D9C17463DD108D7BD39
:100EE000D322F5BD41B599BD1C38FBBD8B42DABAA2
:100EF000D2AB64BD50B38B3CC5C5C5BD6524BABD7E
:100F00008F4B8E3D2A1C1D3EA1FF373EC5E70C3D91
:100F100057B0583E5675FF3C6E962CBE2590C0BE0D
:100F2000BD0515BF909569BE10617E3D6097653E19
:100F3000C2B7DEBDC9A02BBE8F7240BDDCAF10BDF5
:100F4000B84D5D3E2507A83EDB25893EF344E83DCC
:100F5000FA12263EFC65AD3DE894F9BEDB46EA3D5B
:100F60008B91893D85ACECBDB38C9FBE46E3453C7F
:100F700092C6E13D9C5B1E3E6725913EBB841F3EB1
:100F800097480E3E3111813E3E26A63CE6034BBDFE
:100F90006E5597BE80F7EBBDCD1F553E4EC8073E40
:100FA000CAEB043E1523853EBE02B73D9CD28C3D64
:100FB00073FB273E486C733EFAEEB73E37FF823E26
:100FC000AAE17F3E14957FBE525407BF7699E13D5A
:100FD000D5A98BBD5F53313D2DFD22BEB2DCD93D7D
:100FE00044C7DFBBA4F802BED7829B3D34F6663E01
:100FF0009F28D93D56616C3DCEB9093EB93349BCF5
:1010000089AF1ABD967C3D3D0C3C7E3E8AE0263E73
:10101000872A313E2C0A883E4D01D83DA8BA3D3E74
:10102000C5AD0D3D22E0533E4003953DCEAE9F3E03
:10103000F9FA383E4B1834BE77BEBDBE7D098D3DF2
:10104000DB3837BDEA97033D210C473C560E1D3E69
:10105000DF5C9F3EE35D013D9531413EF9E96E3E27
:10106000442C9E3DAF7CAD3C952A94BC01C0103E03
:1010700093520A3E446C363EBB975F3E2B15553E5D
:101080006082D53DB50023BCE83995BDE63E01BD83
:10109000D708B43D38FF023E6F6AF33C2F0F31BDD5
:1010A0000B8001BE7B68D53C1D45C8BDFA70743D00
:1010B000500119BDF028A93CBED5CABEBD1259BD0C
:1010C000BD55833EEF69A43E0C013F3E852FB53DE3
:1010D000A888123EDA06FF3C688731BDDD5110BB9F
:1010E0007F64D8BC9BDF933D0F8AF73CB8500ABDA4
:1010F000D37258BD5357A5BC51354BBE8F4C4EBD16
:101100002E69B03D1FACE6BC364509BE82D682BE14
:101110009D0561BE1FD3B13DD3D25BBE00DA08BCD2
:10112000D772A53D0BDEA33DDC7685BE2E5A80BE70
:101130007B39AE3BDBFC3ABDED9A933EA70AC53D39
:10114000F954E5BD513C8CBD175928BDDB6484BE04
:10115000BB2B2CBE2C04533E3B63B43DF10211BEAD
:10116000F0C9B6BD3D4797BE172ECEBECE62B5BD07
:101170002449AB3D2FD38CBD05A297BE4FCA9EBE5E
:10118000821961BE11298FBD20174DBEB93884BDAB
:10119000BF9EA63D50DFF03B5074603EEE524BBD0B
:1011A00021F87D3E608B3C3D806889BC23819ABDDF
:1011B00075CC80BBE74BB3BD9BFF273E35993A3ECC
:1011C0002296D4BD1ED397BD560428BE58B612BE73
:1011D0004E4675BE7971B0BE665BAEBE617E85BDA2
:1011E000E2C4473E8AD3463EB6E7B5BE11C622BE2C
:1011F000CCB9F3BCC58C3EBE43FD16BDD45ACB3C26
:1012000098949DBD5172923D78A0BFBD6C91113EE6
:101210004B0D8C3D9D73D3BDD71D42BD161EFEBD2B
:101220002057DFB918F856BC0525CBBD1E6D71BC23
:10123000C953C13D005B043EEF389F3E982F113DDE
:10124000C04299BE966C09BF154605BFB06637BE51
:101250007A9604BD9065A03D6AD9803B122B1C3E56
:10126000316F12BCA8FFCC3CD1D2A3BDEC780C3DB1
:10127000AE49033D908C6ABC02262D3DD5BD92BD82
:1012800090AC82BC3D9D12BE19F331BE329C08BEAB
:101290007ED06B3E782EAB3ED1BEAD3E58FE7B3E3F
:1012A0004563C5BD0229893EC4B7203FF4C35A3EF9
:1012B0001EFC373E6985D13D52B3DD3D8BBE013EFC
:1012C00057D9353CCF0247BD6D538E3EC504813E94
:1012D0001D974BBD9E612C3D40A163BCA606053DFC
:1012E000B00FDEBB007130BD90DEADBB40ABC53B87
:1012F0004A018C3D7F58D9BCE1FE58BCB7AD4D3D8D
:1013000034B58B3E42E0AE3EDAA1013FFE5A043FC7
:101310006A46133F0EC7A23EF62EA53D9E63533E7E
:10132000AC3D783EF487863DCB983C3D74DF3D3E36
:1013300034742F3E0792013EE88B163E8E0CFB3D27
:101340008E8877BD6BF937BD58BA10BC477E75BD26
:10135000806AFDBBE2A4343DA893ADBCD14A41BD37
:1013600022E99ABD02767B3D7AC096BD8297303DD8
:10137000E3794FBD9D3648BD3866A53C7B6F12BDF5
:1013800066B6853D398266BDA4BEA23DE9654B3D8A
:101390009EEF6A3DC0A012BD3F729D3DC89B0CBC34
:1013A00090C61FBD56A478BD0099A03CBBB38CBDB0
:1013B000C8E3A8BC5F629EBD6E186BBD3D5217BDF1
:1013C00087818EBDF93462BD23F8953D7695273D22
:1013D00078A90A3DB35E5EBC1BF8223EAE40CC3C11
:1013E00033F0F23A1C38003EB3D5BC3D0841F13D24
:1013F00025AF0B3E2FB7223E5606A1BC7F69C33DE9
:10140000AC41913EF37D593EACEDD73DCD13ED3D62
:10141000B9C7F43D80F1203D89A55A3D85220DBD17
:101420007679A6BD14A699BCD4398D3C45B2A9BD28
:101430007041243D2F5C8A3DA57EB03D102A9E3E22
:10144000751E843E0CC62F3DAE1FD03DCAB2393E3C
:1014500038FA193EEDB799BB89C2983ED031803E2B
:1014600001A2963E77D5883D9BBF5E3E1C97C33D4B
:1014700099ECD9BC68C3A5BDDF59993DE8524ABD76
:101480005228B7BD334DB9BB5E4F603C6AB0E0BA7D
:101490004F36AD3D501D80BDE21567BD80C6E03CB6
:1014A000C517A4BD86008EBD7921203D6968A23E86
:1014B000E0D8A53E8ECDFE3D6BED5E3E777C093ECD
:1014C000CB823FBE586565BEBFD5C9BABAF71F3ECD
:1014D0009ED6E13D013B783E2687463EC569333EB8
:1014E000B569453E74F7ED3C7980833DBFC8583EF1
:1014F00063378EBCE3CD2EBE0D2AE7BD8AAEAD3C70
:101500005AFF063EB3128BBEF1B0AABE7A1D9ABD39
:101510006AD2453D8A792A3DD0BFA03D4D5D773BDB
:10152000AFAFF23D75D7243E945E1D3E6A139CBD5D
:101530000D0C7B3D7045E23DA1EEACBB267D483DE8
:1015400055A789BDF9014B3E20861B3ECFE53C3EA9
:10155000AAF0B3BC3BF5D13DE5B11BBD757CAC3DFC
:10156000742270BC7374DABD13DE353CE4B44EBE35
:10157000F04B93BE18168EBEF13833BD10019F3E5E
:10158000C70F853D3C6CAC3C28EEC53D13F547BE0E
:10159000F5AED93DC93C9FBE0C1C18BE2592E7BDD7
:1015A000B85094BCBD46C0BDAA32643EF078CE3D72
:1015B000A2B8A33D6F40F5BA53C53A3BD9FDBF3D34
:1015C000FCFEAA3C4DE0B03DC0C2823D7163193DB6
:1015D000C1D0BEBD15A8963DA9A4243C91C7523EDA
:1015E0009EDD5D3D4DD20FBE585D823D9E3CF33D7C
:1015F000B2A621BD654520BDCFEA65BDD2CB4DBEAB
:101600003DC2523BDB785BBE462ADB3CB9B74DBEE0
:10161000C85CD6BDBF6AFFBD9A738ABC564118BD6F
:1016200012EB08BDB692DABCA5C4163EF9CC743DE7
:10163000D101663D4AE871BDABDF9B3CFDBE75BD87
:10164000952903BE818EF03DFB39623D26D986BCCB
:1016500052A1A33CB645A2BC1B07D9BEE77475BE18
:10166000C01A163B5B5DC13D04129CBD39BD2ABE4C
:10167000DC56843E01CE80BC244CE0BC125397BDA6
:101680000A7FF5BD858DBEBDF470313D2AD1FA3C8F
:101690007B1B71BD4521B93DF089073E5F31403E5E
:1016A000EE324E3D6A22F7BBAFA9EBBD0F9E143D53
:1016B00023CC1D3D418A38BECAFCBC3C65AADBBDBB
:1016C000DC3B883C1426E3BDAF2896BE69B6BEBE9F
:1016D000A067EBBBC4CF433D8A9AA7BD990A32BE2F
:1016E0001DDC5F3EBF069FBD5B3605BE0B4899BD46
:1016F0002830CEBCB38C49BE0A33E2BD178A79BE0E
:101700007A7480BD6158ABBDEE01813EF96A223E1C
:101710001E593B3E60FE513DA78895BDC328113C34
:10172000324C993D832B383D77EFFD3B9261F3BD01
:10173000E9FC76B9F2820ABD58EF43BED6BD8ABE37
:10174000FB588C3DEEFD983C71CEE13D9DCE46BEF2
:1017500024905D3EF7615A3DD51C0A3D64A5593E73
:10176000765121BE228AF5BD16DF85BC6ED370BED0
:10177000D83A84BD90888EBB4E9769BC6647AD3A17
:101780008AE8733E56281FBDBD4C01BCAFFB953D9A
:101790003701FB3CF68C96BD5F0F9ABDC51505BCA5
:1017A000942216BEB36B74BE667CFDBED2C9C33D27
:1017B00076C1073D5461A2BCAD255F3EA4146E3DC9
:1017C0006B2EC33DC3503C3E71C9EE3DE5E6DD3DA9
:1017D000C7ED12BE3251A9BD75F489BD5F4062BE2E
:1017E00029987ABDB14BE2BA372C2FBCD2F8C83B4E
:1017F000E22AB63D2733F93DD842EF3C5D588FBD14
:10180000C579B13CDBAF073E337FE63DDB24C73D06
:101810008E175FBEDBAC4DBD184651BEAB4C253DAF
:10182000799B0FBDE02ADB3C5945773E669D893D9B
:10183000C12C013EB4A348BDCC9F97BD773610BEE6
:1018400085A227BDD566973DACB9803C3CCD323DE5
:10185000E8EB1BBDE4CBAFBD54A280BE116EADBDA5
:10186000F95F21BE8239E1BDEE9D34BC607B8EBD47
:10187000B9EDFE3DF5B3DA3DE650433DBB3A1A3DC6
:101880007AE6E7BD0F1D0EBEEAE841BEB2FFD7BC47
:10189000B08F89BD6594AD3C147B8C3EBB4000BECF
:1018A0002D70883EF90C993C08A7953C772756BEC9
:1018B000BFE203BDBDFECA3CDB4F8CBD0F9EF8BC32
:1018C000D93AF0BD92D80DBEB0B3B8BD0D16C9BEA1
:1018D00024BA80BE5C854BBED0DDC1BD7BC8D2BD05
:1018E00015C5B1BB58393B3E6009B23DFEAA633E07
:1018F000F535473DECE713BE2B32AABE4E6A943E47
:1019000051F38BBD67CC35BD253D0A3E7467C2BC23
:1019100006D8ED3EF186FD3A142B863D136132BDAB
:10192000EDAD693D3BF2FE3D8665423D475973BDD5
:1019300080F523BE1DE036BE9ADD83BD7D9D95BE3C
:10194000555194BE8573E5BD459212BE8B461DBEB2
:10195000C90AECBD53820D3DCF3A3D3E37EF513EB3
:101960003FF3693DA519FABC77DA7BBE1EC1903EF4
:101970009F6D94BDD6AF1EBE1E5188BDB69BCE3D99
:101980004018DC3E68A3623D868131BC7700AA3DE9
:1019900017CF03BEB1A626BEA91DDEBD2C0749BDCB
:1019A000EC0AD3BC087737BEFD79E4BD503016BED3
:1019B0006A4C8CBED4DFF7BDF5942ABEDB1091BD16
:1019C0000D0FBA3CF3B2873E9E179C3E38824A3ECA
:1019D000AF16053EEA7449BDD351283DBE2A923D5B
:1019E0004D5E1ABE6988C6BDC20F3EBEDC7E3C3D60
:1019F000A50B153E00154C3EEDD47D3D52ED72BD5C
:101A0000BC978EBD6FE871BEC00C99BDD0FC5ABCAE
:101A1000F7D35CBC671C27BDD988DCBDDC2751BE71
:101A200083BBF9BDFE1D89BE993172BEB0F10DBEFA
:101A3000B2AA7F3EAEE38E3E567A223E2964B93D7D
:101A400060C0973D797670BE7A0CA43CE272FCBD12
:101A5000DC770A3D42280FBDB0F786BD8F04A3BDD9
:101A60001C8D353D4DB0343E3347833D2771983D45
:101A700052C59BBD66D59D3C4B02EBBD30AD7B3D59
:101A8000664F5F3C3E6AA73D0FCFF9BD945B66BED3
:101A900099CE68BE77CF07BE5484213C7A4929BDD0
:101AA0009A4A4D3E8AEB1E3E8D105C3E4E038D3DA4
:101AB0006338F7BD164C523C9E8206BEE54714BE05
:101AC000103494BDF7136ABDEDE13BBE5FBCFDBDB4
:101AD0005FD40BBE0DB4ED3DFCD85D3EA3439D3EEF
:101AE000B1A6003EC051EF3D7AC5263DF8B4B6BD63
:101AF00050980ABEA99D813DDA423CBE95BCB9BE54
:101B0000109B61BE77669D3D27B5123B4AA2283ED9
:101B1000C9E8623D9C0381BD9829F73DD0A6FDBD73
:101B2000A53565BEA417153F402790BE5F6F00BD69
:101B300090568BBB2FFB5B3C550188BE312780BE86
:101B40000A0BB7BD4B48A4BD7F44F03D6994A23E4B
:101B5000FF9F0E3EC34D8D3E2D2F323E548D923C45
:101B6000940F773CC892CCBA32CF36BE79EF8ABE9A
:101B7000C1911CBE1E70923B6CE3483EF93DAE3DE8
:101B800060968A3C197E08BD3CEE7FBDBD8C1FBEB1
:101B9000F46DC4BEBB844F3EB2358CBE2DDF583EC3
:101BA000C60F1ABD03010C3DF1DF13BE47915FBEA6
:101BB0002EA273BDD02A4BBD87840F3D8A5A7A3E30
:101BC0005BBCC13D26E49B3E8970603ED2D9783E25
:101BD000E323A33E3DA2013EFF58C9BDE88884BD72
:101BE0009835C13B2FCC973D0BBEE23D6339DF3DBD
:101BF000AD73D1BC466DB0BD99C29BBDEF7667BEDB
:101C000033D6CABECD190B3E723BE03D4ED8973E4F
:101C10005193913D1AB6ED3D504680BC7836C13D9A
:101C2000C23F4CBDE7981C3E39587CBD7E99D53CDF
:101C3000690FD33DD00A2F3EC263973E19AF7F3E56
:101C40006162D03E1A9FED3DA6E0AB3E14E1093E35
:101C5000F427363EF7E77ABCB889DC3CFFF8AC3DA8
:101C600036DE0C3D32705ABB1966133D5EE615BE7A
:101C7000B24C2CBE296C153E3337783E4032083CBE
:101C8000DA03B53D457CEF3D4D981D3E2AEB0A3DFC
:101C90007578783D962905BE5DE7FEBDF805913D56
:101CA0003E8CAB3DAD5F863DBF14123E306BAD3D0B
:101CB00011D8463EF699603EEFA47C3E3B92843EAE
:101CC000F8054A3E20FD7C3D954BBDBB04EE8DBD25
:101CD000FC38273DEAAE4FBE02B3C83D9D5B10BE47
:101CE0009018453EB125503EC10FE03DDC767FBCEB
:101CF0006B4E8FBDEBF3BA3B3F4D133E8F834DBD13
:101D00001083C2BD2FC6DA3D98C5FFBDCE806D3CA5
:101D10008F456D3D3341993D2E70923BD015D73D97
:101D20006A77B53D244E893EF8CC923E4EF56E3E24
:101D30004B66763EDAD1DC3D8EE1483E3C04DF3D29
:101D400096E2823D4108A73D1BD14FBC1BD42E3DDE
:101D50003929983CD32EE13DBC36BC3D2B65ED3C8A
:101D600040774DBBE885DBBC0EFD973D89675ABDCA
:101D7000FC017CBE9AA916BED6CC48BDE3A750BED6
:101D80006CA6093CC757963D9F11343D31F0AC3DE0
:101D90000C592F3EBF42E63D640F213EEB69693E80
:101DA0000BA50D3EDF080A3EB91C873E73CE9D3E53
:101DB000DFCDFC3D03BD6C3E6B8EFC3D005EBF394C
:101DC0002432183E191E743D6BC62F3E8034403AB3
:101DD000F86CA4BDCAB0253DEF8530BE41B5C6BD87
:101DE000F518A5BD79360DBDDAF3D8BBEF0B5F3D15
:101DF0001B4A0C3D71F6093EA318183CF5217B3DAA
:101E00004CD2053E381AC0BB857047BDC5D67E3D55
:101E100050B7E63DA8A1173E04B55E3D3AD212BDCB
:101E2000EFE1F2BC88D6A9BE50D7753E92B7903E7E
:101E3000DBD77F3E50AD723E6488173EC8FED53C6E
:101E400007AE06BDF82F2A3C0C8538BC1DE3853C47
:101E5000C86EF3BD4E29CDBEA7A1CFBEE63C06BEDF
:101E6000C0D21DBCD4ADD3BD933CB0BC1F7DB83D2A
:101E7000F1C9C6BD4FABCBBDA1A500BF8D0D20BF25
:101E80005ADBDFBEF39BB8BEAF987DBDCC5B713E25
:101E90001D82C83D12DE83BED6A8CB3DB0CC813EAC
:101EA000CA5A113E616A0FBD121394BD5215143DFA
:101EB0005A4B69BDD7FB843DA078223D2622583D70
:101EC000F15557BDE20691BE3C37CFBE2939C6BE9B
:101ED000746BDCBEB3A57FBE1081BFBEB5F128BF59
:101EE00085F970BE17DDC3BE247BE3BE19E502BFD2
:101EF000D754A1BE9E25D7BE77CCCABE14259CBDA3
:101F0000DADB483E25C78EBD3D95623D7A5B7DBEDE
:101F10006AD86C3D14DABD3C688F81BDF1B8A8BDAC
:101F2000B4CF91BDA5DA913DE0387FBCC0E63B3B24
:101F300053AFF83CF5594DBD74E7053D52C123BD83
:101F4000B4EA69BE558EA2BE5A1782BE1993CDBDA2
:101F50008E95A9BD4FB421BD22E893BD3C4527BE57
:101F60005915B6BDED05AA3C02EA223C7F8218BE97
:101F70003230553B0E081BBE49C152BEE89B49BEDC
:101F80006CB4B93CC4C7943CBA40BBBC5FB7AB3D72
:101F900060FEDABBC0AB74BC60A7233B28F02A3CD0
:101FA0005E2B653D7EDB0DBD42376E3D42AF05BD0C
:101FB00028CE30BDD47A01BDD27AE4BC05445ABDE6
:101FC000F0B1E6BD41F7BCBD3C3E1ABDA9C89CBD01
:101FD000807F2C3BB6275F3D34C79ABDE898BF3C55
:101FE000B8F702BC8044473B00DF67BAAB6894BDDA
:101FF000C0A1533CE0E81BBC200E4F3B70E128BC65
:10200000F442C83C40EABD3ABC8017BD60E931BD2E
:10201000E9177D3CA5C078BDF1ACE6BD9C5919BE61
:102020007817E8BD58082CBE270C80BEE6A298BCE5
:10203000B44D26BE165146BE2AAC63BEB4E690BE71
:102040009D6509BEFAD515BEAF6D0EBE856B38BE57
:102050004189F3BE1D5F36BE3C829FBDAED36CBDD1
:102060005EE9A6BD241285BDFF31953D4A1E233D84
:10207000506836BC50001E3D7B5A203D1FB2A8BEA2
:102080000D6BB6BED6CD0FBEAFD3DFBD75FE8BBE1A
:1020900081614EBE769381BDE43955BEF116ADBE69
:1020A000A98D32BDBFCD11BEA06E0ABE7CE38CBE31
:1020B000E7E3C1BE27131BBE71A80BBECE3E80BE98
:1020C0009B4C41BEBEF00CBEEECB53BE2ADEEABD39
:1020D000108C913C880603BC6089A9BC7EA6453D56
:1020E000B887293C62DD2C3D32C71DBD538AB1BE85
:1020F000F0FD0FBE0312D5BD2F5593BECA3BF0BDF8
:1021000043DA61BDBE231CBEABE6E3B8B9E3063DCE
:10211000EA84EBBBF4AD3FBD16C3A73D419603BDBA
:10212000FC37733C805AAFBD721F0CBEEB5E79BDAD
:102130003C2A40BD8C5320BC1F0590BA089510BEA8
:102140009B2B0B3C06D7363E7B867A3C33E06DBD3D
:1021500058B854BCC6EB9A3D508FA73D72449B3D86
:102160008894F8BD227510BC8840DABDAE0F2CBD36
:10217000AE838ABEFB3BE93C955A963D1A5A7D3E9A
:1021800009FF9D3DA9D8A73CD21E3C3D49E3C63D71
:1021900067170B3D550CDFBC8AC0413E8ED8893D88
:1021A0008854AFBD0ED1143D512B783D41588FBCA2
:1021B000BD0E9F3EF637A63E103BDABBD8FDAFBE44
:1021C0000A25163DF88A833CA6A6863C172D513E6B
:1021D0005FA0E6BDAD9197BE87831BBD3CAD823D40
:1021E000FF462A3DFFD9AF3CD0DB2B3D3553303E77
:1021F0009A759A3DD9A5C7BDCBA72B3CBAE3DD3D67
:1022000003C8AF3D8B02773D85B2043EE626903D84
:1022100093267F3D8BDAB03D46E83F3E5EEB69BDDD
:10222000E28A5CBE7B4DBA3D4E6A853CFBB834BE4B
:102230007C198CBDB149A43D4B893B3EA0FC103EAE
:10224000A96F1A3E3B0F333E1A975A3E3C1EB53DCE
:10225000404EEF3D7434BE3D35BF063D2585AE3B57
:1022600015C7A5BD748715BD4D401F3D6E3A693D2C
:10227000E98A453DD6AE203ED822093D1B7E123E5E
:10228000C17C153E15323A3E644D743EBE46713EE9
:1022900002AB453E35BD863D51F6AE3DF20469BE0A
:1022A0002D79843C5E98E73DDC83193E77028D3DB5
:1022B000DA96403E5E63943EE3497F3ECB3135BBC8
:1022C000CCE0FE3D4666263D42B70BBD729280BD16
:1022D00054AD62BC62E9713D1C2C3EBDC6051E3E7C
:1022E0009769143EF01AC53DBF6ADC3D77D4A03D26
:1022F000916C863D54DE65BD193B2FBD25AC873EF4
:10230000A8DB523E313E393E1C03D83D0DB663BEBC
:1023100002F98DBD451313BED4DB413E6544FB3D40
:10232000F9F5BA3C6EA5793D041CCA3D70FFC83C66
:10233000451B85BC8E580A3E2F12343DE1F70CBC7C
:1023400015DD503DEF71C03D1D35A43D8344063E73
:1023500071C8393E75AF40BB2E4E0E3E997C42BDD2
:102360007058703D881884BD4101EE3D0C34FE3D2F
:1023700066898E3E0BD0CF3ED449B93E5F7D8E3EFE
:10238000445CF1BC88203FBDE111453EAC2C403D92
:10239000D9D04CBE1496973D7AC7163EA391D2BCB5
:1023A000D9D70F3DF9B15DBC713C89BDAF49A5BD21
:1023B0008655923DA5FBFC3D1542A43DDADA853CED
:1023C00076DC2F3E92FE3B3EE6229E3DCAA22DBD0C
:1023D00076CB363E8E249D3D50F1E13D79F2283E8C
:1023E000ADEAB43D1AB25B3EC1850D3EB72E84BE48
:1023F000FE1AB0B8F6F216BEC4A337BD3AED353EAC
:10240000D0688BBD8DC5ED3DC919AE3D3186CC3C44
:102410001B30063E77C895BDB8E6D1BDFAF5A63BA0
:10242000BB9B553E762549BD6BF0763CC3D5A1BD1F
:102430006AD4AB3DFE274E3D06CFDA3C85D388BD3E
:10244000321742BDDE4888BB1268023E52C8F33CD8
:10245000A9DF3DBDA807A539A449E13D106278BDBB
:1024600080B923BDBFC7B9BC728CC7BD59CBF83D7D
:102470008784AFBD65ABCBBB1808DC3D5D8A13BC60
:102480004447F33B5E15EE3D8710E1BC2E92B13D13
:10249000236DA43DA7E553BD9270D5BD5843FEBD45
:1024A000A70B8B3C7295E03D3637463D45C0AA3BB5
:1024B00018F3EFBD9F6910BE2E7AAABD14E83FBD88
:1024C000E040F0BD32B50F3E2B36093FA83814BEB0
:1024D0003CDF50B9238606BB9B23C5BD8656E03C36
:1024E000BA7C84BDB80A063E0B59BE3C0B0EC53DF6
:1024F00006D76EBD4D53D7BDDCC5073EC282573CE3
:10250000D2020F3E67BC923DA53AC3BD0C4300BB4F
:102510004624A1BD8BDDE8BCDB3BE43D37EAC63D8C
:10252000A5A0CC3C987BF2BDDFA533BE05D95BBE30
:10253000A7B0F73C97E3B83ED5BFE23C4BC49DBE85
:10254000B75E0CBEC1E15E3D055144BE88AE823C23
:10255000E6F6CABDB998533C6FB7C2BCF0A35A3D6A
:102560007F5DCBBD7BEC523C1692EABC24DADC3DAD
:10257000344B473E1020FC375E73CABDA286D8BBE1
:102580005045CFBDB7F4E23DDBCB763E9003CB3C6C
:10259000B4D88DBD52E509BE403CDEBD46F341BE18
:1025A0006D2A39BD7D98A63E94A0503E3351853D9D
:1025B0000E77B43CC25C7C3DC5B45EBEB025F1BDB7
:1025C000EC955B3C553C4D3D56E005BE6F8AA2BB89
:1025D000E045FD3CD6BF30BDD071F1BDDAF7593CC6
:1025E000D6952A3D009E743CC7BE8A3D1ED4553DFB
:1025F000EFA90FBCB86CCE3DB2236EBB46EA60BDFE
:102600001E46263D8440A93CB0B6DEBDEE0B3FBD64
:10261000E10D4D3E8205653DA1CC82BEAA4D27BD90
:10262000FB6C9E3D6354383E7A09633D999004BC2F
:10263000234F343EB79CE8BC7C78153DCBF3ABBC54
:102640006EDA1DBEB98647BED04EA7BD181C04BEAB
:1026500092B68E3DFEA7ECBD32DAA83D64FDB23DD8
:102660008DB58D3DAFA25CBDE5CB42BD1570C3BD40
:10267000FF2926BC12DE2F3D294D683CDE952D3EFC
:10268000A119833E99CB3FBD0D8BCC3E8B1B21BC4A
:10269000E88AC8BD70D9A83DF747143DCA8FE23D0E
:1026A000F236E73DA6070ABE623F473C86FAD53DB3
:1026B0009EBD913D2996AFBD0605B5BD592B9FBD69
:1026C0002679F13B2A3D0ABD57F5603D4833023E6D
:1026D000247EAB3D60E1513D222CDE3C9A6E413DB3
:1026E0005D52A13D79DB4D3EDA1A68BDE8592A3DBD
:1026F0006275033E25B2D0BD7BB88A3D418D5A3EFE
:1027000097B6AA3DDA7DB23AF7A9543EA185583E64
:10271000880FE43EAA00A6BD7974553D60F9763E67
:10272000EB3D9DBD231F3ABB57074CBB1B9B023D96
:10273000F255EE3D50BCFF3B286F03BDEA2DAB3C8C
:1027400069E3CBBC578ACA3D197B743D4BDC1E3D07
:10275000D4028FBDE521EB3BF4AEB23C73C3AB3D7D
:10276000ECB6AEBD0A5CBABEF1F83ABDDC06F23E8C
:102770004279A1BE20116EBD6CD2E63CFD4BAD3E50
:102780003F2E1B3E4A7C473E9C1C9C3ECC0E653E29
:102790004FFDD53D389AD03C5E34003E79A80B3EC3
:1027A000C907133E750DD33DA19ED03C1BEB53BD15
:1027B000CE474E3D2BCBBEBDA4EDCCBD6461C7BCA6
:1027C00004D0873D556FF33C6C7692BC6389AF3C77
:1027D0002ECC91BC62E997BEEAD469BE93AC1FBE11
:1027E000F39E55BD4D85CB3D5EE69DBD4E98093FA0
:1027F0007500023EFFEFA23E5017F63D819797BD50
:1028000056C6203D48C800BD8C57923D46FEBEBD11
:10281000C027B13D5DD2A63DB52E1C3C622485BCCF
:10282000A6F4F1BD1C3B80BDD25A083D4DEC0D3DD8
:10283000061F173D08038C3D5EB186BC6C1981BD37
:10284000F6AE21BE645B6CBE495A133E3DD7CBBC8D
:102850000E4C4A3D5565B83DDEC28F3DB6B9863D4A
:1028600022E2343DD6B4603D701E3A3D75609E3C18
:1028700040E4853D37C3A23D62CE5DBED9C024BED3
:1028800007D8FFBD7953653D7E4E86BDFFF0BABDCA
:1028900098DE66BDC3666A3DA19CC03CBFC5CE3D07
:1028A0001489AB3D753D8D3D260DB2BD4E5AA0BD80
:1028B00083E0F2BE61DBBDBEC74C1DBE76CD9DBDC3
:1028C000C189B0BD9216B63CF126B33C657C54BDBF
:1028D0000C1C3EBDEF0E93BC803971BD9B7320BDB7
:1028E0008B759BBDD5A3B4BD3A8D1ABEB95691BDAB
:1028F000E40EB6BD62C6B5BD591DBABCCE11C53D0C
:1029000070AB593C8EDB863BFE64FFBD41539EBBE2
:1029100004B81B3D26CD843C34B4463EC3E5793E25
:102920008D9EC5BECDD4B6BD14D4B33E780EF1BCD9
:10293000B46BD6BD04A9023D5369F93D3C3D6E3EE2
:10294000D38071BD5FA2F1BD01E5EC3AD41886BC1D
:102950002B1AC8BDD6F393BDCDE7E6BDD110B7BCE9
:10296000D65617BD0172033DB9C543BC299FFFBCB4
:10297000780FE3BCC491CEBDBAAF91BDDB000D3E74
:10298000CA5E013CAB02A23D1EF6F53E169D693EB5
:102990001C45A3BB519D84BC31B34B3ECADC9EBDDC
:1029A000173E8BBDAE552F3D6A37E33D06BD7A3EDF
:1029B00096F95E3E90340DBDBCB6843CFEBC8DBC29
:1029C000DFD7D03D33609BBC07C8233EF3D9473ED9
:1029D00056C5B8BCE36CD23DCFAB423E8CB74B3D45
:1029E0001FD80F3E04DCE23D752E223E4A48413D91
:1029F000BD6595BD7B37E73DB9859E3E958D0E3E05
:102A00004CFED4BDD5725F3EFCF939BD75B5A6BD8F
:102A1000FA847E3DD84671BC5BEBF0BD74DE6F3E40
:102A2000DFD7263EA303A73D513E943D4409343EE3
:102A30002742183E55DE323DAEC3273E7CFCF43DB6
:102A40002C128C3ED3D5A83E5D5A983E050AF03D27
:102A50001B467C3DB789813DB2D01F3EB7C0C7BC85
:102A6000CF9BE13D0910023EBDFEA83D3149BF3D6F
:102A70000E67DDBD2E60FBBD8999E7BDD66024BD24
:102A8000B621A3BDC52A04BD19F5E13C1C3617BE0D
:102A90004BA673BE54F5DE38988B663E5126C53D75
:102AA000D767CDBDED64A1BBB201A43E247C313E0D
:102AB000D641C4BD17CD853EB933963D0F15FF3DB8
:102AC0005CEE3E3E9C7EA43CE8C066BBC3609F3D7E
:102AD000175ADFBC116B80BDDA23953D6047793D05
:102AE000CEA880BC2E27D4BD1B88D9BC40EF043BA8
:102AF000879D9C3DD89691BC5AB591BDD62B40BDC3
:102B0000F3582DBE003986BDBD0A67BD98A10CBE25
:102B10002B6909BE383386BE536F29BD1AB12C3ECE
:102B2000D751FD3DF452F6BD703693BEF3A997BD63
:102B30003FC00EBD61243ABD59B4F8BDD84927BE87
:102B40001B1EAABE79EE74BE5C8CC3BEC97599BE4D
:102B5000499D42BEF48968BDB9CE1CBD304F85BDCC
:102B600051CBA1BD298A52BDE9BBA93D68A094BC47
:102B7000C7ACBABDE58D9BBBE85C00BE35B03FBEBF
:102B80007FF2D8BDBBDE12BEF84CC3BE4A5CABBE02
:102B900033F7B2BE86F7B0BE6527DBBEC62F47BE91
:102BA00039A496BEC62394BE2F7C8CBEBD82B8BE0F
:102BB000C8E088BE0ABE9BBE707938BEFA0749BE1F
:102BC00027AB1EBD806847BBB29C6ABD8A5313BD4C
:102BD0007FC143BD00F8DFBAE8DDBCBCD26CB7BC36
:102BE000CC1411BDC59735BD28C7323C78DB9EBDDE
:102BF00060A67D3BE6A4443D400C32BC148C2CBD49
:102C000049226F3D927DC13D1772023D133E2C3D1E
:102C1000D8384C3CBC7C193D1D07A93D14FF873CAE
:102C2000671B903D6E5D81BDC3FA1DBD00C0CD3AEE
:102C300068DBA0BC4AD64B3DF6C70ABD38CA893C02
:102C4000DCD6F9BC070671BDF06954BDFD3DA93D58
:102C5000241C77BD9B970F3D39497F3B3AF6093ECF
:102C6000D8BB903DE637D33DD79FE63DF8AB993DC5
:102C700041BBAF3D2BC2483E26CACE3DA350633D6B
:102C80006D6F5E3E22AEA03D4891453CF99E1F3DD2
:102C9000E886E23D9EF505BD27CC3A3D75D8063E57
:102CA0009875E33C065B393D44548A3C300BD1BBFC
:102CB000A02314BC84971B3D523A78BD0FF3B53C5A
:102CC000D1693BBD9BB44D3DE506373CF07B653D8E
:102CD0006714723EBB40B73EFAF68B3E6EF8C73EB5
:102CE000C585AB3E4E8F02BEE701273E8079BBBD56
:102CF00036A569BE316291BE54D68BBE330933BE50
:102D0000B7862CBE1062173E22AA0B3E042F853ECA
:102D10004D18653EDE08013EF8A75F3C6EFA653D42
:102D20000059733AAE94053DF093C0BC984D3DBD3B
:102D30007147D43DEFA4D03DC208FCBD747005BE00
:102D400001F727BEFB98853EFBDDD4BD3727923BBC
:102D50002127643EA1A96EBDF4FF2BBDC21CA0BDFE
:102D6000C89C1CBE902F32BE74CAFFBD5EF7173DD3
:102D700050BE363E1035973EBD9EEA3D13E35ABE27
:102D8000BD32653C4110473D5A2FADBD6EF0693DE7
:102D9000F8E3763C4D0A3CBD4012053DA70A66BEED
:102DA000810C18BD3DC5A33EC7EDDA3C07FEA33C30
:102DB000BABBE53B044389BC76C083BE2C6E8FBD95
:102DC0006D73AA3DBBA9CABD6A7E52BEC1829BBDBE
:102DD000BBC0AEBD26C7ACBD0B310FBDF953073E1E
:102DE00005A14D3E2478523E5BC8D83CC8D338BEBE
:102DF00079B454BE7B9F073E7E4DCA3E0F40963E3F
:102E000059ED9FBDA02F7F3CBD61F2BBE7F8923C1E
:102E1000257C6A3E3E21AC3DA7BD3D3C4D1B263E78
:102E2000CA8E023E26BE4ABD7EEF1B3CBDCB91BE84
:102E30000D5F54BE716310BEED1B3FBDB6D6FCBC2A
:102E40009AFE0C3E6D92D23DE504F93CF38F0E3DA7
:102E5000C81D2F3D3CA5443EAA93F13D03F5C73A5A
:102E600074B4283DE49CA03E341A633EC3A0843E63
:102E7000EA3F3C3DFBC0143EF679883DC904C43EA0
:102E800004813C3EA599083EA5DFAF3D7913883DFE
:102E90003C973C3C08EE1B3EF12A8D3E729D5E3C09
:102EA00069CE503D827C7EBDDC19A63BAF3B9F3D89
:102EB000E0CDEE3B88706BBCE1DC9CBD33E2FA3ABE
:102EC0000A67A0BDD7142B3EC115C4BB6ECCD0BCC5
:102ED000D49FB6BD82E6B8BDC73CEA3CFD65C0BD27
:102EE000E1B0F8BBB42F8E3E92E0003E8BD65C3E44
:102EF0001EB7453E24DB8A3D1A748F3E00D6413E04
:102F0000FE70B23D29DB7D3E6DA25A3ECD54483E57
:102F1000D782143E1C85983E069A9B3EEF7F553E15
:102F200097CFAF3D0310333E488A2B3E6A1BC73D07
:102F3000EF4ADC3D4D01223C7DA30B3E1ADB60BD18
:102F400069A265BEF72667BE61B787BD3CCA913DE1
:102F50003EC87F3DB6EAF63DF781323E1A780C3B1B
:102F600003958A3E83AA2D3E483E1ABD9CEAE73D62
:102F7000B059EA3D0A968B3E8A97C63EA743C03EAB
:102F80000CC2CA3EEAA3DE3EB4B3F13E372EAF3EDA
:102F9000BC66543EB5A1BD3D93C2213D15BFC73DA2
:102FA0001AEF4A3EAE8C14BCCAFC853E9DF8BA3D71
:102FB0004C0B8BBE8E8881BE7787ADBC4DF92C3D06
:102FC00098B0883D9D51E5BA8D72603EE6E4593C6B
:102FD000FD3A6C3E5927FC3D6A3413BDA9202E3EB4
:102FE000D696163E6F865E3E3266903EB7621C3EB7
:102FF000600ECC3E5D37D73EBD4B8D3E3E5CF43D12
:10300000498D84BD344686BD5798A7BD04C3E43DB1
:103010004121B83B84793DBEF397AD3DB3968D3EDB
:10302000F081B9BE0BECEDBC92D3033EF5804C3E73
:1030300069834D3A0D53013E8138963E81748C3C34
:10304000CB27A83C9A160CBD7C190D3EE2AA3D3D4B
:10305000B97BED3D4B3472BD1637343C74413E3C78
:10306000DFEDEEBCBC43103E936DF1BC83C468BC85
:10307000B75045BDC147D3BD09820FBEF27076BBC4
:10308000CDF7DDBD785261BE100F14BDFAA492BD1C
:10309000FB255DBEC9F19DBDCD84793EA2D8823E9F
:1030A0007C2C893C2FFC15BD931C473EFB8C54BEE9
:1030B000C7C5F1BDC43F19BD67B6853DD41BC2BDB0
:1030C000B8D810BE04B10FBDF99038BE65A088BE57
:1030D00092E9F7BEB92D05BF9E9BECBE1F5767BE98
:1030E0000D1EAFBDB44A2DBE1B0983BD9A0397BC0C
:1030F00021391EBEA2C696BD8E2A453DB37CD9BDE0
:103100003BF308BE2F7757BD496276BEB111BBBDF8
:1031100045C02BBDBB488A3DDD3E0E3E25A7CEBE39
:10312000594851BEF3CA5ABE3DFB87BC4958FFBD42
:10313000B5F26BBEF6D42BBE1215BFBE09448CBED1
:103140003EE3B0BE8EADF5BEA3E5A2BE3D0864BEB3
:10315000843359BDBA914EBDE665933CB19084BDB0
:103160005D5B0CBEF49D1EBE95B054BECB3C93BEC1
:103170009EF8103EAD39143EAFBF50BED8A2113DEF
:103180001B417EBD4E749F3D84DE753E0290F0BEB5
:10319000437703BFFE05ECBEBE7955BE2D1B87BE2F
:1031A000C6A689BE67BBF2BDF6291EBE16BF4ABEC3
:1031B000E98E1CBEDAB5603DC5DEB53D35E3F4BD34
:1031C000992A44BE2FF511BD31D8493B149511BE43
:1031D0007720263D6158363C42193DBEB0048FBE73
:1031E000929B8C3D97E4663DF2C01ABE397D033D4B
:1031F000BB989C3D1B95463D00C6193EC339F4BEA5
:103200002AFEABBEE1C901BF20409FBE639C8FBEBA
:10321000EE806FBE13D8FABD40CE5ABD49CFC1BDB6
:10322000A33624BDA2C8CB3DD7BE203D14996CBDAA
:103230009F6C4BBEBA5131BC3517E8BCAB6444BE81
:10324000E65FB9BDB353053D2F41DBBDC73EADBD04
:103250009250923E7EE9373EE95A7FBD8BE670BCC4
:10326000DD314F3EA30484BD2188373D7D4D99BE9D
:10327000A22171BE810CC7BDB521E03B201D82B8E3
:103280006914C3BADAA5AEBCEF82A5BD42915F3E18
:103290000FF7B73DED3B8C3D4BD4613DFF2722BE80
:1032A000607D15BEC65960BD3A69C5BD0E77A3BE27
:1032B0000BA184BD251EB1BB38A3DFBD190180BCA5
:1032C0009848AB3E02BFBFBDF6B956BE15C4033E1B
:1032D000AF4F0A3CE0A1AABD46B302BEF7BDB2BDE6
:1032E000C8FF95BE92B859BD70E9063E12FFFB3D7E
:1032F000058BDABCFB44973D97184B3DC659493EB8
:103300009CFB693D29380E3C62EC18BC02674EBE3E
:1033100067DD223D37D2B5BCA7C95DBEE94255BEC7
:103320009FD55EBE6348373EBE61043E557D553E27
:10333000B2FB923E6908023ECA17613D31053C3E30
:10334000108F2BBC604551BD7F008EBE4037603D65
:103350009D17D0BB1DB9123E3994973D3430993D2D
:1033600099C0CE3D1BECD5BB34392F3D3AFEC43D50
:103370005190913DFBC4C33CCBB6B73D056DB7BD85
:10338000C54215BEC6B51FBE32207CBEE5413CBD60
:10339000096053BD3F20AF3DF85C863D0ED3A63D8E
:1033A00016C9873E75BBAC3E7C1D013E477BE63EA1
:1033B000FD01BD3C410670BDA5749DBE7A8C813D6A
:1033C000B8879BBDD9D99E3DDE26AA3DDD40AABC6B
:1033D0007B615ABD13A53BBD2440473C417890BC5E
:1033E000736B8A3DD65BF1BCB23350BED9AC95BD90
:1033F000E443BABD43D711BE8D36B0BCAC7BF1BD42
:10340000CB56063E8423A6BDC655FD3D7F25883D8F
:10341000C2E5B13DDE26243D0CEB4D3E39AABC3E53
:10342000F196A4BD9F21D23D1534153E48A1C93C5B
:103430000BA28B3C82BA783BC971A7BDD63B5C3DE1
:10344000C85190BDBEA704BC87CECDBC8409C03A8C
:1034500000AEF83DE1B241BD69B57DBDDD40073D3F
:103460002E63E3BC9719D8BBAB345DBCACBBC23D8B
:10347000C934823E4705E33B2E5ACD3D156127BD39
:10348000FDD2EFBC81A0F83DC3FD523E189F6F3EB8
:10349000349E5FBD76312A3D284F8C3E232A053F5E
:1034A000AA8A3C3ED3BAAF3D364C063E74BD143DAD
:1034B000B932103E52AB7ABDFE9C003B448ECABC72
:1034C000304146BD980A933C52E2463E0FC8693EE1
:1034D000399A903B64437C3D64DCEF3D5C964C3E06
:1034E0004ACB173E81CC813D1A804F3C6DA74F3DA2
:1034F0006317203C814BEA3CAF4F9A3D21A45EBC50
:10350000642A193D0C14223EAC90933EFE4BA03E23
:10351000BF0CA53EF0C8D83D8A189ABDECF4FABDA0
:10352000A48125BECF3E213B04D5C23CA4252ABAA6
:10353000C0A9533EBE27823D5DC66F3E62087E3EF7
:1035400010F0133E3354033E32E7773E3DF89D3E84
:103550003FCFF23DB0EE8C3DC85D713EF5546F3EFD
:10356000C9B5633DE8E9213ED191803E83B4A2BC58
:103570006D3504BB9186B2BD7707C93E80242DBD51
:103580002561833EFD4A163E6BF0AD3D260C773C2F
:103590009E84C03C9502953DBAE5203D8DF9B63D2F
:1035A00047907E3DED11AF3DC140CD3D1FF1653EE1
:1035B000E1C2483E6E78153E6B9E0C3D87765E3EBE
:1035C0005F0D15BD0AC023BD5866923D5F65773E0D
:1035D000C0697F3C24CBD73DC40103BE343389BDD1
:1035E0000068FEBB305EF23CEDF4C73D771C9DBD2C
:1035F000FC3D7E3CBF78873D97BE293E230AEB3DCC
:103600008B1745BCBFE4993D7B3F873D42A4103EEC
:10361000318A453EA0693D3EB7F1A33DF413213EFA
:103620002F93813E39B4DB3DB7AC0A3EF111FE3D2C
:10363000D537D43C170434BDA072643E3A39A33E5A
:103640004F8D373E25D9CD3D5DD91DBEDCFC02BD79
:10365000A86AC23C271202BDF2E23E3EA20CCB3C5D
:103660003F6A8B3E81DD4B3E7313043EBD2A2D3DE8
:10367000859C43BD425E36BD257C8E3CDAB20C3E55
:103680006FC79CBB242FE1BDAEC39E3DAA14323E42
:10369000F5360F3ED1617E3ECC7D6B3E4428283E00
:1036A000C47258BB5A5773BC99AFF43D511A433E8C
:1036B000198CCD3E51A61F3D95C3823D8C6059BDEE
:1036C000C0513B3B841DADBCCDA60DBE339EB83E64
:1036D000E248CF3ED9DF8F3E1AA4673E0B203E3E24
:1036E0001E3A663EAF504A3E8622383E4CBACBBCAC
:1036F0006CB1BA3D68758BBD098EEABD803F113E45
:103700000EA4333E12EB5B3E9BC02C3EB4F72A3D29
:10371000942A2EBEF683ECBD74D9BA3D61985F3E03
:10372000A0DBB13EC2B382BCEFD8C13D75F594BDFC
:1037300038C6AFBC47FCAABD9480B63CAFB33CBE14
:10374000746EB73DD27C80BEE5EAB2BBD459CC3EA4
:103750003D7B883E9FD9EFBC32DCD63D2ACA04BDF2
:103760009C1A26BE4117DC3C1FECFD3C73C1C7BC54
:10377000AB8FAF3D75C29EBD2C62EABC93198F3EE4
:10378000FD832FBE464D8BBEB6E368BE6FFB353E54
:10379000AE0A2C3D1747A33D9C120A3D1FFD8F3DED
:1037A0001A96313DDC99B63C52559ABDBBDA8A3D3A
:1037B00071942B3E866A0F3E564F183E9967323EF3
:1037C00063C8D93D0F7B903E560FDA3E39FF333E3A
:1037D000C649AC3ED5F5AC3ECA4CC13E11EBEF3EFE
:1037E000A8FAA53E694E843ECC2F30BD16856BBE2F
:1037F000626A9EBDD0B863BE917135BE2DB5863D5F
:10380000D0916BBD092AA1BDF8D967BC54B63CBDA7
:10381000E446ABBC93A4853D9067D13C0C2A81BDA6
:10382000ADCDA8BDAF2555BDE2B78ABD52AA8CBDAE
:103830007A155A3D6BF89ABDA60C443D4010903C59
:103840008398C8BCB0907F3DC2CF643D69B6383D17
:10385000BFAD59BD4E8B46BDE051FB3CA093B43C7F
:1038600003CC883D98653FBD2EC94F3D80EA273B7C
:103870006067593B1BA694BDA2CF233D04DCEA3C04
:10388000FC3DBB3CA8CCA83C2B8EA53D63A1A33D31
:103890002821913D57C1AE3D60A8E03BF17E8A3DB5
:1038A000D672DABDAFEBA6BD1665EEBD1B23F93CA3
:1038B00089F8EDB9B59713BDB3676DBC8F9DC4BDD5
:1038C000718D90BE88B784BE75C9FA3D4D0FDE3D3F
:1038D000DE4A683E9BD29D3DBD4F6EBD417862BCC5
:1038E00015CB39BD4ED8753D38EC193C1489D0BC88
:1038F0000B389A3DCA694D3DF0AF073D48F7A5BD6D
:103900008556FD3B24CBE4BCB77B77BD99F46CBCFA
:1039100053E75BBCFD08B3BD22EF3CBE91CD46BE74
:10392000FF1A5C3D8E0168BE2B108DBE9CDB03BE72
:10393000906084BEA3405ABEAE9D40BE7156B33D5A
:103940006A3C203E9959163E509B063E3ED49E3D11
:103950000450CB3C399C733D203893BBACB0FA3C4F
:10396000FC1774BD7C995EBD1071123D6829E13C65
:10397000204970BD2713AA3CE18BD8BCE768213EE3
:1039800056D1CCBDCDEB83BD8D1A713D356F16BEC2
:10399000CD3780BD9E9DA4BE564FD6BEBB26AEBEC3
:1039A0000841B4BEDFBE78BEEDC8853DC70CBD3E44
:1039B0001F0B573E5CA494BE456FB1BE410C2EBE9A
:1039C000BC0C03BC7B44BE3D4143E63DB7658CBDAA
:1039D0003839D2BC0AFD4EBD40D8EE3B22EF583CF0
:1039E0003187863E6EC1CF3C41CF2E3D60966BBE87
:1039F000D2DA71BE2B76E7BEC909C7BE2F2174BECD
:103A0000D1DE25BEF2371A3DAEB924BEDED822BEC5
:103A1000767B733DB85C48BDD7BB9ABC3DD02A3E8F
:103A2000BED5013E7EBB633C2273BABD090190BE88
:103A3000F0955ABEED8E87BEB93E6ABDE91851BEFB
:103A4000E6AD74BD4246563DB5E9363EB58CBFBDC8
:103A5000A1FD193E54C21A3E24A6DABDA6126CBEC0
:103A6000CB49F7BEACA6A1BE58128BBEAAF900BEC8
:103A7000CC4E72BD6A6C74BDF5C460BE71ADDDBB69
:103A80005CA69CBDEB6D2BBE303614BDABCCD6BD59
:103A90002F9D2FBE4D928ABB66617F3E610B413EDA
:103AA000FC4E8C3E39D6243D24CE1ABEA80D85BCD2
:103AB000328B6D3DF08838BD0A0547BE57EC853D19
:103AC000C2AF8A3EFEC50BBEE5B2C3BE357CC6BEE4
:103AD0000D7659BD9EEFF5BE38CB98BE76B0A0BD31
:103AE000DEA447BE5D8D41BE1C0F893D29F8063E10
:103AF000B886103DFAF628BC615199BDE63097BEF4
:103B0000B97DA4BDD208113EF2DF193ED83093BD75
:103B10007CA46B3D82ED653B693D243ED6A0A13E71
:103B2000D987883DFD68B3BE87FE4BBE46643D3EE7
:103B3000719A62BDAE8888BE3494D9BD283AAE3C35
:103B40004E39B9BD6FB86BBEF88254BE8C98E7BDD4
:103B5000BC5080BD810671BD30B1B43DB3AF153DE1
:103B6000E14B323EE90EF73C37FB58BC4100FDBC4F
:103B7000EBE4C93B91AE9E3D300F0D3E889D233D49
:103B8000EBD410BE548F40BEFD9C603EDB9BFC3DE1
:103B9000AEFF9EBDEFC1B1BE8FAF89BEC864343DDC
:103BA000C393833E66627ABE601D31BE4CB221BDB6
:103BB000205647BB929204BE802FB53D9D4B18BE48
:103BC000A7570BBD77FCDD3DC482333EB5DD1EBD7E
:103BD00015A9D4BDF4B5F1BDF32038BD3EF57EBDC9
:103BE000C63F98BE3FCCE8BD0A17D43DD904BFBC40
:103BF000CAA49ABD9160143DCA3BFBBC14AC9EBEE6
:103C000084371BBDAC426ABE90FD32BEEA5E18BE70
:103C10005674953E076029BEF683E8BE34EAA3BE1B
:103C2000A71611BB3486EBBBAC10CF3D338001BE71
:103C30008B3A4ABEC2AD993D99996A3DE7347E3DC3
:103C4000F398553CFB834CBD79753DBDC4A808BEB7
:103C5000CB468EBEC21661BD24CAFB3DD248D8BC3D
:103C6000491F4C3B37A09C3D89E7ABBE5FE895BE42
:103C700077D892BDAD75123D841567BE8A58563D02
:103C8000A6A45D3D209EBABEA7A724BFF341CFBE28
:103C90006EB1AF3DFB4F9F3D1CE0303E0688EDBC52
:103CA0005B61E5BD2117C23D72570E3D02EF183D25
:103CB000A2FAF13C27959BBCE2A3EFBD58DA1B3D6D
:103CC000C846DDBD7BD704BE62E74A3EAA76153CF6
:103CD000FBB6D13D83BFB9BD88039FBEC7A4753D68
:103CE000FAF7363D2F8DCD3C476D703E8610433E32
:103CF000929D08BE94DA7CBE79FC23BF9A5ADEBD41
:103D000077366ABD77F44D3E8B5EE33D5011B03D92
:103D10002E63EABDE412933D21B22D3DFDEB963CAE
:103D2000607AB33DA6C1AB3C8389723EBB1345BDEF
:103D300032DE54BDDD911B3E9122F83DAF3560BEB1
:103D4000E37C03BEEA1AC0BEC51D3B3E1EDCAD3B94
:103D500018B911BDD32912BEC91FD53D1DDFD73DEE
:103D60001DFE803E745FA1BEB380DABE9A87AEBDF1
:103D7000244F48BDE0D5323ECD370DBB0A94B73D48
:103D80004D6FC7BD3CBE3FBBAC532ABBD7DD433EE6
:103D9000951F603E2AC1A13EF4D7103E65F836BD9E
:103DA00042CB70BDC50EBF3EA53F2FBE05D633BE6C
:103DB000F640E7BEAE8C1ABF7C57C4BE939EEBBDE7
:103DC0006FB98C3E9A1AE4BC4B285DBEEC95993EC7
:103DD000DC642F3E69F8BCBEC1684ABEAD8BFB3CBB
:103DE0004477923B7666D63D2F9209BDFD99863D7C
:103DF000286999BDC6A1D53D1EC84A3EFE8D8E3E9E
:103E00007F8BE13D4F396A3EB6A9C93DDDB4F0BDB7
:103E100020968FBEF01406BE7BAE41BED3D25ABEF2
:103E2000E65782BECCCDA0BE00E402BF28F24ABD58
:103E3000E4780D3D27CEDC3C6F9B183DE4889F3E27
:103E40004265333E370013BE6CE961BE256734BE60
:103E5000135999BD58FC1C3E7EFB6C3D8281233E6C
:103E600063C1C83DC7AC683E4EF4A03E2DAE053ED2
:103E7000CF7A263EC12EE43D9B86DDBA62E832BE93
:103E80001C63E3BE5D08D5BEA4F2BEBE2F9155BE35
:103E900012799BBE78C66DBE633588BE19E79EBD9C
:103EA0008D41423C1CB706BDF6553B3EFAA3B3BD5F
:103EB000F396113DF9EFFBBBC1FAE5BDF767A6BE6E
:103EC000EDFE00BE9119D03DD5EB113E8481603EE0
:103ED000B79F123E60FE903E3C84763E62438C3D2E
:103EE0005152EB3D5ED5893E32CD843D7C89E7BEA3
:103EF000319AF3BE63FEEFBCE24694BE795210BF26
:103F0000A145E3BE1EC4D9BE16719ABE512B79BD20
:103F1000673D493D02F79F3C0354063EC6A126BEBD
:103F2000C8E1A43DD164A23D9FAC9ABC048958BEAF
:103F30008A1CDEBDD166353EA143123EBBCC513E4C
:103F40004EBA3A3E8C77B63E39122E3EE90103BE98
:103F5000A4D0423E390B893D205CB6BE704B31BFC8
:103F600093A977BE83C35A3E511E3ABD4A051CBE73
:103F70005D1D3DBE141BBBBE2E3A38BDCC15F53CB5
:103F8000226D5D3D1659353EF0FB883B1CFECB3D56
:103F900081C3313D02EE1ABEE14612BE313EDFBEA4
:103FA000BE9992BE9527FBBD7563F33DED47CE3DAF
:103FB00062D31D3ED68AB83E7B5D293E6F8652BDD8
:103FC000BCE5C6BCAACF6CBEFE6217BF6DE0EEBEFC
:103FD000011F27BD70A7773A0E7683BD19EE83BE09
:103FE000142C5EBE966D82BEC8A8BABD3E34BFBE5C
:103FF000C547A03E8978DD3D6232D2BDE89E733E62
:10400000999EDB3D9B96A4BE14E3DABE7A5C43BE68
:10401000ABEB29BE8212903C5EC42FBD87FBD03D26
:104020004A290C3E47D98D3EE36B633CEBE339BE36
:1040300074081ABE83DF77BE0DB2F3BE4F280ABFE5
:10404000D36729BE8D75F73ACC2C873EC502D83D83
:104050006584C0BEF3AC123D4AB42C3E59F3D83D42
:1040600071DC7B3DA6BB4CBDD18E8DBED48AC33DD9
:1040700022A7273EF92867BE4CDB26BE06CB5DBED5
:1040800067D12DBEB711A6BD19E2DA3B4EC8BCBD43
:104090005A290C3EBC9BF83D0BEEF63C07761CBD46
:1040A00005F5DDBD9E3A70BE8EA49DBE3479BDBEC1
:1040B000B988AEBE6D986EBDD9F7EF3D1E882F3D15
:1040C0006BC46BBEB0C1213EC81FDF3D42E19D3EC7
:1040D000D084A8BC7CC007BEB6EAD23D6D86F63D52
:1040E000D43AB13E4FC7A9BE23D5B4BE2A008EBE76
:1040F000694083BE28230ABE1334163D00BEDD3C52
:10410000E7D30FBD016A6EBE43A1A3BDA4CD66BCBB
:104110005241503DF1A870BEFE9640BE46CB56BE01
:10412000BA9FA2BDD4950D3E2ABF0F3E30D537BEF3
:1041300000396FBEFAFF46BE6511C93D9E81133D31
:1041400016CBBF3D0ED62A3D6B23053EE63B86BC13
:104150003EB12ABE60FB02BEA17F0FBE1F8304BE1C
:104160005E1EA0BE08ADA7BD9291A93DE2011CBE96
:10417000C04DD4BCF66912BE90BD40BECEE1413CFC
:10418000B5F8DCBD435786BE07D49ABD9B471DBE1C
:1041900025C84D3DA0C8223EC9B72C3EE857723D08
:1041A000C7CE9C3ECBE1603E2AFE1DBE388059BC86
:1041B000E8489B3DD814793D2BAB50BC2974D6BD43
:1041C0003375EFBE342B0A3EE7E1863D47C1A93D7A
:1041D000E4F3C33D0E01C3BDA65E32BD299E38BEC9
:1041E0005C243BBEB86BC6BC2E4084BC1694D6BDC6
:1041F000CA25A6BDFB45FEBDFA1ABD3D8EDA40BEFE
:10420000EF2E873CC59A203E2522523D9738883EA6
:10421000C332803E1B01823EA436283E2C7511BD60
:10422000885736BDF2E93E3D0F4081BEEEE220BE2A
:10423000AB2479BE2E89503EAEED083E0307033E07
:10424000E1D52B3D9249DBBCA3E63F3D0501A03CF7
:10425000CAA2F73D18F59BBDBDE99EBCFBA4C13DBC
:104260004D8D6C3DE4C6453E25BE96BD9B9718BE60
:10427000B6A38BBE0B0FBEBEA956E13DDC25343D77
:104280004952E83DFD05E13ABF42233E70F4AABB26
:10429000A6F35D3D1073DD3B6A7D66BE640B773B24
:1042A000FC6B9C3E84F0CA3DDFAD0ABD5EF5183E56
:1042B000BA06D13D11BD79BC32FF28BCF76484BD7C
:1042C0005C7C50BE1D7E0ABEE3C7E7BCFF0BFF3D12
:1042D000233056BCD9FD3DBD0FDE03BECF68F4BD13
:1042E00001C333BE37A9E33DCF0B7A3EC1F7783E19
:1042F00074CAC3BDC9B7AFBD9D1D683BC086BEBBF8
:1043000040F038BC402E913BA59DCABC5B44813E29
:104310007BE1AEBD1D3EAC3CA06782BE2A7FCE3B9A
:104320005EDE163E630AA53D1E22CFBEFED288BECB
:10433000F4C743BD46B243BC16402B3B980511BEA3
:1043400031882E3E5E0A7A3E9B9FAABD31D81F3D22
:10435000A5E4C4BD12C3D6BDFA8AF73D1DBA573EC7
:10436000E69BA1BC4C7A22BEC0F546BE7062DBBBA8
:10437000C16C20BD99ECA63DB06DA9BC74C8933E3C
:10438000611F2B3EE6F0943DC90F78BDF462DE3E1E
:1043900039D9753CECD6913D10E69DBD09A3FA3B99
:1043A000BDE549BB0BD096BEC1C0293EA0EEDF3EA5
:1043B0009DA5013FB32A0A3FEC73293E39AF023E67
:1043C0005667253EDA69943D8AD81FBDF07961BBF6
:1043D000C88B37BC185FECBD785E633C1283273D09
:1043E000746895BD5C0072BD08B53FBC5C09A4BC97
:1043F0000DF34ABEADEB1CBE26FAF5BD159946BEBF
:10440000BD3133BE0887553E23FE873E0B6C823E8E
:10441000ECBDA63E237E403E5314273F910EC73E7F
:10442000D550D03E256A413EF56A9B3EC3FC003D17
:104430007341E63D8BC3093EB88B763D145B62BD8C
:10444000F092EDBBC50F2BBDC862CC3C8E6B633DBB
:10445000004D9AD77934E3AEF2BF68258BC6115C64
:10446000A9E4337ED09D4A075B16C18C226FB8F554
:104470001F5285C8662BFCB1EDA0773A94D90E4344
:10448000B6FB2C61CF8255184409DE933D70A7EA34
:104490003E73A4E9470ADD90CC81561BB5F82F6224
:1044A00097DA0D40EEA374396528FFB21C5186CB14
:1044B000216CBBF65815C28FD39E4904AAE7307D04
:1044C00088C5125FF1BC6B267A37E0AD034E99D4F4
:1044D0007C31E6AB05489FD28EC31459F7BA6D20E4
:1044E000D5984F02ACE1367B276ABDF05E13C489D4
:1044F000632EF9B41A5780CD91DC0B46E8A5723FC4
:10450000CA87501DB3FE29643875A2EF410CDB96B3
:10451000420FD8953B76A1ECB0FD2A67C984531EA3
:10452000EBA6713C92DF0845195483CE602DFAB793
:104530005D10C78A2469BEF3AFE23578D69B4C0183
:10454000F4B96E238DC0175A064B9CD17F32E5A873
:104550006042A20D000000400000803FD1F71737F5
:10456000D1F717B78071313F807131BF0000003F34
:04457000000000BF88
:04457400E50700084F
:04457800BD07000873
:10457C001828FFFF08000020000000000C0B002092
:10458C00740B0020DC0B0020000000000000000079
:10459C00000000000000000000000000000000000F
:1045AC0000000000000000000000000000000000FF
:1045BC0000000000000000000000000000000000EF
:0445CC0000000000EB
:04000005080021319D
:00000001FF
