:020000040800F2
:1000000000A0002031210008792100087921000892
:1000100079210008792100087921000800000000FA
:10002000000000000000000000000000792100082E
:1000300079210008000000007921000879210008DA
:1000400000000000000000000000000000000000B0
:1000500000000000000000000000000000000000A0
:100060000000000000000000000000000000000090
:100070000000000000000000000000000000000080
:100080000000000000000000000000000000000070
:100090000000000000000000000000000000000060
:1000A0000000000000000000000000000000000050
:1000B0000000000000000000000000000000000040
:1000C0000000000000000000000000000000000030
:1000D0000000000000000000000000000000000020
:1000E0000000000000000000000000000000000010
:1000F0000000000000000000000000000000000000
:1001000000000000000000000000000000000000EF
:1001100000000000000000000000000000000000DF
:1001200000000000000000000000000000000000CF
:1001300000000000000000000000000000000000BF
:1001400000000000000000000000000000000000AF
:10015000000000000000000000000000000000009F
:10016000000000000000000000000000000000008F
:10017000000000000000000000000000000000007F
:08018000000000000000000077
:1001880080F0004002E000BF81F0004142001FBF44
:100198005FEA410392EA030F7FEA226C7FEA236C4D
:1001A8006AD04FEA1262D2EB1363C1BFD218414042
:1001B80048404140B8BF5B42192B88BF704710F0D8
:1001C800004F40F4000020F07F4018BF404211F07B
:1001D800004F41F4000121F07F4118BF494292EAE3
:1001E800030F3FD0A2F1010241FA03FC10EB0C000F
:1001F800C3F1200301FA03F100F0004302D549429C
:1002080060EB4000B0F5000F13D3B0F1807F06D348
:1002180040084FEA310102F10102FE2A51D2B1F140
:10022800004F40EBC25008BF20F0010040EA030035
:100238007047490040EB0000013A28BFB0F5000FB5
:10024800EDD2B0FA80FCACF1080CB2EB0C0200FA6B
:100258000CF0AABF00EBC25052421843BCBFD040BA
:100268001843704792F0000F81F4000106BF80F434
:1002780000000132013BB5E74FEA41037FEA226CF7
:1002880018BF7FEA236C21D092EA030F04D092F0C2
:10029800000F08BF0846704790EA010F1CBF0020F6
:1002A800704712F07F4F04D1400028BF40F0004053
:1002B800704712F100723CBF00F50000704700F073
:1002C800004343F0FE4040F4000070477FEA22629A
:1002D80016BF08467FEA23630146420206BF5FEA6B
:1002E800412390EA010F40F4800070474FF000036B
:1002F80004E000BF10F0004348BF40425FEA000C32
:1003080008BF704743F0964301464FF000001CE0D9
:1003180050EA010208BF70474FF000030AE000BF2F
:1003280050EA010208BF704711F0004302D540426D
:1003380061EB41015FEA010C02BF844601460020DF
:1003480043F0B64308BFA3F18053A3F50003BCFAFA
:100358008CF2083AA3EBC25310DB01FA02FC6344A7
:1003680000FA02FCC2F12002BCF1004F20FA02F2AE
:1003780043EB020008BF20F00100704702F12002A1
:1003880001FA02FCC2F1200250EA4C0021FA02F202
:1003980043EB020008BF20EADC7070474FF0FF0C07
:1003A8001CEAD0521EBF1CEAD15392EA0C0F93EA02
:1003B8000C0F6FD01A4480EA010C400218BF5FEAA4
:1003C80041211ED04FF0006343EA501043EA511117
:1003D800A0FB01310CF00040B1F5000F3EBF490011
:1003E80041EAD3715B0040EA010062F17F02FD2A15
:1003F8001DD8B3F1004F40EBC25008BF20F00100F8
:10040800704790F0000F0CF0004C08BF49024CEA0E
:10041800502040EA51207F3AC2BFD2F1FF0340EAA0
:10042800C250704740F400004FF00003013A5DDC11
:1004380012F1190FDCBF00F000407047C2F1000252
:10044800410021FA02F1C2F1200200FA02FC5FEA3F
:10045800310040F1000053EA4C0308BF20EADC7089
:10046800704792F0000F00F0004C02BF400010F4FB
:10047800000F013AF9D040EA0C0093F0000F01F0A8
:10048800004C02BF490011F4000F013BF9D041EACA
:100498000C018FE70CEAD15392EA0C0F18BF93EACC
:1004A8000C0F0AD030F0004C18BF31F0004CD8D1F6
:1004B80080EA010000F00040704790F0000F17BF7D
:1004C80090F0004F084691F0000F91F0004F14D0C3
:1004D80092EA0C0F01D142020FD193EA0C0F03D11B
:1004E8004B0218BF084608D180EA010000F000401E
:1004F80040F0FE4040F40000704740F0FE4040F4F9
:10050800400070474FF0FF0C1CEAD0521EBF1CEA97
:10051800D15392EA0C0F93EA0C0F69D0A2EB0302B5
:1005280080EA010C49024FEA402037D04FF080534F
:1005380043EA111143EA10130CF000408B4238BF14
:100548005B0042F17D024FF4000C8B4224BF5B1A22
:1005580040EA0C00B3EB510F24BFA3EB510340EA70
:100568005C00B3EB910F24BFA3EB910340EA9C001E
:10057800B3EBD10F24BFA3EBD10340EADC001B018E
:1005880018BF5FEA1C1CE0D1FD2A3FF650AF8B4232
:1005980040EBC25008BF20F0010070470CF0004C3F
:1005A8004CEA50207F32C2BFD2F1FF0340EAC2506A
:1005B800704740F400004FF00003013A37E792F02B
:1005C800000F00F0004C02BF400010F4000F013A89
:1005D800F9D040EA0C0093F0000F01F0004C02BF84
:1005E800490011F4000F013BF9D041EA0C0195E7ED
:1005F8000CEAD15392EA0C0F08D142027FF47DAF86
:1006080093EA0C0F7FF470AF084676E793EA0C0F75
:1006180004D14B023FF44CAF08466EE730F0004C73
:1006280018BF31F0004CCAD130F000427FF45CAF03
:1006380031F000437FF43CAF5FE700BF4FF0FF3C71
:1006480006E000BF4FF0010C02E000BF4FF0010CC4
:100658004DF804CD4FEA40024FEA41037FEA226C8D
:1006680018BF7FEA236C11D001B052EA530C18BFAF
:1006780090EA010F58BFB2EB030088BFC81738BF14
:100688006FEAE17018BF40F0010070477FEA226C02
:1006980002D15FEA402C05D17FEA236CE4D15FEAFE
:1006A800412CE1D05DF8040B704700BF8446084632
:1006B8006146FFE70FB5FFF7C9FF002848BF10F1F3
:1006C800000F0FBD4DF808EDFFF7F4FF0CBF012038
:1006D80000205DF808FB00BF4DF808EDFFF7EAFFC2
:1006E80034BF012000205DF808FB00BF4DF808ED7D
:1006F800FFF7E0FF94BF012000205DF808FB00BF72
:100708004DF808EDFFF7D2FF94BF012000205DF8F7
:1007180008FB00BF4DF808EDFFF7C8FF34BF012004
:1007280000205DF808FB00BF4FEA4002B2F1FE4F1F
:100738000FD34FF09E03B3EB12620DD94FEA00239B
:1007480043F0004310F0004F23FA02F018BF404274
:1007580070474FF00000704712F1610F01D142025B
:1007680005D110F0004008BF6FF0004070474FF00F
:10077800000070470348044B834202D0034B03B187
:100788001847704754000020540000200000000063
:100798000548064B1B1AD90F01EBA301491002D0DB
:1007A800034B03B118477047540000205400002041
:1007B8000000000010B5064C237843B9FFF7DAFFB4
:1007C800044B13B10448AFF300800123237010BD1C
:1007D800F00A0020000000000829000808B5054BB1
:1007E8001BB105490548AFF30080BDE80840FFF795
:1007F800CFBF00BF00000000F40A0020082900084D
:10080800074A13785178402B84BF4023137040293E
:1008180002D9402353707047994238BF117070470E
:10082800000000201FB51D4B1A788DF800201A799A
:100838008DF801205A798DF802209A798DF80320D5
:100848001A7B8DF804205A7B8DF805209A7B8DF849
:100858000620134A91788DF80710D1788DF8081082
:10086800198A8DF80910090A8DF80A10997CDB7C21
:100878008DF80C3013788DF80B108DF80D3000249E
:1008880053788DF80E306A46102172208DF80F408B
:1008980001F078FB204604B010BD00BF54000020D2
:1008A80000000020022A13B50E4C0F4809D91A7807
:1008B800022A98BFE2745A789B7802704370FFF757
:1008C8009FFFE37C8DF8043003788DF8053001AA8A
:1008D80043788DF806300321722001F053FB002085
:1008E80002B010BD5400002000000020062A07B501
:1008F8000B4A0AD91978062907D811715978517104
:100908009978D3F803309171936013798DF8043096
:1009180001AA0121722001F035FB002003B000BDBF
:100928005400002007B508491AB11B78032B98BF5B
:100938000B700B788DF8043001AA0121722001F0A8
:1009480021FB002003B000BD5400002007B5054B73
:10095800019301AA0421722001F014FB002003B0C6
:1009680000BD00BFDEADBEEFF0B51D4D2C7B6F7B2B
:10097800003C18BF01248DB044F00206002F18BFB8
:100988003446AF7B8DF8042044F004062A78129D83
:100998008DF80200002F18BF3446002B8DF8031085
:1009A8008DF805208DF806300FCD44F00806F6B214
:1009B80018BF34468DF8074002AC0FC40FCD0FC4E2
:1009C80045F6A526ADF8006095E803006A4684E878
:1009D80003003021722001F0D5FA0DB0F0BD00BF40
:1009E8005400002070B58CB002AC05460E46282293
:1009F8000021204601F044FF00943346FF220021E5
:100A08002846FFF7B1FF0CB070BD000010B5064CCA
:100A18004FF44472002104F1140001F031FF002367
:100A28002373238210BD00BF5400002010B5164C5C
:100A38002822002104F5497001F022FF2822002114
:100A480004F5537001F01CFF4FF48072002104F587
:100A58005D7001F015FF4FF48072002104F27440BC
:100A680001F00EFF4FF48072002104F2745001F07F
:100A780007FF064A0023FF216373A37384F87436C3
:100A88009170D170A37410BD5400002000000020A4
:100A980007B5FFF7BBFFFFF7C9FF45F2AA5301AA45
:100AA80002217220ADF8043001F06CFA002003B086
:100AB80000BD00B5A1B080220021684601F0E0FE2B
:100AC8006A468021722001F05DFA21B000BD000065
:100AD80008B5074A92F874361BB9FFF7EAFF0020F9
:100AE80008BD02F57D728021722001F04BFAF6E70D
:100AF8005400002008B5074A92F874361BB9FFF76E
:100B0800D8FF002008BD02F55D728021722001F037
:100B180039FAF6E75400002008B5074A937B1BB959
:100B2800FFF7C7FF002008BD02F2F44280217220BF
:100B380001F028FAF6E700BF5400002008B5074A7C
:100B4800937B1BB9FFF7B5FF002008BD02F2744282
:100B58008021722001F016FAF6E700BF5400002049
:100B680000B58BB028220021684601F089FE6A464C
:100B78002821722001F006FA0BB000BD08B5074A1B
:100B8800937B1BB9FFF7ECFF002008BD02F55372F9
:100B98002821722001F0F6F9F6E700BF5400002082
:100BA800F7B5184E312A378A09D0ADF8047001AA72
:100BB8000221722001F0E6F9002003B0F0BD1C7894
:100BC80004EB44042401B4F5447F17D2C4F54475FA
:100BD800ADB2302D28BF302506F1140020442C4436
:100BE800A4B2591C2A4601F07DFEBC4284BF2746A8
:100BF8003482B7F5447F24BF01233373338AADF8B9
:100C08000430D4E75400002070B5114E114B06F69D
:100C18007805D8700FCD06F553740FC40FCD0FC4E7
:100C280095E803004FF4807284E8030006F5EF614D
:100C380006F2744001F056FE4FF4807206F5CF615B
:100C480006F2745001F04EFE0123B37370BD00BF6D
:100C58005400002000000020F8B5084E084F051F7A
:100C680000F63C4416F8010BFFF740FB3946FFF746
:100C780049FC45F8040FA542F4D1F8BD68000020EE
:100C880000007F4300B5ADF6444D6846FFF7E4FF2A
:100C9800054968460A7801F5CF6100F085FAC0B2C7
:100CA8000DF6444D00BD00BF5400002030B5354C52
:100CB800E37C022BADF64C4D1FD100F02BFB02A8B4
:100CC800FFF7CAFF04F5CF6102A800F0A5F9224694
:100CD80004F5CF6012F8041B00F01BFA04F5CF608E
:100CE80000F020FA04F6780000F048FAC4B200F0E8
:100CF80018FB20460DF64C4D30BD02A8FFF7ACFF9F
:100D080004F5CF6102A800F087F9E37C012B2CD110
:100D18001D4DFFF775FD22462B7812F8041B009332
:100D280004F5CF60002300F0A3F900F0F3FA22469F
:100D38006B7812F8041B00932B7804F5CF6000F051
:100D480097F900F0EEFA2246402312F8041B0093AC
:100D58006B7804F5CF6000F08BF90C4800F0E2F9ED
:100D68000B4800F00BFAC4B2C3E700F0D3FA2246EE
:100D780004F5CF6012F8041B00F0CBF900F0D1FAAB
:100D8800EBE700BF5400002000000020CC06002044
:100D9800CC08002007B5FF238DF80430094B1B7BD6
:100DA8003BB901AA0121722001F0ECF8002003B040
:100DB80000BDFFF77BFFFFF727FF034BDB788DF8BC
:100DC8000430EEE7540000200000002013B50E4C5C
:100DD800237B33B921790120FFF704FE002002B0FC
:100DE80010BDFFF763FFFFF70FFFA17C074A013132
:100DF80004F55373C9B2A17400932379D278012002
:100E0800FFF7B2FDEAE700BF540000200000002011
:100E180070B50E4E0E4B06F6780598700FCD06F598
:100E280049740FC40FCD0FC495E803004FF48072C6
:100E380084E8030006F5EF6106F55D7001F052FDE8
:100E4800012386F87436737370BD00BF5400002008
:100E58000000002013B50D4C217B29B90846FFF787
:100E6800C1FD002002B010BDFFF70CFFFFF7D0FF57
:100E7800A17C074A0131C9B2A17404F549740094F0
:100E8800002392781846FFF76FFDEAE75400002028
:100E98000000002010B5094C237B1BB9FFF760FE4A
:100EA800002010BDFFF7EEFEFFF7B2FF04F5497210
:100EB8002821722001F066F8F2E700BF54000020F4
:100EC80008B500F087F900F0C3F900F0FFF9FFF763
:100ED8009DFDFFF7ABFDFFF793FC01F041F8294AB0
:100EE80000217A2001F022F8274A0021632001F02E
:100EF8001DF8264A0121612001F018F8244A07212B
:100F0800662001F013F8234A0321742001F00EF83B
:100F1800214A3121782001F009F8204A0021622075
:100F280001F004F81E4A00216E2000F0FFFF1D4A60
:100F38000021692000F0FAFF1B4A0021672000F019
:100F4800F5FF1A4A00216F2000F0F0FF184A00212F
:100F5800732000F0EBFF174A0021682000F0E6FF3D
:100F6800154A00216A2000F0E1FF144A002171208F
:100F780000F0DCFF124A0021752000F0D7FF01F0D5
:100F88005FF8FCE755090008990A00082D090008D0
:100F9800F5080008AD080008A90B00089D0E000818
:100FA8005D0E00089D0D0008D50D0008850B000892
:100FB8002D080008450B0008210B0008FD0A000851
:100FC800D90A0008022913B5044612D0032915D0FE
:100FD800012919D100F1004001F0CCF84FF07E5101
:100FE800FFF7D4F801464FF07E50FFF78BFA02B0B6
:100FF80010BD02B0BDE8104001F0E4B8C30F013BDA
:1010080018400190019BF2E70021FFF783FB08B12C
:101018002046ECE70020EAE72DE9F74FDFF8489093
:10102800124F82460E1F01F1FC0500F63C4359F8A9
:10103800044BAAF10408BB4658F8041F5BF8040BDC
:101048000193FFF7ABF901462046FFF79FF8019B94
:1010580098450446F0D146F8040FAE4207F54467B8
:10106800E5D103B0BDE8F08F5033000850340008D4
:101078002DE9F0411546069A402AA8BF402223EAE6
:10108800E374A2420E4690460BDD002BCBBF04F161
:101098003F03002450F82310002100EB8407444547
:1010A80001DBBDE8F0812A7857F8043B013A052AAC
:1010B80007D8DFE802F0030B101519216A78A2425D
:1010C80015D031461846FFF77DFF20E06A78A24226
:1010D800F7D100230BE06A78A242F2D10B4606E072
:1010E800AA78A242F5DDECE7AA78A242E9DCC7F8C3
:1010F800FC3001341946D2E718463146FFF762FF43
:101108006A78A2420346F2D16968FFF73FF80346BE
:10111800EDE707B5402300930023FFF7A9FF03B0CD
:1011280000BD00002DE9F74F00F5FE7ADFF8449086
:10113800114E074600F50973554659F8044B07F157
:10114800FC08B34658F8041F5BF8040B0193FFF73B
:1011580025F901462046FFF719F8D045019B0446BA
:10116800F0D145F8040F9D4206F58076E5D103B02D
:10117800BDE8F08F28290008502900082DE9F04122
:10118800066807460124002557F824803146404662
:10119800FFF7C0FA08B14646254601340A2CF3D1B8
:1011A8002846BDE8F081000038B50C461546FFF723
:1011B80033FF29462046064AFFF7ABFF2046FFF7D4
:1011C800B1FF04F50070BDE83840FFF7D7BF00BF96
:1011D8002029000870B596B0002403264FF4A023F8
:1011E8000CA80125CDE90C631094149400F0D0F8F4
:1011F8000F23214602A8CDE90235CDE9044406941F
:1012080000F00CFB104B11485A6942F400225A6155
:101218005B6903F400230193019B07A94FF4C043C2
:10122800CDE90735CDE9094600F098FB2A4607487D
:101238004FF4005100F04CFC04482A464FF480411A
:1012480000F046FC16B070BD0010024000080048CF
:1012580010B54FF4C06288B00223CDE90323012101
:101268000323CDE90513164C07230793636943F459
:1012780000336361636903F40033019303A94FF0FA
:101288009040019B00F06AFB0E4A0F4B13604FF42D
:1012980061300023C2E90103C2E9033393610C23DF
:1012A8005361A36943F48043A361A36903F48043B2
:1012B80002931046029B00F01EFD08B010BD00BF4F
:1012C80000100240F40800200038014030B5104BEF
:1012D8005A6942F4003287B05A615B6903F40033FB
:1012E8000093009B4FF480540123CDE9014300256E
:1012F800032301A94FF09040CDE9035300F02EFBE2
:101308002A4621464FF0904000F0E2FB07B030BD7E
:101318000010024001224FF480514FF0904000F03D
:10132800D7BB00224FF480514FF0904000F0D0BB63
:1013380013B5094C094841F2883301220DF1070120
:1013480000F058FD18B99DF8070002B010BD236AD7
:1013580043F008032362EDE700380140F408002059
:1013680007B541F288338DF8070001220DF1070116
:10137800024800F0EAFC03B000BD00BFF4080020FA
:10138800024B1868421C1A60704700BF64090020AD
:1013980003682DE9F743D907044610D423689A0750
:1013A8007ED423681E0700F1E78023685D0700F1FB
:1013B8002A81E269002A40F0AD8100201FE0AE4991
:1013C8004B6803F00C03042B07D04B6803F00C03A5
:1013D800082B17D14B68DB0314D54FF4003393FA6D
:1013E800A3F2096893FAA3F30122B3FA83F302FA8A
:1013F80003F30B42D2D06368002BCFD1012003B096
:10140800BDE8F0836268B2F5803F22D10B6843F4EF
:1014180080330B60CB6AA06823F00F030343CB62D1
:101428003AB3FFF7ADFF4FF400350646012795FAAA
:10143800A5F30A6895FAA5F3B3FA83F307FA03F359
:101448001342ABD1FFF79CFF801B6428EFD9032020
:10145800D5E70B6832B923F480330B600B6823F4AB
:101468008023D6E7B2F5A02FF5D143F480230B6093
:10147800CCE7FFF785FF4FF400350646012795FABC
:10148800A5F30A6895FAA5F3B3FA83F307FA03F309
:10149800134283D0FFF774FF801B6428EFD9D6E787
:1014A80075494B6813F00C0F07D04B6803F00C0319
:1014B800082B1FD14B68DF031CD4022393FAA3F235
:1014C800086893FAA3F30122B3FA83F302FA03F349
:1014D800034202D02369934290D10868F82292FA15
:1014E800A2F26369B2FA82F2934020F0F802134341
:1014F8000B6056E722690125F2B195FAA5F3B3FA14
:1015080083F303F1845303F584139B0002271D60C2
:10151800FFF736FF064697FAA7F30A6897FAA7F384
:10152800B3FA83F305FA03F31342D6D1FFF728FF82
:10153800801B0228EFD98AE795FAA5F3B3FA83F35B
:1015480003F1845303F584139B0002271A60FFF705
:1015580017FF064697FAA7F30A6897FAA7F3B3FAAC
:1015680083F305FA03F313423FF41BAFFFF708FFB9
:10157800801B0228EED96AE7A0693F4D3F4A012146
:1015880000B391FAA1F3B3FA83F313449B00022644
:101598001960FFF7F5FE074696FAA6F396FAA6F342
:1015A80096FAA6F36A6A96FAA6F3B3FA83F301FAEF
:1015B80003F313427FF4F9AEFFF7E2FEC01B0228E3
:1015C800EAD944E791FAA1F3B3FA83F313449B00F1
:1015D80002261860FFF7D4FE074696FAA6F396FA95
:1015E800A6F396FAA6F36A6A96FAA6F3B3FA83F311
:1015F80001FA03F313423FF4D8AEFFF7C1FEC01B54
:101608000228EAD923E71C49CB69D80031D4CB6931
:1016180043F08053CB61CB6903F080530193019B66
:101628000125174E3368DA052CD5E368012B39D12B
:101638000B6A43F001030B62FFF7A2FE022607467E
:101648004FF0010841F2883996FAA6F396FAA6F304
:101658000A6A96FAA6F3B3FA83F308FA03F3134275
:1016680052D0002D3FF4A5AECB6923F08053CB6157
:101678009FE60025D5E700BF0010024020819010AA
:1016880000700040336843F480733360FFF778FEDE
:1016980007463368DB05C8D4FFF772FEC01B642811
:1016A800F7D9D4E613BB0B6A23F001030B620B6A6C
:1016B80023F004030B62FFF763FE022607464FF090
:1016C800010841F2883996FAA6F396FAA6F30A6A4F
:1016D80096FAA6F3B3FA83F308FA03F31342C0D0D9
:1016E800FFF74EFEC01B4845EDD9B0E6052B0B6A47
:1016F80003D143F004030B629AE723F001030B6262
:101708000B6A23F0040396E7FFF73AFEC01B48452F
:101718009AD99CE63F494B6803F00C03082B3FF429
:101728006DAE022A4FF0807350D193FAA3F3B3FA47
:1017380083F303F1845303F584139B0000221A609A
:10174800FFF71EFEDFF8D08006464FF00077012530
:1017580097FAA7F30A6897FAA7F3B3FA83F305FA97
:1017680003F313422CD1D4E908034A68034322F453
:10177800741213434B604FF0807393FAA3F3B3FAD8
:1017880083F303F1845303F584139B00224F1D60F8
:10179800FFF7F6FD4FF000740546012694FAA4F30E
:1017A8000A6894FAA4F3B3FA83F306FA03F313422C
:1017B8007FF403AEFFF7E4FD401BB842EED946E6DE
:1017C800FFF7DEFD801B4045C2D940E693FAA3F33C
:1017D800B3FA83F303F1845303F584139B000022C7
:1017E8001A60FFF7CDFD0C4F05464FF00074012637
:1017F80094FAA4F30A6894FAA4F3B3FA83F306FA02
:1018080003F313423FF4D9ADFFF7BAFD401BB842CA
:10181800EED91CE600100240400D03004D4AF8B511
:10182800136803F007038B42054611D32A6894070F
:101838001AD4D00720D4474A136803F007038B4211
:101848006CD82A68510774D413077AD400200AE0A8
:10185800136823F007030B431360136803F00703AF
:101868008B42E3D00120F8BD3B48AC68436823F0C5
:10187800F00323434360DCE76A68374C012A25D12B
:101888004FF4003393FAA3F0206893FAA3F3B3FA62
:1018980083F302FA03F30342E4D0636823F00303FB
:1018A80013436360FFF76CFD6B68012B064641F23A
:1018B80088371CD1636803F00C03042BBBD0FFF7F7
:1018C8005FFD801BB842F5D90320CCE7022A0CBF84
:1018D8004FF00073022393FAA3F0266893FAA3F358
:1018E8000120B3FA83F300FA03F33342D4E7022B5F
:1018F8000FD1636803F00C03082B9CD0FFF740FD61
:10190800801BB842F5D9DFE7FFF73AFD801BB842E4
:10191800DAD8636813F00C0FF6D18CE7136823F05C
:1019280007030B431360136803F007038B4299D135
:1019380087E70949E8684B6823F4E06303434B6091
:1019480082E7054A2969536823F4605343EAC103CF
:1019580053607BE700200240001002402DE9F74F5A
:10196800DFF86081584C00224FF00F090B6833FAFA
:1019780002F502D103B0BDE8F08F012505FA02FA9D
:101988001AEA030300F094804D6825F0100EBEF1AA
:10199800020F11D1D70800EB870702F0070C3E6A47
:1019A8004FEA8C0C09FA0CFB26EA0B0B0E6906FAB7
:1019B8000CF646EA0B063E6207684FEA420C03261D
:1019C80006FA0CF627EA060B05F0030707FA0CF7E8
:1019D8000EF1FF3E47EA0B07BEF1010F076010D872
:1019E800876827EA060ECF6807FA0CF747EA0E075A
:1019F8008760476827EA0A0E2F09974047EA0E07CB
:101A08004760C76827EA06078E6806FA0CF63E4361
:101A1800C660EE004CD5D8F8186046F00106C8F844
:101A28001860D8F8186022F0030707F1804706F01D
:101A3800010607F58037019602F0030C019EBE6887
:101A48004FEA8C0C09FA0CFEB0F1904F26EA0E0E04
:101A580030D01E4EB0422FD006F58066B0422DD051
:101A680006F58066B0422BD006F58066B04214BFFA
:101A78000526042606FA0CF646EA0E06BE60266817
:101A8800EF0354BF9E431E4326606668AF0354BFEE
:101A98009E431E436660A668EF0254BF9E431E43E2
:101AA800A660E668AD0254BF26EA03033343E36049
:101AB80001325BE70026DDE70126DBE70226D9E7EE
:101AC8000326D7E700100240000401400004004844
:101AD8000AB18161704781627047000002688368BB
:101AE800C16930B5056914682B43456924F4164467
:101AF8002B4324F00C040B43234313605368C4683E
:101B0800056A23F44053234353609468836924F49B
:101B180030642B4323439360424B9A4211D103F51F
:101B280058431B6B03F00303022B5FD0032B65D0D4
:101B3800B1F5004F41684FEA510345D003F5E10381
:101B480048E0394B9A4212D103F5E6331B6B03F494
:101B58004033B3F5003F49D0EAD9B3F5403F4DD003
:101B6800B1F5004F4FF001005BD1002353E02F4B3C
:101B78009A420BD103F5E4331B6B03F44023B3F50E
:101B8800002F33D0D4D9B3F5402FE8E7284B9A4239
:101B98000BD103F5E2331B6B03F44013B3F5001FBD
:101BA80024D0C5D9B3F5401FD9E7224B9A42D7D1E3
:101BB80003F5E0331B6B03F44003B3F5000F15D0B6
:101BC800B6D9B3F5400FCAE703F561031FE04B0828
:101BD80003F50043B3FBF1F39BB2D360002020E090
:101BE8004B0803F5740303F51053F3E7B1F5004F01
:101BF8004168ECD14B0803F5803308E0B1F5004F9C
:101C08004168EDD14B0803F1F47303F59043B3FB3E
:101C1800F1F300209BB223F00F01C3F342030B43FF
:101C2800D36030BD00380140004400400048004007
:101C3800004C0040005000402DE9F041069E04464B
:101C4800174698462568E86931EA00000CBF012369
:101C58000023BB4201D0002013E0721CF3D096B9D8
:101C68002B6823F4D0732B60AB6823F00103AB60BF
:101C7800202384F8693084F86A30002384F86830B7
:101C88000320BDE8F081FFF77BFBA0EB0800B04222
:101C9800D8D9E5E773B504460021C166FFF770FBA4
:101CA800266833681A07054616D433685B070AD5D1
:101CB8006FF07E43009300222B464FF480012046AC
:101CC800FFF7BAFFA0B92023002084F8693084F810
:101CD800680084F86A300CE06FF07E4300930A468F
:101CE80003464FF400112046FFF7A6FF0028DCD07A
:101CF800032002B070BD38B5044620B390F86930AF
:101D080003F0FF020BB980F868202568242384F8C3
:101D180069302B6823F001032B602046FFF7DEFEB5
:101D2800012810D06B6823F490436B60AB6823F0F4
:101D38002A03AB602B6843F001032B602046BDE803
:101D48003840FFF7A7BF012038BDF7B51E4690F809
:101D58006930202B0D460446114649D1002D45D047
:101D6800002A43D090F86830012B41D0012380F835
:101D780068300023C366212380F86930FFF700FB31
:101D8800A4F850100746A4F85210B4F8522092B2A2
:101D980062B900963B4640212046FFF74DFF90B9B7
:101DA800202384F8693084F868000DE0B4F85230D4
:101DB800013BA4F85230002200963B468021204681
:101DC800FFF73AFF10B1032003B0F0BDA268236803
:101DD800B2F5805F07D122692AB935F8022BC2F320
:101DE80008021A85D1E715F8012BFAE70120EBE77D
:101DF8000220E9E72DE9F3411E4690F86A30202BCE
:101E08000D46044611465DD1002D59D0002A57D001
:101E180090F86830012B55D0012380F868300368AA
:101E28004FF0FF321A620023C366222380F86A301B
:101E3800FFF7A6FAA368A4F85810B3F5805F074621
:101E4800A4F85A1015D123698BB940F2FF13A4F8EE
:101E58005C30B4F85C80B4F85A0080B280B92023B2
:101E680084F86A3084F8680002B0BDE8F081FF2386
:101E7800EDE7002BEDD12369002BF8D07F23E6E7AF
:101E8800B4F85A30013BA4F85A30002200963B4679
:101E980020212046FFF7D0FEB0B9A2682368B2F52A
:101EA800805F07D122692AB99B8C08EA030325F8C9
:101EB800023BD0E79B8C08EA030305F8013BCAE71D
:101EC8000120D1E70220CFE70320CDE710B5064C6B
:101ED800034601440020994200D110BD13F8012B9C
:101EE8004240A05CF7E700BF5044030830B5002229
:101EF800044601238B4201D3002030BD14F8015F52
:101F080015B99D1A85541A460133DBB2F2E730B58C
:101F180002780025044605701046884200D202B9AE
:101F280030BD225C25548318D8B2F6E738B50B4D7E
:101F38002B681F2B04DD6120FFF712FA012038BD42
:101F4800F82901D96220F7E70C2404FB0354013374
:101F58002071C4E902122B600020F0E76C09002010
:101F680008B5064A00217620FFF7E0FFBDE80840E3
:101F7800034A00217720FFF7D9BF00BFF71F0008E9
:101F880011200008F0B50C46C1B04AB300238DF803
:101F980006108DF804308DF8050001AE0DF106012C
:101FA8009C421FDCA11CC9B20DF10500FFF78EFF92
:101FB80004F580736B44271D03F8F90C07F580734B
:101FC8006B44611D0025C9B2304603F8FC5CFFF77D
:101FD8008DFF16F8010B0135FFF7C2F9AF42F8DAA9
:101FE80041B0F0BDD05C01F8010F0133D8E707B567
:101FF80003230DF10702012172208DF80730FFF746
:10200800C1FF002003B000BD30B50C48017889B08D
:1020180000220C24D3B28B4206DB6A467220FFF7FB
:10202800B1FF002009B030BD03F1200504FB030314
:102038006D441B7905F8203C0132EBE76C09002060
:102048002DE9F043C1B001AD0024A846FFF770F9AF
:10205800287058B905208DF803000DF103020121FD
:102068006520FFF78FFF41B0BDE8F0830134042CF1
:1020780005F10105EAD121464046FFF748FF294D01
:102088009DF805102A68074600230C20DEB2964208
:1020980002DB08D10120DEE700FB065C01339CF877
:1020A80004C08C45F2D19DF807300533BB4208DAED
:1020B8000420D0E7FFF73CF908F804000028C9D04D
:1020C80001349DF807300433A342F3DAFFF730F9FF
:1020D80004F580730DEB030909F8FC0C0028E7D11F
:1020E800C7F101012144C9B208EB0700FFF70FFF50
:1020F800A11EC9B20DF10500FFF7E8FE19F8FD3C75
:1021080083420CD10C2303FB06559DF80720EC688D
:102118009DF806109DF8050002ABA0479BE702203A
:1021280099E700BF6C090020002103E00B4B5B58C6
:10213800435004310A480B4B42189A42F6D30A4AD4
:1021480002E0002313600432084B9A42F9D3AFF33C
:10215800008000F0A3FBFEF7B3FEFEE77C45030812
:10216800000000205400002054000020440C0020EF
:10217800FEE7000038B5054600F054FA0446284644
:1021880000F09AF848B10D492846FEF7C3FA30B96D
:102198000B492846FEF7A0FA48B9204638BD00F09A
:1021A80077FB4FF0FF4422230360204638BD00F040
:1021B8006FFB222300240360EFE700BF1772B142D0
:1021C800B5F1CFC230B520F00042B2F1FF4F83B075
:1021D80001460CD3344B002818681B681C4639DBB1
:1021E800FEF790F92146FDF7D1FF03B030BDDFF8C7
:1021F800BCC062450DD92C492D4A01900868116868
:10220800FDF7C2FF019B002BB8BF00F1004003B0EF
:1022180030BDB2F1105F24D3B2F17E5F019029D3B3
:1022280000F02AFB234A1168FEF7B8F800F04CF8D2
:10223800204A01461C48046815681068FDF7A6FF87
:1022480001462846FEF75EF901462046FDF79CFF49
:10225800019BD8E7FEF756F92146FDF795FF03B035
:1022680030BD114B01901868FDF790FF0199FEF7FA
:1022780095F8BAE70F4A13681C4600F0FDFA0146C4
:1022880004F10040FEF78AF800F01EF8094A0146FA
:10229800106801F10044FDF779FF01462046FEF77A
:1022A80031F9019BAFE700BF58450308FFFFAF4175
:1022B800504503085445030820F00040B0F1FF4F93
:1022C8002CBF0020012070472DE9F041AE4D20F0D1
:1022D8000042AA4282B0044600F0004636D9B2F164
:1022E800FF4F00F2BA8000F02781002E40F0BB803B
:1022F800A6498A4200F24281A549FEF74FF80146F5
:102308004FF07C50FDF742FFFEF70EFA0646FDF748
:10231800F1FFA0490746FEF741F801462046FDF7C0
:1023280033FF9D4905463846FEF738F803461946F7
:1023380028460093FDF728FF014604462846FDF786
:1023480023FF0099FDF720FF804607E093498A4262
:1023580076D8B2F14C5FC0F0BB8000264FF07C51BC
:102368002046FEF71BF8014600902046FEF716F8B7
:102378008B490546FEF712F88A49FDF707FF2946FB
:10238800FEF70CF88849FDF7FFFE2946FEF706F828
:102398008649FDF7FBFE2946FEF700F88449FDF75C
:1023A800F3FE2946FDF7FAFF4FF07E51FDF7EEFEEA
:1023B800014601900098FDF7F1FF01467D48FDF7C1
:1023C800E3FE014600900198FDF7DEFE00990746FE
:1023D8002046FDF7E3FF01467748FDF7D5FE0146A5
:1023E8003846FEF78FF82946FDF7D8FF002E61D052
:1023F8004146FDF7C9FE2146FDF7D0FF4146FDF7EE
:10240800C3FE2946FDF7C0FE731C054600F0878011
:10241800012E6AD0731C392B4FEAC6553CD8162EAC
:1024280000F38E804FF0807333412146C3F17E5410
:10243800FDF7AAFE01462046FDF7A6FE28440FE058
:102448005E498A421FD85349002E62D0FDF79EFE8E
:102458004FF0FF365A4B054669E70146FDF796FEF1
:1024680002B0BDE8F0815749FDF790FE0021FEF764
:1024780033F9002862D146492046FDF78FFF01460F
:102488004FF03F403EE74249FDF788FF0146002EE6
:1024980071D04FF03F4035E72146FDF775FE014604
:1024A8004FF07E50FDF770FE4FF07E512844FDF747
:1024B8006BFED5E701462046FDF770FF2946FDF77C
:1024C80063FE01462046FDF75FFE02B0BDE8F081DD
:1024D8003D49FDF75BFE0146FDF756FE01462046E5
:1024E800FDF752FE02B0BDE8F08138492046FEF7FC
:1024F800F3F8002833D04FF07C512046FDF746FE14
:1025080001462846FDF740FE4FF04041FDF746FFE3
:10251800A6E7FDF739FE01261F4B054607E70146EA
:102528002046FDF731FE4FF07C51FDF737FF4FF0A5
:102538007C51FDF729FE93E7002E91D024488FE7C0
:10254800C6F17F01C905FDF721FE01462046FDF7CA
:102558001BFE4FF07E51FDF719FE284480E72946FF
:102568002046FDF711FE0146FDF710FE4FF07E51A3
:10257800FDF70CFE74E74FF07C50C3E6304602B01E
:10258800BDE8F04100F04AB843B895411772B1422E
:102598003BAAB83F8071313FD1F717371872B13E67
:1025A800BBED57B4547E8636CD70A638010DD03AAF
:1025B8008988083D000040400000C0409115853FD3
:1025C800D1F717B76042A20DCAF24971000080BE68
:1025D800000080BF10B582B00446019100F058F9A0
:1025E800019903462046196002B010BD08B540B1F4
:1025F80001F10040FDF7D2FEBDE808402221FFF7B7
:10260800E9BF0846FDF7CAFEBDE808402221FFF7EA
:10261800E1BF00BF4FF08051FFF7E8BF4FF0E04146
:10262800FFF7E4BF2DE9F04320F00042B2F1FF4F7D
:1026380083B004466DD84FEAD07500F0CB807E4950
:10264800884200F3B7800028C0F2BA807B4B9A42D8
:1026580065D97B4B9A4200F2CC807A4B204653F8DE
:102668002510FDF791FD784A52F8252085F00103E1
:10267800904607465E1B41463846FDF785FD0146F4
:102688000446FDF78BFE71490546FDF787FE704944
:10269800FDF77AFD2946FDF781FE6E49FDF776FDC7
:1026A8002946FDF77BFE6C49FDF76EFD2946FDF7CF
:1026B80075FE6A49FDF76AFD2946FDF76FFE01467A
:1026C8002046FDF761FD014620460D460191FDF7C4
:1026D80065FE01998146002E53D04FF08040FDF7EA
:1026E80053FD01464846FDF70DFF01464046FDF7FC
:1026F8004BFD3946FDF748FD01464FF07E50FDF78A
:1027080043FD16F17D0F69DB00EBC65003B0BDE851
:10271800F0830146FDF73AFD03B0BDE8F083B2F15E
:10272800505F09D24E492046FDF730FD4FF07E51EB
:10273800FDF7F0FF002879D121462046FDF72EFE4F
:1027480042490546FDF72AFE4149FDF71DFD294688
:10275800FDF724FE3F49FDF719FD2946FDF71EFE4A
:102768003D49FDF711FD2946FDF718FE3B49FDF7E8
:102778000DFD2946FDF712FE01462046FDF704FD32
:10278800054629462046FDF709FE4FF080410646DA
:102798002846FDF7F9FC01463046FDF7B3FE214611
:1027A800FDF7F2FC01464FF07E50FDF7EDFC03B05B
:1027B800BDE8F083002003B0BDE8F043FFF72EBF6B
:1027C800284B9A427FF642AF002003B0BDE8F043A1
:1027D800FFF720BF002D9FD000209DE706F164037E
:1027E8004FF0586100EBC350FDF7D8FD03B0BDE8CA
:1027F800F0831D492046FDF7D1FD1C4B53F82510E9
:10280800FDF7C4FCFDF790FF0646FDF773FD184978
:102818000546FDF7C3FD01462046FDF7B5FC154901
:1028280007462846FDF7BAFD804624E74FF07E515B
:102838002046FDF7ABFC6FE71772B1421872B13E44
:102848009115853F644503085C4503084CBB31334B
:102858000EEADD3555B38A38610B363BABAA2A3E02
:10286800CAF24971B5F1CF423BAAB83F6C4503089B
:102878008071313FD1F7173720F00040704700BF13
:1028880002440346934200D1704703F8011BF9E75D
:10289800014B1868704700BF0400002070B50D4B4D
:1028A8000D4C00261D1BB6EBA50F09D100F028F82A
:1028B8000A4C0B4B00261D1BB6EBA50F05D170BDAE
:1028C80054F8043B98470136EDE754F8043B984721
:1028D8000136F1E774450308744503087445030895
:1028E800784503080A44914200F1FF3300D170474C
:1028F80010B511F8014B03F8014F9142F9D110BD01
:10290800F8B500BFF8BC08BC9E467047F8B500BFD4
:08291800F8BC08BC9E467047A4
:102920000000000000000000632345BE5384B73E52
:10293000D24A683E462CA83CBA9743BCD1853F3E5C
:10294000FB9126BE9B64A73E3958F9BECCE328BE56
:102950009D8A3ABFE0188BBE4056BDBDF6C76DBD1F
:10296000C72456BF9BA5E8BE9A69D93EA4547FBE32
:10297000FD330F3DE18B903FC8B18BBE290DE1BE09
:10298000C7F40F3F9283883FBE28D9BE7C1611BF83
:1029900055242E3FBB8A07BF9B7289BF81BE15BFDE
:1029A0004EA19B3E0283903B71EC22BF4C5E80BEE9
:1029B000E027D5BD53B0D2BE8B3133BFA252903E7B
:1029C000688503BF896B39BE27ADBC3DD9881EBF62
:1029D0005F83163F49122BBFCD72783F6EBFE5BDB6
:1029E000383D8BBC556A0BBD241C46BF5D21273F7B
:1029F000A3F1903ED7580CBCBA38FA3D1A32123FB8
:102A0000A7A0443FA1C410BEF8DB1D3FF0E04C3E40
:102A10007E3B323E804C183F7EDB79BED0F18E3E4D
:102A200036D19DBE88CB1D3E991F29BF742D7CBD1C
:102A3000D0EE8C3FA44B4C3F7457E3BE68C099BEA8
:102A40003D6B6B3E4A8F853E13E237BF09DC683F22
:102A5000BBE407BC2DBC2E3B1457DF3EDCA825BFD2
:102A60002358323E4A7C5E3FF3B5A4BED8392DBF11
:102A70007AEAD23E9C06BBBD7AA8ABBDA6A080BEBA
:102A80000B47043FAB2926BFDB59EB3EE9DA8CBF8D
:102A9000E0C6113FBB2138BF5EEA363F2D5A003EEB
:102AA00011650CBFC4A5453E297E413FD8CBD93E18
:102AB00049CE14BFA10C4E3FE18C873DDB340B3F68
:102AC000A078AFBE7BC44DBC8A961C3F584FCB3D0F
:102AD0002C953D3F4111ABBD8C13E23E7EFFE4BD22
:102AE000D477993F469766BF5F0897BDF9E5D33E17
:102AF0008AE5753EEEF2F7BEC4299B3E6D39743D02
:102B00005A7A49BF33CC5A3FAC02C23E9B722D3F2A
:102B1000697B95BED46955BF52E4343FAF52323F12
:102B2000B73E953ED137D73EF79899BE53162BBF87
:102B3000BB3F543F0330C0BEB9082B3FAC79003FC8
:102B4000958509BBE9A1E33E696F693FE4B48A3E1C
:102B50004CD079BF309E35BF73B3933D56D9A53D58
:102B6000A06C48BE3609423FE1B097BE62BAE73E6C
:102B70005EF8093FB1BD493F1667AABF6655D43F0D
:102B8000A9FECD3D5EF5163E6B47133F462E6F3FC7
:102B9000EBEF6ABF51B375BEA44F23BEB8FBDB3B5E
:102BA00018B6023F394828BE0B8B673F885868BF6C
:102BB000CD4DDD3E953EF7BEBFCE5EBFAC10E0BE54
:102BC00046CB45BF0FF140BE5311D23E33B53C3F1B
:102BD000528CCDBE0E46BABEFEF409BFF1ED103FD9
:102BE0007F26573F965EA23F55038E3FE94F04BDB7
:102BF000C965BE3EEE6E983E01ECDE3E40BD7EBF36
:102C000030ED203F677F16BF96BC51BFA894483F68
:102C1000D8FE823ECC8AB93EE4399A3E8BBF1D3F36
:102C2000426B7F3F289934BF84206DBD5CE761BF54
:102C30004F493ABE0ADC003DC172343F02C3603ED8
:102C400009C622BFFAB947BFE46883BDDBDD8D3E0C
:102C5000114FAABEFC65213F52A81ABF4AF90EBE09
:102C60003C8D27BE285E74BF19E38ABE3E96153F91
:102C7000B0EB903E05BFA5BF4B5C9C3E76B14CBD12
:102C80003FB2E5BE99287FBFFCBE1C3E6736793F48
:102C9000BDA8DEBCCD2EE83E46E41C3FE384663F83
:102CA0003408EF3E9CD212BF2DABA03EC14892BF6C
:102CB000F34D07BF863F4C3F8EAA483EB06893BF96
:102CC000FD964A3F3D772D3F10F444BE554035BE3A
:102CD0009340B33E1A9BED3E449CA23EF58100BF5B
:102CE000766034BF189DF9BEEFC516BFAC235DBF3B
:102CF0006C5F4D3E337915BF7AA5113F9B12763E2E
:102D0000D32C2ABF38AE44BFEBD863BE5B4A18BF92
:102D1000FBF065BD6C3ECE3EEBB21C3FE3EFBB3E2D
:102D20004C47433F2724933E043328BE81DC6D3E4D
:102D3000CB503C3E12E5B3BC0CC53F3FBF65283FBE
:102D40001B39943E66AB4D3F538F70BF3DBD1ABFDC
:102D50003B4AAD3DEA7A3C3E53437E3E2824493F00
:102D6000FB392EBF8EEEBF3E1EF2903EE122383D73
:102D7000262AC7BE6B2819BEF135AF3E06D18F3E5D
:102D800093DC83BCF68F89BED0AA9DBFD7CC5CBF35
:102D9000F231A1BE3570BB3DDAFCEE3D8CEF3EBF9B
:102DA000724620BF22867A3F8C80FEBE9368823EA8
:102DB0003B06D33EE234BE3EEF024BBFAF5ED23E97
:102DC00070C7363DD63624BF844E92BF68AAAD3E4A
:102DD000632E57BFFD340CBF0B2DE93ECE94E3BEEE
:102DE000338C1DBF8C9AA0BEF18BB93E3F4F69BF9B
:102DF0006FAF033F6F3961BF3ED439BFA357E9BE00
:102E00006F418BBE7F5E763E6D900C3F4388A63E41
:102E1000FB0D883F929781BE66144DBE36D5593F53
:102E20006994FDBE3B63F7BEC14B72BFC58B073FC4
:102E3000660D41BF9AE4EEBE31CF37BF47F1983FF0
:102E40005E115D3EBCA89E3EDAF83F3F012F84BF75
:102E50006997D43D23C4C0BEC95589BFA7A0B53E5C
:102E60008BD6C13ECD2FEBBEC8D2A7BE95B0663F74
:102E70002880F4BDF3BE16BF84E4173FB2D676BFF8
:102E8000B3E4413F51C0693EC4480B3EA12384BD19
:102E900088748D3F1EE480BFC0B61E3F55552B3F42
:102EA00066DFBDBE29CAC8BDF1C5A53E39ED8A3F62
:102EB0009188B83E87AE49BF205C733F3862843F3B
:102EC000489C5B3FF3A9F5BEF5D40C3F486AA9BD09
:102ED0009DF01A3E00820F3F613D1DBFF89F1FBF4E
:102EE0002973C2BE04685CBE021DE83E57CE65BFB2
:102EF00095529ABF3317F23E74B46D3FBD7A52BEFD
:102F000059587EBE33E5C73E30E4A1BD02FDA6BFE1
:102F1000ED8325BF86414DBE5B7467BFCFBC8DBDC1
:102F2000E5541FBF919995BE97BA1D3C977B14BF7E
:102F300059A6013E489790BFA93A64BF78E7C6BF3B
:102F4000DC2AC13E676B6ABFFAAD0DBE96F8B0BE13
:102F5000BDE70D3E946F23BFAE2EE4BED275383F61
:102F6000158AABBEFE24263F77840EBF61A7C0BE84
:102F7000A73D96BFB406553F1759D4BE5B803F3E70
:102F8000ED7D11BF993ADC3E941425BE34D7ADBE19
:102F900006A8BC3E1B10FF3E52A0AABE225F5B3FAC
:102FA0005561883F5D8AD2BEA63695BE32AC5E3F83
:102FB000FE5B883E9C6521BEDDDFC1BE040FA2BD65
:102FC0005265243FBA148B3DE9EAF6BEA038193F9A
:102FD0008149A5BDE6C047BFFA77E13EA28C36BE67
:102FE000D08C283E12DC2B3E03B0A43CD5322F3FC0
:102FF0005B749ABE96E707BBEF1F25BFE5B3673F3B
:10300000E411D9BE4146713E25A0963E44242EBF10
:103010009720803EB6C20BBFF461563F62709F3E60
:1030200082DB1BBED550D63EC2F9873F2D4348BE3A
:10303000575E413E9EFF42BD2BB6CABE869891BFE9
:103040002C5FB4BDF08A263F03CC823E1D6F203F2B
:103050000B983D3F5CE22D3FF55EF53E6FC83EBDEF
:103060001FC37F3C3D9626BEDC9463BFB14B3C3F03
:10307000EA6C973EB17281BE7B1C1D3FA4420BBF20
:103080001B53B6BD62A9123F67D569BF7B3835BFF8
:10309000D693E8BE5C38263F5607383EFE27FDBE75
:1030A0007361013D7364443F8A68923F603DB0BEE6
:1030B00057D963BFF666B93CE066F73E3123D23E8E
:1030C000891F1BBF5898F7BE96390EBE47C16FBF08
:1030D0005A38FDBE7BF38C3FD323C33D87FC20BF12
:1030E0005C4F48BEE7F2503F64BFC5BE6E77153FE8
:1030F0007F3B0A3EF00B8FBE2EA1193E561501BF35
:1031000038CA2F3FF683943F1840393FEB0B013FFD
:103110008FB72BBFBEA00D3F555AC0BE61E266BD42
:10312000076B713FC319533FDA3187BEC70FAF3EFC
:10313000905FA43EBAF02A3F21C1043FF1CBFC3D91
:103140007ACFB4BF5628D3BCBFE5B6BE4C8A60BDAB
:103150008B6F313F5696BA3E9030383E6C60643E7D
:103160004688493F88A705BE647A323F067C50BD39
:1031700055502EBFB18DDB3C2638C53EEAFDA03D43
:1031800091DC41BF7E2D5EBEE5F0263E8089533F37
:10319000D7A88BBE3978353E5118BABF88D006BF44
:1031A000E7C0D5BE5F4697BF223656BF78F294BEC1
:1031B0007CB9533FB65667BEB374173F786F22BFD2
:1031C000E7DB17BD65457E3F4D5CF23E38ADF73D10
:1031D000E974923FB4A6E83BA73B613D0BCE503F5C
:1031E00033B79EBE3176E03EDF9DE93E8E371E3F0F
:1031F0000C7CCBBECF057C3F101140BF7B9E1BBE1D
:10320000FF7D45BE21543D3D54A824BF12F7CA3D61
:10321000F3BBF6BDCBD2B03EAA24B53ECD6A9ABF71
:10322000F17D40BFC3D6EBBED50AF63E27C4043FAE
:10323000BC360FBF55ED34BE503D15BF22C8163EFB
:10324000842D283FEA1E04BFCB1D103FA6F5FC3E8F
:103250006726E23D8740223F706F8E3E979C8CBF71
:1032600024482B3F592DAFBE8B273C3F726192BF44
:10327000B7DC8C3EFFA7F4BED12DD2BE14F28BBEBC
:10328000BB39583F0A63963E6351A03F4971D83E0F
:1032900013AD683EAE83463E48B38D3E6AE19E3D27
:1032A00048C8253E27F1423FCC3A70BF617C113EB1
:1032B000086420BE1537F03E4F0D0D3E5A811F3E6B
:1032C000D373EE3E688131BF03375C3F087EB8BEE2
:1032D000312163BF08CD04BF184C8ABF0DDE113FFA
:1032E000C6B0933E5D7CEEBD1B8636BF5CB1E3BECF
:1032F00037581D3FD00576BE1898AF3E49684E3FFF
:103300007D08393F11EB00BF55F322BF79DE603DE8
:103310005915723ECAD6FCBE0AC644BFF06C7BBECD
:10332000D5D275BFB3238CBE0B53853EAB456D3FE5
:103330009E4ACEBE9C1F973EB932913EDD4D49BE9E
:103340009FA83D3FEB64F2BEC6F7D9BEB290D23E15
:10335000545B953D9DF634BD866FF7BB8376283E62
:10336000CBE96F3C53BB213D755C9ABE0974173E97
:103370001660933D19167EBB189BCC3D17C264BEE8
:103380007631553EB205543B8F1B17BD910E3BBEA7
:10339000C759823AAF9AF6BD220BE23E404A4B3EF5
:1033A000CF8C04BE3897EE3D92C3513EED1C1E3EBD
:1033B000B0E40D3C5A10E2BDA68C6E3E0E1D413E9F
:1033C0000F4E27BEB63205BEEE0370BD4EC7B63CEB
:1033D000F61A6CBE03ADE53E83AC5DBE216746BE0A
:1033E0007D21933C9E7734BE3188373BA56DC43D2B
:1033F0007CF337BE1AAC513CBFB5FA3CC2D2BEBE5C
:10340000CA2511BEB7D7893EFCBEB13D2601883D15
:10341000E59D6DBE66E845BE7AE828BE2697D43D98
:103420003C7098BD5519E63D6E580FBE47A28CBE44
:10343000A447B63D159E86BE7E066F3EDFDFA0BD6B
:10344000DA4CA2BEA47B93BED51C53BBB72D21BEC4
:10345000F4804CBD862E293DB83FC8BC78AE88BDEF
:10346000A5258E3D7AF3363DFB83923D6E254C3D7E
:103470009384963D6C95A63C838C78BDF080093D85
:103480008B7BDFBA458C853DA9EAA43CE578483CB6
:10349000E6AD273DCE5BA0BD2094003C36007B3DD1
:1034A0003A0A94BD40F1183DB8BD67BC2625CABC98
:1034B00000257B3AA813AB3C22842F3D7DF721BD2C
:1034C00047C719BDC60F563DB2922D3D14F7A0BC9B
:1034D0008347453D423E9E3DE349173D8E50A43C07
:1034E000BF18283D3663C4BBE99033BE88E457BE9D
:1034F000F47E2BBE88BFE2BD04FB85BDE9DCECBDDC
:10350000F302C0BE3E3628BE0311C23C47A7063EAA
:10351000B31FA93D69442C3DAECD6F3DE5981B3DE1
:10352000860B2EBDDB123DBD780A43BC8AFBE0BC96
:103530002086DBBB219E8D3DE2B9B0BCF371F0BCAF
:103540002EE450BCE125963B2467DFBD11613DBEF2
:10355000394EFE3D4828243B204A0DBE1B9D43BEEC
:103560001771A7BE27D42EBE3C61BFBE6D4A3EBEBA
:10357000BB0235BE57F970BE2DAD89BC44A35F3E7A
:10358000A4AD593D4905E5BDE7C890BD362FAD3D19
:10359000EFF2E7BCF676093DDEBD4BBD706104BCC1
:1035A00054444CBD1EE82B3D0F82933D39E13DBD97
:1035B0007BB1BC3D621B41BE309F90BE907658BE31
:1035C000A6BBA63D435DC43D73F0FD3DA5B6EC3DF5
:1035D0009A08D33D91185CBD2D79A4BEA2830BBE81
:1035E00088F6A3BE9EA5C5BD27E94F3E92A2193D10
:1035F000BF483FBEC87304BD16FD513E4458D63E79
:10360000EA5FB03D7DEA41BE7EE9CFBD951EAC3D8F
:103610009F661EBD8411863CC8F2FC3BA9CF053EC7
:103620007FEF29BD388B00BF737226BF77D713BEDB
:10363000EFBDD6BE7BC8AEBE4C1E58BEC12D62BE0D
:103640008491EABDB1574C3DE20C93BD994B55BDF9
:10365000FA4123BE7B8536BEB2462CBCCC3904BDB4
:10366000EBD01BBD7040F63D0AA7D13D8DEC7A3EF4
:10367000977AF93EE8A0BC3E563D3EBC9091183E7C
:10368000329F8FBD2F53943DF21AC3BD5C3C85BD64
:10369000E367D7BE28457C3E8446463E44AF433E62
:1036A000DCB785BDC415003D32C5EABDD9DCF539AE
:1036B000ABE3F13D866AC0BCD232BC3DF4EE07BC40
:1036C000286308BED4F1823AAA2318BDDE79363DBC
:1036D0007D735D3C3D603CBEE5B7D4BD5EC4DABDE4
:1036E000D0A6333E1E094D3EEDA6EB3DD2BC3A3E80
:1036F000B78698BD44262ABD72917D3D4AD6B13D1C
:10370000BD67203EF65CC03E0E19FA3DAE0BE23DB1
:10371000A5F78E3DC7DA5BBD3E4A4CBD493DE4BBD3
:103720001FB6153D417C813CEF89F33CAEFCE53D85
:10373000BD9EF53C0EDB23BDEBB731BC61895C3C23
:10374000A16EE23D6A2D3ABEBEA3ABBC9DCB883CC8
:1037500017869D3DB23FEA3DA5AB8B3EE7A977BDFD
:10376000D29F74BC4D5855BE4D8AEFBC5BA6933EAC
:10377000D75005BE4EEB54BE3CD392BD7CC172BC4B
:103780004E5D39BD30D8EEBD5E14203D2043F4BC03
:10379000805E33BCB1F298BC85B96CBEE4E07FBDFD
:1037A0001E1A15BEE4A176BD1F50EEBD4C5FD63D7E
:1037B0001B6B303CD04F2BBC5668FBBC19EB93BC49
:1037C000DC6587BD90A0D23B2899A43E71E7E9BD96
:1037D00038862CBD8B0BD23DE1457CBD3159453D32
:1037E000D7848EBE00ACB5BD3845D73DBDA4D83D0D
:1037F00000CB993D062C0A3E164D5D3D9B35213E82
:10380000DFE6A73D69E203BDD74848BE6950E6BD83
:10381000EC1266BEBCA298BD513B03BE3D288B3C5A
:103820009986FC3DA8463E3CE156E9BBCDA03EBD95
:103830006A82053D7A46763CB7DDE63D0029903D3B
:10384000482F1DBD0F643A3EF0B733BEEB7234BE55
:10385000A12000BEEEAA6BBEA97F043EEF1B8F3DE8
:103860005132CEBC0A6ACB3D7B43D93D481DAA3EAE
:1038700022F4B03DE8A3963D7D0BFC3D566B27BD81
:1038800071ED6EBEA6A676BD780B1BBEC430183C8B
:10389000E240BA3DE5C30D3EDDDBBBBCE6C726BE5C
:1038A000B295B4BDF65671BEFCDBAD3E4E941BBE68
:1038B0005BCE88BD93C2F93C9A3C25BE733C8EBE5C
:1038C000B801B33C16D1033EC12C353E39A5233E89
:1038D000179C0B3EEF8FAB3EA891A13E8887563ECA
:1038E0008E37813B21973BBC9A75143E380ED03DF4
:1038F000A170ECBC2D948ABD61BEF5BDA8926BBDD4
:103900000019ACBCFB169D3DF4502CBE2DBE94BDE1
:10391000609168BCB854B3BEF242ACBE3EFD6ABE14
:103920008FC80BBCB5AAA23C82099ABD986D623DB6
:10393000FF5346BDACF28D3EA8905F3EFC0F5C3E4F
:10394000EA9C8B3ED9D9593EECCD4A3DAF89A2BC09
:103950005ED5B5BB84BD673D80A2B03E7830873E62
:1039600051A3973E673A9D3D1F9431BC9D7C8A3C94
:10397000CD4BA3BD834A883DCC1BEBBD071107BED1
:103980007C5299BBFE5F32BDE4C32FBE8EA5283D9D
:10399000B6CEB33C86F4003DC389B4BD2200F0BD71
:1039A000726F99BD4202C13EE5FE923C8F1FFF3D02
:1039B000D1CC0C3D143268BD3FDA66BD73FEDB3DF1
:1039C0008F69F33CB028933EBB4DAA3E4849CB3E9D
:1039D000FCC2803EF631B03CCBC6F83D03AB713D36
:1039E000148B7FBB35B8C23B9F650BBD977437BD49
:1039F000BC8E173E83AF043E40DB923E90FC283ED7
:103A000045848ABD9E1B3ABED0078EBC0A2B18BDCA
:103A1000933F89BE13A58C3E562E903D137A0FBD61
:103A2000D84C07BD32993EBDEB93D5BC644A363EB7
:103A3000FBE4F93DFB1B0D3DCD1A9A3D78DF323E8C
:103A4000ACC21C3EFBD7053E965D0A3E922F0A3E55
:103A500055788BBD0DD1E53D5989513EF1254D3C41
:103A600013FD8B3EA8DF17BE31492D3EF6C93A3D06
:103A7000C271AE3DAD14593E92F4733EC33FD2BD08
:103A80007B6203BE3A92B33C90DB97BD1953203D55
:103A900050FC943D2F2B5C3EB800173E05E0473E9E
:103AA00047B9583E3267DA3D80DAC93DD21466BC68
:103AB000D38FF73DC5C6123EEA94723E6D99F33D31
:103AC000C93E3FBD393CE83B676B313EBF84903D0A
:103AD0005C130F3E41949BBC1E1E99BE0F130DBE7E
:103AE0007699D73DB94EAC3D46B737BD427C433C95
:103AF0006A69A1BCC00770BD3E48B2BC7385033E75
:103B0000143B863E6BC7633E2B187A3DA0CCC63D66
:103B10003D4E4A3EA511E13DA7A11A3D0E7A1E3E3B
:103B2000D26AF53DDAEEBE3D74A6A13DBE7C3ABD3B
:103B3000B233B83D025948BE38B3183CBCBD8F3BC8
:103B400006508DBD7E6ECB3D3771D5BE78DB9D3C7A
:103B500004C93F3EFF4D9D3DDC3FC2BECBE2953BDD
:103B600029B098BDEDC231BE3699FC3C4993E43D85
:103B7000E23A8E3E8988873EFD9D183EF819C93D80
:103B80004734173E0F9EAF3D4A25213ECAF19C3E69
:103B9000DA38F33D9CF6323EC2B486BC3CD8E43CF5
:103BA000967C49BD804EF4BD92C1C1BD1843A1BDF4
:103BB000A9304EBD1FBF433DAF0352BE981E1CBD72
:103BC000B009ABBCE4FB193DF49F05BE01A329BEBF
:103BD000D4BF933C7709B7BD83CB3B3D87E5E03D40
:103BE000821A813D6050C43D38A4C43D1412313E58
:103BF00072F87F3ED0BA563E709C803E7CD1AD3E7E
:103C0000FEE24B3E7D741B3E6E2DD03DA9229FBD32
:103C10004AC2573D5675B73D0303E8BCD81BE23C8A
:103C2000C2562F3E72413DBEE1A072BCB56884BD54
:103C30001F26763D188786BEDD90B53D401E153C9B
:103C40007DCB2ABC6A6F17BDEAAEF13C6D77DDBC57
:103C50008A790DBE6762B2BCCFD5A0BBFBA9073E77
:103C600027CF513EC70F1B3ED183C83D6D3A9A3EC8
:103C70008247243D4318003ED0AF793DB10DC93D88
:103C8000EA49213D6D27513D3C5D8E3D82FB3E3E24
:103C9000665FAF3EF00EF4BD962D003E7A0BD4BEAB
:103CA0009B9B91BCF5380FBDEF28D03D8DD7E3BD70
:103CB000C33A373E58F3EA3B5807CEBD2F351CBEFA
:103CC000F694B1BD257FE93D0B29483D7C55BFBD2C
:103CD000E0E2D7BDCAAB3FBE335F07BD60FECCBDDF
:103CE000EC2B7B3C2A6796BC4622E53D7259393E57
:103CF000AB8EE73D89ACA63EAA20503E200F5D3E2C
:103D00000E5BE63EBAA01E3E1634DDBD0803CBBEF8
:103D1000D80E073D5273BEBD7A28B83C2422FCBDA4
:103D20000D2CCA3D50E529BC5982F8BD58864CBEC1
:103D3000D63155BE97E1A7BD4542CABDA4F52BBEFD
:103D40009B7476BEA2B3B8BE931D4ABEEB4932BE89
:103D500083F038BE16430EBD774F55BDEC69083E63
:103D60006144433D0575A3BC92A5AFBD24D6D4BD27
:103D700019B3973EA358693E2834ADBC249E1CBDA0
:103D8000358CC6BD8F6E6FBE4864D0BD20E126BDA8
:103D900010DDA93D10D445BC142680BD7995B0BD79
:103DA00011B714BEBA8BD8BD13CF13BE42AE85BEB9
:103DB0000B3876BE33B9CBBD7D5C69BE39DD89BEBB
:103DC000659046BEE9D51FBE232413BE6D67BFBCF8
:103DD000EEB9023DBFF2933D156816BEE05763BED3
:103DE000781F523C57C07FBEE4023EBE959544BD4D
:103DF0008165E2BDFDA4283D06BE40BC85D0493D9D
:103E000091C51F3D0BFDB7BC53D6B6BC17DF8A3D2D
:103E1000548BCFBDA7DE03BEBDC909BE1C36EBBDAA
:103E200090A260BDB79615BE53190FBE487F90BED5
:103E30003ECA6FBE493672BED9B936BEF0675CBEA7
:103E40003FF6983D52E3763D27AA2CBEDFAA86BEF8
:103E5000210040BEE52B3EBED2AC12BCEF0A093DAC
:103E60008C90C7BCBDB274BD87DA93BDACA035BE23
:103E70003AD3273EE56716BD3EAAC2BD14E0253DF4
:103E80008620CCBDECD125BEAC3EE8BDE3053EBEF0
:103E9000243546BE564E26BE39CA83BE9B3BA9BEBC
:103EA00045CB10BECE967EBE4E87DEBDBB6430BE17
:103EB0003EE518BDF75918BE322E0CBEB9E986BED4
:103EC000F6138CBE5EE587BEF3B137BEB2A95ABD0C
:103ED00071468D3D823C2A3D3415373C0347A2BED6
:103EE000FEA99BBEF935B2BDDA3FBF3C841E0E3C35
:103EF00045ECBC3CD742E9BD643C703D1FB8A73CD3
:103F0000BFFB3BBE9C89FEBDE6E52ABED844BDBDD5
:103F1000839132BEF7919ABEF19265BE6F2108BEC1
:103F200034045CBDEFD532BDEDBE77BE08117EBE58
:103F300018C6B3BEA8782ABE7F9DA0BD08E4103D78
:103F40004D9CA33DE4D6973C2EB0BEBD87A23C3E1F
:103F500099679A3E04C1943E0085C73EAC1E0E3F51
:103F6000ED39263F05C3263F732CFE3E8797123F4F
:103F700005FEAA3E67FD2B3EF59C3F3E548BE43D7B
:103F80005820923D77B0303CBBBAC5BDC1C672BEA9
:103F90005DBEE5BBAD7B1C3EE43CEB3D1B7C1A3EAD
:103FA00039AF02BDC70CC2BD777021BD408618BDB8
:103FB000FE9C64BD8EC59CBD631939BD5BA5E4BC88
:103FC00040EC773CF00C5C3CCFDE543DB204523EFA
:103FD0003157B93EB979D73E9990C93EB604E53E0E
:103FE000898EA23EA525BC3D4B38323E07F9713E75
:103FF0005F0D0F3FFC1A0B3F56F2DC3EE2F0AD3E88
:10400000CB7D853EF3B5563DC2ABC13DDB46273C7B
:104010003CD39D3D9135D7BC3AE1723D6FF138BD3F
:10402000719282BD802675BB702940BD6815C23C67
:1040300090BCB83D4C565CBD286E8B3D642D363D22
:10404000E1B8DFBCBB99A33D4EDABB3C1CD4B93D03
:10405000023D673D06DD6F3CCAE0F3BDB89352BD3B
:10406000E96BF0BBDC5838BD5226983DA66F33BDD6
:10407000C2BEAD3D0CA983BB0A9A0E3CF340893DFC
:1040800042D55CBD20A4B6BBE032ADBC91855ABD23
:104090008F039F3D542C11BD81F0A93D7C17983CA6
:1040A00083FD60BD783A15BC9055893BC03D61BC2D
:1040B000700BDDBBBED403BD29DDA9BD68959E3C58
:1040C0005205C5BD00EEB9BD00DA96BD19DCB53CA0
:1040D000A56895BD52FF63BDFE85723D06C97A3D58
:1040E0005284763DCBD7A93DB9580EBD926D663D41
:1040F0003B7D32BD6B84903D0050E6BBF39E2ABDF4
:104100000CBB8B3C1BEFA23D86D07CBDDD08A3BD64
:104110006C4F9DBD6C3DC1BDF4F02DBEBC0692BD83
:104120006339E8BC40DDC2BC619F69BD2DD808BEC3
:1041300021D56DBE96E3B5BDDD647A3D5A147BBED4
:104140004611B1BEA49D61BE27582FBEDF81F2BDCE
:1041500041D661BE9250CABD01C762BDBCE104BE7A
:104160000B82ABBDD669043DB05654BC60AF0CBBEE
:1041700030E2FEBB706AD63BECDC8ABDEE6BE5BC80
:1041800004CCCEBD915FD6BD09DA37BE34A73FBEA1
:104190001DEB42BEC1AF7FBEA00BFA3CEB7DBA3D2A
:1041A000878D73BE6A9582BE83816CBE8691953D74
:1041B000A51B5E3E198B413DCB5D18BDE272043EEE
:1041C0001C1A243EF271543DBF4BCA3D3B8F443D07
:1041D000CEFFA0BD070DB1BBFA0760BDE7A82BBDA0
:1041E0008E3F733D269E633DABF094BDD5FB26BC50
:1041F0001E362FBE5E348E3D60E00FBE603EA5BD14
:1042000057A991BE64D516BF8C4DB7BE5C1BBABE14
:1042100054F084BEF21FC83CF4712E3E61DC0F3EA8
:1042200084981F3D3208063E1A8E193E3056EF3DE7
:10423000D404AD3EC59A123EFDDC233E64BC933EE1
:10424000B201F9BD0147093E50A431BEA5FE923D21
:104250002B218D3DAF26153D1EBA483E1D61C13E46
:104260008E12723EA3D5133E015C2DBD01A915BE71
:10427000118B24BE1639C1BE63E596BE91D7CEBD63
:1042800077E1973DDC4F84BD775DE1BDC70A5A3DBC
:10429000F402943D959A003E67B4323EDECE453E30
:1042A0006A54233EE064E53D6D10233ECD9A033E03
:1042B0005B97BB3E450D683EF15A823E328323BD7B
:1042C00001D6803D40EB3CBBDE0D733DC45ABF3E82
:1042D000012D86BDDB4B723EA962773D93AB6B3CF3
:1042E000620D873DFE74B83DC90C283D66EEDF3D8A
:1042F00099E4433DE56B96BDED5DB2BDF2A01B3E7A
:104300003FC9AD3DBEA4F43D31F3F03DEDCAC73D1C
:10431000F0EC86BBF747313EF090583E220BE7BCED
:10432000743F503D35C2463E19925BBEE8F757BE1A
:104330003EDE513DFE34263D760D423D475E723DE8
:1043400051979FBDAC517E3EDFCCFE3DFC032A3E23
:10435000CC5CDA3D52E5823EB1FB733ED192DCBBD0
:1043600092524CBED28A6BBD2E6A3E3D6B2D583D9B
:104370008D24D43D4B1C8F3D6FE41D3DCEC8F23DD6
:1043800045CB1D3EBF824B3ECA28963DF7930F3D5D
:10439000ADD5BBBDFEDA57BD5E4F44BE5E1916BE3D
:1043A0006D10523CBEF0A73E676AC3BD6121BD3DA2
:1043B0007F359DBC8927BC3E5873333E930C163D18
:1043C00045A7073E1E05403E4AAC3D3E03E34DBEB9
:1043D00026842EBE6EBFCD3DC442B43D1CE6573E82
:1043E000EE5E523D4D04CFBB3F4120BD11F9B03DC3
:1043F0005371903E3396903CA015173D36A8BD3EB4
:104400005F4D5FBC2A265ABEDFE799BE704319BDD7
:104410005C6D1C3D670C9A3E38104B3CDDAA983E03
:104420005740033E0272303E5C99B23DDD8B2ABCA0
:104430004AE4733D4FA1273E513508BBD803ADBCBC
:10444000052290BD1F79363AE57412BE7974BA3DE3
:10445000BEC91A3E9A160FBC1A37673DD2FEF43D0C
:10446000209A2DBB0662DF3DB901DF3DFC6DB1BD79
:10447000CB0951BEFB5AF13DC8EA383D521EF23C11
:104480005C2948BD7585B83E3908B23CF0909DBDA9
:10449000747892BD0F65F63DE0B2953EB3F1D53D1F
:1044A000F087193E7CA55B3EC2C7503EF0E6993DC1
:1044B000B3458A3D6542B1BD96B4F2BDB4AECD3CC4
:1044C0009E6A2D3DB391203E03B4093E0C92E63D19
:1044D0001FEBCDBD3F2613BE8A27F6BDE4F1133E88
:1044E000178288BE186B2FBEF1EC74BE2C8D963DE2
:1044F000559237BCB45EDE3D0C884A3E22188CBD16
:104500005596D6BD87AA8DBECEFD3B3D064E953C49
:10451000988A623E03738B3D2DCC473E06B12C3EFC
:10452000C2D7BC3D841F40BD99CC2DBE5C5BD13C45
:10453000D151E33D088E853DD2916F3E3A633E3EB8
:104540000DE05B3CE68182BC37385F3D54DF3BBD0C
:10455000882DD6BE299E10BF349FF5BE8A7994BCA3
:104560008C38893C3874943CF11AA23DDE4CA93D4C
:104570003008413ED164153E4657E23D74513A3E03
:1045800034B9813E0AF9083ECE3ECF3D0B59653E17
:10459000AC8FF73D98BB953C42221C3E8769153E87
:1045A0000BCD74BC14B5113ED1ACFB3D6EC5D8BD6E
:1045B0008D97BFBBAB9A893CD66839BD75F098BE64
:1045C00010DA3BBE6EC6E7BEAC04EDBDB1668A3EF6
:1045D0002F43C93A0CCC59BE22020BBC13D3CF3E99
:1045E000D3F0A73E3FF67E3E63F6B03EA02DA63E3A
:1045F000DCD348BC5AB23E3DAD0D1EBEE60D88BDB3
:10460000804CE0B9B7D99D3D7D75B83D9BC28A3ECF
:1046100071420A3E7392DC3DF0E1943D10D4FA3CC5
:10462000AC0232BCA1DF17BDA64867BE500F1ABE50
:10463000CAF2A3BEDDF44ABD5B79AF3D4B94813E27
:10464000C0876BBC06EC63BEC458EF3D2C326B3E9A
:104650005B43113EF10E9F3E746F383E76CC623E56
:1046600081ECC63B7E7EA13CE8899CBE62E9E3BD4D
:10467000050C3ABE82A6A8BD7E5A7BBC2767FD3DCD
:104680000FC2DF3D3A1400BDCDDA373E0EE8C13D22
:10469000FF0DE23D09EC41BD2DB10BBE135FEBBD3B
:1046A00022EB62BE00E272BB9D065ABE060AEDBD59
:1046B0007F79C6BD4D96F23C01EFDCBDB8494CBEDA
:1046C0001337D23D6668BC3DEF456A3E4ABD8A3B22
:1046D000FA96BA3D087A07BE7B2B5DBE96552BBE77
:1046E0006C3B25BEB8E379BC3AB6913D13F5E33D8A
:1046F000A7BF063E55A6103E3C3525BD2279C73DD5
:1047000041024EBC8CE778BDD81ADABD9825A5BC0D
:104710009E8EB0BE429B3DBEA57E4ABD7C5422BE4D
:10472000711AADBD7D4F233ECF5450BEAEF450BE86
:10473000D2FC10BD1F850ABE91D0853CE8EE3E3C00
:1047400072C513BE1ED659BE972379BE00A325BEDF
:10475000C44C41BDB4E443BC9C4C3C3D7D85433DD1
:10476000A935423C0A0F933D9EE1313ED95D143E8E
:10477000A20A1EBDDA28ACBD9307173E9F853C3EBA
:1047800046B230BE922C02BD10452F3EBF36F1BD61
:1047900079F809BDC0117A3E5C27F0BD1FC3B2BED7
:1047A00094E6D2BDD4CD3DBEBB46F9BCB2C5B3BDC7
:1047B000309688BD99CEBBBCF5BEFEBCC67866BE41
:1047C00068F601BE873A4C3C11E7D03CF1931EBC21
:1047D000280F39BE290EA7BB9C45823C914A4DBD8E
:1047E000BCA908BEAF7340BEE3EA483DD3C938BD9B
:1047F00002AADB3D99B418BDF684393DB91DB6BE99
:104800007DD68F3DFA62DD3D4C1AA8BD3C4485BE85
:10481000EF7811BE12468FBE3B8D21BDA03BA93A59
:104820006CA52FBD239AD2BD5B8D26BEA71E42BEAE
:10483000677A23BDA654043EAE972ABE168BECBD04
:104840001871F4BCF5B734BECA3A91BE1138C4BD74
:10485000825B25BE4DB206BE68621CBE8D8B323EA9
:10486000018D1E3C5251CEBE22DC763E01F2B0BE1E
:10487000873BBF3CD0983E3EB86F873E0A89EBBD70
:1048800066E00EBEECB081BD658205BEF0B686BEA8
:1048900060F316BE665A5CBDA77523BE698820BE4C
:1048A0003068E3BD268C013D5ACA82BEACE558BED5
:1048B000A8D481BDD77C0CBE2C1512BE5517E53B84
:1048C0005A999BBD12FDEBBC20C8BFBDECDE3F3D3D
:1048D0009FB1D43D1BF0ECBE2ACDD73E6E9F82BE69
:1048E000EF91A8BCF35D3F3EDFB9A53B574325BD23
:1048F000198E5E3DDF63CFBD0681C3BD4C1A3CBE41
:10490000208F6FBD957916BE166E24BE74B85CBE3E
:104910000181A1BDDCE18E3C14023DBE57FB81BE8E
:104920002E1CB2BDCD85D5BD816E71BEB8381ABE04
:10493000C6F0FDBD6E760E3D820410BB1D5EDE3DF1
:10494000C01B5C3E489911BF21E606BE9E7261BE47
:10495000C341883DAC05583E93F189BED68F29BE30
:10496000B9BB9E3D5B291FBEBBC7053BD4BAA5BCE6
:104970006610A03CC9E195BDAA0E1DBDAB62E1BDAC
:10498000B16E7E3BDFA8C53DAFB846BD18B572BD60
:104990004FC69EB83C0306BECAFF19BDE63E79BDB0
:1049A000701FC0BDDE425EBD1C5C95BD2BC6C93DFF
:1049B000C35BA93DB36B9CBE5279C63CA2FC0A3CCA
:1049C000914D8E3C34CD20BD227D08BE97E340BE84
:1049D000E9AF27BE67C57BBD3261063CF627323C96
:1049E000CAD4633DD9466EBE0FFD30BE116030BDE6
:1049F0002CCC94BC0A3C7B3D39149CBD6562093DBE
:104A00006A1F7CBDFDD0563DF260353D7D45E0BC62
:104A1000B5C932BEF4FC9DBD0A3899BE78B2F03DEE
:104A20001D9C09BC3420C6BE27A9DABE444633BD4E
:104A3000FF84733B4C2B5BBC51E33ABE31BD73BE6C
:104A4000EB4FFFBDD5AAD4BDF173103E155C0ABD76
:104A5000E3D41D3D9F3FBCBD863073BD8188A43D1E
:104A60007E967DBD4BD887BD25C9DE3DED84AD3D2D
:104A7000A55BB63CAE12143D93E63B3AF9EDC03C63
:104A800026C4FEBC46BF7ABCC773CC3D6F5A3B3EC2
:104A900061BF863E51CABEBD1673F1BE2F5730BDF1
:104AA00040ACE1BB68C7163CEBD44EBE1A5D65BD99
:104AB0006DF39ABDEC9E70BD8E5A073E30F9B73E3D
:104AC0005CF9BE3D241F34BC050E96BCE809C93D07
:104AD0006D1709BD0FB4863EBD7A843EB03F723E6D
:104AE000BDDF453EA4A8BA3E3F50D63E31C61C3E6F
:104AF000DA840C3DC318E63CE73F513D87A1923E66
:104B00002E29E63D9DB72DBE67A985BE5A980D3D5D
:104B1000228C673D546533BD81FCFB3C9D5DB03EFE
:104B2000CE55A53D2BC9C63DB0D4BC3EC34A933E2D
:104B300028F4C63E1FEA3F3D355EAA3DFF07C53E4D
:104B40006579933EC710363E5CA2EE3E326A743EF3
:104B5000E35E113E77CB453E1EBFCC3E0ADEDA3E19
:104B60003AE8D43E5C29B63E0D15873E4E938C3E06
:104B70006AD1F2BD5C9B68BE0F2734BE0628603D3B
:104B80009E76653D42D6333D026E953D6D644C3E4A
:104B9000CEEB2F3E0814F73E5D89CA3E248CE13EE1
:104BA0001212343F6DBD2F3F7956D83EFD26013F8E
:104BB0003E58443FF44B713F37A7493FDDB02B3F90
:104BC00053A8183FB5880E3F15AA273FF7C4D03E1B
:104BD0005C441C3FC633C73E93A6723E64CDF6BC10
:104BE000596312BEC0B11BBEB7BA10BE0090A83A3E
:104BF0002835A2BD0B42A03D4C8A8F3CA2B0033D9C
:104C00004D33253D9F898B3E5116BD3E3BFDB33E46
:104C1000E455A03DD6B7A23E7E31403E4235F1BCC0
:104C2000D706C53E8B00EF3D18076E3E4826163E60
:104C300062E13A3EC90CDA3E5BF09D3E22771F3EB0
:104C400090FEC93EA661C13E9FFE843D6216FCBD3A
:104C50005091DC3D793D22BC4E6EB9BCD00B99BB66
:104C60003BC368BDFAC8D2BC9069B2BB4A9906BDC5
:104C70000AF495BD4B82903DF8441E3E76AE843DCD
:104C8000A0A63E3E7D0663BADC3D1B3E6690693EB3
:104C9000D2DC5D3D4D7C303E6AAA573E5223AF3D8B
:104CA0007378823C47E188BCDCF2DE3DD6DF993C7C
:104CB0006DE0093E49202D3E0F23943E9148A73DCB
:104CC0001995983D78648DBC69A1863D1A65783D3B
:104CD0006E8386BD35188D3DE1C578BD3EDA18BDC1
:104CE0009544813DC04373BC103CF3BB285AA63C9D
:104CF00098ED133D6431003D78334DBD72C8773D6A
:104D0000546E0E3D486DC33C22457FBD6D3A343D27
:104D100043A0953D40162E3CB4EA3EBD60611DBCEB
:104D2000FE564A3D26C18CBDCDB2953D0E017D3D5E
:104D3000FAF0353D0077F1BA8F6D913DFEAB773DCE
:104D40001A76393D2467D7BC30F5CC3CC67564BDB6
:104D50009482A0BDED1FD0BD378A9DBE11BC52BE4E
:104D6000D47170BE062B7BBECD3A2EBEF3017FBE42
:104D70003929D9BE877BF6BE25EB06BEE66414BE94
:104D800086D5D9BEEA22DABE46D1C5BEEAD96CBE06
:104D90001F2CEEBE0F2C5DBE584A27BEC9AB9BBD73
:104DA0009C5B8ABDC0F79CBD5A7710BD4EF1613D3A
:104DB000A4E6143D396B913D09D8123D79E555BD06
:104DC000ED103CBE968FECBDF0D26ABEF04DBDBE7C
:104DD0009F98BCBEADE699BE1F56B0BE628D0ABF9D
:104DE0009E3F28BE97288C3E7EF8BABDC7DD86BEA2
:104DF000F01C8CBE2C991EBEDDE175BEB4A30EBFA7
:104E0000DF27C3BEC5C5C3BEBD2618BEB8F225BECA
:104E1000F6682ABE458B44BE30D73EBD3005033C04
:104E2000728CB7BC3C55913C31D1AC3AC203E1BD68
:104E3000890310BD48240C3EEA65B0BE6E49F8BE39
:104E400075CCEBBE6FC3A23BE0B930BE2255F6BEB7
:104E5000E8BFB2BEB06163BEF6B572BE960E10BEBC
:104E6000742B62BE00951CBEE44AA9BE5FD343BE4C
:104E7000414BE33CA6371DBE3FBB4CBAE6DEA33E2A
:104E8000A203673EE6F7C73D3736333E71E5953DF1
:104E9000A64A44BD4398A3BDE973353D4A7863BE35
:104EA000397199BEDDFD683ECDA7103E21CBD43DC2
:104EB0006913DA3D6441293D9B4D17BEDE4682BE33
:104EC000B1134BBD3316DD3BCFC267BCE4C112BE8C
:104ED0003A2302BEA77021BD800181BE717003BD5F
:104EE000209607BEF80CD9BD04FC343D24A04D3EED
:104EF000BCC80D3E82B77F3CE1CF13BCE7DA4BBEA6
:104F0000005B1BBBCDB69CBD9C8C4A3A527000BE68
:104F1000ECF7653D4F00003F0055AE3ED7D7943CBF
:104F20003B0A163D543BEFBDB29A1DBE948D7BBD2E
:104F300094C3503A15A7993BE64EBBBD389CBBBD08
:104F400037667ABD5AAA46BD7AF73FBDB6AEEFBC0A
:104F5000AF472ABE1BCB6ABEB44B4CBDCE742C3EB1
:104F6000F37A9A3EA168493E2DBD36BE0FD539BEB3
:104F7000313A32BDB513CEBD54565CBEE02A623D17
:104F80002BDF92BE98F182BD284BCDBA2C442B3E2C
:104F9000F5F774BC51C90E3D9AEC75BD405C5C3CA4
:104FA00055A9E73D575BD73CEF4D1EBD6B0B0ABEC5
:104FB000F3778FBD58EA3FBD34C421BE101EECBD4F
:104FC00074F473BC0424F63D9639243D7A9D8E3DDD
:104FD000AE2F1CBE9AED97BD12B3B93BAC1F853EF8
:104FE000C82F383DB0F112BE8D49ECBDCBF730BDB6
:104FF000FDA88CBEB15986BE5C086ABDBC644FBBBF
:105000006357ACBB54E783BD69EA70BD6F07E93CE9
:10501000D00E77BCEB586BBC5B3D9BBCCBA61DBEDA
:10502000C9F1B6BDDF14C0BD3AA021BE445D08BEC3
:105030007E92823D1BBE283E7E93DE3D863FAC3D88
:10504000FE706EBE0BA8D5BEB698DB3D1969CE3D8D
:105050000ECF87BD87612CBD389066BE8C7662BD51
:1050600042DDCE3DE9629A3CDA9BBC3D050C08BCB2
:105070006F52E73D9A130EBD10E2173E91EA9ABCBB
:1050800016BA1D3BC5EC2E3EFF261D3E2B31563D6C
:105090003590ACBDF9E515BD865E3F3DB97232BEB7
:1050A00068D312BE2801F4BDBB857CBE168639BE0E
:1050B0008C8F99BE2E50D8BDD6DDE63D90162BBE06
:1050C000804B8A3BF999BBBD3E325BBC30162CBD90
:1050D000D04C363CDABB163E26EFE73D4339E13D86
:1050E000F8E1093D43DF3ABD2EBC5C3E66BEBF3DE4
:1050F0001FE4BCBCDC680B3DAA93A83C7192CB3D7D
:10510000A25DD43C9EFF223EC3BC603E606331BDC5
:10511000BA4F21BC02BEABBD9F08A6BE607D92BE49
:10512000DF3A7BBE25BCEABD7193FD3C40D04D3ECD
:10513000E05A66BD3C0501BD5A65ECBD579E26BDD3
:10514000B975B93D827EB03DDDABD53DE759E93B50
:10515000A0A52ABD73EC073EE4F89B3D15C3CA3DEC
:10516000C0A2723B83D848BE248748BEF71481BDD5
:1051700082B5383DA97E513D04C84C3E70CF873E74
:10518000CD495C3E6808DBBC615A81BEAE3EBEBE06
:105190005F95A6BE7A44D9BDFF0E39BE2E9B893ECF
:1051A000302D2C3CC93695BC902EF4BDDB584B3EBF
:1051B000D85A31BC247DB03EEBA4023ECF4E553EC2
:1051C0004AE8A03C5139173EE8CD453E611FFF3DFE
:1051D0007C6AF3BC3169383B4537A4BC43F6EEBD6D
:1051E0004B03BABDB1AD3E3E26942B3EA9C97C3ED1
:1051F000B149E43E35CDF93C797634BE7A391ABFEF
:10520000E862F3BEF98B0CBFCF3BE0BD014DAD3E74
:10521000FFCFDC3CDB6249BE70BE0BBE86BECC3E1F
:1052200088072D3E860C9A3E9208173E1ED09B3D65
:10523000B3D6963D4154C1BDD125C6BC8BE897BBC2
:10524000616DE7BC2548B7BD437309BE3D863D3D52
:105250009983083E77D7273EAC5B853E5198A43EA4
:10526000CD57D33ED6AB623E120473BD5E54DCBE56
:1052700004E8D6BED67CE0BE7CF8B9BE209A743E67
:105280002301A33D764916BEF09B5DBDD3D7403EBA
:10529000BF7FA93EE4765C3E09CC883D1C5C713D35
:1052A000B99516BD0C08A23D74B6BFBCBCC723BEE1
:1052B000AAB6AFBD197C1DBE5D5074BD20D03A3E6C
:1052C000FF3E773EF4F13C3E61B6613D5DF8C33E82
:1052D000F023043FE97FA23EF2F0AE3DCF97B1BE8E
:1052E0002E9AD8BEBA02813DB4F50ABF24FC03BE93
:1052F0000EAE34BE010D08BED39360BD327E5D3E5E
:10530000836B3D3E88C87F3DC96E59BC75CFB7BD24
:10531000AE83143D4EB1AA3D9AC954BEB6EB4BBE06
:1053200038D849BE451F0EBA8566D23D75076D3E19
:10533000015D653E9DCDA63D8A7A023D21B7CC3EFA
:1053400049B9D93CA79516BEF25733BEF25D89BD67
:1053500006B1F0BE61AE3C3E163F99BE991BD5BD6D
:10536000408076BD41FB96BEDADF063C521E873E8A
:10537000EEF1303ECA7A82BEE3F414BED67E36BA6F
:105380009CFB3DBC27B05ABD6A925ABE0429FBBDA6
:1053900095F5AF3CFE6FC53DC8C0453EF61CED3DE2
:1053A00082D8D23DB202DF3D219E30BD6470CA3D3D
:1053B000D97284BDDA23CFBEE3FC01BE06AB0ABEC0
:1053C0008ABDC5BE156B5ABE0530C1BEC12E95BD86
:1053D000B51FA13D39280FBEB648B4BDE1BA7CBCAB
:1053E000EC6DD23D994D1BBE819196BE4061E5BDED
:1053F000D8C877BE51DA43BE684BD5BDF32D1E3DEC
:105400006386543D4A0B733E78FB8E3EDF6FBD3D95
:105410001A59C43DD083ADBDADE8443C80B613BE3F
:10542000191B95BE62FEC0BE148380BE025295BE9B
:1054300039F142BEEA9AECBE441B693DE14F8FBE92
:1054400000D5E5BC8EB35EBEB70CD63D975B23BEE0
:10545000C0DB01BE567D98BE32B8D0BE8BC6F9BE49
:105460005FF133BE652B033D3E480C3ECE00223E2D
:10547000F8F2BE3E68EEAC3E9A35763E410DB23B48
:1054800081C479BDBEB020BE88304ABE89406ABEA4
:1054900056007EBE4A7EC3BEBC9ECEBEED96F6BE14
:1054A0001705B5BE193728BFD0F34BBEDEFC6CBE66
:1054B000BA170B3EBE7A173C0CD7943DAC8155BE53
:1054C000CA22B3BEFE56ECBE61E4A6BE5ECDD1BE1E
:1054D00068748CBD42A53A3E2B35C53D5CB393BB89
:1054E000BAE7C53DC89A633E1BFEC83D86241ABD77
:1054F0007B9578BDDF2918BD051A7F3C5EFB41BE58
:10550000922167BE9B379CBDDAA177BE49F54EBF9D
:10551000198C10BFCFEAFCBE0CF7E93DC9EB0F3E7A
:1055200096B8283D91F1383D24B4B2BEACB9DCBE8A
:10553000BBDBBCBEE96FB0BEE02C1FBE75AC50BD7E
:10554000B895C5BC75C94DBDDD6D5BBD0F070ABE05
:10555000335042BD7F54763D361E2D3DD9F56CBD8E
:105560002C2C72BDAABC72BD388703BE609756BE94
:105570004A2CB4BE7E7CB5BD9E5708BE21A7DEBEB8
:10558000544D89BE759F90BEC1AD043ED9A88B3DD8
:10559000ECBA8CBDA044DABD02313CBE5B3F3DBEDF
:1055A000239DE7BE3A6810BE2E5CEDBDBA113BBE2E
:1055B0001FA434BE18A320BE51CF1EBEA0492FBECB
:1055C00071D9F4BCC747C3BD2709823D9493AEBCD3
:1055D0004EEE323E2605193DA415D13D1FF4F0BD17
:1055E0006CCB84BE12956ABE591312BEEEB354BE84
:1055F000FD16343E0D31283EF882F83DFAC7BC3C1A
:10560000CE77493D3FDAABBDBB8C67BE1B35E5BDF0
:10561000959F5BBE8756B23D5CBC023E79F714BED7
:10562000C308573C315E783C27F11CBA5ABF87BE8D
:105630009607DFBD076799BD987FA23D0C05093D20
:1056400073B7013E680E043CC5255F3EC8D9833E52
:10565000B9D6DFBB9A56893D6A9233BD5BC4BFBCE5
:105660008492253E0F24F83D8B751E3D9C115ABD3A
:105670000E3C323D8CB0A03D01F40DBE50DFABBE00
:10568000538B28BE6784243DEFE1213E950C153EE7
:10569000E6B1D73DAF1B18BD15A327BD6CFCFFBC01
:1056A000CFC6A6BDD0C91ABE2B0FBDBD788FAC38F2
:1056B00028BF69BD6690503E76027A3E2FD5A2BDC6
:1056C000A57D56BD1FC1403CC924C43C20F4D4BCB8
:1056D0000C25D43C28D8C83DA47386BC80A984BDC1
:1056E000FC2F07BD16F11C3D0EC592BE969AFEBE5C
:1056F0005CC3C7BE671DF4BD4406893B3835C4BCD6
:105700000855C5BDF4F781BACFDEF2BD147C05BEE5
:10571000943F54BD6B4EE83CEF703EBD6F8B8DBD2A
:105720002A153FB8F7DFC83D937035BD8611D2BD4D
:10573000D1C3563DB17F673EDDE2513EEDD9B73D65
:10574000D2C95BBEB0F409BEE0B40F3E7327993DE9
:105750002A40303D8E99273DD0A26BBCB8B1BABE6D
:1057600050259EBE28A7A7BDCAAD1CBDA1E34FBE54
:10577000E9CBD2BD5AD984BDFA09CF3D0EC026BDB2
:10578000DBE426BE66D381BDFE16DDBD23A9393D0F
:10579000521BD43D87E942BB63A735BEF1CB4C3EDB
:1057A000AEEE0E3E1B0F4B3E637D783EBA48FF3D8A
:1057B000BB6EC93C788D87BDC849543C64A794BC76
:1057C000286A47BCC0F4CC3A33C3DD3CEF56B7BDC2
:1057D0002DA2BB3DEC58CFBC69504EBDB92B493D05
:1057E000BBD1863E47D5D83C2509BFBD4DE5B8BCE9
:1057F000E1529D3DC77EB83DFF58D03E1200B43DFA
:105800006A26FB3CF01A14BED3DA92BE95B78ABE64
:105810003C58DCBDC82B18BD870E8EBDA8B7EEBDA9
:10582000E83A88BEBE881ABEDDACE7BDDF2C6BBD92
:10583000FA038BBDA0B9A43C2626123D723509BDE2
:105840008B8335BD0AA838BEC085B63EA117063F7A
:10585000F749E93EF170F93E79827A3E8127BCBC76
:10586000483059BE3C5546BE016E5F3D16A1D6BDBF
:10587000A2B47FBED0DC05BD53C60B3E729771BD8E
:105880007F467EBD4AEC893E1EEE903E8EF2A43EDF
:1058900007B2673EB53508BD0DF097BDB83655BDAA
:1058A0009C51E43C34E18C3CCF6023BDD438ACBD8A
:1058B000B4978DBDDD439E3CCD9A84BC652C803D64
:1058C0003DF2AC3D425F343C576FAF3DB301703D9C
:1058D000E2943B3DDF76A63D3A87B43D91B5983CD6
:1058E000602C643D6A87433E0A2B9D3DA26E593E63
:1058F000D080923E9AD3CB3E4AB9C73E878E463E71
:10590000988098BC20F2D5BCC5F14BBD6B47943D47
:10591000896599BDD0FCA93B0EB6EDBC11B50CBD97
:1059200012C44A3D886678BD04DCDDBC80418E3AF5
:105930002882AD3CEA1C633D96212E3DCEB703BDC7
:1059400090E27F3DD2775EBD166386BD033A85BC8B
:10595000BF328F3D463210BDD06191BD775F54BDDF
:1059600038B451BC8C3EEF3C49798C3DFB95A03D51
:10597000E6AF7A3D1BD4A9BDE09F39BC28B95BBD19
:10598000EB3391BD78F093BD35CDA4BD14FABC3C8A
:1059900081D191BDFBA56D3DF5CF05BE68C4EABDC3
:1059A0000F2B55BD6656BC3D0647AA3D9843F73CB4
:1059B000B1A0393D4CB854BE753AB2BE9DBDC8BE0B
:1059C0006E0F3EBE3B3868BEF2C0A33C8B71443DB7
:1059D0009929C5BC96443C3D6D1695BCBD6E82BDF3
:1059E000A46E123D7C8DFCBC00B08BBB605F8E3B17
:1059F000DD88A63D568C403D03BC0DBD8228EDBD23
:105A0000D48E49BDB74E8E3DA355663D36C0B0BD60
:105A1000745C1F3D8EFE4B3D2AB23E3D5E8D8E3E38
:105A200016F08A3C71E030BDCE5F8E3E3C2478BCDF
:105A30005481C7BE88115DBE52877FBE806DA4BDF4
:105A40007DDF02BE90FA35BEF5FBAEBDA9E482BE95
:105A50008CCB6CBDFA94DABD006B503BB36A99BD38
:105A6000D1BF86BD83F4A1BD74946A3DB0B8EEBDCC
:105A7000AB35833D978A733EB48A9F3EF9ABC83EEF
:105A800084C8BB3BB36E12BE25D9D3BCCA136E3ECD
:105A9000CE4F63BD91670F3D852DE73E9B3DE23EB6
:105AA0006B72563EB01C163EF720B03E2CD1B43D72
:105AB000A983D93DFCB89D3E600BB43E8F424C3E5D
:105AC00041241A3E22C346BEAFF6C33C54E19E3C7D
:105AD00024EF8EBDA8294C3D129FC5BCC69A26BE98
:105AE0000CD1373DAB5911BED01B11BDDC82193E24
:105AF000945A80BE3B3BDFBD73B207BD7F6326BEB9
:105B0000C875463DCA87DB3D0522CE3D6C912A3DD6
:105B1000ECD9683EE2CA2A3EA221A33DFC98703E21
:105B200069167D3EECA9183FA4E46C3EE5A19F3EBA
:105B30008364903EDD3FC3BDA7A266BE9167903EE1
:105B40007ACB58BD1BF4AA3D5EDF20BE50AB1ABE17
:105B5000B8C09CBE2F36B8BE152A25BE87F8EDBD4D
:105B6000EC2E053E0B8C383E36BEB03C52BE0B3D93
:105B7000440FEF3D6D50E5BD1F64993D692B2C3DF1
:105B800004F59EBD84D4ED3DC5D9253E835D613DC0
:105B90006E2A3E3D1C9AE03CDDE4B03D5B1C4C3E71
:105BA00019CE703E469100BEBD92323E0751AB3ECB
:105BB000D86A84BC941A0A3DDEAE2D3DB45316BE9D
:105BC00085A5923D0284E83DFD44E8BD9BDAD2BD47
:105BD000CACC66BD600CABBDF14765BE8B963EBEC0
:105BE000C8CD88BEE2F376BED1396FBEE8FCAABD4F
:105BF00003FC39BEF65984BEDB67C4BE6D4C47BE9C
:105C0000E8D16DBE86D58EBEF02919BE0824D23DDE
:105C1000D52C913E48EE97BE9BE55B3D959A2DBDF8
:105C200001FDC1BC4AB450BEF365FB3D532EB5BC6B
:105C3000E356A3BD8A4F973E77EDEBBDD483D03DAD
:105C4000786C98BDCE7345BD7AFE64BE578B13BE8B
:105C5000F1AFCBBE2C358DBE265100BE876913BE79
:105C6000AA4647BEED1239BE468ADBBE5D9FB1BE75
:105C70004D3B5EBE3FF9AEBEA86837BEABF05CBD23
:105C8000F28DC93EF31E8B3EF007843EA052B23C1B
:105C9000558AADB81423BCBE37FB5C3E237AB43AB8
:105CA0003A670DBBC3F4CF3D5DE2D3BC173A41BDAB
:105CB000F09A0ABE8E9A9EBD72E617BE15BCB1BEA2
:105CC0009CF680BEC0935DBEED8D88BEEBDB0DBE45
:105CD000946B85BE674C8BBE03C364BEDBBB75BED5
:105CE000F966B9BD6AFD29BE95D083BE6855233ECD
:105CF000FCFFCC3EFDBFE43EADF149BD89D940BEBD
:105D00006B13873D319145BE18735D3E44D34EBE43
:105D1000125591BE8BF886BD4A8593BBEE8AE4BCD2
:105D20005378D6BD650134BE682397BEE77A86BE38
:105D3000FEF094BEC07395BE7B7A41BEFAF665BE96
:105D4000C6365DBE652388BD882E31BDB195B43D94
:105D500064C8FE3D8EBD35BDECD94BBB94EACD3D4C
:105D6000CA1E7ABE1D4998BE6DA828BEFBC47ABE65
:105D7000478B0F3CF47B99BDDC5F43BC93590EBE4F
:105D8000012D0BBEA9DC99BD2871293CFB270EBD56
:105D9000D85EDDBD89E02CBCCDF375BDEE9948BE63
:105DA0009F28E7BD25F68FBE234788BD4983A23CC7
:105DB00069A6143DADDA063E77BABA3D77A90D3E25
:105DC00086EDF6BC721C1FBDCD2A463D0ED720BE07
:105DD000EE25CEBD769F5FBEE7F829BE538382BE17
:105DE0006DEF2BBD19A277BD57CA01BE0DFF113D46
:105DF00062817ABE1B051F3E71E63A3D593691BD60
:105E00000607943D2E05353EBBFFA93DDC9FEBBC4C
:105E1000AF8B13BE49782FBEEA4AD63DCF89243DC9
:105E200084660C3E351B74BD6893483D3BC4553EAB
:105E30001B9CF5BD054F04BE752DD0BDF77295BEF8
:105E400058EC91BDE5CA9D3C543E30BECA3D2FBEC4
:105E50008510ABBCC0805A3D436E82BED715183E3C
:105E6000106C9EBE5854ED3DDAC7BA3D9432C43D25
:105E700044E0E83D220FDD3DFB365C3EECAA8C3E63
:105E8000B185673EBE2A233EF56A58BDB9CAFF3DBB
:105E9000C1C5A73D3E359DBC3AA2B33D8FB4253C5C
:105EA0006236913D0C814DBC3E0B3D3EC53690BEE9
:105EB0002AAA563E1AB0223ECA308E3B848D89BE35
:105EC000844FC4BD18E942BD753E32BE9B185A3E90
:105ED0009414B0BD3A5B3A3E8DED493E9EF8173EB4
:105EE00041D7A23DE5BA633E60E1263E4E796F3E62
:105EF000AF7EBC3E6BA9193E838E713CC53A183EFD
:105F0000499D003EBB743F3D3A12E63DD7521F3ECD
:105F1000EF5FB23D45CBBB3DD11F2B3E8CFF923D89
:105F200027DBC53E753F913EF05B973E6AF0FEBDB4
:105F300071A5ED3D2676CCBDF7D500BE9177123E1A
:105F4000B42564BD72C0623E583B2B3EDA2D0E3E36
:105F500004428E3D1B1C603E3FE1023E364A823EBB
:105F60004A34743E31E4973D11C0B3BDBCE2DE3D1E
:105F700070E9B53D6F5CEF3D0C24F43DAA78E53D3A
:105F8000E54CCE3D1F165CBCD4173E3E11482E3B5F
:105F9000639FA03E87BBBE3E0F1149BD507FCFBD62
:105FA000C2D6A83D62A716BEF99A893EA8DC773E04
:105FB000332507BE4619603C7F4F9ABDE5579C3D8F
:105FC0001665C5BDADF5043E5959023D352B423D20
:105FD0001C580E3E68D0DE3D83BF213EABCB523E07
:105FE0008DCB083E3728CE3D82DBD33D29C22D3DE7
:105FF0008FC4BFBD5CF7113E6C44733E6D9D5E3E29
:106000003AB6BABD59AC803E3F3CC33D9F4C08BE3A
:10601000796327BE4CAC82BED70A8FBEF733B23E3F
:10602000C37973BB63EA7F3EA09BD43D85531B3E7F
:10603000B924D23D3E4EE1BCC3C9CC3B956A10BEEB
:106040005BAA673C4AFB33BDCAA6373E2A0D463ED3
:10605000E1476D3EE5FD9A3E5261323E2890353E65
:1060600053C1193E3E88533EED428E3D78F26B3E61
:106070004CE0A5BD90AF523EE852E6BCE6575EBE8E
:106080004B8F32BD7643F6BDA542433E2A6C05BD1B
:106090002B03783ED7178A3EB8415B3EC8C98D3E78
:1060A000C9EC1C3E49EA1F3E80D6FCBC23818BBB59
:1060B0003D5209BE3CC4ABBD8D0CC93D182EA93C58
:1060C000331D78BC0149EC3DAC0A053E1E3EECBCDC
:1060D000DECD423E37C6863DC3BDF8BC6A9F5C3EFE
:1060E00025067CBDB18374BC1FCC41BE88C735BEBC
:1060F00004ABBFBE6930F3BDAD5EBB3C567EC1BCD8
:106100001DD8C53ED9E38D3E31EA193DE5FBC23DC0
:1061100054EE0A3E7169A8BD03E12BBEAA59E3BD46
:1061200051B7153E87FED63D8E59033C0456B53C0B
:10613000EAAAD03D5797873D85449D3CE1F5B3BD24
:10614000CC720ABCA87D0CBE89695BBE8E6ECD3D4B
:10615000B21A63BB225D2FBEBFC9CDBE7D6560BED6
:106160002F349DBC97DA68BE2EA6A63DDB65593E4E
:10617000EFD7993EC2F00E3EF8AD8CBDD268FFBDA0
:1061800091088BBECF7E9BBD9C0D02BE1BFFE43CE5
:10619000F0A063BD0F65833DF9672E3D40AE843DA1
:1061A0007BDD463C30E68E3C5F5845BD19611DBE27
:1061B000BECB2ABEF0B824BE7C9466BE2E7340BE11
:1061C000F3821CBE1B5E37BE92460EBE86D171BEE8
:1061D0008647183DEF6A81BE62CF4B3E2815F63DDB
:1061E0002F1E0FBE1CD4F4BD1FE431BE49408F3DAD
:1061F000925CA8BC6709053D8ABB073D4429283E3F
:106200009DD78B3D98EA80BDF6D0C4BCBA702C3CBB
:106210007EA1213DE4CB04BD0028EDB433BDBABE60
:10622000A27575BDE2F8053CD0749BBE3AD789BE15
:1062300014B491BEB2E19FBE29861DBEB2DE87BCFA
:10624000AEB406BD189B68BE0B01ECBEF03234BB89
:10625000395C41BEBDA515BD6ED495BE7CD8E5BDEB
:1062600063E6F03D70F7143E191FEB3C6D240F3EC2
:106270007793ED3CFD96BF3BACD83FBDB732043DB4
:10628000C49814BDAAD71F3C241D46BDF15586BE37
:1062900001D2FB3D1AD175BD814994BD83C777BE3C
:1062A0005487BABEF9D981BCAFE9933E2940A4BD59
:1062B000C0C031BD642139BD86F449BD9CAD54BE1A
:1062C000133036BEE54E00BF4139EFBE415501BE29
:1062D00094933ABE4375CABB4835CF3C7F10E03D2E
:1062E00003A8493D261AAF3DEA064DBDDCB1ADBC61
:1062F000047D093E9B8B223E6A3604BE7735FC3D09
:10630000E7EC45BDB01BBE3D315C88BEFB3503BF2D
:10631000B9B4D7BEF5ED60BE6A93D83EE439973D77
:106320008EC87FBDEAF362BDF7286F3DB9EF033E2B
:106330009063343E45AA02BFDB976DBEF67FB9BEBF
:10634000450C4BBDF2F6E3BCAD733EBE3FDBA5BDD5
:10635000501E6ABDCC5BE7BD91A938BD132619BE9E
:106360005C6616BE6E1449BEEAC91BBDBCC997BDAA
:10637000875E72BD5033D13C7D3DD9BE9ADAD6BE20
:10638000730B17BF3AE840BEC0422D3E464D47BD95
:1063900061C219BD7016703C8CB79CBC4E20553E36
:1063A0000061A5BED9FD76BEFA8399BDCE1A5CBE4A
:1063B0004BCB31BE0A8A27BEC9C55DBE428D56BED3
:1063C00031D50CBE63C843BE809E56BC3EA0DCBD2A
:1063D000CE38B9BDE43B02BEAA3430BE863F5A3B3C
:1063E00056069CBD2128FD3CBC6260BD6E93A3BED9
:1063F000BF5BA7BEC352AE3EF170D13DF976993D69
:106400006C4B6ABDBA7B293DE733F9BD64D5153DB8
:10641000D260CBBEE210B0BE594A17BE28822FBE52
:106420008BC2C3BE3CE392BED4DC99BEB5FB0FBDAC
:1064300076372EBED4F8A7BEE9E2DFBD71BF15BE28
:10644000E6235ABEF81088BE54A772BD41072EBE7F
:10645000DBBA0ABE9CBD02BE46AFBD3D3F25653CD2
:10646000D453A6BE55FB40BDE584753DC4889DBD93
:10647000F8D4D43CA009FB3C97F160BD5B625BBCE7
:1064800021B3A1BDAB68B7BE4A90EABEA31218BF44
:10649000211F10BF282155BFE9330FBF2D9103BF26
:1064A00093C4B4BEC302E4BEFB37ECBEEB4B05BEE7
:1064B0007F1A97BEC777DDBE296314BF9E8B1FBFAF
:1064C000690608BF883FF1BEEB8AAFBE01814FBEAF
:1064D0009766AFBE05A76C3DF19148BDF6A7183D84
:1064E000B2F02B3DC8FFD83CC85894BC7903AA3DF4
:1064F0006A2A9BBCC655203E200505BEFEB000BEE4
:10650000FCEB3EBE36CC83BEF5B191BEBFD5B6BE68
:10651000E3CAC8BEC22110BFB0A1DEBED00D97BE77
:10652000AEE0B2BED20257BEBB11BBBEEB4D04BE45
:106530001A26073EFDE0F23D40D56B3D587BC03E3C
:10654000E40398BDB4970EBDF03A00BD8A882A3D99
:10655000EC5667BDE684143DE4B5DABC643EF23C1B
:10656000E60234BD89C017BDAD9F8D3DDA394C3D83
:1065700080AAD1BB84556ABDFF2FA13DA5DA2FBDEE
:10658000DEC6BBBDBA4A87BD45D81A3D14F7B8BCB4
:106590001F4B9CBD36A2A2BD5C5196BDDA844D3D19
:1065A00002D1D2BC2C9A163DD44764BD9C61C63C36
:1065B000106650BD2C26D2BC478721BD2A58633DAA
:1065C00009FD8C3DB62C8DBDE0AFA0BC00C4B6BAB1
:1065D0005930753D049946BA5126B03C5F01B93C2B
:1065E0003318E5394AC0213D8CEEE5BCA40B28BE2A
:1065F00023A37EBEA6EA52BE0FFA333E3FF9673DA3
:106600002C8F84BEB63B8DBED7AE9DBDDEAAF8BC36
:106610007AC68BBD01D804BD5EBE0ABE3B94D6BD12
:10662000C009733BB0A03F3C4004313BD8C8CA3CD2
:10663000193A993D11C1893D5240ADBD0C3D8BBD0C
:10664000F0E6C9BDE5B7063A7361FEBD20976CBEA2
:106650003BF317BE37A7E9BC272D3B3D1A47A7BD23
:10666000806960BE751F163E10829FBD205F063E8A
:10667000BA6D903EC38D443E5069843E87E85DBE4E
:106680002C6E97BD5B5802BE49905DBE748214BEED
:10669000ED9E25BE98B9B6BC4B24913D3B34803D60
:1066A0005C189D3C00D182BD5C335E3D56AD19BE89
:1066B00004AB2EBDB9D20CBC7180623D05DC62BE5C
:1066C000137755BEB756893D1E02AA3DC95D84BEEB
:1066D000128CE8BDF0D6193DDEC07ABEC77908BE7F
:1066E0009231CDBCC0B5333D8FF79C3E2A8D1DBC89
:1066F000A6FDE8BCCDD3473DE2B374BD6DBB3CBE47
:106700005B06D5BED4599A3C5FFE8ABEDBC59DBDF3
:10671000883B133C02924FBDFC48ACBDCA933DBEC2
:1067200050DF1D3D3B4435BED69914BE832AA4BE1E
:106730009139CABDADF50ABDAB1C8FBE9B8684BE28
:10674000FB336ABEC698C53DEC1F183E8747FFBDA8
:10675000B4F428BEB8455A3D284A8B3D61049BBD20
:1067600083032C3DF0C04F3C57488ABDE95107BD1B
:1067700067E5F6BD89AE92BD6D45683E41DB3CBD27
:1067800020628F3B179EA43D9510813D8CE572BC25
:10679000FCF0B6BD1963053E31C8A3BD005D333DB5
:1067A000186346BE0205C3BD78D073BE10DC13BEAD
:1067B000FA3456BE203CB9BC40889BBDFEA360BDE8
:1067C000B5D174BD91DF00BECCB649BDF68CC93AD7
:1067D000888EA83DD62E0D3E2DBD543E996045BDF8
:1067E0004B59D8BDE92C02BE8A871BBD4D2B11BE6B
:1067F0009E35453DC07C04BE258D7C3E095940BC7C
:10680000BE8CD23D25B136BD6B20AD3D4B91173DC1
:10681000C55041BEF5B767BE39804CBE979173BE77
:1068200093306EBE8F0772BED01C1EBDBCC812BD99
:1068300083C11CBE62BDE23DC1B96E3E6B2D8B3E75
:106840005A12A33E7B89F63DF3154BBD52A0793D0C
:10685000434334BE1BB18C3EC157F6BD022AAEBDC8
:1068600038AD933D6911183E642EA8BCAD2011BE11
:10687000ABDC2D3EA6C8DFBCFD933EBEBE2377BE7B
:106880007AF7CEBE6703F0BEF3E70FBE2E4FCFBD43
:10689000B7393CBD0E5B13BD96FF98BD1E8A77BC11
:1068A0002383DD3CAAB6A2BD01BAE63D043C703E9E
:1068B000A5D9093E42199D3C1BF675BDBEAEB13C43
:1068C000A5075CBE11B183BEACF7643EC711F8BD2D
:1068D000008643BDA116583E2E4ECABD751F28BE68
:1068E000C815893B57E688BD5686AE3BAED879BE03
:1068F00026B1D6BEE2CDB3BE0A1D15BC81CB1F3E6C
:106900003FAC4D3D9072FE3DEC54CCBB12AA2FBE65
:10691000A8222C3DBFE7203E015A8B3EE03A0D3EB7
:106920005D797E3DFBEAD23DC371133EDC56593D95
:1069300052A8F6BC7C00E93C43C5563E0C9F2A3E5B
:106940008B86E23D190A933EF8D888BE3CFA8EBE8B
:106950005216B3BDB75D74BE1EB77B3D8B3ACEBE3B
:106960006FB58EBEA47389BDEDDA57BD41CE393DFA
:10697000173B043E65E7263EACD1B93D3F03C7BD9A
:106980005E62BFBC1383853D458C9B3C7D8E2F3E54
:10699000A848943DB246763E26DC363EFAF34D3D9D
:1069A0003D093E3D625D953E13ABA53E77D4F4BBF9
:1069B000A178073E83F1393EDE5FF9BD81F08FBEDD
:1069C0007DBA25BE826F24BECE9A5BBEC0029BBE3E
:1069D000F8CF78BDEF0233BE5801AC3DB602BC3DE6
:1069E00068C1C83D445F453E17566F3DCF606B3D63
:1069F000D260973C1898DBBDCE8451BD3090A13D4C
:106A0000B989233EC36CD0BC930CEABC96BEF03D62
:106A1000FD26153E5A40B73D5F61EBBD37B6EF3DF1
:106A2000982586BCF4BAC53D9EC27A3EAC0ADDBD4F
:106A300072A1D23BEC1A9ABDA65A23BE71D2F03D88
:106A4000D62372BC1E780DBD970B2EBCF286413E3C
:106A5000C551D33DDDF1713E487A6E3EF3C4543EDC
:106A600038E0003E1091853D0DA38F3D556C7C3B79
:106A7000A7712F3ED0DD043E35996E3E5178873E9A
:106A80007801483E659178BDAB86893EB53F0E3EA4
:106A900067FCC83D0113A4BDDA127E3E745FF53C6D
:106AA00064D95A3E71C5743DD921DB3D9BB7463E42
:106AB000A0BE3EBEF692F5BB6AF916BEFE7857BD83
:106AC0008987F7BD55F946BDD898C23D8990A03D4C
:106AD000FB6A2C3D3306C93CC6D6823D767629BC7E
:106AE00068ED423D257E003EA2343C3D876B753EFD
:106AF000BAB66B3E5D2E66BD2816873DAA12A3BDB1
:106B0000BAB1723DD0F374BC09F01C3EE05DEBBD40
:106B1000D411EDBD01FCB33DFDFEAE3D788ACA3C0B
:106B2000DCBAFEBDBC5F2EBEE07769BEB13770BE79
:106B3000A45C35BE8C2704BE70E07B3C5F930F3EA7
:106B40005AC782BC74957BBD3BC35FBE974B82BD69
:106B500036BC64BDB2D74ABC69D59BBD8CB7D9BC25
:106B60002802FE3D2F1FFB3D382D96BDFAAFC7BD55
:106B70009A950EBED3C2F3BC61883E3E985B4ABE76
:106B8000BD76133D192C21BE5AD2B2BD642DB5BDC0
:106B9000336A55BD2CFC78BEA4381FBEF68DFBBDF4
:106BA000778A96BE6D048DBD8866AE3D3179413ED3
:106BB0002243F33D53E8C2BDDFB885BEB53B5DBCA3
:106BC00069C8673DB180C7BCB888C1BE3A7A7FBE8C
:106BD0005E0099BEF709ABBE11DE5CBEFCB98FBD8D
:106BE000044E1ABE52816BBD900A99BED0B4DB3DF3
:106BF000BE1D9D3DC63CCB3B17AACE3D3159253E1F
:106C00005B82A63DA5CD4BBEFA5AA9BDF1A9B7BD81
:106C1000115849BE00F1883C5E38893D2A4C3CBD84
:106C200081F1533C116829BE58964ABD7F3D21BE73
:106C30008A3522BEA48580BE767CD8BE3352E7BE9C
:106C40002718F8BEC69E98BE81EBE4BE6EA21B3D1F
:106C5000DD0D02BE1D372CBDD455EABDAE1BA13DD6
:106C600055FA33BE7D793D3D3BFD5A3E3D573B3E97
:106C7000D5FC243DADCCE23CD1E985BD3D903EBD87
:106C8000AAEC1FBEE439AABD799CD5BD41192DBD22
:106C900089B73C3CB18D4FBEACB69DBE49F194BEA8
:106CA0009F82A3BE52530DBF5D987DBE6BB8FFBEE1
:106CB000732906BF0A6EFBBEA64E0BBED93BF4BDC0
:106CC0003A1F593DE9C5BDBD88DE26BE3CC0A8BE01
:106CD0003CF3D2BE0CCA23BE3310493DDA64E93C12
:106CE0008D4BF03C8C1B433DF85467BCC82C8E3C4C
:106CF000D9ECA8BD1DD8AFBB0C29CA3C879C793DF7
:106D0000E0B210BD9216F2BD6BC740BD677E8DBE6E
:106D1000A0A33FBEA7DF0EBF1C5C73BEC41BABBEEF
:106D20007F00A9BEB67881BE3134673C4F6D91BEFD
:106D30005B2C9E3E03779ABD1B9F0F3DF5811DBFC7
:106D40000240B3BE9D32ACBEBF57E6BC972C723D2D
:106D5000679F16BDF04F9BBC5BBF71BD4484493D2E
:106D6000124CFA3D5666163D6A1E0B3DD5025BBDC0
:106D70006D1A21BEFEC6B23DC5D7123E78187A3DC7
:106D800004FCB8BD9AC0DCBED873FEBE121EB3BEF2
:106D900066AEDABEA61239BEC606293E5DA39FBE08
:106DA000136A84BDFBA618BE6A21903E45BD2BBF69
:106DB000448E83BEA731B7BE1B8D54BD945A9DBD72
:106DC000F5479F3CE872ADBDBA45383D59E8C2BCB5
:106DD0009AFC4D3D73DB45BD340E743CEB6928BD18
:106DE000FBE6073E1F8A313E4A71FE3D3E8FB83DAD
:106DF000AC32A7BDB54A3FBE4822D2BE859C75BE07
:106E00006712C0BE349072BBE3EAE93D31842ABE0A
:106E1000D146923DC5521BBD43F9BEBD796F15BF2A
:106E2000B3B7A9BEA72C1EBE33A4F23CC7B2AABDFD
:106E3000970119BD65B44FBDC7AD8BBC5312AFBB35
:106E4000D9818DBD01BCC9BD8E404BBDE623723DCD
:106E50003892173ED1B83C3E2734483EC419693EAB
:106E6000AAA28EBDB20066BED72387BDADA366BD04
:106E70008F0029BE629341BD600B013EEE04253DAB
:106E80007028803D8C0264BE33E72EBE80028ABE2D
:106E90006EF124BE1E1194BD0140B7BDBE4CF2BDC3
:106EA000DE39D7BD8AE19CBD0DD86D3CD61F7EBBB7
:106EB0001B22D23D0B5582BCD52A7CBD7709C03D33
:106EC00037D875BDFE95253E0B2A073EEE63383E4A
:106ED000A3F1F9BD8BDA4ABED0A781BE7CA3ABBCBF
:106EE00086C296BC07D7BA3B3F6E87BE674A233C33
:106EF000654C723D8DF1A43DDE4EAABDA58133BC2B
:106F00008BB7703E732AF13D62A9383DC7259EBDFF
:106F1000BC500EBEB4444A3CB4CB6D3DF3F71ABD31
:106F200043C2D43D1D78253DB11E6B3E9EE0863C9C
:106F30002A0E263C0859603D9EEE843DDD78C2BD98
:106F40004E6235BEB2CBA8BE3C1D1ABDEC6E803E73
:106F5000BF25DBBD49BBB83C29AB9DBE1E3DAEBDC8
:106F600058121A3C70D1923CE28B2FBE41A584BED0
:106F7000BD50F43DE9FB1D3ED352F13D9199C1BD99
:106F800032F439BEC3877EBE6DBB1FBEFBE63ABE80
:106F90004B7B4EBD6375643D03FDBCBCB6D6653D01
:106FA00064F32C3EFCBB33BEF7FF2EBE34C1A9BE3A
:106FB0002914BBBE5EBAC1BEA0D24D3BB4EB6B3E42
:106FC000455034BE8B2674BE2C1C86BE78D2A23CA3
:106FD000434C40BDE58A9E3D7ACEFBBDCAB198BE0A
:106FE0005403ACBEF569473C7A414A3DD39CAD3D64
:106FF000D47EFA3CB4CF45BDC94A103DD5767C3D20
:10700000CD6DFFBD0857B0BD37E116BE223BCB3D6D
:1070100071CCAEBD200659BE0A3799BED5DFEEBE93
:10702000ECA0CFBEA64DABBE38CC52BEF1C4133CD3
:10703000C48650BE29B8ABBE66D03FBEAC50C33C80
:10704000FE3421BDF71815BDB67FBA3DFD601B3E6D
:10705000307D963E2E22433E2494C53DE27D053E82
:10706000F849843EBAE8E23EDDD37A3E3CE8F53D9D
:10707000391A4B3E3B57893DE5C10A3DD1CEA33D70
:107080001CFD373E30C58E3EE215DA3DF72DC83D7A
:107090002775103E757483BDD96FCBBD87C12CBEDB
:1070A0007F6284BECF05C2BDBBB8E7BD9A7D653D9A
:1070B0000007C1BA43C3A13D054525BD6433D3BB19
:1070C0003D35133E31B9CA3E5668ED3E3DCAAA3E33
:1070D000699C933E7ED2FA3E982CA83E64ADD73D83
:1070E0000232213ED27B853EE47DE23EB2E8753D30
:1070F0002E65873E413DEB3ED6C3D83ED1DCF93EFE
:10710000A7229C3E86F9563EB022123E3FD835BD9E
:10711000D71EEABC24162BBC737C893D30C2F4BB5D
:10712000A4DEC73C50708C3BFA051F3DA08A92BB81
:10713000F3D50A3B5CD882BDEFEB233E39A1F63D87
:10714000A21A7A3E6A92223C8EFE7C3EE0EC6F3EB2
:1071500016DE373EB366F23D9157083F0725963E4F
:1071600071F0EC3EBE5A8E3E961A573E422A8DBCB6
:1071700076E7A7BD40AFD93D5DE20D3E70590B3EAD
:10718000F95D0ABD78F156BCA03F1BBCE6CE4D3D73
:1071900084C8913C9C1041BDF45D273D0AB03A3D46
:1071A000AA9C623D409383BC2FB65DBD4ED297BD75
:1071B000003C49BD95B5813DD0D2FDBBDE3802BD56
:1071C00097DF303DB375DA3DBF3D2ABCF2BAFC3BD8
:1071D000AE7F8BBD5B519C3D68E218BC05A986BDA6
:1071E000886549BC1014D83BE920A03D60C6023B2D
:1071F00068A58CBC4005D7BB47B0A53DC06DADBAF6
:10720000148D51BD93F94CBD86EC5A3D043DD3BC61
:10721000861E3ABBA4E89D3D68F9503EDF5A643EA5
:107220002027063E6ED7A63D1EF3063E959B073EE1
:107230008DE08C3DCE7CC03D5D16533E190184BE71
:107240008B10B9BE0B6DC5BE4490AE3ED18C903E46
:1072500005D8953E6D0D873E99C7303E4E4F7D3D1A
:10726000ABB4A93DBA0D6B3DC8CD193C80ED56BC01
:10727000D6100DBD1C0304BDD77089BC349D4DBD17
:10728000B07AE83DF19A443E36F60C3E0B13B53E1B
:107290008F42C33E4F13EF3E4498653EED97EE3D5F
:1072A000D65E6A3D3022953E752FCD3E88D4B53EE0
:1072B000CABB92BD263FC83D337E833EC54D843E4A
:1072C0000699703E30B76A3E7776293D5D53423C61
:1072D000A6F6573E04A0073C307F28BC239B2CBD5C
:1072E000DE087F3D9A4186BD75C612BBEE31713D09
:1072F000CE011A3DCBE0163CABB4393ECCA1E7BD84
:10730000C6FDC1BEE5BDD43D4C98BDBD818C3DBE22
:107310005FB98FBD8E0833BEEB7722BD7E78FC3D12
:1073200094E5463D9E1BFC3B54F1E7BD0CCF28BDC8
:1073300022BAF1BD9A6DF2BC4DC208BEC9FEB1BD04
:10734000B80EA3BD21FE3CBD7DEFB2BD4078CA3C66
:1073500040AA55BC30D0A6BD865952BE7E2D81BEF6
:107360001464383EBB43BF3DA91B3CBD17820DBE14
:1073700044C091BD10AAAC3D2610A13DFAF734BE21
:10738000C1169EBD76CD533D3EDA0E3EDD4FB0BDFB
:107390009C37A0BCE83C263C252456BEA45F393D62
:1073A00011650ABC9C7A723D6D6FF93C7C4D293E9B
:1073B00041DED9BC7E1B6D3E86C2A9BD828F81BDD8
:1073C000523D96BDB756A53D7BDC193E2921A0BE96
:1073D0008BA3E33DA6928D3D126D623E404DBD3DB7
:1073E000FA51BEBC9BEE3FBEB83970BE3B4CC1BE2D
:1073F000E700D4BDAE4328BEBB613C3DEAE6293E72
:10740000CF11E43D020C5C3DB013A13DE73CD43C00
:1074100061DE393EACA47B3E84974C3E2C33B63EB5
:10742000736BB33ED3AD8A3E8F1BB6BDB8F07C3DC7
:107430006987A93D73A827BEED94DCBD785415BEBD
:1074400051501BBE02C326BEF5477F3DF6610EBDFF
:1074500023792FBEDEAFA6BEEF2833BE841128BE2F
:10746000B42038BE99D8C7BD539C893D3969DEBC6C
:1074700084DAFFBDDF1984BE0D6808BEDA2D90BA2C
:1074800005C3643E88A1BE3B0D28AB3D4FF1FDBD59
:10749000CDF7CEBD25B3C5BDB3113FBD5D541DBCF9
:1074A00050F53CBD860FD8BE265448BE107BA4BE06
:1074B000B140A0BEF66FD4BE7F482DBE8495263E57
:1074C00018B527BE46C92DBE14FD49BD01FF12BE29
:1074D0008251A1BC3E79493DEB9D0D3EB1AEB5BD9B
:1074E0009D3054BD03DBCEBDC0FB37BE302B0DBE7F
:1074F000F76CFF3C7F069A3DA1723A3C898A34BE04
:10750000F03F35BE4537BABD859C75BDB0ECF5BDC5
:107510002228453DF276B7BEF3B7D2BC2BF4E5BEC8
:10752000BF60C5BE2E223DBE25C1DBBDC399F43D63
:10753000EA2604BEB68F0FBD1544863CCD2925BD75
:10754000BB8A293D4BF3103E723D6DBC51F9D2BD53
:10755000EF5C32BEE0699FBC3B2779BEFAA0C3BC9A
:107560005499DBBDBE9D113D84E758BE22A6F9BCEF
:107570001D265CBE1791A3BE8B3E24BE799290BEA1
:1075800056A62B3DB4EC40BE72669EBD45C969BE91
:1075900019A69FBE8D075ABEE6E48ABE866368BD03
:1075A00080FEB4BD32B1A4BD5FB39CBDBFADF5BD1F
:1075B0006E54103E790B013ECB83EE3D24945A3D30
:1075C0000774C6BD29851EBE67389BBE1C948ABE43
:1075D000FB54DABDC85168BD3E0921BDCE5F71BE06
:1075E0009C7B61BEF5C82CBE369587BE1D443BBE54
:1075F000B7A787BDC32CB23C0B8B83BEF684ADBE50
:10760000FB30B4BE4176B5BB77CC00BE064A0BBE9C
:10761000DCF811BEF9A12DBE2C8F40BE215092BDC9
:10762000CF6C553D37D4BC3DD56B8D3D0AA26F3D27
:10763000E6AC4A3C8F2549BE6AD839BEF47868BDAD
:107640002E3EDCBD3EC3D7BD5F4C8CBE5952DCBE66
:1076500005E9EEBE59D825BEDE3EA43D5F0440BD1F
:10766000968BBB3D6FA6E83C832E1D3EE5A3BDBEB9
:107670001BDFD1BED0BC34BE65E6C1BD313227BBF5
:1076800098D086BD8B6D05BEFB801EBE2800C1BD97
:107690001BB4323EA47F413D9150FA3C314D0D3E2A
:1076A00009222A3E8A0312BE932434BE3AE48C3D5A
:1076B0002CAB3BBD9BDF26BEAF669BBE452503BF03
:1076C000FC470BBF7811443D8FE642BEA65EE3BD8A
:1076D0006B03FABC36ACBF3CA085A5BDDE3123BE32
:1076E00098C7BCBEFE6792BE93C339BE9C4EAB39F1
:1076F000BEE8FC3D6D26DDBD743AF5BD27F9453D7C
:10770000DE39B53C089A99BC0F31483D8803F1B980
:10771000485F333DC23833BD4D65D8BD7C9193BDC4
:107720005441D7BD3B1B13BD9C86223E13B6BFBD43
:10773000114E1ABEA9E452BDC86ACEBE451D68BE30
:10774000D0A6233EFA5CAC3D958C88BED9F9C2BC6C
:1077500068FDFEBDF670C03ABC83D23D85B6F43DEF
:107760008FD7723D649BFBBCB643873C474FCC3DF3
:107770005246533DC6153ABCB9CF32BCE39C26BC39
:107780003C634F3E06BCDC3D09A54FBED0DC8FBD3F
:107790001C7E54BDF2B1CA3D4A72E23D81641B3E7B
:1077A00098276E3DD951DCBC3362683DC3FE663E0E
:1077B00049BAACBDB3B6F1BD7EE4A33DBA8D863EF9
:1077C000572EAC3C8716E3BDFF24343D791824BE08
:1077D000F7356BBDFAC71F3D753F7ABD7F84AE3C60
:1077E000C5542D3D23F5ABBCFD24813DC882243D0D
:1077F00098EE643E8ACC89BD144429BE47399EBEAA
:1078000048EE55BED40C34BD4DC90B3E7F614E3D94
:10781000368129BD1BA2273ED7B06E3EAAFC3F3E53
:10782000E27C333D0E76A7BD42935A3E1600A73E3A
:10783000F7CE01BEB5441EBE3CA467BDA78E3FBCBB
:10784000EC01013EF5F76A3DC566083E5A94593E83
:10785000EC0E093E8F49083E77FF163EB24DA43D1F
:1078600028B5F63D962BC1BDD713A2BEF01E03BEB0
:1078700076651FBDBC833BBDB08CDB3CC69B73BE35
:107880005D6172BE1E62B73EAB38853D6927853D9E
:107890008CDB8FBD207455BE7D44083EF7583C3EBE
:1078A00003A269BD76FC09BDCCB4013E9132773D9F
:1078B00058C9F33A66D8563E835A0B3E109E533E43
:1078C0004B793B3E0892163EE50E6E3E9EA1953DDD
:1078D000D06B1A3E8C733FBE68A08ABE37DF2BBECA
:1078E000BF9B47BD7F0E803D7462163E56D6483D15
:1078F000B628983D9C16103F9906F63DF01AF2BD49
:107900008A677F3D8CCA6ABDE3CBD5BDCC1402BD6E
:10791000EC436ABE278BB3BBEE80913D1425C43D7A
:107920005B18CABD832A833D7B9F3E3E7050FE3D5F
:10793000BEC4D73D18E8873CB88E843E0FA2783E7F
:10794000366763BC04BE4ABE06C367BD888028BDD7
:10795000FE697C3DDDCE243EAF902A3E025D0C3DAB
:10796000EB326FBD51EEE93DC237DBBD4C5746BE31
:1079700058B06EBE4B4186BCEC81B0BD564F85BD44
:1079800054261A3E08F514BE78862FBE63F35D3D7B
:1079900023081E3D8569B23DFA06AB3D97AE1CBE7D
:1079A0000D9632BDDE768BBDEA843B3E297C313DAF
:1079B00086CC29BE75B850BEFEEC80BCE5412E3B9E
:1079C0001681C73D2F10F93D1AFE0B3D75DFA6BD90
:1079D000ED96973D58F3E63E2C7DFA3DFD859A3EA7
:1079E000C4D17FBC2A9898BD58A5B5BE09E0953E84
:1079F000F9C187BB92B322BE4DEE3FBEB8DEB53DA6
:107A000009537B3B6B0C173EC5BF2C3D3E14953A8A
:107A1000CB53D9BDA17ED0BC01F479BDD035733D27
:107A20009FD390BD1247E6BD8CA611BDA8429FBD55
:107A3000A24A043E0C454F3DC1CA0E3D2C30693D63
:107A400067B4A13C9520C73E633F983E6C24A13E9D
:107A5000762A583DE3B39ABD46878BBE0261853EC8
:107A600033128DBD048E35BECD22E8BC5B46003E90
:107A700040AEEFBB4F65AD3CD6B6EF3D807A133ECE
:107A80006E01423E2E34EFBDE5A7EFBB34E90B3E5D
:107A900024D246BD1C970F3DD082E33CC5E0773D24
:107AA000B86A8B3CAF0E9C3BA83F633C1D7C21BD5C
:107AB000CC11413EFE2CA9BDBF05743EAB90A2BCCB
:107AC000E676A3BC5FAC24BEB16BC6BE04C7BB3DAB
:107AD0009620B83E2A2F063E43FD8E3B42E98F3D5D
:107AE0001A81BE3CC045D53DB135213CDD3B243E2D
:107AF000EB2BC83D70BFB7BDF4E0DFBD75DF79BDCE
:107B0000F53E4BBDD85DACBD8EA2113EA6E5543B03
:107B10007AF82B3ECFEF893D26A1453D28F14F3D18
:107B20005866A43ECF92EF3CD458D83C75AA103C7E
:107B30004B4AEABCFBCD353D5380903D10DDB83D4E
:107B4000595FCB3E661B933E4014843E8A73803E51
:107B50002334233E2427533E933E143E15D1823DC9
:107B60005110673DF7D891BD2DCE74BD2CA6B2BB88
:107B7000C5260BBDD01F253DA896263EFD0E7D3E99
:107B800032D6233ED55FAD3D27D8B5BDFADF17BE4F
:107B9000E8DA203E09F0D03C01DE33BE705643BD2A
:107BA0007C889C3C8044043CC2BE9FBE5B446BBE50
:107BB000B9A6A73D28D9B23CF241DA3DB024E9BBD1
:107BC000BBCC24BE5537A9BB6638A73BABEF4BBE39
:107BD00088C285BD2C11CBBD0BCD37BE455DA7BC82
:107BE000378A30BDD586CB3DB57F933D302BB33D35
:107BF000805C0E3ECB85C2BDE69C83BE8A22FBBE66
:107C0000AEE39DBE2421BDBE39B204BEE64752BDDF
:107C10002E9E663DEFB294BD21B787BE570AE5BEE2
:107C2000B908E6BEEB28A6BEB5C82ABE7B252CBD8A
:107C3000C65FB5BDC9B6EA3DFE21FFBD863912BE9D
:107C4000108797BE9C149ABE0AE5B8BE133E23BEA9
:107C500061A96CBEA90A68BE5DE7DEBDF72598BDC7
:107C60004EE7B5BE039C31BE2FC8CFBE2301C5BEB3
:107C7000F29764BDE991853EE4A9213E662CC0BC23
:107C8000F947813D5E89E9BC40388C3C945F5D3E9C
:107C9000AC30833C3F0B94BE6D93B73D9E7E233E3C
:107CA0008D51113D050E53BCF430C7BEB70FC8BE91
:107CB000968DA6BE27A0F7BE291091BE5030BEBE3D
:107CC000A25F3BBFA1247BBF924152BF4C6911BF51
:107CD0009C7A9DBE245281BE20DDE3BDEC3D2B3E4F
:107CE00076E7A23D2F84853D50ACF33DB8FD733C53
:107CF0004471A2BD06CD3A3D70E72E3C2D41733D47
:107D00009C80D1BD2F1593BD82C506BD9E957CBEBE
:107D1000B83624BEB19861BE42AD7CBC958E09BE1A
:107D20006C397ABFCEAB80BF03BAD7BE2BF3653DAB
:107D300006029DBE76CFD2BE13F508BFB262F3BE77
:107D40003582C5BE3E259CBE5A7ABFBE71905DBECF
:107D5000D1944DBD86083FBD5DD19BBD663D713D53
:107D600031298ABD80CC613A53D63BBDD0473CBC5B
:107D7000F130823D3C30B93C300D1EBD8D76683C03
:107D8000044455BDA0841DBEF0F35EBEC39117BE72
:107D90005CD714BEAF7D8BBE17B4CDBE30B743BE2B
:107DA00014E180BD86D12CBEDDE7A7BE30C1EBBAA1
:107DB0001155E3BD5D2542BD5313CCBDC025A63D85
:107DC0001A4C443D0EDF4B3D5386A3BD7E997A3D50
:107DD000CB048CBD6E0C583DD84DA1BC384790BD2E
:107DE000FD01A53D9CA10E3D527565BDB0131ABCA9
:107DF000B8DC34BC86B62D3D48CCAF3CD04CFB3B08
:107E0000893705BDE0C7EC3A6894463D969997BD21
:107E10002029E93BDC92873C44560FBDFD348A3D66
:107E2000658BA23DA759A73D14B899BCC0A5C63A19
:107E300010F4623CF23322BD00A05F39285B83BCA2
:107E4000BE11583DF90FA5BD6A56ECBCA819003CFF
:107E50009E28403D85013BBD7C9942BEEDFCDBBDCB
:107E6000C4EA42BE455F28BD164EA2BDADFC93BC20
:107E700065D3883C946C3FBEDDB268BED5B34C3D43
:107E8000818D2D3E50AC373E53BFADBE453C9FBEAD
:107E90004B86D6BE8BE178BE0C9B3BBECEBCD4BD20
:107EA000E20C9BBD4A781F3D594D813D9B7B21BD16
:107EB0003F7A49BDB0EC6F3C799E74BD5F26A93D09
:107EC000CA173EBDE65C23BEFC6E84BEC9D961BE46
:107ED000C8A9AFBEDDEC85BE167691BE75C6F0BEF4
:107EE000DBB1C83B54BD51BD407E3CBEDAB8F0BEEC
:107EF000F8E0C9BE7F01C0BEF3DC06BFDC0CA7BE44
:107F0000E50198BE8022CEBE5F3BACBEAE4D9CBEAE
:107F100025D49BBE213D2CBE149ED83C67F99B3DC9
:107F20008B609BBD58BD5CBC872366BD77DA71BE94
:107F3000F4BC57BCD2F7A2BE3E33EBBE15DB6EBE1F
:107F400023842BBEC5C1C8BE325A4CBE67756BBDFB
:107F5000D3BEAFBD9F0BD1BD5242183D41B295BDBE
:107F6000C1B717BECA62F6BDFE3C40BD2277C1BE96
:107F700011BE41BEC284C7BD7D8011BE9A4616BEE9
:107F800062EB86BEC8CA223D68B714BEEF28983D92
:107F90005AD1D9BC286D57BD0D2172BD34BE56BE15
:107FA000587D5DBE30A094BE51DF82BE8744CABEFC
:107FB000CF649DBE6C9972BDFC665DBEBDE2F1BD35
:107FC000B009D53C3F5C01BE5CB8ADBD12CA01BD75
:107FD000D2CB3E3EE0D288BD68C504BE8A4A72BE9E
:107FE0002FDFA5BD3DCA86BCC482BA3CC718A7BD59
:107FF0006384CA3DA8D9D73DF966783ED8B302BE9E
:10800000A2F6323DC8861F3D973B3EBE859FA93CE8
:1080100091F673BE5338A2BE582F23BE35FBC2BEA5
:10802000F2F380BEFB3E68BD2D4CE1BD85D0E13D45
:108030001FAB9B3CE55E7E3C5BC8913DE9BD5A3D74
:108040007CDC35BD919F9EBCE2D196BD019A91BD6D
:10805000ECBDEBBCA2B6003E32FB0C3EECBFB4BEA6
:10806000B2D7ABBEE2286DBD7C78123E743128BE1B
:1080700072E990BDF15775BE1B1940BE06B798BE98
:1080800071489DBE169994BE94CF32BEE8A568BCD7
:108090007C382A3E3C28543C564211BE158595BD7D
:1080A000551FB93CDBB7323EE2DA293D59C1013EEA
:1080B000B6F8CA3D63A7D43D4DEA9D3D7F69BD3DFD
:1080C000D71603BD5BB1483E0534833EAF947A3E7C
:1080D000C30E18BD75BA463DEC23373E494D203ED0
:1080E00076A959BDA916CABE4B1D5ABE2D4508BE5C
:1080F000D3210ABE325E11BE0157033E3ACF2A3E5B
:1081000004C4443E3AF789BD9294E33B4FD2DA3D32
:108110000083F93CAB1D933DE55139BC373CE43D50
:10812000444D323C1DF54FBC194D84BDEF6C083EEB
:108130001618C5B992E3BCBD5A12F93D2EE2073EAE
:1081400023C7F43C2219B13DBB718ABE48A833BD98
:10815000B66352BD9352BABE31E98ABE5746DF3C80
:108160003F7E86BEACDF123D0AA4173E8055183E06
:10817000E42FDC3DF0B82D3D404721BDE9E4F0BCE3
:10818000620D4DBC2857473E46F42E3E61F2203E1C
:10819000B718F03DD38BA83B647BE53C3120E83C2D
:1081A0000397AF3D8407BA3BB052843CF7DED23D23
:1081B0000D694F3EE810963DBB3130B9DAEE083E0E
:1081C000344C72BD292543BE36D260BEBEEA2BBEFA
:1081D000B48209BE7932D1BD2876FDBD0214D1BC6E
:1081E000F17ACD3D9742FA3CCBC900BDA5106FBDD9
:1081F000680E583C2FEA183ECC898E3CBA09483E9E
:10820000EE7E493EFEB108BD077FEBBDFC2C93BD61
:10821000C0970B3ED4F4843C7CEFA13985592E3EA7
:10822000835ABD3E147B393E2951A5B8B94762BE79
:10823000E099B43C76393EBE78A498BE1EF828BDBD
:1082400031BB35BD7C1925BE2FEBD1BD5A7EC33C59
:10825000B887513C0EB8D13DA442A8BC538BA93A73
:1082600064DDD6BD18648FBED22CB1BDB0BD79BD62
:1082700097AC10BC0710043D051F1EBD6806363DB7
:108280009E1E613DA10C5ABD6DFBA53C7CCAB33D51
:108290004639FABC65714DBEE27BD4BEF14AB3BD2E
:1082A000F59ACCBD5F9D01BEAE3EFB3CA5760DBCF4
:1082B000D5F890BEA0721FBE7D8FFC3D7DA92EBC5F
:1082C0000CF38A3D3589393EC9118A3EC43E8F3E42
:1082D0008D4EFF3DDCF693BEC06F3CBED36906BD3C
:1082E0002EF3BD3C93FF7DBBACCFAABD68F8E43D47
:1082F0005CAE8B3DA8631CBD1246403D9E765B3E46
:10830000335A873E9DD533BDF899043EC2F092BEE4
:10831000C91B5BBD7941823C0F18173E5DBB89BD0F
:108320007879F0BC0DCA503CB9E83B3E3DF803BE3D
:1083300076C0A9BDBECAD53D70C5CF3E07E3C93ED4
:108340002E644A3EC3B5DCBC4445B8BED9B33FBE7B
:10835000DBF79BBD47D89C3DC395A43BD16BA53DA6
:108360001998F33C5F5BEA3D69DC433E7EEC8C3E52
:10837000B0E6C2BD92459FBE950B88BE674EB6BEA5
:108380003476A6BD0430BDBD6959CBBD20D47EBEB8
:108390002B9DA13DC176A03C061A953DD381E83DB9
:1083A000645D2A3E82BB443E47FE483EC1C3D83E80
:1083B000A4CAB23EE690263EF36C1DBED6FC6D3DCF
:1083C00074613EBE3C3584BDFE15713C2254E6BC52
:1083D000FDBFDCBC4A84503B85233C3E8E33073DC9
:1083E000D4CF8ABE62281ABEA7671ABEBE5988BEFD
:1083F000436074BEDBF314BD231B10BE81BB37BECC
:1084000070EF543D70B2323E76531F3EBF759F3DB4
:10841000044D873D6092643E1F9F9D3EB69D8B3EFE
:108420007992793EA76F4A3CE7B36EBEACDDE7BDFB
:10843000602020BEE91B00BE8CE1FABD13E9823C3E
:1084400015C791BCDE93573DC0B58DBDE47161BDCC
:108450005A1AF9BDD78E06BE16575DBEC7A472BEA6
:10846000BAB52CBE6B0D17BDA77F03BE81F18E3D43
:108470005646CA3E2B2BC83E67D6013E80024C3E74
:108480008204993E110B873E16179D3E0F411D3DFC
:108490005A33A8BD2BA910BE68234CBEB7EE34BE1C
:1084A000B6BA773D3144D1BC50E0E7BD1F7BB1BACD
:1084B00074A537BEC7935B3C3DA8413DBEAD79BDB9
:1084C0009817B2BE278E63BEB79D8A3EFD31B53B7D
:1084D000AE0A58BE7EC907BE6171CFBE2212803D72
:1084E00006E7053FA922713E9A600E3E6EE0823E8D
:1084F0007CF2243E9155533E5B19D13E4535F53D06
:10850000020F6BBD614F56BE195620BEE5C44BBE6F
:108510003B577ABDCD1CD4BDC4F370BEAEFD81BE49
:108520007199073E615FBABC69DC953D831DCCBD86
:10853000AEDB7FBEE5E4C8BD53A41E3EF806733E25
:10854000CED0693D49083EBE79EF03BFFD6A12BD3A
:1085500098EDAB3E7AD9ED3DE0CDCB3DD0243A3E0F
:1085600051D3B73D5779413ED920313E741635BDC0
:108570006995BE3D10D921BDAD2887BE7B4802BE9E
:10858000B3FD433C77A7ABBD1C2B25BE583905BCBA
:1085900066F4963AA5381CBE8306B7BDD3220EBD3D
:1085A000ACC191BDB2EBBBBE78411BBE6578BB3E92
:1085B00032B83B3E1B3D55BE97B185BEC12093BE30
:1085C000527ABFBD2CA00DBEFE2D4C3D00BAD1BDD0
:1085D000F721BABD2B8ADABD4BACBA3D432019BD99
:1085E0004EE78BBE2C0D0CBE1F204ABE22EA23BED6
:1085F00020B6ECBB02F102BE94F355BEEF9FAC3C3B
:108600008628803D3EBD53BD1805D3BCBB1CC6BBF0
:10861000F87399BD90D007BF315BCFBE6FF156BEE6
:10862000E03E6ABDF4629C3D1382DABE771AA9BDB2
:10863000104E793C89F7E8BCDAE701BE23F8DABDD1
:10864000B67493BDA1E908BEDB7EFFBD9E957ABEE0
:10865000BD245DBC5E283FBEFBF3BCBC377A5D3DEC
:10866000DD9B773A1C324CBE1679A2BD463E1A3EBF
:10867000C4FDF93D050B2B3E9F5E9F3D19B9CC3DD6
:108680007493463E190FCCBDAF1BFABCC4CBFCBDE6
:10869000E08AB23B6BD53D3E0A1109BEFCE035BE17
:1086A0009B90C0BD87E44B3D720CB6BD9D1E83BE42
:1086B000A1375BBEF50325BECC8387BDBEA5D53BE8
:1086C000BB63893C980884BD481FF8BDD5E484BDD0
:1086D000986E553C9FDE4FBEDFF070BD579ACD3D82
:1086E000430DE13DEE04633CA1208EBCB49DDBBB99
:1086F0005DAA5E3EA301623E19245CBE0184483D32
:10870000D78A38BDF74287BDBB51BE3C4D09B2BECA
:10871000805D2E3DEDF26E3E8F9BAFBCBDC9F5BDB9
:108720009CAFB1BD1E195CBDE2BD04BD1B4656BD6C
:10873000B42B8E3CBDB0E8BDA8B9E13C53A7DB3CEF
:1087400007CF13BEB02BD4BD31E86EBD579B073E9B
:108750001F621A3D9F98FEBBBCCF87BE78FAE73DEB
:10876000C4B52D3EFD8604BE8606C7BEB9C39D3D79
:10877000071FA3BDA9DE373D227E33BE919BD4BE29
:10878000E53AEFBD850F3B3E28BC3C3E140C86BD50
:108790005E1511BED8F3B4BD75DFB6BD8ADDC3BDAD
:1087A0001F1E6B3D9D57B83D6C18E13DC8D8E73C96
:1087B0002790DB3C61B42B3DB92F053EBB58923D61
:1087C000E553F83D41A9853E93A83E3EE8A0D03E42
:1087D00082D3CA3E711206BE09308ABD9D2E00BDED
:1087E0008089323CA01392BDD33A85BE483F1BBE60
:1087F0005C1035BE10C7273DF3359EBD139ADE3D94
:10880000181437BCA0FF57BED8D7D93CEEDB1FBD2C
:1088100078FF993D64976C3D23BD153EBB983B3D69
:108820001BB9803D3492623E9EBE113EA5A2853D9D
:1088300091CC983D36096B3E5ACD4C3D1F95EE3E8E
:108840005708BD3EF84427BDDEE17DBD5139A63D48
:10885000E0031EBC50601CBCF71CC2BE5BB4B03D44
:108860001992893E141D2E3E208CA7BD48AE06BD30
:108870005EECA63C800D31BEFB77A1BDAEC9123EB9
:10888000CB594F3D4736EDBCAA26BEBD3680303EA3
:108890001CE99C3E7C9B903D4AB3603E0490533D56
:1088A0001FC695BDB99AB5BED58E1A3E40D3A33E1C
:1088B0004EE2FBBC3FCC5BBE62647FBE30FC5E3CE4
:1088C00025D48A3D3A542D3DFD81133E1CFBD6BD77
:1088D000A256E03DC0C4F23D447BFF3D748A3D3C5E
:1088E0004F0A26BDE64EAFBD2DE1CB3D4CCDD8BCE9
:1088F0007E0E64BEDC4D45BEE015533A2440063E74
:10890000C21A563E684C483E4237603E800FC7BA96
:1089100092B4743DEAC8403E3F7F533E9E7EF73D91
:10892000F291163D11408BBD8B0478BEB0ECDD3B5F
:10893000B09E753CA5A908BDA0A8EBBC91D9C43DCB
:1089400068C2AA3E08DED03D45BDF03BFFAEC43D47
:10895000CC1DB23C42C01C3D59779CBDD2963DBD5A
:10896000E153F93D4F46D03CA80CE43DD5FE663EB0
:108970009984513E0C817C3DDAE2033C6B1F59BD6A
:10898000616F60BEBCCA673EA8384D3EBF9B633E68
:10899000BDB0293EE2B04EBD56CE68BD802D403CF4
:1089A000C56287BDB0C3253CCFBA99BDDC6883BC26
:1089B0005DBF81BAC7D380BE5019D9BCFBC62C3D60
:1089C000CD65C1BD779100BDE0B30BBD52D7A83CCA
:1089D0001EF750BDBFD4F7BE8B8363BE6F77E1BD7A
:1089E00034CDBDBE18B1C3BEBDA1CC3DEC196EBE29
:1089F000457329BE874B66BD4C97353D3AAE44BEA4
:108A0000D0A77BBC569B603DFA14DABC6A8A273D2E
:108A1000F456EB3C48235BBDF91EA4BD9C3247BD18
:108A20002E69643DC0874CBB40FA333B7AD1FABC17
:108A3000EB6E9E3DD685C3BCA095D1BB506573BC83
:108A4000911027BD363C203D1562893D2698AC3DEE
:108A5000E05643BBB82B53BC21348A3D50D740BCB1
:108A60006A85723D00749439644490BD32C53CBD42
:108A7000F62592BDECC7C53C002A2FBD5AFD683DC6
:108A8000BE961FBD150E85BDD4EF033DF0BCAA3BBD
:108A9000AE557E3C39CA333D23CE7C3DB6F954BC3D
:108AA0001C4C693D1F6D8F3DDC1C6D3DEA14B9BD4A
:108AB000417D85BDC8530CBDB7B2CBBDB77A7ABD79
:108AC0000B5A823DD66C7A3A545F37BE302C82BE48
:108AD00096FA11BE4DA91DBE58801ABE72171ABD56
:108AE0007CE731BDC0F099BB5A5398BD564797BD3E
:108AF00022F05B3D1AE747BDC8D4B0BDA4FEEEB975
:108B00007C3E8CBC5289C13CE82AA0BDC815D2BCB1
:108B1000ADCA863D18DD5C3E737B1C3E6492173CFB
:108B20001D6CA13D5167C93DBE84283EA2858E3E85
:108B3000234FA63E4B1F9F3EBEBC913EAD225BBE67
:108B4000F15663BEB880F7BEA08ADCBE7ACF1ABEEB
:108B5000E67E44BE264762BEDB92A43DF69F27BD5B
:108B6000AE44113D905EC4BC5049553C684088BB42
:108B7000E85908BAE17097BB5BA8733C543E4E3C81
:108B80004F6D6F3E0150863ED273F63DC397F43D64
:108B90002DE5C33EDD3EF23E986C203FC53B8C3E4A
:108BA0009400783C5F72E8BD998ED43D2C6D4F3DAA
:108BB0006ABDAEBDABC0E13D77AB1A3D0CEF90BDD9
:108BC0004477DEBC3AC03C3E572061BECC01E13C5C
:108BD000C020143BB29EEE3BAE5E9A3CF5B6733DB0
:108BE0004BD24B3D9951293E6D22823A89F5943EF4
:108BF000C7123D3EB391BD3E06E5333CA224F23D93
:108C0000A2DC843E9208A33ED338623E6EB4103E8E
:108C10008F2D39BEAC2584BEE5B678BE90ACAABE19
:108C200080CC07BEF86DA63E3A1F063E8255383E00
:108C3000BFF3073EE67CDB3D01D93CBE549386BEC4
:108C4000ED756BBDE690693D8665BFBD7A5F21BE5F
:108C5000E21B4EBEF3ED6DBE979A00BDEA5F17BDF5
:108C6000A3F7D13E86A4083FB276F13EB00CBF3EDA
:108C70004188633E5D35653E6A573D3E2608F2BD3C
:108C80007D57203EDACA9F3DE81EF9BDE09062BDE7
:108C90008962FA3C4337973D025630BDB8B90BBBE9
:108CA000CB0945BED9722F3EA0A2A0BE02F580BE60
:108CB000563B93BD39C9A83D9DA0903EFB04E9BD3C
:108CC000A82652BE2171273EF52ADBBD44DE4B3E6D
:108CD000C86EFB3E40A8633F02780F3F84C9E13D68
:108CE0000A70893DC931403E640D9E3D168EF7BC29
:108CF0007DFB8ABD786D8BBDE803043CDCD9003E6A
:108D0000DD26AF3DB8DB233D8C0754BC13345C3DFE
:108D1000F4696F3D8A08EB3DAAAF3CBEF22BAEBEB4
:108D2000AE3F863C2236EA3E6739893EDB1A043D77
:108D3000106D81BE8118B33C8040C73E6E85D73D23
:108D4000C9E67F3EF228113F64C64A3E03C27C3D1D
:108D500086C5833AECF88ABC62EE2FBD6DA155BD85
:108D6000563E823CC9A0023EACC98C3DE83D363A35
:108D7000B76838BDF047BBBDA78144BEE26290BD75
:108D8000AE8A0D3F1EFA053F745D45BDE1000CBE85
:108D9000837532BD62D2943E6D15AD3E033C503EAC
:108DA00014B8CBBD0E2F53BE9B4F4D3E7DF80D3FEB
:108DB000D434043F547C933E4EBFDC3C8EF0C23D25
:108DC0002F5EA7BC2D18B2BD4D86F0BC6C5A0B3E71
:108DD000946C083E2AA7743E6B4E863E43E8513C95
:108DE000C820BBBBD14DD7BCCCCD29BED6D2C83C48
:108DF0009371B43EFDB47D3EE3FC50BE4B3F903ECC
:108E0000A74DB23D7065F93D0735813E112F893E72
:108E1000359675BE645AC7BDDD1E133F6844413F99
:108E20000A7EA13EB71E9DBD971C74BE1DCAE2BD41
:108E30007099F73D4D758EBD05C8113D9F9895BD44
:108E4000A819073E70741B3E7A12C73D744C2C3D26
:108E5000A771B23D6E0BD63C0678ECBD792AD3BD26
:108E600080E7A4BD52DBF73D6ADDFD3E0B43A03E2B
:108E7000F6C7A73D632E6E3D2211993EDD68843E04
:108E80000B559DBDF3EE013E13C7363F8A8CB93EAC
:108E9000449FC5BD43C327BE9DB1C4BDAA5937BDBC
:108EA000A5F83E3C2916133BC03927BE41A183BB20
:108EB000F1A201BDBD19E33D4A113A3E5F5CAEBC73
:108EC0000A591A3EF0B5403E7C36B03C39250C3D7F
:108ED000D5C6BA3E9FE5113F6D92C23E68102B3E4B
:108EE000DF8A5A3D30A5513D9414E33C0A7AB63EE0
:108EF00049B536BD9EB8883EBCBB0E3FCE42123E41
:108F0000567AB53DEB5CB0BD23170EBE535B833C78
:108F1000DB4500BDD5260BBE05B6C2BD48C43E3DEF
:108F200056FB543DE9A6DDBC8F3A2BBE169510BD0D
:108F3000FEEB1E3E2B66ED3D9571F93D4436EC3E51
:108F40007A382D3FF564B03E53B5BB3D48926A3E3A
:108F50009B0913BCEE43D63D3ED168BEB57F7B3E38
:108F600048AE04BEEEFAE83EDD2C543EED3CAB3D8F
:108F70002BC4693ECCE1AC3D3B0F92BC4699D5BDBC
:108F80008D111EBE762CD4BD984CB4BDE3F3A3BDA9
:108F9000A1420DBEC043A4BEB8349EBE9619A8BD62
:108FA0009082823EC2769F3EC926DB3EF521023F7B
:108FB0007E95203FF5AEE63ED7DDB63E2219BA3E9D
:108FC00022F29DBD8CB2213CC589283ED1EF66BD01
:108FD000CE1251BEDC88DA3E57D4E63D8BF7993C81
:108FE00034F1313D79D8643CBF4C9E3DBF5DA6BA9B
:108FF0007DCF36BEF12E56BE5B7E4DBEB2F571BE44
:10900000707A8DBEB79627BE1DBD63BE7FEE43BE90
:1090100021571A3FB39E433F17E7E63E2DB8063F60
:1090200099CC213F0C03D33ECF4CDC3E5DB28EBBCE
:10903000182A1B3D883327BD0DE8CE3BBFDB55BE4C
:1090400016FA2BBD011EE13E59C4B83E9A1280BDEE
:1090500018F7BBBB5BB6853B17BF213EE084C43D20
:10906000C5C5903D61BD14BED95958BE1F7BA7BC74
:10907000CB1DC0BD37EFAEBD68DFD8BD17F60A3EC9
:1090800041BA1F3F33EDD83E9172E13D6550B73E86
:109090006DCC523EDD46003DC505873E1852E73D8A
:1090A000148E2A3E3913B83D73A036BEC322243E27
:1090B0001C3D3B3E4F76293F18BA943E5AE1A63EEE
:1090C000FA1186BD3659383CF2F0663C300B2CBAAA
:1090D000AE64A3BC1E311ABE1521F7BD48DE31BDFA
:1090E0003EC897BD320AE33C973C823D67F8603E3C
:1090F0001535BA3EDC670D3E09762EBEECC62B3D1B
:10910000893F8F3E6CDA843E2730923E9E5EAE3CB5
:109110001932B6BD237B873D069E66BE0C30853E68
:109120009FB5A73E59CA593ECD8CE33DBA35F5BC33
:10913000EFECB8BD498DDEBC809400BE239028BE04
:1091400075A25ABDEE7D0DBD4C24A5BD6E6A22BD33
:109150007BDC3DBE8B231B3C059F8F3E3BB7EB3E2C
:10916000043B5A3E0046623EFE9117BD37E8D43DAF
:109170006CB5E93DF956963E1DE8B23D3B67293C8A
:1091800044DED43C0C5A14BD77AF5139BF6D603EFC
:109190000022B13E0C39A53D181D663EB5F585BCD3
:1091A000254C23BD52FFB03C3680A2B818AB5B3DC6
:1091B000192185BD5F73C2BDAB8012BEA37281BD94
:1091C000737A1D3E8CC4E43D91ECC73ED9F2F23E69
:1091D000AD5A29BC6E07A43D32B79C3CBABE3E3E98
:1091E000628E943EBC1B733EDE56A23D608F613C96
:1091F000142D31BED28985BDCFA969BD268E313EE1
:109200009A188D3E9B3D0C3F0E421B3FB3D79B3EB1
:10921000F4A4E8BDFA3683BE45EA66BDE3784A3D6C
:10922000C1CD2C3B57300F3B54C179BC69A2A63D40
:109230005D822C3EF2490C3E561FA93EDC07ED3EF6
:1092400006AF1D3ECC79303D39D3133E6AE5BB3DB8
:10925000C768CB3E73B0BB3C02E224BE034340BEB2
:10926000D2BD403C2DEEC3BC7111CA3EE048343E35
:10927000CAE8B13E5DD8D33E17F5B93E797EB63E19
:10928000C675ACBCA53DF1BC8EE605BEE3C497BC7B
:109290000DC6A1BAC8EE043E368F133EB177DF3D4E
:1092A000717E363EE15CDE3D8CC8623E8A37C2BDCF
:1092B000AC7705BDFBE651BE81B12E3C1637143E9E
:1092C000903F27BC58A751BDE3DADDBD9FDE41BE0C
:1092D000F006AB3BC284A3BDDB76623EF715CF3E02
:1092E000F8D6043E3632A93E0C27923EA860AA3E2C
:1092F000C7960C3E6AF4D33DDF9813BC1030333E62
:10930000AAAE1B3D956A8E3E7718AB3C7671253C24
:10931000BB79BBBC3EC33D3DF66B87BD7EF293BDC2
:109320002DF46FBE1072B2BD3ABF86BECD7E223E16
:1093300059C93F3DA2248A3E5A5E2BBE104B833D45
:109340006F69553BA127B3BC78E68D3DD9C7CA3DAF
:10935000539FB53E597D8F3EE30C6A3E31B29C3E31
:10936000CD41043E9794BD3CCCC96CBD2F78DD3C0B
:10937000473EA03D967D7EBDA3F6A83DDDACBC3D3D
:1093800075AB3CBDCD8A0DBDE8C260BD2A6885BC09
:109390005715F8BD38D216BEB01B22BED64899BDAF
:1093A000BD9EC0BD4229433D5157483CE314673D33
:1093B000551EDBBD122FDDBDD67DCA3DE14ABBBCCB
:1093C0004876FF3E591588BD614E33BCA34E363EEC
:1093D0005B05063D2986EE3D4C5EC33CD012953DB3
:1093E0009F80B3BBC34A38BE5A1C4DBDBF2BB0BD16
:1093F0004AE322BE9F1BBD3D604A85BD0A0A823DED
:109400005BDF03BE003803BEC5F419BE6C2068BE26
:10941000941E6BBE7DE99C3CE440163DE7ABA73D46
:10942000D3B200BD6D4BA23DAAC8193E32F0713EC9
:10943000EF57DD3E23513EBD1949993D4CA4AA3D4D
:10944000C193C5BA07C38D3D48EFEB3D34B6AB3D84
:10945000C79880BEE695E2BDAD185EBD72761FBEB0
:1094600010DFFDBD3323F6BD4BC798BD26C70FBE29
:109470009DF6D7BDCC9907BED5AF27BE1DCA2ABE63
:109480001A62E1BDF3A4513D720B2ABED2A3623D24
:109490008830233CE15018BD0DC4C53D17AF873E51
:1094A0001C72943DA2D9E1BC15D9EF3DC18C873E19
:1094B000F13FDD3EED5F893E11580A3E02E14D3E2F
:1094C0000349CD3D9287F43DF78B91BCADE3D23C8F
:1094D000A46AE7BC97237F3C8C5145BEA58C5CBC3D
:1094E0002F0AF93C193194BEF85601BECB2928BE8B
:1094F000D0D04B3EFD315E3EDE26273EB08021BC03
:1095000082F1533D90F9ABBD3DCFB1BDA93F953E32
:10951000CA8BBD3E164E853ED3E09A3EEFFC29BC79
:10952000C29DAE3CFE0E2A3E87D4243EBEC5A53E5B
:10953000F49C2C3EC784063E23EB673DCA3A873D28
:1095400022A2DC3B330956BEB3BE34BD4E82F63A8E
:109550003CCB623D03905FBD9C8410BEE5777DBE31
:1095600029C8FE3D13F60D3E9E265D3EB4609DBDAE
:10957000507EC33C49017CBD08B28E3CD22293BDD3
:10958000539889BE30ECA13E8BD57D3EDE5774BE2C
:10959000CFC8633E586CA23D26EEAA3BA937FFBD5B
:1095A000FA3792BD29A0D43E16D4E1BDC24164BEB3
:1095B00034CCF3BDAD8C5BBD2129F0BD5815DDBBAE
:1095C000CAEFB9BD94AAEA3C7D62023D820A90BE10
:1095D000FDB719BD78390CBCB80B2EBC3250EEBCAF
:1095E0006346A53DE61E093D96615B3D35C980BDDC
:1095F00080BC623DD79D8A3D9FA5E33D7189963D24
:10960000346EB53CD419E1BDF0D6A5BE311526BEE9
:109610007E47B03B6D6D18BEE7E6DCBE7B0B74BECB
:10962000820510BDE6014E3E2CC559BE9505DC3BBA
:109630008863F03CBD1BA73EB6E84A3E80659A3B76
:10964000186C47BC48B9E53CDAFD233D88CA84BCA8
:1096500021EAAABD76173D3D389758BDC0F48ABCB3
:109660009FA2A93D5824AE3CDA3CBABC8E1C3B3DBF
:109670004AD1543D5B599C3DF51CA3BDB167913D5A
:10968000D97D9BBDE0DD2BBE868FC73DC7C2553D52
:10969000D45CC83C0F55823D384246BC980477BC28
:1096A000F8FCE1BC18ED43BCA59F8DBDEE444D3DDB
:1096B000080A63BC5606093DD0F3FB3C485244BC43
:1096C000302BBD3BC1D44CBD3A847B3D3C91C33C67
:1096D0002C7627BDC13B94BD9911F4BD33EF86BEF6
:1096E000EF12C2BD0D30343C66C431BE5C929EBCEC
:1096F0006F2135BE37A22DBED2B19BBDFF2A903D52
:10970000801B793E84BC9CBC2BA648BEA7327ABE87
:10971000BD52A6BEF35655BEB57AC6BC1B21103B42
:109720001DEB813D0ACD543D7325A93DE7368D3DA6
:10973000DC4B9EBDE43364BD4E6C51BD8890473E0A
:10974000824B4A3DDCBA0DBE56C2ACBCA92CB2BCA1
:109750001F99A1BD0BA1833DC969393DAFDC50BE46
:109760005E66833DE88B4D3DC4872A3E4C99BB3DE8
:1097700026B7CA3B61A4F4BD40E83EBEE558BDBE75
:1097800003C3CFBEB3E2B8BEDFBEB5BEAB4647BD76
:109790005E9A54BDDCAC873D059F48BD8CC80A3D30
:1097A000EEA7513D056D873D9DCAC2BCBEEB333E61
:1097B0008695AD3BF435863B11B23EBD3051D0BCF1
:1097C0008E0852BE970EEE3CACFB463EBE4C943D1E
:1097D000FE2A213E8E6D523E663B083EC641633DE9
:1097E000D694D1BB827A883B318CB2BE93DDC3BEA6
:1097F000CF0A14BE6B4749BE73E179BE2F591CBE18
:10980000B77417BE1DA52F3E0D02E7BD129626BDEB
:109810001F76933D4BBAE23CBE56CEBCADA18EBE88
:10982000B49551BE0470423C5FB93A3E78AF513DA9
:109830006DAED2BD0BE722BDF8CA12BD7C14DE3D71
:109840004396D03D9C0B513E2260413E56D3AA3EEA
:10985000C4CDAF3CDE17E1BBBB16A4BDF05F3DBE7F
:10986000107B17BE9D11BABE47CBB4BECDBA1ABF8E
:10987000B16D6DBEDE228A3D7CF784BE7DFB8EBE5F
:1098800065037DBD5382993DA6F2F7BDE2858EBD8D
:1098900053FC8BBE46C84EBE947B70BD963C59BDF2
:1098A0001546ECBC3291193DFA7863BDE02D9B3D25
:1098B000A2D2F83DBBBBA53E9ADCBF3DEE9CA33EC9
:1098C000AC5C673E3D4CB1BCA32FA13D850510BDEE
:1098D00051EA13BE9C2980BDF02FBABD138020BE73
:1098E0007F8C84BECAD039BE08EDB1BE6C334DBE8C
:1098F00051BC83BDCEFD913C9BF38DBE2BCC30BEC5
:109900005BB5B0BE623E06BE5CD188BE967475BEC5
:10991000109DE9BD39F8B0BDF8BA95BD18F324BD66
:10992000C99E93BD5087E93DFEAA573E10A6233D30
:10993000B4B30B3ECA85593D52B0813E82119F3C63
:109940001A3BE6BC172A66BD2CEB51BE03BB6DBEAD
:10995000884633BE0BC801BEA28BC1BE7D596EBE08
:109960008326983C87B7CF3E4559433D3F6E96BD11
:109970007796CCBC17737CBEB4DC12BD13A1DDBCE2
:10998000A6932F3D81866DBE595183BEF89802BEC5
:10999000B453B13DF30C333C6A3D0E3E69D32E3DCA
:1099A000D3397C3EB803C53C4DB9923DC476C93D20
:1099B000116E03BDD5BD4B3CED54BDBB5D2E3E3E8F
:1099C00033AD8F3C1A7FE33D5499DFBED20F23BEE7
:1099D0006CB7C8BC71E07D3E3049BCBDDEAF42BC57
:1099E0002793D0BD7F31A4BE8FA19FBE9FD2DCBD87
:1099F00012D79ABB74D27BBE19C424BE973C4ABE10
:109A0000518D42BDB60595BD05EC373E7B0B953EAD
:109A1000CB7B443EE648473E94B31C3EE89F813EE4
:109A20009F4D93BB49BDD23D9EF24C3E9E8F3A3E28
:109A300008E1473E1440AB3D72604ABEAE49F03D7E
:109A4000B14DA4BDFB78BD3E0F10AFBACB10633E45
:109A5000AAB123BE57833DBDFD966ABECC5820BE39
:109A600043A86EBD20DE1EBED131B5BDC3067EBE8D
:109A70006EBFA8BDD4E40B3D63C7A83EA9B9023FA1
:109A8000867EB93E30E9733E7872B03EC5C5F93D79
:109A9000B3B49B3BE85826BDBECE1E3EB4E02B3D82
:109AA000ED1A933C1562E6BD97B2F8BDCB1FA03E00
:109AB0008FED363C47E8573EF4A0A93D0611003F24
:109AC000C34076BEFE8290BC60E7143E6EEC60BD83
:109AD000FE4014BD3D9BE1BCC4CCB1BD861AC5BDE2
:109AE000F07FA4BE4183F1BD68A3173E33B0E03ED2
:109AF000E5CCA53E1BF5423E41410A3D7FEB303EA1
:109B000087E0243E47D0423E043A803E1A70F5BDBD
:109B100037CA10BE7FADFA3D4680EE3D97A9C23EE2
:109B20000450FDBC4565DB3D09F23DBBE44B0A3EFC
:109B3000D7A81DBE6212E5BD8B930F3EC94640BD3E
:109B4000FA05B6BD421F013CD05A96BD841C0ABE20
:109B5000426B75BE8C6B91BE16E415BD5395563E97
:109B6000983E083DD72D903D53CB1ABCBDFD933D8B
:109B700089915F3EAC028B3EB3FC7E3EF0B539BEB0
:109B80007DE98DBEA7D8043DEA1DE6BD5BF8063C25
:109B9000E2489EBD0ADDE93C0CBDB13D4A5888BE95
:109BA0009D02D6BD9CDEB1BDAF73033DFE70DCBD32
:109BB000E6BF4D3D6E5A5FBC9E5079BC5ED3F9BD89
:109BC0002FD962BE64DEBCBECFC1E2BD7D6774BC6E
:109BD000B869303C33B5DD3DF28FF73D07E96C3EA7
:109BE000CEEB113E581815BE6E330CBE27B1B6BE73
:109BF0006063C3BEE8EFD4BB4A49E83C5E4732BC71
:109C0000CBFB56BD91DD723D8538133EFEDF01BEB4
:109C100005DED8BC80950ABED6DF3CBE2C4C85BE86
:109C200057DA80BCFAA34CBEE9628A3D7B3EAEBDEA
:109C3000AB9920BEDC5B06BE8FAC16BEAE8335BED4
:109C4000E5F273BD880D503EB7DFDD3DB99DAEBD79
:109C5000F4667ABD3E8B7EBE5D2E6DBECC359EBE5B
:109C6000496889BD68821A3CD4BD013EF062113D4D
:109C70006A8F3FBC7149933D8050803E34D1253E70
:109C8000EF19C73E4D52EFBD0F84C8BD256A19BEFE
:109C9000AA8A2DBDF4902EBE052D3EBDAAA7C7BD34
:109CA0008E6027BE7D9C88BEC1D30FBDC9348E3C5B
:109CB000EBCAF73D2F2F813DA04A523DB3C9F83D75
:109CC0009DCF033D23989EBD5C243DBEA6C7F5BD38
:109CD000D6F83ABD7B5184BE5B3F383E0F4FAA3C5D
:109CE0006F3C4BBDB0DC0FBE9FFE89BD3FF1B03E67
:109CF0009DD12A3F8F8C343ED669E33D6ADD46BE56
:109D00006FF4A03A667330BBEE2284BD88A236BEE3
:109D1000DA45FEBD376392BE64A85DBEFBF2D6BDD8
:109D2000D480D2BC75D93BBD4FA0123C3F8EE6BD5E
:109D30009EB6123C5D6EA8BD4E5CBFBDA162BCBDAF
:109D4000362B89BDA269D4BDFD6932BC11C1773DF6
:109D5000199A5A3EDE99AFBC02F10F3E9688943EA6
:109D6000C031FB3E7108E53DF591F13D84F60E3DB5
:109D7000804880BD28C354BD727EF83D6F1FBE3C35
:109D8000E35667BEE84535BE464342BE45930EBE28
:109D9000D0A728BDF5C1C23C513AA1BD20F789BD6D
:109DA000CB63283D86344E3D98D3C03DC33498BD27
:109DB000745BD8BD8BED1BBEB0CE9CBDA926A93E61
:109DC000C0540F3C0D6CCD3C6E08213EDA73A73EAB
:109DD0007B705E3E74B43B3E8D6E503E00F6E6BC3A
:109DE000D95A5ABDF6BB18BD3B1EBA3D66788539B7
:109DF000615F81BDE28EA3BDC43774BE6FA5C9BDCE
:109E0000E6F0113BC04EB3BC8AA9FEBD420540BC82
:109E100049345BBC6D03253D7CF90BBEB39057BE46
:109E200056ED6DBCEB41AC3D4FCBEF3C137BD33ECD
:109E300046738D3E9346303D7B4E7D3EDB15E13DC6
:109E40008A282A3D5D022F3E2073B03D5C88813D0B
:109E5000A9796B3C3BAF3C3DE042083E40DB053E10
:109E60002E81323C9DEB4CBDE7E040BCCF66ED3D22
:109E70002614863C1048163E366BD13DCCDF093E99
:109E8000972E1F3D5E36C13DA5FD2D3EE0E3EB3C28
:109E90001BC14A3E05A3BF3DD8650B3DC684C23EEB
:109EA000264E26BD5D9BB53CEDF6603EA0C179BD5A
:109EB000BE8172BD0EE75E3D60D4EF3B3804883D45
:109EC000F4C7843D2137BFBAEFD83ABD981AF4BD24
:109ED000312BA03D8701123EC5DF123DCB99C7BA99
:109EE0004118C63D846B533D902D333DF92C543DB4
:109EF00076E0643E0DE8FA3D94A8573D48C8A13D80
:109F00004EB6D93C7736583E52C6963E175F6D3EE8
:109F1000E001ECBCD7AFF4BCCFBCBF3D6FDF963DDA
:109F20009C6751BE1D08CF3D6BEB483ED1B5B33C9D
:109F300090A0D63BF1AB8EBD3A5302BD3723773CA0
:109F4000543FCD3C2AC8563DF47EE1BD4E4268BE2A
:109F50009DF576BDE8573B3D352EAE3DC88F023EA0
:109F6000526E903D28969E3CDC0813BDA41AD8BBC7
:109F70007701A83E774F923E2D4B443E59CEFD3C93
:109F80008CE9003D104D303E9725203D7C64D93D45
:109F90005E9D6FBC5875613C4C1E2E3E2687A8BB4B
:109FA000165356BD0D063BBE777400BDE18120BE41
:109FB0002EDFEDBD3874D6BD8FA2C9BD4D0960BE80
:109FC000AE90C1BB5D24F6BD6329F8BBC063073EFC
:109FD00022FCFC3D06DE233E50DFF03DD440CB3D6D
:109FE000205F903E6FE2323CD7D27EBEF8C4E8BC20
:109FF000ECD854BD55528FBD7456453E085F633D45
:10A00000325B59BE8015F23D743EFD3EF3D62F3EC5
:10A0100056282D3E025B6CBD03BFC0BD3FBDC0BD19
:10A02000E37DA2BDB9613CBE66F2A2BD31CE28BEC1
:10A030004EC713BE94135BBE2652CCBC19B957BD94
:10A04000B69DF93DC849653E1430C03D64FF3B3DB7
:10A05000713A3C3EA6C3EDBDA4D685BEB5D8153C2D
:10A0600093D4883D34B67ABD9B5074BEB959503BE9
:10A07000712A0CBD62A49FBDA5C9033E8A756D3EC1
:10A080007976153EF34D47BD80E5913DE01FC33D18
:10A090004FCD703D3FB39FBD98FF20BE2140D5BC42
:10A0A0002674F0BDA2B180BD27AB16BEF0814CBEB8
:10A0B000F75DC93AB084143D3346413D1EA96BBBE0
:10A0C0005BFD7D3E5F20153D7821E1BDBCC21FBD1B
:10A0D000E691043D18A954BC29D61E3DBFAD1BBC5A
:10A0E0005411FE3D13B8173ECD2C163E984F983EA6
:10A0F00071CFA23D4BD1C03B37B4F13CFDC5FD3C17
:10A10000635709BA6F01A7BC0844BD3C088064BD11
:10A11000DB768DBDEAB6343EE386EFBDD37651BE25
:10A12000434138BE00B4973DCD115E3ED343943ECB
:10A13000B262943E1690D43E1534113EED0D953D1D
:10A1400036FB58BD747EF9BC5F16023EEA0DDABDDF
:10A1500033EE713D7519B63E258A343E89B7543EBB
:10A16000C3FCA43E5740503D9CEEA73DA2931C3E2D
:10A17000B67A443EE2C0713EDF407C3EB2EC633DC5
:10A18000AC7D753EA5D0993DB9F839BDA44DB5BD9E
:10A19000650F6F3E3B6C693E6681D63D9905CABD31
:10A1A000A61EEBBD58E8823E7234C33DB0E4723C5B
:10A1B0001695693D1EF61DBD66245E3D70FF55BDBA
:10A1C00093B09B3D8050233E8E948D3EC128AD3E82
:10A1D00066B8C53E3D97063F33EAB13E6C2E173E4A
:10A1E000E918673E38EF1A3F554B213F9AECD13DB5
:10A1F000B989083F732AC03E1F49453E2020403E92
:10A2000044C8AE3E05EFB93E2E19D63EE1D5173E05
:10A21000F0C6113E4D655EBC58520CBCEA8219BDB9
:10A220002C9DCF3C74A083BD3585843DC056E63C53
:10A2300000CE873D1C3B1BBD7EE22B3EF964D03C2B
:10A24000DCE02A3DF411283E14F6823E55883B3E60
:10A250000997603E01FF7B3E75E3033FD9528F3E75
:10A260007D3ECF3EA0ACE03ED1E47C3EE837103EE0
:10A270004423C1BC0D76813E0957BA3EA9B4403E85
:10A280007B5D49BD8084553A659AABBD80C7693A0C
:10A29000796BAABD546037BDC34B82BD0E5AD6BC84
:10A2A0009ED8D8BC901DA93B56D0413DC6AB5A3D67
:10A2B000208949BC82EB653DB074BD3BA00B4D3B92
:10A2C000E8B39E3D2C161B3E7DE36A3D75C7283DD5
:10A2D0005FA253BD98E123BC8969ABBD5337863D6E
:10A2E0002035E4BB4144A23D8EB07F3D262D473D45
:10A2F000F8F2113D40DA483C2899663C0DEC45BD2A
:10A3000038AC093D69AC2ABD3B9C823DB9CF48BD04
:10A3100075E20C3D2F978BBC442F5C3E6C66893EEA
:10A3200057C1043E3DB6EA3DCDD5213E0E28383D0D
:10A33000DAE0933DD8110A3E2759073EAF94253EF7
:10A34000EF8F1C3ED456203ECA4ADC3DA64EA13CAF
:10A35000ADCF423E834E213EB0274A3E85E6A03D2A
:10A360006F7E8C3D0076343C245E5EBDB961803DDD
:10A3700000E7233CC07414BDE70B363D9841CC3D4B
:10A380001197E93D0065253EDE878A3EF266AA3ECA
:10A39000CC62B33E17BAA73E05BC0B3E0A69EB3D43
:10A3A000797BA43E80DC383FABDF383FAAF9C53E5D
:10A3B0004DEEE53E52C1773E833C06BEFF89AD3D82
:10A3C000D201553D3DF06ABC33F6023E8114943D06
:10A3D000341D8DBBF66D7C3D64A4C0BCAC48FB3C19
:10A3E0004627393D0EA4293DE5DED8BC5E929C3B54
:10A3F000D84F733DA9F02F3E3A89EE3E1158F53EF5
:10A4000061900E3EB217DF3EB8A0A23E5A3B583EC6
:10A41000807D4C3EABB69F3E5F4CF03EF593CA3E0E
:10A42000FFE8BD3E3367F43B3D669FBDE541823D9D
:10A4300040ED313E62C7B43E984F283E3302DA3DCC
:10A440006E41A63EFA1AA03E997D733EC903873D30
:10A45000642C9E3C05AEE3BC4454243C220602BE60
:10A46000DB38E8BDB54BFEBCE4CA1B3E96C6F33DE7
:10A4700029C84B3E79416D3EA9D4B13C4A4D8E3D31
:10A48000DE21FE3DCD40863E95304A3E8186B53D7B
:10A490001088203E835BAF3B796240BEBD5DF83DD6
:10A4A0004946283E5F0AD43D35B20EBE916270BE69
:10A4B000FC64DE3D0E5609BEB57654BE36924D3E66
:10A4C000E86BF9BCFA275E3DD51014BD021FB4BE7F
:10A4D0007B2992BA718A0CBED6C8F5BD8039D1BD30
:10A4E000B5D1FC3B5894803DA96DC2BD5B787CBD65
:10A4F0009220133D3008FA3D27C6043E1A7F163ECF
:10A500009C6E06BCCF6DC8BD2B6E8FBB01D1073EC4
:10A510009E7C613E8D1DA63DBBA69F3D6C80D53DBA
:10A52000C3A3EB3D348C53BDFABB1B3EAEA5953E99
:10A5300098FA20BDE070BBBDA8ED9B3EE3A654BBDE
:10A5400067302EBE64CECCBDA00C97BD1C983DBD1F
:10A550007FDADD3D539AAABDAE6F89BD898153BDB7
:10A56000576316BE8777A3BD29D2C7BB20F04C3DE9
:10A5700090A83FBD63EE703D222CA0BD0910BF3CEA
:10A5800068023E3E210E293EF0DA873D94E0AABCE7
:10A59000A728F0BD516040BD4664023DC750013E52
:10A5A000B2D1C7BCB9BA43BE3F3A073E37E1EBBCB4
:10A5B00088A90DBD56232C3EE1DF01BE3A1C1F3D8C
:10A5C000FD2569BDDFE6F0BC0671083D9309913DAC
:10A5D0005E50853AA29E02BDA659C03D6AF78C3CEA
:10A5E000C8F58A3C0DBC3FBD7A77AC3D0B6AD43DC3
:10A5F0000269993CC1F0FBBA4DC5583E8DD36CBD84
:10A600005562D43CB9FF2EBE23D5CCBE7962093E3B
:10A61000689662BB613FD13D3B8C37BE70372DBE23
:10A62000A48E243E83C50D3E2861F8BD5D4588BCDF
:10A6300011AF63BD66FFCDBC07CCDBBC0509553D42
:10A640004A99CA3C622A4A3E280131BB83CB803DED
:10A650005B47E93D7F79643CEF189DBC6C112BBDD5
:10A6600013FE353D0D36C0BDA40C083E0B34983E9C
:10A6700065A323BE5FF48CBE06E584BEC4F511BE9F
:10A68000B6A0B0BC68780A3E411C8DBD19E0273DDC
:10A69000659F193E5ED39D3BFF1A5DBDC296D0BD3E
:10A6A000CEC4D8BD089E0CBE5B5D123DE63A223D8D
:10A6B000E11ECCBD5392A0BD0DDD0B3EC6F6D03BD6
:10A6C000D6D897BDD2E630BE7A3AE0BD14B84FBDB9
:10A6D00064B2D43DECC1BABD6B8176BD41C017BD3B
:10A6E000AB2056BE7AD739BD77A1F83D788A4CBEEB
:10A6F000BFD447BDA30C4A3E158C6E3D7C6ABA3C64
:10A70000307D773DB56E853D4C56D5BD36B7E4BD41
:10A7100008F5E0BD3225BF3D980DAB3DBEA2503ED1
:10A72000C11DAF3C518793BD994DB83DD0A17F3C31
:10A730008D574ABEFDE560BDBF3433BCBA963ABD05
:10A74000A9C81EBEBB8811BD2D6C9ABC9EE339BE44
:10A750005C78CCBDB4071FBEF8FEBD3C5E3283BE44
:10A7600077DBA83C7124103E24E11BBE7FA6A9BE66
:10A770005469D8BD181D00BDE8A9DEBDA2B6873C4E
:10A7800080C5F1BD1D9B4BBEEEAB043C74197BBD77
:10A7900014D0E03DE7CD2B3D4D73CBBDF071883D2E
:10A7A000CD8BE73D8BEC1D3D1AB40ABD704A733C5E
:10A7B0003BAF02BCE0AF993BEDE652BEE2A281BEE8
:10A7C00072F216BE1E64433CD436F7BCAEB088BEEF
:10A7D000B5C94B3CD35DE83D564A9ABEEEC6C1BEF4
:10A7E00064B3853CA74F71BDDF0F28BEB65196BE3E
:10A7F000320C48BE7C2B12BE1C2E1DBE42BBF4BDCB
:10A8000023A1AFBD671D813D565443BE962D0EBE9C
:10A81000E1ADAA3D9853EF3C9BD3BABD78924A3D37
:10A820001B7E97BDFA910A3D661100BE78C355BEE6
:10A83000C7C249BDEDC4913E892820BE14F6F13C43
:10A840001DB2913CF7DC393DD6C72D3CDDA78FBE4C
:10A850004844CB3C1B1C13BE39F9CABD611351BE21
:10A860004712B4BE209A41BE3E253CBC5D9CBFBD94
:10A87000A32F83BDD7AFBCBD0CFFC1BDB7A5AD3CF9
:10A880009170D83DDE3D253BD6D9353B1D81A83D95
:10A89000332C44BD40E2A2BDA8F6713CC0E61DBA0F
:10A8A000180D933D8131CD3EACCD2D3E7802303E2A
:10A8B000D339293EFC0733BED7F7C4B91CD9D6BC5F
:10A8C000A7CA783DFA943BBD78D1353D93F1083D58
:10A8D00017F0DDBE18AF7DBE998C73BE994F503D09
:10A8E0009BFD23BE8EC9693C25E31CBDFE2D1DBE0C
:10A8F0003A1D2FBDDD53C1BD953509B9086A8F3D9D
:10A9000090CF3FBD9E1AA1BCB4A6F9BB515E7F3D5E
:10A91000AA7292BD18C8483EDA6A1B3E583A653E94
:10A92000F184D33D3A3182BEE7C8DABC1A0673BA65
:10A93000A2C1333EE22DB23D663D3A3BE945E63CDD
:10A94000831AADBDDAC658BEFE5ECCBEE192B8BE7B
:10A9500033BEB6BE288292BEF1C74ABE604C07BE67
:10A960000DFBBABDAF57A9BC6305363DC8AC0C3E64
:10A97000336E68BDE30EA1BE173B74BE3F5B99BD4D
:10A98000ED03E2BC25C3653ECE0B5ABEE37BAA3D78
:10A99000DC9A5E3E1405F6BDF92905BE758EE83DCC
:10A9A000FE4F053F10B2B53E7D2B883EF7E1023EDB
:10A9B00022310A3E9A0CFC3C8805F9BDC1638DBE6C
:10A9C000E082C8BED75D95BEDE75D2BDC71300BE9E
:10A9D000BE1EDCBC45F6B83CA6EDE3BD03A2FC3DC3
:10A9E000ADADC63D86EE40BEEF5527BDE8A1C43DE6
:10A9F000CA7E03BE97FBFA3D448FCFBC6FF98E3EF3
:10AA000028BC13BD714985BED9BDB1BD4D48A83B19
:10AA1000C351D23E7402003F9A95123FB6D7D43E3E
:10AA20006E84A23E5940DE3E1937A33E294E0C3EAD
:10AA3000388D24BB81EF3FBEF62065BE072546BE9C
:10AA4000EECA25BD891D283C8FE40D3E759D143E40
:10AA5000595DF53D6CF489BEFC5DC3BD5974F2BC13
:10AA6000F26498BDDBFC1D3E4D92023EF3A4D93E3C
:10AA7000C13256BED848D1BD7C1B01BEBCDB37BD40
:10AA8000DA82BB3EC2BBC73EAF791B3F8D47EB3E70
:10AA9000F8140D3F7A35103F4E9FD73E11C8263E21
:10AAA0003734483EB55B3D3EE4F5F43D60EAE13CB9
:10AAB00017DDD23B2D61193EF436AB3DBC4B903DCA
:10AAC00045B8813CDD8D6D3CEDEEA53DAA00893C8D
:10AAD000F5DD0D3FF5B4833E09030C3D80D3483EC0
:10AAE000974354BCD6DBA33D4897B1BDE45F8EBD10
:10AAF00098E92C3C40B9AD3D82D08A3EF6E08A3ED2
:10AB0000E7CDB73E02761B3E2A9C883E0999E43E7B
:10AB1000A19AFD3EF2F4073F3450733E4030413E6F
:10AB2000B86C1A3D8DFFEC3D77A8BB3D377114BE64
:10AB30004301443CC8660DBDC216DABC62A58E3D19
:10AB4000D69A943EA70CFA3CDAEE153E0525E4BCF5
:10AB5000E204B5BC35B0A73C838DD5BE603DABBD2E
:10AB6000392714BE8637F5BD948CEFBD4B94C6BC17
:10AB7000ACE83B3D8EDF40BA5D80413D04A5193E07
:10AB8000DB8D823E86366D3EEFB51D3E80610ABD8F
:10AB900047F530BDFFB615BEEF8980BC17B79C3CAA
:10ABA0003BF9A93C69CD56BC27B190BD37185F3A37
:10ABB000706BBFBD1E8F9BBEB121A63D61FE02BD65
:10ABC00015FDD2BC12B9D9BD4098FABEDDD97CBD05
:10ABD000831188BDA9E834BE8FA53CBDA494F8BDFF
:10ABE0004E64603DD3CBB53DB5DDB4BD21C702BEDB
:10ABF0001B03413DE7047C3E5126663EB377693C2A
:10AC0000C636A8B95D0452BDC12BDD3CFE4C0E3EDC
:10AC10004250233DEB4638BE2C770CBD0D27233E1A
:10AC20007251373EACCA5A3C16D3963EECEDD43C3A
:10AC3000FD7FB23B789CEABB48891FBE3BCCF1BD8F
:10AC40002F1B20BEDA6A51BE3AEC0BBE78A617BEA7
:10AC50008F9E0DBE5C82EEBD89C571BDB02E95BCC8
:10AC6000CB833E3E1815273EE6BFCA3D3501243E44
:10AC700067C8133EEA5C0F3D01E850BE3AE527BEC7
:10AC8000081598BAE4F4A0BDDA1E0EBE98CCC03DFB
:10AC9000D2E0393E792A713D4E1387BECF11B5BC43
:10ACA000B45129BD9A2C353D219C94BD122166BE1C
:10ACB000F3758FBE632F32BEB4B8F7BC4CD82A3DB3
:10ACC0001AFBA0BD2AB7C9BD10918B3CDEC0653D03
:10ACD0006A724C3E8F34113ED0DEEC3D6E7CA13D5D
:10ACE000E2468A3D4E6D7C3C800B3ABE110DEC3B3A
:10ACF0005780B1BD1AC6E0BDA2C6E9BD474E27BD0B
:10AD00000F52253E7524C33D39198CBE282B8ABDB0
:10AD1000B0099E3B40B9093D2D8E463E28E9E4BE70
:10AD2000AA31C6BDB91F4C3D14C4673D07DD3FBD08
:10AD3000149088BDBEBE9B3D4F59B4BD0E9C6B3C6C
:10AD4000C2C5553E45A6053EFC082E3E63ED803E3D
:10AD500017F3183E8D9C373EC721A13D059770BD66
:10AD600057E374BD7A4CE4BDED7B79BDFA5C17BE48
:10AD7000272C023FEE8FBF3E02CBD53D5C48BF3C47
:10AD800090AA0A3D91CBA9BDACBA2EBC043CAA3E08
:10AD900034F1463D40FDBBBEB78D70BD1A06763D11
:10ADA000D0B606BE35A9E8BDA77FAEBDB45FEF3C07
:10ADB00033567C3D2A0E3B3AB7E4653E42D25B3EB9
:10ADC0003B5F3D3EC07EA43D8CE754BE412CA1BEFE
:10ADD0002F96003D7951583DEAB9223ECE8643BEBA
:10ADE0008FA9D4BDFA86373E32750B3E9C0DDA3CF6
:10ADF00020860E3B28D0E43C00FB48BB60CD103CD5
:10AE00000F2D393D966AC1BE9CE7BCBEC93B40BE12
:10AE1000E225B93C1200913D92EC64BE6820C0BDB1
:10AE2000AC20ABBECDB24FBDB6244BBD86FDBFBD81
:10AE30002BE4F33DBC91F13C4B68BCBD3C316A3E18
:10AE40006E384C3D57223D3D7A24D3BD92A1143E2D
:10AE500045CF01BA460D3DBDF4A6FF3C540F3BBDA6
:10AE600046C6603D7AFE503D8E1997BDD8FED83C4F
:10AE7000EEE4B5BC6537193D8A10023E83C816BCA6
:10AE80006A2D9FBCDBBB913E1BE9B13ECD90A03E3D
:10AE900081CAEB3DFDED1B3E00290FBDAC67E9B853
:10AEA000732DD03D0506AE3E47558E3D281D9D3E77
:10AEB000352CAF3B854B6ABEE7F986BECDFC55BE4F
:10AEC00013CD8C3DA0D4213DC8D158BD4B3D923D02
:10AED000B9ED90BD964EF9BC62B96ABDE84805BCB3
:10AEE00015ABA0BD60DC20BB9F629A3DF8DD8DBC38
:10AEF000082742BD80ECEB3AAE80333DF6554EBD9F
:10AF000096E8F3BCF2B4D2BDEB01833D308597BD2A
:10AF1000808801BD3A97623DE9411CBDB0443ABC0E
:10AF20007413043D008EDA390A7E80BD961777BD12
:10AF3000E5D319BD0F849CBDE7952CBD06C692BD17
:10AF4000C8EBAE3C44AB8FBC9B9814BDDE2A783D69
:10AF5000F22C7CBD8075C4BCA4E104BED50994BDAF
:10AF6000C990A73AACFEC3BD8A77E7BDFE2EC7BC29
:10AF70003F7E6EBE83A122BEDE28AC3C54265ABE64
:10AF80000C46C2BE666BDFBE8068EEBDF5AB36BE5A
:10AF9000042946BE6AFADDBC0A960CBEE8DF3BBD5A
:10AFA000DA91043D30C6443C06EB3C3DC476B43CEB
:10AFB00064A39ABD234E883D30D48A3D01D4F3BBAF
:10AFC0001161B5BCEBEB48BD226238BDEFEA87BD2D
:10AFD000E21962BD979BB8BE07B240BE64FE92BE46
:10AFE0002477FDBEE91EF3BE46D928BF09EB98BE03
:10AFF00035ADF6BDE57965BEC2AD863DBA8FA2BD61
:10B00000B9848DBE1D8585BEB473B0BE9A97A6BDAA
:10B01000B26CBFBDF3F002BEC8B51C3D2884E43C51
:10B02000FA08643D1848F03CDB2EB2BC307801BE13
:10B03000D7AE173DB2049BBD3D8856BD26DAFDBD97
:10B04000BEE1E8BEEAA7D2BE652E81BE2E34A23C88
:10B050006E001DBE9BE678BE4A6283BE9247EABC84
:10B060008C936ABE5FDB20BEA77EF83DC07328BD0F
:10B0700019E06ABDAE08823E448E1C3EFFBA94BC05
:10B080000A3315BEDD8C70BE9ECCADBED2DE1B3D3C
:10B09000422741BD3984A0BB6CD23F3D7EE2753E64
:10B0A0006165DFBCF315003E588ED3BD1CEAB83D88
:10B0B000428EFDBEEABAFFBE2F5F95BEF0D389BBBC
:10B0C000F01B2BBED38431BE9415B83CA409C23DFD
:10B0D0005D64F8BDA3C44EBE9E04EB3C4D9B90BD89
:10B0E000F4A7773D93F8E73D7D0E1E3D3726233EBE
:10B0F000C9433A3D334C703D704C883E4EDA0FBE2A
:10B10000329778BD17AF9F3D1A411DBDC77ADEBD8E
:10B110001CF185BED8CF843E3E164E3D0CC8643C23
:10B120006B7C51BEBEFDD1BD8ABD8EBE41C9853D81
:10B130003B2C483D6525723D3DA1933D1279DD3C98
:10B14000DEC4BF3D1E0337BD52CA2BBE323F1EBEFA
:10B15000C215E4BDFBCC9DBDD0FC173BD43CE9BD82
:10B16000D4574BBE096FF03C7B4E053E44CF9FBD8C
:10B17000EF04983DA57D6FBCC3F5513E5C6EF3BDF9
:10B180006D501FBD2ECE993EA2696ABDFA9CE5BDE9
:10B19000649457BEC4DB06BE9455D73DCCD9843EDB
:10B1A000A08D5C3B5A2FA83D832C053E6857A1BD5E
:10B1B00028C1333BAD95B43D82B1F6BDFC5F823D05
:10B1C000E9C242BD28A70DBEDB91043E84CA8E3E73
:10B1D0005E39C73E2E4BF23D1ABC003F204D0A3C63
:10B1E00052B74BBDA570003FABB2A9BDCB6E6B3E55
:10B1F00061895E3E399687BDDE1BAFBEAE9F12BE33
:10B200007D7500BEE1471B3E92621C3E1101F93D77
:10B21000E6D9123E345803BCC2088E3DB57C7B3B58
:10B220008745053D43318FBD1F78E8BC281EBC39DA
:10B23000EB14A73C4ECDC23C4F76D7BB89872C3E42
:10B2400024A7C2BD9F6C9CBDD403C63EACAC033EDC
:10B25000A902D0BC7A50DD3E86D63B3EE595073F3D
:10B260003AC4C83EEE397DBDDC5908BEACE4063DAB
:10B27000F84E943D831B2B3EF9BD8FBC6E200DBD57
:10B28000D3D2AF3DCF75083ED6084F3E680EA43DE1
:10B29000FDD27FBCC85A5ABD52E7063E5AA5EF3CC4
:10B2A0002FC3BABDE543D1BD2A24953C9ED385BDAD
:10B2B000C84F423E5E210F3F52C2C83E7EAD7D3E2A
:10B2C000FED1713D84F7F23EDB445C3ED85CAE3D7E
:10B2D000EE87953E5596B9BD6C4911BD78EC77BDAA
:10B2E0001C07973E9859163EF9ED70BEFBB74DBD51
:10B2F0000C09EB3CAB7AE5BC8542323D40621EBE98
:10B30000D68BD6BDE6AE2A3EE9093A3E78387BBDFB
:10B31000C03E8DBD0129833DF528203DFDA930BEED
:10B32000E2F4273E0549253F507CFF3EB284813E32
:10B33000DDFCF9BCD25FDC3EE8C5B53E11684BBD13
:10B3400085976C3E30FD1BBEE39AAABE492A68BEB3
:10B35000F91DE53C19C070BDE191183C66DA4FBD9E
:10B360002E48AABDFE3987BD54470BBC99DAA6BD4D
:10B37000BB4400BEC6C499BB89DF273D9822AD3CC3
:10B3800016941B3E019A3F3E3D59503ED24D4B3ED6
:10B3900069409B3E99FACD3E75D4133ECA139D3E3B
:10B3A000DCE6263C0EE95A3E13CAC83E82D8B33EBC
:10B3B000E793D33EF194E23D4012D9BD6BE709BD5E
:10B3C000D66CB83D886A3B3E4B27E73DF457CABD73
:10B3D000C64F07BE6D9D10BDC961C53DE2F1323C4F
:10B3E000418634BD3420243E6654FD3D4D9BE5BD71
:10B3F0003B96843C6FC5173EB3CA783E789F003EAB
:10B40000C134BC3E6CA8EF3DC000C23E1BD6B03E6E
:10B41000297B843DDBAC1F3E6822143FD4CDAD3E7A
:10B420005A9B4F3E5DA0973D5EB9FBBC3EC6953C26
:10B430004EA7CC3C5EC8133CCAD19D3DBABD86BD6B
:10B4400056F6A4BD7607213EDF36113EC194C83DB5
:10B45000B092153E16CE103E3B1412BDEB614BBEB2
:10B460007B6D35BCD0B19EBDCD32ABBD0008923DE9
:10B47000AF7F31BDFA38A33DB40A8A3E38DF773E4C
:10B48000631894BDA8A9813DA00DEA3E25FBAA3E04
:10B49000D3DF123E0CE4A9BD493099BEDA4367BE42
:10B4A000802DDE3D66852E3E6F7CC83DED847D3D62
:10B4B00004B4403DCF68883CCA484F3E7B88F03D8D
:10B4C000F9699B3D33A1DBBDF55003BE11C85DBEDC
:10B4D000F168F7BD74693FBE68B8ABBE62A9B9BE7A
:10B4E00082B4C6BE246F13BE8F3810BEFC2504BEC6
:10B4F00057CC243E6BFA583E29FAB73E422AD13E39
:10B5000084CD763E6D6A413E1F38B5BE28D978BEDF
:10B510006320EB3D8245303E60869C3E27FE323EF6
:10B52000C241883E29403D3C549B823DA8CF90BCFF
:10B530006F234FBC1772203DE598CBBD9A2BD9BC29
:10B540008FF22ABEEA0601BEC1BC9BBE10C29CBDE2
:10B55000A0863DBE98F3DFBE6C13F1BE3662B1BD6E
:10B56000BC23293E370B5E3EE66ECF3EC6548D3E71
:10B57000D5C1603BE497A53D9D8240BE91BA9FBE78
:10B580005784ECBE11B3993CB834263E349AD93D69
:10B590004428D53DACD8C43D696FF33DAB11863D21
:10B5A0006E84263EE016B13D15AAC93D5A43F4BD4E
:10B5B00014320E3D3EB253BC823011BE7D6017BEC8
:10B5C00010BF91BEFB6A01BF42CB45BEE3BD90BD3B
:10B5D000A13D853DD0156F3ED3080EBE72570CBEFF
:10B5E0005A8AE6BDC5045C3D1F9802BE6FF7C9BE0E
:10B5F0008AD0DABE6A4A12BEB2A7AE3C409C3BBDBE
:10B6000063E5C43D3A23553EB63C0439C790223E1B
:10B6100055B0293E6DDB0A3D6D49553D83C047BDA0
:10B62000F774073E976337BEE022C4BEFFAADBBEB5
:10B63000E3E6ECBE028914BF770BCEBE936D86BEE7
:10B64000DEFE3EBD93E7483E27B112BDE0AB88BEAB
:10B65000D3A6EF3D7A6A0B3DA56CFEBB9740CDBDEE
:10B66000D29908BFB9F365BEAFEE1BBE7EE8A7BD99
:10B67000276690BD61480E3E8A2EC63DA8E41B3E5B
:10B68000A5C2483E6FF1C73D0A63283DD1C2DFBD68
:10B69000915B88BD09081DBED73100BE8AEB75BE1F
:10B6A00048E6A0BEAEBC0ABE22D6A6BD7CE4A3BEC0
:10B6B00005E18A3D058DBFBAED74213EE8BFA9BE04
:10B6C00006A2163DB9F25CBCB49503BCB8786F3BDA
:10B6D0008206BCBDA55C61BEB7C464BE5A72BABD69
:10B6E0005414C1BD48B1953B653A2D3EFE56623DAE
:10B6F000E29B2C3C48DE99BC4D916EBE05130DBEFD
:10B70000182F2DBDF2A3D9BE9DAB03BF0620F4BEFA
:10B710007ACEC7BE48A6093CF84FCB3EDEF698BEAF
:10B72000B033B4BC13D51B3E00C80F3E785EF9BDE4
:10B730003DEE2DBE4D1408BD7530DC3C15B0E5BDA9
:10B74000E6CD88BDD40F84BD69C133BE7A05ABBEDA
:10B75000DAD483BEBA50C9BD3854F6BC0C490DBE0C
:10B760002E9AC93DBAD8EF3CFA029FBDD734CFBD5F
:10B770009C3345BDE2F6CDBE4F5E1ABFFA6B1ABFD1
:10B780007F55D9BE88060E3EE89E883D9AB290BE8F
:10B79000C032E93A6EBD203E8E41B23D7E9827BE52
:10B7A000E30294BD7987D9BB03B5043D9A2270BBEF
:10B7B000493C40BD353497BD3B1511BE28CE1ABE5D
:10B7C0002FC70FBE0A1590BDDAE2A4BD628C843D7E
:10B7D000AB204F3D1476D63C25FDF8BD5EB392BD3F
:10B7E000C59CAABD1D8A2DBE7F8968BE189D04BF59
:10B7F0001FCCCCBEF6BF8DBE04B1EABB3E394A3D7C
:10B8000085E126BD6DF0E23C274C783E48F9C03D0D
:10B81000FA08E53C7865413DE431CF3D2CDB1F3E25
:10B82000D46A043D94F1BE3D27818A3DB6250EBD04
:10B83000106021BEFF1518BE54911CBEA1C6ACBD40
:10B84000D0D9B6BD58D5C8BD925C28BE9D5D84BE1A
:10B85000D28F72BEA42D35BEF7DD50BDBF2003BF11
:10B86000202A94BE557C0DBE0F058FBE67DC153CAB
:10B870008C2245BCEA98A93C2262B5BC31E9533E12
:10B88000C3AEA53ED798483EEF9B473D18504F3E6C
:10B89000BF54863D1C42E2BC63D31DBEE0C5A43D3F
:10B8A00073EEC2BC23707FBDB48D2ABCB789F63B52
:10B8B000B48238BEE2E826BEF1417FBE58C517BE4D
:10B8C000AB5DF5BE59BD8BBEA64327BE60E294BEFC
:10B8D000258756BE4694E2BD1D1AB73CC7841FBBE0
:10B8E0004F403FBD499239BD0B8EEABD9B9364BD6D
:10B8F00067476A3E03B3283EBC7598BD1AECCF3B40
:10B90000D959C9BDB35044BE2363A9BD4A5666BCCC
:10B910006DD8FFBDF6B144BD07EF913D239DC43DF9
:10B92000ADEA11BE0D9D53BE46058BBEEC0CA1BE0B
:10B93000B15CB9BEF33224BE32BFB4BC66C69CBA99
:10B94000005389BE60FB1ABE9C0DC2BB954B85BDE2
:10B9500056EE8ABDF0B42F3C726BAB3E45C67F3EBF
:10B96000F5C8713ECD13633E980B843DE7FC053E60
:10B97000A655EA3BB47B9BBD96BBE23C62B2C53D9B
:10B980002021AC3D1D94AB3EA1D9C93D6F02313E93
:10B990000703633D9BA538BCF8ED093E25C4DD3D9A
:10B9A00062F49FBD1FBB1FBE71686A3E1389353E9E
:10B9B0004CAAC7BD96747FBE322908BE7C25E43CE4
:10B9C0008BBBA93DA8C2103D57E49EBEFE7AA93E9E
:10B9D000730B083ED2FA28BE8269E13C15C4B93E19
:10B9E0006B27D73E2404C33ECDD1163F83C1723EA0
:10B9F000BBCFB23EC9330E3F2CA3023F8399153F04
:10BA00005701CE3E789FB33E8DBDC53E7F2D743E1F
:10BA1000A317B23C4F06DD3C7E0F43BD94C380BCF0
:10BA20000BABD23D25D606BE45F05EBE34515DBDA2
:10BA3000DA2BA9BDF39B9C3DD0D8A6BB019EEFBCE1
:10BA4000CFAC2EBEFD2E9DBE02E551BE3F3CAD3DAE
:10BA5000ABD396BD81FCA93EF80F053FC695ED3EE0
:10BA60003142913D877CAA3EFD11AC3EF13A023F46
:10BA7000C8D86E3E117B0CBD71E152BE134B823DA6
:10BA80000C3D1C3E168BF13DA4813A3EC2DDFCBD4F
:10BA9000DE19B9BDD49824BD2223003DF56D8C3D3F
:10BAA000B6472F3D0A83E6BC40558A3B4C0AC7BCCB
:10BAB000E2DB153EF308A53E55E5483DFDF9DBBD4B
:10BAC0008CB6AFBD60F27B3E86A0E83EB1E96A3E2F
:10BAD000A28F5A3D2A18BF3E2C1E073F34C1D23ECA
:10BAE0009C20CA3ED56FAE3D048168BE0783953D5C
:10BAF00017787B3E01CAA43ED808163ED1AFDE3C83
:10BB0000E6546C3DA074B2BB288C9EBCCDB5A2BDE2
:10BB10005A4616BDA2DF3A3D54BDE53CF7E8803DEC
:10BB200000A047B9F0279FBD434D25BD0083A0BAB3
:10BB3000B313A2BD7668133D7BF7923DA9785BBD38
:10BB400085724D3D49D3443DA03F9F3C6026383D22
:10BB50003043293C38D1A5BCC32744BD7296D6BC1E
:10BB600091534EBDE87741BC01E470BD5083FB3B6F
:10BB70005099893C58D4A13CE821B0BC1160AA3D41
:10BB8000FB3C07BDA0469D3C73DB923D8FE5A1BD0C
:10BB9000840C123D58DE4B3DC167A63DD13D80BDB2
:10BBA0004F125B3C26DC0ABD114B0A3EDF8CDF3DA9
:10BBB0005648B2BDF960FABD988455BE08F25EBE23
:10BBC0007852BDBD9A0033BE06AB9CBDAFD0B9BDA7
:10BBD0008586F7BDE44B8CBEDEC6603BC583393D30
:10BBE00065641BBDFA65563DC8CEA63C880200BC04
:10BBF0004131973DD0A7533CE4FB84BAC951DEBD27
:10BC0000B56B50BEE20E4BBDDC9CAEBBB80656BE5B
:10BC1000EACA133CCC29623EE117713D5327913D9E
:10BC2000CEC9513E52D958BD2CF6963EFB70CDBCC4
:10BC30006BED4FBEFEC6393DA0E059BC7B7DF83DA3
:10BC400088E41B3E999F043E61F49F3D6230EB3DCA
:10BC50006424503E078A313EA64D673D2898D4BCE7
:10BC60000C79C23C549378BDD58F503D764672BE58
:10BC7000EA250ABDBCF04F3D4BFDAB3DF14D29BE61
:10BC800002628B3E902D503EF88CD93CA4F25ABEF5
:10BC9000657590BE36B1B0BDED25083EE6FC023EAE
:10BCA000C97D193E37AE2A3D4F50ABBD82C04CBC5A
:10BCB0005FE5CABDEAF60BBE9D5A313CFBBB6CBCCE
:10BCC000EB86433C00140CBE1612C7BD3BCE1EBD16
:10BCD0003F349B3D4DD299BAAE6E133E92013FBEAA
:10BCE000F0ACFD3C0F63873D143216BD79F8B83CCB
:10BCF00016C2033F3C773E3F8B684E3FC1CA4E3E63
:10BD000001D4543E04DAC13DC90467BC59AC963D28
:10BD10007DB4473E37EB783EA3B98C3D5A320E3E98
:10BD2000C0AA873E71D760BD4E1255BE8D8863BED6
:10BD3000218232BEE01644BDA0A999BEFCE9E73CD1
:10BD4000869C5C3D122E383DB6FE693CD9D90CBEAE
:10BD5000A1C9ADBD285EADBE99B059BEE26DACBC07
:10BD6000DBA7803EE8385D3EFA69EE3E5602B33E00
:10BD70009DD49E3D013192BDD4C902BD3D962B3E5E
:10BD80000A681C3ECD79B0BCB632583D929CC5BD08
:10BD9000E152043E34E11E3E036DB5BDB88390BE52
:10BDA00095241BBE7D185C3EC22B8DBD717AE1BC13
:10BDB000D6C12F3D22F8DF3B9B5C74BAE7D48CBD23
:10BDC000CAA174BD1A5B0ABEDFECEEBD3F6014BEB3
:10BDD0002D4B11BE48D7753D60D5A13CFA39E6BC64
:10BDE000C5C93DBDB7FB7DBEB3BCC4BDC0FD1B3DD9
:10BDF000B53F863D6B7DD93D8C4C123DFB1531BE68
:10BE0000BDAE11BEEB1E623E582FFC3CAAC917BE48
:10BE1000E35005BD38D13A3E052024BCAB8909BDAD
:10BE2000F37EA8BDD4F07CBE49D27E3D4D9894BE31
:10BE3000696C7D3E2725823E51BA1D3EC5124BBE20
:10BE40008527AB3D4CB5243DE6C7693DF7B1D73CEE
:10BE50003A1C1EBE7CD833BEC6330DBEA58B41B87E
:10BE6000CCB476BCC1389ABD50ADF63CD69910BE64
:10BE7000B92935BED2E0A1BC9A51133DA7FA97BEAD
:10BE80006719B3BDC132CBBDC0FE6B3ECA9814BEAC
:10BE9000E43703BD256822BE95239D3C55F387BE3C
:10BEA00081576A3E30D2BE3E4119903E6F428A3B76
:10BEB000BCA41D3E32798D3D45D7343EFD2A3C3D24
:10BEC0008FD2AEBD923BC0BD939A59BE967724BE29
:10BED00033E63E3D4E3C4B3D884D313D346BDD3DC0
:10BEE0009B8A5DBD793E47BD06AA9ABC6A59C8BD0A
:10BEF0000F6C97BE9A0A89BE0622C73E0CC2CCBD03
:10BF0000F0A0C0BDE6F97ABEEAE94E3D1FEAB33CB7
:10BF10007D2DA43ED147A13E0531743EA0923C3E0A
:10BF20006D4A213E944D053EF352873EE52E6B3E11
:10BF300054342EBE1FA925BE1ACC27BEB7D225BCAD
:10BF4000CAAAA2BC834011BE2034A03C2740C8BB73
:10BF5000694811BE79CBCC3C09503C3D8DA2183DBF
:10BF6000F16619BD704817BEC953ACBD04CCCDBE37
:10BF700011D5CABD999CCCBDD075E63DDB16B83C49
:10BF80009D83433E8C78313C63A6973DDBAC223EDB
:10BF90004CBEBA3D1EC40B3EA91E263E1BB2273E18
:10BFA000C074833C90431BBEE6A0E3BD509D51BDD1
:10BFB00040B120BD58F1B0BC38FE593D6AE13DBEEC
:10BFC000F71E74BEC8F017BC28A6AA3DDA63FE3D72
:10BFD000B20493BD101DA4BE96305ABE4CDA47BEC3
:10BFE0008271B9BDFF3549BD01ABFBBD00CEA0BE1E
:10BFF00035F14F3E842ACA3D9F531E3E7540733D26
:10C00000D8A3F4BDAF3E693E03B58A3EBA69383E57
:10C01000ACCA9B3D438881BE87F556BE3D157BBCAF
:10C020008A2741BDEE4576BE1A6651BEB0D7F8BD2F
:10C03000BB26B0BD0F568BBDE88A1B3EE73C313EA8
:10C04000214D813D4A56593E0D5A58BE36EBBBBE76
:10C05000612E163CA6A70BBE51479DBE096ED0BEF1
:10C060001A1E80BB19F0713DF152803EBFF77BBDB7
:10C070000C0CAEBC0420363E6084FF3D72C289BD0C
:10C08000299CC5BD47F887BDC97119BEFFC32CBE29
:10C09000BF5B253CDE3506BEA2B751BECEF7AB3D39
:10C0A000A103C63D82CF823EE6B5CA3DF17F763C14
:10C0B0005838D53D7DF6B4BE5D4FECBEAE8F9CBE0C
:10C0C000D72A393D76BF0CBEA166DFBE1577D5BE37
:10C0D00048F782BE65741EBEF5432ABDED5AA1BD68
:10C0E0005E503E3E2192DC3CF6C4BCBD55CC40BE09
:10C0F0007C8D593DCC51163EF13714BE4912CBBD53
:10C10000087EE2BC08D05E3D8375C83D1F182B3AFF
:10C110004114BD3D6FC3BC3D119B35BC20E5963D30
:10C12000C032C8BD5EB591BE19E31DBEEE2BA43D65
:10C13000939FD3BDB207F7BD87D1E7BD693ABBBEB8
:10C140005BA796BE34A0B8BDC66E123E917DE83D99
:10C150009C7CED3C7B90203E3F58B7BDEB0A4DBD2B
:10C160005DFDC43D99C4933D7A9CA8BC3DC0D63DBD
:10C1700059EE303ED9DCBC3DA804693D20F660BDD7
:10C18000399BEABD4D2D99BD7458A4BC6DE04B3E62
:10C1900030DE533E128E813CAEE95E3EF7925F3D4B
:10C1A000ADE148BD5990FD3B128A083E4C3893BC26
:10C1B00031C8A4BEFFE348BEBE90A4BD0C3DB2BED4
:10C1C000D3882CBDA145453E01E5793E3484053E2A
:10C1D000E0D03CBD8A86393D7F03103D2A4A8C3D24
:10C1E0006F042F3DE9EFAA3D09C126BC823C0D3CFE
:10C1F0007F3B233D33D6D33DC238AF3DB658CA3D11
:10C200003C7C5D3E4B7057BD3914993EF0D2B03D39
:10C210002C6927BD3CAC9EBDEBFBA63EF6B1413E72
:10C220008E9ED5BD4700AFBE75FE9FBD8E1CD93D0D
:10C23000C2BC8A3D4035043E2B726E3E1EEF093E65
:10C24000772BCEBDE5BABFBD232A0E3E6F0D173E3C
:10C2500094A1303EC86B783E016D043EB2A6E03C2E
:10C26000F2E992BD027F9D3EDC11D83E1F83023F62
:10C27000E37D243EBD11C73E36F9BD3E934E243EBC
:10C28000009F55BD4895D5BD6EACE13E7D0EF43E98
:10C290002157303ED1A65DBE7866C6BDB4BF81BD14
:10C2A0009C9027BC25D46E3D5BE2183C0D0D103DE3
:10C2B00085E2A13D68C6E03C58613ABC89D5283D7D
:10C2C000331BEB3C348F7CBB2ACD88BDE687BA3A62
:10C2D00045538DBC1D7F653E8F25A33DBA12C83CDA
:10C2E000D66B72BDC52F5CBE585695BE621688BE11
:10C2F000C1FFC3BCC5E66BBD2F97B8BCFB76E63E5D
:10C30000975F9F3D7ECF07BE6D5D5B3EC7BD0C3D19
:10C31000161EBFBDC85CE03DA565B73D2109B7BC91
:10C3200029476D3BF40485BEC8E14DBEB75AA0BD98
:10C33000458D273D836F9F3B9678133E7D5D013E83
:10C3400064E5A83EDFF3053F21F8B23E2AB4A83EDB
:10C35000FF35003E00642DBE0A46BCBE60DB84BCD7
:10C3600029A6413D4186A4BEDD4D57BE445EAFBD0A
:10C3700076DAB1BD00A7A9BD3814A5BDB850A53C5B
:10C38000084826BAAF1B27BDAF821B3EC4ACE93DAF
:10C390007EC80BBC4B3684BEBB404EBE5BE4B6BD14
:10C3A000F32EAF3DBF49D43D1755C73DF154863EEE
:10C3B0001F892C3FA1E71B3FA447993ED402963E1C
:10C3C000CD972CBE6C4C00BE40B265BDF99F7CBEC3
:10C3D00072315CBDFDAF8BBE23CA8CBD7A7EB23D8F
:10C3E000C61523BEBFE70FBE6E17A2BDBA2EC33C53
:10C3F000D43412BB6F4CA83DBC871E3ED46C963C17
:10C40000CD05D5BD0A0F2EBE1A9538BE328296BC18
:10C410006EB7633EF4E8F93D0963333EDAE9C73E9F
:10C42000D7742C3F06DDD43E7228C93D3789503E73
:10C4300067A631BEAF734CBE4740DBBC3321533DD2
:10C440000868B43CF1B30B3E78C22EBC7CC1553DAC
:10C4500025030F3EEDE33C3EBE18FFBB9AB122BE62
:10C46000BAFB24BEB841BFBDD7CB373D85E129BD5E
:10C470000D86A63DD7D1943D28E7B7BD6179B63B7F
:10C480001DABB83DCAE68F3EA9C5743EE016403FDD
:10C4900045150A3FEB14A83EB95C773E7E88213EE5
:10C4A0008AA882BDFD92C1BCA26D6FBEA5DE10BD83
:10C4B000DAADB7BC5F22213DACF7853DC86A2CBE22
:10C4C0009056273ED1F7F73DF3B303BE636F4EBEE0
:10C4D0008FC42FBDEF7115BE396E23BEC5C448BCD5
:10C4E000318B973C6D75CEBDD81256BD144BEC3DCB
:10C4F000694E9D3E036CB73EB4FFF13EF29BD23EC7
:10C500008195BF3EEBAA193E189DEA3C1E5C223E77
:10C51000DC666F3DF021D43DE592C8BEFB37D5BB4C
:10C52000B18883BD9896223D80D30B3E9245C23C94
:10C53000BD7EE3BD59E3DCBD6F2943BE40ECE8BDE1
:10C540001168833CAE741ABEA6AD61BC255F3EBBCC
:10C55000C066E2BDE65B5C3C33CE9D3DD559483EAE
:10C560002DBC053FB579353F24152E3F5CAADE3E34
:10C57000E77C283E3066C53D0553BFBD1FB6113E62
:10C580006C91A53EFF3DFF3D569CC5BDEA6E46BD84
:10C59000327D403D67088D3DDF99EBBDDC56BD3DEA
:10C5A000A59B90BEEB08EFBE055E14BEE2FEEB3B22
:10C5B00091A3FA3DDB397F3D0C31CBBD5120413E8B
:10C5C00076D63EBD0B4FF3BD904EF93D1BF4943E25
:10C5D0003A670E3F175E2D3F2088173FA6DAE03EF0
:10C5E0004263843E2E918E3E04B3A23CBC88803EC2
:10C5F0000A82B4B921AD7B3EB27E543C803BDDBAA9
:10C60000958F873D1A9A2F3DFAAB123DC6EA64BE5C
:10C61000ADEC1DBCFF9BCE3D01FCC73EC08A7E3EFB
:10C62000458D783DC594A1BD4734853EB057243E25
:10C63000F8C96C3DCA72DC3DAE34973D0709D83D60
:10C640004FC6BE3E6C4EE63E75A49B3EA6B5873EE9
:10C6500087A7393EEE3CE83DC00ACFBDB5791A3E0A
:10C66000F9E1103E68B6653D88C711BCEF8C87BD07
:10C670000685503DA2DCD4BC11F653BD7C26513D4D
:10C68000BC90033EF2552D3EA282BE3DC7CA17BEE6
:10C69000CD23BCBD8C2B26BD8506243E083C7A3DAF
:10C6A000BEA07F3D9B5FC4BE7DC7A7BE91812C3CD1
:10C6B000AC69EC3D50CFCFBC0E79EABCDEDC33BEBA
:10C6C0000F190FBDF32A82BE14EBFABEDD1F263E02
:10C6D0004EAF78BD3E9FA7BC9ABE5E3DF6236FBDB0
:10C6E000E8F79CBD5F1A48BDA01DA03BA953A73D1C
:10C6F000B5D9E4BDDC1F53BE1EE298BEBE2378BE92
:10C70000A7138EBE6F10A5BE16100DBF97BE70BECC
:10C7100089F890BEFE27F4BE0625BFBE4668E1BD7F
:10C72000A6A04DBEED3912BE88D9BD3B8EE02DBE10
:10C73000081B03BDDA3836BD1E7EFBBD39D30BBEE8
:10C740008EE8333D5FDA2FBDCC29203DB0558B3CC0
:10C7500092A366BDAD5BA83DD425D13C78BD46BC57
:10C760001026A13CAA1792BDCD298ABDB1A023BD38
:10C77000B9F613BD34E1ED3C6A4A4A3D3095A2BC9E
:10C78000929E84BC822983BC6018763DA146123CEF
:10C79000BDDE1EBD40068B3B3F23953DE03BAD3BE0
:10C7A00086A2773D28B4F2BCA0697F3BC50F89BD46
:10C7B0009D02843D007B04BCF4128CBCE4EE253D5C
:10C7C0008FA3893D88FF513CAF1A943DF0FF41BDD6
:10C7D0002A05443DECE4E3BD21957ABED6F483BE40
:10C7E000530856BDCF1920BEB7A6A8BDC70117BEB6
:10C7F000F844ACBE6C7D55BEFDCB873D09BB903D7A
:10C800000184113D04FB04BEAC3295BE0E184ABE35
:10C81000977BACBEE11657BE251924BEA0FE1FBEF5
:10C820002C93FE3C20F8473C247771BDC8EC103DAA
:10C83000BC0238BD2B639D3D1922943B24E581BC8D
:10C840009E279ABD585280BD732D83BEEC559BBE6A
:10C85000AAAF84BEBE0050BE3A914EBE833ADEBE41
:10C86000C19F90BE3678AEBD919080BEF12343BD8E
:10C87000C97E8B3E3E02833E80AB133EAE4FA33D4E
:10C880003F7D5ABD3E5AD6BDDD8993BEAA7D62BEAC
:10C8900089E7B03DC12A103E0BDD26BD2A2181BDAE
:10C8A00098CF7B3CC011FE3B03D27CBDEE952BBEE6
:10C8B000940E99BDEB317B3C57E09ABE8D906CBED7
:10C8C0003F05F3BEAC3173BE92FBB2BDF7D674BE6A
:10C8D0002E84AEBE0D45D3BEEE727FBEC942F3BC00
:10C8E00067C8F53D61604C3E93CCA73BC034A03E89
:10C8F0008C1BF23D2A60D63D644296BD79F0E7BDBF
:10C90000226A0E3E1702433D05E0CABEF8959ABC66
:10C910003AFB553D755F9BBCBC00D1BD4F2080BE2E
:10C92000FB9EFEBDE9560E3EA2C616BD8A1313BE7F
:10C930009AD55DBE7927F0BD8680E8BD31D6C13C71
:10C94000288815BDCB35953C378612BE1C97ED3D2A
:10C9500093762F3EC7CD2C3E6826543ED1D8C8BB17
:10C96000B0804BBE3FEED1BCE4A9983CDA15D93D6E
:10C9700079CF033CC68454BD79355CBEE52924BE1D
:10C98000A2B47E3DFED7773D25F4AFBDBACA333D94
:10C99000675FCDBDB2700C3ECA2DDCBDB7E76FBE80
:10C9A000ED084DBD4DDE8B3CE5CD0C3EEB0C843EE1
:10C9B0000484933DE2FA2C3EF5978E3DCF1F2A3E2C
:10C9C000ED1B003E1E18DFBC624A743DDB95C13B87
:10C9D000AEF8E93CF8E0C4BC89D3CF3D660B9D3E80
:10C9E0005441E3BD070AADBD496F82BDCAF464BDC1
:10C9F0001463CDBC35EFEBBD58A5F1BDF207AB3DDF
:10CA000077CC653E92691E3E9143EE3DE3D2A93D4F
:10CA1000171BB93B9CD913BD8745853ED9BA5B3EF0
:10CA2000FD5769BD16A3D93D5725793E74090A3EC5
:10CA30004D9CD23D4F2EA73D6250973C963E1E3DE9
:10CA4000EB64B6BC97D197BB7357A63C5BB900BDEE
:10CA5000321355BD6E7D3DBEE2FD063E6392D8BDEC
:10CA6000CC36293D9A9810BFCD32D0BDF879823EA0
:10CA7000479D98BD91A89FBC8C5454BD64AC30BDFB
:10CA8000901E03BDB490AD3D77DE843DB65302BD2C
:10CA9000F0D968BDFB8D11BD2D052D3E9180493D1E
:10CAA00078C0A03D9A6DD1BD4288AFBD0AE4D1BC2B
:10CAB00061D385BC2AA065BEE828EEBD803E41BD9D
:10CAC000483A3CBEBA6E3CBE9A21A4BCDC0E133C74
:10CAD00066DF833B2E4F59BE1AE03BBE4336A4BDF2
:10CAE000598686BEBBCB02BEE2419EBDDD9B60BEC9
:10CAF000AA5791BD734796BD1B7DD5BC3245C6BDB7
:10CB0000162540BEA13331BD588F173E039D4F3EC1
:10CB1000F7E3803DDC84E9BD86696C3DED3DB8BD41
:10CB20002D4015BE68D145BD549D6EBE49060FBE51
:10CB3000BA022F3DB6D4FE3DD73383BD1AC4E73DBC
:10CB4000E47FB33B19D68FBE7CCD10BE8B39A2BE1D
:10CB5000E8F6ACBE62374CBC5179243CB61CEBBC49
:10CB6000C1A4083DA20D173EAB94B83DB3AA35BD94
:10CB7000780AD4BB2E9F213EF17AA63EE1D9963E9B
:10CB8000B3D4223DDA0B0BBD61DB823D70684FBD33
:10CB90004C980EBE27D624BE41EA30BED2A381BE39
:10CBA000CD2E1BBD989997BDE4A5F0BDE52F853E20
:10CBB00095CDD6BC6E35AFBD1A59E3BD37C391BD17
:10CBC000437B7FBEA145E3BB82750C3D6342C3BD81
:10CBD000150CC2BDBCE19A3DA6D78DBD65358E3D15
:10CBE0005D51133EF405AD3E2CE0913EB2C5843E4E
:10CBF000E86B94BCF14D4BBDD2351FBD01C2A2BD47
:10CC0000ECD99FBDFDD6DEBCEE662ABEF99C47BEC0
:10CC1000D2847E3DC670923E68CCDB3E5FB91B3E3F
:10CC2000DCCA73BDBBA627BE321957BE3DFF5FBE2F
:10CC30001D6B04BEF42009BED8CC203D67AF69BE91
:10CC400005A2F6BD35B7EABC9AE79A3DEDA9913D3C
:10CC5000B510643E01FB623E9C18F73D5D87773D51
:10CC60002693BEBD8C6F06BEFD17B5BCDCCED5BC11
:10CC70004016C63DABA508BCBAAF10BE5AE1583D40
:10CC8000BACA803D545AFF3DA04C173EBB0ABC3C7B
:10CC9000DCCF54BD42E5F2BD06CF0CBEC062A0BEE3
:10CCA000CF90FEBD8667B2BD8A62C2BC152FCDBDD6
:10CCB000318817BD8908D23DADF88F3C7D93483E41
:10CCC000B985893E46E82C3E5BE15B3D2A343BBE9C
:10CCD0003CF82EBE56D19EBD73FBEABDDD2E40BD95
:10CCE0003ED532BD024C17BE364DBC3CC2B548BD28
:10CCF00076857FBE51E596BC95DF5B3E103EA93E32
:10CD0000C9FFAA3D818CDDBD31FA8FBDAA475DBE4A
:10CD1000DD00B03B8BC043BEE432933DAFFF043E29
:10CD2000A89CD43D8DC2F83DD3BD6C3E5121B13E8F
:10CD30002623383EE8EA4FBD138302BE153661BE96
:10CD4000BBFE91BC820702BED954E5BDCCCF0DBE5F
:10CD50003ED9E6BD8CEC14BE082311BE98D761BD48
:10CD6000A652A3BEFD30C1BD4057573E558A2A3E4C
:10CD7000FECD953D51B088BDC3F235BEBEFB38BE79
:10CD8000E126A63D05AC17BDB5901C3E2F5DBA3E11
:10CD90003EEBB03EA160D73E1A40B73E463C7C3EDB
:10CDA000AB8A9A39F0397ABED23B9BBDD44D6FBC69
:10CDB0009862873DFA74C4BD321997BDF2B126BDA1
:10CDC00012FF943C802416BC901A883DB55583BC54
:10CDD0009B1E1FBE387F55BEB08A5A3E46C3303EAA
:10CDE0004DAE9EBD2DC043BEC02492BE605A143EBF
:10CDF000FA84A83ECFD9BB3D10DF903D89D3833E56
:10CE0000637CC93EC04DEC3EA256293E831D59BCF1
:10CE1000B01BD0BD671E8ABECBEFF3BDA40C123D84
:10CE2000362F8D3D1BE55A3CD118C1BD76D371BC60
:10CE3000065481BDEBBB3C3E1164223EEF93C2BB66
:10CE4000E47F5ABE1851E9BDEFA52B3E04C5B23DA3
:10CE5000A1A48DBE3CA178BE46BE61BEF68303BED2
:10CE6000A463503E4C1B3E3E6D6A9F3E0C2C0E3E12
:10CE700093CD2E3EE45EA0BC716DCFBDC02A52BEE4
:10CE8000B17353BEDE4226BE08C35FBDA53C763DEE
:10CE9000E4C8223D470388BC26A9603BAB8C52BD49
:10CEA00086D7283E2810893E0C5BC13E6675003E41
:10CEB0005C4875BC4B5A90BDCE65633ECE9E063E27
:10CEC00040B48D3C35D273BE07D777BE33F37CBDFB
:10CED000C2B2CC3D6CB2E53DDEA7103EB8CE4A3EB4
:10CEE0001275453AAA5FB7BD170D3DBE2E5A73BEE7
:10CEF000B58F8ABE27352DBDCBD1CA3CA5EDC23D2D
:10CF00004E14AB3D31523EBD5D55373E88D97BBD99
:10CF1000455DDD3DC2E9293E271C643EB31FAABD25
:10CF20004CAA34BE3BB436BE03C5053EA3A7AF3EF4
:10CF300041CFED3C1380E5BC47A794BEB943373ED3
:10CF40008EFCAB3EE56004BD1EB0753ED9DCE73D0E
:10CF50006CAB213E778F28BD069F92BE107684BEB3
:10CF60007C4C91BE5C97523D1DA9673EBEEF19BD3A
:10CF7000DC86BCBCBCBC7DBDC2F9D83DB22E373E00
:10CF8000C4F9013E1FA7FA3DEC33EA3DE02B9CBDFE
:10CF9000143309BEB85725BEEC23363C04DAC63E2E
:10CFA00016373A3D5614E83C5B1D5EBEC4392F3E31
:10CFB00069EEC0BC90AA453C4A44AFBC844ADABC86
:10CFC000B0FAC13DCBB8B9BD4C015FBE265D2FBEE6
:10CFD000529A94BBCF02203E5EC1CD3B286D29BD45
:10CFE000B70695BBD1E8A2BD9A0F883CD566B9BB00
:10CFF000E8430F3E3413673ACE910ABE10A6A63D11
:10D00000E8971C3DC4043A3E04E1293E10D8893E0D
:10D010005A6869BD17CCE23C89223DBD31086A3DA2
:10D02000DB7ADCBD327A843E3046ACBCBE996CBE45
:10D03000FD7F7F3CB43198BCC92B5DBE903CEEBDFA
:10D04000B4EB383D36C6CF3C1DCFADBDF951C7BCA2
:10D05000A5941D3E226D523D22641D3E8D6644BC4A
:10D06000205C363E16B1693E67B76C3E33583D3E94
:10D07000E2409C3EFB998B3E5BA3453DBB886ABC6E
:10D080005882843C978C8F3D45974DBE12D3213EEC
:10D090006C7AB13D3CE9A33D03B052BD6D7688BECC
:10D0A000945D20BE0C8EE5BD0157D0BC77D111BD7B
:10D0B0000F7810BE62505DBE7EBE07BEDB25193DF7
:10D0C0006F4C4D3ECE17CE3D654DCF3C1903313DE3
:10D0D000A61E8D3D17E89D3EE88A543DC4B1833EAF
:10D0E00075A0073FBB8BDE3D101A1F3D6C929DBDA6
:10D0F0000F78DBBC77069A3D7D99FB3C0F4FBD3E18
:10D1000047EB84BDDBEBD9BD79A4F7BB14DB91BD44
:10D110002A87E6BD5ADCB5BCA6523B3DF4618DBC06
:10D12000DC16F8BD0B15C7BD3531A43CF5B41D3D6B
:10D13000A507353DBA8085BD4A783C3DDCDE05BE9D
:10D1400076B50C3C7A845F3E8B6AAF3B1D71E03D47
:10D1500094FEC13E0B522EBED6F0133DB27E8B3DE7
:10D16000B682373D1E8D0D3D0A18AABE294BA03E42
:10D1700078FAEABDF42398BD6442FDBD3992B33C10
:10D18000E1F982BC3C802E3ED12E393E6E2DD93D38
:10D1900082C4CD3CF2F584BDF42A063D862344BD0D
:10D1A0004B8F94BE018E57BEE59C5CBE63AF253DA0
:10D1B0008671063D15A332BC7A0EA4BD4F3982BDDF
:10D1C000B169133FC301E43D8CAC0F3EB0BEF63CE9
:10D1D00048FCD73CB088D8BB5DAB31BD4E1156BEC4
:10D1E000D59A83BE43E5313E24D2B1BD1DE1163E42
:10D1F0003B541D3E1205613EB5F30C3E9B4FBDBB3B
:10D200002739B6BD151432BECB06CDBD6C51A3BEB9
:10D210002A15B6BE0B02B7BCA986DA3D70A4593DEB
:10D22000C10246BE483B933D0CAFB63D48032F3E7E
:10D230003A42BF3E63395EBDCF50B0BDF81425BD44
:10D24000288E1B3D345B8A3CC918423E96CEC33DB6
:10D2500067A058BCCC32193E85DEC3BD599378BC5B
:10D2600001C9EA3D6995183E22D422BE297C423D7F
:10D270008A395DBDF196F33DD00B6A3B512227BD43
:10D28000FCAC32BD75F1F93D44BD0C3E978033BD19
:10D290001B759ABDAAEDE53ED891053F786BC83E57
:10D2A000E743D73DCD88B6BDD7A106BE106439BDD2
:10D2B000D30397BD1853A9BD40557C3B05731C3E55
:10D2C000BD0D413EB74DA53D160AE7BD6E35333C59
:10D2D000942ED93DFD7A503EC96E7BBB0A9E27BD78
:10D2E00041139D3E64383A3EE6FD5F3D02D80D3D58
:10D2F00090189EBDB722163E04C06B3D972150BDCD
:10D30000F83BC4BD842F433E7879683E263D063EF7
:10D31000130B853D317805BEA01A96BBD456A0BD2F
:10D320001AD1473D3406C5BC4322A53D6E36663D45
:10D330007966C0BCA21607BEE60EB1BDFC133FBCA9
:10D34000E50933BC65BEA9BE2C848FBEB740EBBDDA
:10D350008AB7F9BDBB3685BE622AB1BEE54C9BBE1D
:10D3600082915DBEF7BB5CBE7E069D3D1734753D68
:10D3700097BB0F3D3FC9EE3DFBA1543E076C303CCF
:10D3800010F8713CACA9A23C928D6A3DC117A03D3A
:10D390005AEBA1BDB2C5693D7C66103DEED17B3D27
:10D3A0006AA688BDB50C56BD207EA23B70BEA6BD48
:10D3B00086DB153DE0EF2CBB62B81E3DC8C8C23C01
:10D3C000082C19BD7C88303CA88179BC52AD1EBDAB
:10D3D000B877383C447855BDDFEEA23D868F593D85
:10D3E000779B8E3D42BB213DE24B4C3D9CF567BD9A
:10D3F000E36A31BDE041E43CB987AB3DCD7E9E3D63
:10D4000044A10DBD10B634BD1CE18ABD0098A3B97E
:10D41000EBEC95BD229F54BD94556F3C952E0D3D70
:10D42000D0881C3EF03F38BD4A3D193E20BC893EA5
:10D43000B1E2813ED2A63B3E165FCE3DFF01A33E48
:10D440006B64C83EE328B43E9642603E12D53A3E35
:10D45000D303593EFA50F73D2AA9963D534B143D4C
:10D460000062A0BAB0A56DBCD8FEA4BCA7D1AABD6D
:10D47000CA33143D96CA5D3D728470BB95A3993C36
:10D480009855BA3BFB1E3F3E918DBF3E2547EF3E70
:10D490008F55903ED069E93D568A553C40E98EBD96
:10D4A0009806AE3C37775FBE8806823E5106B73D90
:10D4B00035F302BEEF22393C56ACB33B1131163E78
:10D4C00044BF4BBE0FF021BEF1B202BD58DBDE3DC2
:10D4D000F7E8F4BDEF8702BE70F185BDC8E820BC57
:10D4E0006D93933D608D5A3CD8D4903D46B9833DB1
:10D4F000A9EDB53DE8CC82BD7EB7D23C36D6A83D7D
:10D500000C9133BE217A803E30D5353D5663793E4D
:10D51000D6AC273E06DE743E7AA8543E256093BE04
:10D52000ACA8A6BEC64BDFBEB18384BE01AA713DC6
:10D530003D427E3E4157283EC99D0C3E46F511BEF8
:10D54000E921583ED01E5BBEAB862B3DC03FB93AA9
:10D5500035DF97BD4C8DC4BCDB0F0FBE45AE83BE1F
:10D56000CDC0AFBDE54956BEDAE680BDBAF9EA3BAB
:10D5700048AB9EBDD76235BC8DD433BE66D1853DE8
:10D5800016200BBB8474D9BDA22C49BD943ACDBDE5
:10D5900099E68CBE6F6B0EBE48C4ABBCD4D76DBCD5
:10D5A0000EE1BFBBAD90833D5F6006BDB3A9DE3C1D
:10D5B0008CD73EBD265AD5BEE41B5FBEDB03463E7C
:10D5C000F857A0BC18C61CBC094488BD082F6EBE05
:10D5D00063562BBE4B3A73BED0D89D3D6756B7BC41
:10D5E000A2361BBD2E18FE3B7AEE803DCECB783C9A
:10D5F000AF884CBE366B3ABDD5AE70BC8F8147BD8F
:10D60000860DBEBED17073BE30B925BE5D8149BEE8
:10D61000AB102BBEBEF4C33C39ABE8BD8058553DC2
:10D620003300663EA0669DBD226FF63D6EF1E93D7A
:10D6300086414EBD83C502BEEBCEEA3EB27F12BE2E
:10D64000FC057CBED00D943DBC7F123CA4E33F3D65
:10D65000A87F84BD7B37AE3D879A7E3D5BB1EF3BB3
:10D66000D64CAA3DCC3910BDEB771BBC1B33DBBDC0
:10D67000044687BD6B90503D2EC4A33C276EE6BC8C
:10D68000AFADE63B19E295BD66A4683C6843B7BD03
:10D6900034E7053D3052E33D0CF00CBE446EC43C13
:10D6A000A2BD45BD904BC0BDB8DD243F10FDDBBD24
:10D6B00067F8D7BEDC3D013D75D19BBC6369FF3B7C
:10D6C000AF678D3BB04D893DB458703E2E421E3E33
:10D6D0003FA6543BBB3C463D50D840BEAA78DBBD7C
:10D6E000B721F33D149B3A3EE6D0363EC5898FBD47
:10D6F0001B495F3E4DA6203E3714523DA2C5E5BDF5
:10D700007A30123E55F50E3E7AC6AABE81BD303D36
:10D7100028A4B73DA67EAC3E3AC8F13EDF78233C54
:10D720005802BEBDAA893DBE3ADF2BBC5D3F1F3DFE
:10D7300029B58BBC89C6533E96EEE43D68DCF2BC4D
:10D74000CE44393B856F99BDCE9403BDA8F32A3DE5
:10D750000F82163E48A8213E244E6ABCDAF919BE53
:10D7600074FF1C3E77DB1F3E00FC2EBE8B4C89BD38
:10D770008C91D83E1A1F0A3DDCA61ABE16591DBC54
:10D780007C9386BBFCBCCE3EC1A7183D55C5123E5E
:10D79000F8CB0DBE3D2AE3BD6B05D1BCC800553B9F
:10D7A000186614BD2A8794BDEC80293E63B1F23D12
:10D7B00063299EBDC90959BE6BB2E4BD4880FB3CDC
:10D7C000D148A83DFFF6D43D7B98703D726A48BDB4
:10D7D000406692BDF34994BD1CA983BE6AC948BE88
:10D7E000154FCC3E9228473E67DC40BC78D25B3E6A
:10D7F000E652753D91B1A33E89DBAC3E2969EEBC92
:10D80000A93FAEBBA354AABC60EF013D6BC9793DF3
:10D810001D7233BB5A6F273E1689CF3DA23017BD0C
:10D82000C55C3ABE60259ABE475601BE3B42EB3D01
:10D8300090E4043E60B9B63DD4D1B3BD0C474DBEB3
:10D840006F0DF8BC1966EB3B3FDCA1BD7CEA213DC6
:10D85000C0B0463FD8D0F23E9371A33EE7DE303EE3
:10D8600050FF1B3D1982C53D25C6DA3EA338A8BD31
:10D87000061A81BECCBBF23D38E1B93E6485E33D7A
:10D88000BF97743D2E11823E508C493E307F033E3F
:10D89000079FB2BD4E46F4BDFB9DE7BD7AC5E7BC10
:10D8A000CCEDD33DB81A8DBD9C9DC7BD0DCE66BDD8
:10D8B000237BAF3B8D0F323EA19D783E1D8F113FE4
:10D8C0000B2E533FDF175C3EF95D3BBDC3716D3ED0
:10D8D00024FF373D5BB1903DAF3DE53E02FE92BE79
:10D8E0005587A6BDA025353E2D90B03E4A26063D63
:10D8F000154BA03E945A0B3EE0EB4EBD54B12F3E6B
:10D90000B1AACCBD8486EEBDDB9CBBBDE4783ABD3C
:10D9100099A6E7BD337EA2BDEF7C11BD217699BDEE
:10D92000BB1386BDD24B003EE8281E3F8382343FA6
:10D93000AD2E4A3F5C90C33E65CE7E3E5A06723E97
:10D94000341EAA3B4321BABB57DBDB3E1C9468BEA6
:10D9500045D9213E6987443E40ED203ED08D943E1E
:10D96000F99CDC3DFBB8F73C6016783EB78B0C3E6B
:10D9700042C27A3D72D258BD28923CBECF5FCDBD27
:10D98000BC7505BE5EABFABD48CA9A3DA50DC43D47
:10D990005EC50A3ED87C053F06D72A3F0EA7BE3E8D
:10D9A0008086F53EC4FAAF3E90928A3E34411DBD5A
:10D9B00013F7223EE429E1BDBACEA9BDA4CB1FBE18
:10D9C00071F36C3D9B9F0D3EA6128F3CF1B2D33E8E
:10D9D000C393123D435111BDF033563EFA2D573ECD
:10D9E000CDA3873D87B9A2BD32CB6BBEC3A365BEB5
:10D9F000CB928FBD87D8AD3D39D67F3EAA56973E94
:10DA00005E54763E4126D13EE7E0E93E3E4D193E6A
:10DA1000D2F5C73DC496403E2604D2BEFA77C93D32
:10DA2000A42AA53DD2D7E7BD5E89CABE5306EA3D0A
:10DA300045B40B3A0FA3443DCD32E3BD4B4FCF3D30
:10DA400017C2B3BD024CCF3DDE344E3ED4C73B3E81
:10DA5000C8871E3EB37999BE462F98BEC49E60BE4D
:10DA6000C6BD293DDBCF9C3E05BDC33E3B16163EE1
:10DA70003DF2723E257A5B3E29451F3E128156BD1E
:10DA80000ACF9DBEA35B3ABE2D1ED1BE74950EBDBE
:10DA9000B0169B3E9F8F3ABD46A881BE465AEBBD4D
:10DAA000393EAA3CE31D3E3E8191583C437F24BD54
:10DAB0002E043FBD8DB6383DB9D1A33DE97FC13DB0
:10DAC00009463E3C913265BE1408E3BDFE69583DEF
:10DAD000A839A83EFDF28D3E3F9DC1BC02E41FBDAA
:10DAE0009A01E63DD77FE2BD3477DABD929831BE28
:10DAF0005B0CE7BEFA7E83BE4F9B61BEDC87113DA7
:10DB000094A3003DE87C23BED972B3BEABC2E7BE8E
:10DB10002E0648BEFFF601BBBCA8B23D5604A0BD10
:10DB2000C3728A3DE02EC23CCFBE183E510595BD62
:10DB3000360AC33B5542D4BDD045093E75C22D3E81
:10DB400049C1F73D4E9AF53D6D82FFBD273A5DBE56
:10DB50005723A73DF17185BD4287813DB71FD63C54
:10DB6000F500073EC350623D253FB43EA51C773EFD
:10DB70003188823EC0EE55BE61494ABE369C9FBE8A
:10DB80008A56BFBD72EF093EA0A7983C92A4C63A40
:10DB90004F6CA13D895F50BDAC0311BEFF88AFBD86
:10DBA000AD621DBDF8DBCBBD40D1443E196CD53D07
:10DBB0008C31F6BD5FACA7BDC3A104BE11BE06BECD
:10DBC000B8D450BEAC0050BE30D84FBE5459813C82
:10DBD0007D4A083EA0B3773DA2DACA3E62A5A7BE41
:10DBE000BF98B4BD97D74C3E19ABB6BD2A39913C0E
:10DBF0003C9B60BEEEE631BE626F12BE3ACF81BD85
:10DC00003B83DF3C8ABBECBDCE6B94BD972F523D6E
:10DC1000107A783E6C685E3D349508BA3431D8BDD0
:10DC20004B37A0BEADE27DBE47B0AABDD1DC30BE51
:10DC3000AE409FBE3FD54ABE0E37C5BC9F3109BE20
:10DC40009CCD9BBD55B09CBEE88C2C3E2F4965BE3B
:10DC5000EB0E7DBD95D7183EB0028EBE6F7471BDC0
:10DC60009ED966BE9A832D3D89ACFEBDAFFEC1BD77
:10DC7000E4F83EBD32E411BED0C9F6BCEF57553EC4
:10DC8000CEA1953ECF0B913DA78AB4BD5D6C0BBD77
:10DC9000C72574BECD3B29BE446D47BECD825CBE58
:10DCA0005871DCBEB55AB8BE120A97BDFB738EBE62
:10DCB00007909FBDDC7151BE227A763D1C7023BC5B
:10DCC00045C207BD8169E33CABEDA3BE75BCBDBDDC
:10DCD00088413ABDEB2B903D71A5CCBD971752BD45
:10DCE000F469BABC52AB48BD14D1ABBD3D32EEBCF9
:10DCF0006FFA1E3EF2C9AD3DD67F9ABD77972E3D95
:10DD0000CC0A8C3DF067953DEC53793D3DF514BE52
:10DD1000D2339DBCC7C47BBE57613EBEAE4334BE4A
:10DD2000D0803C3E40BFE03DBC03D43E235F953DE8
:10DD30005A49AEBDE2756ABD562AE2BDE020A6BED4
:10DD4000CEDD6CBD6D5137BE9D759EBD2B73CCBDB8
:10DD500063D74F3E22638BBD26718A3D8D06343DCD
:10DD6000EF63203E8E304C3DD62BF33C7A7F61BD75
:10DD700007BD713DE81DE63D46E5E43DE351E8BDE4
:10DD80007818F0BD4E2587BE2380B0BDE2B8C3BC75
:10DD9000E52DB53E3938E83D3B32423D3734D93A7E
:10DDA00079D50CBD926EABBD9D80CDBD5AA5DABEB6
:10DDB000AE1BBBBE62F9D2BD27C87FBD1E0069BEC7
:10DDC000E29021BDED22C9BDAC8E31BE4F773CBE85
:10DDD00017B4353C7307543DAA1A0E3E237D1F3CF1
:10DDE000304DA93CE0C1A23D39D9F7BCB32F153D58
:10DDF0006C81AEBD6ACCDDBD557FEC3CA13CE43C02
:10DE00003E8A0ABEE26845BDAD818CBE7391983DE5
:10DE10000032BA3A27B8993D6590683DE1F2AABE52
:10DE2000EFD36ABE680AC33E3791DCBC96D97BBE8D
:10DE3000D3FDA8BEAA99E4BCF7DF1ABE1EAC82BE11
:10DE4000EFAFCCBD6E7A1D3D3D8300BE836DBF3C00
:10DE500092FCB33DA1DB933DE215263D02B73F3D69
:10DE6000CD1B783DCE908F3D35213C3ECD318A3E55
:10DE7000836D073F11C549BD3F5F60BDA412F13CF2
:10DE80009E0C723DB024BB3B839C0EBD4B4F2E3E7F
:10DE90004618453E4A42323E0E4F81BE16DB91BEC9
:10DEA00003D5B1BDB1D43EBD83FDAD3CBBDF143D58
:10DEB000EBFE4EBE7BD4E3BD4D8E403C8FA119BE20
:10DEC000647819BEE168C93D9557423EB0B4043B41
:10DED0000EEF313E68B4EB3ECC77D53EFDBD283D1C
:10DEE000E6E54E3DB72BB7BD8C0635BEFC9546BD6D
:10DEF000C2ED293D79B554BDE69C583DE852DA3D66
:10DF0000D5C5B63E160BB43E32CA0E3FC274CB3EE8
:10DF10006C74C63E1318C33E8748D23B0BA48DBE1B
:10DF2000916F26BA694DD2BD5D9C41BD78D3293D24
:10DF3000A79A803D3492DB3C054C8EBDF4A2EB3DAC
:10DF40008B894B3EBE10A73E3EAE913E31B5973E0B
:10DF5000C50FE63DD97681B8B004B3BBA4467CBDFD
:10DF60007DA2853D80A8EE3B6926A5BDF1E4933DE9
:10DF7000F0751F3E37B75C3D110C363E99BDB13D83
:10DF80004773883E8FBBAC3E23C2D03E26D02A3F8B
:10DF9000E394043F1A11F93E458AF73ECA3EBC3E5F
:10DFA000ECDAD23E56B0343FE8D8C13EAA65B03E66
:10DFB000BD82CD3EBF80FF3E657F5E3ECC6A203C89
:10DFC000248A123D98A0EC3C145C0A3D2F998A3DAE
:10DFD000CADEF7BCB0984BBD32DDB7BC60EEA0BC6A
:10DFE000758332BD80D1CD3B694904BD0041A43C5D
:10DFF000206B21BB4ECE8BBD43B89C3DD4A01E3DB3
:10E00000572DDEBC6B7948BD6DBE2C3DBA990C3BDB
:10E01000F286653D50A2583C6617453D00540F3AC4
:10E020006ADC4D3DF5A28B3DE677703D0BBD883D2A
:10E03000B7F211BDE2EE6D3D2C81EB3CF89FD2BCF6
:10E04000F3ACA9BD5A7B473DC8D4723CC71B84BD05
:10E05000BF7B4ABDF8C7933D80F6C53D06BAD33DA8
:10E060000FADEC3D9E58D43B046D1B3E3B550EBDA1
:10E070007F1AAF3D28DD7D3EED8BB83EB969463D48
:10E08000FF1DB2BBE17E51BDF1147C3DAE91063E59
:10E09000F85E393E2F0EE63D50F50E3E0E130A3D5A
:10E0A0001D6A803D571F56BD289341BD8CE531BD8B
:10E0B0005E2F513DE05194BD1F41953C591327BD42
:10E0C00066A84CBD096E973C422EB13D0A07263E1C
:10E0D0002E8A313E3406883E2D96DA3D1FF10C3EE5
:10E0E0005F5B83BC6EBFA3BDD5105D3E51DF863E36
:10E0F000849FDE3D0B278DBC4748053F8F137B3E39
:10E10000D98EA43E8CFE613EFD0CB4BD7DA3833E42
:10E11000112B903D5410733D103379BD392C99BDAE
:10E12000063C463DEC070DBD3C34813B62F051BDE1
:10E13000469C4C3DCE8940BB92B8B33CFA2AA6BD62
:10E14000DD8F393E9023FF3DB93F37BD3A5113BEB5
:10E150005705CEBD8727353DE7D593BDCF658B3EAF
:10E16000BFD095BD88641BBE6C19043E2FB3E33C41
:10E17000E40359BE9E5FF3BDC3500B3E9450A33DD4
:10E180005AC20E3D66FE18BD5C7EAC3D181CFB3CC1
:10E19000B8BF983C8541A73D81B4553D6B25BBBCBC
:10E1A000C60AFEBC5E2B4C3E3CFA483E688100BE6F
:10E1B0003E5E583C818EC6BD4EF438BE59B5B6BEE3
:10E1C0009D6DC3BEC24965BEEAE90DBE5342F13D35
:10E1D000BE078E3D304D1C3EEBC02C3EA76D39BDB9
:10E1E000BCCB00BDB48F74BE7D90DABE0A306BBE6E
:10E1F0006A928ABEBBBBFEBD9ABBAE3EA75C9BBD0E
:10E20000BE51363D58E7D3BCFA669C3D80A6E93D39
:10E21000C143C63E625E013F7444843EAEF51F3E7C
:10E2200015CA2E3E7FE8413D790274BE68A1BABC92
:10E23000CC1295BD3B1F1B3EE984D2BCEBF4563E8D
:10E24000960D8E3E5EFAC63EDA1C803D893B48BD87
:10E25000F1651FBEAC4E183D51BA73BE5F8595BEC9
:10E26000A0E033BE79B4A9BDCCD3A33DBCAA753D13
:10E27000FCCD70BD5F9184BD67949CBEF0813D3E36
:10E28000A359243E511F67BE9B60D33DE1266C3EDF
:10E2900090BEA03EB026B73D47F6CA3DFA4AE33CE1
:10E2A000EB960DBEA4CB95BDE2ACEB3D5EC3A83EA4
:10E2B0006888023F2AF99C3EEBC7023E2187BABD1F
:10E2C000F4CD25BD098F96BB475821BE97B59BBE9F
:10E2D000FB48AABD53E9B83EBBF574BE17D20E3E4B
:10E2E0006D5E05BD345EA9BE66FA2BBEC410AF3D9F
:10E2F00084D6A03E9994CEBD87A946BE3E721BBD72
:10E300001ECB6E3DFBEF953D66F0A13C654A9EBD80
:10E310000F4113BE297D43BD8D6F5E3D8857993EE9
:10E32000DDAAC83ECC86083E40F4CCBDB70AD6BDB7
:10E330009A401D3CEE4D143DD5FA393D2A8504BE68
:10E34000A61D07BEC047B6BD282BCBBE0302A3BD8A
:10E35000B92BB4BD951AC4BEDDF033BF084281BEEF
:10E360007FDA833D5B5B33BE8CBAEFBD776982BDDC
:10E37000BB644EBE30617CBDFA1B18BA95E3D1BDBB
:10E380007636BCBDF8EE0DBE200ED43D44B9873EB6
:10E39000A597083F5764B43DFFF9F5BDF4CAAF3DFA
:10E3A000FE0505BD69C371BDE62043BE40BE42BD4A
:10E3B000F2C08DBC11219DBEF20E86BE9D25593E38
:10E3C000590092BCAEF4B6BEF06D40BDD59950BEBA
:10E3D000582CDF3D042DAD3C09A134BE515C983D65
:10E3E000084F90BD3C09083D5F2F6BBD928E2FBE3C
:10E3F000D72F3BBE2ED08ABE527E903DF2FEEE3E1F
:10E400002364A53E942EB3BD818027BE9A4666BC88
:10E41000AD577FBE35F5BFBE9AFC8ABDB00B19BCA7
:10E42000663C8CBD2EDEF5BD8B2700BE75DD8D3DB7
:10E43000CE21EC3A71FA75BE032BD9BEB9F4BA3DC0
:10E44000836FCF3D12C8883C1E92D43DBF05993DD5
:10E45000B78C4FBE7C93D0BC779DE8BDE008C0BEB2
:10E460009680AFBE451196BE67992C3ED0E0133F13
:10E47000189E353E32215BBE3F383CBE600149BE2E
:10E480003C3D2EBDA2A138BEAB3D6DBD1A0755BEA9
:10E490005E832EBE0F5D81BE1FC2E23D8E249ABDFB
:10E4A000D41E643C2BF175BEC12AAFBD5260B8BD0D
:10E4B0004DE02B3E665B2B3DBDB477BDA1B4763DF0
:10E4C0002A98F33A26E7CABD4160E4BD9E0D6EBEB0
:10E4D00070299CBE5146903DA23BF83EC180163F3C
:10E4E000446DAE3DAF3E55BED7F558BEA97922BEAC
:10E4F0009A73583D84EB7E3DD0FF7ABD7C52383C08
:10E50000EE8696BD29BADB3D19DB003E29669DBE2D
:10E5100077492BBC1AFE28BE6D13203ED0EA9EBD63
:10E52000A2AA943EEE7019BDEE1A853CC04442BDCD
:10E53000A5F8EC3C24CAE9BCF5F936BEE3D9A3BE84
:10E540008F1DCABE448AC83D051F103FC91A553EDB
:10E550000135063C91A156BEEE792DBE475F063CC3
:10E56000F3AA383D7148B9BD261E35BE7BE8123E80
:10E57000EE4843BE1BB7B43E92C9083E219C38BD4D
:10E580000A5F373D24B19EBE2EFCC53DFC0296BD00
:10E590001D5F643DA842D3BD1CA29FBD394E103DF6
:10E5A0003BE174BE492D2ABE21F251BE0F9188BEB7
:10E5B0005F68AB3C8B8DE33E32C6BA3E79B6213EF6
:10E5C000C8C3123E833C2EBE19D782BDD5945A3D96
:10E5D000BC8B723C03B7F53D396609BE31459C3DA5
:10E5E0009136C03C1ECE013E56D0B53E8507983DC3
:10E5F0005B83C5BC4FB444BE6580183EA6A6283ECA
:10E600009D17C9BD448997BE18BF1C3D136D1DBD24
:10E61000784974BC9BE604BDD51808BE0F5109BEED
:10E62000463E3F3EB220BE3E738C183EA3CAE83D34
:10E63000FB65CA3D830C723D663CA73D563460BD08
:10E64000DA995D3D742792BC8E1E3E3D803E9DBE94
:10E65000AA56C5BD2D3AC43D1948843E1FC13F3E50
:10E66000DFDF8ABDC44403BE710E68BE0C953EBE9A
:10E67000410B13BE421B6BBD9B66E23D312E26BE95
:10E68000E38B07BD05739ABC5F8D2CBEB3FE143EB1
:10E69000468AAF3E12F1D13E8F64B43D008E273ED4
:10E6A0006D3AE93DFB9ADC3D8F44273EDA80E73C3A
:10E6B000D91F1F3E7926173EB0F1093E3F88A7BDFE
:10E6C000E1B58C3E3D62E53EDEA6C93EA95E0D3D4C
:10E6D000AE4010BE19A507BE2282533E4AFB86BD3E
:10E6E0008E34F7BDEC71993DDE24AD3DFE2D11BE9B
:10E6F000460BDABC0706BABC3F3F8C3D4D07333EA4
:10E700009D27803E81C5443D1CC6823DD166F93DB2
:10E7100005EE1C3ED4B6C03D7883813D78DDAC3D2E
:10E72000DBF9313ED09DB8BDD2EE553E8993F83D20
:10E730003791703E8034F13ED986063F5E61733D6D
:10E74000B6FA4C3D0BA0123C92CEF9BD4599883EDD
:10E75000878AA8BE75B046BD50595F3C72869FBD82
:10E76000A0CD1EBCDD13F43DBA13F43DE25D623E64
:10E770002956233E0DE83DBC058CE93CBCE28F3EAA
:10E780005B397B3D1F081BBD63B9E5BD3E705E3D37
:10E7900026EADB3DAB2E233DA4C3F93C7C29233D77
:10E7A0002F6665BC0028713D92B5C03E98C18F3E72
:10E7B000FF177B3E0BC17BBDCB689FBD8F99FC3D96
:10E7C00023C42EBEDCF7B13C87FB08BCBFB464BDDC
:10E7D000808808BECD81963DB8995F3E49846F3EE2
:10E7E00068F2593DFE17D43D35BCA63D88ACC63D08
:10E7F000F08617BBCB6DE8BCBF8D55BDE085A4BDD1
:10E800002196B7BC39C223BEDBBAE3BDE2B50A3CF0
:10E810008447B9BCC261AB3D3CD3903E0F69903E8A
:10E820003F1585BD0C204CBEC2D25DBEA0B6113DC9
:10E830001620B0BD172BF1BD30A5C9BD438F4DBD0E
:10E84000D6C144BCC100103E9685503EE7864E3E80
:10E8500035316B3D14AA7FBDA08C163B7E93FD3DE8
:10E860008C909E3DE9CB243D1460413DC856ECBDE3
:10E87000C491E5BDE6C0C4BDBBBBF7BB77FC593E48
:10E880005064D83B24E5743EAC059D3E2823DE3C15
:10E890007BC266BD7CC08CBDC9C404BD997C853D6E
:10E8A000D660D3BC9CF4333ECDC3793D98B7A53D2B
:10E8B0004A22A43DD1951CBD036B83BD2E966DBC31
:10E8C000A94298BE20EF2D3D6DD2B03DADE2163E7F
:10E8D000C06A8F3D93C2A93D03F1193DE7C337BE1E
:10E8E0009AB11BBD294BB73DA8A3353D77C15E3E0C
:10E8F00002F15E3EED2FA63E1F0040BCFE008D3DA6
:10E9000070D8863B3B37F23C7D89803DAF5A60BD75
:10E91000AFC2C2BD0D7A5D3E7CD0CB3E2E45313EAE
:10E9200061D75CBD5B8DC8BD4BD267BD8BE31FBE9D
:10E93000724C34BEAD7691BDADC7563D3D77963D28
:10E94000E95FB33D70D1323E793EF8BCCB8338BE2F
:10E9500074FA66BE77D3D93B67AC82BD4C0DFEBB63
:10E96000B9A990BD25F71B3E3FA1D4BE708561BDFE
:10E97000D48B33BB19C7873DDA7B983C03249E3D7B
:10E98000919D023D0069183E64DCE93D4704183E54
:10E9900054A86D3C9C37543BBB0C3EBD494AAABDB4
:10E9A0009276663D887015BD6955FF3D3D451CBD9D
:10E9B000B25C80BD9189A03D482C043D2476C7BE41
:10E9C000935D8BBD227886BE8D15623D2689AC3B5A
:10E9D0005991883D7184D83DDA13CEBEDC4AA3BB81
:10E9E000D80D84BD32303E3DF101E83BD185C5BD37
:10E9F00084F87C3E1FA92F3D581F92BD5EE09A3DD2
:10EA0000D9AAF3BD9959C0BDF709FBBDA56DEF3B70
:10EA10007CD88F3DC4544CBA25552EBD320A11BD49
:10EA2000F5FC28BD1BFD2D3DF458C8BD07A9113CC0
:10EA300089A8143E0B53EFBD4CDD843EB048063E22
:10EA40009D77053E2B47133EDAA98EBE04D70ABD3B
:10EA500010511ABD956C943D6052A3BEE8C68FBE9E
:10EA6000BE0638BC839A16BE1C84B6BC844BAB3D34
:10EA700065B526BD9429AD3C9DFDF2BD6B3D0C3DB9
:10EA800008372DBE762172BE8D1823BEAC0421BD81
:10EA90006126E5BDD470D6BD2C76C43CF5752F3EFD
:10EAA000D52F9C3D4BF0BDBD6EBCD6BB2DB66D3E8B
:10EAB000083E0C3EE3B9023EC023BE3C556E803D8D
:10EAC000E52A883DFA22303D005B913EDB13A0BE73
:10EAD000BD432DBE9159413E6F01523E3C2E8C3EAE
:10EAE00095534C3E1B644B3ED74EDD3B9F4CC4BC04
:10EAF0007BE904BE198A63BEB45C28BD5EE5C2BD75
:10EB0000759855BE358056BEE9570CBDB2BB1E3E4A
:10EB10008604283E4F8BBBBD3CBA73BE52E904BE8F
:10EB20001EE867BC1440C93DD9DEC4BC7D9E85BDCE
:10EB30007056D93B1C203EBD90BAB73BC5D840BBF0
:10EB4000702BC93D3DDD903EC1E6DF3DD99F9C3E27
:10EB5000C746D33E0269953E7845AE3E2163513E9D
:10EB600060451C3CB9D4B03BD5732F3EC2C91E3D95
:10EB70002F02963C69749D3DEB1661BC482554BD3F
:10EB8000ED00683EB812A83EE702B6BCD3C5113E00
:10EB9000BB70623ECD4823BE8635D9BC0C6B9BBD95
:10EBA000AA2D133DBC91A23CD072F7BBC281A9BD76
:10EBB00040A501BE78D99CBEBDC103BD4D208FBD0F
:10EBC000B513A0BBEED06FBE2E5D37BE87FC57BD20
:10EBD0005353913D4A6D97BEB391A7BC960EB83D75
:10EBE000DE403A3EDA4A2E3E7F4C2D3E2CD797BD72
:10EBF0007170A2BD256FFD3D71F907BD051D32BEC7
:10EC00003E64443DC654EDBC8B399E3DBA8F95BDE4
:10EC1000E66D603D11348E3D10CEEEBBC28B8EBDD5
:10EC20008B78A43D65E892BD0059B4BBF09BF53BE1
:10EC300070F291BC49AD823D58382D3C7CF79EBCAA
:10EC400024817E3CBCCC453DD3D11B3DB3065CBD8D
:10EC50008876503CF86C733C5751893D3A31013D00
:10EC6000410C00BD4BC9973D308DF53C9087893CE8
:10EC70003E8C5FBDF8F8AD3C6C58B83CCC8B9ABC70
:10EC80004A17A6BDA2E2653DB0AE8F3B32468EBDAF
:10EC90002C70583D28BC16BD42B8263EA3CECD3DB3
:10ECA0008C662CBE2C19F4BDB82D13BD48DB69BD94
:10ECB00045919CBDE4537FB9A3E94EBD0A990BBDB4
:10ECC00030B1D73E48C4E23EE71F1C3DD45D563A02
:10ECD000E866343E39EF8D3DCDF8F73D0FE4F03D69
:10ECE00037B7AB3DC0D8E53C748CE5BCE0D7273CDA
:10ECF00050581DBD562696BD1346A2BD5EA29DBDB1
:10ED0000123E9A3CE5B102BEEC8B76BD8943D7BD7D
:10ED100009A47CBE13B686BEB34BD5BDF2C7313D48
:10ED2000370654BD0529943D6520F83D20315BBD73
:10ED3000BB06B13C7A6E03BD201CE6BCF753B0BEE7
:10ED40003CA62ABE64851B3EDC9CA83D22A9893EC8
:10ED50003317F23DA41EAEBC4ECE593D77B89E3D52
:10ED60001814113C59CD893D28FC8BBDE229953DF5
:10ED70006EC022BDB348593E5BF84B3ED4D9473EE6
:10ED8000611D8A3E889C573E41076C3DD9CA553E5D
:10ED9000F9CE2B3EF9A8EE3D8989803E8B0B18BE3B
:10EDA0004BDC263D1E5E653CB46F2D3D7A3116BEB0
:10EDB000F88354BE42BCB5BD64F4553E8FD06F3E5F
:10EDC0001AFD1EBE9B4959BD284230BE90F430BC8E
:10EDD000005124BB237BA53DFE7DEB3DF95BAD3EA1
:10EDE0005BB5A13EE6B9403EB58ABD3EC2BEED3D33
:10EDF000FD1BB1BDFDA485BD2B0D11BA4DFEF9BDA6
:10EE000090D1CC3B11CA6F3E5B26263EFAC1DB3D5A
:10EE10008DAA0FBE163C52BD1F5623BD581D57BEAE
:10EE2000558D26BEFFF15BBD863E5BBE033CA33D18
:10EE3000CD2C093E093D833E0674073E3F60203DD0
:10EE4000303B96BD909F823B0901813B9EDC83BE97
:10EE5000210D313CD4EFC6BE0A0746BE196602BE7C
:10EE6000E5DB29BEC1B382BE377862BE590FB63B1F
:10EE70006641A43E761C6C3E9BF4B73DE1E33C3D0D
:10EE80000E7935BDB53FCE3C89CA3C3D8C4092BB26
:10EE9000873E04BC287DE63DDA12ACBD7484B8BD63
:10EEA000F6AD01BDC800BC3ECA8A443EDB30DABDC7
:10EEB000708DC83CA07EC63D256D293DDF9D753B0C
:10EEC00026BEE33D9A4F8EBED267693DBBBD8A3BED
:10EED00050F9B6BD2AA1F6BD68DBA5BD327BC73DA2
:10EEE000F884823D9FB5A43E37DF843E4D29E73D3F
:10EEF000EE1C16BE1355D0BD215DF7BCDEA0993DBA
:10EF00003C328D3C483271BD0F4B42BDBFDC033DEE
:10EF1000F8EC173E2D13123F4C190EBC28E3CDBD63
:10EF20007236BCBCCDB047BE5A21233B00430A3EDB
:10EF3000D1F9E2BCFE0D2EBE035A773D921F1ABED8
:10EF40002419253DE2FA78BD0B73E8BDA2AC6DBD76
:10EF50007EDCAF3DB21EC33EEB9DA33E08909C3DC0
:10EF6000043B2BBE17BB91BE641FD0BD4C9859BE4D
:10EF7000E602CEBD6E2EE6BB59A145BEBB0E2ABD34
:10EF80008802D53D7EA9B13EB7F4CBBD1E70BBBD96
:10EF9000DCD7203D091767BE4B45463D9B3B273DCF
:10EFA000446527BE0AA56BBEB7A67DBC1158B5BD8A
:10EFB000075132BE2B2A81BEDBF0CEBDB8E63EBC87
:10EFC00027A6283E7CACBB3E3E5E603C0F4738BE69
:10EFD000DF5EA7BD085631BE1C8B49BEC00770BDA1
:10EFE000D80D3F3CE44E1F3E27856CBC4D5A34BDC6
:10EFF00077AFD33DD213BE3D24E7353E64E9513EA1
:10F0000030371CBA1F8260BE88243B3E1813023E74
:10F010007E05A3BC7260943DEAB01DBEA23CEEBD6D
:10F02000A97653BE9BACA1BEFD277ABE7C8C11BDD8
:10F03000D914353E1A5BC03E22C8273EA3523ABEC1
:10F04000D3E9A5BE938847BD23F72FBE25310D3DDB
:10F05000B2DE693D3AEE6C3D68ED59BDFF025FBC22
:10F06000A0BBF03C9106963EF2AEA23E5B495D3DF0
:10F07000670C2A3DB5811ABE83EB7EBDD50DB03E2F
:10F08000B8CB1ABDC137AF3D65A4B03DB78FADBC9D
:10F09000DDB318BD5C5C4CBE83793FBE5451CBBC24
:10F0A000803D9B3EEC18093FA44CAC3E5A6396BE93
:10F0B000065882BE88830FBE9C3A73BD76A8CE3DAB
:10F0C000EF1F183D9B198A3DC39AE2BD3542083EA9
:10F0D000AABEE43D8DA174BEA7A6133E9D9B8CBC29
:10F0E000AC49B0BC5849EEBD7C2CB33D2D85FABC73
:10F0F000C7B6E2BC052E0E3EE93178BDB340DEBD99
:10F10000D99500BE5CEF93BE3D0E5FBEFDC1223EB1
:10F1100021D0DF3E1C2DFD3E9DEDDE3CEEC97BBEC9
:10F120002F108DBE544BCA3CED0C09BC3338233D27
:10F130006DD2B43DB48510BED8ACC9BC6C7AAD3DBF
:10F14000B90A07BD4D4C65BBD3AD823C9FA69ABEA4
:10F15000C872CEBD24EC83BEC47C32BEE3F619BDBA
:10F160007D49273E77883C3E33BD92BD2D822CBE23
:10F17000672982BE22B2A4BE93E620BE151D7A3D49
:10F180009F5DE63E79469D3EC332CFBCDADDD4BEFC
:10F190007A4A10BE9D01BB3DA877133EF403F73DAC
:10F1A000357FEFBD9EDEB2BD98ED52BE4AAD4DBD7E
:10F1B000014A4BBE345CAEBD53C092BD3F59AEBE9A
:10F1C00071693BBE1337A5BDBA5E94BE16CA65BE53
:10F1D00082D3A6BD5A70133DEE9222BE181468BEAB
:10F1E000457A5BBE752419BE9937A13DDCDA943EA1
:10F1F0002CF4AC3E37AA613E08D5DCBC9D93BFBD64
:10F20000D84622BDA6C356BDE61BBC3D44C3BC3D8B
:10F210002EADBE3B3CC9ABBC593F42BE571E38BEAB
:10F2200018408DBDEF01C4BD5E5A0DBE16487D3E2F
:10F23000153FC63CC34A16BE572042BEBF7C18BD10
:10F24000CFAE77BE3B5FB7BEED4F49BDF63359BE7B
:10F25000DF043ABEEC30043E3AE3823EF407703EEF
:10F260005F13173EAC56653E25248BBDDA33893CCF
:10F27000DFFB85BC73BD853CF6A1A53DAC883BBEDC
:10F280007271A53DA2A9133E57F4AF3BCD7B9BBD48
:10F29000C683D4BC07AFCABD86AABE3E9C96F43DC9
:10F2A00019D0E6BC6F89823D6CDCD1BE94CE33BEF2
:10F2B00036E578BE27B3A7BDDFD8CB3C386682BE23
:10F2C000648FF0BD72E816BD9322003EF89F1CBD0E
:10F2D000251305BDCCA7253DE5FD253B2F77F8BDC2
:10F2E0008C21893CC1258B3D7B83433E7B67A63DBA
:10F2F0006DA3BD3C8B8FDFBC1BE26ABDF33CB8BD88
:10F30000DCF7993DFC185CBD1FC2E3BBAE0CE33DCE
:10F31000EA340FBDAE24223D9E49963D3EFD413D5F
:10F32000A02C9EBBBF2528BC7D6099BD50B48CBD70
:10F33000C070CABC82A6AEBDAA1C173D42B6573EDD
:10F34000FE19C73D5FEF843D0AF0523CE87817BED6
:10F35000FC7893B953E8A73EB8627D3E82E9B23C9F
:10F36000BAF8F5BD18BC26BEE43DE33D50D3593E86
:10F370001CD0DEBABB0CD13B99970F3E8F47643E41
:10F380008A2E15BDFA6B45BDFCF5B3BDA404933EB2
:10F39000E5C7203E7C2ADF3CB6D8B4BD593B933D3F
:10F3A000FE80353EAA2E1A3D0ABA9F3D7309473D9D
:10F3B000474DAE3DFF02593E9258993DC9D2853D19
:10F3C000E3150F3D63AEAC3E5EC8CA3DDAEC243EA9
:10F3D000AE40FDBC564C31BDE05C2FBE32844DBD0D
:10F3E000F79C12BE1B5B7EBE6963E7BC2F73983E21
:10F3F00044736E3BC8FA443DCCD996BDB445DE3E5D
:10F40000BBF43F3EA8BB6F3DE7255D3E33EA1F3EA0
:10F4100095C620BC04216DBDAFCFC73D45C642BDDA
:10F420009EC5CDBBCAEBF43D387CE13DB076FB3CDC
:10F43000EE315F3E4B00123E76033A3D723CFB3D9F
:10F440003D6AA5BD9294E6BD44E4133DCE220CBDB9
:10F45000343C2EBE2D109CBE2B5E57BE1FE6D83D01
:10F460006805FCBCFB7134BE0373713D9B34903E58
:10F470008CE5F73D1C24003E27461FBE642BD8BDFB
:10F4800052C786BD0F46C8BC0083703D1196B9BDFA
:10F490006AB5453E2747323E9203073E0E93213E12
:10F4A000A067653D1D9FAA3C80C9AD3CCC7C403D1A
:10F4B0009E5FECBCA7C050BEDE5B733D86B61D3EB2
:10F4C000F94B61BE6DB013BE0766BE3EA2CF02BE51
:10F4D00076652B3DDC529BBC758FC23C4B6CA43EC9
:10F4E0005667953A5590DD3D99425FBDC5023E3C59
:10F4F000897CBBBD0F2B833D41D76CBD368D19BCBC
:10F50000442EC83DE6CEED3D558C253B64761F3E2E
:10F510004F21E43D45251EBD57C3D23C74FB0C3D35
:10F52000D4F6183E5EF1343B6668D3BD5B80363E50
:10F53000E6D6893DEC46A43D779A8A3E7818F73C9A
:10F5400021524F3C3C78613DB72C863E25D13F3E51
:10F55000DB9CA7BB3F5489BEF5CD38BEFFDFA33B84
:10F560008E0C38BE3B5B1BBE472100BEA2658CBD26
:10F570009CF5AD3C9E2FA3BB9C522E3D8939873C08
:10F580002EB43E3D634707BCEB2E0A3E09AC4A3E13
:10F59000F6CF53BC2FE531BEDDE3313D8185AF3C75
:10F5A00055B05E3D2962B5BE23BFA7BEB1C8023DBE
:10F5B0002E7A5EBDABBA8D3C1CA0743EF86C8A3EC0
:10F5C000E06D183DCF6E5FBE87CA0ABEECAD54BD7C
:10F5D00035A0EDBD621D04BE858F61BD0984A13DCE
:10F5E000ED217EBD685723BE4E407B3BC0B9F73D41
:10F5F000F9ABC13DFF10A03D10CA313D8F205ABD6F
:10F60000E7B22FBE5C7888BE6DECB9BCDDD74D3D4E
:10F610004CDD9C3E688539BE6203FEBE2DC5DE3CD6
:10F6200050F7BF3BA34E863DF551B73E6C56CD3EDD
:10F630003BBB3B3E4AAFA53D03D943BD6E5222BE04
:10F64000DCEC743D0A68D4BCE34A573DBB2ECE3C8B
:10F65000662619BE6CBBD2BDE09AF03C0884523DD0
:10F66000BDAA4D3EC4A6293E25BC893DDDF5BCBDE5
:10F67000D455733DFACA863D0187C13EC3830E3E11
:10F680009FA3853E15FFA0BEADA2A8BE9ABB653D57
:10F690006545843DB48DE33C7EAE62BEB72DB33D7F
:10F6A000DC32D1BBE6692DBEBE9E85BD3564A03D72
:10F6B00017D88A3DAB94F4BDDAAA873C700A81BCA6
:10F6C0000E9FDDBDB88A4D3D36F6CA3D90BDF53C76
:10F6D0004CB9883EF768B13C6D63C93D60C4B43D28
:10F6E000188A863E3325073E4F81233E4DD6213E64
:10F6F000C906593E4B138C3EDA49A83D1C205BBD20
:10F70000D33503BD4A567D3DB3607A3E2190E6BEB7
:10F7100028FC90BE314C19BE31AB223EB2CF513ED7
:10F72000EFD7193C3B2B4C3DCE65BB3E6837223EA4
:10F730003A9B76BD9DB7D03C139E6ABE16626DBDE6
:10F740008981153EAF3EC93D47EB95BAB5403B3E7A
:10F750001863DE3E0AFE893E71585A3E05D261BCEE
:10F76000906E73BDB104393E63C3783EEEF16EBD59
:10F7700083F3973D57308A3D84F8A83CC8B95E3D75
:10F780002938A13EF16B4E3ED115343E8548B93D36
:10F790007029B23E5973393E103144BDA95FF73B21
:10F7A000805A193EBB77FB3B2B8A593EDF6E15BD55
:10F7B000A74205BE8C3CC9BEC34C60BE4CF50ABD19
:10F7C0000E61813E3D9E793ECE528BBD342BC23DB3
:10F7D00053269F3EA24D5E3C68CE94BD386434BD36
:10F7E000D098A1BBAE71BBBC451F01BD123A26BD6E
:10F7F0001F7D4EBE6503E9BE0D75BBBC4959A03BDC
:10F800007F5C9DBD9CCC0CBC4B88A1BC27EA1EBD77
:10F81000952745BD1FD4D2BEBC5110BD8931933B45
:10F82000CE4856BCD0ED32BE8B19003EF85F07BE05
:10F830000A934FBEB5DE82BE2E3B93BCF9B98ABE99
:10F84000DE1B433D18519DBC86B117BDEB3B873D88
:10F8500065FF89BD9873043D6D8A1ABDC0AAB7BA09
:10F86000464FE8BC000C91BA4067FC3BFA27BFBC8E
:10F870000EB2463D1B77A1BD1071B83B3C27F5BCCD
:10F880005D86423D3B436C3D0F7C823A79AD1E3D27
:10F89000652763BDB08258BC189403BCC8C3413C03
:10F8A000CBB324BDF7F92ABD03BE9A3D46F9313DDD
:10F8B000C0D1D8BAA2742C3DBD2EA03D27E82ABDE8
:10F8C000C3A737BDE682273DD8E934BCA74F8B3D9F
:10F8D0003424823D06DD7DBCF56620BD0BCAD1BC5B
:10F8E000F8A2F13C35FEB2BDE45428BD1FBAD7BB27
:10F8F0001CDEDC3E5563643E4E92BD3C2DA6AC3E04
:10F9000019F3893E0D609B3EB723A33D50AC0D3EDD
:10F910007248933EA5B0463EBA09E53D187F1BBC30
:10F920008A6703BD80640A3CEE5E773DC0263E3C9C
:10F9300045709FBDC0988A3AD093773C97D0A53D3B
:10F94000FCAF803DCF5AE03D9ED2AD3D9183813EDC
:10F95000E69842BE12FBCEBE114A9EBE536D133CCA
:10F96000402205BE80EE573E75C8583E43A4443E33
:10F97000C772733DDA2B363E78E7C93CA25C05BC02
:10F980005EDAA7BEBDB76CBE184B773CF366343D5C
:10F9900096C66DBD8CCBD6BDD6108BBDFE5B403DF3
:10F9A000525B363DEEF56C3D7E73443DBA67273EB3
:10F9B0008929393E37E81E3E1597283E28C6803DE6
:10F9C0007C3DE1BCF96B5F3C72EA36BD1087A5BE99
:10F9D00088D2E0BD0062443EAEE0813EBAB7993EB7
:10F9E000E073863E396A0C3E3B51E03E4DBC053F1C
:10F9F0000D1F1C3E224A943DA2C18A378346BC3E5D
:10FA00008554943E772880BD994E453C607A003CF1
:10FA1000FCAB95BC598786BD5DA084BD85DB563E99
:10FA20002A6D4FBDE55332BC942320BECAE621BEE9
:10FA3000CAE6C53BB238D03D73A5CC3C248607BE90
:10FA4000CD3428BDAA8115BE1157C4BC095F443E00
:10FA50007493B23E9BE223BE2E82863D8BC2933EC0
:10FA60007331923ED01A7D3D6E5A243EE873993E22
:10FA7000AF059B3E30C5EFBD9CF98D3D68CB93BD76
:10FA80004B1CA83D7939813D0013B73D0E5D54BD37
:10FA90001495CEBEBB7D64BD6F59083E678F173D80
:10FAA000F7C76ABE865621BE2D3112BEF8A1E5BD4C
:10FAB0004FC988BDD702943DAA9BB8BCE102313D35
:10FAC0001704993DD55A003E6326DF3D441BF53CA3
:10FAD0008E42883E5C80053EA66EC63D4F49103E74
:10FAE000382AB53EAC1EFB3C9F07673E12E6DEBCE3
:10FAF0006EB6633DC02A8FBDE41AB1BC5048E6BD66
:10FB00000FCB73BE68891C3E0282613CDF63ADBCD3
:10FB10006272DABD6A7B21BEBAFF25BDB518B63C5C
:10FB20009EB3993CB311DB3BC1CFAC3D65111C3D8D
:10FB3000870A3FBC4E3DC63B655C5E3E24B0F83D47
:10FB4000FA463C3E3796F1BD492CF13D1862833EA2
:10FB500080E6253EEF251B3E8F6E3C3E236D24BE86
:10FB60002519B4390E1AC2BE269728BED7E094BE16
:10FB7000093107BFE3A88EBDC3722EBD82EFF23CF0
:10FB8000C568593D2E6AB83C765F1C3EC83CA2BD94
:10FB9000324EF13CEFB992BD158DD9BC8879C63D86
:10FBA000650FF0BDB77A0CBEC7D65CBC3F51AF3D08
:10FBB000A5D9883CD4ED8F3CE425313EE5BB8B3E96
:10FBC000B232523DB1D7F1BCE1B0973C4DE0E43DDB
:10FBD000127D59BDF2DDD5BE1F606EBCF90392BE29
:10FBE0007A000BBFC7914E3D168E053EDED259BA44
:10FBF0001D42E7BC3612803CE406A8BD7827E53CF0
:10FC000045B2143E07FD93BB5F9A4BBDB6E0F1BC15
:10FC100086F0283D0E1373B7A66A0C3EC12F393DFE
:10FC2000B343063E66CEE03D8F8FDB3DC90D363DCA
:10FC300033447C3E2A08083E7BB2213E9E7A293E10
:10FC4000A8E2973D155426BEAEBF31BEE965DABEC7
:10FC50001CE038BE89F004BEFBA24C3E9EF9003E7B
:10FC6000AD9DAFBDF056543D257E2B3E76AB113E8B
:10FC7000BA9162BB1BF51F3D4A3C00BEC29A92BDC1
:10FC80002ADDFA3C7DAE2C3EB7B2633EDB8BC13D34
:10FC9000DE0A86BCDC08FCBD4DB600BEA8F20ABE7A
:10FCA00095CBB93D9E40903E869A133E1AFF1BBEEF
:10FCB000C21861BD392F6ABDA1D1AA3C4B36B2BE74
:10FCC000E09DBABE9F516FBB022FFABB6FF981BC9A
:10FCD0008B5FAB3DA5874C3E6E5D10BD3CB013BD48
:10FCE00077C4F23DFD81003EED973D3E8302333EF9
:10FCF000A207723E6060103E7284293E12A3273D27
:10FD00005999793C27801DBED16480BEA76B4EBE39
:10FD10005936C73E212FDD3E7E3D053EA75A89BE9E
:10FD200084ACB6BD5D5501BE5A7312BED15158BEEA
:10FD30007C0578BE4ED53DBE3761873DD9A5423D95
:10FD4000618B663B298358BE7E8E02BE45ACF7BDF3
:10FD5000BB6CB6BDC5D5933EF7CA513E39BD383EE2
:10FD6000DF49CA3E8627AE3D50C5AB3D3E5C7CBEFA
:10FD700096498DBEFE4428BE163191BEBDE899BDA0
:10FD800043C2383EA6BCEBBDB08C4D3EC69D243D63
:10FD90004616C1BDCD6A60BDA4CB2FBE082A4BBD9F
:10FDA000811F1DBE43C68BBEFC59013EFCE3383D9E
:10FDB000C6A6B9BBB40C983C69D941BE33EBAF3D84
:10FDC000D5E6143C1072863E3497D23EA509903E8B
:10FDD000B8C0823D7CB75BBC4C3571BD07E0A9BEA5
:10FDE00021A112BE89BB43BE469E71BEBE708ABEB3
:10FDF00019DE8DBE7080843D5F1D0E3EED7E5EBEC1
:10FE0000F519D63D6E51F13D296E30BED942F03D17
:10FE10004B10EEBDE61572BE10EB4EBDB43F683D13
:10FE20007DB7BFBCC5143DBC82032CBED172AABD38
:10FE30005E497A3E8BE3EB3DB9824D3E11CB283EC5
:10FE40000F5D6BBD40D49DBEAA8FC9BE49AF84BEB5
:10FE500059F0ADBEC8BF96BEF8F98DBE7BD5F9BDD1
:10FE600036A21FBEC8E7FE3D7DDD55BE842090BE94
:10FE70009D2FDE3D24DA8EBD86FD7A3DA62B14BD76
:10FE8000045F463B237C90BD8A69C13C2BE885BD5D
:10FE9000FE6CF93D7A6760BC016561BD957674BD05
:10FEA000B249263E5E33643E9E61873DE3D3A1BDE9
:10FEB000463880BECF918ABEF11E81BEA3AEDCBEA5
:10FEC0003D068FBE304581BEDFCF6BBDC00AC6BDCB
:10FED00051BF903C6DA5723EB664E3BE480A6EBE4B
:10FEE0008C7EC8BD2DADFF3D802CBE3E7F1B6FBEFE
:10FEF00038D18B3EB2CAAB3DF5B9553D7F651F3D4C
:10FF00008AE6963D28D5D63D6C84943DD8E9DE3C02
:10FF100022AD433E8401463ECCD8E6BD2DF1A9BEBC
:10FF20000F28A7BEA87F7FBEDEC2E63D87ED95BE47
:10FF30000924BABD626DE2BDDE8951BE79A30E3ED1
:10FF4000D1498A3E45292B3B94670FBE896CEEBD93
:10FF50008390ABBEB6E30E3D4A66353E42FEE63DBB
:10FF60004E7497BDDA133B3EAC96AFBD2F5F9CBE7F
:10FF7000664C14BEA7B1B43CECFA123EB0D8113EA8
:10FF800033AD933EFDA87EBD502884BE963B95BE02
:10FF9000F80F71BE561124BE83C40BBE488124BE27
:10FFA000611D79BE30697FBE9364583C1B75383D36
:10FFB000F74E6F3E5259A0BE0222AABC142569BB5F
:10FFC000747C22BD044C9C3D53D5E83D32DFD63DC8
:10FFD00056B817BD7089CF3D851562BD85344FBEBB
:10FFE000F787F1BDE831083EE14B833ECAEF053E9D
:10FFF0008A6C9B3D1C72B4BE39E196BE6CB882BE61
:020000040801F1
:1000000074A81FBE9F0E69BEBE1843BDACD00ABC0B
:10001000A79CF5BDE29952BE7278203DD66BD93CC3
:10002000EA0DF0BC3F67C3BEEA7A61BEA9186D3E17
:100030008B16653E0BE85B3C507A8E3ECC3298BD09
:1000400072AAA4BE4B2CF0BD5288ADBD3205783DDE
:10005000BA830D3EC29B893ED063A83EC1EC473EA9
:100060000CA441BD80EDB1BEDBFAD3BD546711BE17
:10007000792E83BE89F1C5BD269B3EBEFD51D53C80
:100080008A5DB33D4E2285BC4517F53DD45ABCBDB3
:10009000BB10D5BD575202BF6D16D4BE4CDF23BE78
:1000A0000A80113D0278503D8FFD553E583A873DFC
:1000B000D7DD6ABEDDED3FBEC3FDAD3D04CF9B3D48
:1000C0006CA1B13D1C5F823E7792D63EE29DD33D4E
:1000D000DE34293DB23F2DBE3BEB84BECDED873DE6
:1000E000628FC83D6BB4B0BC1F711C3D7990CF3B93
:1000F00099FE223E6BCE7E3C41CBCD3C97C3F2BDF8
:10010000642DC03C4E5296BD89D198BE59DAE73D68
:10011000782F92BD1059E63D3668D53C311010BE9F
:10012000424E04BC6F9DAA3CE0B33E3EA7D397BDB0
:10013000562310BD78A1A23B12CF1EBD671E23BD62
:10014000F07187BDF9D912BD785009BEE83929BDD3
:100150001D3C853D5BA4783ED366973E1BC9823E1D
:100160009300233EFD045D3CBEF39C3D01ECEFBBE0
:100170004231FFBD8BAD9EBD3A1AB9BD327709BD84
:10018000517B833D7F1C3A3D6B4FF2BDAF16433D23
:100190005E6D44BD637186BD05D8773E36CBB1BC7C
:1001A000C05050BE5A53FDBD9984D13C8B70993DCF
:1001B000240BB73B9DD203BDF91E2F3CB71E553D06
:1001C000532CD63D731A0F3DF7E8D93DDBAE84BD05
:1001D0005F3E2F3E0320073EB95F4FBC6058633D32
:1001E000240978BB02BFB93D9516C7BCFC685ABC50
:1001F000D3AFC6BC210D913DA1DB0EBEC1C13A3EBD
:10020000F7C7843CBE29A8BBDCEB623E9EA7083D35
:10021000A6A63BBD716E7ABBF35A86BD4A86663C84
:10022000CE67363D0399873D6E1E173D2C5C3C3EE4
:10023000E02F01BDDBB90F3E9B3C053EAD62A13B0B
:1002400084DE613ED88F043E811CCC3C4438CBBC5C
:10025000C32876BE75FD30BD33086A3E85EDA63DE8
:10026000FA49783D56B583BD333B8E3E1D88873EA7
:10027000DA6097BDA673EF3D2A5358BDD0B6F63D60
:1002800022258F3E75B71E3EE7E4033E435BE1BD8A
:10029000DD35423D7592AF3B5811133E0D25873E2B
:1002A0007BC13A3D04B709BD5B73F13C2D9783BD1B
:1002B0005C32BB3DF7CF16BD0B9380BD19321CBD20
:1002C00038AB813C7C01703B83E3163E5DD756BD65
:1002D000D0AAFABB9C1D95BC86DF183D2FD2C13E2B
:1002E000942836BBE6B34E3BD12433BEBA55D03D3D
:1002F0002C330E3E2261543E847A603ECEAAEABB85
:10030000F053083E34FAF43C1D33043CE496233E9B
:10031000DD9C113EC287B73C7FE3DCBD65DC98BE47
:10032000F608C63DCCCAD6BDA19C343C5DAE7F3D2F
:100330003B83953CBC9DD8BE82DBE4BD9F7B37BD33
:100340009ED77E3DB187AABDF7892A3E17604C3DF6
:1003500028138ABE165879BEACE122BE2A76713DBA
:100360006C721D3EC3F5B23E9C524EBD2458CABDB0
:10037000EBDB5BBC344C1E3D065CC93CFF5E3EBC07
:100380001CF9CABDE27C4EBE107D9CBE4014CABDA5
:1003900017362BBE883280BD295EDB3D9129903E09
:1003A000E4838F3E61200DBE46CF2EBE5793993D0C
:1003B0007881A4BCB80509BCBC22E23C3CE334BD56
:1003C000D297A63C1ABFB4BD157EBEBEE5CB79BEA2
:1003D000159A99BE9CA320BE8AA83EBE2CFA313E37
:1003E000CBA6CBBCA9564CBE10FEEE3D5F6A203EAC
:1003F000730A253ED873703D1B2EE4BD83701EBE6C
:10040000DCF6D63DCB0DE0BDBAA47DBE939F99BD71
:10041000D2EB2DBE67A6A43D6A38753D007F70BD46
:10042000BC2AA2BC9EB85A3D34CAB23CA0FBAC3C2C
:10043000607790BD678820BD37264F3D2B60983D83
:10044000126C863D8B02F4BCE1D222BEB025C9BE3F
:1004500037137CBE478047BEBC7F11BE3E9E373DF2
:100460004802DCBDB360D0BEDAE5B33D5BA103BE9C
:10047000CDCF5EBE2EB1E1BEC34CB2BE1B3C8EBE24
:10048000D0718EBC27859A3D1188823D8B8A9ABD9A
:1004900017A2933DF634A3BD95CCAABD40CC7EBD3A
:1004A000C614753D64D481BD9DBE19BDA8AFD9BC2D
:1004B0008DBF813D00A48DBBF16262BDAB7F01BDEC
:1004C000FE13D73B25F0A03DAE7295BD5CFDF13C1F
:1004D000700CEDBC328D383DCADC4F3D00F8893AD6
:1004E000ADDA953D66352D3D68F49D3CFA123C3DF4
:1004F0000A53B7BC88E0BF3C54F85EBD2AE1153D05
:10050000764A8FBD5A775ABD606079BCC01ABBBCB1
:1005100061702A3C4241C43D6C1F5C3C3096693D91
:100520001BC0153E64C6D93D20E94E3E27B4C8BD68
:10053000654D8EBD0B76CBBD4447B5BD4E5D8DBEC2
:10054000866E8CBEE1E08DBEE535AA3E61762B3E1F
:100550002956913E3F934F3EB4E087BDAACF92BD4E
:10056000B60A323D7AF1763DE28CCDBCC31D02BDA8
:100570001412143D8576ABBD6AE3183D9CAF18BEDE
:10058000E907E8BC97A7F53D0D58AA3E0B2D933D12
:10059000D6A7A13EB3ED203E28C7D2BD295FE43DDA
:1005A000296CBB3DCCE390BD3952BF3E040EB23E38
:1005B000854B653EE921773EBBE032BE7267853CE4
:1005C000AD1F833DCEAC9C3E5870C03E91ED663D64
:1005D000A500933E7119633E1CF813BD8841E23CAF
:1005E000EE81493D5FE45BBD2ADC82BD6F982FBD83
:1005F0001271CD3B7BE22B3E616B3A3EFC0B1B3E06
:100600003DE4DD3DC02A80BEAA9DD0BC42E10FBEC4
:10061000AC0A1BBE3ADD0EBEDE86A53E07A1D53D67
:10062000C93D92395D22A1BD2994E9BD785B2FBDFA
:1006300048B489BD61EC3EBE0779FDBD688E32BE0F
:10064000E7A38B3DFFB5EC3D35DB4A3D38877CBCED
:1006500000378C3C5BA87BBC8B9ED93D5B88F13E10
:10066000C6129B3E74228C3E943F583ED34A253E90
:1006700027D39EBD1B23BCBEA2C7EDBD4D83F3BDDA
:10068000B9BE69BE7D8F35BEE2D1A4BDCDB48EBDED
:10069000285B8CBDF99F093DC7F76BBE756D97BE92
:1006A0000563DFBEBB939CBEC45ACCBED7E5BEBEBD
:1006B000AE0945BEA4070DBEA13A563C2F10D83D49
:1006C0005E0AFFBC8509833D9ED2F1BC33D7AFBD26
:1006D0003903D8BCBE80373E466F4E3E9FA5A13E33
:1006E000EBD09D3E1A11FB3CEC6B92BD7B23C5BC4D
:1006F000EFCE673D91F83BBE25C00BBEDDCDD4BB30
:10070000E4BD11BD5EDA013C87AA93BE698DB0BE1F
:10071000ACB1DBBE4801AEBEB81BA5BECB8B4CBE98
:1007200017FFBBBDDE0E1C3E7743723EAACFD03D05
:1007300018A93D3C48D6873D354F313E2AD0D4BD1F
:10074000DDB830BE75E3393B5E52C63DD77D0F3E06
:100750007330103D0C5D033EE18DC9BC1423243E73
:10076000CC45B23CE4D899BCD2DBE5BDFBD5243DF9
:10077000DDF0463DFFE5AC3E299EB33D080880BE56
:100780006EE00BBED02A8EBD0E6675BD3D6404BD05
:10079000AE7762BEF283E9BD393E703E9B64BB3DDD
:1007A0007A24853D72C9A13E53956C3E2251ACBD61
:1007B0003D8D68BEAC833BBECF9CD93DF676153DE2
:1007C0009A95C2BCB35C35BD29609ABD3CDEB83D8C
:1007D0003A6F5ABD251E893DDD40A6BD999BED3B74
:1007E00077B04A3D7578083ECD3295BDDD1F91BD8D
:1007F000E56312BE5B769ABC6124B0BB48D5453D2B
:1008000099381FBD9A7F12BEAE71823E552A59BDDE
:1008100017D5BE3A10A9943E04FEAD3E46653B3E58
:1008200002338ABC2D53E0BC1FFFD23C300B533D3A
:10083000588A243D65EE293D128CC23DBE98DDBC30
:10084000C289AD3DC6A6313E52200D3E472F4B3EDC
:100850009AAB943CF27983BD03AD36BDBECD4DBE9F
:100860005CD047BEB7C6B5BDB5295CBCF3DEE0BC05
:10087000065FD0BD633DAA3C496A3D3E4C0414BDB1
:10088000B20AD4BC1397B03EBAC4763EDEB5F53E8C
:100890005682BF3DF4D8A0BC0F7BB53CF8F8E0BC55
:1008A0002E97163EAB95A33DD895A5BD1B6D30BDCB
:1008B0008A322F3E7187C83D3D745B3E940F093DDF
:1008C00000AE5CBEB48BDEBD66104CBEC03E51BDFA
:1008D00059C50D3BE883753E3DFB7E3EEEA3013ED0
:1008E00037524ABD099E463EE140253EBF9B083E29
:1008F000AC5685BCBAA0173E275A053E774A033F3F
:10090000F1C61B3E9C99AD3DA8AD713D01A6063ECA
:1009100015949A3D399E3C3DA0C39EBCDE6C8ABDB9
:100920007F0B81BD0204DFBD9D1D85BE94DA9FBE95
:10093000D1D254BE8DB09ABEAD7B34BE85B49F3D3E
:100940001A204A3E5192753D97B9393EEA5EBB3D49
:10095000F7061D3D08BD013D2B7488BE3380503E17
:10096000C45AA13CC730E93D7393233EAC906D3E21
:10097000E888A63D4CE4213CB3A8883D66282D3E7E
:100980004E35103ED30F233E694541BC15929BBDA9
:1009900066725A3DA3DD60BED10B8DBEB65B19BE3B
:1009A0004D1350BE8357DFBCB538B93D65E20D3EEF
:1009B000830FC53E749EFE3D98DA553DA74A1FBE83
:1009C000FB7FE7BEB5F46FBEBEB1D0BD13E8713E8C
:1009D000BC2DE63D41832ABB31BF903E6C0CA73D48
:1009E000F9ACA43D26D7223E9B38C23D8681583CB7
:1009F0002043AE3CF1217ABE2D1A4CBDB55AA0BDA4
:100A00006DA30BBE5D9CCBBE806E95BEFE38A4BDB3
:100A10004F38093E1596C83D2053893E88BAA43EFA
:100A2000697AA63ED2074D3E92A1313EA02E75BDF9
:100A3000E4E7B4BE7C8AFBBE60A097BD9439643EF7
:100A4000C6D911BE12A9C5BCC7837C3EED1C0ABE27
:100A5000DF5FA83D265C2E3E4BE7CA3D538D623CCE
:100A600098B8133CD73AFFBD6699A13BE0ECEC3C4B
:100A7000BB369BBE02BEDFBD79CC00BE3592CB3B00
:100A80005579413E81408D3E1326673E27C4343E52
:100A9000FFEA5A3EFF2EDC3E7F766A3EA744123EB6
:100AA00093BD3EBE875B53BE0AF8C8BE93D153BE0A
:100AB00085C852BDF0A1003DE7AA113E38564F3E11
:100AC000BFE5E23D1D4CB43D3443ED3CDEE2BDBC30
:100AD000BE3397BDCCC5CBBC5A02C5BC4A13F63D4C
:100AE000B5FC28BC1E661F3D57428EBDAA34DE3DB4
:100AF000718B6D3D5062D23D72B1F33DFD9B403E26
:100B00005E38E63DE2F5103E74727C3E9A70ECBBB6
:100B10009188CCBE562318BE7BD2F3BE4BD4ACBD5D
:100B2000CC072D3EDAC0BD3DF99F5FBE5BC2913E52
:100B300095BFD33DB2C691BEB35A93BD6D4D2EBE87
:100B4000A6D56FBE03F341BE61CB493D9890503EA0
:100B5000D1BF293E19EA69BC67CEF33CDAB4403E06
:100B6000587FEABDB72F273D06E5DF3DFEDC153E89
:100B70000E0D7A3DF0956B3DD1516D3D1CE073BE7D
:100B800042B3E5BE048A66BE4FE794BE8A1B6FBDC2
:100B90002DB39B3ED238E83D7DF1AFBE19173C3EE8
:100BA000ECD7043EAEE3D2BD47306F3D49AC283CA4
:100BB000FCBC27BD862A753D993C1DBDC9482DBA90
:100BC000B18A653DDD4A483EE0309C3D47C3D53D96
:100BD0001B0AE9BB5221E93C85059EBD40757E3864
:100BE000FFC618BC2AFF01BE422DA1BD0870BBBEC6
:100BF000CCDEEEBEA74B4ABECED4A2BE2CB08CBE7D
:100C000035366EBD3647133E441F81BD5CCD83BD76
:100C1000CD4419BDEB3B82BE09CE27BE89D4A03D91
:100C20003E61FF3D1F4EF33C9DF277BEC8B690BDBE
:100C3000F062833ED8B8A33E73CDA13D271F1F3D70
:100C40001E4AD33D47723A3D4E043BBC163E1DBE84
:100C5000F6E0ECBD3CBCA93DAF93A8BC42AE99BE4A
:100C600028FBA9BEB7B057BB2F050DBE281FBDBEC0
:100C7000CF924A3DE1CF72BDA5878C3E07652DBE60
:100C80006DACFDBDA9B85CBE432C57BE6D7CCCBD20
:100C9000878537BE017E50BEC03388BE952867BDAC
:100CA000D4420E3E9BDC7A3E9F09B5BDFE4C3E3DD4
:100CB00034B9BF3DB224173E8DF620BD9948BCBD66
:100CC0005A8460BD2138093E80710CBEB617F5BE4E
:100CD0005850EFBEEA131C3ED9F3893EF25548BE88
:100CE000025DF33C903C9DBD9D5B7E3EC5AFA7BEC3
:100CF000D071C7BC0BDD8BBB5A1B35BE3AD582BE4B
:100D00002B436EBE099BAFBEC0E288BECF631DBE43
:100D10003D1D123E456CBEBCF8B9BC3B6493E4BDBE
:100D200001441C3C4C0E1E3EE52160BDDCC938BDB3
:100D3000CD967DBEC1E8C6BC1A6355BE73EAECBE53
:100D40009199D0BEA7B539BE77FFC23BF3FF61BE14
:100D5000D03D8BBC543EEDBDC054053DC377B9BEFC
:100D6000B72322BE7D8995BC6AC510BEB03362BD73
:100D700011D5F8BD47ECE2BD359109BEF881CFBD74
:100D8000E7C3C1BAF4C1703D0E64243DCD223FBD1E
:100D90002FFC7ABD1F02B2BDB0F234BE749582BE84
:100DA0004CB370BE441753BEA6CEEBBDB27862BE44
:100DB0006A622ABE08C257BDF8F03EBD958167BD84
:100DC000FD3265BD4F57F1BDD001273E325E50BEAA
:100DD0008C39E0BDF90FD9BC7CE1DEBCFE9C263D20
:100DE000606B573E43D9D53B642F163C487036BEE6
:100DF000D3C757BD5659813D93128D3DA330A2BD37
:100E0000B757123EC58E523C0ABFE0BD7ED399BD96
:100E1000767B86BCC9E005BD5EEEF2BD5B8175BE2A
:100E2000A66D18BE319528BEB81BE3BE835989BC98
:100E3000A600ACBDA2A8DA3BBD6ECD3D3627633D12
:100E4000A741DC3D70029E3DB4DDB33B2F36BD3D76
:100E500064825B3D5BED1F3D5AE784BCCFF21DBE53
:100E60009E02A6BD8863B9BB7D10EFBD0EAEC9BDA5
:100E7000DB05573BF6261A3C5BFDDFBDA5544FBD95
:100E8000F09684BEEE4CD1BD1DED03BE41C882BEBE
:100E90009E853EBE814453BEBEFDB7BEAD6EA4BDB1
:100EA0004650453D7A8F243D4FFDC7BD80D9F03C6B
:100EB000C4D7573EE14E24BD71A3CB3C1BDBE73BBF
:100EC0009B84A0BE2E9156BE7A7420BE7F11ACBD0D
:100ED000808E85BE4647DCBD9F3650BEB1FF1EBD2D
:100EE0008203A9BD6C1D8FBDFE78883D7A5FD43C1E
:100EF000522A85BE3D2C053DD407EB3DC301C23DC2
:100F000022D6A73DAB32C23DFA8A76BE06587F3D57
:100F1000883E003D2A62583D26A838BD2C5EB0BCF4
:100F2000778B9C3D530302BE4271A03D65841A3EFF
:100F3000AA1F54BDFC0CBFBCF8978FBD73D9F33DFD
:100F40005D2095BE382EB0BCD6D24D3C8FD09FBC14
:100F5000B9EA6A3CFAD75DBD9B231CBEDFD78EBDC4
:100F6000A241ED3DCFBD933D06AE203E55F65ABCA5
:100F7000FE56F0BC5A4A0FBE8B4E46BE624CB6BC03
:100F80009C54103D0E0604BDA0AC3CBE8F7716BE2F
:100F90001B36393EC76E663E3209943ED70A403E44
:100FA0000A348E3D161A7BBD5DE85F3E4E4D8A3D8C
:100FB000AA7B823D4D6935BEF922D93DB0BC89BDC1
:100FC0003AFCC33D81C92B3E5B49AF3D4662FE3DC5
:100FD0004C71D13DF0E1E33E1F3C703EF62F09BE5F
:100FE00052FE34BEF20E1DBE281A1FBEE6395A3D0F
:100FF00079C698BD30C799BB34439FBD16E0FE3C0F
:10100000FABE01BE4C9103BE9E201F3E5C208A3E6C
:101010007360E13E0F59DE3ED7DD853E701DA33D76
:10102000A62BAD3EA358C93ED21BA03EF00462BC25
:10103000B1DD8ABD8CEC253EFE2E1D3E02CF3D3E2D
:10104000DFAF933CD002A33ED417EE3EFE8D8B3E25
:10105000BA3160BD216419BDB659463D9460C93CA2
:10106000F4F8D03C429F8DBD38F1793CE82E7ABD32
:10107000A5A9A5BCA2E0B83D2E19ACBB54F0C5BDD6
:101080006341DA3C66926ABB6FEC1F3E7438CC3E1B
:1010900051A6BA3E6141803ECF62AF3ECBE9C63C2D
:1010A000D46B673E6FDFB23EF16B9F3D14978B3E72
:1010B00032DA703E72DDD53E5A52CC3E572F413E59
:1010C000E1278F3DA084C73B63078A3DF6CC7D3D79
:1010D0005B3A9EBD200BFE3C6414993CFD568B3D53
:1010E000642D963C471819BD245EC43C4D2F883DA5
:1010F000F11A12BD66866F3D5424CD3C86F14D3DFC
:10110000537A83BDC5206BBDEB7E2EBD984B9D3CB5
:10111000B6A12D3D5FD428BDDEE4493D8D4F58BDBD
:1011200017DFA03D943120BD86FE26BD99318B3D51
:1011300046E0753DD8D007BC80FDDCBADECE483D28
:10114000C087E03CC266413D5A4276BD5856A1BDBB
:10115000E082A2BCF40980BBD250B3BDA5CC113C47
:101160006DA78BBDDBE7733D8D30FEBB8149C0BDF4
:10117000DE8B17BED820ACBDECA1293D2F092FBEB8
:101180000E27B3BE595E87BEA81C9BBD41D259BE77
:1011900000EBA6BED2E87ABEDEEC0ABE434782BDB3
:1011A000404241BCDC9095BD501081BC522656BDDA
:1011B00095116CBD687F0FBCFDD080BD2CAE79BE93
:1011C000FAF857BE1F77CBBA280ED83D550B76BE1E
:1011D0008BEFC5BD7BB9513EC7A4703EDEEE6B3EC2
:1011E000CF48223E5DE4483EF8ABA23E113F833E2D
:1011F00056ABE83DB40D303EF87B933ED7B4363E57
:1012000039610CBEA9F78BBE2981D4BD777699BD13
:10121000F21412BE4A519FBD64F308BD78D70CBDCD
:1012200022CF763DDE2D503D3F7DA1BD58B0A0BE02
:10123000866841BE1C2ED0BAE020B33C53F8E3BC14
:101240002C145B3EADD647BEA389A7BEEAA1B03D34
:10125000F4230A3E968D563B632DD0BDD2585A3E9C
:10126000877C4EBDF9DF10BE176B1EBEE73A703D9E
:10127000E0CCE2BDB24E4ABE68F0E73D680F023EE8
:101280006F55613D9611003C894449BE80DF563A56
:10129000CDBC42BD6DD15CBD305F363ED15C2FBE52
:1012A000C57B35BE5F10DABBA1AB853EFD1AE23AC5
:1012B000DA352CBEC4A951BDB2714D3DB871D33DD4
:1012C000E10EF53C4619FEBD292498BDCA902D3D7E
:1012D000F131F63DBC225D3CFD4F0EBE112F86BDA7
:1012E00065BFD03DD150763E49140F3EC8FE0E3E3C
:1012F000F5BF933ECCE6223E795CC6BB526E84BEFF
:1013000040807C3C8F18A33DDD6512BD0AFD743D15
:10131000F33C333DECA5093EF2D1C03D51F6A1BCF2
:1013200046F18DBCAA7ED33D2D43D0BD4F640EBE89
:101330007E588FBBC022B1BD8B3C1CBE945F27BEC4
:101340009D1718BE5AFEB5BD140145BD06ABDCBDE8
:101350001518B93A31ACA1BC2ECD163D951CB33E43
:10136000AC14B93EC658DE3E6BF6163EB4E606BE79
:101370004B1E96BD310C063E64AD9DBDC90E2C3D85
:1013800004281F3EE2F4503DA293BE3DD74F103ECD
:10139000E071DE3DC5973C3EFC9468BD2EC013BE97
:1013A0005A09413D20E581BDE5B396BDB41ADEBDC5
:1013B000480F5ABEF44E983DBC0EA33DF711FEBD3A
:1013C0008B988F3C4FBA11BD8C6485BC098D213E32
:1013D000AC183A3E362E86BD3D2FF23D9283813EBB
:1013E00004B1DCBCAB858F3ECAD6E0BC43AD343E15
:1013F000B9F290BE5325993B8A23D5BD0F159C3D6C
:10140000957B033E25064EBDE276B2BD022B4F3AD8
:10141000B461D0BD3302CA3DE1F43F3EA3B826BE5D
:10142000F1521C3D523D57BE55D487BD465B8ABD27
:10143000A7A0143E1D84103D824C143DD907A93D40
:10144000E6C907BDBDA3FEBD56DBE53BD684D73E4E
:101450007AA0AF3C6A7F023E17A5653D51F789BE71
:101460001E6668BD10A30D3E10E6483BBD6FB23D41
:10147000EADA19BDBEDD343CE1DE11BCFE8CEFBD05
:10148000C6F389BDFD3A38BEBBD737BE6F9B0ABED7
:101490002995683A25DAFEBCF23A2FBD216812BEC2
:1014A000D6A3423EA3B6C53C17C87E3DA8DCAABD64
:1014B000AF581ABD6556FD3D4A6129BED2C2203ED5
:1014C00073C9343D4B89E53C0740363D145381BE1A
:1014D000BF0F7B3D837BBB3E82CF023EB643493D7F
:1014E00025D879BC63E394BD0108BB3CB8BE65BD9B
:1014F000EA04293A1F2C7BBE0B7B61BD6DF2723B67
:10150000097BBB3DD03D0C3E6150B73D754628BEC2
:10151000E2DE06BEF0440A3C8FFA983C8D8915BE87
:10152000C73C36BDC46F763D03C5CF3C8B78693E62
:101530000F608BBD5DDD01BCC6A2AA3CFF29C7BC04
:10154000B212273E33F4083E4A4372BB282322BE20
:101550003B6A74BC8AF2713D70AB263EFD8CF0BCD8
:10156000B106D63B4A88E4BD193D85BE61E4113D14
:10157000453D703E527BCF3DB7E5633CCA14673CA6
:101580004FF72F3E1245153C2643E1BD56CD2EBEEA
:1015900084AA373D3ECFD53EA548BD3E0582313DAC
:1015A000955A9FBC310DC8BCC7A4C23D4D050D3E28
:1015B0009210053FA61E533EF48F80BDC64B34BE2D
:1015C00064B04C3CDD42C43D8504043E1965D93D00
:1015D000D34DAF3C3B357EBCDC7289BEA5716D3D01
:1015E000922F4E3E6584703E00161F3E8FDB343DC9
:1015F00059CC4A3E389AD03C97770DBD616F00BEFA
:101600002CFB58BEE1CC883D8DF3B9BE206C74BD77
:101610007448963DD2D459BE73615C3DC221C83D29
:10162000D1AFEC3E8A949D3E5D6C45BD071B0ABE62
:1016300013CF0D3E7FD52E3E22298C3D4C25183EE2
:1016400035BD3F3C7A92E4BDD9C5DC3B61A30C3E7D
:10165000E1A88F3DDEF195BC7E599E3DFA013B3DF0
:1016600008847E3D0F2EC8BDB33E6FBD434791BE7B
:10167000A697E7BE83B0673EE59CE13D21BF813E72
:101680009C2CC63CB82E6FBE830513BE4B87A53E6F
:1016900055CDAA3E206A663EA81CC53BDEA38EBC83
:1016A000C31510BE7F7D743DE792BB3DE12AD13D5D
:1016B0002C25B83C7077813D042C083E4A6F983C3D
:1016C000B2D110BDA48F11BD9E16973D0DBBFE3D3E
:1016D000A9F9D23D0AA2003DAB2F963DEA074BBEC9
:1016E00044F518BE6B9BC0BDE4C7893E7E6A23BE2D
:1016F000D739283D7CDD703D3933FD3C6D94B93ED2
:10170000068E6A3E8FB615BE49071D3B4E12A6BD1A
:101710001452A93DDF32133C0FBA923A3E135C3D9E
:101720006E29553D9DC7E03C81C7243D81254A3A3D
:101730000C22A6BD7E3AB33C3DA33FBC51D0FEBCBB
:101740001A6DA9BDFBDEC2BD784864BC570D7D3D56
:1017500010D1203EFAC88DBE6EC7723E5C9074BD3B
:10176000680FD83B314B023EAEB1B33DE2B4BA3E56
:10177000D80A3D3E1CDF1FBEDC63B13DCD1BF2BD70
:10178000621C7CBDF6FF99BDDCA66EBEF250D13D59
:101790003DB2643D63503C3D3748B03D48DFB53D08
:1017A0002656CA3D743B003D26E9253D5D5396BD56
:1017B00008647C3CEB920E3D13EF663DB40DD53DC5
:1017C0009B7E6D3DADEB41BEAC36093F8E7ABC3B96
:1017D0008E65C1BD5EC2073E1C33EF3D85AFA43EA2
:1017E00024C80F3E0BA8DF3C437552BEB8E68CBE42
:1017F000FA590FBE9D8295BED45A76BE5B8CD7BD7A
:101800007DE0E43D8764743E76051D3D9C14543EA6
:10181000B379533EB2156A3DA5BEDC3DE8B0A33CAA
:10182000845B3DBC760AB0BD7D2CC4BD087BA9BDE0
:101830002303793E832014BD8E05833DDAFC9FBED1
:101840002D178BBD5127003E14AA5F3CFD3DC33EC2
:101850008A60B6BD5FA166BD2D520CBE8D3382BEBF
:10186000C1CC14BE033DF4BE282A30BE45FD1A3E4D
:101870008B63BC3E0758FC3C90FED5BD9BF6A63E54
:101880003D12043D2136B93D8EA82F3E63A7B33DDE
:101890000E81DBBDAD8AD8BD4488F1BC55DABBBD35
:1018A0006F0427BEC9B725BCCE31EA3DC192C2BE86
:1018B000690F8F3CC5BC16BDD281AB3D2339BA3E02
:1018C0002029CFBDDD754FBD6F516ABE6B4934BE57
:1018D000162757BE76A6D7BEE11F37BDE681B33EB9
:1018E0003F271C3F6781293EAFAF9FBDA0EF923DD0
:1018F0004D845C3E0197523EB83C2B3E35CE273E90
:1019000092B39BBB3B1E1BBA54F5FB3C6B34FBBD37
:10191000E39D2FBE2327BBBB39F64C3EE5195D3D49
:101920005239E3BA7C8F19BE2D51163DE8109B3E0B
:10193000990F02BE14C304BE9D85C4BD69F072BD7B
:10194000458973BE104400BF6786BDBCF7641C3F69
:10195000FD4C023FB791033E69C9A9BD259D63BDFA
:1019600081D1083DB8F1B93D066E033E02BF073E86
:1019700015170B3DDD2434BE14A611BE1A6768BED0
:10198000B176723D56FC083CA09AB83BEC0F2ABEDB
:1019900080C1A0BA78FC65BE4840203DF37D1B3E67
:1019A0009B9E1CBE23AAFABD4BFACEBC4BD908BEE7
:1019B000556FA2BD3BC35DBE04C204BEBB80B53E35
:1019C0005B642B3E699A863D6D32F63D181A0DBD5B
:1019D000BC99CE3DB5D0C13DDAF5643E21290C3E1F
:1019E00055C0883D7B5858BD20CB8FBCFFC2D6BCAC
:1019F0007962E13EACC7A43E5913D03DF3CA9B3D8A
:101A00002D39013D985A843EDF6634BE2AB7C23E66
:101A1000E4B0DCBD05B39ABD1DCBFEBDF513A4BE7D
:101A20000262FABD1AB918BE2703ACBD1DC1B4BD10
:101A30002DDB2F3E6DEA783E6BE4983E0C21273E6D
:101A4000BF030D3E9992933EDFE5733E553F3D3E09
:101A50002EA0203EB76D083DBCD481BD2F24553E3D
:101A60003807ED3E2105913E1B9C93BE4455ED3C4D
:101A7000E29B76BDC4942D3DBC0CE43D6D8CE43EF0
:101A800078F3423E636A663D3032FDBD9B578BBDA5
:101A9000B906D5BDF4C727BE6CD05DBE8B15C8BDD9
:101AA000F01ACFBD47E4083E3484653E63104E3ED5
:101AB00089A1B13E244D473E73ED783E77BE1F3E6F
:101AC000AC4FEBBC16D16B3DF340CF3D8041CF3ED8
:101AD0009AE6DC3E2948CB3D7ACAE93D144F0EBD5B
:101AE000724A683DD9E2863D79DE403E44E5B33E28
:101AF000AC3C043F6CA4D53DEDCC573DC73779BD18
:101B000016EBD8BD8AFC32BE2EF880BE3E732EBEC8
:101B1000BEDDE6BD0584B1BDB4EA3A3ED3D2FC3D9C
:101B200073756E3E7743753E0734B83D11FDE73D52
:101B300076B0413E51E8603E01ECF13E5EBC8F3E26
:101B4000B1CB043F00480D3CCAADF53D2E666E3D5D
:101B5000679E3ABD77429A3DC7A4BCBD482F543E0C
:101B6000FAF7873E23980CBD80895EBC824F2B3DDF
:101B700070F6D2BDC18E1DBE1B4C24BD797CC9BD83
:101B80008EC990BEB21EA7BD9B60923C7233B13D20
:101B9000A5B8633EAC3B7B3D52CB183D9F15803EC4
:101BA000BEC3843E234E203FF1F9E03E4E93A73E54
:101BB0006BA0543E7028173DAF06C83D63C4923DEC
:101BC0009B9F8A3D80CD103B72B234BCEBEB003D55
:101BD000237E2A3E5269413E4AFA8CBDEC43A53D24
:101BE000D8989BBE34A67FBE26CDB7BD2E45663D98
:101BF00007F91D3E0CD422BECBF9B1BC6CDD7B3C99
:101C00000841063E5ABEBABB689B5D3E359AF83D18
:101C1000CFC2773E4CA0793E40A3A33E20D7903E52
:101C2000EAE0663E49EEF9BCB70C7FBD4CA1B03C82
:101C3000AEB72E3D00AC7D3AB015953BF5FB38BDF7
:101C40007399943DF249BE3E953EA83E72C6A63EAB
:101C50008EBCA1BD1B9E7ABC903BE33CECF33B3DAC
:101C6000DF282E3E5664D5BD7EEFAF3D307F793EF6
:101C7000F013B73ED6A52A3EE09A303E3A0C593EC4
:101C800000EE6C3D696B2A3EAE73673E492151BD43
:101C9000C96702BE6D756EBD687EBE3C36A584BD4B
:101CA00087054EBDE7931FBD2510A13DA6D836BDC3
:101CB000AAB1AF3CACABF73CAFD4F33DCC72F83C2F
:101CC000542A503C4598463CAF0665BDB05EB93CD1
:101CD00080DFAF3CB15DCABD1B3F653DC807263DF7
:101CE00077605F3DE942FABD893596BD9091233C0E
:101CF000375B3FBD614C91BD49F1AC3DA85A573EA1
:101D00005AC0483DE5779E3D9228553D96A1613DDC
:101D1000028C7C3D3E801C3D1B2C2CBDE03623BD3F
:101D20009A3D193DA528993D04F9063D80392EBC00
:101D300060390F3DD2138EBD40972A3CF696F1BC18
:101D4000712DEB3DF0BB853DF5C1B2BDD87945BDE8
:101D5000D66D423DCBF79F3D00997B3CB83570BCBA
:101D600008718BBCE45B813C80501C3C5EEE153DF1
:101D70007F9C8CBD0F6E85BD49FE18BD7C675FBD25
:101D8000285326BD852746BD79DD8D3DB44CC6BCA4
:101D9000FB08183D2D490FBB3E12683DE488073E05
:101DA000E0B89E3D4314A43CAC61BE3DC1A6973D46
:101DB0009CC8973E0359EC3D16749D3D6CDBBF3DBE
:101DC000C0005CBCF512A13EB407BE3EA731963EF2
:101DD000C7E9F53EF368BD3E5729533E1A0D5C3EF8
:101DE0004C5525BDCFB0A23D4A5B8DBD095AA63DDD
:101DF000CC34893CF92A963D3DC9D13D69796E3D87
:101E00006CDE9E3D21DCD8BC1130143EA79C513EB7
:101E1000748D2F3E19A89C3E4579B43EE5060C3FD3
:101E2000ACDF713E17B3053EF9648D3E3144B43EDC
:101E30002F5E723E1018813EA4B09A3EE09C0D3F8A
:101E400066F7A83EEE6FCC3E8692AE3E89E1AB3E91
:101E5000B7F2273E8321053E8DD7943DF0D659BC7D
:101E6000B1D2963DF2D081BDBA56A63CD86EAA3EFC
:101E700081D2433EC1ADA53EE3A50B3F5740313F64
:101E80005CBA003F9E2FEF3E20A4B63EC722183F0B
:101E90009B94553FB46D443FA5E6BB3E044405BC4E
:101EA000A7E428BDA77A633DCBA8C23CE5E4FA3D90
:101EB000C410993E248790BD02700DBE35EF08BE58
:101EC0005E2F783E00E3F0BD39582C3E28300B3DA4
:101ED000C8176B3CC1EE43BC758D96BD351CC53E25
:101EE00058E8EA3E742D903E7855883D2931AF3C44
:101EF00039CC813EC719303EF428743E60246D3DD4
:101F00009934CBBC6B9F8ABDAEADA5BE8366863CC3
:101F100032110ABD4CF6E2BD9717BC3D7252023E2B
:101F200015CB9CBD666C7EBDFFDCAEBCCF232C3ECA
:101F3000F9D0CEBD424BB0BE5AA708BEE444433EE2
:101F4000C0E4A6BD5C6E8F3C6055BD3D7A5D12BDA0
:101F5000068A843EBADB02BE81113BBECBA1C93DDD
:101F60005968073C7AD318BD8B17463DB8CDEC3C79
:101F7000968376BDF1A6B53C390592BD56BA0ABD29
:101F8000E951BD3D4046563D66E6883D2BE9E63DBC
:101F90006B2B473D3DFD333D5028AABD6BA7F43D5B
:101FA000E571283ED85779BD4EFE7D3E8D12223E0A
:101FB00040BDE53B2204A03D3127FA3B29136CBE0E
:101FC0000BA0DC3D327FFABDE5DF223D0F7B973E63
:101FD000C74712BD96FA523D7210113E4495A13D7D
:101FE0004433F4BC766691BD2D203ABE45835EBE77
:101FF00018A73CBD850AE33DE33E093E48D4AF3D0A
:10200000F8AD993D5507013EF68D1DBE7BDA1C3DAE
:10201000E1D0943E020E503E2A86293EEB423A3EE3
:1020200067CC76BCC6487A3EC9239DBDD319AEBEE7
:102030006171993B6A6A003EED16C23DBA8D993EC8
:10204000B6FF473DD9ED89BDA469C03D8C1AC23D9C
:10205000AB4848BD88F634BE856D323DC6225FBEB2
:10206000393E9D3CA1A007BEB549F0BDC1B7473D73
:10207000133ACBBD0EA35F3D4A2959BD8C5F1BBDF2
:10208000DA5C0C3EF868413EDF3F8A3E2273B63D83
:10209000B5B4DBBC8513513D325AC23D193844BE3C
:1020A0007FCB3B3DA006583EC5592EBEA3F06ABD6E
:1020B000E8A5373C10AE6BBB82A181BD6A3439BE46
:1020C0007DCC5BBE67A117BE2C63FFBBE0552FBE66
:1020D00075A399BEFE7088BE9AEFA8BE7BAD6EBE9A
:1020E000BF4D4EBE1B65F7BDD0EE28BE4CC428BE0A
:1020F0003F64A0BDD7EA60BCF64FF6BDCB1A2B3DBE
:1021000094BE1B3C5E4C593D04D283BE7D6C70BEB8
:10211000ECC5A73EBBB1813D31E535BE1D06ACBB6C
:10212000C2BC1D3DCE6829BEBB1AB0BE1412A6BEED
:10213000A24F4CBEC31959BE8C7747BE675B44BEE5
:10214000ECA5DABDF17BF0BD326FB4BE83BAB0BE90
:10215000D0554ABE2FAF19BE5FBD08BEAEE31ABD53
:1021600091027ABE3D94AABD75EC263EB373AE3D96
:1021700055518A3D1B712BBD70414EBEBDECB63D25
:10218000A6861CBDA757033D81100EBEF7706CBE1E
:102190003F777FBEE1D873BE888A63BEDD451ABE35
:1021A0005E40E2BDCEE29DBD5310EABA9847F4BD51
:1021B0007B4E503D7D1A41BE9CE4D3BDF8CC56BE4B
:1021C000568C21BE532302BD65618F3D2F5C83BDBC
:1021D000D3EEFE3DB366793C708DA53E2F0B30BE2D
:1021E00025715BBC208B9EBD9D7569BE306E1A3D0E
:1021F0004F86463D9C17C9BD57D6A8BE07AEB4BE94
:10220000088320BEF8CC9CBEC024A5BD4F40A63D8F
:10221000C59B4DBBBE9B183E8404BFBC1D6934BD2D
:1022200005CA60BBE62629BCC8D5D7BCEA485EBD56
:10223000F05B81BDD5E6C8BC27561F3DC10989BDED
:102240005389A33D724964BC73A239BDAB2FC7BD8E
:102250000AD8BB3CC80FEEBD2A8DD5BECA4345BEC9
:10226000200D8FBD19620EBEC31187BD6C2D7FBDC1
:102270009613613C91C3D23CB0F0273E57D4EE3D5B
:102280004989E53D1973063EAE371E3E517ED5BCE9
:10229000C289173D38BCC33D44E4C43C27914ABEC3
:1022A0004E510EBEAD21003DB87234BC730D34BE2C
:1022B000758759BE7ECFF2BC7E59B2BD98D26BBE37
:1022C000A7C5B03D2A8216BE92C441BEF0F280BDC1
:1022D000DFFA81BCEE87F73D303EF2BB5AB09B3D42
:1022E0006E06603E7E9B6C3D4C72B03C0D04F93D29
:1022F000E20C323EBBE3123EDDCF633C0726D6BD87
:10230000BDC630BDE2CB0BBEDEB6413D8A4187BDC6
:102310006DD640BE154EA3BD15B197BDB56A473EFB
:102320006B3C903D790F4BBEB91D3C3D2B660ABE00
:1023300071772E3E5034173E1605183EC0986E3EFB
:102340004E32963B73EEAC3C43C2063E6C347A3E52
:1023500015F2133C57B7C43DE1885A3D6479873D77
:102360009C75023EE53C803D2A12063D006867BD33
:102370008B31993C7E51A4BEB12189BD2046293DB7
:10238000AE5DC5BCE7FBA73DF204813E011CA33E48
:10239000AF042F3E299988BDBB3D84BEE3BB4CBB37
:1023A0005D78A03D60ACF23DC55C703E7E11ADBD78
:1023B0006C505A3D2DF42C3E91A5123E07B9A8BC95
:1023C00064D519BE83D1FCBC76584EBD267D5A3DDE
:1023D00055800A3E172620BC4CF1C8BCE6ECAD3B4C
:1023E0000260253DF412C0BD6EEBEC3DC7F43F3EEC
:1023F0004389233EE939973DF6A7163E0C5B913E93
:10240000E2C87F3EDDCB393DA95CD0BECE7E13BE97
:10241000D0CF68BD932F113E85CDAB3E0C481E3EFC
:1024200090DD743DDA225F3D550559BE67B4B6BEF6
:10243000CEA950BEA0417FBEC0A131BE7CC1F4BDBB
:1024400003665CBE1DAF22BE35874BBE443F2FBE28
:102450002E3BC1BD1AFDEDBDC0C9433E3D64983E53
:102460002CBDAD3ED00F813E59383F3EED40903EF1
:10247000DDB1113E5AEB503E57220ABEB6B51EBE24
:10248000FA323B3DF824863EB895943DDD55E83E52
:10249000A57C90BC97A58F3C611D44BD0793D5BD1D
:1024A000493365BE5F586ABEECCE2BBEE41BB0BD9F
:1024B000032F91BECC4628BE5EE288BE879442BE02
:1024C000F37299BDA613D3BD21C5273ED2B1723E8A
:1024D0001CCE743EDBE54F3E3C0B833D5F08993CD0
:1024E000A0138FBD4D55743E233FA2BE29D39EBD80
:1024F000200FCC3DDB22883E9EA11A3EB900DE3E75
:10250000FC0CF33D78300FBD11DA90BD7E3B533C9F
:1025100013388BBD5B8A973DFD4DC8BDD5E486BDA4
:10252000812CE1BCFB8C283D774D6C3C2C78ACBDFC
:1025300025C64D3E7545D33DB27318BC46036A3D72
:1025400073120C3E23C8013ED84F1F3E51AF4A3C88
:102550006CAD9DBE4BA20C3F697B0BBEFEFD193ED0
:10256000C2C9EABC2C6212BE942DB33E9D12A13E9C
:1025700033E947BD08F7D1BBB3F9F53D49A907BB1E
:102580005EA4A13D1692343E79380E3DAA71F33D0A
:10259000F9004F3EADBE3B3EC35B5B3E35D4763E5D
:1025A000392F4E3EAD02A53D1B21013D7E2B34BC93
:1025B000119B8ABD57E98FBC3D86053E1A28883D90
:1025C000A56502BE9A22333E03330EBDCC842D3E58
:1025D00018D093BC45C705BEDE0FBD3D3AD5CB3EF6
:1025E000A5BA1ABEC2DC37BD5B2681BD90B1093EDB
:1025F0003418793EA63FA93E16C1983EA7F8993EE9
:10260000F94D883ECD0F333E10FB5B3E04A3963D53
:10261000468DD8BCED8A17BDB4F53D3D44613CBD47
:10262000EC8DEFBDFBC9463C64811E3E5AD80CBE02
:1026300091B300BD83514E3E25FE323D42E50FBDB4
:102640007A43A63CB877273CE8BF263E343BB93DE9
:10265000F1B4E2BDB47F97BD6BC6333CF0D7203EEA
:10266000C0D8883E87632E3EE0288E3E0262973EA9
:102670009B3A873ED6FE2B3DE3B6053D8D23A7BD95
:102680009AB6CBBCADAB1B3DF111B13D117C44BD45
:10269000234349BD291C79BDEF6B22BE54B250BE05
:1026A000FD007EBEC51B893DBE2B0B3E1A4E7DBD77
:1026B000547F273DA78E0BBDFA21D73D293BB5BDE1
:1026C0001F4196BDB5EC8A3D6D6B80BC47AB243C89
:1026D0003A0502BC1B740B3E9195183ED5B05A3D8D
:1026E00097C4CA3D2174003D0618C43CDA23CA3D94
:1026F000D7FB87BD781F66BDC6FAA9BC26863ABE41
:10270000BFCBFDBD4374D5BD588FBABE62B0D1BD3D
:1027100091E490BE3053DB3D3131863EADE8B43CB0
:10272000BD4553BD0645703D24BB423E3A8EC73E73
:10273000F3AD703E675B6A3D243B7CBD531866BEBB
:10274000C86AB3BC24B7DF3B2AC80EBE2DF4813D56
:1027500037BC3D3E1456DCBD7BCB12BE662FC6BCDB
:1027600075C408BEC025A7BD3E43E93D34573EBDF4
:102770008AEDA33DD20E4CBEA65DEBBEA48B82BEFD
:10278000D0B56F3E4C23143E08AF9E3E70933FBDC4
:1027900020229ABD4001F33CBE3586BE7DD99F3EC6
:1027A0009E144D3CB7DC21BE4C6094BD566381BD88
:1027B000C5F10CBEB593403D57A68DBDC4428DBD3D
:1027C0006F4F7EBD38DCA4BABA21133E9D68863DAA
:1027D00085C5E23DE64AAA3D67DB833DD80A73BD65
:1027E000EF8B903C0D8D603DDAD5BFBE9530A9BE14
:1027F0006CF3E5BD6B51F83CD9AF673CC01A23BC04
:1028000086ED7C3D893CA03DA7E8E53D64A67FBD03
:102810008D74E1BDE0D80EBE60C829BE2C9793BE72
:102820008474E6BEFE2408BF4FECE8BE8A0B90BE5F
:102830006297233EF7AD81BD6EB816BE597143BE97
:10284000B163743DE0B81B3BEA81A23D365FD73EE1
:102850001989733E0615A13D8BFEB3BD23EC51BE15
:102860003EB81ABECABBDE3DB577D43DC9609B3DBC
:10287000386A43BCCE2A90BD16CA04BD94EF983D79
:102880000FE2EC3DF7DB0B3CD68CB0BD853EE5BDE1
:10289000A5C433BE0553A8BEF44858BEF3D890BEB5
:1028A000912F97BECF7241BDB674F13D6A1D133EA4
:1028B000442AEDBDEF2AF5BEC61642BEA16889BE08
:1028C000E807FF3DFF85883EB7D93B3EEF7D8BBDD6
:1028D0003E9B1CBC9F949DBD783B6FBC24CCADBC83
:1028E000B7F5953D7E2E5B3D20F5F63C18F25DBDBB
:1028F000D13557BA1CAD9F3C712D053D0DC876BA38
:10290000D7C2893D3C0FF53C4CA41C3D10AA803D2C
:102910002CB7813DA5D4183EE30E5F3D5711A0BEF4
:102920004184CDBD1C0E4ABEBD57ADBD1321D5BDE2
:102930000AD04ABEACFAA2BEF84553BEE1B723BEE8
:102940002A31043D53D4A73D12651FBD575040BDE9
:10295000E08327BB3B23A4BD626661BDEDB59C3D12
:102960009C05FEBC0EE1223D40142BBDB0E123BC12
:10297000A78F92BDF977A0BD00DE783A967C493DDD
:10298000E4A53E3D1642F93AC9FFB43DC368133C85
:102990008E666F3D94AC27BDAF069A3D6A1485BD27
:1029A00066B27DBD696D863D09DDA03D1EB8C6BC21
:1029B0000B4E943D8C63FA3C5A51C3BC2029DABCBF
:1029C000209673BBC0D6603B26819EBDA1AB803DE7
:1029D0005E12AD3DA07B003EA20C673E29D5493E6C
:1029E000B72E223EA1C9663EE70B483E0B38313E6A
:1029F000823FC73E4A65AE3E03FB03BD60A9BBBC38
:102A00008D75DD3E5308F43E0A42043F49734E3E45
:102A1000C3CFAD3ED506F03DD009573E82A6583D06
:102A200036ADA1BD0027C2BADC8BEB3C12C33A3DE8
:102A3000ECBBE9BCD97D993DD718C93DAC36B43D56
:102A4000E4BD513E51AB7E3EB1C3A53E3BDEC33E2D
:102A50009521053F9553373FF558C83E6A9E143F70
:102A600041B87F3E2C64313DCA77653E1A53913E92
:102A700012C3C23EAA91E53E5371B43DFF29433FC4
:102A8000DBEDA43EB9F6B83EAE0A043F48DCC43ED6
:102A9000A894A03E28188ABC381A5BBD98122A3C1C
:102AA00016113A3D46A89EBD7D90603CFAAA543E60
:102AB000264C8C3E5317BA3EA6629E3E52F5F33D1D
:102AC00067EDBA3E1CA2213FF8AC363FF402443F0A
:102AD000F18B0C3F1C60F53E4A0EF03E19C62D3EB0
:102AE000F82DAF3E18F5883EB94A383E3B09A2BCE6
:102AF000C88A03BE8B33E2BC1B4C28BD303EA03ECF
:102B0000053AFB3E19FB96BDE51E29BEB252333D88
:102B10001E6AFCBC98B67E3D28B28A3DF688BF3E50
:102B2000D428BC3E92701BBD762A363CD0CD193ECF
:102B30006D53543E53299C3E0284A73ED907363E2E
:102B40007C55113EBEB7023E975ABB3D050D233D55
:102B50000C7D843CAE82253D12288D3E918C1F3E1B
:102B60005C1E863C889E703EF3911E3D20F4093B1E
:102B700019EBC43DEA015BBEAC81C2BE6D6E823D05
:102B80001041433C88AA84BD84D2ED3DE0F8DDBC11
:102B90001F40B83E3199AEBDF1221DBE9FE75ABD20
:102BA000363781BD0B15503D2FD1A73CBD7E1C3D56
:102BB000C91C4DBDB3B1A0BD40BBCA3D3F621E3E66
:102BC000748BA83D5010453E0C2F6E3E5C06273E90
:102BD000CCCF4B3E4DCA1F3E47CBC3BD55EE4E3EFC
:102BE000B769363ED3C1CBBD45EAA2BE6B8D1F3D52
:102BF00046AE3F3D671E8D3D7685973D8C01423E3A
:102C0000CEE7AD3ECA2F28BED2B3A2BDA55995BD11
:102C1000D22D843D3A7E723EB05C3B3D30C21F3DBA
:102C2000B50AD23CD0F5ED3D7953233E26F0B63DB2
:102C30008148573E1C2C153E58712F3E330EA23D45
:102C4000F5014A3E6AE6023E1B6D8FBD4B2BD8BD97
:102C5000375C72BD1EF604BF0DE7DFBE6F3576BE72
:102C600075A6ECBCA29B4A3E986438BCED7A7BBD4D
:102C70007671543E228810BE0463893CD4271C3EE2
:102C8000BF0C833D84242E3E9373B83D57B0143E51
:102C9000BA75DC3D47E44E3E826E153EB90F14BC5A
:102CA0001E6A70BDA85BAF3CC0594EBDB65EE4BDA8
:102CB00053671B3D1EABD6BD25216BBEBF17B8BEEB
:102CC00026F515BE78FE02BF5511A1BD79B154BEDF
:102CD000D03EB4BDA7B16BBC88CA09BE40ADFABD39
:102CE000681C523EA09516BEB81C81BEF235E9BDE7
:102CF000080F723D3F631FBDBBB4423E18F7853ECF
:102D0000B8BD833DFE9E513D4668033E035471BDF0
:102D1000554E15BE666BE4BD64C102BE780A6ABD3D
:102D200029CD953D7F6399BD0DF58BBD3A3277BEB8
:102D3000187883BE7B071EBFE0D372BE167E05BE29
:102D40003DBCCD3C8FE52F3E59D898BD6CBBBDBC7A
:102D5000A14EBC3DB163033E8A8C48BE5FB70EBD39
:102D6000B29A02BC512841BDF35CCD3D2EEA79BC3C
:102D700096E59A3B589F223D02BC823DB7D0DDBC10
:102D80003DBA12BED21A9DBDA3FEEABDFFD37BBDE4
:102D90008A19D03C7925ADBD898E4B3E181B583B16
:102DA0008A5087BE3CDFD4BED43720BE8021563E39
:102DB000FC77233B07E5473DF6CE60BD8727213EE4
:102DC000D26154BEB0A4003E89EC5EBC0E3E82BC13
:102DD00034C7B5BD5FDB37BE61A1D1BDCF5892BD51
:102DE000CF3F28BEC4EB4EBD1B76B6BDFDC6CCBDE5
:102DF000CB0CFDBCF85002BDD4BD0FBEABC073BE42
:102E0000C23747BCE2C1D5BDC51AC2BD7AC833BE00
:102E1000E53E5FBEAE128FBE6B883EBD509EA53DA7
:102E20005D8E033DE82BD33D264E8F3D94524FBC23
:102E300068D1FBBDE56ED1BDBB6A8FBEF81819BE67
:102E400015EBF1BDA5A7A1BDA763FCBD5E4236BDD4
:102E5000084667BECBCAC8BDD2CCDBBD7CDE91BD07
:102E600075C7B3BDCF9400BD0CFFE3BD9E49D3BD74
:102E700006081F3D9660C23C89A2C7BD29A9B0BD06
:102E8000E3B03BBE1947ACBEC5B0E1BE4BD3283C56
:102E9000F33F8BBC2283483DD838F8BDF74B77BE53
:102EA000D21DC83DD417CDBD39409CBEEF9675BE2E
:102EB00043760DBDFD40C5BD72EB03BD2FFE1CBDAD
:102EC000359B85BED3C189BE155CC83CE8CFB5BC77
:102ED000B839973D9EE759BC583D1D3D62B0A7BD2E
:102EE000F646923D054EF9BDB93E79BD564F313E8D
:102EF000577045BCC8D2E1BDF4D382BED751453E20
:102F0000178795BCB290CABD8F4237BD65BEC5BCA0
:102F10009667E73C7C660EBD74A1F6BDFA97D7BDF7
:102F2000950A41BEC263E3BD187C223D01BFB3BD1B
:102F30005AAF5FBE8C9BAC3C54ABEF3D9D487ABC16
:102F4000771301BDAB6A663D04239F3D218899BD7F
:102F5000424D0CBE8CC5C7BDA6A58ABCC5F4093EB2
:102F60006737E63C9A4144BEBDB394BECCB88D3DB4
:102F700052FD6ABD1078F7BD6E9ABFBDD9D6F73D38
:102F800096BE2BBE9F8C97BD9C690DBE85EBC23B48
:102F9000559F46BE9056B6BDB31BAABA37A893BC80
:102FA000789C80BD2D23C8BD4E1B2BBCACEA873D51
:102FB000172EF4BCE7EC92BD7A0BC1BCF6F09EBDB7
:102FC000CCCC953C60AA093EE75C573EAEA602BD5C
:102FD000683DB1BD5F6724BE3DA50CBEEFF7D83D8F
:102FE000721D643D1EEB713DD5FB92BE2E26B83D91
:102FF0009A26CC3C44C5F43B306A203D515BE6BC8C
:103000007D8C03BE20FFE9BDFAAFAEBDA0C1D5BD2A
:10301000288EEBBD8AAC26BE9B7FBEBDC9EF333E7A
:1030200059731BBDA821F1BC13AB3ABC3B84E73DEF
:1030300066EE0C3E1140273EC7C61A3D7DD280BACF
:103040004FFF383D97FA9BBCAB2CFBBD7A2C233D40
:103050008952193E419F803E63ABBF3D4CDBB83D7A
:10306000BF8C253EE1D82D3DA1CF9DBD04F231BEE0
:10307000DD7D90BDE801E93DC5E3AD3D14817E3DB8
:103080003B9324BEAD930DBEBDEF983DD78DB9BC2B
:1030900041500CBE3498ECBCEE9E24BC7F292A3CE7
:1030A00093C0A23D4A539B3C9B7B213D3A42E6BDE7
:1030B000A3471D3ECFBB873E02E9643DE6B0833D9A
:1030C000DA9CEBBC1248A03DCB4516BEBA4A913DF6
:1030D0000EF18A3CBFF7113E8959E9BDF5DF1DBEEF
:1030E000193BA2BD42727BBDE22EF63CF47F99BE35
:1030F000AE9D23BE7CFA39BE7E4273BD8553E6BBCE
:10310000A7F682BE5CA94EBD343014BD289118BE0E
:10311000EEAE17BE4AAD12BE5B594EBEF19CB2BEBA
:103120006C8541BEAA0DF63EC5B515BE4E670F3E75
:103130005D39613ED06B603E48230CBECA7AD93BF4
:10314000404DB13DA9F6923EF6C6D33C15EFD13CB9
:10315000253769BE6226D6BDF5325C3DCC6744BEDC
:103160007D3448BE03A3A1BE7ECC26BE47D1C7BCDA
:103170008A0D5F3DE2C0333E268D8A3C8C8C87BD34
:103180008131663C8D15A5BC9E8F1DBEB9FB23BE4B
:103190009D3BCDBE48C89B3EA80E29BE316CDE3C8F
:1031A000A00E173C1AB3913DEB90F63DC920873D28
:1031B000EF20173EF386803E4186403CAA73893C4F
:1031C000AD4E48BE4375633DF70F0C3EDE4D203ECD
:1031D00069BA323CE85369BE1D07963D6522FA3D47
:1031E000D1B9ED3D6529733EAF755E3DDCCC233E24
:1031F000DD69143D418B053CF64A513C7AA5E63C1D
:10320000408A00BEC665BD3E93F0B8BAEDFD47BD2D
:1032100048CE9ABC6712493C4566403EA440EE3D0C
:10322000B6BBB83E7DD66D3E29EA893D4389B03DA7
:1032300023C2073E4E95743D0D91AF3D74ED273D81
:103240009D2B213EB2C1413EBE3EA73EFF87813E3F
:10325000A96A493E88EE153EFA8D84BDDCB1D03CAA
:10326000E007583DF910333E000A333E79F1B3BC14
:1032700074A61ABCDEDCA63ECAB0023EEF6C303D3E
:1032800016FB89BCE8DCD93D0CAFA53EDA6D953E56
:1032900048818E3E0743CDBB1DE786BD7187613DEA
:1032A000EEDA223E70D11D3E47679B3ED471843ECC
:1032B0008F9ECE3E24E5913E24C8923E2674913ED8
:1032C00066DF893EC949713DC867F13D10E9B33DEC
:1032D000D9F1B5BCE0E262BDA68C0A3D7873013E2F
:1032E000F6BEC73D7CFA4A3D4D64973E281A1F3D05
:1032F000BEF77CBDAEC59BBC2972633BB9C5DB3D47
:1033000079D3973E5363933E15CC353DC588973DA1
:1033100098024F3E4015D23D4DA02E3E47F64A3D05
:10332000D74FDB3D895B7D3E3F95203E9D5C4E3E09
:103330000F7E613DE5DDA93DF23B1D3DFB04993C5F
:10334000C90D8B3D711461BB0CDA0ABEB6A7123EE3
:10335000EE47E23D356402BEA716BABDE0A65A3C70
:10336000455942BDF8E71EBDED94EE3DE467443E8D
:10337000217BA03D2848653C39CD853D0D1660BDBB
:10338000188257BECC870EBE645009BE7CAE31BDDC
:10339000DABAF0BDFB2164BD411854BD84A1203DC3
:1033A0005772BEBC8FA4C1BD284D873D7AAA9A3DF5
:1033B000317E183D051EB4BC83A1A33DD7BA183E8B
:1033C000C50E97BDC89AD3BDFC614EBE50AB9D3CA7
:1033D0004D8626BD1248693DBD798F3D55375E3E0D
:1033E0006024E93ED862183EC990213EEE9DDA3D48
:1033F000AA21F1BDBACE30BE38523ABECDC4D4BD3A
:10340000C90471BDE93295BD7F822F3DCF14E33DE4
:10341000DBE9203E7DE18C3E2DD9A83AFC6127BE38
:1034200096ECB6BDBF12DFBD2806AD3CE9AE0E3E40
:10343000683B9F3E1B68943E51F07F3D98AE96BD21
:10344000E073283BC03E1ABC30DF203ED4A318BE38
:1034500001430B3E9541AB3EA377013E6E4D023ECC
:10346000F131683E6FD1CC3EA751833E36B0663E07
:103470007F94313E1D08023EBBF916BDAEF7AC3D50
:1034800032EB7C3E2F9C883E8D3BD93D563CA43D83
:1034900068C4483C169A58BDFEAC33BD322FCA3DB5
:1034A00051D53FBC6AF93A3E4D8F873C204A81BDD9
:1034B000AC7CC43C1A3D4ABDF6E7ABBDB950773D84
:1034C0005D304A3DA43B793EE8347F3E90292C3D57
:1034D0000DC93E3E7DAC1A3E5606AD3ECE5F003E67
:1034E0000372603DAFA96B3EAAFFF13ED780E9BBF6
:1034F0004A61883E87B9D23EC08FE03EFD17BA3E92
:10350000CA6DC23EA863673E84395C3EF22C1B3E06
:103510003A9DB4BB5E8A7B3C2DE6A83D2AC8603D3F
:10352000DBC6A93D8066B63C56B55CBD00A56FBB49
:10353000D6024F3DE0BFCF3CA73A0A3C5511CBBC69
:103540001B8D083EB458A13DFB17BA3D7924F73DC9
:103550008381E13DCF65AF3E7253F43E647C8F3E84
:10356000F6C3873EFFEC583EEFD93F3EB066E13DE3
:1035700013975F3D49F02F3E7B84243E6E10DB3D68
:10358000A80FEB3C8863E63C9828233D52A792BDE8
:10359000756C933D3B358D3DD0E55EBC69D0883D73
:1035A00019B285BD0AE3363D5B85A03D206BADBBFE
:1035B000F9F881BDD7F72ABDA0F0483C0E432E3D57
:1035C0006D8B01BDC381A6BD0A854A3DC11CE03C8F
:1035D000D65B69BDC14E9BBD719EA83D2076F0BBF8
:1035E000A6BF81BD3A0E3D3DDAC9683DD38B79BD9A
:1035F00076570BBDF0219BBB0CC6ADBC263C8FBDE6
:103600002DEF80BDCBC0A43D55538A3D6AC03E3DE1
:1036100068037C3DF7A1B1BDC5B110BE0EB28BBC35
:1036200042C0ACBC03660BBE1395D3BD711552BE30
:10363000BD3ED7BDC7E8EEBD5A7E98BD823F93BE62
:1036400092E1D3BE6FE503BF24FF10BE9E5078BE4B
:103650009D34CBBEB1CB9CBE26ED8BBE3C701FBE55
:10366000360768BD169F583DFC128A3C60CCF23B81
:1036700073261CBD20479EBB295CAEBD7DB36FBDCC
:10368000E10468BD902492BDFFFA9FBC979368BD8A
:10369000F0192ABE9AE4CDBD1E741B3AAC89963D42
:1036A000960227BE22C0D1BE21FBE6BE6DA75EBE3C
:1036B0004E8A91BE8D2B84BDBB6F43BE5BCD6DBE6C
:1036C000ED789DBEB3B169BEDE48B2BEF34A98BE86
:1036D000F37CC9BDA9DEC2BDE5F26ABDE82C89BD97
:1036E000186223BCC5BD8D3D964B87BD5B8704BE6C
:1036F0001ACDE9BDC5FEA8BD0E7460BE57F14BBE24
:10370000C029D7BE9D04EABE12E0DCBE62E3A5BEBE
:10371000A861B0BED39BD8BE5FAD3FBF837355BF1A
:1037200038B421BF852AA6BEB5C383BE5FD166BDAE
:103730001AB9343D27E69EBE226957BED0F28BBE31
:103740003F07ADBEFCD7B3BEDF7186BE2EB2533D80
:10375000FEB2653D4B908C3C4E7704BD7E2E95BEEF
:10376000A1398FBEB39102BE788C9FBC332A0EBEA6
:1037700095F990BEFA3B95BE35E97DBE6CF19DBED4
:10378000DC74E0BD15BE8DBEE6F0C4BE5E113DBE6C
:103790002A845DBEC795C4BE615A9DBE39959F3DC2
:1037A00015C574BC61E7733D98F9383EF96A4F3E20
:1037B000218927BC710BB0BE29E7ACBE96C642BEBC
:1037C000D89A163D1A5C80BD9AB2F3BC5812EFBD70
:1037D000A37F67BE0AC5DCBC33AB98BEEDDFA5BCDA
:1037E00079D7493E347E353EF7F74F3D67E6393E9F
:1037F0007E61BD3D91D03E3C0925ABBC6934843D22
:10380000D3A31EBC68475CBE948751BEF832ACBEE1
:103810000434ABBEC0CD77BE35089ABD108BE13CF9
:10382000C18AA8BD1515ADBE4C6EF2BE2F2FE3BDEB
:10383000DE087E3DB12AFFBD23210D3D1FBC0B3CA0
:10384000F2F6B7BDADA40BBEFC1DE2BC7C3E153E3E
:1038500054F3153E7AFE4C3E57F6853D50FF3C3DF5
:103860002CD9823D64AF43BD3C6F613DBC6A32BE22
:10387000733A68BC63B5613D911681BC3517A0BD34
:10388000E2BDE3BB5F7D37BD948A70BDA98B93BD5C
:103890007152AABC1AF0D0BEE103E7BB729371BDAE
:1038A000DA861C3D636689BE6C15403DB9EA3D3E33
:1038B000350626BE498138BE25B681BD09CAE03C21
:1038C000F27BB73C24AB4C3E6CF38ABD4BFC223BF5
:1038D00095EE8E3D6E28233E80A5A338CFFF19BEFE
:1038E0001550C2BDEE7DC13D3AF402BEAB20FB3D9A
:1038F0000440A13BA7E4EEBDB0BC18BC7AC657BCDF
:10390000BBCE9C3BC70812BE6000403CBD9DA0BD25
:10391000BAC5C33D3CC0843DB0FEA63C7DAED639A1
:10392000C197E73DB284A1BCBC5F14BD32CEC13D9E
:10393000129AEF3DBBA8443ED1731CBC9FEC2BBC3C
:1039400093A5B2BD947B0FBD3D88F7BC7D75A43DAA
:1039500057D84EBE98D9BBBDFAEE3B3DCEF2C4BDA2
:10396000609D30BEDC6762BEF82603BD862FACBD0D
:10397000FF6A9EBCD6D4B63CDB75963DE9459CBC3F
:10398000194341BB8C55303E18397D3D74E70BBE61
:1039900078ED62BE498C8FBD3BC512BDA091E33C62
:1039A00004D3843D32B248BCAAC302BEB064C03D59
:1039B000C3D615BB6ACB363DD6658CBC8661413D0E
:1039C00045B359BD5C676EBE083D233DF90F14BE7B
:1039D000B5DA03BE99F99BBD6DF2CB3DF466A8BD87
:1039E000AE8B323D0B619CBEF70C0FBEC7D5943D2C
:1039F00069E882BC28B3F33D4E398D3D848F47BEC4
:103A0000A6A501BE42C59ABDB7FC9EBDF32975BDF2
:103A10007F052F3E1BEDB2BCA6E792BDB4C6A5BC88
:103A2000E06D63BD99726CBD0749123E3F47753E1C
:103A3000AEF237BD7019ACBD7E347ABDCA570EBD2B
:103A40008F117EBDFEE9C33B92F0AA3D9FD179BDA7
:103A50009253513EF99F9C3D68A6F6BC8D092A3EC3
:103A6000EF9E4C3D70E4E93D3174DB3D5A26E03D6C
:103A7000290972BE9E6199BDF62E6B3D78D29C3DA0
:103A8000286D273E0227D1BC43343D3EA731C43DBB
:103A900012E54A3DBA68CB3D418B833E02D3C63E18
:103AA000AF63793EA023253E9BF3FB3D8BD5B13D13
:103AB000DAC9E73D5CC5CE3DCF8B1C3D4A02B2BDA5
:103AC0001ABB27BD7B961B3D1A01A0BE8F8D0BBD77
:103AD000CC3F153EB5BC2B3EF58FB63E8D7A993D59
:103AE000AFEC2EBE2DFCBDBE9D0799BB3464023EDB
:103AF0006B58E83D8B2A47BD1BCBAA3C4DFE093DC8
:103B0000ACD29ABC68C8203EB715263EC8FACC3E57
:103B1000C01EA73EC2BAE93C6F3C0A3E15D49B3D8D
:103B2000D4C244BCFEA9D3BB62EA6B3CD6B121BE71
:103B3000B5F9B3BE1868B4BDDD5B2D3E0374413EDC
:103B40001692AD3D9CB68F3D9433953E2D9B5C3EC9
:103B5000E9C844BDA1DA60BED673D8BDEC7C8E3E08
:103B6000256B2A3DD0590EBE5DD19EBB556795BDD4
:103B7000F6ADA93CBB68E33D7D26EE3DD513543E32
:103B8000E1DE433EEBA0043E8142083ED427EBBC7D
:103B9000806FBD3D370963BD982909BEE9A665BEA2
:103BA0000C4998BED3930EBE646BD0BD4B27E2BDCB
:103BB0008741E3BDB3C4F63DC0ECF03DDD1C2B3EB8
:103BC0001F93ABBD747CEEBD178D0BBECDAC713EAB
:103BD000C97BAA3D3EF0B33DE985F33D4F1A493C10
:103BE0004823F8BBB57C393E4C43793E9BC6BB3D70
:103BF0001124183E97DC403EAC16063ED631FD3D02
:103C00009BD9A63C71B041BEB3D457BD618847BDB6
:103C1000B5B57FBD12D302BE2AEF37BE32974CBE78
:103C20007F53DA3D9ECDD4BC9AA826BE496687BD97
:103C30005AF7363D661707BD789C893C00E5143D70
:103C40008527A93CDC9DBF3DF5692B3E0647A8BDF5
:103C5000F8C84D3E3F9B953D7159333EA0A2A33D10
:103C60001BC6C13DC02FB73EC24EFF3DCA03C73C75
:103C7000A164DFBD1E05203ED899933E131B543E20
:103C80004A5068BE889956BECEF613BECD133ABED2
:103C9000A349B13EC56B7EBDAA4B13BE01BF00BF99
:103CA000F8E746BE7D79F33CA716CA3D3E2AA33D00
:103CB000C29D3E3E083D293DA0CA593DC92CC63C87
:103CC00045CD1B3ED95FF83D0FCB303E1188933D6B
:103CD000B1A3483ED70F713E4465D23C8189FB3A7F
:103CE00016A70DBEA43449BD692849BD0BA9B53B33
:103CF0003C3EA8BE2A25E4BE85BACABE40CEB0BEB0
:103D00000C7C90BCD932FE3D458B80BDAFBDECBE76
:103D1000CEE195BE908872BD724B9ABD91803EBE39
:103D200060C933BDFCE3153D53DD8A3D3B90943DB6
:103D3000C45982BDE955333D86B6293E8181923D05
:103D4000F916BA3D654AD4BC520DFFBDE54F8BBE96
:103D5000BF490EBE280BFCBDACF713BE415310BECD
:103D60003306AFBE3CB1E9BC7517B73D1F6BC7BE8C
:103D700049448D3D6AD512BD7E06ADBD38774FBE34
:103D800016C577BD4CEFA9BE521A12BF92B679BEC6
:103D9000D4048EBEB614BABE86514EBE54EA18BEC6
:103DA000937191BED14CA3BD5913C5BD12D89FBD0F
:103DB000F0EB3FBECB04C4BE5C930ABFA114FDBEB2
:103DC000A88672BE93CB78BE61E3C3BE687EC3BED5
:103DD000347665BE556D733D28EFDF3EDABF703E29
:103DE000EF32CF3DB689503CF7A7AABD48ACD6BD4F
:103DF000E2BD5BBE02CC04BFA952D5BEEC0F0DBE26
:103E000085CCAFBEF6FCF5BEE49EE2BEEC5963BEC7
:103E10005A0287BE5C2F6BBE5B8BCABD874028BE33
:103E200063ECB1BE95E2DABE97CB0DBF55C7FCBEC1
:103E30001AA3A4BE46EB70BE8D95F3BE5A75EEBEB6
:103E4000A1DEBDBE85A4E2BDA513BD3D24B0A23E4A
:103E50000DADA53DAB25B03CAC16A4BE04B01BBF58
:103E60002A4F58BEFEB22BBEB5B00CBE743E2BBE60
:103E7000BB408FBEB1576DBE86CEB1BD457A58BE30
:103E8000CB4A13BE1E0E5DBE330B30BE649D97BE83
:103E90006FA978BEA343D5BE691AB3BE2B0911BF63
:103EA0007A7FFABE2CF67ABE9C8D45BEB5E1F0BE97
:103EB0005DA8783DEC1D853DE02D803E3998B43CF1
:103EC0002B9CD63D5866ABBD2A28CFBE08B229BF71
:103ED00055BA513D62BF3A3E250A5CBD039A9CBD6E
:103EE000CB4A10BE3CE8743D5075BD3DF2585DBBF9
:103EF000735849BD8FDC05BEEB737BBE62DB76BEBB
:103F0000B99B2ABE8217AABE6E8969BE359FBBBE09
:103F1000620FCABEA21379BE2A3C48BE30F855BE15
:103F2000A4C64F3D6378083DA5E01DBE173CA1BD6A
:103F3000981EF43DA8F7973DD70E46BEFE85DDBE20
:103F400042E4993E971DA13EB20E373EFB16D23D8C
:103F50000BDE7C3DF6F6A6BC6AB4033E99D4FE3C6B
:103F6000D6A6CABD44D798BD818293BD5C8211BEDE
:103F70007CEA23BE20B117BD81A129BDB25906BE7E
:103F800097E9DFBDB793CABD31FC86BE1AE9DBBD38
:103F9000C7BE5E3AEA82FD3D5A662BBD149F95BDB1
:103FA0002C50DC3CBA3AEABC02622BBEF8C80EBF09
:103FB000A312043E6061873ED94FE83DBAFB583EEC
:103FC000912D553B940236BDBEDE133E3E91883D99
:103FD000109BACBB48A3CEBD2C7C84BDCEF30BBDE7
:103FE000EF1B89BD70B9103E166240BD54351A3EB4
:103FF000918D0E3EF8C7913CCEA252BED6A4BEBB58
:104000009A6EBC3DED86A03EA781A23E7DA869BD0B
:104010002AE3463DE13F9ABDC518A43D095A94BE26
:104020004F2BF03DDA8EC53E530241BC56CC613D6C
:1040300017A5D33C5EAFEEBC02020ABE496821BEA2
:1040400086E9BCBEB1A80DBE7C9CD6BDC31102BE24
:10405000EA6A38BE852E60BD12C5EBBDC95221BDCE
:1040600030BEF23CB3AFBBBC7C1661BB5569753C3E
:104070009A4D0DBD5095CABD564F9BBC6C558FBC1B
:1040800055D547BD14312EBD3709C83DF40D763ED8
:104090001E9B923EF8ACAE3DE19D42BE9799DCBDC1
:1040A0006D41D63D8D47573DB02F79BD52448D3D72
:1040B0005C3D86BE01745BBEB6CCA6BDEF4656BE67
:1040C000B03706BEA9A63CBE7633A6BDF1286BBEAE
:1040D000150B09BE3961C2BDD84C58BD7CAD0DBEB3
:1040E00094466FBE3338F4BC6F0229BD7DF8A13D04
:1040F000AC5B53BD6677483D00A4AFB8A96B163DD5
:104100001979E93DE4C5CABD173AA03D6E162B3EAC
:104110002503263EECCC1B3E42D4A83C5A5E4C3DC7
:1041200068FA4C3EF75B733D369C353D988A3B3EC2
:104130009745AF3EFFC902BD76426DBD63838E3D9C
:1041400036F7023EAFB90E3D71882C3DB06F413E4F
:104150003AA30F3EC343393D3636453D4086C6BB84
:10416000F83DA33C129C5EBD4EEF0ABDB80553BCA2
:1041700033A3D13D20F7AB3DECD6093EA5915C3E83
:1041800031B3793EC759763E9F4A973E85E2CB3E92
:10419000F8BF6A3E8219263EBE92883EE8B0983E3D
:1041A0005B62D03EA901183F91759C3EC863D13E29
:1041B000768D843E89819A3E9F23163E182E013EBD
:1041C0008BBD813D58EEFB3C03879F3DCF37A33D20
:1041D000457D903D50A0863CE21D723D70A6853B1A
:1041E000A5594BBDE879363C59A137BD2093133B07
:1041F0009B59A0BDCF9117BDD88542BCE05C4DBD99
:10420000740CB2BD31F383BD39727BBCD85D6BBC1D
:1042100093470DBDE0C87F3CB6CF7C3DCF84983D31
:10422000586F84BDDE6A723D874F963DD6B9D2BCC9
:10423000A067AABBA02C76BB6E8C623D4D1C41BD15
:10424000BBE56ABDEE872EBD40D4253BB4AF05BDAE
:10425000F1508C3D25F987BD45D6D43C146F81BE05
:104260005AB68FBE11250CBE62BA03BB12BE6B3D9F
:1042700070760EBED7044F3C03DC0A3E837C483E7A
:10428000306E163E76E4E1BD03F238BE8DB61EBE3A
:10429000A2C74FBE74847BBEBC813EBE8FBD9ABD9B
:1042A0002C980C3DA0F6A73CEE46683D88352E3C88
:1042B0001C34A1BC2AA532BDC6218CBDDBCAA0BC62
:1042C0008F9192BDB41252BDA2256BBE600448BE50
:1042D0005EFF33388CB7523E5B3AD13C713CC53DF2
:1042E00085050FBD5B7CF2BD17D85E3E7E418D3EDD
:1042F000B76E973EF1A5B53D65EB943B552052BE98
:104300006B0542BE00EF78BE0F5FE4BE80C8933BF2
:1043100004A53A3EC559EF3D7E454B3DFC3779BD7E
:104320002B5CA1BD6E2C313DC80C99BA75988CBD23
:10433000349215BEEC8BA93DA810E33CFF4A093E20
:10434000918524BCC3C92C3D270A71BE2CB3C3BCC4
:10435000BF50A53DA596423C5D690F3E711C443E91
:10436000B4D9043EAE9661BC78FA69BD10EFDB3E6D
:1043700009C4B33DC49E1CBEBCA05C3CFC8AD8BE34
:10438000AE1BA8BE5408DB3DF36B5EBE2C989FBDF0
:1043900018C269BCA51CB9BCF08EB9BC4E0D5CBE80
:1043A0002D4E9EBEE41D013E64E1853E83B220BDDC
:1043B000BC7AC5BD2F0538BE2577F3BD920431BD4B
:1043C00093E472BDFE62ECBD0DCF483D2CDA47BED2
:1043D000EA2CE6BD178F30BEC17BA1BC141B08BC04
:1043E00072DB1C3E0FD45ABB7501133E369B28BEB0
:1043F000D01D0EBE0E201C3E972F9EBDCECC4EBEB5
:10440000E80F26BD7EDE3F3DE006963D629C9A3E6B
:1044100056228D3E63971B3F1FFEF53DF86C1EBD77
:104420007CA189BD7254573D7AFBD0BD3FA214BE1A
:10443000C76C91BD56B8B5BD9AB994BD47A79B3D11
:10444000E96C9E3D2C2544BEA94DA0BD172F1FBD74
:10445000143C2EBD24C6B83CE0EF9B3DEB695F3EAB
:10446000B577083E4C1F19BEA5A4D5BE92CA33BE6F
:1044700004020A3D5BF8253EC2EB533D9E8BB03EE5
:10448000FBCE703E414BC03D7AA2573E9F15393E50
:10449000A938093EEF923B3E4BC9453EF836573DA1
:1044A00005AE99BCA868E5BD31D8BEBB5AA3523C45
:1044B000BE5E263D8FE7FEBDE7D35F3C814B643E89
:1044C000BB3A993D713591BDE2BA123E05DF8DBD13
:1044D0003F2E01BDE4B0EFBE07C7B5BE4BC582BEDF
:1044E000E68B8FBD382E873E23C8AD3EE8654E3E35
:1044F00092E9073E2C35C9BC4D7C3E3E0755903EA7
:10450000CF1FD2BCD29F2F3DF77D213E80210DBD14
:10451000AB1A8BBC7B34B63DCEE034BDFC502DBE17
:104520002BEEBFBD1B60D53D0CD4853D8F024E3EAA
:1045300043B88C3E4FE137BDEAE5BB3DECAA5C3D9C
:10454000E7AFD5BD3DA09ABE27FF00BE68E94CBECF
:10455000A505683C8DA7683E6540C83EC5AB3ABE20
:10456000E62FDA3DE94D133B45DF24BE5450F73DBD
:10457000A9E9C4BDF0D8A33CBAD3083ED71F193E61
:10458000DB04A33D9BE45C3DEF99293E5EED913B4E
:104590003481A73CF292E03D604D0C3D097DCC3D5D
:1045A00018A3E83DCDE5823C04FB993DC801163EC9
:1045B0006032A4BE8EDF86BE0E8F233DFC8C86BD8E
:1045C0006108ADBB76B4523E3FFF2BBD63AB043BED
:1045D0009E0AA23DD613943E7FEF1EBD87DB413E6F
:1045E000E0967A3D2BA4E63D2B4A9F3D1DABDF3D77
:1045F000DBC7C53DCC564C3D42C2323DC22FD83DF3
:10460000CFFF083E16EEF23D5806313D354797BDC7
:10461000FA8BAEBD4A7FD0BDC357D53C7ED8E6BD30
:104620003F16DCBE95307BBE7835F23D7747BB3E0A
:10463000BF391A3D33680E3EA66842BE5A6251BE6B
:1046400089ADDA3B9F8F1D3E8F851B3E9CEBA93EBB
:10465000A6939C3ECDE8613E94F64F3E29A9073DC6
:1046600019DA69BEDA3F1DBEA6B243BE2B4EBD3D70
:10467000108C0EBB20F5DC3D8C68CABD8F4A30BE65
:10468000AF7CF1BD0FB01CBEB51C13BE70A45BBEE9
:10469000F71F0BBE0B210A3D58D0AB3EDEB86F3E74
:1046A00035B3A23DC4D09A3D7F9501BEBEEE8ABE11
:1046B0009B3069BE3D085E3E4904793E23213D3E64
:1046C00066C38E3E3597A3BC02269DBD171038BE2B
:1046D000EA210FBF8EF1F5BE466830BED2DEBCBD0A
:1046E000BE3F3FBE9B5227BEAA161CBEF53FA8BDCB
:1046F000CF5C57BE9B323FBD59A3B1BD6F3334BEB3
:104700006A3D06BE61A3043E6F712FBE58AFBA3D2D
:104710009A60F93C39538D3DC21848BE36E0B6BEAA
:104720004EEADDBE3ED318BE34ED8FBE1FB48FBE41
:104730009DA7B4BEC39328BFEE4C3FBFB2E255BFA6
:10474000B1772BBF538B03BFF1F46BBEC89AC4BDC6
:10475000D18E91BE2E8F42BEE10A673C7B6D4CBE6E
:10476000715D25BE91792DBD2D6820BE593D86BE57
:10477000BDD9A8BEC4177C3E1A10653D1754D43E5F
:10478000F57CDD3C50DF113E4356363E0CDF8FBEDC
:10479000519C55BF75506ABF078346BF7CE37ABF03
:1047A000752694BF4F4B71BF4A9411BF5E5B9FBE8D
:1047B0001D10EFBD9A8BC6BD45820C3DE4D8EDBD02
:1047C000710716BE65B811BD7F0FC7BDA58D0ABEA6
:1047D0007FB3F0BC118B373CFCB92BBEA45D523DBE
:1047E000F46DA13E733AAC3EA560833EAA107E3EB6
:1047F00097E97A3DA3045FBD5E62163EFCEAECBE1B
:104800002C0E1CBF905C7ABF27B361BF4C115BBFFD
:104810009F3020BF9E1E10BE42B7413DDC84163E35
:10482000B474233EFD6E383E49D6373E8FB76A3D9D
:104830002F58A73D024AE3BDDAFE223DBE65C03BCC
:1048400032B063BE252F3ABE8FE1083E233F7A3D4A
:104850008A9B4A3E94EA543B3DAD1B3E41044E3E8A
:10486000AAC5EA3D481338BE0AB2273D9A0CB3BE2A
:10487000CE5F91BE78F3D6BE8BE940BE6D588FBD3A
:104880001A8D323DE5BE5F3E51A9523EF6F92C3EEF
:1048900062E7BB3D8D4B933E14DE1D3EE6523D3C30
:1048A00058D2283DB03EA83C84F6473D2263D5BD92
:1048B00059DD58BD746DC93D704EEABBEA35983D6F
:1048C000406E673E98121EBE1C25063CDCFD3A3E3B
:1048D000669E20BDE85D53BD87BEBC3D9C55E7BECE
:1048E0008A35ACBEC22ABABC9132723E26AE843E34
:1048F00016903B3E18C8313EDA4D923D05B7433D18
:104900001293143EA51C443E7073EF3D256287BD93
:10491000DB67293C83B5B63D110DA1BAC77FF33DD6
:104920006F262CBDDA5F9A3D4BB2393D54C0E73D4E
:10493000C469683D48839B3DBD3DA33D28FDF73DCF
:10494000A0B2103B4D4E05BDD783223E295656BE20
:10495000384375BD04BE323E3E528C3E9553E43D15
:10496000267C873D78AA473D8CE3223EB9B1DCBD69
:104970004C4D74BDCE5F533EE6ED853C055B20BEDD
:1049800019402BBC905317BDE0EA0DBD9F025B3C64
:10499000EAA79BBDCBC91FBDD1AFB73CD6169ABB0A
:1049A0002834CD3D7D0B613D1F1D793EDD36903DA8
:1049B00074FA47BC04CAFB3D9447FFBD945D163DA5
:1049C0009CC75E3BD18E7B3EBC09CB3C7AF4863DD6
:1049D0006138813C8F97323D133ECFBBC080A8BA6F
:1049E00038264A3DF092093EB0EC013E658B77BD1A
:1049F000BA320F3D26A29B3CDB959BBDE91DDD3DF8
:104A00000481A6BD17163EBE9C693BBE2FE8B2BC12
:104A1000DC89803E206BDE3E755F2E3FE0A8923E33
:104A20007EAA223BF9D5B6BD569512BE80CD69BD92
:104A3000A1865A3D36FB90BCB1974A3D687D0B3D3F
:104A4000112EDC3D24B240BC9FFFA6BDB7ADB4BC67
:104A5000E9018A3D5D97073EE5A2E33AAE2CEF3CC3
:104A600065B5DCBD6F7F14BD329A9BBD4E336D3D85
:104A70004E10103D37DA2C3CB03A53BEA1AFF0BD1A
:104A8000972A183E9C2E343F02955E3E440BB73E5B
:104A9000A8CE4EBCF11A90BE89F89E3E4F0F583EEC
:104AA000AF21B23DCFD67A3E2F8CCB3D9B71273BB9
:104AB000D4EA5B3E4E4196BBF23F5C3D0064003D54
:104AC000A4778D3CCFD38DBC0DB89D3D844152BDA4
:104AD000814400BEBB5490BC0BB0F6BD1C8ABD3DEA
:104AE0009A20B6BD2A842CBDE99FBBBDE01B6B3C60
:104AF0000130BCBCD8DD643EF8C96C3E778F883D80
:104B0000A69EE03DBDA44C3E6B49A43E1CF08A3EEF
:104B10006E8D303EB560883ED86B17BD7E744FBE3B
:104B20002E707EBDBFF196BD920BD63DA6337EBBE7
:104B3000CBB29EBC17D6973D0D85BC3C7B8DDD3D31
:104B40004362B73D83B9F2BD1828083E327AC83DAA
:104B50005487C43C6816EF3A314695BD3666FA3D37
:104B60000EA3163EFFB8D93E299CDCBD111A8FBD9D
:104B700002081CBD0350173D2BAA163EF5F3EC3D71
:104B800087671A3E2EC59B3EF0ACE13D03C31C3C3B
:104B9000F1AB053DF39049BD97F2753DEBB55EBDB8
:104BA0002E6785BDBA9E16BD5B0835BD0E6B6EBC0B
:104BB000DE60563DF2001B3C145D753D5513A53D6E
:104BC000B57A9BBD7E94ABBD0E3090BC593B673D22
:104BD000F9D0F6BC5D8FF33D8BCEF1BDDE5E483C77
:104BE0007871613CC70E2ABD76FDE03D7C2923BE6D
:104BF0009554463EA183143D0527743DD62B113EA6
:104C0000986B0FBEB82F64BD6D9DF5BDC0741BBC05
:104C10002C3796BD882D843ADC7022BEE3CA9C3DB9
:104C20007FDC383D3EEEBBBD46F652BEF79E32BE3F
:104C30003DDC08BEA64EA0BDE672713C518E29BE79
:104C4000A06DB9BDF5A8B73D065D103E799B8F3DBF
:104C5000BC7CA03CF09A97BD21B6393E97760F3EBA
:104C60006E3BE13D435033BE8DCD4CBDDF5A4ABC57
:104C700061B3173DE9F76CBD2F7B16BE048520BEDE
:104C80003FAF0EBEAC9CA3BD08EA79BC8E61293C47
:104C90008CB9C8BC8A8C193E936B19BE6EB0F6BD38
:104CA000935B4DBBB51091BC526D0FBD1EDA9B3DA1
:104CB00024DBC43E4C26803E01CF073E12563C3DCD
:104CC0007D1A803D0080953B15A88CBDE2ABBC3EB3
:104CD0003B26933E4CCCFFB9952A9BBD8DF4B03D4D
:104CE0002CF38A3E1DE1433E07A82CBE504E5ABD10
:104CF000CBEC063E991648BE90D955BE04795FBDEF
:104D0000E3F81B3EEF95DBBC42DFA9BE754BC2BE8C
:104D1000C0A405BED1501DBE974EE5BDBE9D0E3D43
:104D200039C6A73E949F883D754B053E6A078BBDEB
:104D3000F67A663D49AF09BD00120E39BDD8E1BD16
:104D4000ED9BA03DE8D96EBE9EF332BEB39BAD3E57
:104D5000E688953EFA818B3C1A75D5BD9EE43ABE35
:104D600028A4A8BD4B459A3CC7198A3EEE60B13EC7
:104D7000861821BE8ADBB9BE67DA18BE1AE4F6BD12
:104D8000DF5836BEE0DB94BEABBC81BE810AA9BD54
:104D900033FC75BDFE99FE3CA0D5F5BB14468EBD17
:104DA00020B8A2BD483ACC3CAE62493D508F373C5A
:104DB0007D73133EDA7D943E9110223EE7B968BBC5
:104DC0004F56A23DC443CE3D24AE113EE317563E9E
:104DD000635CA63E38BEF13D24AD7C3EFB6C9F3E3D
:104DE0006FB6793E8F11113E97ED73BDBC14C23D75
:104DF0005CB252BBEB574FBE8B4549BEE16BF1BC79
:104E0000DA5686BDE050333C8E135B3D0459E43CDA
:104E100092BC2FBDAB8781BD238532BD4AFD173DB6
:104E2000789A52BCB40E1FBD2CE3A43C6BF09D3DA0
:104E3000D0F983BB328A573D86EE3E3D1B53A63DDB
:104E4000E769263DC927A03D8FB7663CEA8231BDA0
:104E50007B03A23DA8C07ABD4A97363D70D8CE3BB1
:104E6000045A7ABD380A143CC0E9633CBA0D7A3D55
:104E70008ACA033D20265FBD883892BD866F4C3DAF
:104E800070497BBCFE610E3D4C7CB83C363774BD2E
:104E90005580423D473925BDE9E05F3DFCC4CD3D2D
:104EA00075496C3DC4C524BDD88BE23D89308CBDAD
:104EB00098772B3E94A5043E44A4FC3D01FF23BDFE
:104EC000AEE1F1BEB8A5B8BEDC76833E8AE1383EDD
:104ED000E7A9B13E8929923E2C009A3E38025D3EF8
:104EE0006D1B42BDF66B0E3DBEC1393DD8EF7A3C1D
:104EF0001897013D8CD368BD7444D03D2B46F1BC5E
:104F000080A8BE3D2E20123D43037FBDD9317DBD1B
:104F1000930F99BCFC75A2BE60D641BE446FE03CC5
:104F20001EF9A2BE6E863CBE2B2FB1BE1B04EF3C09
:104F3000199D99BC4D53C43CBB8230BEAA1A953D05
:104F40003833D6BD61F8C03CFE49173F43A2B93E95
:104F5000C58792BD86B044BD265467BDDC1699BC9A
:104F6000D2EA3DBD508C44BC2B09A43D57A65E3B04
:104F700006DFB73B1F1E72BC1095B6BD102963BD7E
:104F8000C03652BECE7864BEE90CCCBE028F00BEE5
:104F90000C7D22BEC492C3BEC38925BE3BF08F3DAB
:104FA000BB2144BE983651BEA80119BE9BDEB4BDDC
:104FB000369479BECE342CBE39CB15BE812A00BEC4
:104FC000C23C673B56F458BEF808A53D0A704F3DF9
:104FD000203D9DBBB8B20FBCC2AF47BE677DF9BDD7
:104FE000774B2FBE3FBB86BEC86F88BE7CA002BF7A
:104FF000F60CF8BE4EA393BE0E3EE3BE79B492BE4D
:10500000B41DC6BE906B1BBE925485BD3DC452BE3E
:10501000DAC4AE3CE291D43D6C2243BDF61AAABD7F
:10502000AACC6FBDB899F73DF02A26BE7A2D053E71
:10503000A52725BEE009AFBD3D10D8BD5733763D4D
:105040001D37843D94F5FB3C1F46C03D080A5D3E7C
:1050500038156F3C3B6E59BE8E1682BED751DABEF4
:10506000A77B00BF354C9FBE194772BE723257BE38
:10507000BBAD6EBE205B7EBE156E0BBEC7312EBEB5
:10508000DB3E05BEC461193E59423BBD6F9A27BE47
:10509000B49AA93D8726353E08ACCA3D9CBA753EF8
:1050A0006AA4013D7F2ACEBEE8989E3E07CB643EAF
:1050B000C00511BB346836BE9139DB3D26480F3E32
:1050C000CC34E8B99AA392BE2ED3FCBE06A63EBF4E
:1050D0001AE60DBF94F60FBFCB1C35BE5E56F9BC69
:1050E000F02AA2BC08C541BEB8D9493D2E708EBD7C
:1050F000862A6CBD319481BC305D103C346FCD3D4F
:105100005AD6543E5FB5CD3DFB88AF3D31BCFC3D2A
:105110004455473EFAF788BEEA8E8D3E8DC3403D2A
:10512000735D80BD09CD1EBF33E04ABEF549C3BEE5
:10513000B08FC8BEE10CDBBEB5E8A5BE294FF3BEFB
:10514000652917BF6C008CBE405B253E0C50083EA5
:10515000DE114F3E983626BDAF9D283EB0A3B5BCAC
:10516000E30135BEBD17B1BD6EAC87BD683BA23C47
:105170004A3B063E9EA9563C2D12623EBF15AE3DEF
:1051800010A581BDE10166BD788BBB3E94D6F1BC14
:105190000770083BDABCF9BEC3BB64BEFF70A6BE95
:1051A000C22ED6BEFCCBBEBEF81CCBBD1D6AB5BEA2
:1051B000BC2FF1BE348695BE829E0FBD50DD203ED1
:1051C000B21E333E08FB063E0D22513EB287EABDB9
:1051D0007F6C2DBEB4934CBE7A9E333B7C05073D5D
:1051E0003748C2BD1DFFEC3DB663A53D285D003DBF
:1051F0008D333A3E1EE77D3E899924BEA03496BB8E
:10520000A970833D006CAFBE019A3EBE3292D6BEFD
:1052100055AECFBE7256E3BEE23E27BE1B4CB3BEB8
:1052200004FE39BF3DA0BEBE390018BEA7D74A3E16
:1052300077D5763BB60A413E9466FC3D2E362F3D2F
:1052400022C8D13D2E3FC9BDDFE1243D285E83BD8C
:1052500081FC82BEBE6481BCD909513DF58FC23D3F
:10526000404C283E8B6B87BBB77F87BED6EEFDBD1B
:1052700013F4D43CE17DBCBDB5C74EBE14E09CBE6A
:105280004B45B7BE95BEFEBE25F122BF4E491EBF9F
:1052900044F924BF566DBCBE3CD5B3BD350A4B3E68
:1052A0002FB7EE3D9E580E3E548AF43C51097C3E89
:1052B000885F65BCF78F48BE65F237BE728B38BE1B
:1052C00057F234BE1B9B263DA571593C83E2463EF6
:1052D0007FD6013F2215A43EC787BE3A90D968BD4C
:1052E0006D981EBD7F14973D323C5B3EF54E60BE0F
:1052F00048D0BFBD932B06BEE8FE89BE8D5816BFB1
:105300005BB409BF6CAC91BE5004DF3CE59D223E0E
:10531000B028443E8529EC3D96D28BBC3176913D38
:10532000C813943D2CD210BEA62689BE25E5B3BE77
:1053300068AB1BBFE0C5D6BE4B6B02BFD3808EBD32
:10534000B940E93DACC9FA3D0A06A03D671A67BD00
:105350003B84233D6ADA44BD15B8A0BD0A0B5FBE8D
:10536000EB990C3D09681BBE37FA27BE31DEC0BE83
:105370009399C8BE68B94BBE5B50093D535F483E28
:105380002F2DF53D01C92C3CBE3BFCBCE9DFDA3CCE
:10539000A6B8A2BD381251BEF6CD24BE36258DBEAC
:1053A000E3EAC9BEA3E93BBFA8E577BF5D4738BFC5
:1053B00040EC1CBFAEC4ADBE81C1F3BDF7B650BE5C
:1053C0006F179B3DF9D074BD73B18ABE0AF4DC3D02
:1053D0002B6D1FBD106724BE3B9AF7BE7F929FBE08
:1053E0008DF66CBED4A257BD2E93A13C79EBA03DA7
:1053F000CF4A283E1CEB9E3B0D2F643B6960E73C87
:105400007D218F3D148BF5BC8C5860BE5BFBA4BD29
:10541000E7ACD03DB3CCD1BE27DC73BF65897CBF80
:10542000B0D625BF352308BF96B5D2BE46963BBE43
:105430000040F73DE6E3693D2F10B63DBE55C73E3F
:10544000FFEC80BECA0C11BE4BC0FFBE54412FBE44
:1054500032440DBECC8E01BB36D504BD7CBB423D73
:1054600091E0073DB15D27BDD0EE593D3000583D7C
:105470000671E53D438146BC0AF132BCED5E983DC4
:10548000D9939E3EFEC126BCF1F7DABEA75E09BFE6
:10549000C5F6A1BEF357ABBE7531CEBEF31F72BDCC
:1054A000C9F1823DC48BA03CE042A73E6BA0673EA1
:1054B0004BF4C4BCABA61ABD880A1CBD3999993DF2
:1054C0004B5D2D3C8A050B3CE6BB633D6FD40CBEA7
:1054D000C6B6783D8F49593EFA3F9B3DAD8632BCFA
:1054E0006623CA3C3E91043DD14A303D66FE1D3DD7
:1054F000B759853EFB26D23D998911BEF4674FBE50
:10550000204422BF0BEA1ABF869AF1BEB77333BE9E
:1055100046874FBE067999BE87C15FBEFB8ACD3DE7
:10552000DFBC963EBF7C983E7661773DF132A1BDEF
:1055300009BE82BD43BA86BE5933F5BD0F54CBBDFB
:10554000E79516BE4BE52D3E059EDF3D4555723C69
:105550003DE0F8BC88B55ABD3E70B0BD0E5C143B52
:1055600029DEC93DCA22BDBD111B19BE090893BE63
:10557000AEBDC0BE44DF4FBF74C5E2BEBC2EBCBED4
:10558000C22194BD9D692ABD6F0D92BEE7E3603CC8
:105590001B32203EF9F8893E2163033D5B2D0D3E11
:1055A000512D203D72754FBD0BD5043D548669BD0C
:1055B000F7CE4DBD4DEF9A3D30E1173E8CEE0F3DDD
:1055C000EEC373BD9201F8BDE738E53D09229C3C6E
:1055D00003594F3E3102DD3D4E9E053E5CA0003E2C
:1055E000736F91BE0EFADFBEAADEBBBD723A04BF76
:1055F0007CC00FBE320C60BEA3DE6BBE03820C3CCF
:1056000072331B3E2B2C34BE138D52BEECF4583D2E
:1056100022F8873CF1741B3EDAB062BD5E1B093D87
:10562000F1D4233E1454EC3D7EFBA73DBEAE9ABDA3
:10563000EC7A34BEF92B8C3AB7278A3CE4E94B3D2F
:105640004E3D843D6569CA3D88995BBE1C7D90BE18
:1056500083C3FBBE3E7497BEC4C5AD3EE3C42E3EBD
:105660001952F8BB061A2C3D692A8B3EA62E1FBE86
:1056700032220ABC27BFFEBD547DE03BC61FD8BD09
:10568000896F97BD468F2EBD5D2BD8BC4806FD3D6A
:10569000BDF2CF3C6A25533D727466BD405FD4BDF8
:1056A00096F9833DFEF889BD7DDEE1BD1927EA3C10
:1056B0000CE80F3D2C289DBD89B2CBBEF1DD40BE6C
:1056C000B1976FBCED1661BE39C638BDF32A313EC5
:1056D000214DA63D5642523EA31D3F3EC2D8EABED2
:1056E000F1AF94BEFF0F913DD51555BC5C0B06BEC6
:1056F00051C83C3EE9D5163DDE0F013EBE2C503D63
:10570000AE6F02BEA51335BEF8A5F1BDC2FCE2BB6B
:105710009EABB63D6369F8BCAB09033E8184F13DA5
:105720006E024E3D2FC841BED5F54DBEC59FD6BDBC
:1057300050D9DEBC907A90BEE939BABC8B33BDBC7F
:1057400070C6D43D8FCF89BD6EA0E4BE0261C8BED5
:1057500081D413BECD0EBBBD86E706BE7751A7BC74
:105760007A39D03D302EBE3DF431DC3DDFB6AC3D64
:1057700084871E3D5100F7BCE197D7BDBC47BCBD37
:1057800028FC8BBDADA40B3E7883083E2BF69F3DD5
:10579000B6180EBD6C87F7BE80CE90BEF1702EBEDF
:1057A0005F86413D1EEB73BEFD82D6BCB2C8A43DF0
:1057B00088FFC6BCACC90EBCE4E1F1BD66C013BE37
:1057C000D08599BEA9980ABE6E7C38BE4B5B3CBEA4
:1057D000BC9E2EBD7525183D743545BD65E7893CD9
:1057E00071C22BBCD574A53BB09A37BD5904B8BD66
:1057F0002D4DCEBB2872353E00CEFF3D1C0D3A3EEE
:105800008A0CC2BDE42691BE35127EBEA9102D3D84
:10581000B86904BEDACDD43C288A2D3E46B21E3D7E
:1058200068F9DC3CEC86013DFF163CBEDFD3B6BE1A
:105830002F4288BE50F83F3D4330C63C0157CABC9A
:105840001120D13CA4C4FF3C4A74C93CA477823DDA
:105850003BDD7F3D054298BDBE3F7C3C34C19F3C53
:10586000F931653D3C728EBCAD639DBDF1FCB03D30
:10587000A9664D3D2A4256BD999EB5BE8505A8BE76
:10588000DC20D2BE82B3F4BCB3C7113ED0A2433CED
:1058900030AB8BBD4C5F273D2B4C97BEFE2FBABE65
:1058A0004BB9F8BE225899BC2A1C00BDCE2C9DBD18
:1058B0003DF298BD7DB9053DE3C0FBBDEC44B7BDED
:1058C000779CD5BB6D3DCC3CA9E3023DE792253EDC
:1058D000960E8ABD4C1A04BD923ED63D7DC421BCB5
:1058E00001368E3C91535E3E8B962C3E7B2C373D91
:1058F0008FFF02BDE105EABCCC4E20BD045EE5BCD5
:1059000040D478BC5084CABBAA0B6ABB54C8103EB2
:10591000F470B6BD2C86DCBE23B705BFF41F68BE8D
:105920004B4667BE64AC83BD590931BE32CE47BE1B
:10593000FF9227BE21A5033D1391F93DBCC502BDD1
:10594000C38983BECD4ABEBE6E3A17BE75E2C2BEE3
:10595000F9078CBE0FFC823DB55F1E3DB2EC3C3DAD
:10596000BF0C0C3E3AFE02BE286250BE36F03A3DF5
:1059700000E20FB985E1823D6B4545BD4F8FDC3DAF
:105980003288043E9D49B0BEE520C6BE58DCC73D06
:105990007EE934BEC42945BE90F862BE3897E83B24
:1059A000F832A4BD4A14F2BE7D72C4BE4B09153D47
:1059B0006D8B633E2C821EBD4EC931BEF6C4813B49
:1059C000849E6CBDD48CFF3CE8577EBBF11F00BEAB
:1059D000F7D99C3C4AEC523CE85B41BCDEA4453D17
:1059E000E7381EBD317E21BD4788A53DA6C0E6BC77
:1059F000A65CF0BB105689BD91BD313D99843F3DF9
:105A0000B2D39CBD23A1E1BD216AE0BD7AABBBBC92
:105A1000C7D626BC562DEB3DD0D97F3E0EF2D83CE2
:105A20007D33BA3BC6FE2F3D9655743EE6CB60BD36
:105A30007664EC3C896B11BE9497A23B8A7002BCE1
:105A400050098B3CB0E9B5BBF420D93CA078233C8D
:105A5000944AE33CDA6482BD0C0BF93CCCB7A8BC99
:105A6000AC1389BD026B133D0C44DB3C6DE555BDA9
:105A7000AC3AB43C397F963D75210EBD8E4927BDA9
:105A8000139B9ABDC042CCBD19C319BD0DBD683D65
:105A900058737CBDBC1FE5BCE0BDFF3B079028BD33
:105AA000D6854D3DC84299BC3CD90C3D88A07EBDF1
:105AB000D292713D433B79BDCA01593DF0F590BD8D
:105AC0005AE36DBD789524BD64C094BDEAE9403DBC
:105AD000062035BBA0EFBBBC1BEE42BE51B2AFBD32
:105AE000B5ACBEBC443FC83DB01E4E3E793A043E04
:105AF00036EC3E3CEA920CBE08365CBE27C380BE44
:105B00008F1C91BEA62058BE7CBC99BED0DB20BEA7
:105B100051CB88BE157176BEEE962ABECF4D20BD04
:105B2000943E0A3D605069BC7AA4D3BC98CE0E3C2A
:105B30007C1BFF3C4E4300BDC9A2663CBD4A3CBE37
:105B40009D48D2BDA2AC00BD9C00243E2BE104BD0B
:105B50008C53F83EB767253FE649D13E4D102D3EA8
:105B60008DEADB3E23A90B3E6F4D9C3E7EEE90BD41
:105B7000E09223BE42841D3EB795553E2DE15EBDA9
:105B8000A3883EBE5E7D06BB4F5A353B9A639BBDE4
:105B9000E7D51A3CAFCBF13CA8C449BCE2CC4C3DA4
:105BA0006A6FA8BDDC711CBD707B63BDB5F641BEDC
:105BB00057C79F3D9BAC68BC10D9DC3DCAEA2D3E5F
:105BC0003DA5023E2797FA3ED4D5813EA909E73C80
:105BD0003D4CC0BC27F627BE1389053DAE97A8BD36
:105BE000AB171EBD334EF6BD10A53FBE80727FBE03
:105BF0008E9C0DBE8E40CA3EF680C33EFD7CA63E06
:105C00008D1C013E839E2BBE09AB123C38EAA7BC1B
:105C10001152963D3BE0E0BCBDF1F53B7A707DBE94
:105C2000A465C3BD900E53BE6B0F033E999D803E8D
:105C30007BA6C93DA203743E173F753D609CACBD79
:105C4000CD156EBE962891BEF786D0BDDC3F67BEEF
:105C500043DAFE3BE857473E0F24CB3CD36DA1BD52
:105C600031FE5BBDBD088B3D73E6183BFE8EA53E45
:105C7000F40AEF3E92A9EC3E138A633E7D7B443EDC
:105C800032B84B3D1C75BE3CD4D74EBDDB148DBE27
:105C900055630DBE3D39D8BE37BF8BBCD0F4E43C54
:105CA0006E37E83CD22F98BDDC4E143E34A444BD80
:105CB000F7092DBEE9869BBEFE02B73BE79365BDA3
:105CC000861B86BD5936953C19A0BE3BBAB6BEB8F8
:105CD000ADAA0BBD7E6F46BDE0B4EFBC1EF48C3C9C
:105CE000EF768F3EAAACF93E9B7BA03EE276D63D96
:105CF000B0A0C53C4FA5243D9AED93BCA16690BED3
:105D0000D5DBBC3B2AF8FCBB3C047C3D075BA43DD7
:105D1000C0E3A53D051A283D507EE83AA9D6F2BD5C
:105D2000AC7949BE68A39FBE1843B0BD93A3D7BD4D
:105D3000F0D1B8BD921A82BD927B18BE1C5F84BDA3
:105D400025BFCD3C674013BE1976DE3D24BE163E0E
:105D5000399FEE3D1E81E63E3529A33EDC3F1A3ECB
:105D6000669D00BD056DC4BE7F9CDA3DE9A2C8BE3C
:105D70008C2922BE21A7003EB63A493D2D6C563DE6
:105D800025F9043EE9AD883D727CFBBDF363D7BDC8
:105D9000E63545BEBF1BA9BD0EBE7C3BA4F298BD37
:105DA0008A4CEF3C87990BBE15ED5EBDAE470F3BAD
:105DB000D213B83DB143DA3B021F4A3EBF38803CA4
:105DC000C2C6353E17FBE03E9E09153F8EFE653E7E
:105DD000096E283DA5C9B4BE1DC834BC2F9CE9BEC0
:105DE000821038BE7E76813D439D9ABDBA0AA63D9B
:105DF00070ED0B3E39D258BC21C78BBEABA594BE0B
:105E0000C97C91BEB1EEE23DB7C0A23D0BB489BDE5
:105E10000EA4A63CD0AECABD98C82BBEB975D0BDE5
:105E2000B65A07BDAC81A33D6CF6A33CBC2E123E16
:105E3000EE65743EE90F083FC18CD63E26403BBC60
:105E4000DBCD993D07209CBEC16F973D742EBCBE33
:105E500032CB2FBE3AA3B73D00AD933C14003F3E7A
:105E6000B2ED533D0AFA9FBD5BA2F2BD887E19BD1B
:105E7000AC5795BD19B3BABD1595E4BD1855DC3DB9
:105E8000985E3F3D7E12CEBDDAC1133C2661A5BBB4
:105E9000CB5CC9BD219DACBDB1F5FEBDAD88A13DBA
:105EA000083A9C3E4915D63EB09B893E6E5989BE44
:105EB0005ADCD5BCF212A7BE937CBCBE4BDC48BEFC
:105EC000CEED8FBD00D7D7BDE02C483D12F74E3E3A
:105ED000FEB3023C1714DE3DDA524D3D4F4C8DBDF2
:105EE000B35193BD1223ACBEA9322DBE59C504BC1B
:105EF000A720D3BDD3B5573D48A171BCCFF11ABE81
:105F000052B686BEA3DDEDBD886C0DBE9E9A11BE55
:105F10006AECAB3E9E09203D0A884F3B62FC52BEB4
:105F20001D9509BD32D718BBDE1036BE4DDE933D40
:105F3000E4C06DBD10501F3D3024643EF614103E89
:105F4000F828203EE8BC743E8DC1AE3DF8EB36BD6E
:105F5000C85F8CBD46EC95BEE0A4A8BE16324CBE10
:105F60003887E4BDB0E23BBD37E89DBE691D5DBD2D
:105F7000A0C7AFBED853ACBE022C89BE8D5B6BBE32
:105F80004B44593EE796143F87FC8D3E807F76BE9A
:105F900008D1113D1C6F8CBB362BA8BDB0C5FE3C93
:105FA0000799CABD67029C3DA038F93D195D9F3D28
:105FB000687E243D1AE1593D81AE4FBCB18FCE3D84
:105FC000A4E9863DF832B9BD34FCB6BE044A79BEB8
:105FD000C016DCBD79F721BEDE526FBEFD89C43D1F
:105FE000B5A148BCEFF8BEBDFC4B13BEF7E8B1BD90
:105FF000B86C763E4E28793D97F137BEBDA4DEBE23
:106000005B5B163D118B3A3E0F591DBE5B50B6BD12
:106010004A328CBE6DA9F7BD2D0807BE2E495D3EE4
:106020002F032C3E507B523EED70AA3C5FC5E23DF3
:106030009F7CCB3D6A5D043D5E2863BEAC6975BE46
:10604000A00E5BBE096282BE574C253DB15D1C3E71
:10605000DE64033E607A603E28CBB03E9802B13EDB
:10606000483F8A3EB7439E3E5B8C1E3E2544993E88
:10607000C147163E694628BCBAAB4FBCD67BF5BDBE
:1060800075C6D33D6FB18CBD0437363D82DF503EBF
:10609000FC087C3D3A57F83D0D48283E11EEA93DDD
:1060A0009A29963D763FF73D2F2D323D807F1DBECC
:1060B00041B618BDDD50AFBCC2465CBC865045BD84
:1060C000CB400D3E562DC73DBDDE2E3EEF901D3E12
:1060D000274FBC3D9A5B443EEB1F903E3FBFC83DFF
:1060E000AA1889BB297DFABD7A9B6B3EC0B5683E74
:1060F000AF3CFE3DDB2E873D5A0A1E3DBDA3043E4C
:106100008522E4BC37BD143EEAB8D83D54B8F1BC92
:106110000776EC3D4D37A63DEAA1463E0823C53C37
:10612000B163AF3D13C0F0BC1C60CFBC84B6803CF3
:106130007BAF3EBBDE14C33C92718C3C19EA1CBEA3
:106140004E2AA23D12430B3FBF36A93EC030933EBC
:106150007D7184BEF8666FBDDA4215BE69E7943E74
:106160005D2DF03D35A1B1BC1906FD3D75933E3D59
:10617000A9AA4BBEDFA68D3D6FBCD63D8D94A3BDB5
:10618000A8C8DB3D8CDD963CB01F203E4C830D3E05
:10619000AE3F2F3ED71CBC3DEB8FB5BD83EA83BD20
:1061A0006B8217BE8F5707BD397B55BDDDA80FBE6B
:1061B00030C0073D4130373F558AA63EEDBAA43D79
:1061C000BECFC5BC470D46BE459DCA3DD147883EA2
:1061D0001D10013E0D79633D39130F3E4BBA06BECB
:1061E000B43814BC986CCE3D0FFB91BD4E20B4BDAD
:1061F0006E8C32BC345EB53D52015D3E754A5F3DEA
:106200003CD1F33D520327BD00E055BE1F893BBE84
:1062100033E6683B37A4BABD4BE690BEEC901FBE98
:106220002B71DABD591A213EA64D9EBE466ED8BDD1
:10623000409653BE9EFFC7BD2957E6BDBB84C43DF3
:10624000A189C53DC4595D3C114B8A3CBE4E2FBE51
:10625000C06C73BD9D56693D2EBC2BBD858E2EBE78
:106260004E1E133EC965833EF8CD323E4828A33DFD
:10627000EAFE3A3D657AE4BDA429ABBD736FFABD71
:106280008F1B32BE530988BE8F609BBECABA96BDB3
:106290002F82163EBA8076BCC1A3A8BE965108BD17
:1062A00094ACBC3C841D91BD8C0F05BEE3ADD1BD4B
:1062B0002A05A7BD6A1B91BDE5045D3D475F003C13
:1062C00029346B3CC2EAC8BB7B32D03D3441923C9E
:1062D00071C2D63DA543C33EFDC23B3ED8D9933DD6
:1062E000ED0D463D710B97BC89EE88BCDDCC0CBE34
:1062F00018D198BE4BC947BEC9BB7CBEA8C263BA01
:106300001AE876BDAFCE013D15B9CF3DD5739DBD21
:10631000D076CF3CCB911FBEBB884D3BBD1FC3BDCC
:106320005D3E95BE15074BBEF7F4D53D765F523DF9
:1063300051E5B03D0E5AE03D892BF03D8621403EAF
:106340000E7B293E3251723E66D6773D51ACAA3D56
:106350008003A93D9F38BD3D016229BD5891F8BD1C
:106360005C5803BCC6541D3EC308AD3DD492B43D39
:106370002B4D3DBD883B30BECBE0983DA321A4BC56
:10638000451FD6BCCF1CD2BD7F4841BE4F2F19BE82
:10639000794E08BE199166BEA8BF8FBE34E715BD01
:1063A00030E40A3E75BF3B3E3F9D54BD2F9D11BD5D
:1063B00055C5CCBB379AF33D4DEB17BDE7BB8FBD41
:1063C000035D653D3184C53DE8A9633C68069ABC20
:1063D00015AADA3D14DB983DA13C843E83F3A33E2D
:1063E000000F503E74FBF23D2D040C3D120A7A3B27
:1063F0008DFC63BC02AAACBC89C7C6BD1122373C68
:106400000768263DA256C8BD64BA81BEB95935BEDB
:106410007CE56C3D17D38F3CB4D7FA3C06B1493DBF
:106420005B5E823D48A799BCBB40E4BC72193D3B12
:10643000F68DED3D97A7B93DD60E1A3C957F163ED9
:10644000825B4F3DDED6353E79D34B3EE661293E39
:106450008367153E390D943DC14314BE2EF0A3BD94
:10646000222449BD4EBF303D8B25A63D5E1C083E13
:10647000B48C7ABD2E14B53C798616BE113252BE4C
:106480006531853D5C422A3D2E1BF73D0CA808BDB9
:10649000AFF3223D8AD55ABC72A3AF3D3A89C93DBC
:1064A000FE06CC3C949BC7BA141C523E27770D3E87
:1064B00023AF5C3E0260D13E2976A03E9FE4333E8E
:1064C0009F0E8F3D4EA1943EF59003BEF97D50BDC9
:1064D000D977953D38765EBDF22AC5BD4599F3BDA5
:1064E0006BBA01BE8B7690BE653FC2BE8029A0BE4E
:1064F00017218CBDE1944ABCC56406BE4D5C393D94
:106500005FFE1EBE7C7B48BC8C77A83D8DC9AE3C2F
:10651000AF72723D7E35F5BD2A4B503E463C6D3D17
:106520008699213DE1A1373EA92FEB3DC4186C3D72
:106530002712403EDAB69E3EEDD47E3E6C33023DDD
:106540001D16A73D9E20BFBCBD506F3D0D13813D64
:106550004F59E0BB60508DBE25CC7FBEAFC886BE14
:106560008E86BEBEE82EB0BE0663BEBEDDA811BEDE
:10657000B71B91BEB02D09BE5680E1BDFFCC153BC7
:106580007CB3D9BD8A068EBDC060043E59F975BE84
:10659000402B5EBE36D851BE4AE96C3DDFF6903ED8
:1065A0001437DC3D03A2553E1B5D443ECCDA90BC63
:1065B000DE55BFBC787BE03C08CE6DBD097705BDDC
:1065C000A3E6C63CC127213CEDAAE4BEA942C8BE51
:1065D000B365BABDD40CCEBE12FAB6BEE9B668BD7C
:1065E000A42A493CA5F52D3D50FEC2BDF32156BD60
:1065F000419B023EE1B5D5BDC10336BD9341B7BE57
:1066000030C9BDBE159284BEF99FAFBE8F99B23B13
:10661000746385BE214731BC2BC686BD55829ABDA9
:10662000E422A43C1EF4DDBC00C207BB60E336BD1F
:10663000CC318DBC51582CBD6E690FBECE2ECDBD58
:106640006D913DBEFC7612BE9FC146BEFDB74F3D6B
:106650003A1BA8BCEFACF1BD059C74BEAABF783E46
:10666000DEEE2DBD37EDCABD4A4E903DCA96E23BE7
:10667000651172BE194499BE5CF1BCBE034E8BBE5F
:106680000051DC3BC0A7FA3C55401FBD27D1A9BD36
:106690003D25943DC42A9B3C7A21FCBC08410BBC9F
:1066A000505E20BCF6EC9CBDC0AEF63A64E5A33C5F
:1066B00017C69CBDC0DE6C3C2CF30DBDA0B6033BE1
:1066C00009C5C43B5C68E4BCA55425BD75C8A63D9E
:1066D00020A77BBC1AC981BDBCD3A33C10F3143CDA
:1066E000CAFD643DD1C8A33D808175BCE75D943D82
:1066F0006801773C551672BD59D998BDAC960E3DD0
:106700008CBD8C3CE6B6C0BC8480C73C500DDF3CE1
:106710009C5A93BD4D68B23B355A0FBDEFD9C6BDEB
:106720008947E3BD7DCDA83C09E57BBDD84D09BEB9
:10673000A6D781BD6481A5BDDF79D23D056AD43B72
:106740002AE8E6BD1B0C21BE8D5AEFBD5059F5BDA0
:10675000BE4C8CBD58DDB5BC783AC8BC224CC5BD1A
:106760008CE186BC643789BDCBD284BD48602B3CAC
:106770004B44803DF1D0873D6F91923D3D4B95BBA1
:10678000ED6694BD97C445BC0E7A84BDD2640FBE3D
:10679000B9DA16BE65498FBEA46E163E452E543E2C
:1067A000E9A5C3BDD886DEBD83741F3EA231543E29
:1067B0003C949CBDC33EBCBE654CD7BEA6B643BE92
:1067C000AB277DBE463D18BED51639BEA5F784BDA4
:1067D00031CD90BD6E0CBABC51959B3D45AE93BD7D
:1067E0000E71703DE78F8EBD550DB73AF269ED3BE6
:1067F00097BFA9BDE14197BD95C78DBEBFB105BE8D
:106800005AC60CBEC216A6BEE4D8B0BEFE72353B58
:1068100046F50DBE69D94CBDD23F14BD1ABCB6BDFC
:10682000783912BECF6E6E3EB342D83BA463A7BD8B
:106830001B661DBE67D3D1BE736B9CBE161B7D3E0F
:106840003FBD8C3DF339C93C5E129A3D405F93BC1D
:1068500062A2793DE14F8C3D5A440A3EC4F6AF3EF8
:1068600073DE473E9CA7593EED422F3E228287BCF5
:1068700023C4E03CBCF1FEBD82132DBC7906073E6B
:106880009F25F63D248A163E9078BFBD16E4473B0F
:106890004A47843CBC5B7CBE876F04BE31E6473D03
:1068A00026FB7ABE348A47BEB3EDC3BE91E91EBE55
:1068B0007EEE8B3ECD01003E8229A0BDC40EC8BC39
:1068C000802546BB6A6B7C3DC253AD3DE008ED3E82
:1068D0001760273EAC317E3ED6B7E53DCD6BEB3D34
:1068E000E424093D0C8D92BC22A80EBE5298243C93
:1068F000429B02BB4A784A3DBF0C13BED49A823DEC
:106900003F9BC9BD46D587BEB470EABD785EB4BCB6
:10691000972FB0BEA9FE02BEC12453BE97CAEF3D59
:10692000E2304F3E0CB50D3E305FAEBE4002113D31
:1069300097CDA0BD1B7E853DEB7021BE13DE1F3FB2
:10694000D3E2713E2472313E9B4EAF3D8924113D0E
:10695000E5E1023EA489183EA8B4003E70A3963D2E
:106960004F71C93C734FD3BCFE7815BECA8B1CBE99
:1069700094F368BD759EE4BD6C09A8BD4C2BE0BDC9
:106980007A7931BE7252CDBDC77E80BE93553ABE74
:10699000CC2568BE114F83BEB1CE61BE6D977CBC65
:1069A000712C63BDAA8078BCF08C0CBE82EBD53E06
:1069B000D129073F279FE13CF69E2A3E5B0D283BED
:1069C000A4128CBCE22E843DC910223C891492BDD5
:1069D0005012593D1E15FABD237538BE195307BE16
:1069E000C28AABBD5B31E93CA2E454BDB608963D1A
:1069F00081FF1A3DBA40A2BC293CADBE6AC8C9BEDF
:106A000038A927BF1E8A98BE146836BE2174FBBD04
:106A100014F78FBCEEF752BEB2146E3D323F113EFA
:106A20005841053E15F5C7BC4AF554BDB6A0823D98
:106A3000AAB0E33D26BD0ABDF68A01BD5932A3BD09
:106A4000D86DE1BDDEE6F8BD11D2F4BC261BA23D37
:106A5000CC30B3BDBD2D213EA8DD653D634E063E65
:106A6000193DB03D687224BD095DA5BEEC280FBF7D
:106A7000848C57BF7BBFA0BE4EC7B3BD70B48BBC68
:106A8000885FCDBC50F4EABD29AF43BE2CA5FABD4A
:106A9000D5A658BDCF0329BEA558493DC594713D23
:106AA000EC1034BDB895D43BC5E92DBD7DB2B93CE1
:106AB000DF27C8BD539FC43D23B7FB3DDEDC033E4B
:106AC00071965D3EC999863E5E64593E51970C3E73
:106AD0009EE5A03DB04DF3BDC146BFBE4A940ABF7E
:106AE00010B642BF493A78BE8072D8BDCBEC11BE19
:106AF000D12EB0BDE213CBBDC51A87BE9E2EDDBC24
:106B000058BC16BECC91AFBDEF2CFEBCC254AF3CFE
:106B100033205B3DF9A52CBE30FAE3BCC458123DCE
:106B20000AD60EBD0F9A553DECC3D23D6444403E9B
:106B30000743253E4AD6BE3C7EE324BDFB95E73C99
:106B4000A5C605BE1D4D723D9E8AFDBD39084E3C51
:106B5000741B46BF78C186BE299C12BE0C4CB43D46
:106B600016D82FBD0CEF003EF63C7A3DD0DA813EC0
:106B7000ABFA3CBD9563A03C27A1943DF82EEBB940
:106B8000ACF26CBE2051CABDE35F6DBD370C0F3C4B
:106B90006CF6B3BD854A03BE2128033E4B1CBB3DAA
:106BA0000135CDBC6D77CF3D2F7D61BDE940AA3D5C
:106BB0009587A73D4107F3BDEB9AD83D59C59DBECA
:106BC000220443BFC43C02BEFB3018BE7AAB2F3E4A
:106BD0008DBCB1BDCB36EC3DC9516A3EA90059BE52
:106BE00019130D3D1DDEF33DCC1DFD3DAF1532BE2D
:106BF000A20244BEDB5233BDD393EE3D9885943D53
:106C0000B6A85BBD5808B4BD0E09913D58FFAD3D17
:106C10005139DD3D8C05433DF647AF3C80DB5CBE22
:106C20008712673C71BC85BD5B6D87BD94CC83BD0D
:106C3000A569C1BD2CC92F3D49718DBEDED85C3E12
:106C400080A0FD3DFB19AF3D666D33BEF4EC23BE65
:106C5000329CD2BDFFAA36BE853A573EE3798E3DBF
:106C6000CA3F133E42359739FDEECF3DED460F3D0D
:106C7000EF39683D65FBF63C2E4F3C3EF8AFE23DF8
:106C80007246223E1C43DF3D90C5AABCEE947EBDF9
:106C90006CB16ABDD523673DDAC0343ECE6B843D0E
:106CA00031A574BE662F90BD8F0261BE7B3704BDD7
:106CB00001E11BBE04CDD13D483F8F3EAC08AB3C4B
:106CC000C13665BE89BB6ABE8DB659BEB2FB90BEE9
:106CD0002CDACFBD6DA54ABCA77F42BD8DE63DBE77
:106CE0005DFDBE3D16DEA63D6D5D1E3D56AA673EAE
:106CF000F8F4743E92B8503E9BF2773DE7F7FABD48
:106D00005243B6BD1FD30D3E0B20693D5AAE6CBC3D
:106D1000F6C779BE19F77FBEEAD417BEC40446BDD4
:106D20005AB24BBC62FB643E6DAFD13E350A813E28
:106D300018790FBE022DE2BEC3BBBABEBDA3FDBE15
:106D400002F68EBE8879ABBD44CD2CBE377A74BDB9
:106D500018F434BD86ACCD3CE1FE153EE0C5843E62
:106D6000A8F3453ED7DDEE3D4F1BFFBC4653C9BDE2
:106D70004B569FBD14D15B3E6FF94B3E84B917BE95
:106D80009C4A2FBE9B6AA0BE2D7C693E20CFFEBCD4
:106D9000EEFBA33E8699523EAC94243E28CF343E6F
:106DA000568F82BEDED025BF73F0DEBE5EC20EBF40
:106DB000BC481BBF155052BE1DE2BCBD6D6DB5BDBC
:106DC00038A024BEB65E253EE10F3B3E6720D53D90
:106DD0000F11283DBF0DEFBC73A81D3D0C08A23C50
:106DE0000A3D7DBD6C49133E30CD6F3DA10A84BE86
:106DF000F91D35BEFE6AEEBEB3A579BE94AA0BBEE0
:106E0000207FEE3BF2B2863EEAB607BD247094BD09
:106E1000371D47BE6B0F6EBE0FB674BE4C1FD7BE7C
:106E20000C0AA1BECFA080BE0024DCBEBCD8D4BE5C
:106E3000AD28E7BEB6053BBE4453823D896EA3BD77
:106E4000834E9BBD401980BD9ABD003DDED6013DFD
:106E5000CF9B35BE163BDCBCAC643BBD5057BCBDC4
:106E60002FD57DBE9F66E1BEE133883C63EE3CBE1C
:106E70009C0A543C4AE1383E8CD08A3EBF9E86BD77
:106E800056020EBE522213BDC1B937BE9CCCCDBD39
:106E90003E8DCDBD322999BE0D97A9BE053DE4BEFC
:106EA000B20EFEBE460C7EBEE24731BD152D25BC9E
:106EB000DB5994BDC6CB87BDF62BA3BCAC7D6F3E22
:106EC000111A7D3C1D4B08BE6C161BBEEC6285BEC4
:106ED0009BD097BE89787FBE13DD4D3DD187C03EE4
:106EE0005540BE3DC918313D6A2916BEB79195BDC2
:106EF0001596FFBDA7B815BE8A4633BE27A7283E04
:106F0000A69D6A3C251222BEF94262BEC79DD2BE32
:106F10000863C9BE72E947BE0ED3C03CE78FE13DAE
:106F2000B5D7EA3DE418AD3D3E72433DE508113E5C
:106F3000DD7CB63CA71682BD19DE68BECD7A3BBDAE
:106F400054AA3CBED32A593E8859EFBC164F843E02
:106F50002FA420BD9E341DBD22A24ABE99063F3EED
:106F6000FC56D8BB4AAFCBBDAB397C3D6942CE3D68
:106F7000528AA2BD54CBA8BCCB1757BB3BFB86BEE5
:106F8000238A91BE16806CBCFD156A3E89B1C43D52
:106F90004D685A3E16D99E3D1DB0103E3F4A553DA4
:106FA000ADF4AD3D6349F7BD9D326CBD761734BE7F
:106FB0006645DEBD0294393D1027D43D8E9984BDCF
:106FC000469BA8BCE503193E97AB113E72C07D3EBF
:106FD00047A0AEBC23FAC5BCE3ED0C3EE066113E13
:106FE0000E8E713D147685BB073E42BDB979D2BD88
:106FF0006517B0BD95C6DEBD11080B3DE700503CDE
:10700000F0954C3D9E1AEFBC6A67683E9CEC423E90
:10701000CA11FABC0FE83BBE0D2D98BE5831B2BE66
:1070200037B03DBEA2A18E3E0CF81BBD2B5199BDC1
:107030003500D03DA52B2FBD0E0C313CC72C453E55
:107040000B70673D1113163EC8EF993ED70BF03D0C
:107050002B56F43DBB8EB3BDED4C173D30EE663D77
:107060002BDD0FBE2D93F5BC6CEDE93C4220AE3D0F
:10707000AAE11FBC3405F63D297A953EBC638A3DE2
:10708000FC34FC3CB47250BE8C6676BE68CA3ABE14
:107090009B5A08BEBF7F243E8995B43DA66D853CB2
:1070A000C61071BD50D8033D5916623EF0E28E3EC7
:1070B000EF419CBDBDE23FBD3BC745BED01CD4BD2A
:1070C000357A9CBDFCDCE8BD1ECFE3BD88FF2A3DC0
:1070D0008D8E09BE4FD146BDB1BAF7BD600635BE33
:1070E000E6FFC4BD88814C3EDA09353E01EFDDBCC8
:1070F0008D7020BE2BD278BD760999BE8AD57FBE11
:10710000B9DF3A3E246DB83D32FD013E146EA4BC99
:10711000884D24BCF045E4BBDDACA03CF085E43DEB
:1071200033CC9D3E802F24BC575F77BD7C7ACCBD8D
:10713000273420BE9CB02A3D1CDB903B049D3D3A89
:107140009A7B1CBE954ACEBD285511BE3D2ED0BDA2
:1071500040048ABDA545F63C40FAD43CCA28783C98
:107160006E1F583EF2B4923D93B587BCCDAC20BEA5
:1071700069BEC5BE7B83F1BD7386633DF0F55DBC22
:107180002FA304BD380C603C619DEC3DB14365BE4E
:107190005E6ABC3D38CBFB3E090322BDC7141E3DD1
:1071A000D3DBD33E6FB4AB3E45DDC63D75B573BD95
:1071B0001D4B7B3C57FA3E3DEF80B63C2878EBBD3B
:1071C00047777B3D90473EBDC25FBF3C93BF0E3EBD
:1071D000DC95A43E2F91DC3DC1EFC7BC4259CABC2F
:1071E00070A78EBDF7C5EABC202BBBBD0025D23AE7
:1071F000909B3ABD2427993CBC2C02BDEBA42DBD2D
:1072000089695F3EF033193FB6C8C53E053552BCAB
:107210002ADEC13E88FCE53ECE16093F5F0AFF3DEF
:107220007EFBFF3DFE51673E34B1CE3E7B47673E5D
:1072300066D9013E99F9B8BC5AAE143C60AE09BE9D
:10724000F105073D6F884CBDA48A9EBD22E6A13D95
:10725000A76068BDB12B903D8AFC363DCC2CA13C8B
:1072600060689EBD985D61BDC022633C5B85AA3DA0
:10727000ED7EC6BD7CDC9BBE089D1DBDCB0D03BE57
:10728000421A8DBDF29D1ABE006098BE9E5E773D8B
:10729000EFA3733E437F6ABE909785BED8C046BDBC
:1072A000AF66003E2D1D163E59736D3E76F7CC3D00
:1072B00049DCFA3D87CFAA3E817D543E57538B3C33
:1072C000320D063DD486C7BCA03C9EBCC0EAB4BA11
:1072D0000D4C9D3D23D8ABBD7594A83D8060DD3A33
:1072E00000EED2BB8DF86ABDD6FE353D36F442BD08
:1072F000B832633C86C3693D08810B3DEE1758BD2B
:10730000656DCB3D4FD0FB3D6CA93EBDE3DC163D2A
:10731000A07C14BC3BB1A1BDDED02A3D085574BC95
:107320008F58A2BD4752963DD0BA4E3C564F7D3D38
:10733000F8F1013CC36A31BD987975BCB051B0BC5D
:1073400020BE73BCE191A63D40A002BC9B6836BD47
:10735000685125BDD4F4AFBC077D493E4111C33C03
:1073600047057B3DE38D2C3DB922C9BC885C27BE17
:10737000EABDE6BE255019BE549F003DFBC1B4BD19
:1073800036E39DBE8700AEBD39CA043FDB4C913E5B
:107390005622B73E76E1BC3EA10E803E759B513E23
:1073A000A37375BD0B6C9C3DE432153D68EC1EBDAE
:1073B0001B6B843D4234253D40E9213D9D2D2DBD73
:1073C000D45AD23DA71A1FBEA972F8BB91E668BE77
:1073D000CE5B09BE62EE83BD2493B3BE46997DBDEC
:1073E000918EC9BE2FA57BBEA84601BF0043B1BD8B
:1073F000D8C80F3E4B779F3E726F8C3E65F0533E70
:10740000087F82BB93A2CEBDC8D283BB29E8203EB1
:10741000DC2807BEBECCD8BC6092CA3CA84B1B3C43
:10742000A0CFBFBB5B479DBDCF54D13C3333D3BC52
:107430001824B1BDE9538F3DC7740C3B6EC70CBE19
:1074400035C0283EA511653DA8E68A3D1A28BABD7B
:107450007AA6DFBDEF9410BE4D469FBDAB6693BDCF
:107460003B154EBE73D912BED84FC63D84C306BD70
:1074700020CD003EB6D4233EF6AB213EEF716F3DEA
:107480003CE81ABE94C59D3EA771323E7CB60A3DCB
:1074900075F998BDD414BA3D62E2A4BD50D53B3E07
:1074A0008054D53D5470B7BDD840A5BE435135BEBC
:1074B0001AA8F5BC084DB3BD77FC6FBDC5D9AB3D6F
:1074C00055C48C3D4F43D53D21D0103EBD3D3CBC05
:1074D000DF12CEBDEB7E03BECA71813BA535FF3BFB
:1074E000A8C74D3DD999E13DF632063E5A1C523EA1
:1074F00021F0793E6DE7C73E0238B53EE4A78ABD6C
:1075000057AC9E3DDF337EBDA281D6BDE628633EEB
:1075100030B0BABE294FDB3D0EF6A9BD3C18F63D92
:107520008327803D473C913E85D2A6BC59F5B83DA6
:1075300012D8383E7198A73D8E625B3E40E8E53B2D
:10754000392AFCBC2038E9BD4C655BBE361059BEFB
:10755000EBD684BDE647F53BA67465BDC6E180BEAB
:1075600019E65ABE2230DD3B7DC4483E1FA21BBD3A
:10757000DAC26E3D3ED707BDB6FE0B3EF6761DBEA7
:10758000A0F5C8BEF6B50BBDC31991BD96028A3DE4
:10759000A3A8223E64F12D3DBCF81F3C3D572B3D76
:1075A0007C5DDB3D6055513E3F47133EA2D14CBD53
:1075B0006027F13D4F2B3FBC1DB2C7BC6EA93F3CBD
:1075C0001DCB4B3DD51403BE2273CCBD37CBF1BCD4
:1075D0005D0F533E8B2D323E871EC03E006F5CBD5B
:1075E000D6CD76BD56E5FA3C53FCF93DDA90D1BED6
:1075F000859B10BFDFD79BBECCB736BE1E900C3D1F
:10760000347D093E106076BCB1098CBB9A6384BDA1
:10761000B1AFBC3DA55FDE3C03AF9EBDDDF9E13DF2
:107620006E9C163D080BE83B52AB7ABDF7A4D6BD65
:107630003EE925BD212F083DE69A0BBCC58F123CC3
:10764000A53C643E1FB1A23EF422FB3E767893BD7A
:10765000D8582B3D3C42813DDF5CB9BCB3A7FCBD93
:10766000D87032BECCC1C0BD745F1BBE6C1A423E26
:107670000920AB3E5220D63D4099E53C7137063E8D
:107680008492CF3D0DEB47BD2044913DA2249D3D0A
:10769000175D9A3C8729693D10F34F3C715A3BBEF8
:1076A000A1E1B4BDBC6E82BD68A72ABD2A4A76BCE2
:1076B00065ACA73EF7A4003F2365F33EF668A03D06
:1076C0008EF281BD07C1A73DAE7EDABD87CCE43D19
:1076D000A04EFF3DBA973BBC0A812D3E3DDC223EC9
:1076E000038AAF3D9B3EA63DC5F73B3C6B5D1C3E10
:1076F0001D24AB3CA87AAEBD8C2C223E485D503E8A
:10770000E7FC603EF919BBBC72EE35BE1FC6EABD90
:107710001ECE22BDC5E44A3BCD49023E2E4BAFBC36
:107720009DA7363E9FC4F63EBA0D193F1188813E93
:10773000F5EE233D8D7425BCB81818BE97A9A3BEDD
:10774000C9AE533EFF63313EDA98813ED0FFE93D3A
:107750007B81043CA033CDBA34BB363E5D0E1D3E6A
:10776000403A343E8B911ABD083A193E44DA993EAC
:1077700098F0283EBF5CF2BDAA0B28BE99DE3FBD43
:10778000AB2CC0BB12D9F73DA4B78DBA63651B3DC6
:10779000CEB7F63DF037733E72F1B83D02E1983C4A
:1077A000C36C253D94F985BC5F66DDBDA24BD8BD99
:1077B0003EF5223E1816143EABEC063D048C9DBDF2
:1077C000953B6DBC2D3E9F3C3004613A13098B3DC7
:1077D000EA1CCDBCBC0900BDA81B083E8CD5783E78
:1077E00083168B3DB519ED3C383927BE65B7BBBD57
:1077F000E50BBE3D84AA1B3D662C34BC50435E3D68
:10780000003ADB3DF1A79EBC02F7793E221B8F3D7B
:107810000347BF3DC4BAF93D5BBA86BDF81D333E90
:10782000ACBCEBB945638ABD20C98FBDFAF3D13D2D
:1078300078194D3A1FF1BFBDA9C5873DFAF7963DAE
:10784000E49BAE3DB23FA1BC19DF2D3ECFBFBA3E97
:107850000D3A893E7DF8EC3D1F0D153E690B083E43
:10786000C117F83D2AEAB7BD6E7DF8BDB19DE43D74
:107870003A434DBE4BE204BEC96BCE3E2E4330BCF4
:107880008E00C5BB3C21953C50B49A3DB503523D9A
:10789000DE4835BEF65F2D3C3FEA4FBE1A0AF43B88
:1078A000C41105BEBF8038BD056F933D4102183E2F
:1078B0005FDECF3DA598D33DAFEC0A3EAFD15D3E34
:1078C0004439A93E36DF1A3E67F8183E8CCA853E19
:1078D000123F0D3EF395E33CE83DB6BC82F611BE87
:1078E0002D0E87BDE81B74BD2AC4BF3DCB9887BE53
:1078F000D6DB28BB9CFCFE3DE19A733EA4A32D3E43
:107900001432DD3B331A65BE14B79BBEF174B1BEB1
:10791000E4BE8ABD509798BD183BF33D1A5FD73D32
:10792000BB896A3DAAD81A3DDF8D7D3EE184843E45
:107930000E67AD3E8838D63DCE0FD03CE1471A3DAC
:107940009863E73D0BFA78BDF879F6BD9D0B853D50
:1079500041A60D3C37E986BE5847ADBEB5BBD6BD86
:10796000EBB1DA3D2C1B163E426FCCBD0C33BB3D58
:10797000CC736E3DBBA928BE741B37BE78BD0BBE51
:10798000F7254CBE5D6AD9BD012FA7BD27F4A9BD5F
:1079900086D46DBE4C6400BDB5DD5F3E5EDA803ED0
:1079A00043AC153E01CE1C3E45C6DE3CAB1B99BD2B
:1079B0009E1EC1BD9956EBBD985C0EBEB567F6BC68
:1079C000D85898BDA6323DBED6A800BF39D0E1BD7B
:1079D000AB8862BE5AD37FBC77F351BE1665F63DC5
:1079E000F68F5B3D9BFF53BE135920BD622406BE3C
:1079F0002CED4EBEF95A54BEE9F843BE9E7D84BEBE
:107A0000C5222ABE367CC43D9B670B3EBF12FA3DA1
:107A100006D6583D2FAF88BDB37D3EBE401387BE0E
:107A2000E1FDA8BDE6968FBE5C7F473C66A68BBA9B
:107A30002265593D7ECFF3BEADFB10BFE894DEBE9C
:107A40008A365B3D97BFDB3B2DA453BE0B73493D8C
:107A500089F8863CBFE3363D354F2FBC6DFEEABD4D
:107A600035C2B5BDC6410ABE2C1D82BE01C025BEB1
:107A700029F1A9BDF91BBD3DBFD78B3D60BE63BDDC
:107A8000D1C350BEF22BADBD28262CBE71A033BE93
:107A900001F5D0BD954129BE5DDCAC3BED873EBD17
:107AA0001FC48D3C0055FCBE117865BED85901BF7E
:107AB00060A733BD535939BE2F5776BD5E5BFF3D7E
:107AC000B1E3853CC6A9433E10EECA3D35A1E0BDF9
:107AD0005A40863DBA471ABE7C5B08BE5216A6BC09
:107AE0000A3F383D45E3A03DBA8CA13D95EC0DBE63
:107AF000D2A80ABEEF22B9BD450A19BEB39C21BC6B
:107B00004A0B663D2DE3C6BDCC11ACBD43C7C6BD17
:107B100029327CBE802FE8BE2A46293DB699DABEBE
:107B2000F7C7F8BC7FF64ABEAC75253E041E183D6B
:107B30000F56F1BCE8F5613DEE32FD3D0A2AB8BDB5
:107B4000657337BD8851FCBD880ABDBD0648A1BD1F
:107B50008613493D7632793EB45D4DBC6455F8BD1F
:107B6000A04ED0BD342FA8BDE64E62BB1EAF5DBD9A
:107B700071968F3D5584ADBB136953BE6A47B5BC42
:107B8000F6A96A3D5C5D8EBE59FCA9BE4ED2ABBE65
:107B900000BB3F3C424087BC2AECCCBC7F9D96BEDC
:107BA000487CAEBDCAB39DBDC9583D3BB7595BBE0D
:107BB00044AFB5BD2E3683BD2F77D5BDC1CA0ABE31
:107BC00079C5743D3DEB743EDCBFBCBC560E87BD31
:107BD000BA5B73BDB753CDBC4E3ECDBC2B20B3BDFD
:107BE00011C4D6BD527F3EBEFCA3A9BDDF6EDD3DF4
:107BF00072EA4C3DC781553E57D7A7BE0ADF9EBDEE
:107C00006403323D5FAC58BE704528BED48793BE36
:107C10003F4D53BE0E15F8BC384F67BDB83588BD13
:107C2000D69BC5BD9D560BBCFD12263CF39D993DD0
:107C30009D97AA3C58C6E33C31711F3C55B1B33CFB
:107C40006AF0DE3CF00488BD553A2E3CD15B89BD1C
:107C50003BDB203B8E7917BC60D2AEBC8E3E04BEAF
:107C6000A5A3B6BC7302C33E18E0AFBEC8A691BDC3
:107C7000465F203DD0A901BDAD90E5BD30CC553D5E
:107C80006BDC29BE3E678ABD7F7F40BEEF84C4BDEA
:107C900005ACDFBD74C694BD201332BDDD2A2F3D77
:107CA000047AA43D56A0823B878AF53DF7F570BC67
:107CB000E5D180BDBF8015BDDCB2E9BD6E4329BDF5
:107CC0008B48DFBD0CA5A6BBAF93CBBD4BA27D3DC2
:107CD0003289973E5323743E99306C3E47608B3D0A
:107CE000F80E3DBC59E99D3D79FA8FBDBEACBA3D59
:107CF0009B70A13D9A3EFD3C0A3ED2BE9D697EBE70
:107D00005ECA0DBE169D153D3BE1A73B4C8AD2BC19
:107D100030E21A3DE79D9DBD0419ACBC737289BD6C
:107D2000B4F9A3BDD9022A3DB3D930BE0C2F53BD3F
:107D3000DAA3E33AF90248BD53CFF6BC0628453E24
:107D4000264AC23E8DD4BB3E8CE5393E855A77BD6E
:107D500000F9B93A202C12BB223B713ECC94B03DC5
:107D6000C7AD453D13FC48BDDEA944BDBB069C3DE7
:107D7000A4F9583E0B8ED43D29DD08BDF467A6BD9D
:107D80009CA9D9BC9EF75ABC7EF8C33D66C1213E72
:107D9000A1CD8D3D3F6102BCB79F033E986D4E3E25
:107DA00069E67C3E8254383E8826E13EB576C43E84
:107DB0008C6EC53D058D29BE40443ABE68338ABCF1
:107DC000CE112B3D4BCFA03DF72BFBBD3266763E4F
:107DD000F9E0993EE4D0DF3E7D52C53E2755DD3EB9
:107DE0008602B23E5181113FF601023F5A3EE23E09
:107DF0008AAB1C3FEC42F23EB60BF93E26F3B03E96
:107E00009B91813E65DE663E2F03433E2B3CB53E93
:107E100041D9243E5318D23EBC0E033F99B01E3EBA
:107E20003510E3BBA317EEBD8EE41ABECF93843D9D
:107E30001093993B72084D3D5EA5373D8171243DFD
:107E40000187B33D04C3E63D23D0623EA582A43E34
:107E50002DC8A03E1B25903E7E79EA3E0620CC3EF2
:107E60009580913E2BBCC73E2479E33E94BB013EF6
:107E700066C9273E782BF23E6D367C3E7A01DF3EA6
:107E80007F4FF53E67B1F93EFC3CAE3EF5738EBECA
:107E90001D6803BE6C5E87BD46F42C3D80161D3CFC
:107EA000D4EA62BD7ACA6C3DD2E2393DA78189BD70
:107EB000437D203DE779503D23D5873D6E3F073D0B
:107EC000E51B0C3EAAFF643DD886C73D9191503D0D
:107ED0005A06E63D2BE7C43D18256F3E5DF3F03DA5
:107EE000B021EF3D296FB83D399504BDAD4E34BD8D
:107EF00041ACE83D2840833E0F5F833ED4B4663EEC
:107F0000BACE77BD5025D93BD6768EBD7A3F9EBD81
:107F10002639A0BD2E16EBBCF4C50F3D0C8273BDF7
:107F20006ADF403D292338BD948A81BDDF2463BDCB
:107F300088FA14BCD420B8BCC055BABB703170BC30
:107F4000C11A6A3D2F95033D365E5BBDC101D6BCAB
:107F50000E4787BD89C88A3DF205C4BC830EA3BD08
:107F60005C44AA3C82B74F3D744C203D9B32ABBD74
:107F7000A811B4BCB59966BD0C71C7BC0C7599BD90
:107F8000631406BD00A65D39BE67503D1DBA39BDFC
:107F90000BC713BBEB7F343DE894B7BEF19CBDBE6D
:107FA00070FBB2BDAE926D3C07070C3DCE4A013E60
:107FB0002F9C02BD389B0FBE1DF873BDDF871ABD15
:107FC000BD42B23BE37CF1BD1D5685BE1B955DBE37
:107FD000C86C67BE3688F8BD8D4855BEB8AB75BD58
:107FE000732025BDB03AA9BDD4E4A1BC1098C93B0B
:107FF000D06A72BCCC264BBD8560C4BDA943F73D99
:10800000A5036BBB15B1D4BD20E49ABDCAA583BE40
:10801000926AECBE752FDABE2AB82CBE1FB7B8BE66
:1080200038AC20BD4C8F093F7D377E3EB6919C3DDC
:10803000FE7F313E49B65B3E6ED8483E04D09C3E42
:108040002E20923DD5A12EBEF36CC4BC232FA7BD1C
:10805000DBEB29BED6479C3BF8F6AE3C30490EBC64
:1080600043BB8EBD800A85BB24D0673C3F09C53D1C
:1080700063FD103EB054DB3B1F1308BEADF9A8BE34
:10808000BF69BBBEF5D42EBC5745C6BD1D0F68BE2B
:10809000FA7980BEE28B933D178B643EA877BC3E95
:1080A00072FE623EFEBBCD3D3DEB833E2BF7CC3EE8
:1080B000B0E6513E8B71133F522D913E37DBFC3DB4
:1080C00032DFDD3BE358B93D6AB9173E40DC54BBB3
:1080D000004A933A7CB64BBDB1A5BCBD28C81CBEB6
:1080E0000C87633D2E9AFEBD6A314FBE58E5863D32
:1080F000EA4B04BE27A3513D0EF3F4BCBF0FE2BD13
:10810000A5114D3CBBA6853D68FFDBBD1DDD663B73
:10811000CDE78DBC0627363C5C29043EE94A693E22
:10812000A3584D3E4F25833D0032973E93A9023F11
:108130007002ED3E7ECC083ED7C0953E49E8CABCF1
:10814000E02EE7BBA6EEA5BD45B224BE291B6EBE40
:10815000CF2C1BBE78A0683E5B6C1B3E60AB3F3EE5
:108160003543873E086D3B3E2E77AA3D65F0FC3CCB
:108170001BE1C63D8DE4293E14A1BB3C48A2AC3DA9
:108180004C3EA93B1F00383D9CEBF53DB6EC82BC54
:10819000E934B3BDBF60B9BDD657AA3EB3A5AE3E64
:1081A000B22BD13E61E82B3E5601053E8AE3D53D18
:1081B00094AD79BD704AD93BD8F0DC3E6022D7BD82
:1081C0009733423D46DFD73DA0C5143ED15FF83D11
:1081D000884A343E2541293D8CE7D8BB38E00D3E26
:1081E000F7CD3D3E07A0ACBB5EAFD53D5D2A043D5B
:1081F0006B77DEBD3ECC8B3D09E00CBD47F6BF3D45
:1082000075E2853C35E14BBDCB49A93D633DB53DAC
:10821000A090943E0E3BD33E897C963E96A612BD1E
:1082200040D2B43D520A33BE3729983EFB9E2EBE43
:10823000490751BEAD79783DE030B13D53AB653D66
:108240002E1E0EBD006B25BD1074F93D1981E73D52
:108250007DDFA63E6323DB3D2847AE3CA228E1BD7F
:10826000DE7DFE3B265DFC3DB26CA03D4BFD233E1A
:108270007026193EF80E9E3E12A0EA3C69398ABD6E
:10828000EC6B0C3E988E3C3E1D7C753EF75D26BD2A
:108290004170C83DB729183E6E9B073EDA56EBBDCC
:1082A0004E322DBE23D6C2BDAE0EDEBCE0281ABEB5
:1082B000300FF6BC9BAF80BD2C01FFBCC2CBA23EF1
:1082C000F7635E3EE68EEEBCD74E3FBE4DD6D2BDC6
:1082D000FFD782BBE97804BE7105C5BD7D5990BD4D
:1082E000B71F0C3D3D7E8EBB057CABBD011F36BE6E
:1082F00091F301BC991BC03DB6BDF83CB055E3BD40
:10830000B0AA123D8C51403EF3F704BE4711203C09
:108310001FF7103E96403BBEF1AB9EBDA178E4BC7A
:108320008E142DBDF792DE3CEEB6933DB52AC63EC7
:10833000483A6F3EF61A66BED1F60FBFF059AEBE90
:1083400039ED20BE2A5063BE583E9CBECA94C2BEC0
:108350004C96B5BEF155EDBE1443AABEF866C0BE3C
:108360002FA36ABDB0AC02BD8CCBF3BCA0333C3EA6
:108370004DFB443C1990663E5632123E202517BEF6
:10838000F50DC23E60B5173EB4AC2B3CA570053C64
:10839000BACC983AF9FE013DEBB1F43DA5CA6C3E6A
:1083A000DEE0733B2685B9BE7983F6BE4B1697BED9
:1083B0008E2F8FBE2EEE2ABE49F217BEFAF806BEE9
:1083C000AD1A3EBE078DC4BEEA37BCBEFD9402BFE7
:1083D000EBCEBDBEAB624EBDDFD426BE0C2E973EAB
:1083E0008CA9EBBC55CF393EA658FC3D8EEE4ABE5B
:1083F00012566CBCD6DF463E947FC43DF5E2443D48
:108400007C95853C01DC623CF2208E3D037CFDBC0A
:1084100011E545BEF3E990BE04AEB0BE6CB38ABEB2
:108420009184633D54D7A6BB0D1FC33D91E52D3EFE
:10843000002D213D327B19BEBA1210BE8C955BBD5A
:10844000471E1CBE1171D2BEE3B1A8BEA260273E7A
:1084500035D1183C0CACD33D25966D3E048BE13DE7
:10846000CB5D333E47977D3D7F34A13C25B49FBD16
:10847000858D713CC47C953D73BA963D9110563DF7
:10848000DEBE72BDC8D05BBEB1B574BEAED180BE1B
:108490008EAC2FBD2FDBBBBD7C95913D679EC93D4A
:1084A000525EDA3D9FE79EBDFDCE553EC25B913EDA
:1084B000FEFC4ABE9936AEBE030FF1BD74C8533DF3
:1084C000FF05193DD085B23D091F583E763FE53E78
:1084D0000F42B53E1011ED3D14F4223C73A6933CBF
:1084E000A824C3BD3971DABD3F81653D8AAA6CBD40
:1084F000BB21CFBDDB134ABEF86E92BEB5CB58BED2
:10850000D976CBBDFACBFB3CBFC9CB3CFAF44C3D92
:10851000945DE23D9961A03D0464543E94342A3E4A
:108520006095E33D8DA24EBEECD81DBE8D9059BE28
:10853000E3B2D4BBA7FCAD3DC7D0833D5532CA3EA4
:10854000351FBF3E7B46793E5A87003EC2B9EFBC1D
:10855000FCE7653D7A3C493C3717BEBD915478BE77
:10856000B3617CBD461DF4BDDBB453BECE3900BE45
:10857000E049803AEAAF0B3E7368C83DC34DA53C65
:108580002047863E69BF8CBDB086363E3B00D63D57
:10859000DDFD603EF474A53D540C97BEC1D8D93CB6
:1085A0008C9CCBBD644DD3BC1BD315BE86AAD63DD7
:1085B0008035763E3ED2563E20390B3EB3F1BD3D6E
:1085C000124D8A3DCF84BDBDBB8EFDBDC2CE29BE3E
:1085D0007E83A53C3EE370BE0DE08CBE48CA3FBE24
:1085E000596B3CBB83C39E3D671FCB3D536DEA3D3A
:1085F000DAFCAF3DB9D7B23DD41B133E750B823DBB
:108600002F5FCDBDA0D134BEA5A7DFBE837F8D3D3A
:10861000563B2DBE6639D3BD08A42BBD6B000ABEE8
:10862000E2156DBE1A6D3B3E7AA9A63DFE4C76BDA5
:108630007B52A53D23DD91BD11CE71BE663A36BE9B
:10864000C33EA13C2F8353BEE84C96BE422E013E52
:108650002B2DD63D3F94583EB90AAF3D1B50233ECB
:1086600080F16C3D1A61123D34EAE23CDE373BBEDC
:10867000008AB5BE59CDE4BCED1EE5BED2E6E9BC2C
:108680005469AB3CB14DC3BD51ED643EE5FE12BE35
:1086900051BDBBBEFBCD823D5B6FF83DEB4720BEBD
:1086A000B1EDB53DB915FC3DD686AABD8D2AFABD02
:1086B0007C6D47BEFEDB19BF9C9B32BE9783823E1A
:1086C0005461483E0C35073E9A8D123E9FFC93BC88
:1086D0006091A23D716DB9BDD51FF0BDB52835BE05
:1086E0007E4347BE32E9E53E2265A6BEA6274EBEC2
:1086F000A29593BC1AE431BEEFD9B33BF9BACABD17
:1087000027BF9DBE4565D0BD643FE0BC494E97BDC7
:1087100027A7923D1B1A883D6F70AEBC208F3FBECD
:10872000B542A9BE030115BF09812E3EA3EC583EF8
:10873000A53F273E9CD9F0BBC345C9BCD099B3BC6B
:10874000EE39343EFB19B33D2C0886BD646D9CBDEB
:108750004F3A87BC20138D3E8311C3BE07C7BBBEF3
:1087600060E8F03CCAB20B3DA52CF73D5DBDB6BD3F
:1087700064421EBE334F3ABE08DD89BC61D6EFBDF0
:10878000ECB416BC65E7A0BC8A79B9BD1B29643D71
:1087900010CE5A3DFC2891BEB7B57F3C617F853E27
:1087A00047811E3EB4C3A23D67FDBD3D1822113E68
:1087B0004A56373DB1CC9C3D464EACBD0CE37C3DAA
:1087C0002687E33DFAB59D3EBA31BDBEB74C88BEA3
:1087D000A41DFB3C4F94C03D3DA3513C4D9855BE5C
:1087E0004D25143CF2CD1CBC82B4643C4EC786BE01
:1087F0006B21BCBCF80368B82247C6BC893F023D68
:108800005ADEB0BD265804BEE61F04BD65FE213EFB
:108810003BC5783EC75EB43DA8CA683B7C24E03DBA
:108820002494BCBC3C25B13CA8259C3CF75BD43CC3
:10883000FB99A93E0C5A8F3EF8358BBE15B8933D77
:10884000A1347B3D78D710BEF40E70BEC803B5BD11
:10885000AFF3533EDCAD883E82CB173CD5AC7BBD3D
:108860000220DC3DF97B4B3D76DB3D3D7C712F3DAD
:108870000D6C2EBC6E91F2BD773D84BD2B66613EC2
:10888000163EA43DD4AE2C3E60F31C3D712822BBA5
:1088900043D72A3E58293D3E72C0643DAA01093E95
:1088A00036E5BC3E5007B73EE6E2A33EA4D41DBD6C
:1088B000B8BE8DBC258C97BDE3DC89BEC5B61A3E1B
:1088C00052E0B03D44094BBD1353C4BD5F44013C6D
:1088D000D950823BA7F816BD98ACD2BD06A619BEEA
:1088E000D395E7BDF8B6B6BDD9832BBD2D25153E72
:1088F0004F09953D8F02D73D79BA363E1A8A463DDB
:1089000005DAEA3C5D010DBEA2D2D23A68A8D73D95
:10891000D823CF3DB2A5133E7469893EFF9F353CF5
:10892000AD829F3D67698ABDEB0FBC3C23F7E33DF9
:10893000319BB33D77A560BE4A2009BE1FAC813D87
:1089400057AF10BE64799CBDE18C19BE460E6ABE5D
:108950005202313DA12441BCCE12403E5C14093E7E
:10896000BD5C003EBCE1373EB058C4BD5F7F5DBD1D
:1089700005C7E2BDE03801BE344002BD9C2C843DF9
:108980001AE21EBE9776833D7ACC473E9CE8DABC5D
:1089900000A930BD20B6283C83C2AC3D6A96CB3CD2
:1089A000B8AE09BC4BBC4CBD7E034CBEE128EABC52
:1089B0009183333D73C2353C507FA6BB006C85BEAE
:1089C000B3808D3C453E08BE2A15CFBDFB9C833D40
:1089D000F6ECD3BC25AB173E8C2DBF3DAF3B143D11
:1089E000CD16F63CB4463BBDE7D317BC02C86BBB03
:1089F00084DEA33ED63E8DBE939E3BBDEE85783D84
:108A00007B97913DC860A9BDE3B423BD9AE2AC3D1C
:108A10000B80543B8D686B3DC83F243DD84C19BD3D
:108A20007A257BBD9EF11B3E874E74BEF26E24BE3E
:108A30005E788B3BCF32E0BC44C50BBE3F3F2E3C43
:108A4000256982BD0158263E4E18B23DFFC5CD3D79
:108A5000AFCF023E5E252D3EFE08983EFE0B033E44
:108A60003AA8B63D2BC9C1BC002B15BE807BE53BA7
:108A7000B0ABD73C63DB983D16257A3DE65CF2BC93
:108A8000BF2E3ABC4858443EB047003EE4D2963E22
:108A900027BF213F46159C3EC78198BC433A583DAD
:108AA000C2F981BE0244173D2BAA5B3E9CBBE03E4F
:108AB000D2896E3E6D240D3E2CD3A73E03E8E03EE6
:108AC000B415343EBE8B533D60C34C3E7A04EABEBF
:108AD00028D261BE2048603CBC2CCD3CCA31533DFD
:108AE000D2041FBD983568BCE8D8373C60950E3C71
:108AF00060AF9EBC8DE3BF3DB1B7933D7FBFCBBCA4
:108B00005B40173EA20F8A3E3BFEE53E9055063F76
:108B1000F144193F50C8D73ED00FCD3E1F87783D56
:108B2000A0A95C3EA8A7CB3E27ACA93EB65C9F3E61
:108B300062D0F83EB7CED83D41BA2C3E5632273EE1
:108B4000A34652BD80D9C63AAC410B3D7FD25BBD36
:108B500008B1143C20E80B3B97D8963DC0879B3A60
:108B60006C3F1EBD418914BD52F8A0BD959386BDD2
:108B70006AE85B3D1F8CA7BD6867ED3C40A4A33C41
:108B8000B50F303D207319BD936437BD9775493DCE
:108B900089E933BD93298E3DB00E0CBDCF6858BD19
:108BA000A5E1A73DB04A943CC2D67ABDD4ADD63C2F
:108BB00080B5243CEC089ABDDC12AABC08A653BCC4
:108BC0007AA0353DE4F9A5BCC0033BBB606FF6BCA1
:108BD00021A2BD3D54219F3D9293D13D40DDEC3D0E
:108BE000F281A93D82ECC63D7987393E97BF4D3E63
:108BF0003401A63EDC8E8A3EB49F4DBD84B326BEB2
:108C0000FF0295BE6923A93D81AE783E9F797E3EE5
:108C10006929863E0511523E8269933D0617213D22
:108C200071CA823D48840F3DA67452BD688260BD02
:108C300017D989BDD22DC5BC29EFDA3C9EC2B7BD7C
:108C4000C134CD3D985C8A3D3367F83DE4115B3E0D
:108C5000CF903D3EB253803D162EE33D5A1C883ED8
:108C600018DD5EBDB97199BE01A5313D8B05933C00
:108C7000753DADBB7164C53DA059253E800C973E46
:108C8000F65E903E28F9633E35F39E3EF8721E3E36
:108C900091B44D3CDAC11FBC43BE9E3DE7AA0BBD5B
:108CA00073C93ABDA00511BCB7A920BD11ED713E35
:108CB00047D9863D5021053E4B55393E6AC9663E2F
:108CC0005116183EEC70C73CEE4FACBD4B2425BC92
:108CD0002D2C7CBEC52729BE0D6D41BDB3AC63BD37
:108CE0009ADC33BE6F42053D3DE3533EDC9B433E81
:108CF0000C003E3E0CC0233E7E43F5BD7C829CBEF4
:108D000018CAAABDC1DA173EE900A03BB34D11BD98
:108D1000506560BCBABE00BB0C9F5E3D6200A63EC3
:108D20002A1F833EC3C3AC3D830210BE3277963DFB
:108D3000DB0E89BE7E2183BECAD511BE53349EBED2
:108D4000859C6BBEEDDF80BD36B33D3D0F651F3E9C
:108D5000688CB33D88D01D3D319F7B3DF893BC3D71
:108D6000CB3D1D3E34D20E3EBFD619BE3387E1BD8A
:108D70009A5C36BDEE80513E6CDD6EBD4634AB3D37
:108D800050A7A2BC2AC3A2BD3DE0173EDFC8483EA3
:108D900098060C3DC92791BE8FDE2CBE9A874EBE29
:108DA0006A3571BD651EBEBD6668FEBC6041FC3D96
:108DB000ADA207BD198AA63DF4BE1ABDAE910BBD8A
:108DC00094DF563D4F28073E4E588A3C7D4CF93D76
:108DD000E748643E9EAC83BDB39B20BE6825403D02
:108DE000F6A1203E52A8CA3D22E21E3B21D9863D73
:108DF000C849E93C63933C3C1E014E3EB757BD3D1C
:108E00000D4D953E298586BCDA0D953D81F79A3A40
:108E1000AA9D19BE20AC10BE3AFB083DD54EFE3DC2
:108E200016E5B1BC16ED37BD5EE9F4BD542447BE6E
:108E30004D7AC8BD7CB93EBD921E263DDE67953D8C
:108E40003282E63DDC1216BD1EDE00BE5E90C43BE3
:108E500084283A3E0A79273EA50ED1BD720835BE58
:108E6000B127DE3CB507F2BC13DACD3B5D79D43DCA
:108E7000B5C3893E1055C6BD6A4E39BDAC9B6E3D2B
:108E80003674ECBB7408EABD91FC583DC890513D66
:108E900005B76B3D3B3410BE5F2911BE7E6FEEBD42
:108EA000220102BEB3D54EBBBF2BD7BD583747BD3D
:108EB000921100BDDAF3EF3C5BB394BE838186BEB2
:108EC0003B97E1BDFCAD21BE179B5FBE2A6EADBDD9
:108ED0001BE6B3BD6AB34FBE61259F3D2B945D3E3B
:108EE000F89163BD04C845BCCBB4693C2B0596BC66
:108EF000157F683C90020CBED27127BED54835BDA7
:108F00003246A8BD0002ECBCAA10313C7542AA3D15
:108F1000AB424F3DBF9895BD8F74B8BDB37CE1BDEA
:108F200015F438BE9BC607BE1676A8BEFCF4E7BE95
:108F3000E9A18BBE4FADEABEC2F2CDBE3E0C00BE73
:108F400066AC52BD5B2F81BE680D423E3701343D99
:108F5000185FDD3DFBEDE6BC816B8EBD4C8D583D51
:108F600032FEA73C66A31C3E6DD60EBEE524CABDEC
:108F7000B4007CBD823FF2BCD1AD01BE89BF02BE50
:108F80004DCB6ABED1680EBE3F5592BE3BD59FBE4B
:108F900043F75EBE02ED32BE93FA8BBE558E0BBE1A
:108FA000400B15BE12C587BE803496BEA93E1DBEBD
:108FB0005B3F953CA1A9B8BD3DF57ABEC9A9C73DA7
:108FC0001971BCBC44EF5EBE87E0DDBD6AAC25BE56
:108FD000ACBDB3BD154833BC9F7746BEAFCF6FBDA8
:108FE000DC5784BD190DA4BDDFF9C8BEC6BB0DBFDB
:108FF000C13089BED06894BE354696BD2A4F05BEA5
:10900000C6DB853CEB6839BE5C3170BE1F40C33D9A
:10901000B72C083E63677F3E4925BC3CDB0996BE02
:10902000115ECB3CA2F343BE603432BCBA4356BEA1
:10903000475AE23C99C8713CB2758F3D7BD83ABB28
:10904000277F0D3E1663423EB65BC83D960E7CBD43
:109050001599FC3C8CF94CBDE52034BE7B4D75BEAA
:1090600046B72FBD4B1CB8BBF093E6BC2BF7C63DF3
:109070006143883EF31D393E4FE9983D4E5C5A3EB0
:109080006CBC3A3E5877833C34C8E03D09624F3DA2
:109090006A6EF13C9B7198BD9FD4C23C16AB6DBE0D
:1090A000C4C3B83DEBE0FF3D6B6C953E483A233EB0
:1090B0001EABB33D1192663E220F2D3E531BE4BC06
:1090C00077FA9BBD7050FCBD4BC3863DE59F953B39
:1090D00003B5B93DEE0A6F3DF073923C149EBD3D61
:1090E0008609873ECFAD383EE3FF673ECAAB053FFA
:1090F0007B58443E9E4B56BE3A34923D81D0AABD29
:109100001F73B33C880F15BE387183BE8DEBB2BEA2
:1091100084FF993EEFCD4F3EC8647B3E6DE3593EE0
:10912000E1A7C73D4D500ABBF795153EA07A873B96
:109130009A124DBC5BF8AD3B1E3B133E83CE9E3D69
:10914000D2182B3E97E6723D695FE6BC5CC00A3ED2
:1091500016DFDC3CD2EE133E5AA49F3EFD8ED33E7A
:109160009E746A3EAA7BA1BDE31B45BEC9C8FDBD76
:10917000FA5D593E783951BBFEEB96BDD824EFBE5F
:109180001A0F3E3EDC1E373EB84B8B3ECE02753D7D
:10919000A6E8E33DB092393E50B1D23DE4A1973DFF
:1091A000A400A4BCB00214BE930991BD2E732E3D41
:1091B0004DFB503EA57405BD694EC7BCA677FBBDEF
:1091C0001651AB3C1B1C673BC481133E5AF27CBC5E
:1091D000DD78303D7636EEBD4773ABBEB8F543BEA5
:1091E0006B1D02BD5F0ABB3CACB6C1BD177CC4BEE3
:1091F000C6159ABD7A80033D1E018F3E8EB5E13DB6
:1092000071D62E3E2777093E64FF883EF01C8F3EC4
:10921000509A4E3E18DEE23BCCBBD43D4DBC263BC3
:10922000B7888D3DDB9D33BCF4D9BFBDA36BAE3D8C
:1092300044BBF6399F1D0D3CF0C31B3EC82213BE34
:109240005A14A2BD80C5FBBCCAEEA5BE7A4E43BC73
:109250008483ACBD0230F23DAFB17C3D9222BEBEF4
:10926000AA7A10BFC1DF45BEFEB5C63DDAF28D3D1C
:10927000000D283E82E7DE3D42E66B3EAE4BB53E3A
:10928000F41B5E3E31EA483E329DE83DE43E5ABD65
:10929000055CA8BD6AF81EBEA1FE413DD3D85DBEE7
:1092A000C25A93BE78CB5CBE4AEBECBCC61A94BEE5
:1092B0004CA3333CE42071BEF9DB01BFAA4809BED0
:1092C0004E8B60BD5DB8C13DEBE1483D04D7CCBDE0
:1092D000825134BF4FBCBABE4839BEBD8995C63D28
:1092E000F010313EE302AF3DB7924A3E82F7703E46
:1092F0003195553E9DA0743ED4C7543D6DD1FBBD04
:10930000F8C608BE01BDE3BD09BB0A3C9D6B23BE88
:109310008CEE7BBE255969BEBDDEB4BDB8B802BEB9
:10932000F7CD83BE6D4B24BE5CF450BE1451EFBE2E
:10933000A63B1B3E38D4B23D393188BC7927D23D9B
:10934000E626C3BEB5CC87BE42B17DBED62F66BD74
:10935000119B943B9EC3CE3D84A5013E887C713E0B
:10936000CB29033EC67B013E16CF423DEB9A4CBD56
:109370007E8313BE74F48CBD62BC09BE013C793B94
:109380000B6778BD6A06483DFDEDF0BDDC89623DA6
:109390007B1C7CBEE63355BE6D8E21BED95289BE84
:1093A0000F133C3D261680BC203016BE8C42303E4A
:1093B000ABA316BEC47C48BEDC3FBCBE737783BE85
:1093C00080F21CBEC5F368BEF23F9FBD9AA24C3D21
:1093D000BCA7BD3CBB5F4C3DAC7DB4BD605242BD43
:1093E00022CF1ABD2F88FA3C859C423DD484173E7B
:1093F000F740B5BD3E37CCBD2C457BBC2943983DDD
:109400002ABE48BD3BAAA2BE697F5EBEE816FF3BEE
:1094100017C65BBD3A3B94BD3ECFA4BC778B7D3E67
:10942000B465153DE5E042BE08D389BEDC5063BE9D
:10943000051C8CBE531481BE92BEE0BEED5A91BE97
:10944000D3CDD2BD2CFAC73C836E163E105DCE3D07
:10945000A6C0CA3D1BB5943D48B1D53D5679F53DF2
:10946000D94063BCB5BB123E56BB253EDBDE3F3E5A
:10947000713C3D3D295B053E5A7295BCF26E35BD8F
:1094800057F9C43C7A3F973BD092213C9CC15E3E49
:1094900010978C3E356EB4BDB4439DBDCD6506BE00
:1094A0005FF20BBEFB378BBE13486CBE409329BEE8
:1094B0001DE988BE15E0DCBD9E5D6EBB0BA9A13D1C
:1094C000C9F95A3DF3B1833D26890C3D2E0716BEDE
:1094D00045DB34BD7960E33D1B4DAC3DA2FE673DED
:1094E00060AA333E37A3733E0411D7BDE249743CF2
:1094F000D04FB13D518CFD3CC2BF95BC8D0B303D72
:10950000C872653E9A7D203E965AB83DB4628F3D42
:1095100029E9C53C143CC0BD6C724ABD01428CBDFA
:109520007FED123DF2A7AABC7E2499BD17FB073E32
:109530008F3AF13CC0B43D3EA8CDCD3D6EDA273D1B
:109540008DC3B4BD7C70B23D25ABD33D903CAE3DE8
:109550004055313E79690C3E16EAA43E8E76183DA0
:10956000D8E1423C3C53CE3C2901C63DD47B883EE9
:109570005B80033E4F69B83EA212103E2F009C3B19
:109580007C96293EE95B373DAAEE2B3E25A0F33CB5
:109590004FB301BD9BA3B2BC30C1283E683F1A3E09
:1095A000A07E0DBE3AA4B4BD36EFF2BBBA95F43B33
:1095B0003FD8FA3D0123BABC9D060F3E67D9F03D66
:1095C00077F6393EF444403E385E6C3EE9FC923D0D
:1095D000475E823D13229C3D89253ABDE88C0B3EB7
:1095E000F6F9763EFB228BBD50010C3E7DC7A63EB0
:1095F00045C6DD3D44C30D3E46A4603EE29BF93DB9
:109600005B0E9E3D3D4D883EBBB681BC35BBC13C2B
:10961000B257763DD77933BEEA3A593D858D343D10
:10962000A3E8A33E66BB9A3D4015293E1706803E3F
:1096300014E4C1BEC11B8BBE3BA407BE7A7893BDA8
:109640008051D8BB029283BD6F2DA03E20AD98BE45
:10965000571AC23D7586F33E0FBA843E8F101C3EEA
:109660006CD4633E2F8F993ECDCEC5BBD118EF3D54
:1096700069DB303E69445A3E4215CFBC047596BD45
:10968000BDA874BD26C76D3CBAC2D03D15FFAD3E26
:10969000C3BD003E32CFCF3DF6EE013DDEC6CA3E31
:1096A0001F2DB03EB41A1ABEDA4DCABD90EC2CBDC7
:1096B000B14C943D5681393DF298F9BCABF9C23BAF
:1096C00080E8523E17BE833E0C317A3E41BAD53E09
:1096D000C68A113ED423E5BC6FA62B3E3D32143E14
:1096E00052BBAC3E1404F43DC7A8023ED357933D91
:1096F000AE45BEBDAF37B23D4ECBDDBD80ED0CBE3D
:10970000C87FE03D4C5DD43DC2421DBEA48A8D3D64
:10971000DD1404BAB5A29EBD6E23043D232F96BD71
:10972000E45BBB3C0C0BC73C56ED3E3DAA3A033D07
:10973000D196AEBD0B83E2BDDFB2D13D1583083EAD
:109740000A07423DD960DD3A1DA65CBD0EE457BD57
:1097500020D8563C7DF25ABE8D57473E9062353E2A
:1097600068CA22BD7F624DBE857C563EB4EF07BEFF
:1097700052FD65BE3084BBBE1C72C2BE531076BDA6
:1097800039FB16BDAA689DBD2873D53CE879B8BCE5
:10979000F522A23D783E0A3D10FD6EBC3064BCBC93
:1097A0006FA48CBD5BA2903D2E2358BD354959BD99
:1097B00028BE96BCAA9ED8BC340A42BD808897BCFD
:1097C00097374EBDEC73193DFBA2623DE698553DBF
:1097D000C25D6D3D26EFA1BDC2A15B3DCE3E613DA8
:1097E000808FD03B8180A9BD0471223DF3FA9BBDDF
:1097F000707DA8BBD0CEF0BB976382BDFA5B543DB1
:109800009126A93D2A7F753DE209073D408595BC1B
:10981000EECF9EBDBCE84EBDA4FCF9BB6435843DD3
:1098200043BE87BDD659A93B1D7D9BBDF7D1B6BDB3
:1098300094ED7F3E52C6193EF37988BC2810323E23
:10984000D8758A3E1B68933EE195D2BD3263C1BD97
:109850000A6D84BDBE45E93D9BB36C3ECCF91D3E0F
:109860003C4AA7BCF9468B3D014E9C3DA5373FBD08
:109870003EDC69BDBA13213D178AC7BCC09E353E88
:109880008139723D70D714BC9055C9BD358B653E8A
:10989000F68A4F3D462FA53D1E41653DF484853E29
:1098A000A2F7D03DA0B8413D493D113D743CAE3CCE
:1098B000D59580BD0D6409BEF02B9FBDACD7B3BD5F
:1098C000D7F10CBEC83E30BE46E728BD9A05FC3D28
:1098D000C5682B3E817FC63D481306BC60510A3DDA
:1098E0002519A93DFE6A353D3E728C3CAEEBAA3E81
:1098F00022B0763D52EBC03D2E0E583E5C068A3EAD
:109900000EFF033F2591983EC3E59A3D1F8CC33B54
:10991000D062323EF04E9C3E7AC52FBE486398BD61
:109920009042AABCA34FACBCE283703DBA2379BE7F
:10993000A58221BD130D31BD9A0FB73C88AEED3D18
:1099400069018ABEE5C826BEAECD63BE9A30303D01
:10995000EE051BBDD9D348BD590E283D1D53A93E68
:10996000C4F4263EBF341B3ED193613DBF486C3DDD
:109970000660243EF8BA223EDBF53A3E707C383E63
:1099800012C5DA3C235FD7BDD9EDF2BCB4D6EDBD2C
:1099900052A6B23D318D543E4445AF3DA6E9803DCF
:1099A000F208193DF02AA3BD8561B2BE8AF405BE56
:1099B0001619273EA02DADBDAC2E43BE7F81033EC0
:1099C000F08D33BC31FB863D86AAD63DC887C03EAC
:1099D000A402843E081349BE4902933DAFF2303ED3
:1099E0000314C0BC5DFA42BD197D96BDD83B60BB77
:1099F000C96AB0BCBD06E8BD8A726BBD10AD20BDA2
:109A0000748D293D09A13D3DB40ABBBC859F3F3DF6
:109A100052B48C3CB5C0003E3EE30A3E7BEC7C3C3D
:109A2000F76B3F3ED1B5813E75D0CABD7F9D4ABD23
:109A30008CF984BCE0FEEB3DFCCE37BE6403D23E25
:109A400092D60E3E18C721BED6868C3BC18E613C95
:109A5000DB87A73A281FD7BD7BD9E63C240FDABDA8
:109A60008B3939BB5669DB3C4FA4B73BA2CFB23D23
:109A700003038E3D1B1657BBAFAFA33CA4ACA23D66
:109A8000919C203C35B5233E5EAA053D56CDC53C94
:109A900095B9E2BB5D6B94BEB15C81BE3FDA5F3EBF
:109AA000AA920DBDE3BF493E080849BE4EB377BD3B
:109AB00030B3013E8C4135BE0B84DBBBC36308BDB4
:109AC000C02442BD0BA146BD47778D3D1A994D3D3F
:109AD0004FEE953D1369253D4FB176BD97D5163DA7
:109AE000E52A48BEA4027A3DECF24C3E4A028A3D89
:109AF00017F9F73C9D50C0BDEA83343C96BCB53D98
:109B0000B3A821BE2E2DAEBEE48CA4BDB9D3453E74
:109B1000ADEC08BD671840BDFD5A02BD6AAD94BDED
:109B200089A261BEB03BC4BD823E193E51DAA73D59
:109B3000CA7318BE805F9F3D4B7EBE3C97FFA73D1A
:109B40006D7C7C3E4F6DA93DB10871BE9AEB66BD40
:109B5000433D1EBBCD29C23DA956353EE37BB23EF7
:109B6000EB3F333D1D6518BD5B66A93D9EB5DA3DF3
:109B7000EB6288BE7AA3D0BD9FC26CBD24DA2E3BB7
:109B80006049C0BCE0B193BDB46132BE77FA553CC8
:109B9000632059BEE4C574BDE8A8033D9B38A4BC4E
:109BA000DC88F0BCD33E1E3D2C532BBDCAFD713D5D
:109BB000EAFDC2BD78B821BE47BDB5BD7FB8BBBC0C
:109BC000C9E9923DBE68F83DF05FF6BB396A483E90
:109BD00073C4D43D0A1676BD4043203EC67D253D64
:109BE000A3BB003DC4A817BDEC6D3BBEBD6E27BE38
:109BF000DB5C31BD72E5233D718307BE51D4023E6B
:109C0000596F87BD28E2D2BC136A233D02EBA33C07
:109C10000FA8073EE15A443D9E4F1FBC4F6DD8BD73
:109C20001F343EBE2A4C1FBE3289763E2D0F193E90
:109C300026A1653E5F71053EF2ED303E00D3553EF4
:109C4000B638353E24B93B3E96F7443E774EDB3E70
:109C5000C41E513ECBFD993D34F8F9BD8941D6BCB7
:109C6000696646BDCF405A3D0AC1B6BD7BD2E33ED0
:109C70000511433D31160DBCF5FB31B9BF610A3CFE
:109C80002961A6BD91C6ECBC26F9F5BDE71906BE53
:109C90008D029ABE86599A3D45F6B33E0488253E0C
:109CA0000949C13D96CE08BDC605203DEB8F3B3E20
:109CB000D207D13D285A5E3E39884D3E5953203E49
:109CC0000A9C7B3D19B0AF3EC074533ECC6C84BD42
:109CD0005C5E403D92E638BCDA94DEBD84516D3E58
:109CE0002C970D3D97ECCB3D738FACBD58019ABCC2
:109CF0008A9604BEDD423BBE07F635BEF7FE1CBEAB
:109D0000EB05BC3D2F5A593EE18A843E0A205F3E56
:109D10002E2FC6BCDC02653DA82A9CBB8754663D3D
:109D2000207EB5BDA818243D0B6CA7BE67118DBE63
:109D3000AFA782BC97F0053E63AB383EFE5E91BD97
:109D4000C2DC983B0181A43DD110723B30FDC03E86
:109D50008BA022BE887141BE3649B0BD41D21ABD2A
:109D600048CA143DC289BBBDFAF447BEE85A3FBD9C
:109D7000DCD1403DACE1173E303D3A3E2B281F3E42
:109D8000291D013DFEBF03BE16E790BD0913203D0E
:109D9000464621BDFB1FDABD7860F0BE7AF0E9BE11
:109DA000C52D213E2BFBCA3EB31DB73D89EAA53D1B
:109DB0007B98D53C7572303DC275ECBABD1720BB9F
:109DC000F5D9C5BE581747BEB3147E3D909F7B3C66
:109DD0007C2081BD210EDEBDBCA299BD274D163D64
:109DE000E92F2C3E45F46C3E26A6503E07EBC23CC4
:109DF000517A92BD7B21ADBCBFAE40BC77B94EBE9F
:109E00006DBB04BE63D6A3BC38A8A6BEFA6FC8BD9E
:109E10004175A13E7FE6DC3E075FFF3D6F9DA43D9F
:109E20007D90DFBC39FCD93D1CEF1D3E505561BE15
:109E30001F90BFBE8E081BBE2A28C5BD2A4E403DBE
:109E400014AA683D3D2E46BDB4F8293D2A9EFE3C2D
:109E500099581F3D73F74C3E3B84C63E5773F43D03
:109E6000B062BE3D84B3C5BCAAA09ABD7C45D3BD3B
:109E7000E83BF6BDA9776BBE65AAA1BE50B4F1BDA3
:109E80002E20B03EA3CA913EE17C19BE18BC0B3E09
:109E9000E5DD963DEC6FF33D3686783EC49F513D3F
:109EA000B48C50BE9DD10BBE4B53FE3DFCAFC43CA9
:109EB0000993923D16CCAA3D6C8EB93D1EA932BDC8
:109EC00052F2C73D3C46E93E18DBDC3E55F73DBD4E
:109ED000C52CD1BDE77C56BE356D40BE435337BE61
:109EE000028B3EBE4B57FEBD0B0E80BEAF5259BD1E
:109EF00047FBBFBD4AB4403C18CF26BDA4653D3EDC
:109F00006FD38F3DFC5D4F3E8D98ED3D678244BD24
:109F10000B7C21BD839A183C53DB9D3C5A86ACBB1D
:109F20003A5467BD9936113D0D3AE7BDBE58743DB0
:109F3000FDCA033E385B133F81209E3E39E739BEA0
:109F4000EAAD48BE01E897BE945658BED79A1DBEEA
:109F5000BE0D51BD776C493D465C2EBE2973BEBD1A
:109F6000C47D9B3C448E36BE22310E3D6533DC3EC3
:109F700099E3603A9A81233D0FF08F3D51AFD7BDF1
:109F800089D2F83DD67BA63D1BB2E6BDD5880C3EF6
:109F900061F776BDAE46E9BCF365373DFA954DBD38
:109FA0007551563E74F5053FBCD6693DC2D5B5BE68
:109FB00064C688BE42E35EBE3AD771BE7C253ABD18
:109FC0002BC1BDBC9604CABDD40C573D3891D7BD3A
:109FD00046BFCC3C04715F3E7CBBD03BBFECB0BC09
:109FE0009F169CB84B733D3D939E20BE9036B63D68
:109FF0005710A43CEA67B3BD1F4E44BD35C2213D96
:10A00000BE72B43C460A6E3D1AAF7F3E3F789D3C1F
:10A0100037DF923E438AC03E050117BE8185D9BE17
:10A02000C00553BE052F3ABD976839BD6D719ABD05
:10A0300078D71DBEC30B253AC87F563E7B68C03C0F
:10A04000D812523D8DADEE3D5A20153EF74096BDDB
:10A0500082193E3D2DF7573D3EC025BE745D703DD3
:10A0600027A3ED3C9A821EBE2A9A743CFB66033BF2
:10A07000927BC03C34ACB23DFA38453E4E67AE3EB2
:10A08000B2A6903EBAD0E43C0700A6BE20A19EBE78
:10A09000C6DB49BE4E53043DBC636ABD4970E53B17
:10A0A0007CCD693DAB49843E3964983D4B7288BC98
:10A0B000B83648BC919716BECFD7F03DC2839ABD43
:10A0C0006F71AD3D0F5001BED1C9E9BD9F7E58BD36
:10A0D000A5F8013ED96546BD360AA9BC7A84FA3D89
:10A0E000F6B7193BB22C133D32ED293E656A093EA5
:10A0F0007552283D148775BE95E569BE56D116BECA
:10A10000573305BED55658BCF57C873DD6A20E3BCD
:10A110006123B33CA38FFC3D3FC0D03D73EB2FBE0A
:10A12000702B67BEAF0CE9BCAA874A3ED6A5ACBC73
:10A1300062E5ED3BC20F2DBD2181CABD494318BE6A
:10A140007E6C6D3E0765A33E6D31483E3E16823EF5
:10A150000DA8FD3D02B1863E28B09B3DE520373D70
:10A1600023553EBEB4701BBEA04BB9BD0D0E01BD44
:10A17000719AE2BD431DF5BD744187BD7469513DBF
:10A18000C0C916BB1D87283E116F1D3E401AAC3C4E
:10A19000769DE3BE512C66BE0E17E9BDE313473D25
:10A1A000A0D272BB079F973DC2DA7E3E8B998DBECF
:10A1B000731D583DEF9FFA3D6CE381BC5B5DE43D50
:10A1C000F7D5843D1B0F233EABF0453DF6748DBDA6
:10A1D000A5B29CBD72D093BB05285FBEDDBD32BD6C
:10A1E00012F9E5BD517BAEBD15F1BC3D3AB4113E4F
:10A1F0003CEBBF3CF12856BDECA2193E34BD83BEFA
:10A2000051AC1BBF9310B9BE5296A7BD823B6BBD2C
:10A21000BDF1A3BDC67AA7BDF1C44EBE54753CBE08
:10A22000D8FC503E7B92BE3C4A51793E6CFA443E8B
:10A23000B694093EB5CD55BEB6EDF83C2413DD3DD0
:10A24000454072BB9A1979BD70C670BE215F38BE99
:10A250008E9C26BE17BC12BDC59DF5BDFAB482BD4D
:10A26000A4651FBEC34C03BE0F05DFBED89EEBBE68
:10A27000F38106BF53AC8FBC831E723ECB108E3D64
:10A28000A8D5AEBC203675BC2899F3BD996F23BE06
:10A2900073DCE13D6614B33E9C9CC93E5863163F97
:10A2A000044A033F5951B83DF05722BDE69753BECB
:10A2B000248C9DBEB3772DBEE7E5A8BC08842BBDDA
:10A2C000C17172BD9F01AFBD066D11BE6B4D14BD56
:10A2D0006AE28BBE5A73A2BE915E3FBE99AAA4BE2B
:10A2E00037E789BE0EC667BC9A421A3E4E2F2C3DF8
:10A2F0005279493D9AFB3A3D0BBE973D8B54763DD2
:10A300007C8DB43B90A198BD57073E3DD870CE3DA3
:10A31000F35C07BE1BF78ABEF5BD4CBEFE1901BE3D
:10A32000F09AC8BD2F44553C9411A7BEF12318BF25
:10A330008CBAA3BE2221E03C629BE93D5D5DFEBD7F
:10A340004764EEBE9F1D8DBEE5DD0C3E6A7649BEBC
:10A35000A2297ABED781293D47F836BD723D0E3D10
:10A3600030F0C8BB6C83F4BC46C85EBD8FDF11BD46
:10A370005F686CBD8D3AEA3D5322D9BDA3A5D0BC20
:10A380006712B1BD3F81123DC04178BE15B54BBECD
:10A39000B683B4BD7F0FA2BCD2F614BE43B07D3DE0
:10A3A00013C44B3EB90C0E3E76A559BEE0FE74BEFA
:10A3B00025A69BBDBDFD74BDD7DB01BE365428BBB1
:10A3C000545DDC3CE94294BD24FA93BD8A18143DE7
:10A3D000D053DABC48CCBCBC2A338BBD3F3073BDF4
:10A3E000B8F51EBCA3C083BD314200BDBA812F3D6C
:10A3F000970D983D8EA9523DFAE9343D0624453D1E
:10A400004B3590BD9495E9BCD5B4013D1010A83DE5
:10A41000E34057BDA4DBBE3CA4DF4EBD1791893D90
:10A42000ECF7E83CFA6C97BD580F88BD62E53BBD80
:10A43000CEAB573DE658C0BCE8D8533C20C8203DC1
:10A440000D848C3D676D9BBDB99090BD00670B3B43
:10A45000BD2062BDC66E923BBADFC6BD8C15073DFE
:10A46000914DDDBB47DDFD3C2454CDBC0D5AC43DB0
:10A4700060760CBE0C2A303DB28C7B3EA83E7B3E03
:10A48000A624343E260EC93DA61BC7BD3009EEBD2D
:10A49000C6AE3DBE3B461BBE69F20CBD0ED58DBDA2
:10A4A000F17D8B3DA38E933D06650E3D4CDB223D39
:10A4B0000013453CE880123C1010F0BC47D6AB3D81
:10A4C000A6CE5F3C9018003C4657A1BBA780043D38
:10A4D00016D9AA3C10386CBC1BE4023D75D0E43D93
:10A4E000DF08E83D57FF533EB47C5E3C58598E3D33
:10A4F000D3CC543E9322463E5873403E1723253E0C
:10A50000C25F443EF120CF3D102A853C6B0A653E78
:10A51000D21F033E7011003ED41243BDBBCB8B3D16
:10A520002EFF303DB869A6BCFA9CBABBCE2C2CBD20
:10A53000A1AF163DC4D39F3BED46203DA16DED3D3F
:10A5400098F1023E3BDB913E877A003ECEF93ABE5F
:10A55000B8AC263A38BC70BB707846BD67DAF2BD3D
:10A56000C1D8313EF67B0B3E8AD3423EA425993DAD
:10A570003EBD51BC1FE431BE80BA7D3C7A0A473EE5
:10A580007562EB3D176C633EDC6B61BE421DA1BD85
:10A5900066BA4E3D222C263DC0B48BBDF9BE60BECE
:10A5A000F28933BE30248FBC0E89923EC21699BD0B
:10A5B0000EA3C9BC69621B3EA40285BC3D65BD3DBE
:10A5C0003F891E3D0748393DBB222C3D5FF2963D39
:10A5D000BE4B0CBDA9619BBBD5A9643EF7D12E3DF6
:10A5E000E788963DBEBA66BEB35658BEADB9AC3E1E
:10A5F0001A2A143EDA1C243DD349633CD5B530BE3B
:10A600003077A2BDE6F0773DFA609D3CCBD550BCDB
:10A61000C47026BE56982DBE8B3F4FBE402B92BEB7
:10A62000B72121BEF5AE213E485F683E86D6D63EB4
:10A630009716263E42769B3E9547263E5D4A033D51
:10A64000DE9818BD86CEC1BD4CA0BA3CA93DDE3D0A
:10A650003904813E1AF2303ED684353E36662FBD2F
:10A660004BA1583E87840F3E203B09BE4F0E6CBE67
:10A670002C65113DBFE85B3DF923413DB35F27BE2B
:10A680001DF69DBE4FD103BF75CC3EBEDE556EBDDF
:10A6900070820DBCA5404B3E1B78A13EAE3EAA3E4B
:10A6A00049C3C43E54158C3EDD4DBB3EB4DAAE3ECC
:10A6B000D78CB53E622DAB3E79D5883E696C033EA2
:10A6C000EAB2B63D8747A9BD3F910A3D10FB193D4F
:10A6D000E3AF5EBEFAC44ABECA3EACBD7737B2BC79
:10A6E000F266A2BDA2D005BEB58DE3BDF16156BE36
:10A6F00084B1CE3CC98922BEDDEA78BE07714FBE67
:10A7000012FCE23D5BF835BC244F553E454B343ED0
:10A7100097D1203E09E28E3E571DDE3E14F9E63EFB
:10A720000E96CC3E2A7B373EECF8E83D5EBB57BD2B
:10A73000BBD7CBBD2F1C8DBD8DA4203EB56A09BEF5
:10A740004A81C7BECED705BE5491CDBD4BD528BDDD
:10A7500002F051BD4620BABD8A1B95BE20E0013EE5
:10A76000362DC8BC101BC7BCD9839B3D7EB852BDDB
:10A770008E1D283EC98F563C0FA0A63DD3E6C9BD0D
:10A7800062C0B73C0A304C3E032D713EF9A4123E24
:10A7900031B36DBCE4B3493DAFC7ACBC8AC9EF3C33
:10A7A0000A59BEBD95D47EBDADAC6C3D255C74BD73
:10A7B00034026BBEA772E83D81DD433EFDA3113E2E
:10A7C000B9AAD8BD35F9C5BD443896BE6F1F253E20
:10A7D000DB2190BDC8B032BBAEF047BDF8A1C43C90
:10A7E0003C0694BCFB08A4BD32FF31BE137971BE98
:10A7F00002D552BEF73860BE1B1BA7BE213AC9BEA8
:10A80000948A81BEB8EFBF3C25BA4C3E2FDB1D3E7B
:10A81000F1CFF3BCE47CEEBD829A8ABC6E0079BDB8
:10A820000997363EA2D23B3E95D5BC3E568133BEFB
:10A830006AC6EFBD9F9FF93C879BC9BD254E163E5A
:10A8400064B9353EBA4213BC83ED8A3D864E09BDDC
:10A850007E1BEBBD8DF49FBEF26A8EBEEA4187BEC1
:10A86000122DB9BE4B51E6BEB941DCBEB6CE6CBEB0
:10A87000494663BDBF105EBD561F003E1BA3003E90
:10A88000CF78F7BC5BF2613E8CCD603E7A72033EBE
:10A890007784453E220E80BC7E80A13E6644C3BCC8
:10A8A000FEA9EBBD110D3BBEE7115BBEE39160BE9F
:10A8B000171B643E836AD9BD87B326BDEE75F0BD14
:10A8C0007D7C30BE51A7AEBE8F2C9FBEECA46DBE6A
:10A8D00030E4D7BEB5519ABE2F3FB4BC9093093E29
:10A8E000B29E9D3DD4A7123E9486EC3D58C9EE3DE4
:10A8F000CB4FF43D71AE623EDE21183DD5C7183E08
:10A9000021DF0A3E370B5DBBC9B7F13EB923393DA4
:10A9100010F422BD5F9A48BE648A6BBDC0EE27BDAD
:10A92000CD08B03E1C26A2BEEABB41BE46DA86BEBA
:10A93000D4BD9FBEC7B170BEE9A28BBE57CA8ABE46
:10A94000C27446BEA7E158BD3038223E08E1043E3D
:10A95000E0059C3CD79036BC5D291F3DD5C9A83D7C
:10A960009D17393E6199163E13E307BE39B587BD81
:10A9700055028FBE4F7E43BEFB2B2F3EC9FC473D89
:10A98000F8B0083D9FC296BE3DB035BEFA8F843EFA
:10A99000A53D59BDBB6182BE414F52BE684434BD26
:10A9A0004E140DBE69BB56BDBDABDFBDDCF067BC50
:10A9B000A2AE8D3C6A7EA83D437C443D239C83BD72
:10A9C000FB0C85BDA65736BDC571A2BDAB3DBA3CDB
:10A9D0006993C43D971AF7BD5C8D24BDA48D44BE18
:10A9E00025029CBEC66F24BE366BF23D0892E93C40
:10A9F0001C9AE43CC1A965BE9A1F00BD4632803E48
:10AA0000788879BEC26B7CBEAC06C5BDCF586CBD24
:10AA1000C497B8BD023EBDBC870382BDADFB2BBE53
:10AA200074C93ABEB12ED23D8FBAD53D10D9F03D92
:10AA3000B3C39E3B31A501BE233197BD280A31BD6A
:10AA40005DD743BDC91723BEE87198BD91AD73BBF7
:10AA500061EB80BDB99F06BE4766093EB9EDFC3D7E
:10AA600072F4DB3CB4964EBEE9D1063E4307A83DE6
:10AA70008346A53DF2FED0BDD4EDE93D5F96F3BD22
:10AA80008E85503A923BD63C9767083C8B98D7BD51
:10AA9000269FF0BD9ADBAD3D1D39553C881EBBBDE0
:10AAA000C496563D15D217BD42A1AC3DB84628BC50
:10AAB0002C4652BEE4FB59BE7B5105BECD9B84BEE5
:10AAC0004CF84BBCD38434BE9C587BBC352FB6BBF2
:10AAD000A7807BBDD3D138BEFF40383E63A94B3E33
:10AAE00066B61D3ED10D203E5031243E6396E0BC3B
:10AAF0006A65E4BDED9288BC2787073E83590EBE88
:10AB0000542B853C2999903D5EFA0E3D3D2A72BD3D
:10AB1000EE82383D9FB3873C65A5C0BC670084BE0C
:10AB200024C40FBD4A4CE43C1F88543EF49CD5BD60
:10AB300051D3EFBC231F03BE6B48A5BD97EAEC3C85
:10AB4000A1ADA2BDDA2119BDBAA030BE69C4CE3D07
:10AB5000AA63953CAD72AB3DC4DA163E2A7871BE4D
:10AB60003E9E82BD8C9E9BBC448D8ABDF47F35BECB
:10AB70007C37AF3CF91594BD7858F53D3979213EC5
:10AB8000CEED9EBBB9A7053DE54728BEB26C81BEA0
:10AB9000E19E8CBD953132BE11389DBD1ABA66BE9C
:10ABA000FF5FEBBD1A4EA6BD5EEC9ABDAF478F3E70
:10ABB000D72CC43E338051BD54100DBEBD3CA3BC48
:10ABC000CF4FD83BFF7EBCBD12FD353E1351C63C76
:10ABD00083DBDDBDCA829ABD2CB6323CF4C0D7BD42
:10ABE000CBC828BE5BB81CBE4FFD703D1CEC00BC42
:10ABF0006D2130BE3D1F16BD80792FBEED49EBBDE6
:10AC0000F2CC8DBD02A7D1BD682285BDDD2641BE37
:10AC10007B2847BE5EF0753D3CC715BEF6C48F3E2F
:10AC20007A0514BD326630BE64CD8CBBD91934BEF2
:10AC300088825DBDBB14143D9308F63DCCAA0E3E40
:10AC40005AB335BBED7BE4BD84331DBE72F749BEFC
:10AC500032F287BDEEAF6BBBC24896BD70B411BE79
:10AC6000A1DE173C96F6DFBD5AF4A73C9527C2BC7F
:10AC7000FDD68D3DDDD522BED907ECBD682944BE89
:10AC8000D971373E567CCA3E2DAF603E7DA73A3D16
:10AC900014CA8CBCCEAE20BEE0EA3F3EF8C8BABCB7
:10ACA00048B0DE3C8597793E3DA43F3E44D30F3DFE
:10ACB000315A073EAB5A00BD2EC4493CDCF7743D07
:10ACC0002E95083E1F91E63DD2530FBEA832413D5E
:10ACD0000E73263C7AB1843B00C2BC3CDA3F2E3E68
:10ACE000FEF1FD3D00552CBE0E1897BD301690BDEF
:10ACF00076249E3EE26C2D3DA83F273EC90635BC1A
:10AD00001328643DBE98D8BD55976A3E04CDE33BF9
:10AD1000D6C7A73EC3E9DA3B97E37F3DE6A0633E93
:10AD20008B5AAC3C36140ABC57E7473E29570FBD37
:10AD30004ECE10BDC002C73B1A3663BC94CC12BDC8
:10AD40007284F93DF974643D0F0CD73D3D378B3D5E
:10AD50000391D63B6181383ED6071FBE9DEA233E54
:10AD6000D5B4553E6424D63D8C4684BE024BB1BD5D
:10AD70008055943D1D36B5BC02ED403E0F70783EC7
:10AD8000284BE63E3601FD3DEEF2473D9BF83D3E49
:10AD9000EE11123EAAC61E3DE4B8AE3DD56F90BD81
:10ADA0004A15B5BDCF1087BCD5F7013DF324DCBDF6
:10ADB000562A0A3EBA99E73DA03446BD4EA050BD82
:10ADC0004602153E4B61C7BDBE8B74BE3482943EB5
:10ADD000DA6D173FB65CC03DB4BE9BBE80BE993CE9
:10ADE00042A76F3D26C3A3BD04C8C33DE883BA3D57
:10ADF000C3CC38BDC311813EAE5499BD5B72BE3C1D
:10AE0000E6B0F33C646215BD8BF715BD64DA813C96
:10AE1000BDC6213C8C00AD3B1D7E203C2F76A33B64
:10AE20007B5D953D6E8AD13DA6FADFBD122B443C79
:10AE300013CB003E8661FCBC9193563EAA531E3C48
:10AE4000309BCF3E2C988FBD4A82EEBC1C059EBD28
:10AE500050F88F3CB0AEB6BB948A1EBE4C7079BE23
:10AE6000505DB9BD47D7C43D036400BE52BC273E08
:10AE7000609B4FBCCB02BABDA0A1C63DC8CF873DE9
:10AE80001D01FE3D2A3D663D902E003B082F113EE0
:10AE9000EE3AB3BDA4793DBC145CF93DED05DB3D54
:10AEA0005CEC9CBD51D4D1BD862D3A3D4763383E04
:10AEB00049EBF43E5C7F07BE590430BE3F5E6EBD79
:10AEC00090B1B33C00F23DBB521F873E8FFBDABD11
:10AED000B29EE2BD39CD9E3E48D4403EA1515F3E78
:10AEE000A0D9BE3D2878053EC38F713C5ED6FFBC1D
:10AEF0002975D43DB2A29A3D89E67CBDCFB7573CB7
:10AF00000A5EA1BDFD34C6BDC5A331BD50E3C83D39
:10AF1000BC712B3E1A1F123E0248713E6071C63D45
:10AF2000FB60053DCC0B3EBEEE073EBE80A7253C38
:10AF3000F209793DAFEDA5BDE4BA9ABDB069CE3D49
:10AF4000F1875C3EBD9B963E6101863EF3B37A3E3F
:10AF500094E4EC3D3E88303E9F58063E51E8813EE9
:10AF6000AA483B3E940DBE3E5A3C9A3E41ED913C70
:10AF70002F9E883DEDCB573E4CA0AC3EC1CCAF3EA2
:10AF8000BC78E53E54CAF43EC7A6A93E05C5A13C1F
:10AF9000C4040B3DAA376FBDF89677BC7F5A9C3D21
:10AFA0005A5E3D3D02AF70BD5A95563D30F49A3B16
:10AFB0006F793BBC119A3CBE8463FFBC00B59BBD5E
:10AFC000261C03BDCB159ABD3F4C823DD11A203EB5
:10AFD000D8C99F3C14DC083E658CD03E826BA6BC71
:10AFE0004FBB0CBDEB742A3DD2A7A23DC933AC3D8B
:10AFF000DC2AC93C57254F3D7A0D2B3E45AD09BE95
:10B0000070DCCE3B029B05BD06E3713D78551CBD4F
:10B0100004DC973C7291353DE40657BDA6A066BDA1
:10B02000AAF44D3D44D8873C46FA4F3D16EA653DAB
:10B0300036AC7F3DC37B893D107FD63C0147A93D9F
:10B040008047AB3C8D4BD33BA35BB53D92F9ABBC8A
:10B050006A59013DC17DA5BDCC52C53C9146A83D74
:10B060004ED9FABCD2561D3D48D8F2BC984BD73CBD
:10B07000D63C4C3D9424D93C382BB2BC711B75BDD9
:10B08000609250BC6ED36D3D81AAA3BDD1D9933DD2
:10B09000AEBF92BD1DEDA23DE081A93D646E3C3D79
:10B0A0009450373D6ABAE7BC827A873E446AF03DE5
:10B0B0008FF1773E30860A3E05CA8FBCB0A380BEB2
:10B0C00010B58EBE2351ADBE4EB19F3EEE218C3EDB
:10B0D0008ED1273E1924943EDCB75F3EF54AAE3D43
:10B0E0002942903DD0974CBC98D9393C5C186DBD35
:10B0F000A9AC813D18C8213C5725BA3C9F4094BD5E
:10B100004F63C8BC408E083D2C2FFA3DB6A11C3EB3
:10B1100045A7C23EBF0D0C3FF790C93EA0E5B63E25
:10B12000EE79BB3EB57932BE0490AA3E61F58B3E06
:10B1300003440CBDE898A03E2526033E435DF1BDC7
:10B14000470E08BD625A583E449DD53C14A3FD3AB3
:10B150005E0F6A3E6AF2143ED2B54F3D5E6A783D9C
:10B16000B202D5BC4A823E3D984081BDE9FF7D3D9B
:10B170008659AF3CE50B223CFB429C3E7A15513E82
:10B180000FA14ABEC5A0C63D3AEA3ABDEC924F3E79
:10B1900061EF193E958E3F3DD39CE33D1F9D903C52
:10B1A00007B9FBBD8E8BC3BD40460E3D39C49C3BE9
:10B1B000A9A194BEB59A80BC6D6A743E66691C3EB6
:10B1C00009A7E93D3C25B2BEFE5D1ABD00C76D3C36
:10B1D0000E9413BD5C1CB3BD9730B4BD132D90BE4F
:10B1E000A63DD3BCC1F28C3E20E5DC3ED89F6B3E31
:10B1F0008EB5A23D27792E3E4462543E4F72853D66
:10B20000A324563E420F7B3E8916F53DF676E53C7B
:10B2100081AA11BDE1D421BE4EE198BDB036AA3D50
:10B220009B9387BD1F27563E3F41643E3E0F003F24
:10B230004A8B933EFB93A1BBC99F51BD473C083E3F
:10B24000FBFD8A3DD25851BD080D5C3E0CC36ABE61
:10B25000FA6DCF3E552988BC77B3B53D09490BBE81
:10B2600077EE8BBEB863DBBD812620BDEBB66DBD2E
:10B2700099BB23BDF57A60BEC07CC3BD72AFC7BDAC
:10B28000609B393E94B8FA3C571DE9BCEB8120BD68
:10B290003F5E48BD8967223E0CBF463E86008B3E1E
:10B2A0009579A83EA0F6DF3ED50C243EBA8B3F3EF2
:10B2B000C0EAB6BB52A3F9BD90F60FBE81074F3D61
:10B2C0004005B93EB2A7B93D076CAD3DEBADFDBD44
:10B2D000742D1FBE36D281BE3F66F2BD4011ADBD9A
:10B2E0008A532BBE0C2F28BE131A99BD1AEB1E3C95
:10B2F000188B9C3DA79D1FBD969525BE698C49BEA8
:10B30000BA231DBE89B329BEBA68163DD416DD3DE9
:10B310002A69493EC19EC83E1215803EC965923ECB
:10B320006EE5FE3C2AD5CFBE073005BE89AD1F3E77
:10B3300007ACDC3E46C9803DF6900EBE31DE86BECF
:10B340009FC6B9BD004C5CBE9DE2B7BE640F03BE94
:10B35000BB3513BE50F02CBE6BA38EBDA79C03BEA5
:10B36000786CE9BD75EE03BE63193FBEF79CC9BD9D
:10B370003C22F7BDFC0C39BE2737F1BDD7BF8DBECF
:10B38000728EAABDF6B28D3D2BF6D63E5B4C343E96
:10B390008817E63CAFA0E9BEF881B03D4CE421BD82
:10B3A000B5F1913E59E60EBE00E084BEBFF4D5BDB6
:10B3B0002519F1BDD730E0BD5AD18BBE943A6CBD92
:10B3C0003FF7ADBDCA041EBD2D5700BEE8DDD9BD97
:10B3D0003C595CBA358907BE64962CBEE1EE08BEC6
:10B3E0005CD866BCC501EABD7B8528BEC9DA7DBED6
:10B3F000C72013BE1953283EE0257C3E4767DBBDBE
:10B40000BF6A513DD161D4BEACA4FE3D0E8D07BBD9
:10B410004640613E9A97163EA6C2AABE50C64CBE92
:10B42000EC2B9EBB5365313D4926E73BCD05CD3D19
:10B430006083ACBDD3F103BD077B27BE4A9A363C7F
:10B44000941FD8BDDAD673BE50D2543DB418E8BCB0
:10B45000CD56163ED7CE8DBCB64422BEE60F32BEC8
:10B4600093ECEBBDC7B136BEA37C2EBDE15D89BEBA
:10B470008B88703D81E18DBE846984BE671CA6BC4B
:10B48000DC8C843EF617D13C86A5E2BD8E23D83BEA
:10B4900058CB533D4E2625BDA6CBF6B9A0F662BDCE
:10B4A000FC5D8BBD638C55BE53FE8ABEE9B02ABEDF
:10B4B000BA378ABE929A37BEEC3C91BC27F99C3DC4
:10B4C000E76E923D484D9EBD62CB1FBEFF9107BE09
:10B4D0004C9318BDBD4320BEFC3829BE71BE94BE3E
:10B4E000470F743D3229E7BBE82E42BE3F86B7BE08
:10B4F0001F760ABE9105A93CF692E63D89CC63BD54
:10B50000E305863D1536093E32284E3DD9D5BBBCF4
:10B510003E52D9BDE78AD9BE9704E1BEF765AEBEFB
:10B520006EDB59BE16B7DCBDC388BEBC96D6BA3D2D
:10B53000A8F208BEB55323BE439F04BE5C7806BD87
:10B540007461FFBD3CA3C93E158DBBBE24B3A1BE33
:10B55000C4C1B9BDC448B6BBE7A4D9BC30934CBE86
:10B56000CD6D19BBC0B5E23DFBE35BBD27BDEB3D37
:10B570005450CA3D90B8263EAC00163E5436FD3DB0
:10B580001A40333E74B4F13C18F4B2BE11BB42BE53
:10B59000C8E3D1BD1AF9883D8CF15CBD8189FA3AC6
:10B5A000725A13BE3AB439BDC52581BDE182E5BDED
:10B5B000CDB544BE5BC2B6BDABEAA4BE58FA9CBED4
:10B5C000E7DA7A3D14684D3D0F8853BEB2AE79BEBE
:10B5D000837B2ABC48956EBD9848ABBDF51D283EBF
:10B5E000636B433E58214C3E1944523E7E9F3D3E84
:10B5F0000CB7373ECFB8C23D4909DD3CECF20F3EF7
:10B600008B3CCE3DF6D28A3D69C2313C29A08B3DB0
:10B610000F3D3FBE308835BEFCD566BD80EAC7BD54
:10B6200051ED04BECBB957BEEF4FE3BCB65E863ECC
:10B630001FDCA13D5F5A86BC857200BE2A222FBE48
:10B64000824AC93D1CC78EBD7F056B3DD47D803EBF
:10B65000B4C03D3ED0F8C93D82169BBCD608143E0E
:10B66000B6474B3CD5CC353E69866B3ECECC523E80
:10B6700074883B3E2893973DC6D2CDBDED8883BEEE
:10B68000E84D6CBEC00859BE7FE6973DBD0386BD40
:10B690004C98A6BD4F0A633E9542A23EB250283E4A
:10B6A000DA73073EDE0D86BD6D1CA83E90DF923D2D
:10B6B000AE3C2E3E62485EBEAF2C4F3D25B4273EC9
:10B6C0003C852D3E9B56393E318E62BD027C5B3CF3
:10B6D000D9EEC23DF7A82D3E9216203E5D05083EEC
:10B6E00088AD113E6B46ECBDA86E3EBECB5A7EBE09
:10B6F000DC794EBEF7DA0BBE7083AF3B300140BE43
:10B70000F9244BBEFFED763EDD676C3EBE1E303E3B
:10B71000E5F71ABEE2B631BE779F5B3E59A6853D7E
:10B7200088A7DB3D41C5B5BC2F43913D560F7F3DFA
:10B7300031FDE6BD64C0D9BDDC5E253DB7A6B13D97
:10B74000C271693EE1CA743E0107623E3EBF4C3E93
:10B750000552613E2EFDECB9CC9B3DBD483BA9BCDA
:10B76000086E22BE8A96F53DFD48EC3D6C90AC3CDF
:10B77000EBAEB7BD9276113FDE42463EF5CE3F3E80
:10B78000936019BD213DD5BDB4F5493EF6A1AC3E4F
:10B7900066D8563E73729E3D1D82DB3B1D76EEBC25
:10B7A00006B06EBDBC67A33AA4C2093E8393793E3E
:10B7B0006DF9B83D76185F3EA536D23D039ED3BDE8
:10B7C00017B85F3C182F033D769CEA3C4D0FB8BD7F
:10B7D000569153BDDA7A773DBA9799BCDF3840BDB0
:10B7E000CEDCBFBEDC9EEC3D43649A3C877A883E4B
:10B7F000CF3844BE2E2D47BDE7B4F3BDF98F8F3E41
:10B800005031653EF949953D35D4003E2EEDA2BD3F
:10B8100070DC8FBCDC123E3D874E123E7B9AB4BD7D
:10B82000DF03C13DFEF0F03DB70C5F3E30419ABDF5
:10B830001F6B5C3DB8994FBD4B9AE8BD4BF11CBEE8
:10B84000D4E8DBBD25ADE63D3F7CD9BB20508D3C27
:10B85000D281BABDACDC65BDF79746BE5B75013FD2
:10B8600033C7AEBD8DA0AFBDEEF0B3BE911A2D3C77
:10B870001980833D40BA1FBE093C253D6991ACBD8E
:10B88000127C20BD81EC22BE21AF90BCF1571B3D44
:10B890003459F0BDB1A05C39FEB9B93DCF17E23DD6
:10B8A0001F5AE03D4D19ABBA18E4F23D00D503BD77
:10B8B0007FB3B43D0AAAA23E0B0CA53ECF98773EBB
:10B8C000ECD813BEB86E843E5E6EF73D9464713E54
:10B8D00052B7203D019D1EBC1E9C9BBBACBEB0BDA3
:10B8E00057A95DBE4C3F4BBE8075073D025A8E3C4A
:10B8F000B33BA23D2E7770BD56CAC6BD7DDA2C394A
:10B900001B7EE4BDEC2191BDA59B083E9EB8A73DE2
:10B91000FBC42C3E9E60FE3D645DAE3D8E09383E0C
:10B9200015D9533E15A2B83E48D09F3E9AA7463E31
:10B930001AEA54BED13E133E141A2F3DD3F44ABC2A
:10B940008F716A3D86F8C33BC8AD09BE31301ABE5F
:10B95000197FAFBD52272FBE7FE15ABC5822113E3E
:10B96000BA9DEC3D48BA2C3DB43948BE814B003DF0
:10B970005A35AD3DFCF5AB3D9685473EEC639D3DAC
:10B98000BF3F36BD9C8FBC3D4C2CF93DA8752F3E6A
:10B99000EF5E2F3E52D3273D4A9E493EC6F99C3E5C
:10B9A000B66932BD0C4EB03E30F181BEE5A783BD15
:10B9B00021CBFA3CB01F85BDC15465BC6C2DE2BDE6
:10B9C0008F54B9BB80B1C03D0DC86C3D9817AC3DDC
:10B9D00038DA78BD7F6D1B3DD6C8B53D1833A63D1E
:10B9E0008F730E3E119D963D5C2C69BC52C8EE3C97
:10B9F0006F4D833C17FB65BDA6A28DBC5313083E5B
:10BA0000DD234F3ED326003EFC9ADD3D8AA13A3E1F
:10BA1000E7FF2D3E95D05E3EACEC48BEC9C8D9BC10
:10BA2000A72E933D7F0497BDDD28D43DBEE8A23EFE
:10BA3000A60D903E27EA753EB33E22BD702E36BE5F
:10BA4000D8842BBE7BC615BECEF2173DE700ED3C79
:10BA50005DDFC43C45EDBB3DD26D1F3E66C8993DE0
:10BA6000EE4C9E3DDF17FF3B06BA183DC3BA923E2F
:10BA7000EB4FB33EC873763E58679A3EB036963E5B
:10BA80004FE1253E50E3AC3E1B98BF3D2099BABC28
:10BA9000E6ADFABC765985BD23204CBD73EBBFBC27
:10BAA00035ED30BD03B8103EDFCE64BE242CFDBEA4
:10BAB0006A6948BE58EA983DE8C198BD0AA4903C1E
:10BAC0000388ACBC25634DBD63B91B3D502967BDE0
:10BAD0004E32EB3DAD25653D4680693E59B5A43DEE
:10BAE000EC304D3E5698953E718F723E5C4A913EC9
:10BAF0009355A13E82E2EC3E82C2233D7435A2BC46
:10BB00000000B637DE5A90BD1D0B823E6AC393BE5D
:10BB100035E0B2BE6F929CBE8751F43D8FE449BDC3
:10BB2000A6653BBE39B365BE0B4D58BE75379BBE8F
:10BB3000567D40BDF8D6E23D02AD80BD0ED305BCBA
:10BB4000A9CD82BD540944BE0358403DBE2742BE24
:10BB500013EC41BD784751BEC6E47FBDF0C02C3E1A
:10BB6000DCDC13BE2572C13C7DBAAC3DB028A9BD5A
:10BB70003F6AA6BDF260CFBC20AB9FBCFE1E973DC6
:10BB80000A3FFE3DB9AF71BDE91628BD053F863DB0
:10BB90008CF51B3EC31A35BECE5A83BE62E4893A89
:10BBA000035F0A3D8B7C78BE62A0A6BDDAB593BD6B
:10BBB00090237DBD2B48A3BE9EB28CBEBD63A4BDA9
:10BBC0001A1C30BD1B1B88BE3039D4BE3BAC963D21
:10BBD000BF5E2BBE86ED373DDEFAFABC401FEBBBE5
:10BBE00006666E3D2EEF97BDFE0D4A3DBC74F3BC5C
:10BBF000DFEFB2BBB02916BD289382BD4FF0C1BDA7
:10BC0000BB0376BD8B1A14BD7B6BDCBD68ABE6BC99
:10BC1000A7872A3CD2F919BD4A16F2BD0B19603E1E
:10BC200017161DBE627157BDEBE27A3EFBC67D3D25
:10BC30007C943DBED4E790BE887675BE7E7F2DBED7
:10BC4000809928BC00F662BD0ADA06BDE96794BD9A
:10BC50007E1F5DBDEF9789BD12422A3DBD8C47BD59
:10BC6000B4AB8C3C82FA8BBD622B623D40C3C83BB7
:10BC70002279E3BC66BD6E3D4055D23B90BC1FBCF3
:10BC800005929EBD923C0AB92F18B4BCB340B43B98
:10BC9000394D903D61CC2BBD407F74BCDE762E3D8E
:10BCA000CB08883D30D46B3C85E3A43DAA9F293D59
:10BCB000F32688BD5E871C3D4A45693DEA65123D15
:10BCC0002A774E3D85F6A6BDF681783D3E57373D35
:10BCD000E5DF2ABDA2910CBD99010ABCA957A3BBFF
:10BCE0006FCEA1BCABA373BDEBA3103D7ED014BE41
:10BCF000AB39293D71CED8BDE6FB793D7844973EFE
:10BD0000AC3321BE62A098BD98CD44BD2657E0BD9E
:10BD1000012A2EBD55377DBD095028BC285D643DE4
:10BD200060662FBD9009263C8D3E933DC2FB573D7A
:10BD30009E64363DE0C542BB99471E3DBDC82C3DC3
:10BD4000AE1BA3BDE71BE6BD86FD4DBE7B0F30BE1F
:10BD5000E9B18FBEDEC1BABE403BC2BDA1261EBE48
:10BD600067B0B1BE7855D63D6ECB633D44D0873DBC
:10BD70001FDF2EBDC53D0FBE73CF71BDCC221CBED3
:10BD800078E28BBD45FE16BE7962A4BDC970A7BC22
:10BD900070A3CDBD9E9EC0BC3E783C3D5E374C3D01
:10BDA000F09CADBBEE0B1C3D55AF3E3DB322463C77
:10BDB000730293BDD30D66BE9F0000BF6428B2BE60
:10BDC000ADA54B3EAB8C033E5F6F6E3DE88B0D3EE9
:10BDD000225C493D6AAF1F3EE27D05BD6A5BEBBD5B
:10BDE000E5901B3E1475393DCC92CD3D86B4BA3CEE
:10BDF0006EA3853CB1597BBD7D9188BEA2539DBD8C
:10BE0000AE66EDBD2A6F87BD260D96BE1CABD8BCB5
:10BE1000E096FC3B5E342B3D55EE85BDC327023ECC
:10BE200086E1363EC4220A3EFD4E9FBDBD65613EA1
:10BE30000E77AD3E81794D3E317E853D895E3D3E3A
:10BE4000718E893DCE4E883D9C70593EF130163E34
:10BE50006EAC8B3E4484313E7C1D3ABCA2D65A3D2A
:10BE600020A3AF3DA01AA0BD2042A53B8391B1BD48
:10BE7000C7F284BEE8CB28BE08D0383D3777D23D24
:10BE8000208FC43B03969B3D5FCED83C9BD2943E13
:10BE90004A6C09BEE8FBB4BC0630453D2637883EF7
:10BEA000176E863D6AECB3BDD0EC583D76E4C03EDB
:10BEB000D9EA473E47DBA93EDC29A93E80634D3ED7
:10BEC000CF43973E4F3C093EE204463D3284213E3B
:10BED000073AFF3D2405813EC6D1843EBCBE6ABD03
:10BEE000C694B2BDE504803D8EE7793E913AD1BD5E
:10BEF0005EB3533DB4C8ED3DEF6BED3D84EA17BC36
:10BF0000971D60BE8BCD9EBEEBAE31BD2BE0283DB4
:10BF1000271942BE93451EBE83FD743E46462D3E04
:10BF200008463D3DCD3FD23D6727EE3CDF16043E3F
:10BF300037CE403DAEE61CBDB7ADBBBD0D6081BD8B
:10BF4000EA9E323D7FB1123EEABFE03DC6E4643E68
:10BF5000EED5903E95DEBA3C92826EBD70DF973D85
:10BF60009F52193DBA9BA83EEF6623BE478F19BE6C
:10BF70008986213E62A622BEACAE52BECD60573C41
:10BF800050A295BD4D6525BE2630DE3D5EDCB73D39
:10BF9000692BDE3C52D2AA3A79D5B83D3981A63D0B
:10BFA0007D5C89BD757C86BD87D2BC3D4621A23DA6
:10BFB0000931143EF82A9EBBDF498D3E8BE3C53E16
:10BFC00011B77F3DE81038BEEA47D9BD8EF1093E72
:10BFD0003CA3B2BDD806343E517A6EBEAA87123E4B
:10BFE0008061053E4D8A3ABD1B2A08BED782AA3C15
:10BFF000CA2933BE76B5F9BDD220FCBCD2810BBEB6
:10C0000002A6463EDC7F373EF3C0BA3DE72EF23D46
:10C01000CBC39A3D033D063EB546B63D6D65873BB5
:10C020006E22883EFB604D3DA583873EF0B9853E7C
:10C030007EF1023D63E6A5BEA044FA3EF90F9E3EA6
:10C04000483C82BD0AC0C0BDDAECD0BC87D1BDBCC3
:10C05000C597623E1E4A393D7835CFBDCB41833C02
:10C060008301E73C859D68BCCD8BEFBDBFEC9CBDDB
:10C070008866CEBD12E384BD4AC68EBD4962443E89
:10C08000C355593EEF99EC3DB16580BD36CDF2BC4C
:10C09000AFB7243D5CBDE5BD15AE7E3D7CDE5C3EAC
:10C0A000D87F083EAB59CE3EF2EFA13EDABB97BE39
:10C0B0004C5D00BEFFDAEDBD1ECB5ABE34A9A2BE58
:10C0C00058DCA13E00DBAFBD8DFF19BEF782983C66
:10C0D000303DBB3C32892CBE64E720BD9E0A96BD34
:10C0E000059C9EBDED234EBE358403BDEAC6843D4E
:10C0F0005B7EB63D96B7DE3C67F9C6BD1DE2DABD94
:10C100001A97BD3D5B30C0BDCD2C763DDCE6A03E30
:10C1100024ED033D1D5F9B3DDAD364BE83AE6FBE4D
:10C12000E0A510BE636A1CBC7C0115BE71F0B9BEEF
:10C13000575B913EC6B4483D30622ABD42B490BDC3
:10C140007A4812BEE5CB1A3C556C953C17D178BDA8
:10C1500030DD5ABE7C3969BEF5B9F6BDC1A725BD33
:10C16000AA6765BE0AC22FBE595DABBD5D5E51BDFB
:10C170005481AA39EFE11EBD4F52763DBD259BBDCE
:10C18000C86D1EBDADB4113E35A8013E353F9ABD08
:10C1900090C5C3BD5E219CBC2FA26CBEC07E89BD74
:10C1A0007284013EE735BFBD398342BC04C0AABCDE
:10C1B000CDCE7FBD93FD52BC0E1D14BDFE9D3FBE76
:10C1C000095013BE20A608BE6DB765BDC551C4BDDC
:10C1D0002554C4BDB8E0583C201633BD13AD733DA3
:10C1E0001EE7963D407CBB3D0DCD153D7E3F1CBE00
:10C1F000635E84BEB8B349BE7A3A1ABE81793FBD48
:10C20000E6EC453DCEB3923CF445D23C0B21E53DF6
:10C210003D7E703D625A5D3DD28CE8BDC23AA4BD00
:10C22000C77098BD798DAC3D444737BE2AA806BE7D
:10C230005F6F963D1E95C7BC72E0E4BA9A3959BD4E
:10C24000AAA3C3BD518A06BD21D2E9BC1F04473D44
:10C25000A6A1483DE22E3BBD6885253E7EA15DBE80
:10C2600043C6E5BEF73F863DA74590BE70E8613DF9
:10C270004E4E5D3D4943953D95FCB03EF6BB8C3D31
:10C2800041DB633D90801C3D9E52293DD094B3BD5F
:10C29000174B52BE218F35BEDBDB50BEDE861ABE89
:10C2A000D9C7A63C92AD3A3C85102B3D2A4A6CBEBC
:10C2B00039A380BEB1C51DBE18A0C0BDE9DE34BE25
:10C2C0001A0507BEC0A7C53CD27B25BE133387BE67
:10C2D0007E7CA2BE4BEE51BE61B8B3BD55F9673D41
:10C2E0006573EA3CD7D307BC32E6A93E621C62BE46
:10C2F000EFF6BBBC94E6483D548B1ABE7CA77E3D4E
:10C30000A09536BEB1675CBE53485DBEF5D942BD4F
:10C310002571E53C7837C73DF4BF013CD92589BE7E
:10C3200073AB07BE72467FBEEBAC42BEF16A66BE1F
:10C330005C079FBE698E6CBE6415C8BC3A337FBE75
:10C34000C6E257BE3450ADBEBB6854BEB1EDF8BCBA
:10C35000CC36B0BE7666FA3BB44BB33E48C3113E12
:10C36000EA3F20BE19E61ABE0D9989BE99C39ABE4E
:10C3700033779BBEAB6E0D3D3DC7F53D7AD48C3C0B
:10C38000445A063E84C7CE3D1B3200BE5D2D74BEAE
:10C39000B2EADFBD02DD3EBE83016ABE889C65BE97
:10C3A0009DE9ADBE2B5D58BE2ACF433CCB1701BEE5
:10C3B00075891ABDB4C19CBEC330DCBD1B58F23BAD
:10C3C000ABDB9E3DF855E63DE04F7E3A295F4A3EA5
:10C3D000C03F7CBD128CB1BE73EC9BBE9F6DB9BEDD
:10C3E0002CB8AABED420EA3BD02847BD5E592D3DCB
:10C3F000B152133E1D8E0D3B50B117BE76739DBEDC
:10C4000076EA04BEECA993BB29303ABEA7A868BC63
:10C41000E6A14CBD93A683BD23ADBD3D888B39BE3F
:10C420007C6F32BEF8681FBE7EBC18BF69F410BEB8
:10C43000595F98BB3F544B3D62B25FBD67CA82BD36
:10C44000E9986EBE70839ABE7AA42DBE15DE88BEB2
:10C450009EA592BDEC82143D5858043E807B72BD6F
:10C4600072C1D53D41D368BDDB1394BEBB54FEBD44
:10C47000155530BC881B2CBCBB0931BD3390C5BDE4
:10C48000424CA1BDA0D0D3BD5591C13D0AB54BBE14
:10C4900085B651BEA95B2EBD364107BFC20643BE5D
:10C4A0001CF278BD71E640BDC7CCE63D2FC56BBD23
:10C4B000731403BEAE640CBE79A7F33D3F331DBEBB
:10C4C0002977A1BD85C320BDB1F7C03DA089C0BDFE
:10C4D00031E59A3D709E033EB88461BEF0AEE7BD83
:10C4E0001490ECBDAE8DAC3D17DEB03DC81FFA3CDC
:10C4F000E7E8FA3DA953D93A6CE0653E248BCB3D81
:10C50000E3D3C33EBEABF63CAA5C80BE9B18B3BB74
:10C51000ECD76EBD2CC37A3D76C8393EBCB69C3D87
:10C5200099A5A73E080F653EBF6B733EB969ED3D07
:10C5300044440E3E0A6B2A3D1E12893DF195273D6B
:10C5400052BD623DEF170A3D8D9F9ABDC3AB203EA1
:10C55000AD0F75BD99DA1B3E82403B3E58B28F3E0F
:10C5600019BA8F3E27434F3E0AA2C63E63B8B73E74
:10C57000754EDD3DA6C055BEEEA134BD5561F13C02
:10C58000B4FC48BD88B00D3C50C0BC3E0C79AA3B01
:10C590005AA2663E322B8D3E1240863EA4ED703E7E
:10C5A0009C341D3EAB40903EE260773EF3584D3EDA
:10C5B0009665193EC46F253E144FC73E048FED3E6D
:10C5C0001E5C4D3E9CD3743EBA6F523EA581A43E84
:10C5D0009EE8EF3E3C2C803E0FAEDC3E5BD1123F2E
:10C5E000B606613E4C3D783CE3219B3D0B2318BCD5
:10C5F0005B3C843CC896B73D75D2FB3D5CE7FBBC19
:10C6000043C59C3EEE59323F381BB33EF708723E9D
:10C610000861563EB1249E3E70ED2B3ED83C773EDD
:10C620008DEA5B3EFC7DC93E01EBBA3E45DF8E3EA6
:10C6300012BBBE3E1A7CFA3E8D2BB73ED24CA93EB1
:10C64000E078A63ECD919B3E1585803E42BABE3E27
:10C650001710853EBEFDA53DEC34A73E6CE2F23CD2
:10C660000823F63C38DB2A3C9626813EF10F12BEA9
:10C67000B03AA73EEFE1A63DE8FB2EBEB4753CBE46
:10C68000AB5585BC83BC3E3E4571423E9210453E53
:10C690002BB3583E45A9C13EC7ED0C3EF9DD563ED1
:10C6A00099949C3E6AEB933EBD8D643E95FFC83DD8
:10C6B000E6E6CB3D156C8E3E01EC973ED36E9C3E7C
:10C6C000DDBF4CBE3C77653E45FE5E3E9F26A23DEB
:10C6D000805656BD61D922BD529185BD71AC1E3EBA
:10C6E000CB4B983D402FFABDFCAE2DBE4517E0BEAA
:10C6F000B3EC34BE1BDA263CE289623EC872CF3D01
:10C700009AAE6B3EC951333E6F41C33B3FB2213EAF
:10C7100075A0753D69B45E3DE89833BB50EFFBBD35
:10C72000A231F4BD26EC7FBE17B92DBEFF804EBEF0
:10C7300044FBD3BE9D9947BEDEABA33D70F39B3C4B
:10C740005E475F3DF2213D3D3393E4BDB0C62ABE56
:10C750006EB84DBE8B291FBE1A14D63D5938163EF1
:10C76000648F593E0784AF3E0CC723BD1C9F83BE18
:10C77000AD00A1BD4577F0BBD03C3CBE56B54BBD2E
:10C7800045837A3DCAC288BDECCF82BD4244903E0B
:10C7900034CCE4BCFADD9CBE1A92ACBC64514ABEF7
:10C7A0008A62C7BD3FCE46BDE232213E28E749BD81
:10C7B0000B8812BD60EF403CBB8E9E3D114390BD87
:10C7C00014E84ABEC09985BD11A3C5BAD04EDDBCE0
:10C7D0004EEDFD3D4239D5BD7CC4F9BBB5771C3E5D
:10C7E000B44C483E0FE69B3DE327DDBD8AC6FF3DC6
:10C7F000B904A63E38073D3D78C9093E53B0743EA2
:10C800006E8A5C3C8A46E8BDC7D3F8BDDFD9B73C29
:10C8100039215BBB4E37753DD6AF00BDE8128ABCEF
:10C820005CEE97BC807D943ACC5AE83C23B4963DAC
:10C83000F958293D9C2A9D36BAF2A1BC2AD365BD80
:10C840006AB8493D4FFE98BDDA9927BDC265AFBEB3
:10C85000B99612BEB77924BE3EDB81BE3BF594BECD
:10C8600032CA51BD660F55BE49E999BE281760BE50
:10C870007E4CB2BEC5B7A2BE3FEB2DBEBD6623BC8B
:10C88000AE7C04BDE0AE10BCB80E4EBC69E614BD73
:10C8900010483EBD1AC5513DE481D73CFDF8943D9A
:10C8A00034FB8EBD06910C3D6E448BBD3E3C8ABD73
:10C8B000A76202BD97A49FBD66C93FBD10BF3CBC27
:10C8C00040FB04BC0C223CBD1FF51C3B9D30443D8D
:10C8D0003A3A583D20D7443BB8176F3CDAE084BD64
:10C8E0000016F6BA485065BC5EA4F6BCB59807BD04
:10C8F0000CC55CBDBA0C69BD2E041ABD620066BDD4
:10C9000052E990BDE8FF333C0899203C8CCFC13CF4
:10C9100055E322BC0B19973D84D738BD71707ABDA1
:10C92000AC0EECBDF3E216BD9F630EBED3DDCABEF6
:10C9300064BABEBE6AAABFBE4B8DCA3D4E0B07BECF
:10C940005679BDBE3C73A4BE1BB231BE54B86CBE9A
:10C95000329EA9BEB32EE6BD7F28B9BCB68781BD85
:10C96000537F61BDFC5AAB3C72D71F3DB2777C3D13
:10C9700055210EBD8849553CA7C2943D3C134BBD83
:10C98000FF0700BE1F43D9BD6D8039BECAC5ABBE0F
:10C99000ACC366BE5AE28BBEDF2BA3BDE501853D6D
:10C9A000B2B242BEDDA8203CACD89ABEF04C8FBDDE
:10C9B000CA2D213E036E0DBD45612A3E1314253E4E
:10C9C000CD0002BE48BF7CBE191413BE3F2C2ABC4A
:10C9D000E32600BEFE9AFE3DC2A99BBD081686BC9A
:10C9E0009B603BBDBF2C873D2F705CBC3F5C30BE65
:10C9F0000D3629BD2393473D6E885ABD1E5CBBBDD5
:10CA0000C60C123E8560303E2530073EED30AB3D12
:10CA1000BE10293EFDC6C33D0A07043E1C993F3D9A
:10CA20006A455B3DECFADABDE367103C81640E3E7B
:10CA3000DFCE293E358A27BDA0C68DBD0D78D13DFC
:10CA40007597BFBCAE8A8E3EF04E4BBEC6CF403D02
:10CA5000E0C8EF3CF9FF65BD24681EBCB906663E20
:10CA6000958348BCDBAA1CBE6D36D9BED687ACBE4A
:10CA700072DA24BE410E23BED07F3FBE6B8D4BBC0D
:10CA80006613A23D397026BEC57FE93C4CBC523EC0
:10CA90005EEB6A3DA770EE3C95398D3E8C73093E86
:10CAA000CB87053ECD661C3E5F07253E41CFCD3D81
:10CAB000449E9C3E3E3A253E58A32DBE57752DBE42
:10CAC0001ABA0ABD80996BBCDE506ABED494383E57
:10CAD0008A44A9BD40A26F3E1AA41CBEA09CA2BD60
:10CAE000FCB2393DB5B38C3E0619273E13B0FF3D6D
:10CAF000747756BDFA4D82BE2881E7BD16AD4C3C19
:10CB00002C74A33DD5B3983DC53F883D2AAF0ABDDF
:10CB1000AE8F28BD15D7CB3DC1E8343E0D87CDBDC6
:10CB200007F2083EF4CC79BE7D589FBD076324BD53
:10CB3000481785BCA353173EA153B3BC790C023CE4
:10CB4000CE841CBD066C8B3E0DDBB53DF833ED3D50
:10CB500071A31F3EC57A2E3E364B993D8019E43DA8
:10CB6000524DE73D68ED303D27BE583E292FED3D43
:10CB70003CC84EBC96A0963BDC9814BC8B4C9C3DAC
:10CB8000DACDEF3D49C2593D0F7B0FBE13A9D8BD89
:10CB900034C744BE3A609C3C13815B3D0184B3BD05
:10CBA00047EF833C7B2AD33ECC2149BE9E75183E7D
:10CBB000521D95BE97E44F3EF76B003EF6A1923EA4
:10CBC000D207843E8DE1BABAB6D1423E80E7003E3C
:10CBD0003E81113EF850FC3DFF26543E99B4333E51
:10CBE000F3F99D3D476B17BE0A8C9BBDB7B353BC91
:10CBF0004F6BCAB9357119BD4ED9C03CD39705BE2C
:10CC000043D275BDAE172B3D3696893EB57DF0BD3E
:10CC1000D42B633DC77DA83E4B53C0BD240EB13E0F
:10CC200086E141BBE8BE8B3EA6B36E3D7C58473ED5
:10CC3000166A893E2B5AF83D5A732B3E7599B43DBE
:10CC4000361AFA3CA154653A9701E33DBF55E5BC5D
:10CC500024D9ADBD1C4917BE8866B7BC09FD583C38
:10CC6000B58F0F3E16A875BD4A7C133E12AA09BDAA
:10CC70008A9C6C3D9CA1FC3D3FDF9A3EDC19A93E9D
:10CC8000E572AA3DE1615B3E28F1273D8167893E5F
:10CC90008691D4BAAE6E8B3ECE63023E82A30E3E28
:10CCA000EFDD3F3EBF2F533C42DC07BDAFD2263EF7
:10CCB00045B50A3C32D140BE1F0C0C3EA4A7A03D96
:10CCC00018FF89BD2C3D61BDF8FC653D74F4BC3D89
:10CCD000BFD6FC3D7ED4C2BD3FAABA3DEECAFA3DE6
:10CCE000307FF63D7867C03E74C5EB3E0065CE3EB2
:10CCF0000510B63DFAA6163E920EEA3DD1AE06BE2E
:10CD000092B505BEB3829EBDB39900BE4B24CABC8A
:10CD1000592EE93DDF0337BDAFA7173D36FCCA3DAD
:10CD2000BE1D8B3D20C4253E6FDB323EF4EEED3D53
:10CD300059283B3EC991883DF033293E8D23543E0E
:10CD40009F7C943E0E27033EF280CB3DD50F0ABE5A
:10CD500048ED0C3E5478C63ECD43B33E0FE7A53EAA
:10CD600055B28C3D6801843D1A54F1BD744B08BE28
:10CD70000A506F3EAEC8BCBD07128ABE017969BDBC
:10CD8000960639BDB3F984BDACB8DBBCEE2F6E3D61
:10CD90009E2A523E7348AD3EFD1A8A3E7D0E9D3E50
:10CDA000B6D00F3E7DC4F23C890D013ECFD8CFBD39
:10CDB000AC05803DB659E0BC35CA45BDF3925BBDBC
:10CDC0004CF2A6BEB3D0F7BDB4C9A23ED4F7CD3E57
:10CDD000CF9A393C9FBE15BD8F5A6EBD908D463D92
:10CDE0001625C23BA18207BEC9C971BE6F7B69BC53
:10CDF0007FFFDB3D7F2AA6BC7BDCBF3D78ADF63DE7
:10CE0000C35E9F3EA2E95C3E357E8C3EBD54823EB1
:10CE10008359493EA7055ABD60652F3D196A0FBE6B
:10CE2000255807BDBD492DBE8A675BBC40D1A9BE50
:10CE3000B88107BF501319BEA63EE43EF90CC43EAC
:10CE40000F8D17BDB158CFBB0E88E03DB9B14B3E39
:10CE500069CF3A3E42FA673DAA5E47BEA95608BE70
:10CE6000907A55BE4BA2D8BD2108F9BD60C00DBD5A
:10CE700078534D3E89BDEF3DC0F4FB3D5B629A3D6A
:10CE800096DB773D1B7DFB3BC668ADBD18E575BEE7
:10CE9000A127063DCCD9E7BDE8B594BE9944DABEDA
:10CEA000E01E803D59F5CCBCE42AF43D417CACBD8C
:10CEB0002C03D93D6578FD3DA86A4C3D5AA7693DD4
:10CEC000006E78BC66586C3D0D98EBBD81DD81BE6F
:10CED000038EC4BD1CC025BEE37E57BEDF84BFBE2B
:10CEE0003F576EBEFC49A4BD6451B73D10A7C13B7E
:10CEF000391B8FBB4D7D183E258955BCFF5765BD3D
:10CF000002C8E0BD57ECC6BD68825BBE99FE513DCC
:10CF1000D5514FBE4D8908BFDB2D4FBD2DC490BDEF
:10CF2000A46BCF3D6966013E6B1ABDBD01AFC2BEA9
:10CF3000B2EB3EBDDE3173BDFC5A193EA588CEBDB5
:10CF4000288B2CBE560440BED562C6BE2844C4BE43
:10CF5000BE0A8ABEA7B11DBD3C6B263EA0D71D3DB3
:10CF6000F7C501BE201B163C696FDC3BDF1811BD05
:10CF700048F2B93D6CD00D3E5A5BA43DD3C0173E7C
:10CF8000393E223D78F619BF891855BE1505A53BD7
:10CF90006D19A13DB3100D3E305261BE95AC39BE46
:10CFA0001EC9F43C33B184BCBA0E97BD6922CDBD15
:10CFB000E651AA3DB5DAEABD2F4B73BEF262C6BE9A
:10CFC000D79875BEA8CDA3BC8A99553C00DD4BBB54
:10CFD000061AEDBC5EAEECBDB4DD2F3DF3B7BEBDB1
:10CFE000FEF5DEBDE132AF3D8B1E703DA5F309BD00
:10CFF000780A1F3D818C39BF540574BE6AAFA2BE4A
:10D00000307F053D2063EA3D91069CBE0A9F82BDAC
:10D01000512E423EC6E9F83D80DEBB3CFD66E9BCD0
:10D02000F2A9703DE63B25BCB09110BEBFBBA2BDCE
:10D03000F71E1DBE952EBC3DB063CABCD60985BB8C
:10D04000902385BC99178FBC4014EF3DA277893D92
:10D05000C4B38BBD2DCE413CDBC545BD1628C23CBB
:10D06000633CF93D20A95EBEB52C903E83DBC2BE79
:10D0700089470C3DB054583D2F7F0D3E9169093EC4
:10D08000CA7A3A3ED4B9853E853218BC7CCF42BEBE
:10D09000DED85BBD91E804BE72910ABED3DC3EBE11
:10D0A0003D8235BE6CAB4ABD744FECBCBAEEAEBD32
:10D0B000238A593DD2BB0A3D73CAA7BB22AEA43D09
:10D0C000D54E1F3E8DE2B7BCFDB0C7BCFB77A1BCFF
:10D0D000714A7CBE5857A4BEB690C53E074A67BE8B
:10D0E0004AD261BD82EFA6BC6A13B33E9434E83DD8
:10D0F000A5E3F73D94BC793E54782EBB2269A3BECC
:10D10000B6C31ABEA0E21DBE8D4730BE3EF914BEA6
:10D110002A5CE0BD6AB645BDAA7D3FBCF8EF7EBD86
:10D120007386C2BC2E9DFABC333F1FBE06EF2CBDDA
:10D13000CEC9CD3DBBE4BEBD47E374BE0C1703BEF4
:10D140000BBCBD3C0158B0BE7ECDE1BD80B525BE57
:10D15000E0EC5EBB45646FBEA06202BD29F1C7BDB5
:10D160004DAE39BECEF558BDE15A1CBE350918BECC
:10D1700021A5AFBDD076CCBD9A914EBE7DCDBDBDB3
:10D1800071E8D4BDB8911B3E30F53FBE7D00E1BDD6
:10D190009B95CFBD8DC19C3DDA594CBE98E636BEFD
:10D1A0001BB0B43D3164A7BD498E0BBE2117533C63
:10D1B00005AAD1BD429C16BFDE0F53BCDFCFC3BC56
:10D1C00001CABDBCC8B5843D31B47EBC0252EEBDBF
:10D1D000B92C82BE8C5697BEEE6050BE4A4365BEE7
:10D1E000432F803DF7839BBDE9BC53BE3572BE3CE7
:10D1F0006C71983D229664BD7F7500BEC53E93BD9F
:10D20000BEEC8F3B34CD99BC6BF9A0BD389A82BD82
:10D21000D24D433D11DA383C9239A0BED22C20BE0B
:10D22000043377BEE5DBE7BEF7B4ABBEA2336FBD18
:10D2300093CD3EBDBC4D28BD7D9139BE90E5B03D3E
:10D240008262A83D3469FABDF4EE83BEF7C2D4BD54
:10D25000CFE7C6BD47C1ACBD769BD1BD8FDFDABD80
:10D26000140FF33DC1C4A0BD2A3F0B3DB67B16BED3
:10D270009389E13CD181383E58BC873D0F3AC63D89
:10D28000E2F07DBEE73180BECD026EBEC5B50EBEFA
:10D2900095BE6DBE619EFFBED779A3BDA1BD49BD40
:10D2A000098424BD40FDC13A0E422B3E5B14DA3D99
:10D2B00012845B3E9A96A93DC7BAB83DFC91593E8F
:10D2C000EF9F0EBE7BCD52BD638397BD81E7CB3D03
:10D2D000A15C133D98FBDABD57C27FBC2B9A393D48
:10D2E0007FC48F3D52E0A73CB9E10EBEC59705BE95
:10D2F000B2FB82BEB1481EBEF1EFD1BD6683A4BDB4
:10D300001BF990BEACAFBFBEA87DDCBDB01611BC92
:10D310004D824CBD88D939BDA8EB573EB3D6283EC7
:10D3200007109CBC6A03783DBCE2553E1EC27C3EA1
:10D33000F6E6C63DC4B74BBDCE828A3DDB4678BD1E
:10D340009A54EF3C89A8CF3C9E29483E105ADD3DB7
:10D3500011A27FBD5895A13D31B0A1BD2D9379BDDE
:10D3600074B63B3EB166563E088D943D788EA7BD9F
:10D37000CA2B86BD40EE8FBEEF2215BE804446BC50
:10D3800013F83EBD2FEC823D53B68CBE9D3DCE3E84
:10D390007A2D3E3D583E6F3E95A2C1BA531F4B3E7B
:10D3A000F0D2003E8CF74A3D33228E3E16EA9F3E75
:10D3B000216F8E3E0D336B3E416A993E5E9E903EDC
:10D3C00022044E3E41368D3E80EDA7BC0DE1EC3C83
:10D3D0001F3C013D93A5613E1CF2A53E73B9CC3DB7
:10D3E0009FC55F3EB45918BEC947A3BDF099FD3B28
:10D3F0007430AFBC7D56A43DEA545F3D0EECF1BDE8
:10D4000032E29ABED3F1BBBD808C72BD604E0B3E42
:10D41000056206BDEEAD173D7609FBBC74E7BBBCEB
:10D42000BEE9BA397D446C3B9E632ABC6796E93CF1
:10D4300090CFA53D6D66383EE336613D12BB153E8B
:10D440005E14B93D66DC35BA1A664E3ED09AB8BE57
:10D45000B6A77DBE9108023E3D708CBD7F932EBD68
:10D46000C0BACA3CC6F7443D00CF403CC5C014BD5D
:10D47000C9239CBCFA5EBD3D1D026E3D6B9D80BB09
:10D4800068E7473D0D470EBEF1B517BE0AD406BE8C
:10D4900064A3ACBD8E261FBD610C8ABDF9B5913C5D
:10D4A000B2E9D4BCEDE900BD22665FBEE1F9CABDB8
:10D4B000FF5D33BEB9BE943E5E62333EC5D7DA3DF2
:10D4C000E2702F3D8C8D0EBD12CC5A3D9D9C26BD29
:10D4D000A1B094BD00E6093D39D2853D8E51763D1F
:10D4E0008359903D382C113D46FD2C3DE673373D68
:10D4F000F2625A3DEC3C88BD15B654BD0CEA8ABDBB
:10D50000F29A803C09107B3D053A30BD2EA48BBCBD
:10D51000DE1D97BD422ACDBC4D7F74BD5B99AB3DEE
:10D520005854B83C463B88BD702E0FBD56C708BD49
:10D530009CBC113D0C45263DC327993DEF5D94BD34
:10D54000709BBABC219A863D0FB151BD48507FBC3B
:10D5500069DB0C3AE582033D7A9FB23D8DFD353D96
:10D560003780643D4AF2AD3D93B2223C1ED8523E14
:10D57000DCF3BF3E74BCC13E4278073E83E33B3ED2
:10D58000AB7E943ECF2D5F3E13B0063EA5AE4A3E25
:10D59000583D1E3E8506B43DE7001A3E7DB6373D38
:10D5A000CFC790BD9302AC3DA2790BBD8AA98ABDBD
:10D5B00078A0723CB488D7BC4C9A793DEF92E33D99
:10D5C0005B66C83CE02F1E3DA77204BD4FDFA63D41
:10D5D0007BEDC73DCF58703D5A35DB3E93C2CD3E03
:10D5E0007333F93EBF43E83E36FCAE3E0F70AC3EAF
:10D5F000BE3D703E387499BE39F065BED671103E9E
:10D600006130C63EC8E0093F0ECD153FD88C903E34
:10D61000ED9FA93D07DB82BD000C013B0C948F3CC4
:10D62000CC587EBD00D56E3A5F098ABDEA2C933D89
:10D63000C5515A3E6C2C06BD84EDB93B54DB403ECF
:10D64000F3B4C33E6D44BF3EC1BCC83E875D603E7F
:10D650007C91C73D43CBB13E3A093E3FEF9F2E3F01
:10D660000463053F81A8293F811A483E1F379FBDAB
:10D67000305EF93C2899CABD97C3003D0A57D03E99
:10D6800055FDC23E6AE0BEBEDD2141BEB02295BB63
:10D69000D2B8673DBF648F3DDDD5D6BCACF8B93D8F
:10D6A000ACF61B3E1387573E384DA43EEB2C6A3E2A
:10D6B0006AE0163F9759043F274D1A3F5551783E6F
:10D6C0008014803E84C3563EB27D483DD95D893E7C
:10D6D000C80ADA3EE9A9203EA7C1FB3D0936ED3E66
:10D6E000876B883E9B9F2D3BA1E48F3DA547043D62
:10D6F0009C74C83D6DA999BECD53C1BE8163373EB0
:10D7000077CD9E3D3FB0A8BDE864333E9D37D33E04
:10D7100029F5C33C420E8F3EC62A063F3101003F29
:10D720009981D83DCF41643E15E845BD407258BE51
:10D73000C1FDDE3D46CD4D3E0676583ED9133A3EFC
:10D740004BC8233EA54F183D0BB5AFBDEB6F4BBD8E
:10D7500068A83EBD91F6FCBD4B73B3BCDB85293E8A
:10D76000CB024A3EAA48A83D1DAE71BEBDB4A03C46
:10D770003012BCBBDE2A2B3EC8CB21BA534EDDBDD6
:10D78000179396BA5689883D16DAF63D645D553D85
:10D790000B4DC9BC43DBB5BDC50AA8BD2AB48FBDBE
:10D7A0008C2FD33D2D13D23DD590363DAE6E96BB1A
:10D7B000568621BE3D547BBE123174BE0F39B2BEB7
:10D7C00059098BBE33179BBD5A0CEE3D48CE003D28
:10D7D0001E3026BEE92652BE7FBF433C9F8AE23DF3
:10D7E00079E1613C1F0CAD3E316989BDD18054BEE9
:10D7F0007A5ADF3D38F77B3D55AE9DBD1956F93C51
:10D8000032C024BDBAAB9DBCB7CF95BB7876E13DA5
:10D810008AB0933D007A1E3C682C873D08E760BCC7
:10D8200060EB1DBEEF5AB3BC9EA044BE145C97BE15
:10D830005DCE47BE480888BD859A4ABD088B08BDA5
:10D84000FCF504BE2F7E32BEC296F13C3709863D00
:10D850007D729D3D0DDB0BBD9797813D566B73BD72
:10D86000F088E1BD22D613BE4EDB1EBE20B3833D41
:10D87000EADE44BE570A93BDC03C94BDC3AFE4BDCD
:10D88000EF168A3E4108AF3D96B9D73CEE5DECBD40
:10D8900019A4D2BD3B0F61BE4E9C8CBEA03F60BEA2
:10D8A0004249BCBD9169703DEDE609BEC8B623BED4
:10D8B0002F7BC4BEA01D80BE9E842FBD89D14FBECC
:10D8C0000E39953D61BC8EBD33B8653EBC1257BD67
:10D8D000493E8F3C1B3E3EBE768E88BCA77DB8B9C4
:10D8E00023F44BBE6C7A28BE3EB0F3BDB72AA8BD68
:10D8F000BDCB89BDF09F2CBD2C1C72BC4D7A90BE57
:10D900000E8F28BD1CB78FBEE789A4BEAFEE16BC34
:10D91000796A0B3E67FE4F3EFDC0F5BC00B1853D08
:10D92000DF0950BE8E5354BE22CEA7BD2AFA8BBE4D
:10D930009440653DCA3A1CBC958BA83E9404213D99
:10D94000BC99853E5A56B8BD680718BE2A3F623C4E
:10D9500047FB40BE606672BEEABD90BE79AFDBBDDC
:10D96000868610BD9D5CDBBB15146CBD881ABF3C60
:10D9700076BDA53C447FB03AF302ADBC70B8AF3D74
:10D98000FC0BEF3DB7D0913D1F22873E848ED83EE1
:10D9900002F9393EF1B198BEA5D2C7BEC7E13D3DFF
:10D9A000D51CE3BC21A4DCBD573A10BE726E503EBC
:10D9B0006F8A203E502068BE3A4A1EBE5FF8D6BD30
:10D9C000C8789ABE861577BEDEF889BE7B3B8ABED4
:10D9D000C2EBECBA6941CC3DBBF3823D6692DC3DC3
:10D9E000C499B0BD3A91193CF608B23D5A51FA3D7E
:10D9F000A88D70B95D0F1FBC324B0A3EAA99563DE7
:10DA0000DAC3A63E50B6AABD4730C0BEFC48F7BD3B
:10DA1000301479BD1D7DDA3C3F71B8BE7C944B3D1E
:10DA2000D1979D3D7E0B11BE67EC46BD5D474FBE55
:10DA30005EDB71BEF3E489BE38D136BE5CA817BE8A
:10DA4000DA82703EC32BCF3E463B883EF7A7F23DBD
:10DA5000057C33BCC01D233D86BC2D3D2076973B05
:10DA6000F7E9993DC869353E51F25B3EF6554B3EAC
:10DA700092D3C23E349D2DBD0DB307BF7FCEA7BE4E
:10DA8000DF1D083EBC28503E24D2A6BED69CC93C11
:10DA9000D2397BBC1174FDBD8F5D373D87172BBE1E
:10DAA0004ACB463D286BC43D8E3C353C77FD963DC8
:10DAB0008AE81C3E988D5E3EF746BDBD185759BD9D
:10DAC000CBCA35BE867AB6BD317F853D7C54B33C2A
:10DAD000B108163D25DC273E7F978E3E5B94953E30
:10DAE000ECF2593ED347813D41B5C9BED1143DBE8C
:10DAF000081B86BD3C9F81BB562D94BE114DCB3D6E
:10DB0000D104E7BD9C086D3E475E123EE5404A3EAB
:10DB10008A91A43EA180913ED8670C3EC053353E09
:10DB200040761E3E204B023E10BDE0BC4896C03CF5
:10DB300029D7B0BDCC8A95BDFF433EBCF6520EBD81
:10DB400024F114BDF396E53DF976F33DA63E533E30
:10DB5000D2DB0D3E632AA73E0E57F5BEFAAA19BEC8
:10DB60004E9499BDE716D43DB3D30D3E02338CBE1F
:10DB7000516B7ABE8FE3813E362B973E6854F13E5F
:10DB8000D7A1903E31A37F3E1951F33DEAB9A53D9F
:10DB90008F1B2D3ECC2A483D5A26EF3DAB29E33B57
:10DBA0007259B43DCCCA6BBC7B092DBEC81891BD5F
:10DBB000F20B9EBC7C6B163ECEB8913DF325383EF1
:10DBC000FB74253D34F6ADBD8F4F5CBEF63474BE9C
:10DBD0002DCCAFBBE103AB3DE1771F3EC7B602BC26
:10DBE00045DA11BD0218FD3DE569373E0BB0783EC0
:10DBF0002888783E8971043E6DE36C3D5F2A043EBF
:10DC00000163883D93C573BDA2923C3DA8EB173ECE
:10DC10009198793D78248FBD490415BEA713B53D71
:10DC200065D3D23B619EEF3D6270E3BB925E563E90
:10DC3000EFCFCC3EA081463D0BDC93BED2BE10BEE2
:10DC4000BD8388BDB0772B3E842D723E43B0243E09
:10DC5000B7B4603ED2BDB33DF7B755BDD4397F3DB3
:10DC6000CF113CBEFB7B8F3CC66E603D47C8153E66
:10DC70009B6C7B3DE3BFC3BDBBA9313DE84A2ABCD9
:10DC800099B437BDF34FBB3D3A886CBD186C533E19
:10DC90006D0A283E67FE6A3E428C643D6701EF3D97
:10DCA0004FE9283E353E7DBEC735E5BEBAE412BE1B
:10DCB00076E4ADBE4ABB743E0839533E8D4D9FBDE0
:10DCC000875357BDCF711C3DCCAE16BE408A1EBED9
:10DCD0009B96DFBDE9470A3E8A3E9A3D7521673C27
:10DCE000F223403CD7B7DCBDCBF63ABE8F233EBE15
:10DCF00071A919BD66B29A3A9713E4BC918B0E3D97
:10DD00007454A23DFCDD7E3D5B6333BD655BADBD00
:10DD1000B544F1BCD37DA4BE8E45FFBE8EF374BE68
:10DD2000864637BD963FA63E6437823EA4E989BD4C
:10DD30006DBDC6BD137A2C3CDBA2E03DE66BB93C61
:10DD400001A8443D166E8E3E6F6D163EA808DC3D60
:10DD5000E7B7B7BD37C151BD3AC80ABEEB06B1BD82
:10DD60005D184CBD6080D5BC6D81BEBDE5DBBABD24
:10DD70006CC9403EFC2B783E6AE3513E5AD15BBEF3
:10DD8000B24535BD54FBF1BDE2A1CEBEA5A2D63D44
:10DD900054DC9ABCA7458E3E83E6393EE1B6003E90
:10DDA000C02EEE3DC1CF46BD8837673C46CE2E3EE5
:10DDB000920DD73DF330FE3CF319063DF78ED43D6E
:10DDC00078AD223E5CC7783D861BA43D7B06503D66
:10DDD000D4C3AD3D91C8FBBD70CFB03DBE992ABD47
:10DDE00045D26D3D7CCD353E6FE0963D713954BDD9
:10DDF000BB7B31BE410203BF40CB54BEFCE6ACBD91
:10DE0000AD87213B544F2CBB0A403E3E672F833EDB
:10DE10000151AB3CC33157BEAF40283C303C6D3E56
:10DE20008FA5E73DDC267EBDB685B9BDC0750C3E2D
:10DE30001C9D2E3ED8481CBDB336AFBD122B0E3DE7
:10DE4000D40A06BCA389AFBD03E995BDE8728B3D3A
:10DE500053A8B5BDE569A9BC319C863E66E74C3D3B
:10DE60004A4175BE8AE472BE46C89D3E02A426BDE4
:10DE7000E376C93DCDD3923DA1FD5D3E72A0B4BD18
:10DE800044A6C0BDDB2AA33D0896663EB63FC13C12
:10DE9000B79F103DCB60323D9837363C66E0333E4D
:10DEA000F67DF83D761F943D292522BEE4AF133C54
:10DEB0009FF509BDD72919BC178D00BC2D78163EDA
:10DEC0005CE12BBCC256333E9E805F3D39B85BBDE2
:10DED000C9475DBE234EEDBD9F5C8F3C89F3DABC24
:10DEE000205F10BB18B4AF3CEFD3CC3EED2AFBBD96
:10DEF000D9C93CBD8D4FC4BDB085963D85F51A3D51
:10DF000005F07D3D496E833E6178DC3D59F1553D1C
:10DF1000BBA9E83C91F7133EBB01943DCC742CBCEB
:10DF20002E3891BA3D18DEBD56E18ABD420F383D0C
:10DF3000D80613BD3DE4BABD5AB152BE8E2743BDCB
:10DF4000D71E71BE7D879FBE609CBEBDBD8F953DB7
:10DF50008C6990BD7BBD943D34400B3D191BB63E92
:10DF6000635838BBBACB9BBDF98F803EE936A13CE4
:10DF70006D01A63C512C3E3E68EC7FBDD855313E2C
:10DF8000DED71B3E51E3023E2C29863EC7D3F53D2A
:10DF9000BD96403E685ABCBDA751C4BD3FB61BBE2E
:10DFA000231651BE3FF067BDA8CD06BEEF8533BE38
:10DFB000F329CABEF643C53EF8A33A3EE7789FBDB3
:10DFC00012333C3D9455C63C104918BE2A887DBE8C
:10DFD000E764A3BE0EE9D1BEA75A0EBE76B6A1BEB7
:10DFE0000BA3C5BD2337C53C387C2ABC59EDDDBD2C
:10DFF000B1F216BEFB65BBBDF2F30CBC648B063CF4
:10E00000DAACA4BC246F99BE040EA6BE804D58BEE7
:10E0100026AA3DBEE587BCBE1B2EADBE2CC37BBC75
:10E02000767891BC6B061F3EF1AF293E30012A3C49
:10E03000E4A98CBDE0B289BC16114DBDFE9082BC36
:10E04000F22726BE8EA2EDBE49DCC8BEDDEBF3BED4
:10E0500072754FBE9A0696BEFB66F4BD71C17DBE59
:10E06000F720E4BEAC4A2FBE4C06A3BE90CD09BE3D
:10E070004EB59ABEA39BD9BE77EAF8BE57F0CCBE88
:10E08000D5FE0EBF44910FBF030CBEBEF20BF8BD10
:10E0900098C64DBE3294A6BD1FAA913D810E34BDD7
:10E0A000A3F1A2BD8E1CA1BD82BC773D41949B3DD6
:10E0B0008E8F233C4C66F2BC294730BEEEE4B1BDE6
:10E0C000C5DC4CBE98D192BD5FEA60BE86BA64BE24
:10E0D0001A455ABEB2269CBE5F351BBE988F9F3D27
:10E0E000B322BCBEF17192BE78CD22BEAD522DBE20
:10E0F000625F92BCA5AC053E3A3FFB3D0962553DCF
:10E10000244CF1BC9EBC433DEC8EEABCE44F28BDE0
:10E11000714464BD80B3A13C7697033D6FD757BD72
:10E12000F2B6483D59F0A6BD00A946BAE00F40BC82
:10E130006BF39F3D5004333CEC94CD3C70EF463C78
:10E140005909A03D64E9CABC5508253B0A54DFBC07
:10E15000F6577BBDA03491BDDD2287BD4D5EA13D4C
:10E160002D0A973D804F783C23E29DBD805A19BA15
:10E1700040BE3DBBC7E1983DE6F9713DD21C3D3D37
:10E18000DD878A3DF078FF3C243698BDE3EEA4BDE0
:10E19000001DDEBC4DC67BBD0101E43DB789253EB7
:10E1A000A9D68F3C9F051EBD3EDB793DDA9A163D10
:10E1B0007C720F3D7198523D87F09A3D72356FBC6D
:10E1C0004021403D32B900BE0413DE3C632E263EA2
:10E1D000DEDE3D3E523957BDE0D6543CC3DE4CBD79
:10E1E000B4EDAABD610E823D2E7274BDD45C8ABDB1
:10E1F000E28BA9BD284A24BC4DF88CBD7B76A13D9D
:10E200008E4096BD387A9B3D688BA83DFDD51C3E5F
:10E2100054D4863EE361963E03177D3EECAD57BD78
:10E2200015D047BBAF6BD93C32E0293EC49FE83DD7
:10E23000DAC9E5BD73D215BE42CF7B3DE9C48CBDC2
:10E240007CDC9C3DE51C473E8005EFBDCD71873DE4
:10E25000E89CDB3D30EB683D819F9E3DF57E8D3D2A
:10E26000A2AC60BD8B49A13D0EDA4CBCC3CB233EB2
:10E270006215933D3C6C0DBE6FF59DBE6A98AFBEB6
:10E2800059A78CBEDF5A703E1334963DCC604E3E8B
:10E29000C3445A3EBC1BFC3DB5B1A43D32C5DDBAFA
:10E2A000FAA266BE812E65BE02E6FABC1244C23DE9
:10E2B0001508C4BD47451ABECB353DBE5B915CBD5C
:10E2C000BC494ABDF36232BE529DD93B00BF17BD67
:10E2D00072CD9DBD06C438BC089EB7BCADF862BE09
:10E2E00035762CBD8D9207BE4D323BBD6A422BBDAB
:10E2F0006317843DB052663DC578E93CE0C1B23D4C
:10E300006D03023E357C3D3E0CF0873E2A8A62BD9D
:10E31000F666B4BCAC37D5BC0476DC3CEBF0F3BCA1
:10E320001F1AD83C7D7FC9BE5E17C7BE3B30ADBE4D
:10E330001610C1BE5081D7BE034806BD2DB5C63DDF
:10E34000E0C243BB648A9D3C9A6FAE3D434458BED5
:10E35000AA41543EA53A14BEDF2B7CBD5FBBAC3D49
:10E3600061E7A4BD00AE863D2DE5A93DC698E13D1F
:10E370002A9AD33D02A784BC917B393D570E983D24
:10E380003771803D086CF6BD951F5DBE6EB05ABEFC
:10E390001D70C8BD283C25BE483DD8BE27FA13BF16
:10E3A000B0DC18BF864BCDBED42A4EBC5698C8BD33
:10E3B000110D19BDBDE1343BB41E7DBEAE6FB7BEBD
:10E3C000E35D9DBE376CF5BE0892B93B7F2AD33D15
:10E3D000C9795E3D4551583E4CCFB4BCD11D393E44
:10E3E000AD52FE3C0E1285BD2C1A53BCA2AC0F3EA2
:10E3F0001709D03DD15C96BC83304ABEF0A3F6BD70
:10E40000832AB4BD18C80FBE78D3803D8AE6C7BD45
:10E410004E7D65BE0559D3BDEB2674BEE0876C3ECC
:10E4200024579DBD71F468BC25830FBE0E7FF7BED7
:10E43000225D40BD423B03BDED26953C040BE93C0B
:10E44000D00AD13D92DB883D9C3692BC2C18E6BCAC
:10E450005E2A99BDB81F76BD49829C3D863CEE3D43
:10E46000B7CD14BCA14DB6BD46299ABDE4B33DBE9F
:10E47000D290C6BDCA1A65BD9A2A093E56B950BC8B
:10E48000338F6EBE7BB05CBE46195ABE8B22053CF4
:10E4900067C32D3D50E554BE41DF37BE3F0541BE49
:10E4A000EACE2EBDFA248CBBE721733D54FD1D3E00
:10E4B0006B8EA8BBD00707BD97080E3E7A90F43A42
:10E4C000008387BD020568BBD558A13DD5649A3D40
:10E4D00079F1323C8028483C499236BE2113B0BDC8
:10E4E0006F3D3BBDF57833BBF3D005BE817497BE5D
:10E4F000386CACBE97B5B8BEF23955BEDC8B303D3A
:10E50000DCF80DBDB15231BE31FB14BE48710D3D7A
:10E510006FCF35BECB3A053E7B19EABD4259533D1C
:10E52000302BDB39889E9F3DBEC4533E469CF9BCD0
:10E5300052870DBE89B05BBEABCC803D14B3103E9C
:10E540001822FF3D638BC53D174B7D3AE7418B3D5C
:10E550009D9C9D3DC484F73C89CC10BEA3254CBE38
:10E56000F311B0BEAC8708BF3AFDFDBD0EF2C4BECC
:10E5700065AA31BDAEDCAFBDBD25B5BED522ACBDF3
:10E58000561A27BDD618203D0B6AAB3C0B57EA3D07
:10E59000F2D00A3AC06733BD2CFC9BBDF9920CBE89
:10E5A000FB0640BEA97D1ABEA2BD0E3E4BD9813EE0
:10E5B0005E1FA53DF79ADA3B667ECE3D06A3483E38
:10E5C000C844CA3D2AD1B23DF24844BDE728A3BDA4
:10E5D000ED3476BDB56518BFEF6282BEA3AA18BE42
:10E5E000C230C53C667014BEC88C05BE58CEE5BDB1
:10E5F00075C0B2BDCAAE093E9696C9BDF485133E3C
:10E60000A6C1633DBA1030BD87C517BEC9E081BE43
:10E6100022283EBE4AE7BA3D413F693E5D26103E94
:10E6200045F1E53D6E6E8ABB36AFFA3DDC6DAD3E21
:10E630003418BB3EA97EC33EF95DB63E8EB6893E18
:10E6400079DF8F3E8C7D9F3DB44E55BEC6290ABEF4
:10E6500017A499BD7D6237BEEEF794BED0572A3D10
:10E660007074383E4246993C6FE001BE3ACE9DBD83
:10E67000A2E13FBD90DDC5BDD07387BE446969BED0
:10E68000C3003D3D5BC1903EB2EA6A3E49D0813D48
:10E690000194E73DBF49163C7768403E7DC2793E14
:10E6A000F99B273D5812BB3E6960C13E636E823EB6
:10E6B0001E48A93EB8A6A33EC2E55FBC394B6DBD5E
:10E6C000897E33BD7073BFBDBFE977BECCF0AB3D73
:10E6D000E6A2643E3CA5A6BC7A275BBE06CA80BD06
:10E6E000B95E1BBE7043D1BD26BA23BCA7D1103D75
:10E6F000BF34513E98E0903E7515FF3D8134083E91
:10E700001CAF68BDEF04C93D22B2273E6DD0323E3A
:10E710003B34283E6641EB3D44889C3E2B52193EDB
:10E720003ECF0B3E5A03833EA994353E0892183ED5
:10E73000E124F4BC00F3C4BD348AB9BE9046893BE1
:10E740006E585E3EAA3080BE89D9BFBDF95C3FBE1F
:10E75000A12269BEF19DAABDECA1293DFE621E3E2B
:10E76000799B963ECF53853EBDBA1E3E7B2229BC87
:10E770002A48483CAC2BE93DACA82C3E93482D3DA3
:10E78000EF9ADD3BA064073DEBEEDDBCEB46D9BD67
:10E79000F8F58FBE2456AB3E09FD6E3EE73B083EC2
:10E7A0005D3D0FBE4D91CBBD68FDB1BE936F8BBD7E
:10E7B0004300AB3D7EEA1EBEF193F4BDFB3472BE56
:10E7C000E7D02EBD727E233C7EDC6B3DA509423E28
:10E7D00053C6093E103F183E3A2FF03D6DB23D3D05
:10E7E0001207D23D9682F2BD544B573CF5E6E8BB8A
:10E7F00059C280BD89DCFEBD33BA28BEA8D975BE1A
:10E8000095DD36BE05F60A3F7878933EE24A0D3D27
:10E810007B1D33BD458552BEC7073EBE4E7B1C3CAB
:10E820004AC6D63D036930BE8AD710BECB1A11BE88
:10E83000D1D708BE6B361B3E5118E93DAC677D3E13
:10E84000D6C2A83DB68A793E7FD1E13DF76637BD95
:10E8500006D6573E3B9EC63D50A4683C9F1D37BE22
:10E86000504BE33A7C2E8FBDA3105FBD174ED63DB3
:10E870000DD16ABDC0A8583F983A003FFA96E73DCF
:10E8800000DD1DBB5A0065BE8B840BBE8538203D64
:10E890003593833CED2E52BE4CB0E2BD020B44BE1C
:10E8A0005E4FA63D1E41093E9E1F6B3EEAF1733E40
:10E8B000DF5E043E85BA8E3E192B3E3E4B72073E0C
:10E8C000AB51433EB5351D3D4F7E28BDE1F3A4BDA0
:10E8D00016BE36BD7141A9BDBD346EBEC2F4D5BDF4
:10E8E000844C46BDF2D70F3FB118A83E9483543EE6
:10E8F000AD89093E0BA479BE2F47D3BD723608BE41
:10E9000005DB303D883558BECDC063BE7E2DD2BC00
:10E9100044EC66BD6797013D6E001E3EB9461A3E47
:10E92000D671693EEABFA03E04143A3E5518413EF6
:10E930004C1BEEBB60CE5D3D8204823CE4971BBE67
:10E94000DA6AE1BC22A308BE778344BEEEC84EBD9E
:10E950005DF3603ED66FE33E335D6F3E23683A3E23
:10E96000C779B43BF2D1A2BD1D1AA2BE6278BFBE68
:10E970006C0A063DCB3085BDFC8E2ABEA331D2BDCC
:10E98000DCBC60BB90CB2EBE91174EBDD78A8CBC31
:10E990009B369B3E0B109D3EC18E813D243F47BD63
:10E9A0006D711DBDDDB71CBE36F197BD8914F1BB7D
:10E9B000E887E5BD418E20BECC1293BC16B4B53DB0
:10E9C000A9AD193E68ADBA3E78B46D3E060A2B3E3D
:10E9D0003C7283BCE39A80BDB005A13CFFB031BE60
:10E9E000B304543E2280263D400FB0BBBCBB293D42
:10E9F000700736BD86923D3B47E93BBD5B2664BD53
:10EA0000EEC1593DC8C5BC3D9205273A1B7A0EBDE3
:10EA1000DD3747BEF71B2CBEB6CD93BD2BDFB93C0F
:10EA20009219133D1055753B283A283DD2770D3D7C
:10EA3000AFF4893EB8FFC43E0CBE923D2A049C3C14
:10EA400013B598BB372CFDBD0570593D5696FD3D5D
:10EA5000A9A4923EC6518A3E660E3C3E2C1E0E3E36
:10EA600074F1ADBDB5BD403DB3F283BC7B620EBE5B
:10EA7000731FCFBD2FCFF9BD70F51BBD0436A2BDEE
:10EA8000DA3022BE7A371ABD1AAC4FBE9021CFBD04
:10EA9000215B16BDDC521FBD8EB698BD2A596ABDDA
:10EAA0009F629F3E583F893E5888FB3C9CEA0ABDC6
:10EAB000199CE9BC8012BBBDDA5043BC3C16883EB1
:10EAC00033269E3E8C2E423CABD7083E65E2343E58
:10EAD00009551B3D5C3F1A3D3DE8403E34EFE9BC23
:10EAE0002CF8F1BCE74808BD9CFD46BD09FB1CBEE7
:10EAF00021FBF2BDEE1057BE6CE916BEE15F9FBE72
:10EB00001E30063BBE2617BD1FEE233E921D4F3E14
:10EB1000EAC7C23E9337C53E113DE8BDF2039DBD35
:10EB20005EBB393D009C003BAF1099BDCB1D62BD63
:10EB3000EC292F3E06E0AFBD202419BEAD4DDF3CD1
:10EB40001BAD313EE323F23C5C05B2BD3ABDC1BA18
:10EB5000D918EB3DBD2C5CBCB3E6953A3963FCBDDE
:10EB600027FC3EBD787D08BE5A8616BE92C8F23C90
:10EB7000560A1A3E113C4CBD9D9AA33E8887CF3E53
:10EB800074581C3EA879383E2A94E3BD7A0392BD9E
:10EB900029F4A2BD88F77CBDE9A41EBE91A315BED1
:10EBA0005FC057BEB3D981BE72E0A6BD02F869BC92
:10EBB000A0591B3DDD5889BDE18F5BBD4E3CCD3D6D
:10EBC00022C80B3EBF5834BD72C54EBEFF1E7BBD72
:10EBD000F8C429BE578941BE7ABCE5BD8B17083EF3
:10EBE000D0811A3D6194BDBDC39FC3BC39968B3E95
:10EBF00005F6ABBC3694303EAEC2C7BD3442BD3C18
:10EC00009039E9BB223E433D4569A93DE6742DBEDE
:10EC10003984CFBEAAD8A8BED0348D3D1E9481BE03
:10EC2000F773AABEE2B1C2BEFA714ABE98343DBEC5
:10EC3000B5A140BEECFDBABD79B342BDB6DEA43D80
:10EC4000EC7AEBBCC5FCB63D748AFEBD9CCB12BE13
:10EC5000F03815BE0EFB5CBE9A6E87BE398DA5BD21
:10EC6000CAB485BE031A14BC26B4923DCF84A3BD9A
:10EC7000980C8B3CD8D805BC8D26A13D368BB13C79
:10EC80002F65353C4A2F413D312A10BC10C5083D47
:10EC9000BC7FD5BDBD3CDCBCAE66A0BBA7142ABE04
:10ECA0000592B5BEC58F66BEE134A43D94D61FBEA5
:10ECB0001285CE3CEC538F3E06A9D93C09ED97BE98
:10ECC0004DC0B6BDA82B0B3EC56928BE4D37EA3DE9
:10ECD0004FEF943D328D29BDCA7A323D2FB04FBDE2
:10ECE0009606623D607522BC3B389E3D007F5E3AD1
:10ECF0002315853DC6C10EBE005AB23D8D077B3C33
:10ED000001EB1D3E341A70BEBD8144BE9915A6BEEE
:10ED10005A3E8DBEC5561DBF7272923D6DBF883D75
:10ED2000EEBCACBD04F91EBED3A28C3DDC33F8BDF5
:10ED30005C641BBEFB9E73BE064D7BBEB76D78BE8A
:10ED400040920ABD66B1273D508227BD5EA361BDDA
:10ED5000660A50BDB68C603D4F4F9B3D39611CBD6E
:10ED6000C8B177BC3D268FBD10AFF8BB6284323D81
:10ED70004E1E153D7458EF3C9AC77F3D00C78EBBB1
:10ED8000372DB93DBACE2E3D633D603DD32F9B3B21
:10ED9000C4AC3DBD3644E1BCE0796CBB38531F3D8B
:10EDA00074DC56BD8638A6BD45494FBD0865ABBD70
:10EDB0008EE6343DCF2E8B3D8E3A20BDD72D5BBDE8
:10EDC000BBF135BD6C8788BCA0D617BBB9CC8D3DD7
:10EDD00037C67ABD5BD9EF3C4B6C763D8A51883B98
:10EDE00032D104BEA49D6D3A929A4B3EB5017E3E4F
:10EDF0003A77703E5310A53E4F41B33EF0EB7A3E5A
:10EE0000D708A73E94BFD93E8C95873EB002263ED8
:10EE100032B4B53DEDE50A3E86AC3C3E63AB4C3EBC
:10EE200098DE313CC03A5BBDF0A2183D9371873D3E
:10EE3000E4178DBDD85B9A3CEC685ABD584A803BBC
:10EE400099AD3A3CAC6CC63C9BFA8B3D1B0A483EE4
:10EE5000B4AF61BC3D80F43D5969B33EED36973E99
:10EE60004CCD5A3EF7D05F3E41EFC73E87ABAB3E3D
:10EE7000C76DBA3DBA3B4D3E8CB9D1BDE9C036BD78
:10EE800087C5583C22D29CBA4E60333E359C033E27
:10EE90002A86823DC2E9AE3D5C82A3BD274995BD6D
:10EEA000938650BD386AA6BC7ED5473C5CF82B3EA5
:10EEB000A5B6EF3DE87C2CBE21FE18BE01B5FF3C97
:10EEC000F57D07BE5B122E3CC0015EBD12F80DBD84
:10EED000F033EB3DEC9F253E7F0D31BE0E56B6BDA7
:10EEE00089AFE53DBCE0F63DA83187BDD29A103D23
:10EEF0004DF073BEBD88D7BDC5F869BE60E86BBD77
:10EF00008E61163E664A7CBEA4155A3D489FC3BC1E
:10EF10004EAC3D3D469675BDDD4ECCBD122E4CBE71
:10EF2000EFD3A2BD425AF9BD2C86A8BEE7F8FBBEBE
:10EF300085DAEC3CAA669C3CD15E753E57A9843DBF
:10EF40001A56543E0B82183EA306CD3D377BBFBCFC
:10EF5000DA5C4F3DDB53E03DA11EE5BDD70FC9BCD8
:10EF600080594CBDE59766BDDED522BED2557DBE2B
:10EF7000411ED9BE8CBE83BEE18CE7BDB59AAEBC46
:10EF800022AE703DE681E6BC6A55093EADF0F1BCAB
:10EF900064718D3DA132803EAB282D3ED201883D6B
:10EFA00067D535BE62F57FBE675DE8BD6E78AEBDE4
:10EFB00070AAF13DA4C01FBD103D12BB548B08BD0B
:10EFC00093F8F8BD1CB93DBE322B0EBC868C56BDE5
:10EFD00059768BBDA02EAD3CA981003D0CC4DBBD94
:10EFE000D33F9CBCD8254ABE6A20E43BA1DEB2BD1B
:10EFF0000CDB96BD060E8F3D8CB206BECF11B8BDA0
:10F000004A1B80BE29E485BEDC05E83C6E8DC9BC88
:10F01000DE0498BE6F818ABE3B52443C537E413E23
:10F020009648F43DDC3701BE9ABD5ABEAA5814BEBC
:10F03000701648BC3AE99DBDE1E6013EEFA21DBE57
:10F04000C89CAE3C7AAA0FBD786AA1BCBF9E473C63
:10F05000B7BA5B3C8BC6263EE081063D5F2F3B3E48
:10F06000391235BD75807FBD6F1E8DBCEF0C2DBF75
:10F070006CCA0DBF761DEDBE32380CBE5F75BBBDD0
:10F08000986FFEBD9BA6D2BDC096233E30184B3D67
:10F0900041D4D93BD2910DBE4B962DBE57E9B2BD9E
:10F0A00073BBFEBDB9A658BECD1EB8BC2AE41ABDBE
:10F0B0006EFD06BE73DC50BD6E77003E7645BBBE6E
:10F0C0006112EABDB7AE923D544FCBBC68F74A3EE1
:10F0D0006717143D310C993C27DB03BE40EEF9BEA7
:10F0E00027AC91BEE0218BBE96BCAFBD997838BEEF
:10F0F0009998E4BD03D5BC3D52FD713E06E2123E37
:10F10000F25AA93BDB6D8CBD473298BC6A6456BE8F
:10F110002C7E7DBEDDFF9DBC1D56C6BD19523CBE7A
:10F1200039B404BE06F209BE30E903BE439ADF3C9F
:10F130001C1F6BBD9490BDBEE597A83CE46F89BDD4
:10F14000115801BB26BC513E223682BEAECF2D3EA9
:10F15000969759BE65EAC2BED9A782BEA34CAABD86
:10F160003D0212BE06E62B3DACCF683EE298883DDC
:10F17000647E91BD354D66BC5DF486BC3889D1BDD9
:10F180007119D0BD65547FBEF6EE90BE9465B8BED1
:10F190000B7A83BEE9FF2DBEBD15F53D880939BE4A
:10F1A000701AF33971F92CBD24DE15BEA0183C3D50
:10F1B0002B17343DEE270B3D175638BED0C45EBD2D
:10F1C000AAD0D4BE9ED99D3D5B0B033D4975E83C5A
:10F1D000E6CC213D0DF93BBB6BC9483D1D8B1D3B6A
:10F1E000C60304BEB4A022BD1933893DC09903BC37
:10F1F000F2E12F3CC04FE4BD390282BEAD285BBEB8
:10F2000095104EBE0661F33DB65A19BE2488B3BEB2
:10F21000F74E52BE770A9CBEFCEE0BBDD91D10BD49
:10F2200088C6ECBB661AC13C2434F9BD02CA0DBFC6
:10F23000210F3EBEB2EF633E0D18B9B91A176ABD71
:10F2400043DE1B3DF5BFDFBC6DE3AE3C76F7A43D6E
:10F25000B1B2CFBDFBB9223EE97AF33D4C36A43DB5
:10F26000A47FE43C45CB93BD7AA027BD5F876DBDED
:10F270006907783D867FB53D46C04ABEFBE14EBC7E
:10F2800061E654BEF8AD823EE6BDC4BE26703CBD0C
:10F29000633A863DEFEBD13C8713093EAB7EDBBE84
:10F2A000A8F61A3E1EA85C3E63839F3D948A4B3DA0
:10F2B000A7EE7FBD96B48BBD366A80BE1483543DE5
:10F2C0001F982CBD4F23093D74FC493E7CB8073E76
:10F2D0001B2EA83D6E4840BD30F3B33B9A2D52BD66
:10F2E00066D43DBE853F55BD8A2A23BD560204BD66
:10F2F00058982D3CE898D63E53CDF2BDE909683EBA
:10F3000075DDB63DFDE7873D98A4923E3C1CBFBD30
:10F31000D829673EBCCB7B3D5CA8323D2680F93DB9
:10F32000FA56013D5A48BABE78A135BE815FF53C18
:10F33000CFB3843DE5A02D3E24F61E3E4F064E3D44
:10F340007FD22B3E7825DC3C6A7FFABD60EC66BE3E
:10F350009D34CDBEE0C72EBE63D734BEBC0FD8BC33
:10F360006196DD3DA5FD273E03BB093E131F273EE9
:10F37000FD2B01BD7733E43CB0C0A63E5713A43E3D
:10F380002D0F19BC89DFB7BD873A203ECC48AC3D74
:10F39000A31ED5BDA23B66BEF3742BBD7D839DBD70
:10F3A000300BCF3C185CB73D2D1A023E83CD223C7A
:10F3B000B21BDB3C622A46BE2B25A3BDDB77DCBE3D
:10F3C000BF70C8BE9CF011BEF2E4F3BCF568B23D5C
:10F3D00072AFF13DB3587B3E98F8853EDBFC1C3E96
:10F3E0006D508CBD6C2834BD24E0A73E1C90373E88
:10F3F000018E99BE87220ABE215D0F3E68EFC2BD15
:10F40000BF9B33BD6A635ABD3487E73CC1A2563EF9
:10F4100007C4A73C321F943E53C3553ECA3BC5BDEB
:10F420001970B4BB51C282BE7CE0AFBEEADBAFBE96
:10F4300007D75ABEB570D1BD98AA28BC2AEFDBBD4C
:10F4400024D93E3E0F3D933EE0E08ABD71EA363E50
:10F450000A39A2BDCC27A1BC23321C3EE121A03D2C
:10F46000D828B7BDB6B799BE3EEBD63BBA694C3E7D
:10F470006929913D71CE233E8CAD3D3EC3D09A3E6D
:10F48000544DF03DA69F313E01537B3E6DDD0DBED8
:10F49000639440BE28731DBEC35B3CBE872E6EBE08
:10F4A000535FEFBDFB4B883C3CD1213E65E7473CB9
:10F4B000B62E3F3EFE64BA3E3FAF9B3D7CDC843EB1
:10F4C00050506D3C7FD789BDCC4CC4BD2AD34E3E35
:10F4D000226624BDEA9F7FBE48F10CBD42E508BC10
:10F4E000D0EEC83D6B19F33D8D58793E9631E23D23
:10F4F0002F442A3ED27A363ED559863E9AC127BE3F
:10F50000F2EECCBE2B34CCBCF42309BE200F90BD50
:10F51000A576A03D8678C53D6D14943DE5F5E93CA2
:10F520006B6E0C3EC2523E3E632892BE4BF2DA3EF8
:10F530000EF4783DE2D372BDB0A9D2BD8277B13E60
:10F54000C6C3913EE64C49BE721B30BE06D9AC3CE8
:10F55000620C673D0C1ED93D7A0EE93D8B1978BDD2
:10F56000D1364D3DE805D33D4257023D966C5FBE16
:10F570007C5CACBEFB34203D538FCB3CCE7295BD42
:10F580004EADEBBCB6B1B03D0101893EC1DA5B3E88
:10F590007A17D3BAF58E8A3E6E2651BE86DE913E2C
:10F5A00071A425BD436DF4BD1D4E31BEFADB8E3E08
:10F5B0005D6B253EDA57FCBDCD4517BE4108843C46
:10F5C00051B193BD296E8D3D70F77ABDC8A864BC5A
:10F5D0007828FF3DAD76E03D5B5A98BD349A9ABDE0
:10F5E000EF553F3D32EA5B3E8472633DB77CB03BF2
:10F5F000BE8B003E359B5B3E230B8E3E4DD6683E58
:10F60000790174BE8B55883E19628D3E953C333E20
:10F610001018F6BB89C595BA138B91BEB1E05B3E5D
:10F6200038CCF8BB695CFC3CD9C5573E4146C73C69
:10F6300006CEE2BC42FDB6BC5DAB2F3D9D80353EA3
:10F64000AE97663EFCE500BE8EA07E3DA6E1A3BD62
:10F65000CB9C903D35092C3E70F7A63DFA24CA3D5F
:10F66000BDCA863EBF0A823E3141853E594D08BD26
:10F67000585C7D3CF375A53DD123333EC58F593D84
:10F68000060F2EBC867190BD60BA0FBC777D3D3EE3
:10F690002CF6023E2043803E9FDE7D3E2BF0573D00
:10F6A0005706B33D5FEA8F3D4BA0213EFE2B47BD81
:10F6B00042D6393D80E60BBD1D5C08BC009055BDAF
:10F6C000CCCD14BD378E9ABC23D3823D429723BD47
:10F6D0003C95303EDECC963E8E9EAC3C1094433D35
:10F6E000481B583D748C31BEBBEC2CBEF41E8FBD44
:10F6F000845E3D3D5A2857BCEF30A1BC8214D03CFB
:10F70000DE2FC3BC70A0DB3E13F1833E0DC1EFBC06
:10F710003C4A863DB847343D2DD58DBC260686BE75
:10F72000318B91BE5CA295BD3ED4D2BD7BF276BD3D
:10F7300082C828BEE73E63BAC854BC3D06AEE4BCEE
:10F7400016CE423EED8A523E0DB39BBDA99380BDBD
:10F750000BD39CBE73C612BEE30E9CBEC59E4D3D30
:10F76000E2AF87BD90D580BDC2DF6B3C381332BE9F
:10F77000EB3192BE6E3930BB8002313EFFFB06BEDC
:10F78000AE41A8BDDA563FBD4F950EBE18C6D7BDD7
:10F790006475F33AB0DF2DBEBCBE2ABD4B951ABDD1
:10F7A000F699C1BB23AEA3BC48C46CBB2FCD033DAF
:10F7B0009037863E4C39AABD6C02A13D3DB68DBE48
:10F7C000DA5606BE786BAFBEE2E1BCBDEBD06EBDD3
:10F7D000801E58BA9140963DE0E247BD82CD07BEFB
:10F7E0009D95523D8C8EAABDD44A07BEB21A61BE09
:10F7F0004359A0BE07A854BE56ADC9BEDA2DC2BE3D
:10F80000F8AA83BED177C2BE4312B3BE02C376BE8E
:10F810008D04C7BE1BCF2ABE944428BE8EC66ABBC9
:10F82000BA3768BD74A7F03D1314303E976AF4BD33
:10F830009896F23DB326B83EC15FBB3DA8B665BD04
:10F840005C4D8FBDD6E5393D2A54953C9741BB3D73
:10F850006EA3DA3D7A4E883E05BC1D3EF59E313DD5
:10F860007C9456BCB14FB6BD5CD6F1BE19F813BF3F
:10F870008E1909BF6CCAEBBE529022BF87456BBF81
:10F88000B11513BF3FCA70BEC0F045BE2539BDBE1D
:10F89000FFD784BD25A2843DA26B683E57F285BE8A
:10F8A000C0A380BD66EA0A3E7A3B7A3D52D386BD4C
:10F8B000724105BD2E414E3D61C0A7BD6EAC14BD69
:10F8C00073E8AB3DC4EC0D3E28584F3EDF46CF3DBC
:10F8D000F1DF53BC23AD61BEFBC4CCBE8AF680BE53
:10F8E0001302FDBD280DC8BEF9C712BEE9700EBED9
:10F8F0007BAB7FBEDE2645BD457B29BDDBBFD03D52
:10F9000012CC233E30B7D23DAAF8233E5337D43E23
:10F910008141953E8E6C643D5C2510BD66E36E3D75
:10F920007B4A92BDB6AB7A3D9CBEDCBC10E4E0BB2A
:10F93000372BABBDBA7B173DACF170BD4F718F3922
:10F940000508E73C568804BD7F44073B74E62E3D1E
:10F95000BE38C73D68333F3E5CE2363E30D9F2BC2C
:10F96000727C003E6160973E1EF9A13EF4EB7B3E47
:10F97000CF60FF3DDFCA3C3CE193C1BD7D2AACBEF8
:10F980000693563DA8DBE7BCB85ABBBC1E9E223D81
:10F99000209D043D57CD2DBDBA06373D6FE3993DFF
:10F9A000C543AC3DD861DF3C15658CBD3B1B963D26
:10F9B000EC7A8CBC70A2EDBB9216423D9C4E8E3C04
:10F9C000F7F18D3D9674C83DEBF2FDBC7C69C5BC7A
:10F9D0009AF75C3DC0401CBBF4D9BDBCAF858E3DE1
:10F9E00067D48C3D4F1F6BBDD2E6283DE1B8953DF5
:10F9F000ADA5A6BD080F75BD93E6983DE19BA5BDDD
:10FA0000B0AD103DD0A4313C78C82EBDEBC89C3DB4
:10FA1000C3E077BDFC3AF1BC8353963D4D4F1E3D8C
:10FA2000274EDB3A1E74CC3D9332E63D3B7C4C3E88
:10FA30003F0A123E9500BB3D6C0ED8BDFFDF0CBEE9
:10FA40007420083E1F32843EF643A03D8A53A2BA7A
:10FA5000A57A21BE5F338EBEAB0D31BE01A636BD89
:10FA60003E78613DC1899D3D4E8D3F3DD6A8C4BCC9
:10FA7000A075EC3B54D9FE3CF4D0713D4D8A98BD45
:10FA8000BBF400BEB639D23DAAA65FBC5701023E08
:10FA9000CC1D433E9209A73E3BCE923D9014473D7C
:10FAA0001CC0033E737B063E5084333E5D1AB5BDD9
:10FAB000C1BEC2BEBE5592BE35113D3D8A1BB93D89
:10FAC0003053283EA1B5003EC9E18ABD28FE80BE64
:10FAD0004676EABCDC0E063ED8D974BC98EC6BBD09
:10FAE000D0439EBCF1DA33BDBF7D88BDC2B2AA3D12
:10FAF000AD12F13A0BAA963C5114243E5F933A3E64
:10FB000059F333BCDD6CDE3DF9C9163E1FCB303EE8
:10FB10009EC545BD8E35DB3D3438063EB562D83BCB
:10FB2000A2B6B2BA75F45D3ABFDDF53DB624A0BD0C
:10FB3000B79BD4BEE1CB3E3EEB2B743E9B682A3E86
:10FB4000E610D83D0A4660BE31652A3E502227BDE8
:10FB5000804EB83CDB0B103DAE3B173DBA09CDBE25
:10FB6000433988BEFDC7D8BEE72B38BD124A6A3E6E
:10FB7000D1E081BEA1B06BBDD065403E5896483DF6
:10FB80001E40A13D8A5028BDC866403DAC778ABD65
:10FB9000CE5C083DF9D7F83C941F253D57BA3B3E53
:10FBA00028D502BE14C393BEB9BA0DBE8FD0CB3CCC
:10FBB00076B7493EE51D9B3D885D123E3EE4063E1C
:10FBC000003660BA3CC8F5BC9D4B84BDB2A49DBE56
:10FBD0007554CA3D43DAFEBD50F6C7BCE71DCDBD26
:10FBE000B5463F3DBB79113D25FE2C3E989E353EE6
:10FBF000398BF23D8C38933DE4B3793D9587263CB3
:10FC000012A01F3E2766363ECC05B63DA97DE7BD56
:10FC1000A26D84BD761800BE7CEB85BEDC6AAFBEEB
:10FC2000B8A3713D9A37E93E7322983EE070C83D13
:10FC3000AA3A54BD4B5F78BDC511013ECE0F023EBE
:10FC4000672376BD79CC903D996E0C3E8FB8133EFC
:10FC50003CD077BCFC514D3EF7586D3DCB84503EB7
:10FC60004A12733EC752493D73A6533DB34D1D3EE4
:10FC7000ADE8F73DDD36CE3D73896B3CAB566FBDCD
:10FC800061B0DBBDA6771C3BE5798BBD0B0D8BBE50
:10FC9000CA978EBECC2B103F795FCD3DB57B243EFD
:10FCA000FFBE923CAD1A853E705DA93EE0327B3EC0
:10FCB00033B25C3D7676FFBA27FF4A3EF519B93D6F
:10FCC00030050BBD37BD653D61F7B13C42EF473EA6
:10FCD00094EF563E662FFC3DE849C8BDA9E44B3B76
:10FCE000912137BD0CA487BD4D0BA4BC1029A7BD25
:10FCF0005C74F6BD86DF933DE2DF873D13AE02BD47
:10FD00002EC8673D8EC6DB3E49460C3E8ABF8BBD82
:10FD1000CCFC7D3D9766AD3EF6BB6E3E5E2E323E20
:10FD2000A64FDD3C37707CBD0B3CE43D51F0243EDA
:10FD3000E80DBF3DAFA84EBD8B08023EA5DAE63DFB
:10FD40000193643E5AEB15BD3B5937BE75C103BEE6
:10FD5000BAD1D2BD2E4AC8BD65E680BD2C1A673D1A
:10FD60003628CE3D362E8D3D4087A13DCD059B3EAC
:10FD7000B211273E1FB2CC3EBA96A63D7D32FDBDE4
:10FD80007E91BEBCDC74823E9B3D9A3D3BB4A03D5F
:10FD9000A3CCFBBD702D6B3D5008E4BD845980BCE5
:10FDA00028F7C63DCC44013ED8DF553E4177933D10
:10FDB00039C30D3E4B2E9FBDC4EB20BE4B9502BEFA
:10FDC0008F9989BDAA520ABDACC0DF3DD53CB03C7D
:10FDD000A0160B3E299A47BB5BB18E3D93C16F3E87
:10FDE000FA74363DB621903E5B32C33E5E82853E5C
:10FDF000724D863DEB68373E4E710F3E24FA99BD39
:10FE0000ADBD0DBED75CC33CB3A2233EC6A939BD70
:10FE1000189A6ABE2418903DC81BE43DE829BE3DEF
:10FE20001E68BEBD92A36CBE096B22BED7D42DBC8A
:10FE30005BC397BC3C45B33DFC07CF3DBE1DE33CD7
:10FE400020D3EE3D817E153EE7C211BB20920CBE51
:10FE50003A6BFDBD78330FBE1A1A28BEBEFEE73DD1
:10FE60006329E63D9E53903D0E6CA53D2FDB3CBEC5
:10FE70002F8181BC9CC2403E6B2A783E641E813D2E
:10FE8000FE90243CD151443E1837C93EA956693EE4
:10FE90009A1243BDD0826DBEF1533ABDEF50B4BC4F
:10FEA00080331CBD68FE56BD8EC803BEC765A5BCA9
:10FEB000705C453D481AF4BDE6BBAEBD27EF0E3D74
:10FEC000E5D3E03BD8B4A6BD6328C0BE78B2083DF8
:10FED000875E9F3C1F1DCD3DF27A893E18712C3EF6
:10FEE00071457DBDEE83933EF0CF0A3EC44C833E08
:10FEF00046A8533E0F30EB3D6613FA3DA747F4BDCD
:10FF00000703ABBEAE81E7BD696E96BD112E9A3D6B
:10FF1000E33DB0BDD0DA0EBE481131BCFEBB233C80
:10FF2000977D71BDE6F3843DF29B8F3D6896C53D9C
:10FF30004CF8173E248419BD4830333D6557473E81
:10FF4000CD3901BD3CE7C33CD7F6B93E5D93593E80
:10FF5000B5AD1E3BAE2EBA3E7306853E1A21963DC8
:10FF6000417A133D7C108C3E58A79E3D196E3EBED3
:10FF700073E588BEFE3E33BE941E63BD3B40333DF9
:10FF8000DB64C5BD8F1F53BE1795E2BB6D31C1BD8C
:10FF900021920B3E0BF7A53D190BEC3E7FA7BD3E12
:10FFA0007C898B3ED9EE1CBE0693DB3DF526323EA6
:10FFB0003665FC3C2621E2BD6D2EE1BCE0591F3EBA
:10FFC00088F69E3EB68ACA3ED4480D3F4F0D0C3F80
:10FFD0001B592C3EF70C273E97DBBFBCA65D55BED8
:10FFE00073CB80BEA5D9A7BDB18F14BE4E3013BE52
:10FFF000AD0916BE2419DD3BCC8AA53D23C693BDB1
:020000040802F0
:100000003F46D93CCB627039B2635B3E38706F3E7D
:100010004A52E5BDE1E295BD80F1033E95D00B3E2D
:10002000CD9A0C3E1969DDBD354AB7BE3A8B8E3E7E
:100030007D0D513D7AD42A3ED19CC13E685C133F70
:100040004AF7D13E18B8863E5482023E52F3D2BDE2
:10005000ED6F8EBEF55512BEC55FEBBD8E0127BD9F
:100060005F49073C6146073D8C63443D6AFEA3BD82
:10007000F38E2EBE6D1EB8BDC5310A3E8169EDBD41
:1000800096502EBE53F3723EF30361BE0E57D13C21
:1000900079C26B3E4E8F47BE2CB985BEF6C4F73C85
:1000A000EEAA73BE6F9298BDEC35763D29FB683E93
:1000B0006FF71B3FA9B7073F4B89173F154C113E00
:1000C0004E0C103E90B7213DB58992BBA44049BC6F
:1000D0002B3E5A3D76B4D43D60ECE23C9453853BD4
:1000E000696811BE857D75BD859B383E178BC93EFD
:1000F0007AD315BEE5DAD53D24965F3EBF83F63D43
:1001000030CBEF3CB3BDF4BDF70CD83D973559BEAD
:10011000F7677ABE4E6938BE44016A3D3F11DB3C49
:10012000DB6AE23EFC37123FEA2E383FFC140E3FFA
:100130000EF7D83EA093923E5AB3E93C3B7088BD7F
:10014000D6A3233C9A4567BDCBB11A3CBC61D43DD4
:100150005F64B6BD9B8B42BD9439473DBD98163E4A
:10016000BD6B003E7A49C33A2180F83DD304EC3C94
:10017000E55FCEBC3F1B6FBEC4628EBC91F67EBEF7
:10018000D32DD3BD70BFB7BD8D78DA3BE61B91BDD3
:100190006AC8B9BBA7A96E3D1434A13E56FE823E83
:1001A00070DCAC3E14455A3E7009203C703E253D43
:1001B0004C47733DF25CC83DB958003E1C3B8A3D3C
:1001C000ED9986BDB1F214BED272AB3D63F87E3EAE
:1001D000103C4B3EA20B26BEF364003E37DF72BEDE
:1001E000F4A5333CF9F67FBDD0B97D3E41AB51BE9D
:1001F00018C3B0BDEB55B3BC506060BEBBEB99BD3E
:100200001A534CBDD727193DEAB1273D3771933DAD
:10021000F1EA473EC4AB26BD5E0925BE3727E2BCE6
:10022000A2D799BD2CB5123E1F0C8FB91B37253EA6
:10023000DCF3AB3D0F17AA3C2D363A3ECC08C43D4B
:10024000B5F323BE857EB1BE51B873BB29DBC9BDF2
:10025000187B89BD5B288EBC3124CE3D85FF603D77
:10026000508A88BDCAEAA3BAF16675BE9E4BE1BD4D
:10027000329A81BEE7A027BEE63314BE6FDAAEBD68
:100280002691273DCDE5A73C07D00DBE6C54453DDA
:10029000EC4C79BDD843C9BDB42434BE6E1F6EBDCD
:1002A000C10B65BD74DC853C6E8BBDBBC5CECB3C44
:1002B0000DEF1FBEAB1500BEB002A93CCAA996BD8A
:1002C00018A906BD15872CBEEB6ED9BD7E3B043E3A
:1002D000B837433D17E42CBE694732BE62C59EBDA8
:1002E000B7F285BE2A5314BEE93B1BBEC69DC3BDF3
:1002F00092DF6ABD413C3BBDD135113CEF61EB3D26
:1003000040F81F3C8DDEEABBA98A26BE39CC7F3D72
:10031000525DE7BD581D7B3D36B0373EF9B9233EEF
:10032000735961BD485F18BE6825EABC99BC5C3D45
:1003300027F4A3BC376D23BD2A181A3EF6A057BD7B
:10034000D79F533E154332BEFC5F0ABDA17D033EDD
:100350007A9D1E3DD95060BDF068ADBCC2DABE3C8E
:10036000067E6B3CFF2225BB2437F43D1793273EC6
:1003700020B3E23DDFF68CBCDA3C2BBEC48AEBBD79
:1003800093A427BE1E3F4ABD8B1F883DA1F7053EA3
:100390009F1E663E459F0E3ED8593BBE966D803DE2
:1003A0004E66BEBC7D21813D9E6C21BE003E8ABE54
:1003B0001EC71E3EC8B3763C09F9C13D6D25B83C49
:1003C000DFEF53BD821FB7BC514139BE7246E1BD5C
:1003D000B3302DBE5CA6153C835C34BC48ABB33C4B
:1003E0009283623C055C4CBEBB279ABD60931FBEE6
:1003F000AB97D8BDE2F50E3E2FD0B23E080CEC3ED6
:100400000C3A9BBEE439F03AFDC824BECC9D81BCB9
:10041000E848433C1A0C4E3DFE8CAA3AA6042FBE77
:1004200020B2A6BD6F84383BB8CEA53E7283C63DD0
:100430005EAE55BDAA5021BE1BC67CBD00C51BBC0F
:10044000249982B9C6F3FC3D9921303D3413CC3D4B
:100450006D9ED0BCFE1D7ABCD18C4DBC17A9193E37
:10046000BC77443E3D2422BD93449DBD893C6C3EF7
:10047000E8198D3EDD2ABD3CCCC422BE1EBA09BDA2
:100480007C82ECBC34F8ABBD8A513BBD2002BA3E45
:100490009EEAB13CC22905BE1C220D3EF81FEA3D72
:1004A0004FF13EBE6A0247BEA9D402BC7973163D25
:1004B00013DCC2BD653164BE48B2813B079FBC3EC0
:1004C000F09B583E275DE63EC7DB8B3E4AF08B3DF6
:1004D000A7700FBEA60056BE0DC1BFBEC9B687BE6F
:1004E000CB3D97BEA4EAD53D7C40693DE17CABBDE8
:1004F000B213F1BC127A243DDD328C3DE9B777BDF1
:10050000B00493BE681AB9BD1F9D4C3DC63AA13ECA
:100510007FAA743E130C4B3E7566D43D40F38E3C6F
:100520003719943E59CAFE3E8B9B943E0EB498BD3B
:10053000488826BE9A9B58BE59444BBDA6CFC33DA2
:100540003448C0BC19F940BE1D33D43DACB8903E10
:100550000F59B13D6B12FE3DB07C313C28A09B3C55
:10056000C70731BDC8D554BCE0AB80BDF82B9EBCDD
:10057000B08D073E1464803E08CBA83EF5D0D83D30
:10058000DA51723E8B48A43E300F7D3E6705993E9E
:10059000EE82D23EDDDF923DC8B7243ABC3266BD62
:1005A000A551403E0D2DE53E29B9A23D5876A53E08
:1005B000080BC83ED07AE63DD34289BDB921D33D70
:1005C000E2B8DBBC54F1BC3CA333A83DEC1284BDC3
:1005D00000F2D13AFB54903DFE352A3D7D4E19BDC7
:1005E0007076803BAE7286BDE083F6BB988F473C49
:1005F000218C30BD6C86F03CFA4C43BDC0285EBDFA
:10060000DFDC86BD62409FBD140C963D5DB5E2BC4B
:100610003B6C943DD0419F3C345CC3BC08164ABD42
:10062000F4598DBD6381AA3DD3EEA6BD3A30423D5B
:10063000A7FE3DBDA6C5763D230AA13DBC776BBD97
:100640001FF2973DA69A3C3D617F2FBDE7EB48BD69
:10065000BF610CBDD3D841BD1182A3BDBB45A8BDB0
:10066000010A6FBD349E0DBEABB227BEB35E22BD84
:100670004E92FFBD3D0B07BE95F68F3BAB9104BE7E
:1006800039AE823AF0CADEBDB96902BE8B72A3BD33
:10069000EB5D42BE0E36DBBD54D897BDD5D151BE01
:1006A000F747853D813886BDCA753A3D90CAC23B41
:1006B000407B633C1E003A3DCF0C90BCD4901ABDE9
:1006C0004C6A5EBE70707ABDB79F08BDEFE2233DF5
:1006D000A5BE0E3EDBF5C83E3579273E7B2DCEBD4F
:1006E000BBBBBA3CD23B72BED6D77A3D5CFE22BEC3
:1006F00081C785BE5AF4603DE345783E40CB093E54
:10070000CEB8CA3DA0C5C43D1225103D4885743DF4
:1007100003061A3E781DDB3D06468FBDCF11A63D70
:100720006FA830BD50190D3DFA8FDA3A54830FBDD2
:10073000C5236D3CC4820ABEC03338BD5FB4D4BD8E
:10074000301B99BE2C74823D0D43663EB85C08BCDC
:100750008FA68DBD8C0824BEEF0B62BDCCA482BDDC
:10076000CB21C0BED95422BFF4C17EBE84B404BE26
:10077000F88082BEC6EAAE3E87B0EA3EF6644B3EE3
:100780002BC957BDC077CC3E81B4853E3EB380BDFA
:10079000205FB9BBB9DC1D3DD4A2B4BC18A63BBEDA
:1007A000AEC99ABE2D5C57BE93A1D3BD7F5391BDF8
:1007B000F02D91BE5DA4C6BBF59095BD0E2E55BE25
:1007C000A71D34BEA26F31BEC0D251BDDCEE03BE48
:1007D000C1D719BD81720D3E5EEC223EF6730BBD92
:1007E0006E01B4BCBF5E503CAC50A13E9551BE3EC4
:1007F00060F90B3FAA3F193FE966D43E9A2666BED0
:100800004EE322BD21DF67BD1C24EFBB335588BEFC
:10081000E9899F3A6EDF85BE9EE033BECD9CCABC9F
:10082000C3709BBD309B46BCDB2A58BDD6141D3D12
:10083000DB6E6FBC572D7EBDDDD104BB0E0757BDEF
:100840001E55A83C3D35A6BC265B2ABED746353D85
:100850003FF60C3E42D6AF3DBD44A33BE93EA9BCAA
:1008600074B4F03D2FD8083F5D45003E68F107BEE7
:100870006C00AF3CF686B9BCFD7522BC040FB43DDC
:100880008017C23DB7C3853CEA3BD7BC43D78EBD7A
:1008900003F4043EBCBD52BA7447C8BC820546BDD1
:1008A0003F82A53D3049BABDA3BC35BCB20B33BDB8
:1008B0001E4878BEB08320BE5126FDBD3F6E95BD5B
:1008C0008D6910BE904BA8BD4E23553C6655103E19
:1008D000483B203EAACCE83E36DC973EA20AAFBC9D
:1008E00037F0053DEFAA56BD37CDF33DDA81993C8F
:1008F000F2AB203ECA189A3DEB9720BEE290333D02
:10090000F27D673D13778A3D0984C23DBAAEEDBCE6
:10091000E6F4723D1171453BB2351EBE98CA5FBE0A
:10092000A62343BEF5BB40BEFACAB6BD3E6F09BEA4
:1009300051F585BE2D26D6BCC2183A3E25DA1F3D9C
:100940002C1D003E504B583ECA0EDD3E7308DC3C69
:100950003D1432BD7D9786BC082F1A3D28A8073E5E
:10096000FEF91E3E66E9EABC6E90C33CDDFA3D3CF2
:10097000B43D9FBD60BF473D2DB88D3DB5A7003D3F
:100980003F18353DAE06C83D0EB259BDC0A9CDBD1C
:100990004DEC04BD04F5A1BD701D08BE6F0601BD80
:1009A00066C0EB3DF569863D1F2EB73A9FCDB23E3E
:1009B00001015C3E97D1AC3D0963C73EE3A6923D81
:1009C0004883973DBBC9A7BD841546BD3CC519BE2C
:1009D000FC448DBCAD9CF63D18C5F7BD1B22E3BDA4
:1009E000FA343A3D3F51943D70E881BC1988A2BC6D
:1009F000A418A83DC50A333DED39033E857D83BD6E
:100A000054189B3AF7242739844E8C3CBB01823D15
:100A100087D8D43D79ACAA3D6EB0183EDD2F483E54
:100A200053A1013E44631D3D6F876E3D35D344BEE7
:100A300091972D3DAE9AD23BA0A6B4BEB0D4E43D72
:100A400050C55D3EFDF07D3DE7F773BBE22F703D85
:100A5000C15342BCE8EBB23DA1CB8C3D9CCDFD3DEA
:100A600022E1383E28D70D3E81C9D33C5601A73D2F
:100A700059FA023DCC963A3EA6CBAE3DDC15193E66
:100A80007C26003E73E8113E7DA63B3E5EF1973D1D
:100A900023FFBBBC098E66BE1BE9DD3C256027BE7B
:100AA0003E11963D9AF05B3D7AF8A5BE48C0A9BEBE
:100AB0006DF6313E806C8C3EF9ACF93D8F7CED3D9E
:100AC000BEE06DBD31442D3E69A0C7BC0E7BA43D88
:100AD0005AE13A3E8B1781BD556801BE3A9F853C6D
:100AE000FFA59D3DCB8AE13DE78E28BE5B8C403E55
:100AF000C6FA36BD9D23543E6286B33C1B4BAFBC49
:100B00000B7BE2BC7786B53B745D9E3EF91034BE2C
:100B1000720458BDF8157ABCE902A4BE213E7DBE20
:100B20008123BFBD214E3F3EA13C833D149EFB3D32
:100B30007BFC683D1DC6783ED0094DBC1DFBF7BC53
:100B4000C18F6C3DA754E0BD4ED74BBE3A6351BE3A
:100B50003E2EFFBD83B760BDFF69E63CBDB4FF3AE2
:100B6000E711A1BC7BFCDABC9EB65DBD8243C8BD6B
:100B7000A0EA6B3EEDD438BBE1B03C3E538D9ABE4B
:100B800089DBD43C1F00BCBB4682F0BDD27D68BE71
:100B90009A70C2BE36F3633D4E6BE43B6012B53DC6
:100BA000DDAEAF3D5F6F453EC5923DBD0CF567BE06
:100BB000E20E62BE7A7FB0BD047C4BBE69A950BE16
:100BC00079BA1ABE05627CBDEE72BF3CC2BAFEBCE9
:100BD0008E9F263E04322DBD061F203E6EF22ABD9A
:100BE00035FE09BCF3C57E3B34F8AB3EF48A403E8B
:100BF0007B9E933D3B38533CBDFEBDBDB78A43BE93
:100C0000775BBDBE6F4A3BBEF30CE3BD91D6ADBD75
:100C100007A4DB3D265B25BE071420BE83C994BE16
:100C20006250ABBE1528B9BDA9A7C4BD2FD03DBE2B
:100C3000CA5346BE340C0BBE65BFE0BDB75B63BE96
:100C4000D149EF3C0BB937BD05C50FBDF8EF2ABE42
:100C5000FCA8BBBE8B1055BEDDF1123FE4EB453E58
:100C6000EA7D5D3D6A164EBD8ED1073EA8BDD73DDB
:100C7000B55766BE641DDCBE1F6FE8BE58079BBE3D
:100C8000F969BDBDEEC179BED153C5BE143A7BBE74
:100C9000F4D36CBD256AE1BCE336603DD34318BE96
:100CA000D44F32BE7CD8E4BD6985F8BD8BB508BE93
:100CB000ECE262BD392D03BEB08EE7BD217488BD64
:100CC0003BFDFDBDA43CC4BDA23AF03ED6B66D3E90
:100CD0000F053EBE0ED924BE1D11123E264F41BD4A
:100CE00094EC92BE8AAC00BFFFF139BF3F410BBF0D
:100CF00064290EBF3599D2BE576159BEFAEBD9BCF3
:100D00000C2E1C3EE5C3B33D0CA08FBAF12CD0BD18
:100D1000C7736BBDA403F1BDA2FEDEBD7F7793BD9B
:100D200009AE53BE9485FA3C3105E63DA143393EF8
:100D30000ECF093DE041D43D7D1CBB3E52B6A73EDF
:100D4000D8AB613CDE2424BE98E750BC3CF9DEBC45
:100D5000B9046CBE098FB4BEF03B0BBF689003BFF3
:100D60009E0BA1BE48EF91BEA9EA9CBD33D2783E4E
:100D70003CA6763EB590013D95AA80BDA3BFD4BDEB
:100D8000E03DDBBD5CFDDCBD5EF6C03CA98E98BDE0
:100D900017AA99BDFB70C4BC9DB43ABDC40E10BC6B
:100DA00060BE47BD53FDE03C55DF373DEB2C183EA0
:100DB000009211BE018A83BD4957D7BD682E85BCFC
:100DC0000CE6D03DA38AD7BD340BC1BDE18520BE62
:100DD000B80591BEB27EE9BB73DE363E2DB8453E06
:100DE000B5C83A3EF517C93DAD85063E50BFA9BD11
:100DF000B20154BD23092DBE9815DDBDAFEAA9BED1
:100E0000424A16BEC005573C4AF8DABD526D78BD5D
:100E1000C717353D7F83CE3D4C0E89BEE379A63D95
:100E20009AFCC9BD4521C23C7500433D42EBD13D12
:100E30000CA3473C06D752BE3A73E9BD6C6385BC30
:100E4000C758323CB7338B3D45720B3EFF59803E4D
:100E500031D94C3E0CA93A3ED9C6DC3DE96A253E63
:100E600052971ABC08DBC53C945C90BA47CB56BE7F
:100E7000F1970DBE02800DBE9FF914BEFEA0D9BD34
:100E80004C0599BE153F183E5616703D416A1ABE74
:100E90001D2765BDA51CD5BD267F993E61A6593E7F
:100EA000FE4FC5BEF35274BEF21588BD94BA03BDA1
:100EB000AC3FF33D06D4033E8F9F563E0190223E49
:100EC000A3B4863E5BA73E3E43FE233EAC7CE13DA1
:100ED000C8D3443CDACDC83D05893B3DA55DC33C44
:100EE0005BAEAEBCF5A260BCD3E91CBE1E6F12BEE9
:100EF000329EA3BE154E0F3E1FA399BCB65037BD00
:100F0000016A8FBDBEB8473D4B076C3E8063F13D23
:100F1000E8E867BE72601FBE322B313DC9B13E3E6C
:100F2000E131D13CF665083E481D253D34050C3EB7
:100F3000B421703D979F6E3ED23F133EC1BF263E07
:100F40006F218E3CEA47BC3D4AB1F83D0AFE383E6F
:100F5000B79FA53D26D929BD45E2D6BD470A1EBD8E
:100F6000DA563FBCBB5B153DDCB2A9BDFBCBB9BDBE
:100F70007FEBEDBDDC56BE3CD282EF3D667CAC3DE6
:100F8000A00D66BD878F32BE25598ABBA559983DF5
:100F900007CE81BD02B94E3D67B478BD53C9B13C9F
:100FA00061E5F13D0CD5113EF80A973D7339CBBC94
:100FB00082C4693D5584953CF6508E3D80F85C3E78
:100FC000B8D898BD5C572BBEF46101BEF635C7BDDD
:100FD0002BF43CBEA15D1B3E8CF31BBEA8DE0F3D77
:100FE000A057913C80DE0FBA1C8F51BD01EA463EEE
:100FF0008F857F3D7F4CCC3CB2A1183DB1D5173ECB
:101000006953053EE9E70D3EEE84A93D6E79F1BCDA
:1010100031D7333E600CE33DEED2EB3DD518B53D04
:10102000110EAC3D388216BD1EB5493C60B8D53DA9
:1010300056BA48BDA28188BCF41FF23D6778EA3DEC
:10104000E33310BE96D1C13DE9F500BEFC389A3CB1
:10105000488812BC349ED33CE8714A3E409B2FBE68
:10106000AFEA6FBE86B391BE448440BE5B231CBE14
:1010700044B8BB3A0FF5E93D5BC8C73DC2DDF43D5E
:10108000C4618D3E51426D3E440B273EC6AB77BCDA
:1010900012FCF83DD22EC13D15E50E3E5A7A953D23
:1010A000D3C29A3D77E40D3EB70D3F3E9869F13CBF
:1010B00036DC803E486D643E9431BF3DB56D9B3D4E
:1010C000581D2DBC283C95BD7A6353BEAFBDD43CA2
:1010D00042A285BEDF5C1EBF9C68BE3DD9051FBD18
:1010E0003022A3BD2AC9B73D818CAA3D613DC53DD3
:1010F0003A49A6BD2978D13B8422C43D2F357F3E95
:1011000079A8063E4668563EB65F6B3E15930BBD0A
:101110000BA4B2BC1D72463C1294293C7A3FE6BD3A
:10112000B9EE1ABD9B47ACBC659174BC1C73813C85
:101130009488F1BC651C973D4F47863D199792BD39
:10114000902400BE53E7B2BE3A98B7BE0E8FDEBE03
:10115000FBBA83BEB3D2EABEF97C89BEA5B02CBC73
:10116000C5E859BEF8121CBE89BE88BE9B0257BE98
:10117000BFD83EBEC13541BE61A6F9BD77E34D3E45
:1011800051C7F7BD7D9067BEA9DBF53DC767023E3D
:101190005D902E3D6500BE3D5BD2813DBA8A31BD7A
:1011A0000026B9B9280F8ABD6E490E3D585608BCB5
:1011B000B381253D84901E3E3EBC41BC2987CCBDF9
:1011C00004C383BD824EC3BCF5210BBE739717BE0B
:1011D00035A85EBE4CCD7F3DCA668EBD238F5DBEF9
:1011E00036530FBE8A0C123E1BFC6DBE651DD13DF1
:1011F000C4DF70BC2EEF9EBE308884BD62E0083E26
:10120000652FA23D8FB004BDE3C4A53DEE0292BDA3
:1012100071E6A93D197D893D6DC39D3DB02FCA3B47
:101220000C2192BCE862A0BC4EE2BABCAAAFE6BCFC
:101230002AFA05BD0027C8393AAD103D9809E3BC2C
:1012400019319C3D0AA2A53D4F4896BDD3740FBDF0
:10125000C327A63DD82E88BDF604D5BCB838ABBC94
:10126000F488F83C008F013D579D28BDD83DDEBC79
:101270006EA02A3D06513B3DBFC645BDDC2185BD64
:10128000AA9792BD76F3423D8DCA9B3DC049F23A82
:101290001A78963D9CB4833DAAC5B7BBABCDD93D6A
:1012A000F274D13C4D8FC63BA3A3A23D198EAC3E38
:1012B0005968D83E8FB68A3EA1B53C3E3963DB3EC5
:1012C0001A48B93E60E5F93E6837E43E31D4473EFE
:1012D000C449143E9EC79D3D35F6F33DF9F4993D52
:1012E000807744BB3CFEAABD52D464BDE342923D2C
:1012F000686C0A3CF00E883C357E75BDC73D083DE4
:101300006651293DF3E1503ED46F7D3EAFACB43D14
:10131000D339033ED308023D86828E3D90619A3DCB
:10132000B555D93E93A0043F18153F3F75C1DE3E29
:10133000FBA5233DFAA7413DE13BBD3C0CCBBFBD26
:10134000CA6EC5BDC0B322BE157FA7BDEDD6F3BD25
:10135000787A8A3DD78A88BDAEC7493DF023AF3B36
:10136000D0F75C3C9E12743D9B5C733CB2F7B63D7B
:101370005A014E3E61426B3B5D975B3D521B873C81
:101380005F593C3E89A8113E521C08BDEF9E26BD08
:10139000406AD83D22B4B53E68FB9A3D5F1DDC3DF6
:1013A0009832363DE2C853BEFFDD46BEA5008E3EF4
:1013B000AAC78FBEECDE80BE7CE15BBE3F6D53BE34
:1013C000B1D140BD71CDA8BD51CD41BD23E88E3D09
:1013D00020D6AA3CC4D85ABDBF24FF3D1D2B4BBE0E
:1013E000F16EE33D9098F7BC620F39BEB30D82BE3B
:1013F00030E53A3E725A9E3EBEEBA6BC6A3B8DBBC0
:10140000D5C517BEF34381BDA0DCACBD2553F8BDE7
:10141000BFC137BE9F5CF9BC92BFECBB1777B73D2D
:1014200005B94CBD841292BE3212FEBEE236CDBE6C
:10143000488D56BE9DDB083E1647823ED7B21F3C04
:101440000CD0053D94E01D3D2A10C63B1A28DCBD9A
:10145000D18AA33E8742A93D8D295EBDB65E29BDD6
:1014600043A0263EBD2A073E4BE3A1BD0355BCBDAC
:10147000C00239BD1C8E67BD814917BD0B1A64BD02
:10148000EC1216BE6DF03ABC1B3D79BD4174D2BD65
:101490005A777FBE9F366BBEF79FDDBE0BE39DBEC6
:1014A000A6CF48BED0D8EE3D98CC0D3E41C141BD3F
:1014B000285EA3BDB302F9BD58592DBD84938FBCDE
:1014C0009E31703D44E0373CEEB5423EACE0803E9C
:1014D000C070173D07DDA23D698E8C3B37AB113ED6
:1014E000C9B0E23DE6F0A43DBAF9E5BD0B77CDBC4D
:1014F0000833E4BD4C68543DC0583E3DB34EB6BDC4
:101500003D4EB33CF517FFBDF308A0BE2EA98ABE21
:1015100061512CBE8C701EBEE93149BE3A96AABB01
:10152000B46021BD83445D3E77FC6A3D9204923DE8
:10153000FAA6823C4A8CACBD00AB773E6EA8AF3EAB
:10154000F3BEEC3D6583603E9863723DF3A78EBBAE
:10155000A6B1023CB68DCEBD5FED883D1052693D0F
:10156000ED2428BEC33CF0BD4BE0F93D53FFDB3C0E
:10157000FCA29C3CC6CFD73DACE2A7BD3E7871BE75
:10158000BA4301BF0CBBCFBEAFB512BEAF6FD63CE6
:101590009648B73D059AC93E0D74FBBCA3408B3EEF
:1015A0008785ADBDD7274A3C30648C3DF9C04F3D9F
:1015B000CDB93F3D01762CBDD8330E3D884676BC73
:1015C0004D84B73D008F473C2563973D92CC2A3D23
:1015D0006DF0E9BDFE62FABD9DDAB7BD4D05963BE3
:1015E000D664EB3CB5A524BDDC04A7BE611C97BE48
:1015F00014AA7DBECD0A5FBE3F50B5BDC99E66BC74
:10160000E9134C3DFCAB713EB7A4733EC3F8EA3E10
:10161000563E873D2630EF3DE161903CF20F0B3E98
:10162000E683D93CACFC52BDF421C9BCA89D4BBE9D
:10163000B5BEC3BD975C13BDD517E53DB4C4EC3C46
:101640000E3726BE66CD9ABDA5811BBE03FB623C4C
:10165000D2E0C8BD44A7F93CB887E3BDB803AFBE2C
:101660001804AEBD0514F2BCD053243E48B08E3EE3
:101670001ADECA3D2C46453D1FD3B23E63E9D2BBBC
:10168000DBE21B3EE529363D1175C83C3FF11E3DAE
:10169000E063003B1AB596BDC4A38E3C6497C2BDFF
:1016A000D49125BE8983183EA8EB46BC076709BDC7
:1016B00055DD263E87710D3DBA08E0BCD6EB86BDF0
:1016C000AB3BD8BD40CA95BD5330E5BCE5B04BBE81
:1016D00092498ABB6528CDBD2976A63D14992F3E37
:1016E0005AF9F93C1A93903D998A573E0EA58D3EC2
:1016F000C4E0193E271715BCD96D243AA604B53DA0
:1017000055BFA8BCB1647CBD6AAA89BDAFF03E3D9F
:101710005C7501BE3784563D3432B43C12BCC8BD42
:1017200049430A3D4B9ED13C351E183EC91AFF3D28
:10173000911D853DAD29B4BDC53FF0BB88E6EDBD2B
:1017400017FE98BE56CAB0BEF22524BE8C07A53E31
:1017500082F7EFBCFA08373DC8AD593E627A473E82
:1017600080207A3EA1B52F3EE7CCD3BD88E20C3D68
:10177000F2AF163EDA57053E31408ABE359C2BBE8D
:10178000ECA77ABE44494DBE940C95BDAA1BAB3C58
:101790004C7DA8BD5B0D083ECEF5F93D4CF7733D81
:1017A000B30D01BD3C3DE3BDC33380BCEB061CBEA5
:1017B000BBF215BE156F4CBEFAC464BE1B35C23EEB
:1017C000871AE63D2443E63CB2D0623E6E3D793E48
:1017D00090CF6C3EDF7DE73DC5E3EC3BE34F4DBD75
:1017E0002B366CBD72B9BFBD1223F7BDEA1FBABC60
:1017F000B75E2DBE08F893BEA017D1BD14DE18BE8B
:101800004D8423BC5DDBBC3D37965C3DB5DB5D3D67
:101810004A33B3BDB652C03CB1C06EBD5C2ECC3DA8
:10182000916FDD3D593B1FBDCB8D0FBE51EF34BCD9
:10183000ED1686BD51F3B0BD2E45963EB574863E7D
:10184000CF38853D559E94BDAEFD37BCDF984DBE6B
:10185000C4FF29BEE7FBFFBD42D1DFBA1E520ABD5D
:10186000832147BD7C8883BDB6D19FBD8C10DABD76
:101870004EA9493D1D14233D33A32ABC168E903D2D
:1018800025E580BE2F5A1FBE87399E3D91F2E03E6E
:101890004CE0553EAE21AB3D5ED7253EFE252E3DAC
:1018A00054F6263ED3B3F0BD13F087BEABCB11BDCB
:1018B000C99539BDDEDA1DBE5E84873C8B1018BE2B
:1018C0000654E4BD42FF5DBD064A51BE32B386BD3B
:1018D000AC819FBD7DEF593CF3A99E3DE8B7B3BCF9
:1018E0009205A83D886D40BD8BE168BDF3E0BBBCAF
:1018F000480747BDD950FCBD01C9F43D024F643EC5
:10190000D7B0293EAEE17A3E0C6DD0BE6BB3FEBCC3
:1019100030DAA73E200FC7BC7885B73B32CA60BD1E
:10192000342E593D48EBC13D4D47B53D23B155BD22
:101930006543E7BCF546F1BD9B3795BE10CF72BE3F
:10194000741973BD50AB0F3D0311513E1482243DF9
:101950003DDB183EC23E493D0D74BCBD860325BC2F
:10196000B6DC02BE60014C3DAFF0243EB173F8BC62
:10197000F10EF23C808C853D3DE88FBEC96A7EBE8B
:1019800048609BBDE0CFFDBC12DF693DCEE637BEAF
:10199000E1E38DBD83C3D73BC1B527BDCF65A8BEED
:1019A0003E9FC4BE9A0613BFF5D381BEE60D473EE7
:1019B00067416F3E509DEB3D9A65923EC3CF453ED9
:1019C0007136AA3D3AC452BD68A6EFBD782563BD05
:1019D0001EE1853D3DDC413E857A763E263A103D4E
:1019E000B497A83E9B40543E36AADCBDF185C0BDED
:1019F0002E367D3E8FFF9BBD0A056B3E70A41BBE3D
:101A0000564F76BEA058F4BDF5992EBE2EAD80BEC1
:101A10006019F7BE0AC12CBF21F305BED86E583E2F
:101A20002A93823ECBEF0F3E3CFF053E0A864C3E9A
:101A30008D1944BDE8D205BDBEC3BE3CEC06713D68
:101A40005D32FCBCC2DCAABD769A113E52FBE6BDFB
:101A50005A35C0BC40B45E3E6C94AE3DD5D037BE66
:101A60003F462E3D621E753EBAE4423E1C49D0BE42
:101A7000C19D12BD886361BED7044A3EC94FA1BD56
:101A8000896E3DBF4FB302BFE1155A3ECE8D0D3F6B
:101A90006A8FB53E72F2383E818D403EA7F5143E06
:101AA0002329253D2AFB1B3E47D4443D0A48D73D08
:101AB0002FB3EE3CBF7F703DA7B34D3D41BA04BE8E
:101AC000C9EDE43D1AA4D13D96E0B0BD7335F5BC37
:101AD00083E7A23D751DE03D274082BE90A8C9BEA8
:101AE00049D03FBE7C2150BEA1BD4A3C04558DBDAE
:101AF0009184F7BEDA70DDBE15357D3ED7290C3FE7
:101B00004CFB953E8739513EE4CA343E9D8A133ED4
:101B10004C150D3EAA42083E78F32B3E0811C43DF9
:101B20003A6B75BDBA87FE3BF32042BE01ACDEBD09
:101B3000362C2D3EEF45BE3CF2650E3EF39132BD94
:101B40004295943DAF47823C498CABBEEE057DBECD
:101B5000939F68BCFD69F3BD036322BEB11486BECA
:101B6000A1C16ABE689893BE28013CBDCB002A3E45
:101B7000C389243E837971BC13324E3C280CA43DAA
:101B8000A035203EF0554E3DEC249EBCFA7DB63C7F
:101B900006D942BDBD5B11BE875FACBDCD82603C46
:101BA000C69AE83CCF876A3EC285C63E6EFF553B6B
:101BB00099E4953D18C1A83C6EB114BE1E8D4FBE70
:101BC00050CB0F3E1B4A90BCD6A165BE5854A3BE55
:101BD000D6F13ABEBC4C87BDEF3C3FBE1B5478BE2D
:101BE00048C98F3CDC50103DB727A43D8C60C73DF1
:101BF0008C0ECFBAF7BC063E0C65DB3BAB01C1BD1A
:101C00006BC3B7BC49AC11BE98FF4B3D530418BE23
:101C10005FAFFCBD74D63E3E01D7093EB5F52ABD87
:101C2000CB63983DB08253BC8FF125BE7C55CCBEB2
:101C3000EA2E5ABEE3A0CEBE36FD7BBEB41881BEEE
:101C4000C8088DBE6C9035BDB7BE83BE3679A0BDC9
:101C5000C739F4BD46CD00BE7079B9BC1926493DDF
:101C60003575EEBDBAE29A3D3A7E18BB23F8363E92
:101C70004D82D93CA9C8F8BD32A9513DCCAB88BE34
:101C8000DD220BBFE3888DBD987965BE705F16BD00
:101C9000CDDBA13DCA63F3BCDA985D3ED3D164BE0F
:101CA000FB0084BC477074BE1EC877BE8198ACBE72
:101CB000B5C5B6BED8FC80BE7644FBBDFDAED5BD75
:101CC00002218FBD3BA8D5BDE25CFEBD92C676BDAC
:101CD00037A603BE16AA44BE489C41BEA9BA8D3E93
:101CE000C1B489BCFAF376BE506697BEE5B7D7BEDD
:101CF0002B027CBDB12004BD4DE77F3C88AA54BCBB
:101D0000904B66BD6810043CF98761BED91D213E29
:101D10009D1BE43DAB1E2CBE894D19BEFA5F42BE31
:101D200069C1923B02D9AFBDDF131DBEBB315DBEA1
:101D30006A5898BD76E386BED0F2F4BC810451BDEA
:101D4000E0E682BE507B25BE1C9722BDF153803E4B
:101D500033DAE73D3980ABBE2BC7FCBD5A4771BEB5
:101D6000FA6984BEE2CC523C7406C03CA4FAE43C5E
:101D70001411FC3C088F8E3C2B7AA83D3493E7BDB0
:101D80005E692FBD621E0CBE350935BD97F912BDC7
:101D90006B60EE3DFF179C3DD485A9BD460B21BE6F
:101DA0006AFB04BEB739C63C975907BE1F12C0BDB7
:101DB000295940BB1ABB27BC0BD75A3D2819083FED
:101DC00068C6DC3DE7FC91BE46240B3CA3A7E4BCFF
:101DD00030D37EBE0111183C16B6BEBC02212B3D8D
:101DE000D16C973DDAF87B3D4E3B12BD65369F3D89
:101DF0005EEFC03D185BF53D71EC833E99607C3E23
:101E00000704A13EE93C103E84BC8A3ECA91903D45
:101E10005EF8B83D0A38E03E6541D03E15D5323C0B
:101E2000ED7B913E0CCCC23E91E2F1BCA9E7933E22
:101E3000CDF0383E965EBABDB686BDBD0E57F93DB3
:101E40001C160CBDE3A346BDD04BD83C508689BDC3
:101E50007854D83C2AAE023DC0A88DBD66039BBD18
:101E6000F843B63C5C88FDBC2D43933DB83A88BC32
:101E7000443CE2BC792DA1BD3F169F3D2A5AB3BC1C
:101E8000F6A5BA3C6A9189BDE3C62E3B17C1693DF0
:101E9000BDBA8D3D83732EBD3D60A03DF47CA1BDD8
:101EA000B6E43BBD6A46CABCD25E2F3DB0CEC83B4D
:101EB0005EF3593DE4F603BD8D5BA53DE434973CEC
:101EC0001E8F61BDD38A1DBDE8340C3CAF392BBDDC
:101ED0000ECCA53BA3F938BDFCF714BE52717EBEF3
:101EE000227D97BDDEA65FBDF34AA1BDDED28ABDCD
:101EF0001685B6BE37014ABE4BD11DBED0DD74BEBD
:101F0000AAEA47BE45AB98BEF8F130BE84046FBE66
:101F1000006652BE424E6BBE3A8738BE82CD34BE9A
:101F20002439EC3C96BE423D8CC0193D8F1D90BDBE
:101F3000D8AA94BCC0D8D53B6045D53B910C12BD06
:101F4000B442BFBD6A5CAEBD0B242DBE7C1238BD51
:101F50000C6085BEDED24DBE2A98BBBE2778BCBEC3
:101F6000325ECFBE6A4291BE535D363D2490153C31
:101F7000163CD4BDF1E728BE794BD8BE528A9BBE31
:101F80009DF6B0BB7933833DFB828DBE124AA1BE64
:101F900084DB58BDDE28633DD8AC1ABC70AFACBB47
:101FA000609FFA3BD4A7983C3466E9BC372F4DBEFE
:101FB00082BB61BE47A149BE6219A0BEA591A0BC6B
:101FC0009CA4A1BDEE9FA0BE8F0CD7BE2881B3BE3E
:101FD000B182CCBE616CA1BEEDC1533DB68870BD6F
:101FE000265C92BB7F3F6B3EFA430D3C5AF52CBDFD
:101FF0000BFD803D15BF733CB2AF95BDE1D07FBDF9
:10200000EC23343EAAA1D23D584BA23DA61E543D1E
:10201000D58AA13D28BA783D07A21B3E3C52D3BDCC
:102020008B237EBE964DE13DC6A9913E6116EC3DE7
:1020300048BEDE3D8AA57BBD25239DBE9F3904BEDB
:102040007D809B3D32BFE43D067E3ABDF8A67CBD57
:102050008212E83DA8C7623E12CF303E998D3BBD4B
:102060002904413E6101233E0183CB3DD881EB3DF4
:10207000C22749BD859B5F3EEC9E8BBE2230A5BE2C
:10208000C9EA9A3DDA2368BDFBC734BD535D7C3D88
:10209000AF6C2C3DC23AF63D0B34033ECCE293BD0F
:1020A000C583C33D73CD19BECCDB243D1BA1953D3B
:1020B000153E08BE3A3413BE25EC98BD3B5B89BD86
:1020C000B19972BD395C233DC480923E2220153EF9
:1020D000349B0E3E8B202C3DFCB2E73D10EB703E56
:1020E000E381F7BA18D4283EA2B8A0BEC1749ABE44
:1020F00000D5C3B92B9C32BEF67981BE15A16C3ECA
:10210000FEA15CBD60B468BDCFD6893D2391043D7E
:10211000DB1A173EE5C3D73D89E6D43C517BF5BDBC
:102120001A9223BED073E0BD1FD70DBC373018BE46
:102130001743BFBD12F49F3DEC02383ED2D27B3D27
:10214000343F183E3CC86B3E409104BD8D150CBE1B
:10215000AB3391BE3FB98B3DD780EFBC6E956E3DE2
:102160007346443D2E7698BE3E0583BD1964B23E4B
:10217000AA96CDBDCA126ABC992E9B3D7DDCC0BD1E
:10218000AD0639BC97AFB63DCAD1ADBD1F3EBEBD91
:10219000AED48DBC31CB26BDE6D5E4BDFE8ACFBD25
:1021A000CD92393D60082F3EC2B1CE3D93D1453E20
:1021B000328FAF3E4F60513EEB87C53B281246BE83
:1021C000ACEFA7BEB82B9ABEE628E2BEF3EE603DA8
:1021D0001A48DD3CC60162BE2EF9B1BD8529923890
:1021E000E7FC4A3D5BF476BC8F1C19BCF2FC203D39
:1021F000D451823ECD659D3D079D42BDD598ED3DB4
:10220000553B11BE12FFF8BD486B7ABEF051DABDE6
:102210000837803BD9BC793EAA12BD3E4D3AA73E55
:102220002FF2AF3D496B3F3E0119B8BC188649BE3D
:102230003E6733BF79BC2BBF20C8B5BE9754EFBDF6
:102240006BA1FABC10B927BEE1B292BDF6D59EBD16
:10225000E246ACBEB03C1ABDC0C443BEECB9EB3CD8
:10226000A7C1573E3D19803D3507D73DC29BB0BD44
:102270007E6A3FBEABD92DBEF832DEBE34E2D3BD9E
:1022800078C8433EE6BFA73E2190BF3E7B2CB03EC0
:1022900099CBB43E85690D3E574153BE9A9D44BECD
:1022A00071BB1BBF22D31EBFC1AF14BFB8BD2CBDB5
:1022B000498E11BDD065C7BCE31C8DBDCB4A883D9E
:1022C000CE828FBEC2AE383BEE9E0FBE505CA03DAC
:1022D000CBAADB3D28A5D33DBB1DA4BD2CAAC3BD05
:1022E000B20145BE1283C3BE07C2ECBECA0B8DBE8F
:1022F0009F44B23D1780F43E6CAE803EE542483EBE
:10230000B5961D3E5207AB3D34449E3D2CB4C1BE34
:10231000E20E3FBFDFE33CBE61D7ADBE9C1FA0BD58
:10232000E77FE23C57FFD3BD27C4DCBDBA4D53BEA7
:10233000C9556EBECF8EE9BCFBA016BE679705BD22
:10234000E79ADF3D2357CCBBA643D63D9633B13B3E
:10235000020BC2BDBF9461BEA8BD7EBE8C051ABE75
:1023600008A7DB3CB19BCF3E05AB7D3E32668B3E82
:1023700094A88A3E6A9E273E48ABBE3D8E76C8BE74
:102380002FF72CBF80AB3A3D9EEA96BE7F5EA13C04
:10239000723D24BDED3150BE6CA68CBE5CF283BE96
:1023A00063EED63C673988BD31AC09BDFDD169BE4D
:1023B00065164DBD6BD07BBD6EED1B3CF59745BDE5
:1023C000B9D58ABD5B5410BECBD714BE9BD706BD12
:1023D0000322F23CCA57B73EE9355F3EDD434A3D32
:1023E0007DB56D3EC228383ED1FCF63D6839CCBE85
:1023F000BE1C08BF7696CCBE26255CBEB6B0FE3CA1
:1024000032D216BD347EC3BD668E9EBEC9C79DBE88
:10241000D2CAAA3E4790EC3C9FEB99BD2F62223D69
:1024200023D1B1BC033C3BBE334FE03BAE3200BED8
:10243000F1D159BE8EE13FBEDBFF2BBEA90FBCBD63
:1024400068A6A5BCE948613E2C124F3E4B4A103CA1
:10245000EB7EE9BCF0623B3EBF611F3B7400CFBE28
:102460009F6DF8BEB42BA4BEADFE0CBD1ECE8CBCC1
:10247000EA9B51BEE010CFBDC7926BBE99FC15BE62
:10248000AFE9CF3EB5EF7DBDC868E83D0C347D3E79
:1024900075255F3D910531BE80CE82BE7350E2BD91
:1024A000C4650CBE5A442ABE1EE862BD05CA00BD02
:1024B0005521CD3D20FC1B3E4794383EF26E203E18
:1024C0000976093EF42D9A3D61017D3D1AA9C8BEE9
:1024D000840BCFBE4780A03DDE04A93E756DA13DB3
:1024E000F1A7823DAB4DBDBD4C8A30BD721AACBD6B
:1024F00083C2973E8243A6BD145FDB3D3A8BCB3D42
:102500004385743D672AD6BAE91D0D3CA1C517BEA7
:10251000CB2936BDBE9B37BEC9480ABE8952123E82
:1025200016B7133E0A7F173E83F0F43D3178DA3D4B
:10253000E54619BD3B01D2BDDBCDA63C58982CBE6B
:1025400024E0BCBE8633623C23F9C63E97A9E03B3B
:1025500071909A3EC4ADC1BC511E22BCB0FE40BEBB
:1025600004F4B43DC94F54BE589F423C5EBB1E3E6E
:102570003EB9993D8D3F7BBBDC3B86BDF1F36E3CA4
:10258000B23334BD9AF16FBE5900CCBD3C8769BDF2
:10259000D85326BDFD752C3D9D9615BD255A27BEE9
:1025A000948E86BD59D427BE25961ABE853C72BD31
:1025B00051EC9EBDB63D793D34B1AD3EF5A4C23C73
:1025C000EE6C04BD8A1528BD0F6F263E246746BEFB
:1025D00070CEF1BD71DA71BCFF320E3DA4DCF43C6B
:1025E0008B201A3DACA7B3BD1F9CCCBD89EEBEBDF0
:1025F000CB53A5BDFD034ABD9E2401BECDBAFDBD92
:10260000835A0F3D5A18D3BD8837EF3CCBF7E0BD56
:102610001156E5BDA97CD7BD1D9221BE9A6E4DBD58
:1026200075DD8ABE1914FA3D9D58923E2E325B3EEE
:1026300011DB2E3D8F7D4E3EE9B3F73C55CF15BEE5
:10264000E221A1BDFC6693BDE710C53B837DFB3C49
:102650002239FA3D8F6DEABD4187E6BD3DE0A2BD5E
:10266000949206BD4EECB2BDCFA620BDE85053BC3F
:10267000B69B55BC98EF91BC7DCA1C3DBD8150BD39
:10268000C2903ABD453727BDEF40A1BDD5DE6CBD38
:10269000E0B749BE087CED3DAEEF9A3E4E82E53D87
:1026A000C0E156BD262C5A3E042C09BE0F803DBE0B
:1026B000AB05923DC3411F3DD1260FBEC4259E3DB3
:1026C000FF0B85BB37CEFCBB11CBB2BDA0DB97BDEA
:1026D00071BF8ABD45A9763CAE2837BC4B9F5A3C9A
:1026E0002E16323EBE25C2BD149838BD9310983DBB
:1026F000775427BE2555103DCE85513D16D5163C45
:10270000640925BED97BA63DD51D033E3B8CC53D46
:10271000A2796B3D77906A3DBB0511BE8293DEBB0B
:1027200074B7C53D264F20BE43C729BEFBC9133C25
:10273000D7C45EBDDAFB05BE8D194D3B20D8D63D12
:10274000D4F4463D8FCF793D9850F4BC685923BDF1
:102750000A02ED3D1637B83D1A8ACE3D642548BDC4
:10276000253FACBCE4C0583D27873BBE1D70503BA5
:1027700028445C3E4277503CF939F03D1124A0BD1D
:102780003A12C7BDCC2C7D3D4D91CEBCF3CB20BBC6
:102790007B13D4BC49648CBCCBC00EBD2150DEBDC4
:1027A0005BB9AABD6DCDCCBD311CA3BC191F23BD27
:1027B0005E59183EF08A653D5A08003D546208BDD6
:1027C000A461423E270424BDD65D73BDDD8DEB3C84
:1027D000A9F59EBC2695A3BCC1A0563D0CAF24BC58
:1027E0007D4CD43D0AC736BED57A25BD2AB738BD43
:1027F000B0CDF43CE05D083D5BA9D23D84C221BE72
:102800004E8F6ABE2F5D8DBDDD11633D8AA2ABBDCB
:102810000B30A0BDB769E6BD526B573DF08E733DDE
:10282000A1E3A6BC1102B63D4ADCBE3CA725C63CCE
:10283000544159BD09DE9BBD2BC872BD6B028B3D57
:10284000E27AD3BC025ABC3C592B5D3CAE8A173E9F
:102850001C16243D156C06BE4FD2FEBD4CB7A83DDC
:102860003C83D7BC9EC6783D203749BEBD0D43BED4
:102870001A28B1BE6CAE28BE645C55BE1A8C6DBD04
:10288000F95C75BD7BDA94BDB724E33B46781ABD8D
:102890003AB5E3BD91F33FBEFC59D33D7F6103BD23
:1028A0001888ADBD4A9515BE7619E43C5A9ADABC33
:1028B00019851ABE78B23ABD7C2F3C3B5A1D2B3B82
:1028C000B6CD983D7C61BEBC626604BE45995DBDD7
:1028D000DA598DBD587D2DBDF6F1CFBB3F6A2EBEB6
:1028E00002709E3E0F19563E0A17DEBD79194F3D04
:1028F00085A0BF3C2D01363DFC318D3D6BEA173C78
:10290000755C0DBEFCEB89BEDA7BD8BD86A52BBEFF
:10291000EC0B06BE63FEA23CEA3003BEEB308DBE7C
:10292000B51AC3BD551DBF3D3FCBB03D4157713DAD
:10293000B8EEB23D73649C3E4DBF13BE79F94CBDF9
:10294000AAAF9BBD7C36BF3C00FE66BC9DE09EBD31
:10295000DE0E6C3E4A54CD3EC824B6BD197C15BE71
:102960009474393E2DAD003E94D7EC3CFBC9BB3D81
:10297000EFB1F13C2A5816BE003BBABD1D6C16BE25
:102980001C3FF5BDE2D0CDBD538126BE0F122BBE3C
:102990009532993E22B62ABD08E645BE1CB39FBDBE
:1029A0005FBABCBD8FE942BC0182B7BC7816233D3B
:1029B000720E723D622E03BDE099B93C0DCD983D7B
:1029C000ABCA5D3E8CF0C63ED9B0063F9BC90A3FFC
:1029D000AC018D3EE962F83DC6338E3DD00951BE53
:1029E00022E02CBE1504A4BDD871F9BD7F98DBBDD3
:1029F000CFB91FBE2429AD3D783D06BE491AA2BEFF
:102A0000242691BDCBBEA73DC3FA363E840DD93EE8
:102A1000C330BD3EBE7CA1BD805DDD3B92FC783DF8
:102A2000AEF1483D54D034BD0CAB87BCE57B973D3F
:102A3000D45E97BDF04318BEA70F9B3BB032EB3D71
:102A4000AE3C823D96E341BE3F88DFBD0C1EF1BC2B
:102A500030928DBD8E3FAC3D8E129A3E01E5D33E45
:102A60009FEB593E02C5213E6AA6193E6B9B00BEF4
:102A70006A0E1F3BD134503EAB1DD73D129F48BE5E
:102A800020FF683CC0A2E13A68C304BC90FEB3BC1E
:102A900076000EBDA7CAA63DA071CB3C22DE85BD47
:102AA000B0CABBBB804EAC3C4144803D5624113D76
:102AB000570548BDC07AD83AE467263D5E5B3A3D8B
:102AC0001DFF7B3CE3AD08BD9814E03BF0679C3DE7
:102AD000AE556ABD357051BD5CBF86BC808A5CBA9C
:102AE000D9879EBD21C220BDA85FF13C74811E3DE7
:102AF00078F1DE3C92C785BD2886A6BCB25B91BD4D
:102B000064259BBC9F2B9C3DC081B03A605326BB83
:102B100092B11EBC117AF6BCCC3F903D4AEC773D99
:102B2000CD77A53CE9F30DBBCA0A153DDBB6563E91
:102B3000F272833E1D34803E5B619B3D3DFBD13E86
:102B4000B2CECC3E0FB7CA3EB9B2E6BD82F1033E6B
:102B500028D426BDF0BDF03DAEA45F3EFEAB823E64
:102B6000C7968E3DC039E83A8A014FBDC0B4883B54
:102B7000DC83DC3CE3D0823DAAC9C13C0887053E2A
:102B80000568413E8F6F973D1792AFBDC293463E99
:102B900082FA833E7C046B3ED0B4A1BB877239BEFF
:102BA0000008A33D78708CBD357CA9BDD13921BC0E
:102BB0006C85353E0191543C3E9B333EACCBBD3CD5
:102BC000135A333D6607433E980DA53D748B863EF0
:102BD000609E313BEF4FEBBDAEF7CFBCA0B667BDFB
:102BE0000096E0BB16DD643DD7E5B0BD504C1E3EFF
:102BF0005B4A463EEFCA2BBEBA09B4BE1A59CDBED7
:102C00005326B0BEAF81E5BC14E30CBEE8228DBEF6
:102C100036E6E93CA1FC783E0982C73C13814EBEF2
:102C20006F3EEA3C7906493D5E4A1B3E207060BD1E
:102C3000053A813DD89F8B3EE6E8C33E49BA7F3EC8
:102C400065C2FEBCEEDA95BEDED903BDA06C72BBD8
:102C5000F093A4BB659F273D93441BBEABA957BE11
:102C600082E349BEF1DCC8BE69AF80BEA5D98FBE84
:102C7000DF37DFBE31409BBE810728BE6BD8C7BDA2
:102C800093A49B3DC14C373C28E684BD290C13BE60
:102C90004A4B693C59E8F83D7C9E5C3EB65A323E50
:102CA0002950903DBEAE1D3E4DD83F3EA989A73E5E
:102CB000F8E4833E56A5F2BC0FC0633E7FAFD23C22
:102CC000B8CD533CFD6BA73D3E0BCB3D2684A9BE42
:102CD000935D77BEEF07C7BEAB80BEBEE2F590BE88
:102CE00044A173BE40F8D8BDB2A928BE36FE523EFC
:102CF0007254B23DC1B410BC3FB09DBCDAB1CCBD82
:102D000097B6523CA5E3363D6ED0683C1C51323E2E
:102D1000FF89D03CDBDB28BC5E21833A3FE0F7BD76
:102D20005B09633E123993BDE2B3D23D5326B0BC7A
:102D3000562713BDE73818BE60378E3E0A3561BE90
:102D4000B148BDBE4F82B3BEC983C3BEA9BFA2BE38
:102D5000C55E97BD141B8BBDA6684FBD884EE23D76
:102D6000E6DF8D3C2BEE18BEBC41B5BDF859343CB6
:102D700029A099BD757C3C3D8CAFAD3DB585203E0D
:102D800087ADB33DA066A9BD2DDDB6BCE772A53EFB
:102D9000B572983EB39A863EB54138BE4C9625BB77
:102DA000EE3AA7BD655DC13DABA91D3E8C97ADBE9A
:102DB000F2993EBEED90A9BEE07F5CBECE66B8BE85
:102DC000C7FFA83B30183E3DC941E33C600B39BE0C
:102DD000EBCD36BE538DDEBDCC1F61BDC8CF38BD37
:102DE00005611EBD1EFF3A3E83B01E3E5B5CE23DA8
:102DF000B8B609BB10AF453C5EDCDB3DEC4162BDC3
:102E00003669ABBD65B4653D9A3B46BE9EDF153E57
:102E10008A79873DC9C67B3E27B8D0BD20F258BB12
:102E200056F55ABDD5E498BEEF24B8BD917C09BED5
:102E3000FDD2A8BCAADA38BBD5996DBD1A3D9FBD9D
:102E40007FE7823B03B5DF3C4DDBC23CB07228BD5F
:102E5000D1B7843DEBFD5B3DD6161E3E5C46813D01
:102E60001EAA7E3BAC4EADBD7E55603CFC63113E60
:102E7000143EE4BC07A083BC2DA8383E9144FB3D22
:102E800051B040BDAF63B53D24FB37BDD590A13DEA
:102E9000E13CC6BD0CBD83BE5D0E303BCB1E36BED5
:102EA0002F58C2BE4EE0BD3CB807ED3C125CD43D8D
:102EB00080FAB93DF318443E0224533E31E3F63D17
:102EC000BB319ABD5038403DCE7C253DD4758C3DFC
:102ED00001421F3C21593A3E215AB23D1014E2BC36
:102EE0004BF0693EC29C8A3EA0E1E93EEBD79F3D94
:102EF00059C13FBDCE51BB3B1ACAF9BB879E14BE18
:102F00002BEC243E456E3A3D34AD8A3D3C854EBEA9
:102F100061874ABC2B7A443E7918563E58F20F3EE0
:102F200021F1473E1BB5653ECB45383EDEDA063E15
:102F3000DAA172BDB7905DBEF38C13BEC50B21BE86
:102F400003F4AD3D40C0623E9050E8BDD21EECBDE2
:102F50002467EE3D689EBF3D6C78773E3BF157BEDF
:102F6000E3D04FBDF26DBB3ABB21F53DD96721BD22
:102F700095078EBD2C7ABEB90327133C9482183D69
:102F8000F5F993BB52C9133E1DFEB5BD58B0853D42
:102F9000A303983D3D5EBF3DA7036B3D4F8DB63DFE
:102FA00054B2C1BD5ABBA5BEBFDE83BEC23ADFBDAF
:102FB000D04F1B3D0F6CDC3CCBEE0EBE4D4B093EA3
:102FC0006FD2063F5BD34A3E69669F3E7CD978BE8E
:102FD000B99801BDB3F60CBE1E585BBC96CC6A3ED8
:102FE000B180E03D073DB7BDF5816F3E9990013E50
:102FF000DB15F53C3743433E22B59ABD6041A83D01
:103000004C7C9DBDB8BB143E7DAE0B3EE34626BC5A
:1030100092977DBE04F641BE136C10BE427DA73D63
:103020002EDE0CBE4EE975BD1444943D146C2C3E4E
:10303000D338B43D2A93AFBD4D10A0BC71C0BCBE07
:10304000EB06CFBC25EE6A3D58226EBDAD104D3E5D
:1030500098959EBC99CA17BB8E53A43CDBDD273DD7
:10306000118AB5BC8EB40E3E386AAA3C61A815BC64
:103070009205323EF9AAF43D82A8B53B86DB283D95
:10308000AE98B7BD122B4BBC74B291BD624295BDD8
:103090003FB764BEEFD690BE382301BEC1231BBE2E
:1030A0007FE60B3CE80A1CBEF66F32BDCB61833E67
:1030B0003BC92A3E8D8159BEC5E69A3CF94060BEA7
:1030C000F8DADFBDBD90153D1B1A09BAD4F5BE3D37
:1030D0005BC6473CD5D6FFBC65BE383E84DC0F3CA2
:1030E000ECAC3A3EBB028B3EF8AB903D6AC765BD87
:1030F0008B814BBD9EC640BC6F79CFBDCB417CBEA2
:10310000C395A0BE8B439ABE0E709CBEE8804DBE98
:103110004AF2BA3D40985FBD7637873EC59F073E6D
:103120001E83A93D75B759BC28EC96BE855C93BE3D
:103130006CFE7FBB50DC443E3DDFA6BD08343D3E07
:103140003FEE3C3ECFB82E3E00F9453DC5AE263E93
:10315000D6D8793EE71E173E9619D2BD9B8870BE21
:1031600098FDBCBDDE7A8FBDCEF901BDDAEB57BD4F
:10317000839C48BEEBAF32BE1E1877BE51B2C3BDB2
:103180002256733ED382233EF9926BBEA820E23DC5
:10319000C00155BE5C2885BDF664F9BE88432FBECC
:1031A0005360F2BD79CED9BDD7BA033E5D8F1D3EC7
:1031B00057B43B3E71D1233EF6491D3E0397423E34
:1031C000A01FA23EBE534B3D92A77CBE22A331BEA0
:1031D000F31781BE4003CCBDAD3B8DBC7E1B8CBDC7
:1031E0000C2608BE3EC1F6BDA67487BD32BFA03D09
:1031F00003B1DDBDEEEF003E7BFEEBBDEA0CEE3E23
:103200003FFC3CBD16D441BE4E8403BFE00221BD4D
:10321000A2FD1ABE1CBA1CBDA3B4DD3D3889E23C38
:10322000BA421D3E959D833EBE4A3C3E9E40C83EEE
:1032300076578F3EA471C0BEA03DE8BE653D95BEE9
:103240001C2001BEDCD860BE68DC59BD83B3D23C13
:103250008DA537BD631380BE02C7E0BC573C7D3DE2
:1032600000AA62BDF6D90ABD0CFC18BEA053D53E1B
:103270002EC9073E792D86BE071ED7BEC76E03BE78
:10328000EAF89FBB2DB4AD3DEC23D53D8E3F2E3EDD
:103290008C78133E1734AB3D6B61823E5E39843EC1
:1032A000468F1DBD844B0DBF87197FBE18F6A23C0B
:1032B0005F9617BEA04A7DBE52EF51BE3844A5BCF2
:1032C0007118E1BABA08AABD111186BD1228A0BCB6
:1032D00053BE343DBC889A3EAF4B36BE29778F3DF6
:1032E000EED18ABB3774C8BB3A4ACA3BA1A2AFBE73
:1032F000672625BAE82FBABDF42CFCBCE03EC4BD5D
:10330000ADE4103E70BC833E0B76A53EED374A3DE2
:10331000158850BE7312D7BE771D74BEA902A2BB1A
:10332000C11910BE49E64C3D97643DBE8D54E5BCC5
:10333000D8BD49BD1532AE3D97A9603E1A276E3EF5
:10334000BC97843EC5D9C73E96174E3D64A579BD4E
:1033500055A79ABD6DB809BC7F86AB3DD56099BEB7
:103360005F6F583BFAF4A03D6C14DF3D6D51BABD60
:103370002D6A183E7F78DE3D5C60923E1B3B0A3E24
:103380004938E5BD65A79EBE5DF605BEB70502BD21
:10339000723DE3BDEADA22BE436299BD34CBA3BDE0
:1033A000EC2DDFBDF78C843DA2AACD3EF70F853E04
:1033B000AFD01D3D62032C3E16EB05BEEBDE99BC83
:1033C0001EF62F3D99366EBE2E71573E1470D1BC3D
:1033D0002181793ED8CFE03DDCFE6B3EA87D703E7A
:1033E0006BA49EBDBE8CC73DC84B4B3DD1AEB13D1D
:1033F000D8BFB4BD508FDBBD199185BD3F66F8BC09
:10340000254698BD2E23BB3B6B14613BAE886EBD39
:1034100023A8BC3DB943143E988C533EEC91273E03
:10342000DBE35A3BC66A713E3399333EE588533D30
:10343000D1669ABD171A2C3D4A2757BCEA89BE3E71
:10344000A4BDEA3DFE54F53D99B7D83D3FC9A33E22
:10345000EA37B0BC688033BDAE39BABB2E22123D0C
:1034600070DBA03D660E27BED09FCDBD03BAA2BDC6
:103470002EC9C6BD5B9648BDBC7205BDD9F1A9BCBD
:1034800032818DBD9AD008BE9339073DF565FA3D6E
:1034900059FDDABD0081A13D0094733E858AAA3DA5
:1034A000806900BB28F6D93C7FEC05BDAD5C0C3EC5
:1034B00056495B3E6C857E3EA6AC45BBA51342BD1E
:1034C0000F92DD3D6F3D3C3EDE2D633D5EFDB0BBAA
:1034D000811E9B3D0FE58D3C4CE809BE3ABAF7BD15
:1034E0002D2A743C60DC883C0E2922BC60252F3BD1
:1034F000CEFE833B626367BECE379ABCCCC06E3DC6
:103500000A2239BEF61C703E15B11C3E1259773D99
:10351000739B853D7B07993D3E8062BE7F78CEBD23
:1035200085B38BBEAC1D28BE754ECBBE7712D7BE01
:10353000CA823EBE0C64E53DBC51163E156F193E75
:103540002884533EDB51333E7AAE10BE0C61D7BDAA
:103550008C0508BE967101BE0277713D4034293D4D
:1035600047B9403C88472EBE008004BEE00A91BDAA
:10357000A9FF18BED82B2EBDC2F6073EC6D14C3DC2
:103580006D44943D90AF6CBCB6EBECBD32EEDB3DD0
:10359000DF8FF3BDF51AD1BE104655BEC94C22BE11
:1035A00079691CBE30B907BD272F7DBDB1483D3DAF
:1035B000279C693E50127A3EE8F9DABD7BA0B3BE83
:1035C0006CF379BE9BE8A73C6241A0BDCB9DB73DA3
:1035D0001B6541BE8FB2D93BAA09A03E91C4753E7E
:1035E000D803543EBF636F3D282E353EE486A2BC0F
:1035F000A08684BB863369BD9441B03C9B60A5BC6A
:10360000F1279C3D2A3BD03D8CA24FBD03BD5ABD46
:1036100077C353BE204D54BE73CF8BBE3691953EBB
:103620001D4EB63E573D423DFD36BFBD069385BE9D
:10363000161A3DBD31683F3BCEF7B6BD3C1AFE3D84
:1036400012DE613E5332C9BCC55182BD4938C6BD88
:1036500022954CBD8D48623DB240763D34ACFEBCF7
:10366000DAB7783DDDCE45BD903093BC2A7C5DBD98
:1036700081E27E3CFC16553D3480793D920FC83D79
:1036800042D2193E686F493D5340B83D747FBD3BFF
:1036900006CBEB3D678FEE3CFBC9483EDD214A3D42
:1036A00050EDE43DA732183D0BA2BB3D72CC883DE6
:1036B00087814DBE3E7BC1BE7D198BBEF83697BE5D
:1036C000207DF9BB8EF46C3DEAAE8ABD130298BD35
:1036D000E0D6193C0003773CF66E57BDADFC9D3D2E
:1036E000367B1F3DC45DB7BCE97E843DCCA729BDB8
:1036F00075A4833D674EA53D21BC3FBDA09C10BC79
:10370000F6E54A3CF7962F3D632BE9BCB20318BDA2
:10371000E2AD303D60C00A3BA32EAC3D52166E3D7B
:10372000DA878ABDC2BC6FBD40D2793B0022AE3A77
:10373000AB5899BD9C8F973C6E56553D7286693D3E
:1037400083B39E3D4D2F973DD0688FBC60AD913CBB
:10375000D50C9FBD746286BDCF3BB1BD3A3743BD2A
:1037600047368EBC85DDACBD5759363D764C983B0F
:10377000B80ACF3B10F0DABDFF194FBC477596BDB4
:103780006A69853C18E9F13BACE5CABD06B0F7BDF6
:103790001F5211BD8674F4BCF25998BD6E8593BC5E
:1037A000A0CE583BF081913C52BDA6BD64B527BD6B
:1037B000341AE33C8276193D8A4FABBDB95F40BDF8
:1037C0004E2FFCBB385EFDBDE0D053BD12AC68BED1
:1037D0001B4C433D16E23B3EB7D4123EBA61933BCD
:1037E00012055ABE4E147EBE0AA534BE2FED2BBE66
:1037F0003DAEF2BDC7D240BEE8B2F4BC64E5BCBD8C
:103800006F7756BD1A60453D189D0E3CC857D03D98
:103810005ED83B3C996B053E602C81BC7C58EE3CED
:1038200063198DBD060F543D97F4D3BC5D0A813CEE
:10383000958900BE286D4D3E1AB9363EF83BB43E20
:103840008168B33EC0516F3E0C6E883EE372D63D38
:1038500016F5763EB6D2533E125A443C068101BE5E
:1038600082F953BEB0037EBE7EF20ABEC22DBDBE3B
:1038700014729ABEFF547FBEEDD8AEBE4DCEF5BEDB
:10388000CB1791BE25F46CBDBFF6613C704E5BBC9E
:103890001E7A52BD18B085BDCC93963D09DFA73D79
:1038A00037E5E63C0C8B873E99E8A53ECD6C9F3E04
:1038B0002FC547BBF9AE283E3ED9BCBD04EC183E2F
:1038C000EAF3173EC2E17B3EB8678D3C443B223EA3
:1038D0006BE45ABE52B593BC97D2F23DEC346EBD48
:1038E0008C09C8BD63EDD83C6F5AB33D4938883C5C
:1038F000C08725BD4A86C73E298CCC3E2DD416BE36
:10390000957D04BD088488BD7706A8BD670CCE3DB3
:10391000D671633EC0E3043F050DBD3ECF615CBD83
:10392000507F58BDB81DB63DB815F7BCBE8CD13D13
:103930001CDE0DBE533FE03D9B19D93D8E7561BD28
:1039400076F837BDC659FABDDFFB303C5961DDBDA5
:1039500000893E3D7F680E3C7B5F333E253B3C3E0D
:10396000701B86BDFD5CB53E717CFF3D1139EFBD1E
:1039700041B6A1BD4194633CE6B7473D5034943E07
:103980003A28343EEA03813EA4766C3EA05A063EB5
:10399000BAED233E8BAD2E3E2891223EDF2CF83D22
:1039A000E2B5863D189BBC3DA6D48E3DA5202D3D9D
:1039B000CC7C163DCF33CE3DB9BA91BCFE3209BEA8
:1039C0000E40823D278D533D1EE6733A9BC88EBD47
:1039D000EC71E4BDA7FA5EBEBE400A3DA6D16DBD46
:1039E00042FF06BD5528CC3D1B4C7E3CB33C8F3E70
:1039F0007A71C43C47E81C3ED7C6303E2C9115BCBA
:103A00002371543EBBB81C3E3228B33D1C23273DD6
:103A100022A5333E714A043E8EA8453EBB9C9FBD05
:103A2000ED72193DF314D3BD6D3D2CBD9DDEF8BD87
:103A30009973243BB8E8073E427CB23D6E7D6CBE74
:103A4000C12227BE441DFCBCDECA983DD5DD893DA0
:103A5000816386BD4959073EFA170D3E1B1C5BBDAD
:103A6000BB88BBBD7E99D83D7B9D0FBD125292BDD8
:103A70006255F53DE3BFAE3D213C1D3D6BF3A63CD9
:103A80000FA7B83D0C378F3DE1C7AB3E7E6E083EB9
:103A90008E91B93D7AB8EC3C8C4A3CBDF6767F3CC1
:103AA0008DB625BEBFD7193DB97A343DAD4BA0BD0B
:103AB000350895BD3C5393BB27E8DC3DA937F33D62
:103AC0006CBE25BCA22EAC3DA54E7D3E3AED5DBD43
:103AD000A98D9F3DF1C4293E7FF85B3D6DB6B63D93
:103AE0006507403EC376193DA90D913CCC79463E11
:103AF000259EC33DF0B2043E82550D3EB9BDF13D59
:103B00002463A1BD78BD793DBE8A5ABD2FEC7DBE30
:103B1000772447BE46BF88BBE635833EC38A31BEA5
:103B2000418494BDE377F13D06BBB7BD17ED293E57
:103B30008E9E98BD86F5F03D1488533E33C0043EFA
:103B4000EF35CEBD5594F63D9B063F3E5F93A53DB8
:103B5000F045AA3D0B95E43D9163103D93990C3DD2
:103B60001B39C63D5573D13D11BDE5BB2178C1BDA3
:103B70000685A4BD88CE18BE6A66BABC3DD84BBEC9
:103B8000AFC236BEB332A33D5F7794BD15D499BEA4
:103B900006B42BBD817C25BB5074CD3E5992843E2A
:103BA000DD81B63D436EB53DD3BE073E9FA8013CC7
:103BB0008402003E67C51D3C5FD3C2BCBA8DFB3C8E
:103BC000556581BD570B04BED9F787BD404CD7BDA5
:103BD0006FA8D5BB6E4C30BE8B5455BE3B7D5BBED3
:103BE0009B265BBEA13CCD3C6AD8783D7C6F3ABE3B
:103BF00021CF99BEAF53F9BD65DD13BDF8EE0D3D84
:103C0000B0A797BEA2DB34BE1723B63ED812D8BDEC
:103C100009C9BC3DDE009E3C2958CB3B8E8940BE85
:103C200004FB493E7A2F17BE76706C3B9818BE3D58
:103C3000ABEC063D6AA2CCBD276C38BEA0A2843B8B
:103C4000B364A9BDE95B64BE1D2C62BE00A71DBEA6
:103C50003CDCD5BDBA2B47BC8FF70D3DB9F133BE67
:103C60002FD13FBE3D284DBEDC5C25BD7EBE39BD9B
:103C7000455F66BE2BB39FBEF86A373E6D9266BC49
:103C80008EC74B3D12B28E3CAF6C8A3DEFAE80BE0C
:103C90009ABD0FBEC2B61DBEF17468BD0EEF963D53
:103CA0004C84ECBD80B03FBEAFE177BDED71803A92
:103CB000BEA453BD12989FBDF57FBA3CFF156ABEE6
:103CC000ABA035BDE8C4FE3DEE0E66BDC5CC12BE50
:103CD000E1610EBE5BEF87BD0A33D73D6B917A3C45
:103CE00055B3823EB2BC58BE7BE67A3EEBFE9C3DAD
:103CF0001FF0193E3632A53D843F043E7D69BF3C2E
:103D0000E00A84BD10E088BE1DFCCDBDA473343E26
:103D1000532961BD8F50093E9B24153D7B0B0CBE82
:103D20006F58CABCA931EEBD9460473CD7C8DCBD12
:103D30005E0D2B3BBFBCFFBDEC75FB3DC3D7B7BDD4
:103D40006FC4133CA240363DF391DE3D9E9D683E1C
:103D500027ECBA3D2850ECBDA17F923E61CA0A3ED5
:103D6000417C6F3C0E2F093E8EA8B83DC012D3BCDB
:103D70003A7451BEB685DBBD07BAA7BD5857C2BA63
:103D80004A7A37BBFF1AF53DEFCE993D6663F33DA6
:103D90001058F53C497C1FBCF1AF1CBE1198D9BD31
:103DA00063E1133CBDD398BDA4A416BD2DE770BE3E
:103DB000A42D9DBBC648B43DAE7BFCBD4E46BCBDEC
:103DC0001EF5F03DBB92D1BC82F2A33EFD5F163ED4
:103DD000D7FA4FBE48A21D3E6227A43E9D842CBB4D
:103DE0001175D1BD633E89BE7135B0BEBFB9B7BED6
:103DF000F75E78BE65B700BE784C72BC0A170BBC84
:103E0000079A483D472CBD3C2EDDC6BD4B02A2BDE6
:103E1000EF0662BD3D1E00BEEAC910BEA3841DBEF2
:103E20009FF78A3CC8482C3EE364873D722BD23D05
:103E3000C469C03EDB2CA83EDEEEE23E75593A3E38
:103E4000CF4D25BD4C88103D118B3E3E9050A73D77
:103E5000F2503FBE2DD8FDBEC56008BF80DCA9BEB4
:103E6000AC55FDBEB96CF1BE18D4A3BE27C89EBE2A
:103E7000A9226FBE4C3E74BE016DEEBDD90FADBD23
:103E80008B611BBE9ED8833D8CA5563DEADB04BCEE
:103E9000328F5BBDBDC413BE57F9E8BD5BEEAFBC4E
:103EA0001307E43DF4F1A03E58CE373EA43A2B3E32
:103EB0008F2C853E9FFB3A3E64276A3E8804363E3F
:103EC0001EE746BDCDADCCBE9EDDCFBE94B1BBBE20
:103ED0007C6300BF460914BFFA7801BF79DFFABEE0
:103EE00083FB03BF55FEDEBE2EB61CBE6CB6A3BC64
:103EF0002C21D33D1FF8FB3DF6BB763C7657833D26
:103F00002C82573D1A7D18BDB48F98BBEE35C4BDC9
:103F100039EF493E1D88C33C990493BD772B603E21
:103F2000D4A340BC720E963DEB61083EDC41913D4E
:103F300075698BBDE17346BD7B5D69BEBB5E8BBEA3
:103F40003725BDBDA5072EBEAEF8D9BE70FCA0BEFC
:103F5000A7B18DBEC6DA34BD1DFF9A3D1AB54F3DDF
:103F6000F40B8F3D1058A7BCAE823E3D7E92ED3DD6
:103F7000A67CBD3DFEB0433BF1BC3BBD82FB95BD85
:103F8000DFA6793DEA98DC3E7A188C3EBCF0AA3E6A
:103F90008EBB693DDC689E3D9289533EFF564B3E89
:103FA0003683DDBB6E6A603E136F9ABD042889BB01
:103FB000CC7CA93D4EC7ED3CC44CC43CDB8FCCBC93
:103FC00071C60D3E22322E3E9C3EEC3DCFB5CB3D20
:103FD000A2C9A73DDC0C893D1D66A8BC7A4DD33D26
:103FE000D4EA3A3EF3D40ABDE9AD813DF9701DBD76
:103FF00082F1C23D6D6CB43E7FC2BC3D9E7FD43B1E
:1040000085DFD8BC808D963E4F971A3E74448C3E17
:104010009D930FBD76C54F3E3695DABBEAB1533E50
:104020004C29303E05A2AB3D4E50A53E0866973E5A
:10403000E6EB9B3EB870263E7653D53D6760113D5A
:104040009857D83DD1C4693C72CAB4BD54E9A0BDEB
:10405000F1EC853DD776873DF02FD3BD65A3343E87
:104060000BB59A3EF0B9F23E0F69873EF67A9A3D5B
:1040700046B3123DB9CF81BC99B7343E69C3F83C11
:10408000386D8A3D149EFD3D57CAD43D9D5F5A3D13
:10409000CC3E5A3E7B65723E3073033EED36A93E00
:1040A0006A89873ED6A62B3DF150513D7A6E613D1F
:1040B000A73E253D88D656BD2977B2BC6AB837BC25
:1040C000E632AC3D7B2DFBBD7983F43C870DBD3ED4
:1040D000FB52E63E0F0E9B3EC341FA3DFACF0F3D29
:1040E0008C14F93CA08F0E3D6AD6143EAA49123EAC
:1040F0005332373E3867C03C4D169A3D08C29A3D50
:1041000087564B3CC957063EB19D653E20DC883E34
:10411000598F1B3EE2DCDE3DF97019BD3075C0BC25
:10412000FF2445BE5AA8C0BD803923BE1E99ABBD31
:10413000DC0A863D9D84D2BC6F44D6BD89C07A3EE0
:10414000F753103F2E58A43E2B825B3EB4CBD13C9C
:10415000D61A783DB0C86FBC5770963D4D41DA3ED7
:104160002606F93E58391A3EC5640F3D5D22773C5C
:1041700023263ABDADF0193D62343A3D4F19F53969
:10418000E73C94BD2E1675BD5109A0BD54817ABD82
:10419000A33766BE412B6BBCD7EFEBBD97E0043C69
:1041A0007F70603D516900BE7502643D8CDEFF3D4D
:1041B0002D75C53EB53C893C5CE8E83DCAAA37BDD3
:1041C000F85824BDD07C47BCB70854BDBE3B473D22
:1041D000C32A803E782DED3E13954E3ECF29353EC5
:1041E000E2A6F13D7233FF3D8808AD3DBCC9433EB8
:1041F000ABED903EFF6B433EB00441BE60105D3DB1
:10420000F3E41D3EB28E103E161CA63DC9FF863D4E
:10421000C4A025BEEF0F7C3DB9DDCE3D2EC33F3E91
:104220006AE0DB3E7ED3C23D9FF1233EE694C4BCF0
:10423000A8C382BCF002863C79DD8D3DC94C0BBD24
:104240004E9D893D713E8C3E855DE23EE956C83EFD
:10425000F878153E16D49D3DF5AEE43E52DAAE3EFA
:104260000EBF903EAFEB953E450F8E3E0E1CAD3D12
:10427000E2796F3E23356BBD9016133D5607B93E6C
:10428000073FCF3EBBDBB73E2048B43E8A22A83E64
:104290007E9D56BD318901BDDD26A53D00C853393F
:1042A0008087EE3C1D47923DC87FF0BCE0D173BDD6
:1042B000B832733DAACE9D3DADCA38B960C9D73D6D
:1042C00082708C3D051581BA9D8E8A3EB7890B3E62
:1042D00017C6F63D4D3A453EE125D93E950A923E38
:1042E00022BD5B3E3DD80A3E122C453E91FEA53DC7
:1042F0005FF5AD3D36900B3EBD2BFF3D8E3EAA3D9A
:104300007099F63B7415A93C5811503CEC51BABC5D
:10431000D0FE123D1D3E8A3D35A5A53D08F189BD63
:10432000B1FF0EBD3249703D6CC09CBD406DDD3AA1
:10433000A2800B3D0614283D44EFE8BCB1F774BDE4
:1043400063B5043E1165133EF6CBC0BDABAE6B3D0D
:104350004209743DDC389CBDEE91373D15218F3DFF
:10436000384EA0BC1E9389BDC22D5E3D68FEB53C93
:10437000441F1D3D78AC70BD20ED333BC02223BCF3
:10438000EA580B3D6E06653DC0FE37BC6095D73BD5
:1043900070F49F3D304E2D3CC7D7363E72C2633E0F
:1043A0001230293E9551B53DA6A4B43D6A23123E74
:1043B000E6B4EF3EE412B73E259B99BB65869A3E74
:1043C0005B29973E37E0AF3E9B0ED83EB0E7893E73
:1043D000430C9B3E2FC12D3E8CA0453E17444A3EC8
:1043E00029048E3D38CF9B3C74067FBD30E50ABD65
:1043F000A4388CBCF4238ABDEDB6F33CB13AAF3C93
:104400003ADB613D4318183DAAE85E3E3484DE3E47
:1044100033004F3EADB803BE4B2D46BB7F4E493EE9
:104420005F2F34BD3E50BBBCB07D483EA88A663E7F
:10443000BF58473E033F213E5084F73DC0BA603E1F
:1044400026CD05BD07A2AFBD6E25353E39DA243E27
:10445000503FFCBCD5A785BD30E06A3C4E9E2C3D4C
:10446000E12FAC3D06A329BDE4C2AF3D15DDAB3E57
:10447000FA22C33C141A543EFABC463E797F153DDD
:104480001C732C3E48CC26BDD883B5BC36FDBD3C44
:10449000266050BE27FF9CBC7F1B96BDA730123EF6
:1044A0003F3C92BD0DD1913D72CC583E467593BEB6
:1044B000C6D68EBEDB9B6FBE1BEE6FBCFC50D93DDB
:1044C0005F9C99BE41C8DBBDFF74DABD2E5A5A3DD0
:1044D000EA6F4E3D353A1EBD95DB053E24C2DE3EF9
:1044E000A63F823E54629B3D55F106BE3CD97EBE3E
:1044F000055C5E3D7A1FA73CC993153E1BFE933CAD
:10450000417DF8BC2DF760BDD0D930BEE943AFBBCB
:10451000CC9B35BC0F43B0BD0D38B13D94E78EBD8B
:10452000582A0FBEDB510EBD912DFCBD78EBB0BEFD
:10453000BEDD40BF9878A8BE553CEEBD6AF034BCE5
:1045400006F8673DFD21A53D63FB4E3E0242803EDD
:10455000C0D7043E12FADDBDED6C533DF09282BD32
:10456000A66C1D3D4BDE2EBDFC9D313E195F673EA6
:10457000D3962B3D10BEE33DA6B0413EA0F27E3E59
:1045800068DEEEBCFA719A3D53C539BE460302BEE1
:1045900042BC96BD3D705DBE115CD7BE4125C4BE18
:1045A000F195CCBE5AF68EBEF04DAFBD8D0D383DA7
:1045B000702E613C29E168BD657928BEF2BCF8BD6A
:1045C0004E9DBABB9757953BA8ED42BE52C4413DA4
:1045D000D31B04BD82DE993D8F7C0D3E0A21FF3D39
:1045E000C2129EBBD8DFB13D0D662A3E1BDB153ED5
:1045F000228D8B3D2134DBBD3D09EABDABC9F9BD40
:10460000AFF9BD3CC25A81BEE9E8BBBE5070C6BE20
:1046100008540DBEFCE981BD79A661BE6F3684BD2C
:104620002C45993DE76FD8BDDD9BABBEBD255DBE7A
:104630001E91E539E48F38BE2745B4BAB4F49BBD6A
:104640004DD110BD794F73BD9F18043E61FBA83C4E
:10465000A625803DE24F5F3E52AFB33D15194B3E5C
:104660008935823DEB8BEABC291028BEBAFC0CBE12
:10467000C9BAACBDD9909ABDA95E51BE6E208ABBA5
:104680003833D9BDDF8FC0BE592B85BE4CE9063DFE
:104690006DDC853DC01B00BEEAD506BE986827BD0F
:1046A00031A88CBC0F1D98BD36FA8D3D903308BEE5
:1046B00088EF363DAABD8D3D64071BBE0030573ADA
:1046C000B13D3B3E52019B3E676ACE3D7A9345BD6C
:1046D000BAD684BD984F5BBED1DAA0BDBB7131BEE6
:1046E0007BA39ABD0ECE893E3484F83D181B4CBE88
:1046F000181DEBBD201017BFC42685BE9E638EBC5F
:1047000062A36BBD474F1BBE30CAC2BBF97BD0BD95
:10471000D252F83D94E796BDDF061F3EEF1C853E62
:104720005617153C097AA83D79327C3D1373383E03
:1047300010523F3E4F73FE3DF33AB03D5D88ADBD34
:10474000B3DE86BD184ADBBD4E3CA3BDCBBA0D3DE2
:10475000C175E33D14E2FE3D8CFF1ABD0CC5A2BD40
:10476000127C34BE898806BF4C3700BF5B1758BE29
:10477000E32E6FBCB75F41BEE825BABE8D5CB0BE0C
:10478000236681BDA276D9BDF7E582BD29A4223E6C
:10479000828585BBA768853DD121153EB30F4E3E6E
:1047A00019B5553D3FB634BD549130BC1BF451BED4
:1047B0000D22FC3C8877A23D135CAD3D7455833DD2
:1047C00047E8943D73F721BC424C1DBD2DDD173CDD
:1047D000BF209DBECBCB03BF1B52BFBEEA15E1BDC0
:1047E000241F99BC4C73C2BDB7E4993DE93891BE12
:1047F0001DAA2ABEB46E6CBEF8D7E6BD9E4B9A3D8C
:10480000DF71513D24A3593E5BC5143EB10EA23D5C
:10481000C80F8DBD092EC33B30EEAF3BEA9663BD9A
:1048200066EF183DCE13863D36BF843DF7D1DBBD24
:10483000C19CDB3DF459803DC1948F3D876F563D4F
:104840006C0824BE118802BF052B97BE8A87E03D05
:10485000FA3295BD5CD9F2BD72B20CBEA5C0D3BC14
:104860002B2853BD2F1F9BBCAC949D3D012A7C3D42
:104870005A82B53D2440063EFCBA1ABD409989BD16
:10488000A6207BBEE4E27CBEC985A6BD60E8FABC7A
:10489000C11E86BD5AD8B53D8961683D013483BECD
:1048A000B79CC1BD4687403C0AEB33BD29AEC73E2D
:1048B0000229D63D755BEFBE6DF8D6BEB5D3AABD55
:1048C000A446633C180D963D477ADBBCAC0BAABDF1
:1048D0007240B43E77690C3E60B22E3E7B01263EAC
:1048E000D83F873E81C0203D0FD7D7BDCF4C59BEA2
:1048F000237381BEDFA04BBE4E9506BED405A0BD7E
:1049000049F40D3D2B2AC03DED3E72BDB821D83C87
:1049100033202DBE50F1F7BDD0B9CC3C177DA63E5B
:10492000B400B7BD96E7D4BE3542CCBE0F7052BEC0
:10493000C235FEBD5731553CE7680ABE549FD53C91
:10494000E00AFF3C435D693E18B6063E0646DE3D82
:10495000A0569F3D455B423DB3BD633DBE63823C77
:1049600051D17CBE5898F9BD8BE38EBE0173C9BD91
:104970006268323DD5FBA5BD542A1BBD941E693D1E
:104980006AC2E93DB608663DC28B173DFBB47D3D6A
:1049900042D9DBBD1A1A5ABE8200C6BE12E326BE39
:1049A000B5C614BEDE5D003E593E42BEB84880BD6D
:1049B0006FB9E43DCE12FC3D3C1ED33D22CF243ED8
:1049C000AB38943E320D12BBE74E0E3E0E9DBE3DFF
:1049D000863F39BE31EB8CBEB4A1FEBDCE4D2FBE9D
:1049E00078F748BCEEDE1CBDD97A5FBD4C4D433D27
:1049F00007478A3D49A8913D6FB0BC3D097A483DC3
:104A0000CAF784BE857412BE351DCABE2FAC45BE22
:104A10009D3748BEC260163ECBB006BE6E5FC7BDB6
:104A200038311F3D21398E3E20D9173E9281923D6B
:104A3000DB844A3E784070BDB644563D91DB953DDF
:104A400074FFB2BD814513BE467F90BDB42820BE21
:104A50009A8A45BE2D870DBE49C3FABDFC5E20BEB5
:104A600097399C3BA92504BE68D234BDDDE4C8BD9E
:104A7000479FE2BDEAF5DEBD0C6BF9BD0754CDBD25
:104A80009C6786BD01036D3E63BC47BE6BC73FBEDE
:104A9000DF6432BEC0A3F23DB8C9C6BD29C9A53D79
:104AA000C07B77BD2EB649BDA61CE43BA487B13DB3
:104AB000789AAB3DFA4106BEF99776BE3E603BBEA2
:104AC00071C302BE593C8F3D95BC00BC38EAEA3D3B
:104AD000C996263CE924833D6079023E067586BC72
:104AE0001DC0DEBDEE1D90BE213884BE5C45E63D96
:104AF000CFD34A3D2E0BCA3D7022C23A560B4FBE51
:104B000070057ABEE4F065BD29CC5BBD7776F4BA5A
:104B1000E61231BDF175F0BD9EA0D0BC5A8B093EA6
:104B2000E32C0A3CD03796BCE4EC09BD926584BD09
:104B300049BFDFBC4445973DA739BABD85E62A3E4B
:104B4000BAB2B83D6DDE0A3CA238843DC67B1CBEBD
:104B50006F98ECBEB474A2BEC18878BE7A50A0BE75
:104B6000F17A903D99C4EA3D899D17BE36B130BEB9
:104B7000D03B07BE46E0483C89444FBD9C48103DB1
:104B800072B8203E1F780A3ED78BC53D197A34BDD6
:104B9000A74BC63D7A1F9EBC4E470FBD257CA1BDCD
:104BA00003D6DDBDFF3860BE04A446BD56DBF5BCB0
:104BB0003842BB3D10ABAFBA961B143EE8E2AFBC27
:104BC00082C09BBEFC0620BFC79B54BECABF08BEA6
:104BD000F8627E3C0C98C43D7776A0BE51EA00BFD7
:104BE00084B30B3E21DB4C3EEB7280BD3F6AC53D7A
:104BF0003DB27DBC962D103DB8075C3B559850BE2C
:104C00004A3D04BEA0D7D7BC014A5E3E91F0333D79
:104C1000A75200BD17F2A8BD4D7789BCEE4BA93C49
:104C2000A3F666BC7A998ABDA0C7E2BD3C0EAEBDB4
:104C3000F26735BEAE5A02BE00441D3D16ACFEBC46
:104C4000BEE523BDB9C50CBE28F2853B1B9CC4BE86
:104C500067A509BE40E5F2BC3F792F3CEE6D46BD2D
:104C600064C50B3EBE3004BE42871BBEB5B34DBE0D
:104C70002BBC2FBD0E93EF3D05CED13DBA801B3E20
:104C800027A8983D4395633B85697E3C447D99BD4B
:104C9000D2320B3DE01917BD2056923B22FA93BE4B
:104CA000697123BE2466EDBD528CA83E9C0B283D45
:104CB00068AA60BD5F74AD3DFAA415BE218B1DBE10
:104CC000BD30BBBEC799BBBE7DB69BBEB0FC86BE29
:104CD0003C622CBE620A3ABEDC0B17BEE38418BEEF
:104CE000A52DADBC7329683EDD80E03DE63BA93DC6
:104CF00087893D3E6CE173BCF4C729BC91DE37BEA9
:104D000035D4643D0653973D349FB5BD37BD43BE92
:104D1000AC501DBEBA3C17BC6D0EB13EAFC6473D90
:104D200073D38A3D809927BB9637983D5E6C05BE4C
:104D3000218AEDBEADCFCBBEA949C8BE2F97AFBE6D
:104D4000C227D5BE0E20F0BECC17BBBEFCAC90BEB9
:104D50002205FABD3DA1FB3CAB6C153E73FA08BCC5
:104D6000A17D473D837E883E39DFA13D4EDC313D4C
:104D70003D38843D557F393D0B9B5F3C1D0244BD52
:104D8000790F993DF91BADBD8FDDA13DE2771A3D4D
:104D9000AC0F1CBDD0E8433C4EA3343DE53503BE0B
:104DA000FA5922BEBC9E5CBEE9B7D1BD81E64F3C3C
:104DB000D2B727BD1DD9A7BD23E8B53CDE92803D03
:104DC0004B32363EB783963B9AA27DBDE656263ED1
:104DD00091DE8C3E77EC313EB9940A3EC35E8CBDC9
:104DE000990A5EBD717F2FBE11FDC7BD9B07DA3DDD
:104DF000155D70BEC76EA7BE206E46BEE88F1FBC95
:104E00008BDFA63D94F1C23CF646223D91E4D1BD34
:104E1000D73CF9BD15EB563E9CC60F3EDE0D09BED4
:104E2000943258BEA37EF3BC1EA3873D5AEC1A3EB3
:104E3000DC61A63E00B4483EF7DE3FBD3A1BFF3BB7
:104E4000092A3BBCBB75683C08A7DE3AFC3C853EA2
:104E5000FAF26F3E3AE21CBE76882FBE86A80FBEDD
:104E60009F1B8FB949AE0DBEF0A041BE984ED43CF9
:104E700010DCE9BB2065F13C502BDC3BEB8B15BD16
:104E8000167FAC3D6067A93EC3C59E3E59CE263D08
:104E90005EFA82BEC5A0C6BDBA0FF63E5AD58D3E9B
:104EA0006FF6BD3DEB34283E7D70ED3E3140E53D73
:104EB0002095143E51F8A53E6D0FCA3EE8939E3EE4
:104EC000F0C5AB3ED385D23E7D52713E1F9ED03E93
:104ED000B2D4AA3E8DE63D3DC6A89ABD8A9D403D0E
:104EE00010A7163DD2C5563DF1E59BBDDADF3B3D2F
:104EF000862AAA3CEECFA7BD77B30B3EC628413E1B
:104F000044C0433EF602D33DFD1EED3D6120433DCE
:104F1000A2CF4B3EC6825A3E18FCC83E698C383E32
:104F2000F79063BEC377C8BE8EA9423E907EF0BDA7
:104F30006C2887BD81045D3D25DF5DBD126A18BE0A
:104F400096A00C3D4FDB89BDEDF5823DA6DC3ABD58
:104F500077578F3D189AEEBCB89143BDC015B93B49
:104F600084A327BDBE365F3D90F306BCFA25543DB1
:104F700076EC6D3DC8F30DBD2BE904BD54C3B0BC48
:104F800082E027BBCB0DFBBDF20747BD519ACFBCDA
:104F900060E8C7BB8402133D664A573D80654C3AC2
:104FA0004FF480BD4025E6BB2428F23CE0B3313B02
:104FB00012217B3DF0148EBC6CFC94BC6C8527BD2B
:104FC000AA7D5EBDAC344EBDFF6B963D99A2953D6A
:104FD00085F3CBBCD26B62BD041E1CBE872312BE00
:104FE000D9650CBDDB450EBE81752ABE9FC719BEB3
:104FF0007A5F96BEAF418FBE66DC8ABD2D8F9A3C2C
:105000000B1D973D406E7FBDAB5BC0BEEF9242BEB5
:105010001425E2BEF90487BECA7F6FBED79AB9BD18
:1050200003741ABDB0E379BCCB9D74BD323A793DAF
:1050300005E74EBD0AAC753DFDD678BDDBE68FBAFF
:10504000EA4416BEE1CE07BD35F690BE0D7B3CBEF0
:105050008C8DAE3D87058A3E665FBDBDA8F4A3BEBC
:10506000B406F9BEBBC405BF66F658BFA33A4ABF33
:105070002E19CABEBFDECEBED09CB4BEA91A5DBF7B
:10508000439419BFC40013BFE52D1CBF69DE8FBE5A
:1050900009AA793DD314143E80E373BBD8DC91BDDB
:1050A000F10D84BD809B543AF2BF99BD0A9BC3BDEC
:1050B000B96F13BE757F0B3D8AE718BD6D854ABE7B
:1050C0009B1CB73A30D6903CDC9C15BEDAD16DBE45
:1050D00000B9A4BEFB5DE2BEA60393BE34178BBE2F
:1050E0000296343E2388DBBDC68457BE85F721BEB9
:1050F00076AACD3D13D48D3E967DDCBD13FCA93C34
:10510000EC44CA3D9B457C3EE1046DBE00B546BA09
:10511000309CE93B29468DBDD46312BE128E2A3CD9
:105120007C0122BDFACA43BE2F7985BEF91418BE90
:105130009EF490BEA0A2AEBEC94A9BBEA18870BC20
:105140002A8B1F3DB9D887BDB45CC43C9C7B5FBD36
:1051500007B086BEA37E80BDF1FB0ABE108F37BEAE
:105160002CAB7A3CF203313D0A93043E7CBBC4BBBA
:105170009AA31BBD01054ABED40F4E3EDBE631BEED
:105180009EA61FBDD08D67BDA2BBBABE81BED1BEDB
:10519000A98AD5BE7F9C81BEC519A7BE92AAF2BEC0
:1051A000C33AA9BC867DF0BDDB2ED73D4606873EBF
:1051B00010FF253ECB8CC43E3AD0973E2EBF673DB4
:1051C0004BB7A7BDD3FFC8BDA20366BDCF5F87BEE7
:1051D000CE9587BE6E0404BECF2361BECB51C4BE44
:1051E0002BEB54BE936ED33CE0138CBD2AAE97BE1E
:1051F000E625153D9D3C0CBE61599D3E78552CBE63
:10520000AD6015BEE1E91BBE857D0A3C81B9E0BDFC
:10521000CAAE25BEACB997BC932EDF3D41BF4B3E15
:105220002A1BFD3D0F83973E9655453E5ACB49BB01
:1052300013894E3DBD2B0A3ED903FEBC0B478CBEE5
:1052400067478DBEB1B52DBE406531BEC0A3B0BEAF
:105250002210F0BE996DE3BCCF8BB9BEEEF6D5BD82
:10526000466C4CBD82E8DBBDF21ED93EED62A33E2A
:1052700062F868BD09956CBE62F0DC3CBF8087BEF9
:10528000BD4EAABDD807093E59D0213ED8EF333DC7
:10529000FE9E1A3DA0D95A3E3B2F543D75A5513C68
:1052A0003FA008BC9D7A80BC33695FBD4F1F29BEFB
:1052B000DEFFB6BDE71D4F3C142D003E99C72DBC47
:1052C0005F062BBE3B64AE3D2B3BC6BE5D8D29BE4B
:1052D00060EF3C3DEE64523E3550373D14C0023E17
:1052E000175A353CE262CABD14B04C3D323E3B3CDD
:1052F0001A89CB3DA5BB133DC7BC1BBD02E0B13C29
:1053000058B8D53D8C953A3ED10F5C3D5BEB963D50
:10531000AAF0B8BC32D8F2BD42C57F3D9CE9FEBDC3
:10532000C5CC8ABDA756873D36D8053EB6CA623E73
:10533000937E1CBC4F49ABBE5301A7BE78E7723CBD
:10534000CBEAC53D9BDC683E5705163D1D6A193EFC
:105350000755B7BC368F6A3C6B42C33D18F38D3D91
:10536000A7D9CE3D5D12E2BDCBB0D0BD5A03A9BCDA
:105370000E206B3D6D85093EF84B163E19722ABD15
:105380008F7349BE59BA3FBD5E60E8BC283C19BE68
:1053900008AD39BD11FCC4BB342850BD7B77CE3D70
:1053A0006E9FEE3D1676BEBEDA8A41BD8238E93D7B
:1053B000C4DE0F3E39724B3E3487CF3D7C339E3E78
:1053C000EE432B3EF149F03D8178E53DEC8C043E07
:1053D0003906403D1D67F23C744219BDE13B9F3DDB
:1053E0009D7BB93D7842F73C63D2F23CDD84A13D20
:1053F000B2B3603C19A895BD56C994BCCD162FBE5A
:10540000BDD9AE3D7048423D9CA5013E565226BCDA
:105410003E87C63DCC0802BEB90682BD7B7F3A3DC1
:10542000C8FA293D04238E3D12CD3F3E22E00E3EB8
:10543000889A943CA60786BDD533923CEEFF1E3E6B
:105440002B63273E57DF033E97EE053E1C5C5C3E18
:105450008A42273E326F8C3DEA28ADBC340DD53DE3
:10546000A4EDAB3DA17D443EF255943DC79AC0BC2E
:10547000FD888D3E6026613E60E9143F962C173F03
:10548000DDDB9B3E2280E9BCE2B585BE8C43F23D6C
:10549000C368EA3D8E1ECE3C1CB306BCEA47B8BDCD
:1054A000FC5A463E993AD5BD38EB9A3DC3C913BC68
:1054B00080DFAC3ED188363E7E371BBD93C3DA3DDC
:1054C0008A30B03CCDAF24BDC750FDBD9506AB3D85
:1054D000CDF1A63CA1CA0C3EF52E0ABDDB03D2BC21
:1054E00012DCD53C3EE0AA3EE176183FA64A0B3FCF
:1054F000261BC23E9AB5E33EC831503EA44E813EC3
:105500001AE82BBE24E9ED3DC86A773E4FFAA33A6C
:10551000DA7F843EC22E5B3D1E0469BD0F15903DAF
:105520007F7D4B3EF012F23D10445B3E8424D63D1D
:1055300073D94E3DF805CABD104C10BEB49F45BD91
:10554000E551BFBDB3C513BCA308BA3DF3D968BDCF
:1055500050B22D3DCA08213E05E1023F190C543ED0
:1055600099B69D3EEF9D523E8BB1A03EF59ED33C39
:10557000A023D9BD94DCAB3D21413D3EBF59B1BD17
:10558000CF3A59BD6E106CBD709ECC3DDF59993E2F
:10559000AB2AE43D41BA75BD2109A3BDC82BB1BBFF
:1055A0001943A2BD718E0BBE8EB36DBE89303CBD5A
:1055B0006CF20EBE2DB0E53D18CE423EBDA8413E78
:1055C0001A992F3EFE28DE3D69C9AD3E153D253EA8
:1055D000BDB078BC699DAC3DC1DD8F3E1B374D3DF4
:1055E0009C30A73D5A0C07BEEF5EECBEEA8B4D3CEB
:1055F0003ACE4BBD265038BEB0611A3E2FCEFE3C8F
:1056000072534EBDBA163EBE9463C5BCFF258ABD1B
:10561000490AE4BC670A47BE961803BE61D0483DFC
:10562000FD199FBD8213D73D1FC1643E5950CB3D2C
:10563000B0A6323EEA4C66BD5F1C723CCDCAF33C5C
:105640006B748ABD34B379BDBD1F08BC6008953D3D
:10565000FC4AB33E6B7188BD4535FABCC83081BE8B
:10566000E919E33D2F1541BD2993403DCB36B03DAF
:105670002B88083DE0EDB5BD9E49F83D3C6C4B3DA7
:10568000BB5818BDD81A81BD0F53AABD4E2918BDED
:10569000A3C0FD3D1AF6413E82B6373E37A1DDBCC0
:1056A0008B59153EEDF6C9BC8F45F9BC443DC6BCCF
:1056B000C4117DBEC9641BBDCD48A4BD3D09053ED6
:1056C000E39907BD12B814BE7520E8BD8B037DBEFB
:1056D00068BA99BC77DEBEBD6CBF32BE4811F1BD61
:1056E0002AA715BCD90F853D5E18D83D91F7CC3C53
:1056F0009A6B093EDEAA76BC24DD2B3D326A423D20
:105700002475A43D0A1F623E2C53F03D0846ED3C33
:10571000092E9B3D12F36CBE3BE398BD6BC11CBED2
:105720004F9BDF3C58F8943ED422863E5EB24D3EFD
:105730001A3BE13D26E024BE64F288BE1636AABEBE
:1057400013AF67BEE6D083BE5FA7E3BDB2527ABE99
:10575000B4D7FCBDCCBFF73C8DD190BDEA4D6B3CBE
:105760007397F8BD599416BE3F66E83C314A63BC56
:1057700006155DBDC54E75BD4EC0B3BDCE34FEBB76
:10578000987C53BE086E48BE9BC5093C34A6C1BD7B
:10579000B6774E3E695F2C3E6112B73EF7C277BEC8
:1057A000A17E9CBDEEAE513E014D2B3D64E880BE16
:1057B0008FAED8BDFBDEC1BD79F844BE63A1E6BDA6
:1057C000756CA7BDC02E35BD135546BC3DCA71BD15
:1057D0008E41E43D483A923D6EC3E63CC03434BE4F
:1057E0003C5196BE7D1D22BE86B531BEFE4264BDD3
:1057F0008C6386BE822380BE620632BE5B4957BE82
:10580000849DF3BDC9B85BBE9E21063D8B9A82BEC6
:10581000C48DE03CCF6A083EF89D433BAB59F8BDD0
:10582000090A9EBECFA8033DF885E7BD66E99FBD86
:10583000626092BD74FE2E3C1F81BC3D922BC33D25
:105840005861003ECB7DDF3D1E46C2BD008C87BE49
:10585000C8C5FBBE4AB8C3BE7FC4E0BE6C0DE2BD86
:105860008C5A92BEB0DCAABE5D08C4BE0488E1BEFC
:10587000F19150BE29B995BEE63C26BE69B369BD1B
:10588000D94BF8BC1EE6F4BC4C0B2C3E9C701CBDE6
:1058900086001F3E812E9D3DBD57353E1658F13D79
:1058A000CD2AD23D2D51C93D863D483E7427033D4A
:1058B0005FB0223E0A95ADBCB4C726BE095035BEC6
:1058C0000FA595BE590893BE7224A5BE610899BE66
:1058D000133FC0BE6FF2A3BEB5E9A7BE6D489CBE24
:1058E000B3CEB13C9D4485BE10415CBE8B8C7D3DEA
:1058F0009CC7D5BDC5E409BDCC944A3E6622303C68
:10590000255DAC3BDDF0F03D88A99E3D9D9E553E5A
:1059100040BC1D3E9474243EF428423E50E89E3D17
:10592000284C103E1B164BBC210F90BD275282BE47
:105930008BE526BEC41F27BECECF8ABE0C609DBE9F
:105940009A8798BEF76F84BE5FEBD0BDE54C9B3D58
:10595000EB2D2D3E85B85E3D0C16CDBE9188283DC1
:10596000E28199BD64AA97BCBA4891BDB70A1BBF32
:10597000E8BF6EBE345D333EACFC133E2CEE193EE8
:10598000E378223E63A3013EA3C4283DC010B03C8F
:105990005E21C63C419248BD7B87973DDAB8CBBDBE
:1059A00083203B3D8F323DBE8DD59CBE0C7E4CBED0
:1059B000806012BE154C20BC97872B3CD92B7F3DB5
:1059C0001430633D7AFE443DFF72DCBE2824073C60
:1059D0007F5A973D187F41BD7038D23BE965D5BEEF
:1059E0001B59BFBD86B3A73E00EFAE3D6FEAB03D89
:1059F0008CD38C3C8CFA13BEEA4BBE3D281867BD95
:105A0000004D4F3D800F1F3E4DB0773C007E273E3E
:105A1000671A89BBF58AECBDCB1673BCAB1A8E3CFA
:105A2000A32B50BDD9F20DBE940A283E4A85723E82
:105A300017B35E3D010F5ABC1F470CBE88621B3C6A
:105A400003080EBD7858183D406A4C3D49BC8A3E5B
:105A500057AF003D6F9C86BD0B6F7CBE2DFCDCBD3F
:105A6000DD8C46BE0293B0BE633D03BCC84B20BC78
:105A7000BF4642BE17C416BE44EA2F3EAD360C3EAA
:105A8000B0358C3EBDB2463E46CB093EB1FEA43D8C
:105A90002CB6103E47D2203E368F493DE83142BEFB
:105AA000F6F720BE66F2B73CC8F7E3BDBC51973CA1
:105AB000B6240DBDEA7D333DB497AFBC7D59003EA1
:105AC000750E3D3DBDAE8E3EE1F0A53E9D199B3E5F
:105AD00095E4B93E2C02E83EEF772C3DE3C704BCC9
:105AE000FFE8BF3D2559BF3E68C4FD3ECCED9B3D60
:105AF0006C421A3E5B78A73D87873A3D1B43E9BB62
:105B00005525603A1200AE3EED84C23E97B7BE3EC8
:105B1000119C8A3EA4AA9DBD46092B3D8025223BAF
:105B20004C438E3CCCC1EF3C9C272DBD0067793B9C
:105B30008C795F3C46DB513DA1C9CFBC4838003E63
:105B40001E83CC3B52820E3D3205903E6B627F3EFF
:105B500014523F3E9F33AB3E7958BE3E209C6A3E76
:105B600028BCC83E55BDD43E65CBEA3E66BB8F3EE1
:105B7000B9A69C3EC70E9A3E3850E53E2ED1283E2F
:105B8000302F493C60F7F33C99A89B3D5890713CFD
:105B9000C0A6ADBC92905EBDF048943B0616733D26
:105BA00056B95C3D74268ABCBD0EA33DB855133C66
:105BB000F07294BC5A3114BD000EE7BCA627513DCB
:105BC000DA92123E81FA8A3DE6662F3DD698DCBC19
:105BD00028546E3C9420EC3C6897053C06C73A3D3F
:105BE0008047A13CBB8C8C3D800A043AA265A3BDD2
:105BF000305E803B4DCB923DD264713D58C761BC55
:105C000003BC9DBDE0D394BDD2F1CDBCAA4C413DB7
:105C100066313BBC1BE5473D81D1C93D5537353E1B
:105C20007B93BA3DB24422BCA0B6123E032728BDE6
:105C3000F79B453D3D64713D33DBE73DBE012E3EA4
:105C40007F39A6BEA269D8BC5D87633E61C7413E6D
:105C5000F7525A3E15845E3E689C223E44FF873DC3
:105C6000187D3BBC9F1D98BD9757903D98D8FB3C35
:105C7000387484BC12D27D3DE6786CBDFE8D34BE96
:105C80008247FA3D088F653E7CC29B3E8F03993E5A
:105C900034F8893EA621443D6F55413EE7D8543E35
:105CA0000674A63C8215703ED7E2B53D90B4003E26
:105CB0005A807C3E0EE4853EDA226D3E4C99D73EFA
:105CC00069FDBD3E5A5C773E2A9F773EFCAC5A3D4B
:105CD00047BA8FBDAA5BCDBC41179CBDBB3BA9BDDC
:105CE00060D58BBC3084F5BCA94F793D62C48F3D33
:105CF00024B0DF3D08E89ABE2C0729BE11C894BE27
:105D00007E4B2CBE1F9A94BD7EB52EBE90187DBED4
:105D1000CEF9DCBD851E093E5173293ECDAD173E3F
:105D2000D5832B3EDBCA933DED3781BC43CA5C3E35
:105D30006B22723E8B955F3EDA43183E73D76C3E02
:105D4000450F803EF3A4BF3B75552CBDF6E6563D8E
:105D5000422A23BD763819BDA0BF99BD242092BD2B
:105D6000FD2BD93DB9419ABDA07391BE9E7E14BE54
:105D7000A9FDAEBD7C1F08BE1DFF25BE322999BD01
:105D8000A0885ABD0CDBAEBD1889E8BC5AF7E9BC47
:105D90001D5F4E3EEA82823ECA7711BDDA625C3EEA
:105DA000F950223E0ED5253EFDEB6D3E5068F23E89
:105DB000F89F7CBD55DEB6BD50C6E1BD29A580B8B3
:105DC000A61EA1BDF9FE8A3DEDDBA03C135B27BEFC
:105DD000F41565BE3DE3563E70639BBD087764BE17
:105DE000900AB03D56E9D13D41D04CBC4ABE06BDFB
:105DF0006292B6BC39152DBE304279BD3D9B61BE65
:105E0000883344BD5569E23D4B713A3E2945593DC1
:105E1000EE0C013E5586263DBECD11BB64AA6A3EFE
:105E20006787833E5317FBBCC4B6E0BDCBF0D63DBD
:105E3000EA18043D9DA37CBD46ECF83D2F4B303D58
:105E40005D5DBF3D41142B3E8BF868BDDCA5AEBD4A
:105E50005B60A9BD8B4F01BD1632F2BD9C57BEBC25
:105E6000F7AB363D20AEFEBDAAA926BDD5B95BBDB8
:105E7000E2BA5CBDE2B5593D2797153E4AC60ABE57
:105E8000D6A62E3D692D11BDD184AABC96F1FDBCCC
:105E900009E60C3E42C73EBD73BEC73C9CC188BDEF
:105EA0009AF71F3DC3F0503D815FC43D30B8D13EED
:105EB0001260EA3DF62B833E390F1A3E0EE2523E47
:105EC00022663BBD2ABF9A3D292D0E3E8C911FBDF7
:105ED000BC6290B8F2E6D3BD61AD45BE0EF761BEBF
:105EE0003CF0C2BCA7DA123E47FE233EBC3F0C3A50
:105EF000E9FD9DBDCABB533E3F498F3E861C30BD68
:105F0000B98822BE2AD8713D82A50C3EE675BF3DF8
:105F1000D197033CB0CF913D462E003D80C2563E06
:105F20000F22C83D0F4A313E9702553E4962933ECB
:105F3000D7B42D3EFEB53E3EEFF8093EC255953D25
:105F400063E6603DE1F38E3D85A07CBDC603063D62
:105F5000C63F6EBCC906BDBC3ACBBC3D62EE29BE95
:105F60009DFB17BE2BF2D9BDD90A63BEC2B677BD61
:105F7000518AD2BDA9908A3E6E19E73DBF9FAFBA44
:105F80005C9519BACBE1153E1DD5A8BDA6730DBE13
:105F9000195CDB3DFAE5FE3D57EF533E6DE9AB3D45
:105FA000A7BF963DCAD3763DE960053E16242F3D36
:105FB000B2A9D23D7D2B793DEAE3BA3D240C783D70
:105FC000418D87BDCFC0EBBD92AA9CBC1547F5BDE6
:105FD0008D0869BE34E7E4BC5134F2BD1DB104BE86
:105FE000F529AC3D8A3D163F436277BBDB7B2A3EF9
:105FF0003799C83DFB37373E6B5D123EAB5B84BEC5
:106000000AD48BBB8DE9BF3DEACB93BD9D329BBDCE
:106010008042983D959B463D120C3B3CC92893BD60
:1060200043A9F4BBACAF4D3D723C0CBD611354BDF4
:10603000B7B369BEFA5B8EBE09F119BECBCED6BD31
:10604000D955E53CB7A3093E9A9B143D0DDF1B3D96
:106050000D40733EFFD4BE3E6E0626BD4010CF3CC1
:10606000DC59F13D9629BB3DF768AC3DB3A050BE6D
:1060700035BE023E929EA93DAEEEC13CA3E0AA3DD4
:10608000C36A043B596F993D5EBA143EAF5F9A3DB7
:1060900027251B3E3A9717BC404D4ABD69F2A6BE64
:1060A0001A925FBE369F22BE0F1046BEF614AABDDE
:1060B000EC670DBE590B913D98209D3CF5D8513EA3
:1060C000AE9DAC3E0428763EDF52E9BDBDE13F3EC9
:1060D0001E2A203DD56ADB3D2E7C823E88CC823E46
:1060E0000660603EDB26AC3C3818D5BDE3EE233EAF
:1060F00081CC743ED12DACBC4B0F5E3E92F3493E39
:10610000DF1E043EE45E5ABD25F60CBE0A4AC6BD3B
:1061100009839EBDDC7D28BE376CB2BDB74534BE59
:10612000A013E5BD1DEA30BE177E8B3ECDED313E9E
:106130005060AA3E6274D43EE1B77A3EB2CDAF3E23
:1061400052BF0D3E7610283C1BC7223E244D3E3EDA
:10615000A2D6593EA71CEA3DEE151B3D055E613DEA
:10616000370578BD8BF0D23D71B9F33D37ACC23DF8
:106170002446C2382B908CBE325D03BE8802B3BD6C
:1061800026BD90BEC0D349BEA7013EBE2D9691BE8E
:106190005386A3BD2448A2BDF2929B3DAD05853E2A
:1061A000A1D4B73E815E663EB21E49BC0AAC9DBE1C
:1061B0003554283E301A513DA209833EA053283E53
:1061C000995E493E5677493DFD65D43DA0278C3DFB
:1061D000169BE03D089F273E2F366C3EE67BA93D8F
:1061E000AC567B3CF24601BEDA11E1BD6F098EBDB3
:1061F00089D1FCBD6C5716BE689347BE1F037CBE99
:10620000D1572DBD2E3593BD31BD023EC661C63E70
:1062100001BA333E6A0A97BECE11A8BEFDD570BE44
:106220006E52C23D0FE82ABE58206F3E91CF17BD77
:106230003847FEBDADD300BEF46C81BDFBA27C3EF1
:106240007D4E6EBDDC35753DF0FD303E1353D63CC2
:10625000B24B53BE26B549BE430A1CBE26E513BD4C
:10626000A3DA59BE12048ABD755DB7BC571873BD59
:106270009CDB213DE742353EDF29003EBDE0AD3DE0
:106280000E77C03DD3B025BD85F09FBE5D8036BE84
:10629000881E873E265EA1BD88BC4EBD3EC5633CC0
:1062A000C740523DA92C323C7AF916BE51979EBD8B
:1062B000037B233D8C4FBD3BB8B61A3D2B0928BE4E
:1062C000A45EE1BEC56849BE3315DDBCEE7F1F3D4F
:1062D0005137ECBC52A0F8BD003031BE2BC2B63DE8
:1062E000CEE6493E0DE9923E7662383E34C27CBC31
:1062F000734B093DDBBF4C3C133CA5BEA509C0BE9A
:1063000040B62B3C1BCC9DBD2D36633E98E1023E32
:106310008227423E986D153E9A3F76BD150B403D53
:10632000A422853DB2EC073D081BB0BDECBD62BEAA
:106330004E0A05BFCFC256BE61E47D3EC9943A3EC7
:106340002F75A1BB18A836BC94157B3EEFFB763E9B
:106350000B00613E25140D3ECBC3723C5A1710BD95
:106360009CBF503E9B4BAE3D73E6E2BE7C3E09BFF8
:1063700087FA8EBE2241B4BDF5F4843E940B253ECF
:10638000F1D8703EE7582D3D63C193BCF66EBABCA0
:106390009CA7D93BEA2DB2BC476708BEE654F2BEC3
:1063A0004AD4A0BEC373213EDF09993E7C47D8B9C9
:1063B000CE7A48BDD9574B3E1915893D7BC98D3CD6
:1063C000F1D3213EAAA93A3E20F071BA0F3B8D3B92
:1063D00063EAD73D7250EA3CA1068DBE04D698BE52
:1063E0000090B93DCCBF913E2155203E61829B3D3E
:1063F0002929E33DCB9638BDC8D4AA3E0C261DBD45
:10640000987EA1B9A5F6E03C2A82C6BE63D6ACBE92
:10641000D846DB3B57C8523E141E283E680A613EF0
:106420001F92E63D2649683EA9C7503D86D023BD50
:10643000B01AD0BCA1AB063EEA8A81BDD14A5DBD8F
:106440002DD4C83E4A913F3EA829D5BE122CC2BDCC
:1064500088C53CBDBD5A2A3E240D493D4A280ABD87
:1064600093E981BCE7F737BD5FD5443EDD7A14BDC3
:106470003C4A55BD1C5AFCBD0990B3BE4B188CBE9E
:1064800002C1823EEDA9A83EDF5F833E23ECCD3EF4
:10649000518E1E3ED279D53D7DA415BCC1A85A3D72
:1064A0006F1615BEC6BAAEBD211B4E3A76B4F8BC07
:1064B0006634AB3ED3FF443EF5A8D6BE001F7BBD7D
:1064C000161F59BAABE11FBEDBBCB4BE6C70253DD4
:1064D000F56D263DB7A57D3CC5C358BD4A20243D7A
:1064E0002FBD22BEB0DD33BE7EFCD6BD5784833DBA
:1064F00070F2123E75C98F3E1A4C0A3E681A913EE0
:10650000FC6A003E3AD5093DCA6EE73C5E4008BCD5
:10651000F78F303DD87C68BCEF9BAABD03A2373D06
:1065200056037B3E5744923E40C3003E91ABF1BCC4
:10653000B77CC83DF791B9BC34F63BBE60D6FB3D95
:10654000F98AADBD0BB092BD0EA444BE59B756BD7D
:10655000B6F53CBE5E6C40BE74BF4ABEDDB885BDBC
:10656000827B053E6B75E13D52DF13BCED67633EF8
:106570001508033E6BA9D03CBC59CC3DB3AA383EAC
:10658000E49755BE01F82FBEEAA99BBDE38740BD45
:10659000CE5B2FBB1D22D5BD0B0EA73EF07594BD63
:1065A000EE01623DD6454BBD6279FCBD5D321A3CC1
:1065B000D66A62BD63F0BDBB76410A3E379A18BC0D
:1065C000F39303BE3DB719BE76582ABECA3EF5BD49
:1065D000F766753EB5F328BDF545913B59D4993D15
:1065E000FEE6063E2692563D0CA12CBDBCA4A43D61
:1065F0003715C7BDE7372BBE71DE07BDFD0A86BC68
:106600000A5DAABDF550023E1736683ED88C8D3C17
:106610007DFE6BBD3F54933DA0A17D3EC4DDDE3DBC
:10662000679366BE0DC8CBBD0BD1EF3BEC39E9BD1E
:1066300050A71BBEC74C77BEDBBC51BED4A105BE64
:1066400050986FBD8A500DBE520A34BD29441FBEFA
:10665000C3B9C03C728FB23DAFB456BCAF7D893D6B
:10666000ADBE02BD13AFAFBDE67FBABDEB46C2BD46
:10667000C75F093ECE81CCBD3C85113E1C220B3D3F
:10668000B572A03DD00E193DEC7032BE0127393DE8
:106690002457013DCCF4C6BE7B0B7ABCA0F98E3DDD
:1066A000C67CC63DF88376BB577715BEEE02F6BDB5
:1066B00095B1973D1D1DE6BD8E4C24BC110501BC56
:1066C0008AA9A43D1B8AA93D58FDFCBD3E8D963D7F
:1066D000202590BE74B116BEB2B5463E9738463EF0
:1066E000E63E573E9D543EBEB0A3633DE4729FBC60
:1066F0009097F93C587540BCBF3FA73D7C92613DE7
:10670000B06117BDC55FB9BEECABA9BEA1987BBE99
:10671000804583BD288AAC3D636118BE81761BBE6F
:10672000C3B7D33CE1E62EBD15F80FBE50EEA03C3A
:106730005CDF6F3CC76146BD86C7DE3D5D06003E3F
:106740000A9A593CCC9A40BE2B65EF3D8C3485BEED
:10675000D675CBBE0972333C5CCC86BDC68F573D27
:10676000907C43BD7B432BBD30AA903BF95F813DBC
:10677000ABB30BBD510F8F3E88759C3EC627673C5F
:106780002EE3283EE063A03EB7795F3EDAEB2F3E72
:10679000EF6ABE3DFC99A23E0DE5B4BD24F77A3CFC
:1067A000B33C323E14946E3E69A6793E913AD03E97
:1067B00039239D3EB21D403E7C47573E36AD8F3E4D
:1067C000A3852EBDF2802B3DA02579BB0649093D4E
:1067D00020A883BC1AFF453D985B9ABC70CB5B3CFC
:1067E000DB9172BD4B8F25BDA8A99BBCEA8C6C3D8B
:1067F0000E967D3D503292BB6A85733D9E699EBD6B
:1068000066F8093D2A20CC3C9F42CDBD6D22E7BCF5
:10681000976429BD0F1C9C3DDAB67F3DC803493CF7
:1068200046C13A3DC69CA2BD209F183B431B16BDE6
:1068300054D9BD3CACBE923C2CFD80BDFD06AC3DA8
:1068400057458FBD900DC13BE661763D087F0B3CFF
:106850000327D73D1DA73B3DD29AD5BD5F7FC0BD65
:10686000116C83BCE4B315BD9170D53DE5E08DBCE2
:10687000404F483E4F0528BED16531BCC74F053C4F
:10688000B113A8BEB51686BEEE2C293EABE26CBD98
:10689000E501AABD00BCD6BB3A4BC4BDEB753D3D7E
:1068A000880FC3BC58E13BBCD331A43D00AD8C3B49
:1068B00058DA7E3CB858C43C9B35543C63C8CEBDC6
:1068C0001DD21ABC52BE09BDCE2DB5BD2C273EBB74
:1068D0000C4D3D3E090B09BE18534ABD7AD61EBE6B
:1068E000FEA485BE6CE281BD98FD8CBEBBC3C4BE58
:1068F0003A1579BE2DA8AEBEFF7EA8BE89B7B6BC3C
:106900005E1AFABCAA11913D94899E3E8627F63BF9
:10691000D11232BB7E5FF3BD55AD9B3D0B3E87BDB3
:10692000DAEEB6BCF8564C3CCECCC6BCB8F9F1BDDC
:10693000C7CF023E8E23B83DEDC5013D53D6E03DA5
:10694000ECABE9BD66C14ABEC180443DE65366BDBD
:10695000735DCBBEB31EE5BEE1CD5ABE380333BE78
:106960007D7826BFC371E8BE579C99BE8E13683CE4
:10697000D43D6F3E2FE7DE3DA1EC873EC00D9A3D32
:10698000253F23BE63D60DBDFFAA813E1416EE3C03
:1069900038F96B3C4DB97DBC910DD3BD24850C3DC0
:1069A000E4329DBD78E092BE9AD8D7BED1EE8DBEBE
:1069B000B9F404BFF06BD8BE358EEDBEDAA3C1BE0C
:1069C000E13454BD11FDCCBD902B0ABE642E5DBEDA
:1069D0004A92B8BECEB853BE69FE02BE1646F0BC9F
:1069E0007ACD643D8F1A0A3E3C9AF13D064587BD3B
:1069F0004E8229BEBFE58BBDAC7206BECAD3823EB5
:106A0000B0EA613CA3424BBDD3698F3C17E845BD5A
:106A10002E876CBECD90563E85A602BC45431BBE5C
:106A2000D36E4ABDDC54C9BB9F82F7BD8F7D88BD44
:106A3000ADFFC23D2BE2943C5F763DBDA2BB9D3DC8
:106A4000202427BEEB3B32BEF2139FBD06BF65BDBF
:106A5000587970BE5E321DBE072B093EE046153EDA
:106A60004533633E7EC723BE927960BE9412613E79
:106A7000BC748A3CA460E6BDE73A5D3EA60A4F3D81
:106A8000813034BE61D1CA3DCAB1CC3D821416BE3C
:106A9000C4F7E63D4094973DA20A7ABDE15590BD0A
:106AA000A63F47BE88E366BEF32760BE01FF1ABE5D
:106AB000CA1C08BE3060AD3CC586B73C5DA8593ED7
:106AC000C18F8B3EDD25743E1A2B223E70E9483E75
:106AD0005869483DA48659BE79C2B53CA0F87F3DAF
:106AE000D05AF03A4741C63D2867D33D0296A83DAB
:106AF00050EC8FBDCC408B3DD24BDFBC0171DB3DF8
:106B0000D28529BE8193983BAB36C2BD093619BEEA
:106B1000B9C05CBE62DD57BEF7D787BE877104BCC3
:106B2000B74347BD8AA87E3E2AD3423EA0E4373E03
:106B30001A3AA53EE285883DD8FB163E017BFE3E13
:106B400079E6603D5F8A00BE640F373EC4BAA33D5C
:106B50007226C8BC99834F3E1FEFB53E9F83D73D39
:106B6000A271F0BCE1A2D93D1039C83D9EC2033EDE
:106B70008D01C3BDB10BECBCE6E308BE362CB3BE41
:106B8000353B1FBEA900F7BD7FDC123EDF54A93E96
:106B9000B3FF003E99F14B3E35733D3EF04AA23CB7
:106BA0007546AF3D0141FD3D8CA750BE6B48853C0D
:106BB00022BE773E1695FA3D2E27E23C06974DBE43
:106BC0004927113D2E7AB33E6408C33D5093323DB0
:106BD00071961D3E16BDC9BCB51C5B3C6BE5E3BDA3
:106BE00068E923BEF666B6BD5EF88EBE357705BE93
:106BF000C70F40BB4CEF833E862A0E3EBFDC293ECA
:106C000032BA14BDF379C63CD5A503BDECF6C03C41
:106C100078CD9BBD1FD708BE683E88BE0C9C27BEA2
:106C2000CD597D3EB905393D5887E6BD4762253EC1
:106C3000C44E463DAAC2C63E31C6913EC7A28CBED6
:106C40008EFDAB3E9C8512BDBB7E8DBE2D0DA2BEC2
:106C5000CE466DBEEBB7273DC0FD193D3C2B353E02
:106C6000B45D4F3E0A7D4A3E219D823DF6DE68BD01
:106C700065CB0ABEDDBB75BB791EF2BD8F72A93C28
:106C80007D5E18BCE5F71D3D482E79BD30D1F03C46
:106C9000E63E8B3E4018A13EB23603BCE8EA573EC2
:106CA00034A9293E1DF4BD3E0F74D03EC49745BDA6
:106CB0007EA9CC3CBC9ED3BDE3EA4ABE44F4B2BB41
:106CC000550518BCFE8E283EBD62303E7827D83D63
:106CD0000C87DE3DD72C26BEB70E43BE1E2CC0BD92
:106CE000F36E2FBDC974CABD220B2DBDE4E2263D53
:106CF0001C3AE43C64B3083E6A92E43D59E70FBE97
:106D0000E956F3BEF89B04BF58B2CBBEE59D7B3E6F
:106D10002C99793DD1DF463EC9E9DD3E0EA643BE42
:106D200050FEEFBCDAB4023E417B5CBCC325BD3DE6
:106D3000D313DC3DCA8B0E3EB30E863E2094E03D5D
:106D40006349A0BD936C1BBEC41120BEF1CD38BDFC
:106D500005706F3D257B61BD1A5D1E3E72D4D23D2C
:106D60004BD6C13B55329F3E0AD2133EA16008BEAE
:106D7000649FFABE2EFB0EBFCF7155BDEBC40D3E16
:106D80009AE7153E9034263DE7A9DCBB9FF626BE68
:106D90002CB7FE3DF185893E6BF42F3E0982C9BCBC
:106DA000D57A443D4273B23D33EE583E9C13583D74
:106DB000712252BD2E1035BE9720DBBBFDD0D43DD5
:106DC0009D4D123E1056CB3D1C3BD63C4C48213DC0
:106DD00034C11F3D768E863E7A672DBBE4E7A9BE9F
:106DE00062CA11BF05F2C6BE5E7584BE018F55BE74
:106DF000AE1ABB3D83E1043E420C993D7BDED4BD1F
:106E00009E65C53DD914803CA9637ABD6CCEF3BDA7
:106E10005F4B573EFB4D0A3E678341BDC4C8E4BC8F
:106E200047AD323D9A29613D51E2F93D0D75583B20
:106E300021156CBCDF03F13DBB5FED3D9FC7A63D57
:106E40008442013E9F27303C58F404BE51255DBD6D
:106E5000490F96BE7D59AFBE1C6ACDBE58DA68BEDA
:106E60007FDFB93D445727BCC4AE0CBEB88973BEA2
:106E7000BA3436BE8B6E22BE806334BE3F80023E83
:106E800032581A3E770FBC3D0176253DFB16DABC21
:106E9000E858013E554AB73DC38C7CBB4E6CCF3B96
:106EA000643831BCB433A23D142111BC2B0BD7BDC7
:106EB00076014BBDA855693DD5F305BCC87899BD91
:106EC000F5E3BEBEF88AE5BE67595FBD61B570BE29
:106ED0008CC68F3E779EDDBDD06C2FBE9776F9BEF7
:106EE0001B4131BEEEDE61BEC589983B8C333B3E13
:106EF000A8E8AC3E42E61B3E1F745D3E8F13053E84
:106F00002446FB3D06E8323DF66580BE914020BD3B
:106F1000E20502BD9964F3BD85E8BCBC3D847C3CC0
:106F2000C32C363BD22F44BDC84C06BED750BBBD88
:106F3000362804BE085D91BEE02925BE151B97BE0C
:106F40000A215D3DAB24853DB38C663D564007BFAD
:106F5000868812BE2CB520BE78E367BCC75FF13CC3
:106F60008BE36A3D3434863D24B33E3E7F14E63DD8
:106F7000E529513E55EE4C3D3CFA883CAA27BCBD64
:106F800069A2193DA01001BCE92DB03D188BB83D98
:106F9000CA87F23DCEBC443D3F79163D4C2DF0BC36
:106FA000DAEE21BD0E63C93DDC71603E5A57A5BEC5
:106FB000C06A24BE4C66A83DC858C53C7BB2B7BE6B
:106FC000C73389BC22DA87BE38A6EEBD3F8E26BE07
:106FD0001DC53ABCB10C213EE9EE0D3E82FFFF3DDE
:106FE0001CBC6D3EEE49043EF47B383D5F6A373E83
:106FF0000140D1BB23D09DBC18E20B3EA849013E05
:107000003DA8B83DF7928A3D3D1F8DBE8CCAA0BEFB
:107010009E74E5BD2FD0773DC27DA43E60B11ABD00
:1070200003B3863D5D35633E433BA73D45131DBD20
:10703000BA7245BC224592BD397287BDD2F510BEE9
:10704000D89087BD3B5C693DCC02F8BDEA40B03BBF
:1070500076B7D43D41F6C73D32E8A03DB148963CF5
:10706000FAC260BD1197D2BCA0B28E3C501A0FBAC2
:1070700011A996BBD58569BD15160FBFFDD72FBFCA
:1070800061F658BEBBFC1E3DB92168BDAAEC673E47
:10709000AD65963D28EB3D3EABEBD2BE0494AEBE53
:1070A000483A05BD8991ABBC312E06BBC840CABD6C
:1070B000963EA5BECFB43DBEB78948BE0F0F1BBCE0
:1070C000F788DB3CC94DB8BD13CAD73DA13791BC89
:1070D0006CFB5DBD48F6E9BB6F0B24BE2FDD2EBEF9
:1070E00036EA80BEFBFDB9BE6197DBBE0381FEBE02
:1070F00018AD62BE1015D2BD2452953EFC22793DDA
:10710000DFC83EBDFB37D5BD60939FBEA3B895BE1B
:10711000BFAEA2BE99CB0EBE1B90C6BC90AF42BE06
:10712000E9A114BE47CC87BE2C26D3BDD04704BCF2
:107130001A442A3CAF0656BD5A7E533D17EB543DC8
:107140003196B3BC7113E5BC7F3E1DBEFCA869BE81
:10715000697690BC6A2416BEEA7A183EB5E6B23C5F
:1071600015C04B3C052AA83D5EFEB03EE08A5FBDDF
:10717000AF70B73DAE53C33B369C32BEB6BFCABE3E
:10718000AF56E3BD7462103D858A0E3BA0ED6ABD2B
:10719000B6CFFDBD14AC14BEC23405BEB1A046BD11
:1071A0001DF7EABCF58E273E40BB903DB4EBCFBC4B
:1071B000D8DDA93D57E2833C5CC709BCBC268EBD27
:1071C000D99576BE551C2D3D795A80BDD024073EF9
:1071D00032BF7D3EA5C75A3E3902FD3E1160533D88
:1071E00087898C3D4A62EFBCC41F04BE70151ABF6C
:1071F0005837D9BDA75BEABADFC4443D572F3A3EA2
:10720000CBE577BDE1B7B53D195181BD53CCE3BDA9
:107210000F2DF4BD68BD74BCB6FCEC3CD96612BC45
:1072200073EFAEBD434A6EBC40CE04BEF643D9BD3B
:10723000863CA6BEAFF1B2BD1DEA77BEF1F8F73DC0
:10724000A31490BD21FA3A3EFC1B8E3E706A253C89
:10725000449C5FBDC2A0543D207D243DBE00C0BE05
:107260001EF2C43EC391A53EA8BEBF3D0AA5A13DE6
:1072700036C477BA229A6A3DD8F30BBD204D98BD2B
:10728000DD2217BE2A2CD43DF86880BD0F8AF7BDD9
:10729000F8A823BED81F7FBDA0E12DBD430E38BE88
:1072A000D65104BE15E194BE122F903D8B8C34BE96
:1072B0008520B8BD8EC394BD92173EBE4E4A9EBD7A
:1072C00010C9F7BBF683D9BCF1622EBE5DCA8E3EF3
:1072D00018AC3D3EA7FA7E3E3F6081BEAD6ADEBD82
:1072E000498E2CBE014C55BEF7199FBE8C119EBC19
:1072F000F4A8BEBDFD05D4BDA26EC4BDC533C7BDD7
:10730000DE80C1BDD3F025BEA0795C3C46034ABEF9
:107310006E5A85BDEE3A2A3D901F123E3E43453ED1
:107320008F26F73DDC1C56BE4DD3DEBD485432BC23
:10733000E8D528BD819B17BD89797DBD4584ECBA10
:10734000E70EFC3CFD343DBE73BE013E30C7EB3E54
:10735000E5AD903E5A54C93DFFB98FBC24FBBBBD7F
:107360001846FABD1BAC07BD5790773DE1C9BDBDBE
:107370000CF0963D5E4EA3BC00A595BC8F441A3E12
:107380000EFDDDBD5FCEA5BEBCC4113D6FE2A4BE47
:10739000741CD3BD8A507C3DFC5A9BBDE6E346BDC0
:1073A000F6921D3D8CB9A9BD348096BDE83870BCFD
:1073B0000972B9BC72174D3E92DC1B3EAC906B3E1D
:1073C0008A2B543EC958343FCF96143FA1B6293F6B
:1073D000AEC22D3FECC7F33E06E91F3F2E1A8FBC0D
:1073E0007CAF973EAA718B3FDE4B223E49C2BA3E2C
:1073F000D51BE73E0907AD3E037D843E03C6BA3E7A
:1074000076E007BD4417A6BD58885CBC415F03BD4C
:1074100090ACBEBBB68C9ABD022643BD032A8D3DFF
:107420004EB2653D301EFB3C2289DFBC5C13B0BC14
:10743000507B953B96A2FABC5888873CE7BB29BD98
:1074400011C157BDA2C3043C566B2FBDA3449D3D43
:1074500034D5F1BCAE5B7E3D041689BD2E5A66BDA7
:1074600040B896BA4A6F0F3D1887503C543EAD3C29
:10747000307048BD79293FBD22DAD2BC3617613D54
:107480000E0F513D82994E3D1CCAE5BC9CF68BBD4A
:1074900022323BBDD9238B3C418140BD913494BD08
:1074A000B6CA473D99E77EBDBA210BBE9E7060BD4E
:1074B000DACB0BBE629956BE0B71563EE99B0DBCF2
:1074C000E888CFBD570568BE017A11BE042CD5BD32
:1074D000F0F51EBDBF7F58BDB08BCCBD101304BEF0
:1074E000202B0B3B16AB783D641B133DDC8BFE3C25
:1074F00068E584BC392D873D5906863D5BB4BEBC2A
:10750000B7950EBDFEBEE1BD05CFEDBDA4EE41BEFB
:10751000BA5B0FBE246D483EBA8DCCBC514F8BBEBA
:107520007E1956BD2C6E07BD0FBD023D0BA2643EF9
:107530006F11BE3D536E34BC95ADF53D28CB80BE7A
:10754000C6EF81BEB66D60BEBC8404BEBD520DBE2A
:107550002F4C633E01F1153EAB5A8A3D8588883D2C
:10756000F064C23B0C4865BD23B79B3D0F3C243DF6
:10757000FD34DDBD9DC9F9BD030CC2BD4B2E28BE37
:10758000CA7AACBEEE5C26BDA7CB1EBE0A477EBE45
:1075900096774EBEA5D574BEA51897BECFD557BD5C
:1075A0006A5919BE9B9E04BEB49A83BE038B8BBCE2
:1075B00031082EBE2517A5BE98799BBED5343C3E1A
:1075C0000448EE3D1958313E30C9093ECC29AEBCC5
:1075D000386137BCACB2E5BC3FAB69BC6A5B99BEF5
:1075E000E73C9CBE26C43F3EC57D153D4DFCA5BE77
:1075F000EF4188BE36E45CBE8B3E513D6E6469BE91
:107600007CA6CA3CF1B4A7BC4ED178BEA863B6BE76
:10761000D59C66BE1C6658BE3EB914BCCDB386BDB3
:107620000EA799BD7224D4BDFE3253BE6C8DE2BD4F
:107630006AECA4BD1317E53D23B0133D1F2808BE17
:107640008804D33CC9108A3D2005C73C9E786DBD97
:107650000B5F5C3ED9BA813EAA4511BCD5AE753DE3
:10766000FE8BC7BD74B0E1BDCE90A03C9FFB233D17
:10767000BF0B373D0F32F0BC0317EFBD22FDDABD63
:1076800028CA05BE68C256BE2549913D1BF575BB8B
:10769000711586BE1CD69C3DC5DE0C3E7ADBD3BD83
:1076A0000FD786BE9587E3BC323B92BE157F5CBE8A
:1076B000E98FA3BD0B8B41BEC78097BD74AE4F3E13
:1076C00050120ABD4F5F4DBEFC67183EFA58043E8B
:1076D0001F040C3E68BA403E150A5D3E649D90BD95
:1076E0009ADEEF3CA912983B0ED6C2BD740834BD99
:1076F000DD1A6EBDC8B76DBEF63053BE74CD35BD54
:1077000021A9C9BDB246D03D22740CBCDA7AE9BDCC
:1077100074D59ABE0976503D838ABFBDC62B403DC5
:107720009057DB3C0D9210BE2A52843D19F6D13D94
:107730005B84593ECB6502BE6F525F3E70865B3EF6
:10774000F0D7693EF76D303E68FA9A3C5D5B04BE47
:10775000F60300BD8ED7973DADE6043EFACF64BD7B
:10776000B569B3BBB0858CBE470BF2BDE8B0443DF4
:10777000C2B18F3C806930BD72FCB3BE9F0BE3BECB
:107780008FBDF0BE335AE1BEC4FA50BEA8F79FBD0C
:10779000469D9A3D85301D3EDA69F2BDA5CB8D3DF3
:1077A0004A519C3E67E2363EA043203E6FC82A3EC7
:1077B000C625183EB71164BC44F8AB3C4A30A6BBA2
:1077C0006E6B703E70834F3E416A463ED523BE3D90
:1077D0003378D53C595EA0BE3AB226BE98CDA7BC40
:1077E0007908423DA507D0BD6F3689BEE6F80BBFCC
:1077F0003B5EE3BE7095AEBE9507D43BC40768BE42
:1078000001694B3D3493463ECC89AD3D96C9433E1C
:107810008154EC3DBB61F33E7F4BE43D2AA3C73C62
:107820002BAD7CBD678E44BDE312593D251BF53D54
:10783000BA5D773ED3659A3CD563813DE235763EAD
:10784000F892483E146D1A3E2CFADDBC2D176ABE24
:10785000FC335DBEB39F2B3D844BD3BE240CF0BEE6
:107860003D16B0BE0F653DBE983B303E0CE56A3E0E
:1078700008178A3D51C2173E665EC43E134EE73D6F
:10788000400A163E6FC37C3E5634DE3CE9CF0B3EC9
:10789000D837693DBD85E0BDE812353EFA8CCA3D5A
:1078A000F554ED3DF107EF3CE09F273E5BC8AD3E50
:1078B0003388B73E5EF9AD3EA4ADA53D82C6A9BEF4
:1078C000641910BF2BB1ECBD82FBB2BE571A6DBE5E
:1078D0005CF443BDFF730F3EFF5E523E8F10A53E2A
:1078E0004967C33D6CECD53D25B2A13DA9739B3ED4
:1078F0008137183E7DDF0A3EEA31E5BCB65CC13D0A
:10790000216025BDE72C1F3DD7BFCE3DB249343E97
:10791000254AF3BBE81D873CF0DD5B38FFCC133D07
:1079200021739B3EC790D43E2BD80CBD71B3DDBEF6
:10793000AF7D04BFDCA18CBE0BAD0EBE6D297DBE3C
:10794000814386BEE13E39BECA8908391623083E06
:107950002926443CE442193ECB398B3D0694733EC4
:107960001C710E3EF02D773D3F0F27BE71462ABD9C
:10797000FB4C58BD108CFABDC673DDBDD715A83CB5
:10798000D32799BDF9CFDF3B53DC223D5CED963D1B
:107990003D959F3EB1999A3E99AFB73C2880EFBE86
:1079A000591F00BF081152BEB2E837BE11A245BE32
:1079B00095C1F73DE698A73E615A023D13A8BE3E29
:1079C00034E5083CB053453EEF087F3E57B0F83DE4
:1079D0008256ABBC67AF40BE64F67CBE384517BE6E
:1079E00069DA37BDEF2A293D10161EBD36C854BCD2
:1079F000E45E99BDC1B244BD2B192BBD8C94D03C23
:107A00007FFF963EF74ED83E57DD7D3CE21208BF21
:107A1000A724C8BE70EECCBD63034DBDC33A85BC80
:107A200072ECBE3EA88F073F5452CD3E4262113EDB
:107A3000FA0CCBBD18FFD23D5E38123E4F7DF9BD2A
:107A400063E5D23C4EB57FBD6180A9BEB55F4FBE38
:107A5000DCD717BE961DB6BD9B40DEBD598E10BD4E
:107A6000BCFFE43C039ACFBC76E3DABAAFDDED3D70
:107A70009D3A413EB136813EA2006ABE70BE8EBEC6
:107A80008F8499BE150B08BD826C303E10D2393EF2
:107A9000AF84123E0A93AB3ECBB70F3FF100693E75
:107AA0003CD92CBDEB7FBE3CA6A2EF3C6C81BF3B1A
:107AB000A300EE3D890A95BE21E594BEF508AEBD52
:107AC0001FF21F3E5574CF3B7A6D83BE02277CBDEB
:107AD0009729643C1C3D313E8E2B843E7393853E3A
:107AE000DDFA5A3E3C652ABE8BF2B9BECF3F64BE7A
:107AF00001B592BDAB0B38BCDA4C25BD3890813D49
:107B0000252C4C3E8950993E796CA33E90494C3EC1
:107B10009505843EF4982B3DAE9C503EB970113EC5
:107B200070AB4F3EB1BB8FBE3F511ABE0BF40B3D45
:107B3000803181BD2E6307BEA68300BEDCD6D5BDD5
:107B4000F625473D51C9F23D52CD3A3EBE3C1E3E60
:107B500036F03FBBE1827ABEAB7291BE95B500BEF6
:107B6000A571643CAB0ED0BDE0C52FBDB9068F3DFD
:107B70009DADAD3D1CE15D3E111DA03EC09C783E1B
:107B80006DC17CBD339F493CCE05633EA69646BD84
:107B900044161B3DF38893BE60EE7CBE33927BBEE1
:107BA0007C07AFBE1FA381BEBB5483BDA638623D18
:107BB00085F94C3E9F44BF3D3DC83C3E3F5E803D05
:107BC0007E7C4ABE4D39A6BEF8E4D0BD7ABF22BD48
:107BD0006CFE843E78BB85BD95D0E93C117804BE2F
:107BE0000FDBA13CE5FA293DB4C4883EB4E1993EDF
:107BF000F97B20BE9941313AD9C6603C1F3C80BD1B
:107C0000F211CF3AF9EFA1BE09A1B3BE1320ACBE69
:107C100034AB5DBE4CA0F4BD39FC9F3D061FEA3D70
:107C200020CECD3D0900973C74313D3CACEF57BDB3
:107C300067629FBEEA7C5EBEAEB41FBE1220923C5D
:107C400014BE273E6FF723BD511922BE798198BE1D
:107C5000AF86CA3D1A6C823E94B7053F59F5513E36
:107C6000D2669C3CAACA2A3A0C7FBB3C57903DBEC8
:107C7000575EAA3DC1C4A6BE0A6966BE39F116BEEA
:107C80007316D9BD0809903D6FA02A3EF90B093E35
:107C9000B63F9CBD19D043BDE9EF3ABEC0D2F9BD95
:107CA000ABE1BBBDB7A795BB930B18BE07DD44BEC8
:107CB000114ED13BAFA019BE6F402BBD438E9DBD71
:107CC0001531203E8E0DB23E703A7F3E8284C53D16
:107CD00034C2213DF889173DC61F82BE95EC99BE7E
:107CE00079B52FBEBCEC0CBFFCDB64BEEBA34A3BFA
:107CF0009A9001BE7CBCF5BD871F053E7FE8863E9D
:107D00002756003D0393F4BD2DCDA1BC0E5FFFBDF2
:107D10000BDCB03D42F992BCEE2A193DF95C41BE44
:107D20004C8CA6BD1E2B2FBD2243993CA64189BD7C
:107D30003AB6933D2F76E33DBDE22A3EE1D5B83C0D
:107D40006D10B03DB9C3AEBDA1094BBEB970833D46
:107D5000F8CC353CA0185FBE1DE9253DB50D453D6D
:107D60000D7C393EED35303DB13B113EDA3AF2BC87
:107D70003E79C8BB5E13FFBDE41E05BE9CC2CBBCF2
:107D800008BE493DECF288BD77A4AA3DFB16B13D83
:107D900055EF373CB5EA883D6082F8BDDA2AC1BCB0
:107DA000121707BE823B883D3CF9B33CA3B4CCBC60
:107DB00049AE9B3DBACAA0BDE7BB33BDDF22193E29
:107DC0009612903D81502F3EF1599A3C7A0E053B18
:107DD0001571473EA4642A3E2EBC183D01B89ABDD9
:107DE000475A99BE378055BE7012843D674C7EBCA1
:107DF0002A4FB7BD77DE9DBD4188A83DA5ED94BD56
:107E00003A0393BC10A955BDA249EEBDE4C994BD87
:107E10007937183D7FB6373E04D41BBE09578FBD56
:107E200011E18A3D025560BDEF158CBE523BC8BEC4
:107E3000DF5546BC90B241BD1989C5BD2565E5BD7C
:107E4000EAA880BE972779BD72ED1EBEE7FEEDBDA4
:107E5000C026033E17854A3EE01F043D38593DBB0E
:107E6000878615BD47C5B53DE56DDDBC551D9E3EFC
:107E70006F267CBC3E9D243D54FA2ABE527863BDD9
:107E80009A1721BDD0DD1C3E06BC96BD3E22193D91
:107E90009A04ACBD3CC66EBD896468BEC1D97EBEC5
:107EA000FA4F153D75B0123E900EFE3D55F34ABE99
:107EB000130B07BE935833BEA0354DBE5B4C72BD4D
:107EC00010DE85BDB54D98BD1AB5F7BCED0C98BD5B
:107ED00099D099BDBE829ABE21C13BBED9D3493E3D
:107EE00082FE46BE3D3567BEA1AC92BECF8B6FBE53
:107EF0007FD0FF3DB6A28F3EE9144D3EF09F4F3C30
:107F0000AA5D2E3DA8B09BBDC6B5A6BCFEA8073E87
:107F10008758403EF7F1F53D9C611E3E848D103E32
:107F20004A9C6BBE6E98C8BE04DEA7BEB1BC2BBE19
:107F3000DB98F1BD564E0DBEE97FCC3C6C500ABEBD
:107F400037E3A7BED1906CBE6D6B9BBEF18A0CBEB1
:107F50005FCA85BDD89F5FBE2AC2BBBE5BA3CEBE33
:107F6000D6D9A8BE324A423E48EBE53D1C8A77BDD1
:107F7000AB652DBD240BA9BD4CD76CBD780D91BD53
:107F80002E64B6BC2B721D3E374D5B3E3750403ED3
:107F9000353CFD3D39BE583E9F444DBE6B8264BEAC
:107FA00011EA8A3D08589ABE82988BBB9A8DD5BB40
:107FB00008E487BE829063BE4F73DDBD309618BE65
:107FC0008B5127BE537EDEBD7C8155BE675C3FBEB4
:107FD00048CB413DF4A4863DA3870BBD632A4ABD2F
:107FE00069D48A3D720212BDDE0E3A3D4447903C90
:107FF000092D2EBCC863223E62BDAD3D1B92BD3C27
:10800000CFD1E1BCFF72053EFE18FFBCE030283E38
:10801000A35F773E8F2BBB3E4602A83E87DFB43E70
:10802000BB633F3E8E4B5F3E759D27BD2F1D543B6E
:108030005E67B03D0A281EBDA7AB1FBDA12E823DC5
:1080400076FA3C3D30D682BD1084F23BEF61A5BD8F
:10805000C039683B549A84BD564070BDF16252BD30
:1080600093DA2BBDF5AB923DCA111BBD680D7ABDED
:10807000481A8EBCA6704BBD426FBDBCC73441BD13
:1080800058DA70BB60E517BDCE06DD3CE8E143BDC4
:1080900000EAF23B481EA8BD7CBBA8BD4B958B3DBA
:1080A00087B83EBD807D01BDDCAF833C800C1CBD2C
:1080B000EA484C3DBA5E683DC6D999BD10D1353C01
:1080C000506D8FBCC72D68BD2CF24FBDC0D3D8BA40
:1080D000B237C0BCE0EADDBB4E9900BEE0AE343D35
:1080E0002CF5803DE8E303BC83E7423CB4E2C3BD2A
:1080F0003A398CBD682636BEE8FD84BD94B11FBEFA
:10810000D13649BEA61C53BECA2BA4BC7FF4EBBD1E
:10811000887790BD7C7A6EBDC29B003B9EB398BDB4
:108120003FA4A3BD74A68B3C70A4B43C90ABF23BBF
:108130009A00443D3C769C3C79DC113DB9E5E6BDB6
:1081400042D29D3C09E741BDF519063DBCCD53BE69
:108150005ADB323EA4AB6C3EA865B33E015AF23CFA
:10816000897A5B3ED0889C3D563E9B3ECA9794BE22
:108170008E5ECDBE669AEBBE8A0B83BE6926E6BDD7
:1081800005709C3DA974A63B8756F73CC0FD00BE18
:1081900097B4FE3D75BF343D2BE123BD5ACB513D15
:1081A0002F3BA6BDD3C4AABD1E9590BD9B9309BE0F
:1081B0006E2099BC8FDF083EB21E353E73C7673E06
:1081C000E97CCCBCF70849BEC42B82BEA512E9BD30
:1081D0003EEA8EBE181238BE9F7AACBD378A08BE02
:1081E000B323CCBD1017CABD87543EBE83FEFFBD6E
:1081F000E260B7BD0961763D0EDE6C3E0478DC3E80
:10820000D877AE3E0FF167BE357E58BEDA6B0A3DB9
:1082100069E09BBDD79E973DD414BE3D04F435BEA6
:108220005065B6BD7F0950BE4EDD35BC20912E3C59
:108230007CA2BD3D126057BDB31F1C3DB15EA5BE03
:10824000465232BEA6782D3ECD72E33C1AC2DCBD4A
:1082500071EF2DBD129E0BBC2F2329BEDDF3443ED2
:108260004F1D453ED9CCB03E0702B73ECFC98A3D2F
:108270007320DEBC16D597BD982501BE55E2293E78
:108280009B3956BDDEC72F3DF2B70C3E233F113D53
:1082900000CC5D3EC0AFB5BDC0E6783CA438B23D71
:1082A000F44A07BE0CEAB0BEFFAE1ABEF66D96BE2B
:1082B000CF54743D6D450C3D8DF0013E81A80B3EC1
:1082C0002B0CD3BDE999DFBC0227C43D1DB7803E0E
:1082D00026C707BC3DBE1B3E9E8878BDC81FBC3D5F
:1082E0002283A7BD1B78BC3C332382BE78C6D13C19
:1082F000701D173D9D0C0FBC1F6D85BEC570933E54
:108300001090FE3CF5B3FCBD4F3CDFBCB7609F3D19
:10831000ED99B7BD72AFAB3D0B520E3EA71EA63C0A
:1083200032DC183E69CDB13D9AB9113B4A9AC53D40
:1083300064BB843E5B8B69BD84F72FBECA68413D38
:1083400012510FBD8DE9933DAA3FAB3CFB1EB5BD5D
:1083500078CC67BE9D07753D4CB293BEA4CDB3BD2E
:10836000634202BD23F6AFBE11929BBD0CD6B83E50
:10837000EB13C93D74B766BD2C12AD3DD3F09CBB69
:10838000FFE1C8BD6A33173E7907DABCA04F143E3F
:1083900092D8393EB310033E4C2A0C3E945F6C3E9B
:1083A000AB7DFA3D8E33083E58182DBE21FBC8BA6E
:1083B00017F9EF3C02FA4F3CC1542DBEF71805BE29
:1083C000E40CF73D0B151F3E0A1E30BE448098BEDC
:1083D000D4A2423C4888A8BE621A4E3E4CC6393EE2
:1083E0002C07133E78B39A3D9050013D62D58BBD6A
:1083F00027EF55BD654A8CBB3D9D8DBD07C0213D16
:108400000B75193C74741A3DD56E263DBA49A33DCF
:10841000D782C43DACC4C4BCAF3F5DBD2E281ABEDC
:108420000EF355BD4BB6C93C2C49EA3C433C0EBE4D
:1084300034D132BD887D353E29E2243E595481BE77
:10844000672398BDCA5A8BBEFB1CDA3CD2651FBDA0
:10845000DDDF0BBEBB9AA23D59F3ACBDA092573BEA
:108460009B85283D035526BD0E8026BD213855BC71
:10847000DC723CBE4A6C8BBDE56909BEE3F6E6BD25
:1084800094FAD3BD9FB698BD916B10BEC7C2113D83
:108490005A35AC3D2D22CD3D295A00BE564DAC3D3E
:1084A000D80C35BE4740A8BD5103CFBD0BDEDABEA8
:1084B000E4144F3D2F0E75BEEC94ABBDE367193E3F
:1084C000E20BCCBDDE1F833E032C6BBD4B64A1BC15
:1084D0002D9A67BD746B95BEF21539BD5C3005BE33
:1084E00097E297BEA37594BE26841EBE2C0434BDAD
:1084F00069E7163D20593DBC3C12243E5E900E3E7D
:10850000778291BD2325F8BD640F3F3DF18A15BEEA
:108510007FCE68BE02160ABEF3BEB3BE34DEBDBE59
:10852000F017BC3C66075FBC181DC0BE834049BE47
:108530000B4953BEA57B9A3DCEC571BD723DF0BDC2
:10854000D5EDE53C848486BED49A40BE1DA5A3BE6D
:1085500094FF6DBE83F401BF04A345BE6E1EF63DBD
:108560006031233EBAF0103E6969DD3D2CF8103DC4
:10857000820E203E1D39333E1987AD3B49C36CBE88
:10858000B7B0A8BEAF2DE7BDF0F6D5BE0790B6BE1A
:108590003FE4E3BC563093BCCFDE25BE4BEE82BD3C
:1085A000A2519F3DEB67A9B97F5854BE373F25BE06
:1085B000EB0FC8BD3EE9F7BC721F52BE27186DBE57
:1085C0007BE6A3BE38E32BBE0448C8BBAA9BA53EEE
:1085D00015AD6C3EFD75083E6B4F9D3D9B9F713EFA
:1085E0007C7E823E8011A23E4F38EA3D85482DBEFA
:1085F0008E77CCBE8770E7BEAEA627BFD46996BE85
:10860000FB88C6BDAFEF2ABAFD664ABE61EDEA3C03
:10861000E3F5733ECB48FC3DB1E5CDBA4D2A27BD0D
:1086200092C7A73D582484BB6BE27BBD52D8C3BD23
:108630008CEAC3BDA4D249BBC5A7BF3D4FDF7E3E78
:10864000AB18333EF0B9033DE8C5503E7813A23E67
:10865000CE52113E06F2013E94C0E1B6940C6D3C40
:10866000D9FFDCBE51B004BF9AFEABBEF078463BEA
:108670008D7E93BD59DC0BBD1D71AFBEBE76B1BD05
:108680009ABAC43E4CF5303E39B3893CE3BC4E3D0A
:10869000028A283B3CE609BDF707BABD6CE3A53B5F
:1086A000CD41EE3D2A99B03DE77D8BBD8123003E53
:1086B0007147493E3A5E0A3E1B5FDA3D5F52843E97
:1086C00023CCA6BA07A760BC257AEA3D81A2E4BD07
:1086D00048BFDCBE846744BE4DF81EBE0ECC7FBCD6
:1086E000F20DB9BD0C6CACBDDEE6013EAA1F4C3EDE
:1086F000DB67963EAE2CEBBB189290BCFB4D8EBD5B
:10870000B4CBCB3D410A9DBD95DB88BC62CBBC3D63
:10871000B9DD123E539F023EED96763D042B2C3E72
:1087200056A2E73D2B6E023E81D7833C3CC6033CFC
:10873000AF8A6A3D48A7BF3CE401A13D627DB9BC58
:1087400038C7F8BE609766BEACBD983C50BE213BB2
:1087500052F342BD05FA5ABD3823AD3C692ED83CD0
:10876000B67E733E8DAAE93D26D90C3E1B7EE13DC7
:10877000FAAA25BD4E4AFBBCFD15BCBCD6D9243E89
:1087800058743F3E765BB43C3DB22C3EA9A7AD3D4C
:10879000ED92A33DFDEBCC3DD9C54E3E68A79ABDF9
:1087A0004597703C6FC42F3D3A526E3C2AD40B3E25
:1087B0003A8D81BC281F243D5115C2BEC7037FBD21
:1087C00029C435BD88E919BE4202D53DF3E0BCBCE1
:1087D000305C843E5B8B483DC3CB843E90AC1D3EF9
:1087E00073DA8B3E3376383E4ED44B3EAB09653D53
:1087F00070FE4D3EB292553DAE81F73DE931C83D28
:10880000C65AC23D13DCF63DA09E1F3E9C86A33C8B
:1088100093F086BDD3D917BD6E99023DCA50163E5E
:108820004D8569BE3C1051BEBF4E1CBE5FE8C6BD43
:10883000041874BE451CA63B9CA583BE137F8E3DC9
:1088400078FA853D5A27C23DD3AF233EF666623E95
:10885000EE300E3EC0F09A3E33749B3EFCB9B83EFB
:1088600053C6903EE18A223EB2F682BCD3045C3D00
:10887000C036863CEF162B3ECF65643D2162953DA8
:10888000F1693BBE90555D3D03549BBD74F3023CC2
:10889000941B4E3D4A3D23BE26EA11BEF59D363E51
:1088A0004BFB56BCFD0944BE4774AABE36D6EE3D0E
:1088B000CA35ABBD0E3CDFBBC628BA3DD191003EE8
:1088C000AE4398BD09043DBD3FDD1E3E702A443EC7
:1088D0009CED853DBCE0F33BE17A753DF59697BC98
:1088E0003AC4D73C130DDABB89AF52BDF59482BDB3
:1088F0003F47CFBDD0B306BDA127A93DD3D0653C2E
:1089000028FEF2BD773023BCCE7FFF3D2508BD3D5C
:108910002663583DC68374BD5FE672BD649D293EE3
:10892000784CC63BDB99EDBD448166BD215E253D9B
:10893000872AC1BD0B7DAABD4BA2313DE5DA66BDDC
:108940002996C13D00B3D4BD7FCCBEBD1CC529BE98
:10895000A1D7B0BDB3CB25BE13B483BD95AEA6BC25
:1089600084B0E8BD892408BEA26B12BE83C659BE7E
:10897000E5FA263B9966623ED8D03B3D84A64DBDC4
:10898000B992A33DCFEF603CC46ED03DD670C03CE1
:108990009E23A5BC95AB2BBE986A973DBAD303BD69
:1089A00027B551BE68FB94BD7297B13DFE1A993C44
:1089B000A7DF4D3CFBF5C73D50A988BC4989ABBD3D
:1089C00017FF8ABD184CD4BDC6F75EBD88B67C3D86
:1089D0001C842ABE838727BEF01A24BEE66F40BEE1
:1089E000E3F110BE40A3363DD66A1D3E153C6E3DF8
:1089F000A423863C4447043DF9F4763ED06312BE7E
:108A0000FE8602BECD642DBE5905C13D0F54C0BCCB
:108A1000498FFDBD31B04A3C737BB03D7CE9E0BC81
:108A20004FE1B93D0438713E44FE7F3D6CEA6EBDB6
:108A3000DD67E0BD695B0FBE42124DBE447FD6BD0F
:108A4000C569D5BDE7FBB43CC6E001BED78836BDDD
:108A5000199F473D2ABD553E489609BE2990E13CE5
:108A6000B9EF9D3D9ECFA3BDB0F265BEB73972BED2
:108A700009884ABE8E1ECDBE7BDB0E3DEBC3D23CC9
:108A8000DF04A23C472EC63B45B332BC2612FD3C58
:108A9000814883BABB07563EF4114B3ECFC907BE8F
:108AA00001E312BE6441E9BDAEA8DB3DA6B1283D9D
:108AB000C770E9BDEEC4483AACC387BCE3A70B3D21
:108AC0003DDF603E04F5053E0BB72DBE6FD79F3DE1
:108AD000199A68BDFEF2523D02CB9BBC7BBA5FBEC9
:108AE0003282D6BDCF3610BE04389F3DCA9F8E3D20
:108AF000D184033EBF15233DEB7FA6BD67C7C6BD2E
:108B00003BBF863CFC5A5DBDBAC00E3C7CA454BE43
:108B100092A94FBB563544BEAD1A92BD27C516BEAD
:108B2000D39C23BCF78A04BE714B083C507F6E3D3A
:108B30008C3E94BC72D8B23E93476ABB80F6013B30
:108B400070679DBC166C7B3D1B97E53B5C5025BE5A
:108B500078D839BD79ECC8BC36064CBD5D1023BE53
:108B6000226708BD894F51BD58C4AC3D8C1EB5BCB1
:108B700038ADF5BD9803383D2F75713C72920BBE30
:108B8000F8E7CABEBFA62ABEDBFD1BBEC33498BE33
:108B90009F7A903E2A40ABBEAEFBC3BE431174BE6B
:108BA00059F2A1BEAFB4A7BC67A48C3D748F00BDC1
:108BB0009C11B3BCE07565BCC97E9BBD644D043D92
:108BC000BD5C703E584A1E3ED9A6E6BA232E6E3DC5
:108BD000D9A0D4BD04B90DBE5C1C81BD878F25BE54
:108BE0007E3C18BEEA5FACBE56F74FBE8F86D0BE45
:108BF00004272EBE5DEA25BE386807BFB28EF2BEDE
:108C0000B68356BDAFB7AD3DFE613FBE9EB9D9BD7F
:108C1000E7D31E3EAA18C8BD6DAE843DF0F617BD61
:108C2000182735BDC5153CBD0ABF4ABD611B9B3D1C
:108C30003D7EFFBDC3E1E0BD9FBFA3BED1C7B1BEB6
:108C4000892094BEB63841BECF342DBED80013BEA5
:108C50007AFCB2BE85A334BEA69E973D8BDFF0BCE6
:108C6000F2C5DDBDF43C6ABD0203D33DB07E263DB6
:108C70002446693DB1BC0A3C293C3DBE1A963EBE25
:108C800080C301BAF46DDEBCAEBE513DF8296DBCA7
:108C900000CA233AA0CF96BB1794A7BDEBBE07BD71
:108CA000003AE33920F34D3BBC3FD23C5C3FA5BCCE
:108CB000383019BC20422F3C98866C3C02C44E3D93
:108CC00026FABFBBBD7DC93976C444BD0193553C6E
:108CD000FF3418BD40F9E23A3C039ABC05CD99BD7A
:108CE00061B824BDFD0C95BD512B68BD50A6103C4C
:108CF00000979BBD5EDA593D4695563DBEFE41BD8F
:108D0000F0B114BCB4A889BDD62E3FBDA88E07BD56
:108D1000190105BB0D10BCBD0185C03B46A8D93B60
:108D20001C5381BCEA1D54BD7E05533C3848FB3DB5
:108D300021980DBEFB0B3FBC5CAEAF3B8EB2AEBD0F
:108D4000E2B90D3EA7ADCA3C37A1E5BD02688EBDB4
:108D50007FA9B3BDA201ABBCF091613C11DE0DBD9A
:108D60001E302F3D8660593D470B59BD7003FE3BB9
:108D70007A2B673D3AE486BDC0939C3DD1D359BC64
:108D80006EE7B83DBC7B23BCBBC453BD614D2E3EDA
:108D9000C598DFBD69569DBDD046233DB54DE3BDA9
:108DA000C1F1533DEB9595BE98D281BED4F1ADBED5
:108DB000260311BE5F383BBEC07871BE88AB8DBE46
:108DC000BF02C8BD78433A3E25221A3DC89F523E95
:108DD000AF28C63D77583D3DA8D2E03CC8CC183DF1
:108DE000EC694BBDD7517BBDB9A18B3C1D62073EE1
:108DF000FAF22CBE6DFA1FBE9F4595BE06A988BD2E
:108E000018DDAC3D84E6D0BC10704B3CAE91683EA2
:108E10009D669E3E20BEC33DCC49883DDBCCD4BB85
:108E2000D63D143E97D8703EF09BF9BD8DBEF6BD81
:108E300088396B3EC2F4A93ECB08313D2C65EE3D2E
:108E4000D8D07D3D6CEC253E767AD93DD5D7AB3D6B
:108E5000CE3C9BBDB48EBDBCE3979A3D388A293E7B
:108E600046208BBE0F2ABBBD5292B8BB15E61B3EF7
:108E70008D58723D3BA8113E1B700ABD1A7D683E9D
:108E800064D06E3EF0BB6EBCA822303DBD85EA3D8D
:108E9000D7941DBD3140763E87E7543E06A339BBCB
:108EA0002A30943DF45A403ECC48FC3DB7F3A2BC76
:108EB0003481EB3D5E94D83B489B7F3E01F3BABDC5
:108EC000202267BBDE383D3D76BBD9BD3D0A683DFB
:108ED000544048BE666C273D184B053EC22C2F3EC1
:108EE000D918193ED30E0E3E4DC8CBBCACE0293E7E
:108EF0001348403EC9509E3D96D35B3EE617513E17
:108F0000A5327E3E8C5F2C3E1E5C1B3EB107D83DD9
:108F1000F26B513D289F94BDFD9DE0BD81838FBEC6
:108F200061BC85BE9420F03EE6F47C3E6ECE4DBE24
:108F300002166A3D101D503D12400C3E8C2BB4BDF4
:108F4000DA1015BED37DAD3EC174733EA5903F3E91
:108F50009289BD3DE3595E3EAFB9CB3DE054313E11
:108F60007E8D293E95E6113E49E945BCAAC22C3DBD
:108F700039B4173DE714093EF014B23D6C568D3DEF
:108F80006B193B3D1510CD3DF40443BDD6AC10BD6F
:108F9000D5E42DBE7A5D143DE18019BE355FA33C5A
:108FA00076938DBDAA64B63E0651A63E42BF923E60
:108FB000E4CDA93EED6CC23E8DDAB23EF60B9C3D8F
:108FC0004078113EEA06EE3C1D496B3D3E7B273E54
:108FD0003C65943BD3F72C3E7F8D19BD0FCDF63CFD
:108FE000D20089BCAD5A873DC2C7D13DA89C233E63
:108FF000924D0C3E476A97BD535D49BD690AA93D34
:109000001432EEBD0BE239BED10271BE5146023EB2
:109010000AB49BBD20019D3E357E893D5329853E86
:10902000787C793ECA972E3E9098A03E2E26CB3E65
:10903000BF140E3E2F106F3E9EEA3A3E4DA4F03D07
:109040003155393E05BD8B3D8BECB73CD5F8313EF3
:109050008DE7543E3A00E13DE7E3373E1115413ECE
:10906000B7BC323E172D3FBD5A6C063E6DE27C3CCC
:1090700018DB033D43CEA5BED71F053E52CCEC39CD
:10908000A86ABA3DA6411C3E7577D53D12410E3EF9
:1090900095B78A3E9F3C8B3ED0BA193E36D24C3EA5
:1090A00060D4E23DC202383EE18D4A3E920F2D3E31
:1090B000BAAD643E0581F23DC646333EF557403EAB
:1090C0000F200D3E47E7603EF1CDFE3D5852B4BB48
:1090D0003841933E1AF0CF3DA5FE193E5F5A063E39
:1090E000200957BCBB23A5BE5AFBAA3D8167393E68
:1090F00066C2E7BC07FEDD3B57CDA53D4937783D4D
:109100008210633E7F58883DE8C2ACBCF45DA8BDC8
:10911000256ED5BDEFD3B5BC08C1DB3CD526903E4E
:109120008290313E9039243ED448B43D0E3D513DAD
:10913000B9366D3E18698B3EDC78133E5A9B193D5B
:109140000F6A6A3E6354CB3DC323463EFCA6393EBC
:109150004C41C9BE1EF5B7BE0A4F8ABEDB1CDCBD42
:10916000A44982BC3C648F3D7FE8A83DA76ABFBC90
:1091700031F7023EA2C6D6BD156171BDFCE359BEF2
:10918000430C66BE6446F8BD24D4A3BD83D9BB3D61
:10919000E50BFEBC3F9E8B3BF536B03B372C1DBE2E
:1091A0009124F3BD1633FF3D6DB9AC3D0706993DE3
:1091B000EF01153E851AE63CCA1616BE207F7ABE20
:1091C0000FA47BBE1F93ABBE1BBF84BE6FE02BBE44
:1091D000E8B029BD81FA013D5CEEC5BDCBD796BE96
:1091E0002D5D90BE554285BCA88C75BE50C8A9BEE9
:1091F0000A31E7BDE3EB00BEB56337BEE2D4A5BDDF
:109200007DA5F33B5D61A8BD9C6B96BE948D63BE4E
:10921000F6409FBDB4C3173EEAF2F43D00798DB924
:1092200091A4323C885CF4BDB775C53C816256BEE2
:109230008862ABBEF113FBBD1E6D35BEF8C56EBDB9
:10924000DE07A4BD61136E3D51627CBAD0166CBEC0
:10925000FF2797BE571519BE74BE9EBEF87952BE41
:10926000DCA4FEBDF93270BE57244DBE76FC91BD24
:1092700041C3C4BDB871F3BC5BAF8EBE3A7B83BE45
:10928000B1D0DFBC1C14F7BC6CBAAD3D2A9137BE1F
:10929000571584BD8F340BBE2CD8A53D75BDDBBCE6
:1092A00008BC67BEE888EEBD892B5DBD187014BB95
:1092B0000224713DF1F5A63A3E95443EEC8C00BE89
:1092C0009A199BBD5DF39BBE9A5EA4BE14FFB1BD0F
:1092D0008E2503BE56FB62BE61D16BBEE24E4CBE14
:1092E00004E0E4BB03BDABBC43D900BCFC763DBE8F
:1092F00072DA90BEB34D32BE9B2C85BCE715733C31
:10930000E49975BEB72A50BE6057BDBC8679093E48
:109310004E5C693D35326ABDBEB90F3E898BF73A66
:109320000DB224BD423EEA3CE31A3D3C7EE2DEBB88
:10933000550AADBB89F636BEFB990EBEF94908BE8B
:109340003E07B8BD70E547BE77BD0EBE938C6CBEC0
:1093500004FD2EBEDE4EE1BDE63BE8BD2850CEBD8D
:10936000A21544BEB57956BE1E55D6BD779DC33CE9
:1093700019DCC33BA819D0BD59A9923DF676353EFC
:10938000D81DB33E484B763E022E293E8DC86B3D1C
:109390008C4D103E63A1B33D22A5433E7C4CF43D71
:1093A000D3C74B3E15E01DBD9C012DBE737058BD4B
:1093B0009248D6BC9295B6BD60F9E4BD0C2F7BBE39
:1093C00055C41ABE2F3591BC6D963CBE2CEF55BDD1
:1093D0008BEE9EBDC3260D3D52CE98BCA5630F3EBD
:1093E000BBC41ABD2A15AB3D6FB0303E9CD0663E63
:1093F00071557D3E135F95BC39EC933C0AE6E63D22
:109400002A5983BDF58DD93D04A292BD338BBE3D53
:10941000D521B23EFF709CBDD7E039BE4A8D26BE35
:109420007297D7BDAE809CBDCAA601BEA53D9EBDAC
:109430007648E2BDAD6F42BED2EB4CBED7EB69BD04
:109440005A6D68BD8B28E23DE15D4ABE9B5A583C8F
:1094500070B2893DFB2B893EC896513E0E421B3EA1
:1094600098F2493DF45FD93C2B95653EB0A1933D00
:109470009FA4A2BD9DA8753CAB5FFEBDCE86ED3D11
:10948000974D533EB750AC3C88A9E3BCD51324BEDE
:1094900072A402BE14F94CBEA8E96FBDC6F841BE65
:1094A0007DE058BE1E2980BE64DC28BEA6318ABD80
:1094B00085068F3DE06F113DDFC721BD5ED0ADBD9C
:1094C000DEBF403CD0DE4A3EABA6273E9CBF3E3EC0
:1094D0004111903DC98C463E77F86E3E1DABC1BD33
:1094E0008F964EBD47D2A93DFEE3E93DB6B3B8BC69
:1094F00016CE033ED3A66FBD53AE8BBD8E85F7BD92
:10950000939620BEBA5BCDBD563CFDBBAAB753BEF9
:10951000DA5CC2BDAB5E02BE96C3C03DB34AF73A49
:1095200038F78BBB4850383EB110D23DDC7FEE3D62
:1095300020F6D5BC9126B23DFCEF293D782198BD9F
:10954000D3B45BBE098C753EA264253D685B74BED6
:10955000F0DE803CB58DA33C97DB403E87E1553E75
:1095600000167C3ED062C13DC941173E9C19DE3DCC
:10957000ECCAEE3DF6FE78BD75F3EB3C58C9FCBC79
:1095800037FF9FBBFB1D3F3D7401E03A6D929D3D4F
:109590000F73F1BD2B77893CD07A2FBC6866573D9D
:1095A000352BBE3C7D8B123E2462B93DBC3E803DD6
:1095B000928C86BE0DB1C73D9ACC8ABDBE648F3DEC
:1095C000624F773CF91534BC17A19C3E9E3A8D3E04
:1095D0006331913E5E71BF3DE54F9A3E8866C23D64
:1095E000F8E72F3E004C16BD4A184B3D8FCF09BC03
:1095F000D4194E3C6407E43D75187A3C682CC03C95
:109600005B7A33BC0FC3933DD425BA3D4325273D38
:10961000E0D73ABEF74319BEB579D7BD4C6B4A3D8A
:109620003C2244BED5BC20BEEB38983E7AF4F7BB52
:109630009E74FCBC35D931BC0D1CE63D0A92333D0D
:10964000809B743E416C8E3E146CB03EB7AE823E41
:109650006E51533E03D1FB3DA9B0A83D514BDCBA3E
:10966000530A853D4F62C93D01CDF13D0779233E47
:10967000218BEB3C55F09B3DCAC5B9BD302B51BE8B
:10968000112E95BE0FA0A3BEECF069BED4D1EB366F
:109690003E866ABED6DE7CBE1C8632BD8F9BD2BCA7
:1096A0004E4F4F3DC427A4BCD93F4D3AF167713EA0
:1096B0005D21553EC4E1133ECC55273E3B7ACE3E5C
:1096C0009B59C53DFABA263D2008463E50CCA53EE2
:1096D000ABA4EB3DE651533EB1BE083E3499563B38
:1096E000AFC706BDC13915BE82C7AEBE67BB7DBE62
:1096F000F0A6C6BE1B36E0BEDA9D09BE4A66283E0D
:10970000F50824BE789BDF3C703875BE2A80133D77
:10971000366F4F3D589DD53CF451523D827F4A3EB5
:109720002D29C6BD6216C0BDF0665C3E8B558E3DD0
:10973000295845BBE84FB7BD095D2E3D298DC53D74
:109740004802D43DC138093EE685F43DA100F33D11
:10975000102B7B3C4ECF6C3C5F04A7BD9A3AE6BD14
:10976000DC3C41BE15A887BEBC3058BC024580BD5C
:10977000FE218B3E40A92EBD0690D33D7CD69F3C5A
:10978000681D8FBC209F65BD5F2F83BE4457D0BB33
:10979000EEF353BE9D4F1E3D39DE0A3E06954D3B0E
:1097A000E24D27BD7BF725BDF9A1BD3E384A023EFB
:1097B000AC64B03D78BF2EBEBD9D54BE10217A3D35
:1097C000112F783E8E69913DD8F5583E02A8DD3EB6
:1097D0005DF2CFBD19CC64BE476736BDF37B10BECA
:1097E000BA67003E64640A3D6F78923D58412DBCD3
:1097F00030BD3FBCB84B6F3CA052C9BB2F0198BCD9
:109800004AE97ABEE0151E3EBC4B843E3FA58EBDA4
:1098100063B4213C3F41BD3D8C62213EDA31E5BB62
:1098200009BA2BBDAB9ABD3D30BCA8BD55AB4F3D71
:10983000EDEBC63DB1F0503D2384783E4027DC3E41
:1098400036DC453EB8A45DBD45984F3E878289BD54
:109850000B25EBBD62C256BD6CEA6ABD2653043DC2
:10986000F26FD9BC8921803D2013713B173396BD1F
:109870008BEA4B3DE8E93B3E5E8FDD3C9A951B3C15
:10988000BB71203EA730183E3980193E2D52B3BD22
:10989000A47FC8BDF9A9423E9F9267BA8005FBBD6F
:1098A000480E6E3D0E67C53E9ECAF4BBA2B5783E1B
:1098B000293EB73DE1992ABD7F6E3DBBF8AE863E9D
:1098C000AC16A1BC2893623CE3319ABD48B504BCF8
:1098D00000DB12BA19708A3D00C14C3BCE7E93BDAD
:1098E000A4FB9EBDF82A6DBC46DA723D36F500BD7C
:1098F00054710BBD647F3BBD426029BD963E90BD57
:10990000FA990A3E0D20A23CFD64B33DA9ADFA3C94
:10991000E0B2353C16918CBD085E933CBC7E9C3C0D
:109920004CA4843C50C867BD89B29BBD7B32883D46
:10993000EEE5213DA670543DAA7AFFBC58EFB3BCBA
:10994000366B3C3D68E7613C183F0F3DD86D5ABD12
:109950001CBD55BD3393CF3DAF99383E41749A3D00
:109960007AB8183EE1EBA73D61B3D43C4A20C73D2D
:109970001225A63ED5678D3E3D826D3E91C6203EA6
:1099800041944A3EFF2B523E5F2C403EDEFD803E1E
:10999000F55E5D3E7DAC723E6E17F03D4F7C793DCD
:1099A000E774833D7F6329BD292C1BBD059DA9BD9F
:1099B000AAA886BDB94C833D1437173D33B71BBDEC
:1099C0008D49A53D31BA2D3D7524663C00DD123E22
:1099D0006A9BA33DD309573ED9C7723EC97F0A3F50
:1099E000A9DA86BDB3D6C8BCB8F2103E8199073F4C
:1099F000AC84673EC7AC613EA440C13E17B4533E41
:109A000036FB3F3EEBCEA03EBFAE423E340E9E3E06
:109A1000D29C5D3ECE20F63D5688533DD07DFFBCA6
:109A2000C892C93C707B143D7F39073E4ECE1B3E29
:109A3000E5EAB63D20F9823D304CC33E49EFA03EF9
:109A400050DF003E1537973E0D5CCF3E0E79863EC7
:109A5000B46BA1BC9E12B93E3052AE3EEA3A043E0F
:109A60007BAA723E3F92553E37C1EA3D726BE03DA4
:109A7000DAC50CBD1B3C63BE6AF58CBECD9BDCBC5D
:109A800001A037BD7BF48DBEE24854BE278D923DC8
:109A9000D0A5D73C97BB4E3C7DDD933D879E3D3E98
:109AA0007C27DE3E51034F3E0E26AC3E47287F3ECC
:109AB0004C5FEA3ED621053F6F730A3FFAE03B3E1A
:109AC00078BD6F3D737F933D32371A3E2348203D6A
:109AD000C62CC83D194C583CC18236BD364494BB97
:109AE0004CC94B3DBE5B693CDAC1B83D72B2B03D7A
:109AF0002C14F6BD1001DF3D19EA3F3DF25D673ED3
:109B0000B86E17BC465B89BD8447173E25F6373EC5
:109B10005B2FAA3E1D4C7D3EB9B8BA3E4B8CCA3E67
:109B2000A710F23DC692D93DA1BC0B3EA848193EF4
:109B3000EFFD5D3D3B8BA23D8DC14C3DE7A1AA3DB4
:109B40005003353E0649C73D049B643D0FD9AB3EEB
:109B50007A629F3E253C003E5556143E0EBB4F3E5A
:109B6000F376C33D7F9FDE3D0F90E7BD47346C3EEB
:109B70000D9A963DD11B413E6E549CBEB2219B3C3A
:109B8000E0D3553E8580AA3D98E88B3E78404D3E17
:109B9000BD763E3E7326483ECCBF083EE6E5C3BCDC
:109BA000C2BE68BB233ACB3D8194D83DFB40523EB8
:109BB000C31D043E6390223EAFE8473D26D0953C4E
:109BC0004E60EE3DA3843CBDEA369BBD2D2D433C4B
:109BD0008212353EA4230D3EC63190BE6F0D593D15
:109BE0009896BCBB76B5A83E36FEACBE1CF126BE30
:109BF00045169E3E60F4A23D22350ABDCBAE183E0E
:109C000048AC1C3EA743623E0B99E33D283885BD16
:109C1000D0FC0DBE3E68F0BD13925BBD2472183CB3
:109C2000FC6664BC41EDB7BC5E32D33D525CBEBB4A
:109C3000469B88BC1727693D9EEEEDBDDE2BCFBD50
:109C40001E01BB3CD5C9DFBBD18F2FBE4F614FBEBC
:109C50004FF5B4BD4BC703BD344E21BE6501C73BB4
:109C6000D4ECC63DA64426BE3C8652BE2827063EFE
:109C700021FB66BC89AD133D7E92873A5D4625BEC9
:109C800052FC52BD0DA800BE320DCEBD96700CBE6A
:109C9000D3AD28BE7CE11D3C0F9958BCA9F89CBDF2
:109CA000F6324A3BC9345A3D908195BC1D6AE1BDEC
:109CB000E154B0BE5ADEB9BEDDFA713DB01DA9BD9A
:109CC00002E08ABDFC53ADBDE7EB113D5FA4AC3DA6
:109CD0008D70C03DEFA6BABDFCDA53BED7A4813C5F
:109CE00089EEF7BCA1CAA7BC5B9273BD35FED6BD99
:109CF000AE2A07BEED097EBD7E89DCBDF1D73FBD32
:109D0000CDEF593DF7EC36BE3325C6BEA70A61BE7E
:109D10001DB2BCBDC7CA34BC5C37F23C8CF0063EF9
:109D2000C62C91BE1F8581BE0CB1D5BD025D08BE9B
:109D30004E4F193D114FAABB2F8283BE5B1B613E64
:109D40008560863DA1712BBD5D5F4EBC1B7423BD3C
:109D5000B55AA2BCD4EBAFBC02600CBEC0DFC6BD1E
:109D6000A73E8FBD43AA803D12648DBBD40A333D0C
:109D70004BA906BD9AA010BD30267BBEB15632BE9F
:109D8000E3F483BE4F0FFCBD5AB3143DE07B2CBC03
:109D90001428E6BE92A2C4BEA2DFCCBED49C44BEB0
:109DA000D52E07BC97159C3D900285BE2041803E74
:109DB000A5220D3E43EC1C3E862A64BE1B58CFBD37
:109DC000D79829BD9D6DA4BD491D2DBEC9B7B4BD91
:109DD000B82BA7BD8B53D8BD65674E3DD760F43C0B
:109DE000DBD3B03A152628BEE864C2BD16DAEF3CD4
:109DF000D8793FBEA44F13BEA9FC873D814DF5BD68
:109E0000442146BD8F3E3C3EE862FDBDD2B445BE16
:109E10002F85C1BD1F600F3D0C5AC1BE9414833EF7
:109E200012B75E3EF084373EBE4784BD9248FF3C89
:109E3000B2F24FBE2D441EBD6F0A47BB469055BEC1
:109E4000331532BDE70335BDF5FCD13DBA57103EA1
:109E50005215F43C5DA781BCFAEE86BAC3530DBC23
:109E60006DD7CCBC8FF8493D7F500F3DF1B7E13D38
:109E7000F123203E296C453D2F82C4BE758798BED4
:109E80002D38C6BB6BCA56BB324387BED7C1A23D75
:109E9000D3E65EBEED9D4ABEFD167B3C8BCB16BE67
:109EA000753F94BD003068BD3D54CCBD5D2598BD67
:109EB00072990CBEC367F03BA59F483E8F54A03DEE
:109EC000C8F8D33D1377153D6582103EFA94BCBCAB
:109ED000281C54BEEFFE71BB8FC73D3D1EFFF73DF2
:109EE00059BFF63D2D6AB7BD7A6C0D3EAFAA823ED2
:109EF000AE0E19BE854A3A3D8A46363E62F1DA3DDB
:109F0000E56690BD229293BD0A2EEFBD2F2B52BE67
:109F1000573A0EBE844DE4BB5ABDB5BD2B17E7BC06
:109F20004D93E43B200F173D3F7E283E36B8B73DAA
:109F300001EE9E3C63A9E8BC201FD2BDCFBED9BDB7
:109F4000DCC49EBEAB30123DECD9593EA599EEBCA7
:109F50001BDF61BE20ED493D8C46C53E24B6903DD9
:109F60008E3994BC23A3913DC987AC3EA7D418BEBB
:109F70001E2F20BE9186323D9456D4BDDAE983BEB1
:109F8000E74CFDBD14A550BCBFA6D1BDFD7699BD63
:109F9000DF7FAA3CE3C5863EE8AA763E1CD5933D0A
:109FA000B423543EF2F54FBECBE2D5BDFA48D6BC41
:109FB000090C6E3D3A93373E24090D3E850D12BDC6
:109FC000BB0F463DD8136C3EF17AAC3E55F4D13D03
:109FD000C264073E7F9AC23D05A8C23EE4E0893EC6
:109FE0008EAEF9BBC2BD8F3B6D715A3E937EA33DD1
:109FF00065CE70BD552AC53D43446A3E8130893ED9
:10A0000047A6313E5F9A793E7D9D9B3EC0EB833EE5
:10A010003121273E7387BDBDB1C8D9BC9F900E3E8C
:10A02000F907293D3C8AFA3D6833613D151442BD6C
:10A0300012BA0B3E8FD8F03E91B1B93EF317733D83
:10A04000055B66BD1912043ECE30FE3D22EB993E03
:10A05000A07B613E43BA203D5E35AF3D9BB40B3ED5
:10A06000435007BEEC0D183B01A55EBD2B8F9FBC76
:10A07000977A513D872AE63C1F7EE63C95FD823D5E
:10A080005E24113D76A115BE1A4D053D887E173E12
:10A09000B717CC3DF11F503ED15E8D3D799D1F3EDF
:10A0A0005A162F3E39E29A3DE3FD6D3EC172773E6E
:10A0B000F8E392BC1124DE3D681FA6BD7E80A13E60
:10A0C000432FEE3D9C9A49BD016CED3D7F943FBD11
:10A0D0000EDC493DE64593BC69B1813D1292B8BDA5
:10A0E000ACF3CCBDEB5245BD2607C33C1B6E5C3EBA
:10A0F00017EC123DE26810BEE5B49A3DEDB4BD3CEC
:10A10000A0CA97BDCE9F193E72E1933D42590F3EC2
:10A110008AD97C3EFCC2D03CBDA1DCBD0FD42D3E13
:10A120007E14B0BCE407D7BDEB68553DD7B3B93D4D
:10A13000CE28633DDBB28ABD002A74BDA4E22C3B6D
:10A14000A5B2D83A96D5A03EFE29693EB981783DA0
:10A150001054E9BDF73B3CBDB36EC03BCEE98E3E2B
:10A16000AB6653BB4DDE84BCD3581DBE4E9D0ABEAC
:10A170002B03773D0E39143E34A4CC3D124A003EE9
:10A180004C8096BD66CDABBDE934B5BC145BF13CEB
:10A190008AB32E3D43B86DBEA8789B3EFE58F63E6E
:10A1A000A370533E1CBE55BD39234FBDDD05933E04
:10A1B000C2D8B73C6F7DF23BA5DC3D3E7D8DBD3DF9
:10A1C00057CE2B3D411801BE60180E3ED14F923E36
:10A1D0008B5A823D286EA6BDB421EEBC50E260BD14
:10A1E0000AB2933E7D2E993EA2BBA0BBF201BF3CBA
:10A1F000099373BDB3DE79BEA84BEFBCC69182BD97
:10A200000ACC553C8A26053ED6E6CB3E64F4B23EE7
:10A21000D2E6B4BDF94B42BEE53DD03D1A25393EEC
:10A2200067FFD03DDA236D3DF0EE103EA446273E99
:10A230006256893D5D870E3E8C6DB33E989B8C3E89
:10A24000EFCAA73DEF5FA63D8E89B5BD32C8063D7A
:10A25000CEE1113B21D7CDBC9DCEE7BD447955BDA4
:10A26000831738BE595422BE77A0843EA4DF3A3DFE
:10A27000BDD4923DC574983D38DD993E65AD2DBE87
:10A280007685433D0686AA3E15C5D13DC730923D31
:10A290000BCE6D3D82843DBCA18585BB1345CABDF7
:10A2A000C1F938BCA4093B3EFA030C3E516E333E63
:10A2B000FDC6153EE8FC693D85057B3C23A6F83DBF
:10A2C0007580E13DA29F21BDB3D0B1BE38720BBEF7
:10A2D000805670BE01931ABC6FE282BD1F4CC0BD98
:10A2E000045ADDBC92986C3D3CFACC3EDE8586BEBD
:10A2F000EAC92B3E46277B3E82BC053EF3B4173E9F
:10A30000E0870CBD396C853D64F641BE9D311ABEB7
:10A31000C4205DBD9CEA203E7D33E53D3258943E2D
:10A320004CEE17BD8771A1BD6BFBB93D193FC2BC97
:10A33000F7E925BD99466CBEE28988BD9BD624BE4F
:10A340008B3B34BEB82B04BEDB6A52BB6A53093D5B
:10A350003677143D2945873DD230D83D7EEE0EBE7E
:10A360006656103EE5E1153E63F4C33EA9C8323C93
:10A37000AFD1A1BDABB641BE735B70BE49004CBD51
:10A380008DBAFF3D31CC8D3C7B0BFF3DE6178F3EF8
:10A390002F42D53CBE8F833DE48C8F3D749BD3BD53
:10A3A0001CBB82BEB272B5BDF9EBAEBD76D25DBE4E
:10A3B000FBF935BD5822733E0F27283E269720BD56
:10A3C00031BE853DBB2196BDB3346DBE8F7040BE9E
:10A3D0007E0176BE31BF49BEB76B2B3EDF8B89BD98
:10A3E0000913B4BD92EC08BD0F4BC9BD0D3114BEAD
:10A3F000F5FBE43D4A12D83D635C6B3E9F83913E82
:10A400006A21553E1A2F293E98D00CBD87D757BDDB
:10A410005F36C0BD9D29AABE2CFE0BBF245BB9BE12
:10A42000540EDDBE7A59293ECC5A123E189BF23C9E
:10A430000050B137E59E11BD128E38BDD1421C3C93
:10A44000215F8FBE6BA9D4BE1EDA86BEAE98BCBE9D
:10A45000DD09ADBEAEC0A4BECDC4E8BB3E02B0BDFA
:10A46000158C70BED69A7CBE847E34BEFC0CBEBDFC
:10A4700096E553BED0A6033B6055523DB123DABDED
:10A4800088981CBE43A19BBE8F25C9BE34FF23BD47
:10A490000B800DBD70BBC93CAE7749BDAFB98F3DD8
:10A4A000E14593BD27D98FBDDFDE853D66E33DBD28
:10A4B0000D9EF33D0C21D73DED5ACEBD624A0CBE38
:10A4C00056232ABDBE896EBDF8C44DBEFCE1A6BDB3
:10A4D000009609BD2CDDADBE6012CBBE5414D9BDB3
:10A4E00092550CBEBCB179BE874B8ABE939252BEC8
:10A4F00089EA2DBE57FC8CBE15322ABEE2C7AE3D9E
:10A50000D0713CBD809BB0BCC07FF43B99F19C3DB9
:10A5100085A8A53D62BE093DDC198FBDDE993D3D94
:10A52000C8148E3CF4D1FC3C815D96BD1602423DC0
:10A5300035C9AB3DB2F2083D56F4683D5120A2BD8D
:10A5400057D5893DCC92913DAA06583DF2B4EFBC57
:10A55000A6226B3DD3A9953D9258BBBC081B67BC96
:10A560008EA4A0BDB24D8ABD788BB03C3E15313D66
:10A570005AB775BD11699A3DAC9683BDF465D53C5B
:10A58000201536BC02EFE7BC886CEC3C7E36483DBB
:10A59000F7EC9BBD838ABF3CAB50873DD7B1CD3C28
:10A5A000933427BD2B1C6ABDB6C39DBCC544353D45
:10A5B0006DDCA5BA1460693DEBF051BB1B1E813BFD
:10A5C00014708E3D23E5E3BDD578973D9F61C43C73
:10A5D0006658D3BDACA780BDEAD5C0BD186C3A3D66
:10A5E00024E672BDE3428C3DEC1E093DCAB07FBD3E
:10A5F000309C903B8475C9BC658490BD991702BEA0
:10A600008CC05A3D3692093EB400853D06A4623D99
:10A61000046C193E42ACEA3DD53D893E53BA5A3EE0
:10A620006FB3C33D5E83F03D0972B23E1C5A9A3E41
:10A63000628D07BEF9C287BEAA8682BE86526DBEF3
:10A640004A50A8BDB0C0B8BD42EC01BEF37634BEDE
:10A6500000CD963DDB1E1B3E07AE823D487151BCCE
:10A66000A240733DD2A1B8BC407255BD0A802DBD39
:10A670005E4088BBA3A79C3D9EB3243E795DC83E47
:10A680005DB33BBCE71962BD75B5E93CDAB5A7BD62
:10A690007E2B97BEC67B42BE73B5F9BD59420BBE39
:10A6A0008EB20DBE2BE34EBDA84358BEAFEFC63DE4
:10A6B00044F24A3ED237CC3DCB82ED3D3D0116BE41
:10A6C0004D128CBD606220BE12A211BEC29591BD1A
:10A6D000A8AD58BD01AD8EBC45BEC33C3E856CBE29
:10A6E0002BF1593DBE37BF3E6140043FD2228D3E23
:10A6F00007AEBE3BD7A2B3BCB699BA3B826B7CBD5A
:10A7000066F33B3EAB7D0E3D317441BEBD1173BE61
:10A7100076A76DBE839B0EBE2AF440BE18D32D3D96
:10A7200080862A3DA475AB3C812F253D865607BE09
:10A73000322CE6BE4DAF8EBE9AA249BE01AACABD5A
:10A7400066E69CBD707916BCD905473E59A9423EC4
:10A750006B12413E2870853E39878C3ED068BA3CEA
:10A760000A51E4BD27DD863D9CE1813CF3469EBD58
:10A77000871C44BE35BD86BEFD9674BED89C943DF4
:10A780009F0C8EBD426266BEBF5EFBBDFCFD70BE0F
:10A790004B9DC1BDB17543BE6C3AE5BDAC14313DB6
:10A7A000D0EECABC118796BE927265BE6A0CFBBB26
:10A7B000D3C0903DE0E5C73D40444EBEA02B9D3E3A
:10A7C00005251F3E557D1F3E25D5543D7D3720BDB7
:10A7D0002CA639BE9FBE663D9FE578BD40EC65BDA9
:10A7E000A81378BEBF18B7BD254543BE7FA848BE95
:10A7F000458E0ABE191A55BE2CC5F9BDACB952BE5C
:10A80000BA0813BEE43D4EBD6BC1B6BC0B79B2BEF7
:10A8100046DD4E3B010128BE029615BE7BD2B4BD7B
:10A820006857553C0F3D003EAA950BBE4F678D3EC5
:10A830006BBAB63EA663A93E5CB6E83B4ABDF7BD1F
:10A84000C13F3EBE0D24B8BDB9A0E4BD2E9165BD8B
:10A85000F35A0CBEE64709BEED8F933B5FDAA1BE0B
:10A86000391B76BDB5B9A4BD336CA2BDAB5C4DBD83
:10A87000391F47BDBF586CBB22A243BE7C1756BCD4
:10A880000D141E3E8266943E1780AB3D640850BE98
:10A89000F77671BDBFDAB5BDB2109E3CAA6305BDA7
:10A8A0004B93183E30532A3EA6FB3FBD23DF90BE9C
:10A8B000166C14BE7AAE43BEA2ADD1BDFC15B7BCBA
:10A8C000E12554BE5CA743BEF5D00FBE769E7BBE8D
:10A8D0008EFA07BEB98A973DAB6716BE831432BEA7
:10A8E0007A0CD3BDE604EDBD03B3D33CC1E1F93C22
:10A8F000EBF1063E9BC115BC80BBDEBE0D710EBEEA
:10A90000A9E0533CC7F423BEC7F03C3D8A4539BE9D
:10A910004259C43C97EE96BC29335CBE85001EBEEE
:10A920006AE87BBD9F2718BE763BAEBD0F16EB3B9A
:10A930001A7102BEC73251BDA6A053BD076ADF3DE2
:10A94000E4962D3EC3A7A2BDEFF7133D464292BD4C
:10A95000BA8B053D8A907ABD60BCB93BC057EEBD4D
:10A96000174157BE20F3FCBEC862F7BE6230253ED9
:10A97000B91E74BDF130A8BC6D30A8BDA6FF313E34
:10A98000F48B59BD56E938BE62427ABE1573D1BD0B
:10A990008EDC3EBEBE3681BEE86EA6BE831811BDFB
:10A9A000986BB2BDEF59723C7810FC3CDFE1443E3D
:10A9B000C88E0F3E8F705D3C611AD1BD0671C23DDD
:10A9C000748C06BCAEE78BBDE6EA6EBD8DED363D00
:10A9D000727E32BD454D08BE62E737BE34D1A13D1F
:10A9E00038856DBD42EB24BED36F34BE92691DBD68
:10A9F000F6670CBDF0E757BCD1E12EBE71E29FBCFB
:10AA00005918D83BFFAA5FBE78705EBE364FAEBD08
:10AA10009AF41A3D8A69EB3D5D51533E5121793ECE
:10AA200013DD313E399CD93BE586973DD937223E2F
:10AA300041456A3D388E6F3DE9EBE53D6FCA343DD7
:10AA4000EAE89BBDE4198FBE0D04D8BEEDE3BC3D22
:10AA5000FBB42EBD420FBFBD86FF27BE87EB3EBEB7
:10AA6000FFC7CA3DB55FFEBC3AD639BE815536BB7D
:10AA700099212CBD04D9E2BC55663B3EA9BB8F3E53
:10AA80001873C63E6C37943E4223A13E60BFDDBCC6
:10AA900043B4113EB96F87BDA07C33BDDF96F23C55
:10AAA0009612933DB69DB73C968F4C3D7AFBABBD5D
:10AAB0002DA29CBDA7B6A2BEE64CA3BEFF1106BD4B
:10AAC000853F083DD3492DBE30D995BE53D741BDF2
:10AAD0002298903E5E69313E55892D3E6B6D2A3E2F
:10AAE0000D9B683EDEF4343EA2EBE43E6E3DCC3E70
:10AAF00052A1B83EBA54823ED3BDC83DC64B023CBB
:10AB0000A208493C8E92FCBB018B5EBD7D7ED23D8E
:10AB1000C4351B3DC0C1803D73C591BD716E8A3D7A
:10AB20005091033E816B9FBE6F703DBEF72006BE05
:10AB3000D5F3473C2194C13C8C9CA6BE4998A93DC5
:10AB4000A184F73EB4EAF73E9967703E80A3803E49
:10AB5000E325073E778CBB3EE356263E840C1F3E22
:10AB6000ADB4693E7DFBA93DE12C8B3D3CF7113D29
:10AB7000E8DFC83DB9CF7A3D7D7EAA3BEF04093EB0
:10AB8000A46B1A3D87450EBEEF8D95BC5AC72F3E6C
:10AB9000A0C8873EC9BD8C3D9D5A53BDF1B2DE3D74
:10ABA0000C02813CCD749B3CC13F5A3E3BBE613E92
:10ABB0001A45883E6D4CAE3E9977AE3EF741F43D66
:10ABC000BF10D0BC7A19963D347A9D3DC6E9E03D70
:10ABD0000E992E3EBE05F53C5A07F63CB59617BDBC
:10ABE00011A3833DFBE3DD3C17AD2DBC0886063E7B
:10ABF0004828D73DE99D8ABDD0A266BD26C4AA3D9E
:10AC000061749F3ED24514BE97408D3E3E0E2C3D52
:10AC10005CAB1F3C3FB38D3D1F45673E133A043E7E
:10AC2000CFE212BD887F343EE9D5363EEC108C3D34
:10AC3000D672B6BD7A3F28BD9F67BB3DBC35783E16
:10AC40009BE9C43D2536463E0AFE953D8CC5A33D95
:10AC5000F465CC3D422D77BC44AA013EFD1F8F3EDA
:10AC6000112F79BCD5B2E63DDA3E05BE3B54943C8B
:10AC70006187C43E0C2C0EBC27E0AA3EDE6FB93DB6
:10AC800017FA1ABD1709FF3D3517073E10CB023CD6
:10AC900073D471BC18EB383E24865A3EB8C0D03D00
:10ACA000D4397FB8EC9710BD5687193E8C7B573C42
:10ACB000F390423E10BB573EA862EE3DC422E63DF3
:10ACC000AA86B63D43AAF63D8669613EB25A343E35
:10ACD000E7902DBE910FDA3D4E22EF3C698F71BC9B
:10ACE000DCD8113EE5D1933E7565003E11A1B23C22
:10ACF000880DCCBD6FCB383E0B35143EF805073EB2
:10AD0000A3A7CDBC97CA053EDD11CF3DBADD15BE68
:10AD10005AA0293C7CA9FA3C58917CBC4C9A9D3D98
:10AD2000061F6B3E574B4C3E5F28373E0960C13DC6
:10AD3000DE94343E2895F93DD17E9A3D476A86BB24
:10AD4000BA7FB1BDE8D31A3CA10C633DE2FBA43C41
:10AD5000ACC93C3E9587D93EC3BB533E6257E93EE2
:10AD60008091593D065A24BCE2B0993ED70E163F59
:10AD700063A2F4BC0EC5D43D861620BD69D667BE5D
:10AD8000C97078BD7182673D35FD8A3DB1BC373DE4
:10AD90003E7D053E292F2C3DF17A4D3EF0710F3E50
:10ADA00060661B3EC13EC1BCB0C80E3ED5A70E3C7E
:10ADB00067912BBE615F7D3D612CA23C684D07BB56
:10ADC000022A123E1706D43E5B405B3E2142B03E53
:10ADD000E0417DBCE3A788BC6ADF223E1939183FF9
:10ADE000740EEA3D3F5F73BDC96D69BDB2C39A3C45
:10ADF0001165223D7736EF3CB198E9BDD49272BD22
:10AE00007CDB6ABDC4B9793DF67AC33D5C6D98BC04
:10AE10000BAC343D8086863C2B53E33DA6471BBBE1
:10AE2000AC442CBE3204BDBD2FE7883C62EB113D23
:10AE3000AF03D83D6498AA3DDBF4923ED1DB87BDD9
:10AE40002741CA3C7D7A6F3EB958943EA691D83EC0
:10AE5000E0CF21BEEA63BABD0F7E04BE380942BE10
:10AE600033AB8CBD845D29BE637B20BE68E05CBED5
:10AE70002B9592BE86A04BBE4A954DBEFC7F3DBE33
:10AE80004ACE39BE9E1C5DBE54A6A43D83F103BECE
:10AE9000B9F4573C15998BBDE8E0983C7C4808BC58
:10AEA000FD231EBE577626BD0937373D95689B3D6D
:10AEB000374383BC8225E93DA0B9D23DC7861E3EFB
:10AEC000C538BDBCB8B839BE46045BBEF3135DBE21
:10AED000C8D888BDE35B89BD30FE56BED8D191BECF
:10AEE0003A5F58BE49B189BEC513A7BEC3C502BEED
:10AEF00044034BBEB2F595BE9B4D17BEED4491BECB
:10AF0000DD62C5BD8F72E43C7A0242BD19F85FBEB6
:10AF1000ADAAF6BE205E72BE45AD83BEA81C803DC4
:10AF2000F04DBFBBFEE3583D6E3A543E14875A3E87
:10AF300096DD633D8A002BBD4BE0D4BD5E6408BE48
:10AF4000A011B0BD0EFE163DA16AD9BC77D3A3BC3B
:10AF5000D2DE00BE60B7E7BD5F9B4EBD2EFA20BEBD
:10AF600070F394BE2B471CBE9AEE74BE516C9EBE0D
:10AF7000DB8F38BE6023BCBD9B32D3BEAE51E2BE78
:10AF8000A54DC1BEA07A48BECCE3013C04C758BD64
:10AF900038AE84BCD605763D47D321BC9B08213E04
:10AFA000E9BEBB3EEC16E53CF3264E3D44390A3C77
:10AFB000ADBE923D60DEA3BCAA1F753D2EEE24BE41
:10AFC000AD4586BEF61C91BD84F14CBDA45966BE4C
:10AFD0005FD7A4BE2700813CED3A15BE12714EBD6D
:10AFE00025C2D13DA5BB153ECCA8AC3D70E4ADBD9E
:10AFF0009B0683BE03C16A3E5846FE3D86C4053D9E
:10B00000DF128B3D54FB30BD8001133E34E837BD69
:10B01000F8F7003ECA05ED3E7622623E5BA53C3E57
:10B02000EFD9873E4DF4923D3E67D2BDE5AB05BEFC
:10B0300074DD1DBD853B4F3EAC06AC3E66B9213E7E
:10B04000D54FE73DBAE2F13D81BDA0BDC774D6BE84
:10B05000EF74A83D256214BE8ADA193DE4EC86BC83
:10B06000FB6847BCAC0C3E3E882B6C3E4D4F93BDFD
:10B07000C0CF533C696D87BDEE5F84BDEFC9483DCD
:10B08000B7E1A13DAAF68A3D19997D3DF6D41BBED4
:10B09000E467B7BE0C50D2BE5C4432BE940AAFBE69
:10B0A0008353ECBDD1DD1BBE70F9BCBEE045A4BC32
:10B0B000611DCFBE81E872BE34AE3FBE82B716BE00
:10B0C000D670C5BD94FC2ABEF34E8BBEA12F4DBDDC
:10B0D0002394513CDB711C3DFB7B823D0846223DA5
:10B0E000756DA13D8AFEAABD8CC8AABD0DE78F3D36
:10B0F000049B14BD885780BDC660FEBDC8131FBE2B
:10B10000B3E62BBEAC73DCBDB3E322BEA758BBBD18
:10B11000A2571FBE9D4244BD8A40ACBC0AEA7CBE19
:10B1200044E4A2BEBB317DBEF3986FBE02EF77BE92
:10B1300057E90CBD501703BE4A7E42BE03A582BE2E
:10B14000E2E3783DEEAAE9BC0845833C73BF42BD0B
:10B15000D169AB3DE012DABC989A86BC8032D43C0F
:10B16000D743813D33E58C3D0C7D823CEA42213D55
:10B1700024E1CFBCDF2171BD49830BBD6A91DEBCE8
:10B18000A9CE8ABD8C1522BE05078C3DB2C90A3DE9
:10B190006287213DA27D69BD5EE7383DA5BAA8BDA5
:10B1A000636F9CBDFDAC8DBD9094FA3B62FC3ABDD3
:10B1B0008A72683D932098BD669F693DA0D0B8BB58
:10B1C0004A580F3D298A93BD58B310BC33758B3D47
:10B1D0007374F0BC09C6C53CE96E013E51A329BD9C
:10B1E0006D4F9BBD01D7E33C2B856CBC6E8CEE3C58
:10B1F00070E7AABE46F8063E7967433D602E0CBD57
:10B20000FB6B2F3E6E755A3D0DC704BEC66888BEE7
:10B2100069EAB0BE1C8620BEEA34023E715C013E83
:10B22000A4B882BDA02369BD6069753B605F373BF0
:10B2300028A948BD1C97C7BC46B2AF3D102C5B3D4A
:10B24000785B45BD67A613BEC40848BE136830BE10
:10B2500000211F3E0192973E0352473E476D183E24
:10B260007CAFEC3DD62E9ABC3022A03EB0F1603DC2
:10B27000FAEDABBD6FC935BE839839BE5F4791BE4D
:10B280001B70533DF76E7D3ECD375F3EB7FF313EBD
:10B29000440D673ED1E7323E0FFAA23D68CB6FBC4A
:10B2A0003FB1A43DB9D043BD4AC53DBD28C6C5BCCC
:10B2B000925813BD7391E0BBDC15EEBD2525F13D21
:10B2C0001CF87A3E75443D3E01C4683D5427B83EA3
:10B2D0006CD1823E1931443E4790B53E86584C3E73
:10B2E0008ADAA13D49E5D5BDAEFF7ABEB20559BEA9
:10B2F0004DDBC63DA54A72BD1E20C33DBAEF093ED7
:10B300009294DC3EC53404BC264FA93DA8704B3C4A
:10B310005D51973DB0CB223D5FF3563D788ACB3DE2
:10B320009564B73D6A5D5E3E7437BC3EF431143EB1
:10B33000005F713E3263EE3D60CABCBD7042053CA9
:10B340003B41CDBDD59938BD14164D3D0E3DBA38A3
:10B35000EA01153EB133963D309F203EF878073E16
:10B36000A45A613EF073803D0D231B3E2070D5BD75
:10B37000620239BE2491E0BDFC69C3BD127DABBD44
:10B38000934000BD4637403D0A99263E122A933D20
:10B390006426883EE68CC73D038E693E8E7C813EE6
:10B3A0002E25493C15F3F0BCD1BC0A3E5E19D53CB4
:10B3B000E220DD3DD97D82BDF38005BDC05F603DEB
:10B3C00089567F3DB28EB0BDE1A8B83DB5ACE73D32
:10B3D00069F8893D01F1D1BBE0DCAFBD33455C3E8E
:10B3E0002027673E2A4428BD7F77D0BD75101FBE39
:10B3F000F6258BBD66C2293E464D243EA9993DBD2A
:10B40000201D723E1A9B953E0FB9533ED01E023E40
:10B410002F4E883DFBF33D3D3D0FC43DDE83073D90
:10B42000541AAFBD4E0CB1BC8FAC183EF7F916BD27
:10B430000ED5DF3CAF974EBCD01E6F3DF765C43DC7
:10B44000992A2CBE425882BE9F99BF3ABBE9D1BD12
:10B45000D5555ABEA7603F3DF474D23DC0AD333ED2
:10B46000B8E0B93C9FF9A83EAE42383D88A1533EB2
:10B47000AF9D8A3E80C3633E7B6FE63CD6C84E3E9E
:10B48000879FFB3DCF2266BAAF062B3D6748323E11
:10B49000AC20033EC12B213E5B77783ECBAC663DB2
:10B4A000E67ECF3D45C2353DFCC810BDB706B23D76
:10B4B000D9E1DDBDA88241BE8401363DF7DF85BDFF
:10B4C000175C62BE24D4B7BD0C1AE93C81942F3EB0
:10B4D000418B8BBAD57E723D6456F83B7888543EDA
:10B4E000B0A88E3E89D8993B7B3167BE6AC73F3D85
:10B4F00025717A3E8C38FD3D43CF8C3E6187993E65
:10B50000AE49E23D26B8243CA4412B3ED6C4353E8C
:10B510007199853E98AA2C3E4DB5933D3675113EE6
:10B520000FDA503E02EE03BE6B38D63D9A8A8E3A51
:10B53000191714BF4751F8BE4A0E4C3B1C63FDBDA2
:10B54000196B84BDAD13DC3D4523913E5DD18C3D2F
:10B55000E211AABD2259683D346655BB6CF59A3E8E
:10B56000E992C03D06B7B33D7569E83DF16462BD3F
:10B57000D2CE01BD76FD08BFFF06B6BE7E91A3BD4B
:10B58000FCC7493EAE989B3D2C7C50BDC0F8153D94
:10B59000E3E7DD3D9A20A4BD736158BD17A4013DCA
:10B5A0009CE82EBF43F214BF56C74EBE5701453C20
:10B5B0004F797F3D6CD1523C7E5E633E7AFFCEBDBB
:10B5C0008C8D95BE0013D6BD55DFEBBD41EC0EBE94
:10B5D000ED6D17BEF598CBBECBEFE1BE69A62EBFD1
:10B5E000E5BC56BFCA8F39BFE489E9BEE7EC62BE4D
:10B5F00049C23B3DEC8047BC6D1FFABCC6518ABBBB
:10B60000E06B663D831823BD37012DBD387125BE23
:10B610002EABC2BE867F70BD354A083DF8F6CB3DE5
:10B620002A72A03D31EE16BDF48FADBD22A992BEA7
:10B63000C16919BFA5640FBF2E1A21BF756E42BF25
:10B64000C53E1CBF6D8C79BFC00D57BF71FC19BFC3
:10B6500005E99DBE53E458BE20F46BBCB65657BDF9
:10B6600020D9AABDC43ED03CB4E9023D09E85C3D06
:10B67000953B613DFB4BDABC760F1EBD427D94BE0F
:10B68000163F42BE9042663DC336A3BE9B3442BEC7
:10B69000AFDC30BD77168ABD1CDF8ABE6C3DF3BEC1
:10B6A0007D4F64BF012282BF1520A8BF8A129ABFB6
:10B6B000399D72BF517C67BFCA9562BE7BA259BBE0
:10B6C0002719193EB84424BDD309C9BBC1B94CBD23
:10B6D0003B749B3DE064363D8D320DBED8E1F5BD37
:10B6E0001C5CEE3BBB105ABD18F19CBE302137BE2E
:10B6F00087A794BD7465803E8E1A2EBD319B0CBE0B
:10B700004E170DBD592688BE9E177CBD48E681BEEA
:10B7100082A41EBF0EA530BFCA9408BFFAC6E2BEFF
:10B72000FC1806BEEFD9DFBD6440EF3D72532F3EDB
:10B730009A6CD03DD3471F3EDC0CF13DE178BFBD94
:10B740001A236F3CAF7D42BD19CFCDBD26A3F6BCF9
:10B75000FBA6B5BC6971E5BD1E120CBE7D637C3DC8
:10B7600036B43B3E85A7453E49CE333E21A8A43D95
:10B7700069BCDEBD149E3CBD42D5BABD1DDAB7BD65
:10B780006B7D2F3D1403C5BD775D683EBA03A73EB0
:10B79000AF3B603E1B21A33EC148A33E75B17F3E37
:10B7A000EF11023E75ADFF3C464A8D3DFF8E08BD50
:10B7B000A2DB893D2633ACBD5041323D68F69A3D4F
:10B7C0000C3E273DCC040A3D60C5CE3C5C8210BBDC
:10B7D000B31EB43CD5B4333DD656723E2923F03D5A
:10B7E00029DB323D85DCBBBC903A5ABE68F8B23DDD
:10B7F000D18E263E79C7A83E4604B43E0E8BA13EAC
:10B8000070AD843E3908853EEBE20C3E9DE3903DF1
:10B81000F6692E3DD36FE73D451826BE7A4A1EBD18
:10B8200016A63EBD0DBFAFBDD821EBBD8EE2303DAB
:10B83000F83F033D9AF8323E0D86A1BC44A6203E57
:10B84000521DAB3E571D923E2F3CD73EC52E103E9B
:10B85000376894BC6BB2163E71350C3CB7C4103ED1
:10B860001B6B753E3D2B5D3E9DB5873D2E9A203E60
:10B87000E963CA3DBF0F383E7FFDC13DDAF5BB3DF0
:10B88000D0938B3B2FE9E7BD2A184BBD9A06C0BD6C
:10B890004231213D2592033C978455BD6B8B8B3CF7
:10B8A00028EFC93B46CB073EBEEAB53C77898F3DC2
:10B8B000B7DFD43E2262AE3E79B1813E4E26803E55
:10B8C0003B19A93D0A90223EE7340B3DA33F8B3E36
:10B8D000A16E833EE5282D3E431AB7BDB132E2BDCD
:10B8E0009EEA653CAC69CEBCB08DBDBCC7A36B3DC8
:10B8F0004D049A3D7752DCBCE2462ABEBE69B9BD12
:10B900000A2DCA3DFA0A833D443A093D9E5408BEB9
:10B9100083147ABD3E1FBD3C6F05893C36BE84BD95
:10B920006AE6963DF9EDC03E76B3CE3E6FE20B3F40
:10B930009B1CC9BD33860D3DEF19FBBD87B5AE3EDF
:10B940004286883D75FB843DA89490BD26C2063E84
:10B95000B578A93D36E01DBC18C29BBC03D87DBD9F
:10B960004FE7973D9D1B963CBFF503BD09807E3D8B
:10B97000BF7E693D8BC12F3D42A3AE3D3CFB903D58
:10B98000901E1BBC5333C83B6E78D2BDF4B635BE97
:10B99000BF8F21BD2E82D43E7B1FC23E4039C93E9F
:10B9A0009FD87DBD5AF9C4BD4C6E20BE0EAE8B3EF5
:10B9B000FF8E853DD594523CF957FD3BE126963CE0
:10B9C0006718E43CBE06853C59DF10BD8E941EBD51
:10B9D00007B0393D9E220A3ECF0245BDA96093BB08
:10B9E000057453BDC17E6CBD3FE7B3BD3A5C1BBD62
:10B9F000186A2CBDD3BB7D3C48BAAE3CAF67C33D93
:10BA0000833FA53B88D2133E6C0D6F3E77F4553EC5
:10BA100000BC933BECCE31BEFB818ABD2E18E93EC3
:10BA20003481B03DECEAE9BD44C298BDEF6C09BE7B
:10BA300014EED73D63587F3DE96C823B9C99193DDC
:10BA400046CBC6BC5764E73D2C538FBD92376BBEC7
:10BA5000A2A023BEAFE186BDD8146ABEEF7648BE71
:10BA600075486ABD0E2FD1BB0EE0F6BDA5E380BDC3
:10BA7000BD4480BD17811CBE34AADD3DC4611EBD1E
:10BA80007D6B143DE8C9BF3E137AB53E6A644A3EF9
:10BA9000C1B4D23D02A9F5BCF78B86BB2C3408BEDD
:10BAA00019EF6BBD4A524ABCD8CD9A3D0302A0BDE6
:10BAB0000CFE72BD6B0698BC65084F3DE31124BEB9
:10BAC000C65932BD7EF3F5BDC1F090BDC6B829BDE3
:10BAD000A2F282BD8EB5A43C20EBD3BC4353D53D2E
:10BAE0005EA1863D0208D0BD52B9903E3AAC44BD3D
:10BAF0002246273D5CBA743D4DA18C3DFAFC81BEC7
:10BB0000C97AF43DBC977D3EA23DD1BDBF781B3DB7
:10BB100023B0F73CD1F2BABDC81ABFBC1D1333BB6A
:10BB20007D8D93BDB3BAC93DEA5AD53D321DC83C9F
:10BB30008F8931BC6A723ABD6EF1893C88FEEB3D5B
:10BB40002F7DF1BAD8F01FBC029839BD91EA943D1F
:10BB5000F7E3203C8F6F7FBEAD2F16BE76690CBD1C
:10BB6000D158983DE0E78ABCA4C6343EFBEF2FBE17
:10BB7000D110F43C649ED9BC5908243C93E8173E8C
:10BB800054097CBCCA2EE6BC997E40BEF42DB4BDDF
:10BB900028B0143CA2DB743D947302BDE64992BD0B
:10BBA0000D8540BEFEAB6EBD75F4943B024847BDAB
:10BBB000669478BE137926BECBEBEFBD7854A83CD3
:10BBC000D3BB9CBDC1AF30BE3F6DA0BD6E617CBD1F
:10BBD000536D00BD7A981ABDBDF1233EBEC6D03E5E
:10BBE0008EF8B23EB2B699BE7EFB01BD8828A13D5B
:10BBF000BB27473E2C7DCB3DA03586BD5D90813C6B
:10BC00002F44B0BD3C0B12BD1F7525BE814D1ABD22
:10BC1000BF9E20BD7E49113E714AC5BD3577AABD84
:10BC20005428963D9EA98ABD9DDCB23D070E373C47
:10BC30009CA5803E41E9813EF0EA963EE45EF63CFA
:10BC400014FE163D3073F8BB033C90BDBFE9B7BD91
:10BC5000F06B4C3EBE10F53D28F6193ED9FDFE3D79
:10BC60002DD5AD3E340A813E272F923E10B7133EAC
:10BC7000A088C73DE50E23BCE2BF993D8D10973DDE
:10BC80005311813E96668A3DF5035CBEE0A40CBE6E
:10BC900053EA383E86DEE33D5735413D1AB314BEC4
:10BCA0003736B23DE31B8A3E7DCB393E9D541ABDEB
:10BCB000E8741FBD86303A3DEB7BA73D1F96FEBB67
:10BCC000ED6972BE4EB5BBBEAA5DC7BE7EE5DDBDE9
:10BCD000A70AB93E3EAA6F3E2765A83E407EFE3DBC
:10BCE000C141EC3D453D143E3412CB3EE7EFE13E11
:10BCF0000191AD3E28084B3E78CBB33D14BE36BE15
:10BD0000312D94BC18172F3D6DCEDFBBD75650BEDA
:10BD100011016BBDBD3474BDB000653CCC1E96BD39
:10BD200098EA63BC00533C3A63BD903DE8D40EBC36
:10BD30006F7C983D1184B13D8897133D264F6ABDB5
:10BD40004A8FBABDC62CC13D9411E2BD7B87B3BDFD
:10BD5000BC58123D8B92D5BDFED5AFBE896D573D07
:10BD6000F093903D6C060D3D75BC54BD531D173DC1
:10BD700080A001BD7FF8C93A176644BEB2A1343D28
:10BD8000040B943C9E9CC1BC8C30963C4A294F3D90
:10BD90007D5C973D74BD023DD209283D80EC5D3A43
:10BDA000D036973CC001ACBAD0400BBDD6C0613D87
:10BDB0008A37CBBC80A6C1BB6026B8BBE971953D74
:10BDC000D2B5C23DBCE970BC08106BBC4AFC463B16
:10BDD000E0FF1BBB1E49113DF90CABBDCC980BBD60
:10BDE0007EE114BD6850033DC02CC2BCFAB1D9BC81
:10BDF0004C4437BD09C17ABD88CDA6BC72B21A3D8C
:10BE00008E00743D4056673CD6A7D2BC0EB72D3D80
:10BE1000DC04E2BB54DF393D19A6213EF0EC5E3E66
:10BE2000A39EDB3DEB9D773C054D263DD7C7D43D1A
:10BE3000744CB23DBCCD8D3EAC8B403D5521513E46
:10BE40005288C7BD9882753D75F0FD3D7322373E1F
:10BE50009296673E832ABC3D06FE0B3E5CA3F33DF3
:10BE600078A1203D8464A7BCCADF793D5A4C383D97
:10BE700092402C3D78DA96BD19D9D1BC30FEB03D48
:10BE800010229E3DD8EC2D3ECCBC403DD4AD813E31
:10BE90005AECD0BBA66F6FBEF6B3293CCA91493E9F
:10BEA000D79611BE3426323ECC8C483E5152E13DED
:10BEB00085F80A3C143147BE955A4D3CF55B633E0C
:10BEC00037ED053E779567BC63AD2D3ED50E4CBC76
:10BED0005BDB01BD490701BE1404B5BC260A8BBD5E
:10BEE00085549C3D9581AA3D8A29E33DF589B53C61
:10BEF000F153F73CD232B53DB42F693D0F44AD3E0E
:10BF0000791C743EF02BBC3D21BF57BE1593CABEB1
:10BF10007964D2BD1F4E763ED901893D814FA93D3E
:10BF2000A64622BE6F7D8D3DBA9E143E7C19723EA0
:10BF30006E80A13C6024A6BE1F0E55BEC6AB1DBDC3
:10BF4000B366493EF834313C55DE573EF3EF8E3D43
:10BF5000C0C480BD0AE0713DF007253DB398E03DC7
:10BF6000349FB7BD0F6E5BBE452CA7BEE58EB5BE38
:10BF7000A47270BE7E176BBE340F81BEDFBA62BE84
:10BF80006E2970BEDB88F4BD9CB039BE80D9B2BDCD
:10BF90000E9937BD5E8800BE15B2E53C96E83E3E80
:10BFA000954C823E309E5D3DDC0384BC61B0FFBC9D
:10BFB000E46031BE1FE878BE055E71BED89BA13D2E
:10BFC00000E7753B908D76BCE1553F3DE5ECE83DE3
:10BFD000ACCE6BBDC379893D4483FBBDACECEABC00
:10BFE000B96EF0BD13C17ABBDBECF1BD8C6A24BE27
:10BFF00028A183BE796326BE055861BEFE573EBEAA
:10C000003EC959BBF0863BBEAD6212BE09E77ABE9F
:10C0100098CAA1BD3EACB63A20C475BD72FC403E84
:10C020000950923EA6EA0EBECF93233E8F492D3E85
:10C030001C9CB93CD3DEE73DAC5F503E451C4CBC7C
:10C04000B252D5BD84ED9FBBB224E73C37CAC4BD14
:10C050008DBE04BD849D953C03AB67BD39DD17BE25
:10C0600096B819BEAA9B0DBDBE830CBE95B5FA3C11
:10C07000E14584BD0175DCBD354826BE11C49DBEB9
:10C0800071C1CEBDF9F1FC3D49504E3D8C1F9E3C27
:10C09000F929963E9BA063BED7E716BE3C3D153EF0
:10C0A00023B703BD7628EC3EB5731F3B54F7DB3C4A
:10C0B00093C476BE0689EDBDA2522B3C0AD7E03D63
:10C0C000DB1AD13CE582E33D6F268A3C52B60FBEB7
:10C0D0005A478FBD654128BC520C0C3E884F663DC7
:10C0E0004ECBBD3D1DF5F23DDE85453D50E94F3D52
:10C0F0007E5F66BDF6DE9FBDEBB3173D60986C3E7C
:10C10000A855373E3E113EBE8D8B1DBEE78EF63DD7
:10C11000C383D1BCBFA7D93E0011DA3DDD6248BB65
:10C1200008C715BEE050F1BDFEDA0CBEE7BD5F3DAD
:10C13000935792BD95632D3DEDE529BDE05FC63B6C
:10C1400025471B3E7DCF023D60E3203E7E1D5E3EC7
:10C15000474D2A3E960C4A3ECCE2D0B828A0F7BD07
:10C16000789E3A3CD6E952BCECEC1EBA7BBD9FBD32
:10C170004F91D83C8F81D8BEA82A33BE261942BE23
:10C180007EA5A63798029F3ED53F8A3DBCD359BDB8
:10C1900012F11A3EFC3E4EBE1CA353BDDC62153D9F
:10C1A000DD5783BC6967D53C44FD0A3EA33C49BDCD
:10C1B0009BA941BD79F156BDB2B6AC3DEEF11B3E37
:10C1C00088EF783E6D720A3EA4288A3DEE3D3DBB65
:10C1D0008B392ABDDDE37BBD8E52FABD061D21BE23
:10C1E000BF9859BD6BC69EBE62578FBD2150593E48
:10C1F000EEAC2D3D526EC03DB2226E3E509502BD5A
:10C200007E8344BD099AA9BD5418BB3C2C3E50BD49
:10C21000D9A8D4BD8482EB3D5EC4E83DC29AD9BCA6
:10C220004B8B64BEE5229DBDC69DA33C33854B3E32
:10C230005DA92F3EC6CB313EB3DAD33DF87EA4BD17
:10C24000BA0E2C3D283798BDE41E063B8DA4DBBDFD
:10C2500007BD16BE8F5886BEDC123E3E8982703EF8
:10C260002C6A9A3D648CD83DBE225A3E58FAC63D8F
:10C27000D6623C3E4281A03B1654243EB2E6763D57
:10C28000EE2AA03D1172D3BBE3D1743E51BC023EF5
:10C29000B0C7ABBE49C2C43DD760353ED961AC3DE5
:10C2A00044FE8D3D30E2213D3627143E3A60C1BB4D
:10C2B00074A29F3D2F6B483DD83B853E21341F3DE6
:10C2C0001064ACBEEB94B8BE4BD93EBDE9A25B3E58
:10C2D000256BB83C551FC23D1CFDDE3D2AB9D43D3F
:10C2E0009F77FA3DF311AB3D853B22BC39122D3EC1
:10C2F000C079063E4713BBBCEEB37E3D039109BD3A
:10C30000E38952BEC689D4BDF93B283E9D62493EB1
:10C3100072A02F3E2A26F53CB302043ECFA907BEE9
:10C32000204EE3BCBCFC5BBDE4E4A83E7CF21A3EBC
:10C3300012E5C03CC8423D3E48B8373DB98C8F3EFF
:10C34000C0F1003ECB73BABDB766453EA9252F3E6E
:10C3500037E4B73D5C97B03C618D2ABE189784BD29
:10C360000B58D4BD240028BE742C12BD05D957BD6E
:10C37000D60035BEBD371EBE5FFC823D964A1EBD4F
:10C380005E74B73D92B2A03DB8C53E3EB37640BCA8
:10C3900049ABA23D07324F3E1D5BC63C8A28B43DE7
:10C3A000C7A3513EF2419F3E2A84423DE4BFEFBD08
:10C3B00040FE4EBD17B987BC309B043ED1F6B53E5A
:10C3C000F3CE253EE1C2DCBDA338033CCE288BBDB5
:10C3D000699C8F3D144634BD002C5DBD7EAEEFBD23
:10C3E000819484BE28BC42BE1EA1E6BDB9761BBEA8
:10C3F000629516BE4B0FD0BD0E5DD23D56BB7D3D46
:10C40000E528C53D4BDA5F3E20CD3A3E0CBEBA3E34
:10C41000EAE9DA3E642B863EE95938BD30AB26BEE8
:10C42000A0F3953CB5B5A4BD823847BE0511603E6A
:10C43000601F8EBE5D51EE3D23F9AC3D6778363E00
:10C440002F0A5C3EBAE34D3D2241A43D3DD6D13B8F
:10C45000A0EAD0BD88896EBD2B4126BE59EB2DBE0A
:10C4600026DF35BE819B35BDE34D903EF9D8D83DE2
:10C47000A88F213E55BB8E3E1F2FAF3E4DCF423E73
:10C48000AEB8463E2ABF443ECC1706BEC85C51BE7D
:10C49000CFFCA73E272C853DA6BF143E7E2EE03D57
:10C4A0005BF202BEB845153E0CB5B23EA409723E21
:10C4B000D461893EE07E843E3CC7E53DC8F7743DCB
:10C4C000754937BDA4EE9EBC641EF8BC5A76B8BD53
:10C4D000DAB9D0BD1F031D3C2CC30F3EFF14D93D5C
:10C4E000AFF1A3BC35ACC43DE9DBA93D15FE53BE9D
:10C4F0001AA3473D0E5237BEAEF8D1BE09BB57BE98
:10C50000BB5E51BD398B983DA9FC053E1E178FBE01
:10C51000563303BE825E29BDCE470B3E1DCE433E41
:10C52000081F853D8CD3613E11F43D3EBDC8403DA2
:10C530008D18363D430E7FBCA72D1E3D8743723DAF
:10C5400084A03BBD26F8A1BCA9ED18BDFAC86F3D7B
:10C5500046B950BD6810CABC2ADE273C4BC3A2BDF9
:10C560004726EA3D99AA5F3DD8C77E3E2CD780BEBC
:10C57000FB27E13DBF3A033EC8A0603E4FB996BEDF
:10C58000569B87BE22164EBD6AEF08BD9D84F23CC5
:10C59000E5DA0FBD100F133E78C2953EB8AFDF3D10
:10C5A000C3AD293CD02DBF3C648A83BCBF98FD3C01
:10C5B00006D6C5BDCC4D3ABC2E6AA63C7739DBBB4E
:10C5C0003B8E08BE69420EBE763CCBBD263818BEF7
:10C5D00017C396BCCDCB2C3CDF26A03E821FE23D8C
:10C5E000873EC13CB90D3F3ED4F96D3EB81DCBBE70
:10C5F000932E75BEC3D78DBD6E84033CF7359C3D2D
:10C600003DB7DA3DA779873E0E47403E57E8303EBA
:10C61000EFE33E3D90C795BD0330C0BC031E70BD27
:10C62000C2D021BE837A92BDA9A927BC188E623CD4
:10C630006B2F6ABE851B39BEDE841ABEECF2ACBD20
:10C6400008228F3E7D452ABED63CB1BDFE867C3E8B
:10C650006ECC0F3D8729173EA2E280BED6EDB9BE53
:10C6600087E18BBDC551F9BD8CCA06BE448983BD27
:10C670001DEA263B7BC90CBD0D7EC13D929C883CCA
:10C680005BDC863DDFE694BCC6653C3D0DA78F3D77
:10C69000C0C107BD70C8B3BACECB9ABCC933E23CA7
:10C6A000F8D0A8BEA46919BE1C7D12BEA70F7BBC22
:10C6B000EE18203E2CC39ABE803E923D22798FBD5B
:10C6C0007EF7503DF229C0BBE681CFBD96BAA6BE2B
:10C6D0007D4FD7BE913013BE15AC90BE5EC379BE00
:10C6E0000C3488BE5D767FBEF6B8B03C1D57B83DB1
:10C6F000DD2D053D8304A0BDB21D81BCC36AC0BC55
:10C70000684C02BC51DAF9BDB6BE58BD837FDDBDB1
:10C7100074E842BEF99313BEB02E1ABE3FF36F3CCD
:10C72000EF4E6A3EAC073B3ECCE6083E352327BDC4
:10C7300061FB753D114002BD9C3F593DA14EAEBE0F
:10C74000637439BE416D53BBE99BD3BDB440A9BEF0
:10C75000E5D193BE35B611BE63694EBEE4C50DBECC
:10C7600055E8D9BD2A031DBE72AF0CBECAD133BC79
:10C77000FE6F9FBAF7DBA9BDBD086ABE5A3196BEEF
:10C78000BB70D6BA689E93BD4AD7F5BC037BA1BDEA
:10C79000EF28BABCE88A2D3E40D57A3E7370073D3B
:10C7A00038A183BD42F1723D6705953D9285F9BE82
:10C7B000CFA0D9BD6B40B73B360F373D598D04BE76
:10C7C000A8A7ADBE769D20BE30E30DBEB28009BDE8
:10C7D0005E5CDA3BEA41BFBCD063FCBD366F14BE81
:10C7E0009B386DBE5C3F52BE2240AEBEB83081BEAB
:10C7F00032462FBCF18F773CC8B287BD1C229DBE4C
:10C8000035D00FBF2ECA09BDF8E9F83D91D799BDC3
:10C81000AEC2463DD0E7E5BB822CA13E9662EC3D20
:10C82000C04D823EA4868C3E7DFD1B3C830434BCFF
:10C830008CECC5BD54A32B3DD0969F3D8B95FF3D01
:10C84000892755BD8E8605BC00A413BE848736BEDD
:10C85000C78A66BE69CD09BE407659BE95C314BD70
:10C860005125513EECA44B3C5E64F8BD92C0C9BE5C
:10C87000351AE0BE156DC8BEBD724DBE35E9A4BD0A
:10C880000235DEBC68B7A73C4FB54DBD9E23413E87
:10C89000488B173E97FF113E4DDFC8BDD1CE94BCEB
:10C8A000A625633EAD34523E1DFD0F3D55915BBD47
:10C8B00069ACB53DF3C9A2BDA81312BD763DD0BD8C
:10C8C0003BC83BBE3D5B12BE8266ADBDF3C2913E2E
:10C8D0001AD7AABD7DD09FBB517DA5BD06AC92BE27
:10C8E000CDEF83BD024AB4BE107D84BE7ADE5B3DCF
:10C8F0006612553D3BECA3BDFC20B03CD00600BE0B
:10C90000FB196BBE106DDE3C1505553E2521853D9E
:10C91000BA213D3E2722653E10CE593E769F543CBB
:10C920003BDCC13DF4DE803E276F153DCB81253DCC
:10C93000FD33AC3C6C01B7BD64C9B439BC38913E21
:10C9400043EAD33D0A8905BC7564213ED1C9983DAF
:10C95000DC2B2A3EACBEF73C673D2EBD3E238FBD8F
:10C960000DF496BDA51E973DFAAD5F3D948A4EBD70
:10C97000D828D03D8D8CFA3C9ED15A3D5359D73D95
:10C98000AEDC183C7772343CE84BD33DB57182BCC9
:10C99000574F2E3D2216E53D7C008ABD7E860CBE9B
:10C9A000BCBCC03DBD4B733EF715E5BD814B403E61
:10C9B00030E6023EF5D7883E1A03263E83E8553E10
:10C9C00031BA8B3DA830223C9C55E5BC5C4D0ABD7C
:10C9D00068A3163D44DF89BD6A9F363DF29920BDAC
:10C9E000C8FFED3CAA03493D243715BDF11C883D25
:10C9F0005257333D98240E3D2C7F06BDC0A3EE3A1E
:10CA0000D8EAE33DA6A9A8BC810571BDAFAAA2BD25
:10CA100070F259BCE047E13CFE49433D008D7DBAD0
:10CA2000809376BDC419253D8C8A093DD4F3A5BCFD
:10CA3000F0D8503CF4206FBDB234013D35AD903D8F
:10CA40009C0989BDE4BFFF3C08693CBC9DC834BD5E
:10CA50005916A03CF49F0F3DD69B373E2CDA653E1D
:10CA60003725303E1FE7E23D5712753D2E7B813D55
:10CA7000D12E423EE9E8943E20E0533EA196D43EBA
:10CA8000AE579E3E5458E43E7112933E4A14A33E64
:10CA9000999EF13ED12DC53E7739943ED8E9403E6E
:10CAA00094CBD73CC068E83ACDF8AB3DD914AC3D47
:10CAB0000242473D2D18A0BD19FB3A3D76EB473D9C
:10CAC000A3D2843E9BCDA53D63878A3ECBBD253E48
:10CAD000971BEF3E320CF13EFF40123FB92F133F40
:10CAE000976EC4BC3519B0BD4266EA3D5DE4383E80
:10CAF0008660803E0A87BB3E0D4C923ECAAC213E0A
:10CB00008B5AEF3D25F3353E7ED5DB3E9C51083FE9
:10CB1000F98CD23E9299AD3EDDD9A43DBCD9A83C5A
:10CB20003619773D852592BD303ECF3C0BEF713EE7
:10CB3000E31FA33D26D7423EDBA8AE3E0A8C4D3E06
:10CB4000DA41CF3E3260E03E4D559A3EA063A93EA9
:10CB500041A30A3FFBE5B13EB61073BD2133EEBDE4
:10CB600006D837BE881F66BE1434ADBDBEDBB03CF0
:10CB7000F093BD3DB90A0FBCCEE9D4BD27C0093F33
:10CB80009122E23E53DA51BE8237C53D24B6A9BD9B
:10CB9000E0BBD9BB56AAACBD2F2FC4BDFF11BF3C13
:10CBA000683DBE3EB06E2E3E6020AC3D8F375D3E90
:10CBB000C455443E2D9B5F3E7049F73D27DA113D39
:10CBC000BDBF063EA18B1C3ED8D4E63D8D32F2BDE2
:10CBD0007E6EE9BDF0324FBE56CF90BEBDB326BDCE
:10CBE0009CB13E3E295E3A3E57295FBE8D5286BDBE
:10CBF000BA8B6BBDFA7B1FBE9FF3233E6733DE3ECD
:10CC0000906CCABC4F8E92BD70DB643E74E40BBE68
:10CC100033AF7B3E0D9229BD2748A3BDD2F620BD80
:10CC200065706C3B600432BD0CF12CBE3D14FC3BC6
:10CC30008EDC813D5509053E52C1CC3CE6CA4C3DD7
:10CC400017018FBD898F933DBF4C13BEB2B79C3D7A
:10CC50008279803EEC420D3D015E74BEA1ECA83DA0
:10CC60009C219E3E5C20B53E864D053FAF82A43E92
:10CC7000B5229F3D72682FBE0488543E534B1ABEA6
:10CC80005404A43E2983C6BD48AFB3BDCA31563D46
:10CC9000DFF80EBC075207BDAC5DC2BDFACAA33DAA
:10CCA0001C71A63D7D76E73DDFD9923DF30B983CA4
:10CCB0002B8E9BBD1BC078BDDB3489BEED7504BED9
:10CCC000BFA7A4BD78853CBE008325BE029DC23DA2
:10CCD00000B1AB3E4D72E73E371C903D9CDAC43E3E
:10CCE0007FDD5A3D886E7ABE6ED21ABD998D25BE03
:10CCF0001B5F8B3E21C73F3D026842BE64E489BC96
:10CD0000AD99403E4D5845BE07F0583D34D7AFB9B8
:10CD1000F9CCA23D3E27143D8B267A3D30B0F03D44
:10CD200053F114BEFB4B69BEC3B877BECF1ACCBE5D
:10CD3000500A8EBEC1F75EBDB5D9813D1A1042BE04
:10CD40000199C6BD1248D13DC30105BE6AD0923ECD
:10CD50005ED141BDE768F23C5B62A9BE8518243E06
:10CD6000F0AE353E6B0E123E8B47B6BD95D6E73C16
:10CD7000B397D03D58AA4FBD6847003EE4154EBD5D
:10CD8000B94423BC41F7153EC10F0C3EF34F85BC9F
:10CD9000E4F60ABEBE635BBEEB8382BEBF5896BE9E
:10CDA000AFB8C0BE59DC96BE0F892CBEECF09ABE5F
:10CDB000135F8FBE3CF215BEA37C223E1238603E4C
:10CDC000DBF6963BA46F893D985E8EBE0D89AF3E23
:10CDD0007C66893E9B0FF93DF26C4DBD5143363D5B
:10CDE00056DC883EF30CF73D0EE2B53BDC02DB3D42
:10CDF000AD76BDBD7022A3BDFF5D293EE9FB193DA7
:10CE00000A7457BECF9242BE898D28BE21B738BE64
:10CE10005B7DBBBE8EC5D5BEC82778BECE36C4BE30
:10CE2000FE93C0BE66872BBEE3CC323C48B828BE1A
:10CE3000E56D923C8BC4193B607050BE5C892A3E04
:10CE400090A0813E8FAC533E9490133E7ED7253EFA
:10CE50004A43293E363AB23DD3EF7FBB277F0A3D96
:10CE60009D2481BDDED0B7BCA483073EC1F5293D1A
:10CE7000867B4EBE0899A9BED208583CED0ACBBDB0
:10CE800019ACDCBD40362BBE3E5BC4BEA7CAA0BEFB
:10CE9000691CD2BE02CDABBE6F9065BE7E599BBEF3
:10CEA00082E1DBBD9CE05EBD916F9DBD1280F2BD55
:10CEB0001D8AB43E8F14503E8EA0D93DBA9CAA3D27
:10CEC000D6B7143EC984023EA84508BEF0AB88BD63
:10CED0008CC67EBD5812613BE7E3993E9CEBE73D73
:10CEE000CF9BC83CBC40E9BD7793CFBC552230BE38
:10CEF000441E4DBD3256E9BDFBCB4EBE7CFD75BE1A
:10CF00002DB16FBE2DD9843D4C19FC3DC6D498BBC4
:10CF1000429C1D3BB7B182BD5CE8873D89EB5B3E1F
:10CF20009E36A43E639214BD985E25BEE844053C3F
:10CF3000DE6BDA3D173FB53DA7CD3FBE57C41CBDE4
:10CF40006900F7BDF5F307BDA630AC3E6C5E393E17
:10CF50008622FC3B2143EABB3B9399BD8B29A6BEAD
:10CF6000344254BE9135FC3AC0A329BD415CD0BDCA
:10CF7000385EC9BD949D803D901AB7BC2C4577BEE4
:10CF8000D42E563D17CAABBC671F8D3E38CDB43E7C
:10CF9000B9AC5D3DAF4CEE3BB7432EBE99D637BE24
:10CFA000194A10BE37F7BB3D616C013E9A47103EEF
:10CFB0006BA843BDE11BE63D0CDA923E46C3903EB2
:10CFC0005E6F353EB93473BD7451D7BDB53A11BDEE
:10CFD000F84B01BD488C473D8D1B34BD6D376D3C12
:10CFE000E8351C3D3D1AB7BE8D8EFDBDF74FBABC6E
:10CFF000F26CE9BC8F58FDBD9926B93ED980043F3B
:10D00000CF3737BE8C8BAFBDF3B5BABD166021BE2E
:10D010008AA2D4BD75DE99BD521B7C3C22FE7BBC2E
:10D020006F6A0CBEA78234BB2F1BA43DE4F2CE3D39
:10D0300078D9003E7E7403BE0AD8B0BD5299A6BC12
:10D04000EE268BBD5A554CBD56DE63BC8052E2BD08
:10D050008FFCE9BD9FC870BECEC0043AA4582FBC57
:10D06000CABA89BCAD2F01BE7A225E3DC497873E05
:10D07000624D93BE4EFE55BCF70959BD8EF64FBEAC
:10D08000D4173DBDB43733BC4ECBD0BD1FB13EBD70
:10D09000EF8A09BE3C5BFDBC0BCD7F3EC241583DD3
:10D0A000A4AC16BD435B00BE9C7EF23D91A8D93D69
:10D0B0005EB59D3D96D9AC3CA3BBD23C97298EBDB5
:10D0C0000B3948BE78CB793DFEC3E6BE16E5D8BD28
:10D0D000535389BEB1CD79BE1222163CF0932D3B3D
:10D0E000F0C8BEBD4B50103DF46F7D3DF9AB32BD75
:10D0F00042A8ECBD7B9F17BDE12C0FBDEDC462BD06
:10D100007D4BB2BDD19196BCF674DE3DDC8EED3C1C
:10D11000EBC169BD4F32063DB5EEC13D9F13C13C29
:10D12000FA60C1BD6CF2DBBD71CC40BD8A17693DB0
:10D13000F0C70BBEE232BCBDB189A1BE2AA974BE44
:10D14000F66E093DD21E11BE703F25BE376EDCBBA8
:10D15000068794BCAB31063ED3102C3D0DE43EBE99
:10D16000416F86B9996D2CBD9A5B61BD836F29BEF5
:10D170007D7BA1BDBAA66DBD5BB3573E28BDCB3D3F
:10D1800045D4813DA4C3DB3D5E88D43D9E4D153E14
:10D19000B13B833DC2BCA7BD44F8E3BD94B9AD3DEE
:10D1A000B5BDA33D2D59303E2CEF0DBE4CB799BDFA
:10D1B000B8B53C3E37972FBEB8181D3EDEC831BE0D
:10D1C0003DE0E43D1E40123C847EA73D0E4AAF3D4B
:10D1D0003B808A3BB1D15ABBB223073D8AE778BE78
:10D1E00001C4B2BD79E03A3D263A463EAAE8243E63
:10D1F000324C9B3CF22AE13D3207843EAECDB13D3C
:10D20000D24A663D664D8FBD1453EFBD2B03B83D2A
:10D210006883473EC533B03E3E6077BEB49553BE8B
:10D22000CE538F3D0F77B6BD547319BE6FF8AFBEA6
:10D230002A44B93D5AF0C0BDEA21EE3D07337D3D99
:10D24000235CFA3C793BD03DCD5ACF3C8531593CEB
:10D250008BE213BE1529B9BD2B1CE43BA89BDE3D18
:10D26000AC6D313C8EE0B23D6E96183D6452063E88
:10D27000AE621ABC04AE7FBD92D977BDF9150C3EE3
:10D28000B538CB3DF06E4F3EC75102BE69C127BED7
:10D29000F6FF92BD618CAEBD5CEB22BD39DC98BE61
:10D2A0003693583CAFA48D3D0D5AD63A0B47563EA7
:10D2B0002AEA6FBD3F88CE3D873D163EF17EBD3DDB
:10D2C0006E5D19BE47387FBD4E0A573B5C85C83D31
:10D2D0009ACB40BEBD8D79B9E594563DC4A6313B8D
:10D2E000AD1FA13D3790823ED80B6C3D340C44BE3F
:10D2F0000B18F53A37A5E53EAA776FBEC4FD35BBDE
:10D30000C6A8A43DCD30D1BDC74C1EBEA47B1A3EDD
:10D31000975C8FBAAC7336BE0CAE983D4854AB3EAA
:10D32000F1D9263EDB1BEE3DF013853EF94C213E44
:10D330008AF3373DC6C65B3DD95CDA3D6978A23DCC
:10D34000CA721CBD294A233D4B09283D7B0A5D3D1D
:10D3500082BE073E226E953D0DDBC2BD60F866BE03
:10D36000534502BDC215943E6B9E82BE1E2905BD6B
:10D3700075D4333B9071A4BD359D5EBECF15993EEB
:10D380007909AC3D626889BECEDA66BE7E45FA3D5B
:10D3900033AB323C35FA203EDB8C203ED1F2E53C0B
:10D3A000B98F603EBE5E983D027DA73CC7D2BF3DAF
:10D3B0008C6C18BC3E59843DAA91F93B2CD687BD94
:10D3C0003E4EEA3DE7D87FBCA70158BE854012BE5D
:10D3D00044A9C5BD05D6383C3A9247BE8124813D5B
:10D3E000052C1FBD8E90A3BDDF2EF0BD6D67183ECE
:10D3F00056768E3EC14A463ED736223D679C67BE72
:10D400005BB9C6BD51AA5DBCAFEC0BBE51A695B8C9
:10D410008B64B0BB56085CBE1E777BBBAAD6853E2C
:10D42000291D9E3DCCC8C5BDD28F1BBE5F2B76BDCE
:10D43000A1976C3DBD44CCBC0A28463E4F701E3EB1
:10D44000895E0A3E2D33F7BDCBB757BEE84077BDA6
:10D45000F42F233D04DA50BDD9347EBEB1596BBEE2
:10D46000E451B5BE7AE3DD3D021CBFBC62CEBEBD59
:10D47000391084BEC7CDC1BE1008BCBD58738CBE68
:10D48000E632D5BE4632ADBE2C5D44BEAECE9F3D2B
:10D49000F7BDE03D4CD394BB341DC2BDD81337BC9F
:10D4A000E790EDBB2DAC8FBE5B67CABD7776983E2B
:10D4B000311AA23E845EEDBDA2ED13BEC479263DB5
:10D4C000B08D16BC10E89EBD91C9A03D0AC7993D1C
:10D4D000258873BD09D09FBD7F2718BE9EB07ABE38
:10D4E0002C12B3BE6E5941BEAD1D9CBD8EC10CBE8B
:10D4F00063D96BBDA64CF9BDFF60C53DC37EDE3C64
:10D500003D831EBEE216173D1461643E1E1D0A3F98
:10D51000D2EE063F4FC72D3E58EC1A3E10191A3E68
:10D52000DE89513E1C4FE8BD3D071FBEFC97DF3C26
:10D53000C0A8EDBA001E5FB9202FE93B9621BF3D80
:10D540004D6CFF3D75499E3D83B6333DD6DBE83CCF
:10D55000C99E1A3D822C3F3E681C353E720FBB3E71
:10D560006647F93ED4E4B13E962C443E485539BD59
:10D570005CC8F73D93B4C23E6756D53EE581103F87
:10D58000D945213F2555B03E9905C23D65E4883E09
:10D59000AA72923E75497CBC9E37ACBD5247C7BC4F
:10D5A0007B849E3D42507B3D5DB706BDA6D692BDB5
:10D5B00067AF85BDA0410FBE0B4798BD62DF52BB70
:10D5C0009730793D110D99BB108790BD78908BBE37
:10D5D000E9AB9FBDD1ECC03DBC27D43ED22B353E3C
:10D5E0007C570B3E5FD088BBAB46D73E0B31A23C8D
:10D5F000230757BD344922BD55750DBD0FEA80BEC6
:10D60000C8A9F4BCC5299A3D101B983B2C5680BC78
:10D610004CDE9FBCCC2587BD5EC373BDD16EA7BD5C
:10D62000A63A3B3D60C2F93CE7C273BD329863BD88
:10D630002E831BBD89498CBDFC389BBCCA95083D17
:10D64000E850A0BDF0AB82BC540DB93C25FC533D65
:10D65000E4B6913CA2BE4A3DB8F11DBC5A9C3B3D8C
:10D66000AC4183BCCAB7403DBB19A03DC0192FBC1B
:10D67000308427BC808024BC3F449B3DED3B34BDBF
:10D68000CC7CA3BD80F066BAC02C36BC340B17BD71
:10D690009175993D54D234BD5765BDBD5AF4DABD7C
:10D6A00005FE18BDBC67F53CF7CE96BD19C875BE22
:10D6B000CCA721BEF2BF88BE17E991BE0A838DBEFA
:10D6C000345F3EBE8A9DA83C067C143E08EA37BD06
:10D6D000AEA53A3D01DCE53C895D0ABE7F04FDBD97
:10D6E000A089C23BD4C18FBDD0756B3C2442C6BC5F
:10D6F000489C5F3CCC9E84BD8446863D889EC5BDCB
:10D700009A59483D4A72A03B8BD6C4BDF18C80BE6D
:10D710007A9185BEA56236BE2E2B83BE4972BFBEEE
:10D7200004CE7EBB0E359ABD3367DA3DE400B1BE50
:10D73000D0CBD4BEEE41B4BEF3936BBED8E37CBE77
:10D7400067B4F0BD27ED35BED35140BD0DCD4FBE02
:10D75000E61017BEF425F0BDF28C4C3D469A593DBB
:10D76000ACB9EC3C43E9933D5CC585BC55CE063C69
:10D770009E0F37BDF0A9A43D070B833D9AF9413EAA
:10D780002DC8BB3D118867BE8CBF31BE7127D4BD8B
:10D7900066EF9DBE816294BE193494BE5B1D09BEC6
:10D7A000667145BD05439C3DC6A27FBDA8D4BABEE7
:10D7B00021DF82BDB8A3473EB75DC23E1BC6F03E27
:10D7C000AD7EE93D4BDAAEBECE4D2CBE84578CBC4F
:10D7D00086943B3D609AF3BC879FA83DAC1BCB3E33
:10D7E00078B3193E2C059E3D3057863D0322C7BDB8
:10D7F0003C5376BDE09E1DBE231FD3BC1944F63DAD
:10D800008EB3713D6B84C6BBFFD81D3EED6A493EA9
:10D81000ED2FA83CE85B56BD6D963BBD15CE813D16
:10D8200016888F3DF815FB3DC836993E5ECD0E3EFD
:10D83000B784A13D500B0CBE0C43F6BD213C573EB6
:10D8400017A737BD470F23BD2D49C5BC4528C73C89
:10D8500083B39CBD3661EE3D0C70E83D2AA77BBDCD
:10D860006CD6813B5643CFBDEA1C5CBC8C3F7BBD74
:10D8700084F5F6BCF4D94BBD44BBDA3DC54792BC38
:10D8800096FA52BC35E5713D214561BDF907E63D8B
:10D89000B531CA3D49C0943D62C5693C4FE7953CEE
:10D8A0001DAADABD7A3D12BE0F7BF53DD9DD853D5F
:10D8B0002FCB893D8EA20C3DEB317F3DA4743ABE47
:10D8C000F45747BC8182FA3C80A0A3BD419B0B3E2C
:10D8D0001EF987BDB3030EBD7860C3BD080985BDC1
:10D8E00042839BBC5776743C04A702BE6EA6963C4E
:10D8F00034AA02BC1496C4BDE147ECBC9EBCD33C28
:10D900005607FE3D5E47E93D18F157BCE32B2D3D20
:10D91000234AC7BD781D1DBE4D43163D1410613E00
:10D9200090234E3A571679BD66D46E3EC2D128BDBB
:10D93000165AFEBD622D9EBD57401C3D56A7363D72
:10D940008743C43C0FF775BAB6608CBD4C31D1BD6E
:10D9500097AB45BDE71F11BE8F4A64BE4A1EF5BD99
:10D96000559E0ABE6C3AD83BFB032B3DB1D9B5BCE2
:10D970000DA01BBD3CE77B3DBBB3023CA2E2743D66
:10D98000A1456C3D445D73BE6A863D3D01A5CC3C1E
:10D99000853FBD3B1C2472BD2E67713EC0177B3E88
:10D9A000CABF2FBEF8AD103DB0A9633EBC104E3EBD
:10D9B00024BE1F3D2184FB3C5E5406BE1DD739BEEC
:10D9C00091CD2DBE64456ABE490097BE673499BCAF
:10D9D0000711E73DF7986ABDA9AE39BD74A794BD9C
:10D9E000674726BEEE17AE3DA0E86ABDEC7129BEC2
:10D9F00039D224BE402BBDBD2346303DE549B7BDDD
:10DA0000B537D0BCE164B2BD74FAAC3D3B48963D3D
:10DA10006A890D3E066F14BA07B73D3EF235523B98
:10DA200081D6C6BDEFD4D4BDDA7755BE77D123BE3B
:10DA3000EF7C31BE459F61BE9204CBBBAF5A903C98
:10DA4000BBFE773E5D80C13D0624C0BD192B543D11
:10DA50001637443EEB121E3E6AA28BBE954F5EBE49
:10DA6000CF1BADBC947D84BE827DCB3D91E9A0BE31
:10DA70008F13D7BC19210DBE496A4E3ECBBEFB3B6E
:10DA8000B88922BD522096BDB69A0C3D251E2C3D6C
:10DA90007EC2A0BD7ECF083D865736BE7D64FEBDEA
:10DAA0005D9C73BDA7AB49BDF5D794BC16EFBA3DDD
:10DAB000C15E823E2590143EE4FA063EF5C45D3D0B
:10DAC00048EC5E3D4FD53CBC57BE03BCBFEDAD3D01
:10DAD000B730F3BCC62410BEA5C381BEAFB231BC03
:10DAE0001212A63CCE897BBAE668623B8DB4593EE1
:10DAF000F2328CBE768C67BEB50BADBB6C49643E12
:10DB00006636693DCD908DBDE42100BDF630673DA0
:10DB10003199023E17C65A3E5633CB3D8EC4443E21
:10DB2000118E743E9A717B3EA3E7593E34785C3D7A
:10DB3000FA85663EBDBCB63D2F65533EAE72603E73
:10DB4000A2C96C3E42A52CBE0173BEBED9A481BD44
:10DB5000B052D33CD2250ABEFB4D69BC1AF418BEA4
:10DB600015C75CBE29E85CBC601B3ABD36E570BEDB
:10DB70006F9C26BEA41A26BE817D8BBDE42AE63B9F
:10DB800000E0B03DAA818B3EE401403E2775493E4E
:10DB9000A6B3A03E5972513E2226953EBBA52B3E10
:10DBA0008171223EDD1C273EB6441B3FCB2FF03E49
:10DBB0004780683E813ADABE6E27FDBE655977BE62
:10DBC000208E37BEA15E7ABD78AD1DBE40E90EBD88
:10DBD000D0F2DFBDD8372C3E998228BD1A3EDABD7F
:10DBE0009FAD9D3DE6B3F83CF7079A3D08AC533E28
:10DBF00046F07C3E920C453E2CDD53BCBB33753E5B
:10DC000097AB333E1761043D2CFABA3DB8BB703D6B
:10DC1000D52823BD1A550F3D985CC63E969CBC3E48
:10DC2000EA04BCBDFD1331BEE5AECDBE8ED8E3BD6A
:10DC3000EFB3FCBDABE71D3E41614CBEEF92233E0E
:10DC400085C2B4BD5DABC83EDE17023E5EA7C23DD5
:10DC5000A7F6693EF09DE13D1A4D2E3E89D7323E32
:10DC6000BEB18F3EA7EF523E61E51C3E601A463EB4
:10DC7000424DFB3D866C113EDD281B3E6384083E11
:10DC800003DF4F3BB259B83D1F30933D8F661A3EBC
:10DC900025C8983D645CC43B15B39CBE59A7B2BD72
:10DCA000E4A35ABD0BD5693E1F4289BD9E49843EFF
:10DCB000CCBC993E88DCDD3EB30F513E0B6B343E4D
:10DCC00044048D3E9EBA973E73CC2B3E2C31B63D1C
:10DCD000A60F7C3DC0A4633DBE8C033ED3D58A3ED7
:10DCE000F9DE163DC3E5533E796CAE3E5F55BD3E51
:10DCF000343C473ECB52EF3DA648223EDA1AD93D8E
:10DD00004DB753BD5FF2983CFB45CABE63E823BEE6
:10DD1000D07D933EB678573EDD8484BDF7B4D93DBF
:10DD2000AC64B73E5A00853E805A4B3E42D78D3D8B
:10DD3000BA516A3C4F22B83DD50CC73DF75A05BDD4
:10DD4000F54B13BBE5739CBD398E58BDC7E1C73D8C
:10DD50004A78A83DBC01853E8256A83E1EFBCE3DBA
:10DD60006894243E6F75A9BBF40C643D389819BEC5
:10DD700009412DBE8B167EBEF407CABE4BA072BEF3
:10DD8000A01885BCEC57483E0656FDBD1BFACB3D9E
:10DD9000FD5FC33E12FC323EBB4F9F3DFB2589BD5C
:10DDA0007DCCC6BC27F1FE3DCB3DA7BDB32C113DBC
:10DDB000BEFC843C8EC9C33DFB2BDEBCE215D53DC9
:10DDC00048F1323E3012883EBF0B0D3EE4C9873C1D
:10DDD0000E5CF93C91E508BEA62B1FBD31B41CBEFC
:10DDE000E51B4ABE166680BEBA5706BEF14ED3BECC
:10DDF000BDA6923D9752483DB5672B3E4CCE633E43
:10DE00008C5C003D7322ABBC2A07D5BDEA2E0ABE4E
:10DE10006ED3243D289C2BBD9887B0BC9C96403D7A
:10DE20001F72B63DF63D1D3E6AB1003E7F0A063EBA
:10DE300018A3983DBF791D3D22D6CD3DCEBD433EB2
:10DE400063D133BD3AF688BD5322CEBD6FE241BEE9
:10DE5000BAC7C0BEEE0C6CBE5E53003EEB5262BE53
:10DE6000323489BD1783E93DE53283BC41F3713E0D
:10DE7000C990B23D30C3A1BC72AEAABEE1C9ABBD70
:10DE80005251CABC20689ABB2E85923D27A6C1BCC0
:10DE90001B298FBC893F8DBD7448593D6F1AC3BC87
:10DEA000EC9456BED8C5F7BD268BBFBDC6FDAD3DB3
:10DEB000ABBE32BEA278F4BD39D2FFBD1DB222BEC8
:10DEC0006EA68CBE2600E7BE701E66BE7E2D3FBECF
:10DED00020FE903CFF718F3DADA59FBE7D59853CD6
:10DEE000DD2C38BE07524BBEEA8B6CBE5E5B84BE37
:10DEF000EFB4A2BE9022FFBD111B8DBCFD4616BE25
:10DF000086EDA1BD577226BEA7E6F7BD937F21BE61
:10DF1000EA35DABD89DF64BEAABFC0BEED8939BE6D
:10DF20003D158BBD2EA4D7BD8F7B2CBE42A19EBEBE
:10DF3000421A9DBEBDC685BE85DF94BDD9DC49BDF4
:10DF40005FD30D3D97EBCDBD16A284BEF22870BE07
:10DF5000A945A9BE302005BE7C742FBB699AB4BD0B
:10DF600092D22CBE84C06CBEC37EDDBDF0EABCBDC7
:10DF7000B33811BE3C8101BE09408CBECC7907BECE
:10DF80009B75D53CE86B9EBD56FD92BEE79E65BE77
:10DF9000C1BDB1BD5E0438BD0ED284BE6C52E7BEB9
:10DFA00019F282BE5B62D0BE6520253DDBBE97BD07
:10DFB000289B833C9654D63C6B1FA9BE351AA1BE44
:10DFC000D80D24BE00C521BE28D77FBC82EB71BC12
:10DFD000465DCBBDCA740EBE2B4CC13D36D3A5BD2C
:10DFE00010B434BEE81C06BE38D586BDF86219BE32
:10DFF000FF0E98BD74721BBEF9665CBE2C2A3ABE39
:10E00000CC5625BD3A4FDABD0D2586BCA6F7D4BE49
:10E0100046671CBE6561D2BEFDA3A1BD78282A3D1E
:10E02000417C8A3DA3DB16BDEB6A1CBEF2429CBD5F
:10E03000F58109BEF50388BD85C8D8BD0C67EABC6B
:10E04000E89CA93DCAABCFBDAEB699BD830145BC26
:10E050006AE603BE26AECA3CDA198DBD7289E6BDFA
:10E06000AA802DBEB19380BECB6DBBBD9F3586BC53
:10E07000CB956B3DC515A43DD629C8BE27CEA2BE03
:10E080007B36BBBD5132C1BE7278A6BE39D0A53D2C
:10E09000E0379BBDC0EACCBC731E2C3E2A79883C7D
:10E0A00050FEC83D4F2D44BE54A8213CF2ADE03C8B
:10E0B000F86B3EBD42F60BBE2D93C13D9A43ADBDFC
:10E0C00061D710BDAD683FBC121F06BEA611A1BD31
:10E0D0005A4B0DBE2799B7BE09EAB2BE203F7DBE9E
:10E0E0008D5B913B009044BE2CFD6BBEF0C395BD93
:10E0F000B41D41BEC20582BE0FF782BEF8A563BC47
:10E1000080721E3CDAD78BBD18D8473E7BBF00BE5D
:10E110007DA1973C38F6293E9879D63C561279BEB7
:10E12000A09A88BE9B4F24BE37A9B73D0377183EFF
:10E13000B72603BE6D388BBE48DCCABCD88282BD10
:10E1400073939ABD12C302BE878C03BEFFC016BE76
:10E15000011BE0BD8570AEBE2BAD8DBE8EBB4EBE2D
:10E16000FF32B0BE997146BEFEF9ACBED1B4A83D37
:10E170006A80E4BC82808BBDE0DF83BB09773D3DD4
:10E18000E43C973B5601673E782EBA3D4E24043E50
:10E19000ED3799BEBC1AB3BD1F7DC03C54E3B0BC83
:10E1A000A07F05BEE5B05CBD66A627BC4009BDBD2D
:10E1B00069431ABEB886A33E80E2993EBCC1BABE8E
:10E1C0005F7B013DCBF30C3E5F3FB1BD329ED73D3F
:10E1D000E4F1AD3DF9A889BD0740923D8080E83B60
:10E1E000A3E8863D6A68523D6C91983C2D2990BD0C
:10E1F00056338A3CBAFC04BE160796BD3D0F2FBEAF
:10E200005E2B0BBE3B446FBDBC3661BDA7466F3D68
:10E21000729529BE5D1303BEB227173D36285F3EB7
:10E220002373873D7098C2BE00CA873DAE27ADBC40
:10E23000E273183EAA227C3E13D53E3EDD9C24BDEF
:10E24000DA73663DEA6529BDE061543CC0D2B4BCD6
:10E25000B0CDF8BB208601BB02906CBD7A9E90BD0C
:10E26000433A20BD1FDE83BD1C4DEC3C32BF783DE0
:10E27000D683563DCA70203DE136923DE29A603D1C
:10E28000825DFDBCB39692BC96CFF3BAF9610CBD2A
:10E29000BF8223BD67CDAABDA0B65DBB3A3D6ABDB6
:10E2A000BAF4343D8CC94CBDEB089BBD28E124BCBD
:10E2B000E051CBBB88DA9CBD5862093C866F66BDD5
:10E2C000EE80053DE6347E3D99222CBDE58A1EBDDB
:10E2D000B49906BC3A26043E44AF6E3E180E493E41
:10E2E000A5519C3D42FFA5BBFD896C3D83120E3EAE
:10E2F000F5836A3E76EB303ECCBF123EE3A3D13EBF
:10E300008488D03E4E5B913E0AB63E3E87BB593E66
:10E310009E0BB83EAF39E53D83B6B03DD897A83DDA
:10E32000F2C27D3DE0469DBC807283BC806E793C2C
:10E33000418B3BBD6299A4BDBDD4D23D05F0203ECA
:10E340001B834F3E031A1C3EA093B63E58A9E23EE3
:10E35000663F283EAEE364BD197D573E0DDBBA3EF5
:10E360005BFE29BE5846CF3D025587BDAAF9EB3D5D
:10E370009F711E3E3EF0A6BB64FB283E7A9BC53EC5
:10E380006853653E1E45FB3CF14F363E5F0F853EB0
:10E390005A709CBD04DE0CBE4A83B9BCA5395CBD75
:10E3A000E486CA3C718D913D61F421BD27768D3E96
:10E3B000BE07BB3DC439A1BB9AD7943EE890003F4D
:10E3C000F62BED3E4D9DCE3E3AD7253E5F30703D5B
:10E3D0009564503EE5286D3E4513603D8DD823BDC4
:10E3E000D0051FBDC44B983D519FDF3B64FF1F3ECE
:10E3F000D46E823D4D20C4BE5BE491BEA58D37BE78
:10E400002315F63D0016E13D68A3733ED77CA23D7F
:10E41000D33540BDD8C5B03C17BD9D3CCA014A3E6E
:10E42000A196823E2AEFCFBDEB3E87BE2E64F0BDA3
:10E430000522A63DF667AD3BA108023D581B4E3DA7
:10E440009872CABD93F65DBD3FB31DBEA5B277BD40
:10E45000FDE8B73DB80CBB3CCE191EBD6E16723D33
:10E460004F9B93BD20F41BBECDEB56BD3CEAD9BDFE
:10E47000705D95BE2C2373BEAF73B7BE635A57BC95
:10E4800096FD72BDF2A5603DEE49753EA23CB03EE0
:10E490005EA75D3EEE0D953E6DD7B63C4C2E5A3BC9
:10E4A0008BC28ABBC272333D8F67B1BC0CFB66BEA8
:10E4B000BD09E7BD92597E3DD9FFBD3CD723C9BCFC
:10E4C00016695DBD999620BE689B7CBD0A642FBD10
:10E4D00095B9F3BDEA77A2BD6CBB3E3C72031F3E0B
:10E4E00079998DBCB60022BE436ECABBFE12E8BC51
:10E4F000C8B8373C2DA5EA3D76E9843DA53EAC3E43
:10E5000098548B3E532B8A3E5B208F3D7DE495BD16
:10E510007F0883BDF02E67BEA1994DBD49BC92BC5A
:10E520000423A7BDDCC4C93D95179ABD50D819BEB8
:10E5300014CE42BE48B29CBDF4AE133C7B9348BEA1
:10E54000D4CEF83C2ADD9B3D788F143DD7FD40BCEE
:10E550002552CBBDE30492BE35E767BDCA5B7DBCE7
:10E56000E16A8CBB313E713E5C7958BC1208353E85
:10E5700045D1C43EFC03CB3D6D881BBC8CD7ACBCE5
:10E58000CC281FBEAB3D64BE10228DBD96BF4C3C57
:10E59000F060BFBDA64C0FBE2D32073B7C4F4EBE78
:10E5A00055E805BE0EC901BE01A922BD1F99A33DB4
:10E5B000A3CF1A3D4A149C3D53F0DC3D4435E8BDE1
:10E5C000BE5D57BEEB2E0ABEAF2994BDCD41A13D25
:10E5D000239394BD18EB0D3E8B1C493BBD8CF5BBC2
:10E5E0009100293E6114873D48BCC3BD8AB23BBD42
:10E5F000AD072CBE33A318BCFBDCD43C50E4EABD11
:10E6000017958CBC9C3E7E3D4A5D2E3E44BD81BD2F
:10E6100085D0203D11E1E13D4A22CCBD3925603D48
:10E6200057D45FBC8DC673BDF9C5B13CB71684BE67
:10E630002BDBB1BED64DD7BDA83FA2BE079D07BEFE
:10E6400097899D3D99382C3E315DA8BDF0E2E03BB5
:10E650007721423E2DA5E13D6DDEFE3DBB00503EE3
:10E66000E62CA53C34F9BF3D3406DA3D7E730BBE83
:10E670006147CFBB18DF393E1566F73D3458943DEE
:10E680008723A13EEA2F753EA8531D3EAF5D083D8E
:10E690003EC6A33DBFC6B2BC8B00A8BDEA793BBE57
:10E6A000A618BFBDAFC62CBE896CCFBE4853B33EC3
:10E6B00014EFCE3D4188893D018B713EC61298BC56
:10E6C0009CF949BE0E249C3C0A78403D3A0E1B3E04
:10E6D0006292313E22D8033E8FB6343E7540B0BDC3
:10E6E000050038BC72A1B53E9AFF793E136E593EC3
:10E6F0001CC09A3EC711443EC638EC3DB4E6D03A41
:10E70000B7254D3DB9A9783C73EDA63D8C103D3D34
:10E710005214D93D847D9C3DBBA9FD3DEE8C133E3A
:10E72000AE8E3F3DAEFF003E6E707D3EB9FE523C68
:10E730009196DC3CEA83D0BCCCD6093E38B10E3E83
:10E74000DE6C1A3E223F8FBD29E5D2BDAE9528BEB4
:10E75000195B03BDD836243EA6FEBA3D7ADEF93DEC
:10E76000617EC83DB70595BB5E5B163E37BD5B3D20
:10E77000C6BA8E3E264129BC08FC403D466FFD3D91
:10E780001176183C030F91BE0E63C0BE3CA3F63D4C
:10E790007A3446BDA907E53D2FC4473E168A12BE0E
:10E7A0005E7435BDBB6F653DEAE6773EC0604C3EAA
:10E7B0003552C33DCC6A223EF53887BC2FC16ABCB6
:10E7C00093B495BD70F92CBDB6F6E33C821024BD20
:10E7D000F8FAA3BD539438BDC295853D9DAE893DE1
:10E7E000ED5E203EDF882E3D53C52B3D9013293E24
:10E7F0005E99FEBD4CF0C73DA75724BE353A8C3E0E
:10E80000EDEF6A3DBD87F93DA46A8C3E38CB95BDDE
:10E81000BCF1CE3DDDFD7F3D71B7883EC5901A3D10
:10E820007A61C83D39CE583DDDEFB43D25FCD1BD00
:10E83000A3E197BD19AB7ABE843C5EBE34C98BBEE2
:10E84000FFF36DBE376DB8BDE863C4BDB3B105BE9F
:10E85000BE90CDBD8C13DE3B83072D3E8C68133EEE
:10E86000773D21BD05FBC5BCEDA990BEF035ABBD24
:10E870007EAEEBBC81BC013DDD3A7F3E637B063E54
:10E8800042DA1E3E95F2A43D1D7E22BE45744EBE68
:10E89000855307BE8FB93B3CA08986BD681C08BE66
:10E8A00048E54CBE6F21C6BE25B58DBE647A3DBE1F
:10E8B000DAE360BEAAE276BE610670BD688704BE78
:10E8C000F7323F3D10D7C23DE3D4CF3D111C1D3E72
:10E8D000D19F0D3E473ADFBDD522CCBE6CD4293D39
:10E8E0004A139A3BE3D2C0BC58A4903EA62261BE14
:10E8F00012B6903D952FD6BD1FA926BEC05EF7BDAE
:10E90000C474DABD0F42BCBD02A765BECC8527BE6C
:10E910002B7E3DBE0DB921BEEB7FA2BECFAB54BE58
:10E9200056EE51BED5030FBE208B02BEBF32CCBD0A
:10E930007F1F403D252FB93DC1B216BC0246FF3DA9
:10E9400011CBAD3E2DA500BE17279ABEB421AFBC9A
:10E9500054376D3D1B4D153DE1B5833E4C8F04BCD6
:10E96000D9DD1F3DD42645BD0F1EEFBD6E9E7BBD7C
:10E97000964E50BCBCFBD0BCE78F30BECF0E4CBE19
:10E98000B13E82BDA3D5513C7A9BF9BC346D28BE03
:10E99000293594BDE82C09BCA076F1BDCEBF083C5A
:10E9A00005493B3D3F2BA9BD660886BBE7019BBDE2
:10E9B000F0DB773EA7F033BE977E9CBD61612A3EB7
:10E9C0004F3718BD0FF9333E33DF4F3C282C01BDC4
:10E9D0008296853DE18BC33DDDFE34BE8FE4893CEC
:10E9E0008CED0DBE8281ACBDBB7826BE7ECCE1BD78
:10E9F000CE9D8F3C3AD11C3C7500D8BC940FDCB93D
:10EA0000B538AF3CC106213D2C4E1DBEB670F9BCD9
:10EA1000A7BE13BE1D7B26BE2653C5BC0ADCA1BB08
:10EA2000D9A76A3EF8D8823EC8E4203E60936C3E87
:10EA30001CE8B439038F3E3EA42E63BD986053BEDC
:10EA4000CFBCB1BDF728A83D434A62BEBFFDB9BCEB
:10EA50001E927DBCD5438F3DFC00B3BCDB3DD1BCD9
:10EA600095BC783C611BF1BACB03BD3BD787913D88
:10EA70008D5FAEBB1A0DDBBCB1F447BE9A0C52BE23
:10EA800034CA45BE5A3B5DBEC948513AFE26053DD3
:10EA900072CCEEBDAA8A463E99B5E4BB3DF4123D68
:10EAA0005B7D973D575A8E3E2D06963DFE321BBE2E
:10EAB000E28440BE5DCA31BE63C5CEBDC3DDEDBBE1
:10EAC000DE7886BB69BCB13D5F0D0C3EACF73B3ECA
:10EAD0003B2F703E358F333E0286153ED67F303E4B
:10EAE000937A7B3AC1CA1CBDADCAF3BCA98236BEBB
:10EAF000A07685BD6441DB3BD74F323E2F0A103DE7
:10EB0000C5109B3DBB37E53D17E744BEBCFCE13D6E
:10EB1000B3F2AABDFF998C3E3D7E753EE8FB003EF8
:10EB20001009273D99220CBE0C841ABD10ADCA3DB8
:10EB30002CC7693E9573623E40B3793E85FD523ED7
:10EB4000AA82A13EF5A67E3EC3E6513E5F9DB73D3B
:10EB50009AF879BD596E87BBDAD056BD309794BD0F
:10EB6000BD62CB3CD27B71BDCB83833B802834BE5E
:10EB70008AD8CC3DA70ECBBD7860C3BC19513C3DB3
:10EB8000648E00BCD93E563D909DA43E74C58E3E19
:10EB9000F9E008BDFCD38DBD13C95E3C2F64303D48
:10EBA000D2E2053E7C74703D6AFD643E91B8023E3F
:10EBB00077F8CB3D3A7B353E05626D3D671C7C3E68
:10EBC00081FF263EDCA9C1BD9B33DE3D514D92BD88
:10EBD00038BDC23DA9C5603C1119C2BDCD1A5FBD8B
:10EBE00037BCBC3DF660693E2E8CB53E37BEA73DB6
:10EBF000A777283DBBB1DD3D81CF54BD3663593E7B
:10EC000088580B3E17FA823E25A0883E3F19073EE2
:10EC1000979D383EA580103E5532013EADE2E03C66
:10EC200041B7333D4DC8433EAC5CD83B61E17B3ED0
:10EC30002005E13D4268003D6CA31D3C822B623DF6
:10EC4000015617BD475B93BDEC3D84BE7594383CBF
:10EC500053E260BE7CEE323E0BEEE73EF18E0F3C9F
:10EC6000FBE736BDB5399F3D058F483E4EF7973DD2
:10EC7000BBDD823E6E1B783EEFFC4B3E8F50E13D8C
:10EC8000C9C4653BD452073E3D22B83C03DFC83DB2
:10EC900014C6333EC3E8FE3D347A593D3D9A523E98
:10ECA00083F58E3DAB57063E9C0F60BE54E154BECB
:10ECB0005545F8BD88E0C3BE8DD0B1BE14D4DBBECF
:10ECC0003E015FBE9A8FE93B41A90D3EB857F43C27
:10ECD000095218BDD6D5B7BCB52E833E49116CBCC0
:10ECE0000E26C03E4C456C3E9BFB743E11EF6A3BCA
:10ECF000867253BE45C0C9BDE11F21BE8B3B3BBEE2
:10ED0000580B19BEE96A483C3DA28D3D88445B3EE4
:10ED1000826F93BD877EAB3DC0666CBEE8095FBE67
:10ED2000A26AA3BE1BE5E0BD6545BFBEB05806BFE5
:10ED300069E3C8BD5DAD82BDE98F093E909807BD0E
:10ED4000423679BD874C05BDC43D89BE094BEE3DB9
:10ED5000DBDC61BD791E193D69BED1BC1B354ABDE6
:10ED6000D06FB6BDB40A9CBE279BC7BEDA225CBE7C
:10ED70006F5C89BD756C3EBE68B7F2BDC40F56BEF0
:10ED800029E9A5BEACABC3BE98C8BABE5EDF463C9F
:10ED90004C0D5EBE7AAFD6BD69ED66BBDF98B3BEE3
:10EDA000165DB3BC3999E3BC59EAD6BC06FA86BDF8
:10EDB00096DD553DF647323DA04F5D3C9C4AD6BDA1
:10EDC00013FD5CBEBA8757BD771C69BEFD64CABE21
:10EDD00001A7F6BDCC6496BD819B233EE1D0E83D02
:10EDE000CDB4CEBDBAFCC3BD8DCE4ABE4617ED3DF7
:10EDF000A068F93DDBFEB9BDAF40A13CE36BA13E8D
:10EE00000748193D3F548DBD2FF08E3EA52274BE9C
:10EE1000B2D77CBEA3B11DBCE7099A3D635E50BD6D
:10EE20000D138B3D001F833A80F105BA802966BB24
:10EE3000A5E7CB3DB8BC2ABD3E0B253D3E90ADBC01
:10EE40007298253CECEA35BD223FCABC482C5FBE17
:10EE50004207BEBDC95DA7BDA7A611BEDECFD1BD0D
:10EE6000EE44AC3DFDC92C3E4C11A6BDF8CD2D3E67
:10EE7000A249B23DE332173E433F0E3E23E9883DAF
:10EE8000CBE937BD8211263DF55B41BDD26A073D16
:10EE9000625F743DDA84ABBD69CA803DAA6D173DDF
:10EEA000EA24423DAE8B76BD5823DD3CE216773D29
:10EEB000B010063DF02580BDD02E99BB381BA3BCF9
:10EEC00001F80BBDC50207BDF013D83CC7E3383DC0
:10EED000C6B54C3DFEB210BD3C896FBD5EA3653D1D
:10EEE000F3F89E3D443A97BCDB9EA03D364E723D02
:10EEF0008D5E993D8AC67D3DC8BB25BC20DFF13CB7
:10EF00004A46563DAA4D98BDB424D93CB8496E3CFA
:10EF100054A35F3D572282BD610E5C3D2C80BD3CF9
:10EF20006F96B5BD40C60D3DA2F784BD2621DE3CDF
:10EF30009F31D23CB831193E2D9DED3D393E8E3D7D
:10EF400047FFC43D44A5093D7B444FBC0DA3093E8A
:10EF5000CC60163E7D4FE0BB28E67F3C4668283DEE
:10EF60004920823D4847033D58AD0C3CE0CD173B5E
:10EF70001597943D8246A9BD127F96BD75A23C3E71
:10EF80002AB7D53D3A71AF3D33520BBEBF77583EDD
:10EF90004366243D148629BECEBC23BE3A5722BD0B
:10EFA0009F5F1FBC09A168BEFB22A3BE51C6E3BE82
:10EFB00064A2F3BEE480B6BED33552BE83D065BD35
:10EFC00008030FBE26DEE4BDD47741BE453D313E89
:10EFD000E904953DA7474BBD93B360BDC088ADBB69
:10EFE00054A38CBD20BC8FBB210C52BD5208233EC4
:10EFF000E09062BBA80F1A3C99DE6BBDFCF92CBEF9
:10F00000AABB9CBEAEC53DBE01B73EBE3B122DBEE7
:10F010001864A8BDB005B1BD6286093E93EC923D6F
:10F02000AABB9C3D0B12E5BC458935BEC7BC03BEDF
:10F0300005CD4B3DF53E86BE0F991ABE2BF8243DFB
:10F040006E3B403E93D3123D1495CBBD5EF56E3DB5
:10F05000708A68BCB674F8BC7E4D383E11F2E03D53
:10F0600062D8F0BCCDD799BEA96DC2BE42D29ABEBD
:10F0700062698DBD5037B8BD43D64BBE14286E3D76
:10F080002D10B8BC4886C63D99BB12BCBBAC233E14
:10F09000A0BB913DD537153EB9B7C53D46EF2C3DD8
:10F0A0007AF7293EDF68CB3C764B963E50C133BEA3
:10F0B0003F5FB0BE56D39DBEAD5BD8BD044B9A3EFC
:10F0C00049FC8EBD09B3873D976108BC1E8752BEBF
:10F0D000FF192CBE1A48083D455B81BDE7BC663D63
:10F0E000EE5E303EAD13BF3CF00C02BEC35CF4BD1F
:10F0F000DFF2BDBC4EDD59BBB4CB41BD6C50053E0B
:10F1000097CA8F3E1D206C3E5C32703E77B4623EE3
:10F1100003A038BC7582C43DA5FE943DE0D260BD1D
:10F12000638366BEBD1204BF69D6BCBCD4AB9CBCB5
:10F1300080F3ED3B5DBCCEBD9332953DE69331BD92
:10F140006D7788BDFB5A1B3DEF4D2C3C35D56A3C95
:10F15000F69EA8BDD07E56BE04AABCBD6A0A093D73
:10F16000BC69F63C7FA6C6BD54D7C7BD5ED82DBDD1
:10F17000A25E363E80799E3E7B266B3E831F143E08
:10F18000CFDD253E382C543EC25A623E483A543CAC
:10F1900084471DBE25955DBE937181BE8F29A1BD9B
:10F1A000A27E113D1B9BA03EE4179C3EFAD6873EF3
:10F1B000F79BE4BD735CABBE9E26063BEF430E3C63
:10F1C0002BDFF4BD7A75F0BD7AC0273E8426B93DA9
:10F1D000F9DB153DEF3A03BE247515BE42591E3DBD
:10F1E0007BC7483D48298A3EE3D5B03EA876573EC6
:10F1F0005492303E8C205E3D6754453E8E47153D0F
:10F200002D06663EFFE4CA3C13E7FFBE1097BD3CE7
:10F21000E80E393D6D883C3E76D2153E235939BD06
:10F22000480FABBED1F6BBBED3FE4D3EDEEDD33DA7
:10F23000C95DDC3DA53362BBBFBBDC3D94402DBC4A
:10F240009A006EBD9D4AE2BD4C74DBBC7A3321BD91
:10F250000A4BC8BC44494F3DA7362B3EE27B423E99
:10F26000181C163E3C81B03D99886E3E169B983D19
:10F27000131536BEECFD96BE8D0428BFE5BE50BD0D
:10F28000C9E21ABCED393A3EF0644CBEE409D8BD7F
:10F2900050BDE2BD2AC00BBEC2B4463C5902ECBC14
:10F2A000BEDB55BD3B7D00BDC119943D966D22BDB1
:10F2B000E01B1CBE656E1F3D270936BEF85813BE05
:10F2C0007ABF5BBEB4A12FBDC298613EC6AAA63E5E
:10F2D0003A35D23E1F3D873E72B8083EC209A33E72
:10F2E000F2D0AB3D0A2F81BEAEA522BFDE3EBEBD31
:10F2F000CC8E183CB16FE43B6F40373E8C4C8FBDD9
:10F3000088622EBDA29835BE94871DBE2167C63D7A
:10F3100026933C3D367038BC56D6C9BD17353EBE27
:10F32000352804BEF4CE33BE9A7395BD579869BE96
:10F330004E8810BE7AB4D53D9E492A3EC28FEC3D20
:10F34000A193C53E3D9D7E3EC901553E2C80A13E08
:10F35000FCD503BD0C66C1BD943B14BFA757E4BCEC
:10F360006EC3353B77F802BC95AD5E3EB47BF1BD14
:10F37000C3914ABEB75382BE013E35BDACC3C23D48
:10F38000DD4F46BC99FC1EBD5824A2BD14EDC8BD7E
:10F390004CFCB1BD82785BBD087C30BEFAD75EBE46
:10F3A000C4E988BEA062873D11BDC53B28C28C3D23
:10F3B000950E663E0209CA3DC8F4A53D7DD7503E74
:10F3C000CCAFF53DDDC511BD63099DBE0B29233DC5
:10F3D0004617B83D2737783CC7A083BB6BE788BE8C
:10F3E0001DC72ABEF94334BE0433D63D78DE26BE9F
:10F3F00076CB85BD413158BC0621D73B368DE8BB65
:10F40000839800BE8F8CBCBD40A203BE73DC8BBE54
:10F4100032CE1CBEBC753FBC22B3DB3C3C00443C3E
:10F4200091ECA03D9B30E33CC6C88C3DFED04F3EE6
:10F430002D50033E7BBFA3BAC184B8BE45C7E63C8E
:10F44000950F5DBDD9ABCEBB585768BC51EA29BEFC
:10F45000C4AB8DBA04D4B6BD8FD5723EA60A26BE03
:10F460006FDE9C3D2BAD56BD1B5BB43DF22C1CBD2D
:10F47000E7B94FBE0E4883BEADF539BE03C8A8BE7E
:10F48000C5B315BEF29F04BD9E9191BDD31A8DBD2B
:10F49000F161A63CDE5D143E2F20DA3D39C9C13D45
:10F4A000C9ACD63D251C193ED48A7ABEE98E573D9B
:10F4B000937B67BB1823DEBDE45765BD10FF7EBE9E
:10F4C000454809BED483413E66C71F3E85DD0F3ED9
:10F4D000B16EC63CF7C507BC73A4DF3C3A74933DDC
:10F4E000377FE0BCA6FE31BE077718BD1F33B6BD1F
:10F4F0001CC30CBE209306BE98878DBBD726AFBD1C
:10F500005652C73C14C0853DD2470A3E0AF894BC07
:10F510001421C5BD2DEC0A3E2CD12A3EA2EACF3CD7
:10F52000BB0322BD00C003BE980C87BEE49ED3BCC3
:10F53000222085BDCEB9D03D628A013EF72E0A3E1B
:10F540009E590CBE8DE4F8BDCE7585BDF73023BE47
:10F550000E6F67BE3FE2B9BDCE7A26BED677603C5D
:10F56000D5D4DEBD95A2C83CAC5351BD3F004B3D48
:10F5700095A0843CE645503D5389273DE40D6BBC86
:10F580003545833D2EE1093EC00EBB3EA3EDB83D9F
:10F59000D325C73D3EF70FBD5544CF3D06AC4CBD0E
:10F5A0008BC7703E06F08B394E5E8EBDDECEDA3BE9
:10F5B000A3EB58BE60AC0CBEDDA93CBD41229ABE97
:10F5C00042D169BE32F027BDF2EC603D36EB14BE8D
:10F5D000A13800BEF0BFA13D704E4B3DBF43B93DC9
:10F5E00010DBE03D0C3253BD598B693D4579173D29
:10F5F0001D1F0A3DFDBD28BE05A9093EC5ADDC3C69
:10F6000042775F3D54DAA63DA1988EBDA4820FBE1D
:10F610008E488E3D90FC46BC74EFD0BD3C19F8BCC2
:10F62000A71F0CBE499B623D066832BE47EA33BE47
:10F630008F4575BE5B1648BD729F31BC8C45AF3D92
:10F640004DE282BC8C0ECABA42D2973D1CC2053E26
:10F65000F5527ABDDE41D2BDC69C723D0CCA3DBD9D
:10F6600087DAB7BCF84D3EBEC654D13DED05D03D5E
:10F670001EE5E73D1D01473EF07B343DBA8BB2BE2F
:10F6800023C3E8BDBA43F7BD2A6A1DBE90FD73BD12
:10F690007CEFE6BD93562C3EA13662BB5C53A3BE05
:10F6A00043E98EBE490C50BD0DB8A23C31CA45BDE0
:10F6B00088D198BD6157E83C4D1D953DF5D94EBDAB
:10F6C000DCC6BE3B6259923A3E021ABCFF24D33DCF
:10F6D000C49807BEA1EA11BE3991903DD8E271BC31
:10F6E000A57FA2BDD49E153E0AF5B73D06AAACBEC5
:10F6F000FA9C8D3BF5D040BC5BF9BFBD52DB6C3C46
:10F70000A6DB063EC5FB403E1F92C9BBA15E18BEEC
:10F71000C172F83C0882F7BCB9480DBE23E911BE9E
:10F72000202CE3BD44A9A13D376D66BCE41D293DF5
:10F7300044C634BE324E86BDEA05563CCB6CA13C75
:10F740008D27ACBDBC31D3BDBF20A23D1E29D3BB8C
:10F7500080F9753B1BFA7E3DF224AEBD826127BE67
:10F76000E911ACBC9360883DF2F7E1BD01AFD1BDBA
:10F770009D7FDE3BE9060A3EF817513E990A2C3D73
:10F780004439B43D7B3749BDF48B29BE6D438CBEF3
:10F790009E7C0FBE86D6C33C9FC830BD7EDE4EBE6B
:10F7A000DBF12EBEB319ECBDFB7404BEC62843BE0C
:10F7B00030C00BBED76F0E3D1E554B3D3C309E3CBE
:10F7C00081EA38BDD993103EC5FC72BEC23910BE65
:10F7D000013281BE8AF7CF3DD31A473D8FED46BE39
:10F7E000DAE3EEBD6C5D8F3CB54E603E1249BA3D2A
:10F7F0003545373E72BBD0BC188050BE36AF01BE17
:10F8000069E508BC724491BCD197AABD299826BD70
:10F81000A61D7EBEE47F50BE95955ABE740A44BEB6
:10F82000E569A23D4CB54EBD682E8E3ECEF5133D2A
:10F83000C209883CC2E8233DCC813DBD7D6ABCBE87
:10F840000E96A6BC03F2EFBA5DFE0D3EFB33973C6D
:10F85000977A1C3E1C04F43D5D37453EB94DFC3D96
:10F86000C8F8703D10C1DA3CB824DCBD3929233D0D
:10F87000FAF3F43CAE3CF03D11DF34BD4A50C7BD55
:10F880009C305DBEEE75F6BD37466FBE40B25ABEC7
:10F89000824B433D6530CABDB016893E284F9B3D23
:10F8A0004AC8373DD6DA6E3D362EB2BE7C18A4BEAD
:10F8B00075F069BE4A581CBE4C32A63DCDF5D83D08
:10F8C000654D3EBDC33F193D31029A3DF5610E3E87
:10F8D0001CDD62BD102E9CBD117526BE9D0018BD9D
:10F8E0000536A6BD002D40BDCA82F2BD662481BD8D
:10F8F000EF9186BE5B938FBE37A581BE738305BF34
:10F90000FFCC1FBE5E574CBE1DEE6EBEC2A39FBD98
:10F9100095FFA93D36369EBD266FD9BD1072083DB4
:10F92000992E8C3D5035203EEAEA5F3E117AA73D84
:10F930009A0188BD74F4C53B13E2313E2C621A3E35
:10F94000022BD33DF954A7BDDB1035BE100313BE07
:10F95000BE9320BE0FD6B33C826B4EBE2F08DABEDC
:10F960007DBAF1BE3E3994BEF31CB4BE8531ADBE46
:10F9700018C2E2BDB7D01FBEA232703DF02D5E3C72
:10F98000B0D142BCCE9A6A3D1EA16EBE09E5353E9D
:10F99000AA96243DEC38A13D28A95BBD66D7E03D81
:10F9A000BEF344BDF87D02BDACE602BE900A8A3EBD
:10F9B0006FF59F3E2F7990BD2724323EC7681A3ECF
:10F9C00085FE8D3EBE5704BE7AE278BE82E38BBED2
:10F9D000960F7DBE6DD6D13DB24DCFBC21176BBD0C
:10F9E000496080BCE82E933D5A2CB93D3E85A0BDB0
:10F9F000E6BF343D0439FF3CEACE6B3D4CE9903C18
:10FA0000516B42BE684805BEC909AFBC8143AC3DDD
:10FA1000BB94943D9D27373EA2D8053E8F0C07BE70
:10FA20006F7EADBE9EBA753C7ED04D3EE993163ECC
:10FA30000054C13E7AEE003F3317C23EA239983ED1
:10FA40006520083D77104A3E09AC853E722B0CBEFE
:10FA5000C2CAD0BD9504943D0243DDBC486ED0BC03
:10FA600020EDC7BB3013383C88815CBC703A99BD2F
:10FA7000A781B53DABC5F93D32196E3E3385BE3E1B
:10FA8000AB8EB73E2E19103E2158CC3EC0F54F3EEE
:10FA9000FCA5573EAF21E63E0793263F6DB1DB3E06
:10FAA000AA84ED3E1CBCA23E25BBBB3D5AF6443E9B
:10FAB000E047603EA74F213E33A5A33E6E074A3E76
:10FAC00080FFE03B10ADCCBB885E6BBC6BC110BD52
:10FAD000D2DABABCEEDA4A3D87D5973D026138BD2D
:10FAE00022E486BDD98925BD000373BB10EAA4BCFE
:10FAF000246EC03C03CDA83DFCC7823CB15FA43D51
:10FB00002B87AD3BA9D1653D7D7D813DE655A43D6B
:10FB10005AF9783DF06062BCE45C79BD1CBD9DBCC7
:10FB200054436BBD455D9F3DE0F3FBBB1F7DABBD0B
:10FB30004780833D821D4FBD87BE803DEC44B33C72
:10FB4000786B3C3C0008FB398C5582BC7D84853D3C
:10FB500093EB173B74F980BD89279C3D5CF0493DD0
:10FB6000F0EA283D4670AFBD9487BCBDCDC0B0BCA7
:10FB70003984B4BEC32AF1BDE086AFBA586B773D75
:10FB800021697F3DB31D1ABEACF3D6BDC9A1E83DC6
:10FB90007D8300BDA71E4FBD29D6433DF9630E3EB0
:10FBA000A64A643DDEE5313DF2EE683DA73B44BD2B
:10FBB00018F0E0BCBD9F883D735B87BDE723BFBDE8
:10FBC00092480CBEE46202BE7D6FE03B95A9C23D47
:10FBD000307C00399234293ED275463E1D7F6F3EFF
:10FBE000F9FB7B3D92E2953DF880603D2820FA3D8F
:10FBF000A50D203E7754833E489C4E3EFA94303EFD
:10FC00003F67A53EDA48893EA032EC3D269DA13DE6
:10FC100095612D3E21EEB13D7872E7BCEA1A97BDA1
:10FC20000DED74BDB804233D71789D3C522BA9BDE8
:10FC30001FF3123D4ACA6C3D17DC063EEFE10C3E55
:10FC4000C7D2453E0597903DC9EE8BBD396080BE59
:10FC50008EB861BE3432FD3CBD08143E8928B83EE2
:10FC60009C2F833E966E6C3E0FC45F3EE1F98FBCC5
:10FC700003F83CBE85D9AEBD94E3453E932E6F3E5E
:10FC80003B2D8A3E7AD0DABD8B2728BE8E6C2FBDE5
:10FC900008CF973CFCF1893DF9B9E03CA5033ABD9A
:10FCA0000514773EAF42CA3E8EFE8E3EC227383DD7
:10FCB000FA9C543E9134C2BD6AF2C53D179642BECD
:10FCC000286438BE88A7913CDD8BB8BC8BC0173D3B
:10FCD00086B280BC63C0193EF6AD003D21713DBEC9
:10FCE000D5FB4FBE7E2F42BEEFDDB83DF9BE44BD11
:10FCF0009062C0BE5A48D0BE6F3119BFC9B7BABDF5
:10FD0000AA175D3D984550BDD7EF083EBDCD873E53
:10FD1000708CA53EEC73E93EAFFBBF3DA9AB91BD36
:10FD20006F71E2BC79B42CBEDCACC2BD521D52BEB8
:10FD3000AF85083E9EA02F3E0775AC3DE7303C3EA8
:10FD40003B774D3E055860BDADF3E73D3C821DBDA0
:10FD500001471BBD85B7DBBD59C6FD3C312D4E3E6D
:10FD60002BB1963D02F1B3BD782A80BE3E3596BDDB
:10FD70000E0C483D37FAA43DF6CC403D6C21AB3E1D
:10FD80003B24083F6428E33D379F233E7FE60C3D3C
:10FD9000977006BE968605BD898F73BDE46839BE2F
:10FDA000298F9CBC6435A43D5E094E3EE810A13EFF
:10FDB000D164543E35D2303DC85ED83D367307BE5F
:10FDC00040AE6B3D4FB5663DD9A8D3BDA559DABD50
:10FDD0005F09213DE980CBBA5CEE93BEA89DB0BD22
:10FDE0003B4BB2BCFE69953EE467A23D7E27BC3E1C
:10FDF00047B8113F4850693E7115F33D1D2080BD45
:10FE000007CE35BE51A55EBE5EAB61BE4A6DB6BDC6
:10FE10000A0A263DF5BE633E42319F3E0831DF3D72
:10FE2000771B2EBC2A49C0BD990D91BDCE11B9BD1D
:10FE300037AA60BC7FE419BE305527BEF23196BEAA
:10FE4000DEF429BE15BDA0BE93BEC0BE2951B0BE12
:10FE50005334783DCBEF4D3EEDF50D3EC5BB8D3EA9
:10FE60007E7C053FD736953E5DD51E3D766352BEFE
:10FE7000825D47BEE2BA53BE3E459BBD2BFF0DBE21
:10FE8000DBF442BC9F87863E3780A33EA07C3DBD0D
:10FE9000DBAAD6BD9EE54CBD98C6C93C92C8113DB3
:10FEA000AF6E1CBEF9C55DBEBCA7353D4FBBCC3B9C
:10FEB000EAB00BBE6F34FFBE267001BF8F9A7BBEC7
:10FEC000CDEF36BD73C5433E67ADB33DB480FD3E57
:10FED0006254C43EB5E3233FC92E193E1BDE9ABDD2
:10FEE0000986A1BDBB8CE5BD94C749BE46322ABE7A
:10FEF000B2F4223E9813C63E8BF7383EBAAE48BCE9
:10FF0000CAFB6ABE5F5ED53D62CB273E524F903D35
:10FF10007DA7ECBCBB618FBD1753743EDC079D3DD4
:10FF2000EDC02ABE8330A0BE6210A1BDB3765D3E97
:10FF3000E665773D258B523DA5FE4A3E986AA23E76
:10FF40002BFF243EAA14003FADAD9A3E650DA2BD25
:10FF5000772A67BEFBF685BE7B536FBE380B49BD63
:10FF60008F52003EBD28AA3EE0095F3E7664FABC8F
:10FF7000358ECDBD9E8CBE3D7F5E3A3E3983293E97
:10FF8000D4CFA53D777EC5BD5404D3BD37DA47BD78
:10FF9000B45843BE927A073E3985FB3B45006B3E21
:10FFA000CF8E2B3DD20555BB8798373D546D8A3E89
:10FFB00092FC4E3EFAB1B53EAD57093DFB84C2BD41
:10FFC00055D0FBBD69F62ABEE5B849BD7020BFBD5E
:10FFD000F165E6BD1DB6AD3E8B85A83E476A0B3E7A
:10FFE0008F58AEBD3C11203D295A023DC6398D3D8A
:10FFF000F1070D3E6F1C24BE47E81F3D7CB36B3DEF
:020000040803EF
:10000000548061BD309F9A3E757D4DBE2E7FED3D83
:10001000054D973CF9AE773BA67A363EFB67C53D6A
:100020001F68543EC4E49C3EDB7D1A3D1AB48EBD6D
:10003000C7F6B5BDB25EB03B4EDCD4BD8A4D6ABEDC
:10004000E5B18DBE93C5F3BDC9B9D33E4A41DF3D8D
:1000500017142C3D9F1749BC964D86BDF950AEBD77
:10006000380E273D6AC74ABD79192C3D8FEC41BD3A
:10007000069E2EBE16AB703EDC10393E0FB2B43E6B
:100080009B446CBD51CB09BD7C9A233E321B033E81
:10009000375FA03DDEA6943E827A0E3EE7F2C93D70
:1000A00003A8493D0939BBBD3A81373CC9F984BE33
:1000B000256A9BBEFD3F0F3E108F1E3E12C3D7BC6C
:1000C000C43BDD3D1342033E8473D7BD6AD2513B2E
:1000D0002C19F4BCD0FCA4BD8E74A9BD3DFB5ABD47
:1000E00040BFAFBDCAEDAABDEABE2E3DB394843E6B
:1000F0007AE85DBD2C17E0BC3FE7893D7CBFA03EA0
:100100000F4FE53BCFC78A3ED16F0C3ED95A8B3D8E
:10011000A850023EEBC4CB3D27A5B3BDF77062BE2D
:1001200037B932BE16C5663EE4BD343EE1F7C43D84
:100130008C39433BDE665EBD2EFC61BB6A8AE43DC2
:10014000F90A8CBD0F5D63BE49EE96BAB8D7AFBD54
:1001500063847DBECBDBE3BD8202CA3ED2FF5D3E3F
:100160004AB147BD082D23BD8D4F803D7AAA66BC9C
:10017000C477393D5F8D943E9134033E0DE7D6BD83
:100180009446BB3C420EDFBDB98A14BE695D92BD88
:10019000F34941BE68AF543EEFB8373EF5A7243E61
:1001A0008173693C31D79FBB9DE6F7BCD623C43D24
:1001B000EF31873DF88DCABDD4B20F3D1C34DF3C12
:1001C0008789AB3C36D60DBC24F63D3E0480363ED6
:1001D0004F5C9E3E739EFE3BB542A83E0160A93D2A
:1001E000F0D8963ECD7DDC3D6D998C3C41CC0E3EE9
:1001F00048D2F23C8FBC973CDAFDC2BDFEE009BE9E
:10020000C4B811BECAE786BDF4C6553E73A70B3EFF
:100210005BF3BABB69A01CBCFA13A43D0AAC3FBD9A
:1002200094C8413C07A55E3DCB18BB3B5771B83D18
:100230005536113EC4DAF5BB3254293E83BFE83D42
:1002400028C1E53CE056FE3D2EF3953E5C7AAB3C82
:10025000C70F493EA74DE8BD697C3E3DEB17073E01
:10026000DC321ABBB45CB7BC2EE081BE13CD86BEB7
:10027000B41E36BE878BC9BD2F4EB53D7617523E94
:10028000E6FF08BCE834163DAABC953C8E506EBC17
:100290005564A2BDD6B818BD729163BD1AFE58BD93
:1002A000485693BD1AAFBEBC6C79413E37529B3E57
:1002B000845F133E65AC113EE40AC03E150135BEB5
:1002C0007450A2BC1B133DBEA2B7F03CA9FF223E56
:1002D000FC3D363D0C79933DCFAFD7BDE73F1E3D8A
:1002E0004ED715BEEE18A9BDE153DC3CD500A83DA4
:1002F000BC8B91BC246CE73DACDD4EBCB50924BD84
:10030000BE1309BDB0F1153D5B753D3EE0883F3D34
:100310006ACA5CBDD7335DBC2FD6943E835E2D3E4A
:10032000E7FCD83CFC3F36BE6536A03E1EB4D7BEC7
:1003300040B04B3D4073873CF97A4D3D48832D3E9C
:1003400053953FBD9835BA3D2A7D84BD65E3ADBD6B
:100350006028DCBDE8772BBE3459AD3C177CD6BB9A
:100360004E3AA73D3C9BBA3DE66255BC17E8E23DDC
:10037000E6270A3D34189EBC4740F23DB2815F3EFD
:100380001F241EBE40804A3EDFA3903EA3642C3D46
:10039000F018EFBC24DD26BE73FF973DE6D00DBEFE
:1003A0007F70F43D27CC763E4B2F8E3E9A4D4B3ED0
:1003B000D970FCBCA1C334BE7015313A9590DFBD35
:1003C000F4BE38BE46A11FBE6A3C963D9AA71B3DAF
:1003D0009459443D502AED3C047A0BBDE7E349BDF6
:1003E0000463FABDB138423D65D874BCBDD4E93D63
:1003F000916CBD3DF1AB913DE669913EDBDD11BDF8
:10040000D83B1ABCB95E163D195AB93D9FFF44BE90
:1004100083EC573DAFE21E3E845F213EB4908FBC1B
:10042000E3E3B2BD85ECB8BD8A64843DB4670BBE1E
:100430009849453B857F793C72718D3D032725BEE8
:10044000989A223E240D823CC1AD9E3DCC86A23DB1
:10045000D4AA93BD5997AEBD81BE8BBC7923263EED
:10046000D951DB3B2B7764BE092296BE43D72EBD04
:1004700050AEDE3CFCB8A63D06C61D3E77E614BC79
:10048000FD2D883D07F5CA3DF8DAF53DFF4E903D5C
:10049000F0D6293E6991843D4A99CA3C81D918BD5C
:1004A0008D2DC23B19B6943D429C043DF2DEC1BD88
:1004B0009CA791BDC4E7F4BCF353193D8285CA3CA7
:1004C000C0632E3E64B9863DD7FE0EBE8C190A3E2F
:1004D000EC022E3EED5E27BCF88392BEDAD7D8BC84
:1004E000345EC1BCF0C7A4BDE5F1593D1E8B09BE09
:1004F000CE6175BEB4074ABC0696513DAEC56D3E91
:100500002961603E81E8653EBCC98A3BC56C32BD4D
:10051000D79716BE8486173D404B04BE76BE0B3D72
:1005200084254ABE9AC16DBDAB26923DD30C263DB3
:100530009560843E7EAA493E62B2B73D1E63443D4B
:10054000E01C853E923826BEB99573BE664688BDCE
:100550004BA82BBD2E9C113D85BB3BBEE030943C8F
:10056000DD1F04BD134819BE1CACA73C1EDF073EAF
:1005700081F3423EC9E9A7BCD543B63DA8D614BE17
:10058000DC4614BEA1BEAABD0311E73CA9BF783D5D
:10059000F47618BD4CAF873E7A36393E4F3E143E56
:1005A000564B083E593E463E68675A3D2FC93C3E71
:1005B000160B753E7882AB3E536AD03D88E71D3CF2
:1005C000F72A5CBD8AC1533D7025443D45DA34BDF0
:1005D00008485EBDA0B68D3E573737BDBE37B63D25
:1005E0008519313E0161ED3DF8803C3DC5B23BBD12
:1005F000B1528A3E8F455CBDBBCFD73D32BB86BC76
:100600001338D8BD6FFEA23CE3408ABD6404E5BD4B
:1006100096421D3EC639113EC27623BE2A0215BE41
:100620003337633D8A1F0E3EBCAA043E0B5073BD98
:1006300098C01BBC361D763D7897453C92DC2DBC9E
:100640007BC19FBDF7E2913EF5F8123FE604E93E1B
:10065000D762213EF246A63E4C13033F572D7C3B0A
:10066000B6587BBD6AF2643EB342673EFEFA983DDF
:100670009F68A13D4B661D3E4AB7143EC3C5653E0B
:10068000A6A0AE3EEEAA923E680B6C3E2588343E94
:10069000F7F5223EEA094DBC40D48C3C92B1F5BC42
:1006A000A60B213DC29CC3BC83EDA6BD1C1161BD40
:1006B0000C4334BC2C5A833DAA604A3E2964663DF3
:1006C000E687AD3DB1D2243EF4E98E3EFF123F3EB7
:1006D000AA424B3EE677593E9324A83E64523B3EE5
:1006E0003F359A3DDC52583EF86CF83DF56E363D8C
:1006F000EE21333E61A77C3EA4E7443E8528463C7C
:10070000EC9016BD007A33BC5DFF9CBDA0E7673B53
:100710008A8461BDFA65CCBCF0EDA4BCB34EA3BD28
:10072000A69D41BD583BA8BD7C851DBDFC6FF33C1B
:10073000C20F36BD796EAB3DAAD5763D6C74C3BC95
:100740006F5185BD478F80BD0613EBBC760B94BD02
:1007500096E567BDB068033C0200303DD569A2BD97
:1007600032BA253DF0E2DB3C1FC886BDA0F6343C22
:10077000CC85093DACB9A53CC072ABBCC8FF4C3CB4
:10078000879B873D7E41233DD0EB33BC2B40973D7B
:10079000D0C3AABC521CDCBDB0E781BBDA4A8DBE17
:1007A000B2068FBEADF0F4BC7BD45ABD835282BE7C
:1007B0009DB508BF18D7A1BEBE038D3C22B92ABE85
:1007C000D4D990BE70DB99BECD923DBE03FD13BE61
:1007D000B2F785BE06D844BD3BF66D3C676E2D3C36
:1007E000307ED63CC88A3B3C69B58D3DB05110BDCA
:1007F000A0875DBD1E2EB8BCEAED6F3B0C5F4D3D82
:10080000259D80BE17E583BE0938AFBE960CD8BEC5
:10081000099B8CBECA54CBBCFA27813D860DB6BE5F
:100820008098F73DD4668E3E279E113E895C573EE8
:10083000807CA63DE4934C3CBA9AFDBDB1EED5BD9B
:10084000B3AF6FBE9DFDB8BECB64BEBEC7DB6ABE94
:10085000D6E5CABB48652B3E9FD38F3DAAEBEBBCC8
:1008600080BCB9BBF00B18BC2B5C1ABD0C4FBFBDD4
:100870009D6BC7BDC3DF52BDC3A18CBE10344D3CC0
:100880004FDB5B3D551D133E62BA543E2B3D7F3D11
:1008900021EB643E809E533E4B423EBD636A3FBEA9
:1008A000A9900EBDB0B72B3D8D3A8FBEF0238CBE04
:1008B000FEBC2ABE9BED04BFD0DAFEBEA0716BBEAB
:1008C000F54723BE1F4DC93D30B372BD52720F3D77
:1008D000503AEEBB179656BDC4B794BABFA82B3E8C
:1008E000B5C6E0BDBB4CB13EF4C7D73D04F9A93D48
:1008F0000413B03E69C77C3E177EA43E3E61ED3DC9
:10090000D62E013E50265A3EE0E44C3DBE2190BD1D
:100910001734FDBDE36F5FBE3C3094B9562B0FBE5C
:10092000BBF289BDDEDF043C0DAB66BD927E16BF17
:10093000F53FCEBE497222BE32F918BEE19071BDBC
:10094000C0D0BB3B4046F53BA1496DBE86712A3EF7
:10095000109DA23D2235863E681F283AFB35593D41
:10096000FF45663DB43F91BD4DAFAE3BE3941BBD2B
:10097000FBCC2B3E2F1A40BC0C1CA53C627BBB3B26
:1009800042C6B6BDEE5BD9BD009009BEE2C81FBE2F
:10099000913C99BE569BBDBDDDABDCBD239AE6BE46
:1009A00010F6CCBEEC422FBD8A8BA8BD0F4115BC02
:1009B000ABBB8A3DC9F163BCDFD39DBE12968F3EAF
:1009C0004BC57C3EA519553E40B12D3E96AE803DAF
:1009D000F0F211BED903D1BB4CBAFA3D03B3553D79
:1009E000446A0C3E922CCFBB276BE5BD423FDFBD76
:1009F0001BFA5FBC9A4C4BBB7FC9EE3D402290BDB9
:100A0000650372BE275F15BE8309DCBE079A00BF6F
:100A1000D1B7B4BE19B05EBE6B3A09BE26AB0FBEED
:100A20000B5A913CE23C8CBC6F44DEBEA5BC963EAA
:100A30003F22C83EB6C0ABBC4E5B293E1A9FA9BC44
:100A4000274514BE0BD092BD39F2383D19357BBC19
:100A5000447E64BD42F0CDBC79FB84BDCE7F2B3D8E
:100A600049CD84BD4B763F3EAD0DAE3D0B7C1BBDED
:100A70008C13C3BE03932CBF690A45BFCD5206BF7A
:100A80004E48E9BE17DFA5BD301D84BEF386F1BD1B
:100A9000957064BD45BCD6BE3AC12ABE28A919BE10
:100AA000A4908F3EBB97DEBDE687303DAB2193BD62
:100AB000ABBA12BEB543AABDBD140E3D7584BCBD14
:100AC000C64389BDA2C5D93D6F54C23D2E3E903E5E
:100AD000A9D6EB3D8FF18C3EC350A43E8E1F05BCC2
:100AE000F26F0EBF3D2888BFFF6A2CBFBC5D00BF00
:100AF000C8320DBF0824A9BEA6263ABEDD8710BEA7
:100B000058D353BD22EF50BE49FE53BE90A4EBBE56
:100B1000B0AA323D70E3F23D364A18BE33E426BE39
:100B2000733002BEF415D0BD091D6ABD58E6CCBDB8
:100B30006785EF3DFB17D03D35CB563D81A2A33EE7
:100B400033B5B33E585FB43E5033AB3EFB1C63BE7F
:100B5000329C71BFBC2C74BF052347BF198A9DBE50
:100B6000624F03BFF9E95DBEA63DBCBE1F8673BEE2
:100B7000C7A413BC62C423BDDB9AD3BCD17E0C3E98
:100B8000250D9F3E1F55443D13DFCBBD77D74BBE90
:100B90007B9252BE8F5E3BBEC54261BD06A47DBA4C
:100BA0000727D3BCF7ED813CCE967C3E9B246B3E61
:100BB000B2F2A83E27C20B3F1A2E963EEDBABBBE3C
:100BC0005F1F9EBF9A2C8BBF0EE032BFBF3BE4BEBF
:100BD0002B33BABE75D1E73EB4E3AC3C0494A93DD7
:100BE000961A9EBC9B24DEBCF1C717BE99EC8C3EC6
:100BF0003699F93D76C90DBE708925BD9B5582BCDD
:100C000061F4D7BC40A509BC2F618D3D29E96E3D3B
:100C100004D3303E4AB4A83DD0F5823E533A0C3E50
:100C20009F94323E6EAAC43D0FF312BEBD633ABF1D
:100C3000D4A61BBF8E73FBBE120B98BEE13952BE09
:100C4000444315BC31B8DA3EF4796A3E3FC67ABEF9
:100C5000C48770BDE0A580BC4F2E09BECC1567BD12
:100C6000250F62BE1D12053D555189BA12505D3DDA
:100C7000E864B1BDC4665D3D48D4083EAB795C3ED6
:100C8000C4F34D3EE6CDEE3D0904D23DD803563DBA
:100C9000CE2CE43D0A11A0BD0939B6BED78813BFDA
:100CA0006BF8BDBDA4CB76BD2CFF94BD56724F3EF4
:100CB0002413303FE3239E3EDE79BEBDE09ACABED8
:100CC000E20D973D8535E73B45ACBFBD947E3BBE0D
:100CD000BC7A4DBE6E6420BDF3C4DE3DF01E2A3CDE
:100CE0005590013E46451E3D7DE7A3BD0B41A03C0E
:100CF000C949B03CD41F0E3DC223A43D481EA23DAD
:100D0000CEB4C63D5AB323BD46FA2BBE6802A3BE7D
:100D1000AE102FBD744F093E47DAC63D4D15163E45
:100D20002AAB863EBCD8313E5F94A1BCE579ED3C50
:100D3000AFBA2ABE6E5F52BD8DFE91BD0C46633ABE
:100D400029BB01BE01F70C3E1807B23CFBE910BD00
:100D5000A4BADB3DAAE1ACBD0C502DBE8A6A6DBDC4
:100D60001E5559BDA8CBD7BDE611ED3C11A5653D7B
:100D7000A1E040BD2B2CD7BDE51590BD1047D33D5C
:100D8000760974BC3B98873EA0995B3D95AE853D46
:100D9000F51C1BBEC271B5BD3221883DA3C81FBE64
:100DA00046490E3C51C2A03D5A1E193E0499983E38
:100DB0008FF7213EB89AB6BC3147DABD72A094BC19
:100DC000881BF4BC0353F33C08E73BBD446EBABD3B
:100DD000329DE1BD4AA8DC3C4E450F3EEF1FFA3D77
:100DE000E0FE343D58C07EBD6F26A7BBF1A1A7BD74
:100DF000E4C55E3C94A39C3DFF504C3EB05E4B3D31
:100E0000521A4DBD7B8030BE1A62343E27022B3E03
:100E10006D16873E2EA9823EF13CFF3D9078EB3D5A
:100E20002A15F6BD2E4B80BE7FC4A7BD0FB9043E68
:100E3000B1321ABD11963D3E69341ABD23C63FBD7D
:100E400009160CBE809D56BDA356E83D5CEE333CB2
:100E5000F6658DBD8CCB8BBDA2759CBCD4DB09BD6A
:100E6000291E113DA7F2A2BCDB6253BD1CA60D3E9C
:100E7000B4C7603E6294E33CA328DEBDD01562BBDC
:100E80004E6C533D70D4FE3D8D3B553E5170B3BC0E
:100E90006AA73BBD6C7896BEF70D14BDADF8983DC2
:100EA00019B025BD83D7C33DE62E503D2E0F4BBE56
:100EB0007A141FBE7B6F50BD8A33F53DC14359BDC7
:100EC000E63D09BE1C3E993CC07661BCC591C8BCDC
:100ED000010009BD6215723CF605C63D7200FF3D7A
:100EE000C15FD93DC8B565BE3A59E7BDEE5A87BE68
:100EF0000F291CBEF85D6C3E5D2F2B3E7B635E3D73
:100F0000E2C9073D56C049BEF1AAB5BC116B6BBC26
:100F1000084D153C8411BB3DC7634BBD10C31BBEC0
:100F2000AB269EBD8486363D03B0E2BD0962F9BDA5
:100F300027E3D0BDA0693C3D3782BA3C50B88CBC99
:100F4000513AEA3D2523F93B389F903C5AACE43BAB
:100F5000A2CEE1BD9BC08DBE395287BE7489913E41
:100F6000789A28BB98550DBEE2C147BEF708763D7A
:100F700019AF323D200B71BDC67CD6BD585CF53D26
:100F800054EFCCBBF222DFBDB69B04BECF24E3BD41
:100F9000AFA0D7BD7AE6ED3DBF9C49BC8614A8BD85
:100FA000877908BE9EB439BDBEDEA03DAB5C903CE7
:100FB000A1E71E3E9C2447BE89E2993D7C6D15BD8C
:100FC0003CB03CBDB0E173BB3069763E8B53363EDE
:100FD00028665B3C7A295ABEB62BF8BD37B87BBD74
:100FE000FFBA92BEE9A39BBDDDFA453D3F0F4E3EE1
:100FF0001775B2BDB2225CBDB92F6B3C0767CDBC83
:101000007572F73DD8610DBD7C4DC2BC88E4BBBD97
:101010009F98953D9D2BE63D4BC0433D92F72C3D5F
:10102000C258713DADD91BBD47BAA0BD3A57E43D8A
:101030008F8C913DC2808BBE9DE4163E9B43B73C96
:10104000F8CC9A3DF478A53D1F56B63EA127523EF6
:10105000044DD1BD44CF273D3BCD9FBD26B3B9BD87
:10106000224E403C62A21EBECCA053BD86DD5DBDBB
:101070002F4101BEC18651BEF2CB6CBD70A291BDA5
:101080003FF0F43C7FBBB4BDF39BEF3C9980E23D65
:10109000121467BDBB879ABE51ACA1BC75968CBCBF
:1010A000757388BC59EAFB3D84FF44BE4C238B3DDD
:1010B00076F421BD2DCB3C3D397FE73E4A92D63EAA
:1010C0007806123ECC277C3E4EB79E3D4DCA11BEDF
:1010D000483AA5BDC7003EBE0F96423B33B502BE9F
:1010E0004B1950BE38DC2CBD28C1AEBDD8006EBD3A
:1010F0008EF6063DD4693C3C07DA0D3EEF99003D83
:10110000D1DF98BD612C4FBD8D97313E3497A4BD82
:10111000F3EA9D3D74143F3E3CF193BE44298A3D61
:10112000AB029EBD5844E8BCF0C5C73C431A183E0C
:10113000D636023E09F3EA3D2D8388BC4A92CEBCE6
:101140005BA32EBEADFF3DBC995E043DA67C91BB6A
:10115000F518EEBDD9535F3E03482CBEAB0A383DAF
:101160008F00C0BC5138973D598C603E3247503E8D
:10117000BEA715BD937B713EA652C6BD099C8EBD10
:1011800098DC513D1E8EC8BCCA8C93BC79A402BDAC
:10119000B88B50BC81238C3D11E9893D5DFF863EB3
:1011A000ACEE6F3DF44451BD18A1BE3DD562C0BD4B
:1011B00029F37CBC210DEF3D6B97A13DFAFD013E6B
:1011C00001D6CBBAE12CB5BD746CAABDEF6EE3BD00
:1011D000CC5DB4BD07E5BCBD40FCC83D2BCC363E64
:1011E000B384B63D4AB3AE3ED7C293BC3E8058BE30
:1011F00010B0A8BE0734233E150C843E0892343C40
:10120000309A35BD7ADB21BD32A63B3D7B1D62BEE7
:1012100080CEBCBC6F63D3BC29A3603E36F7DC3DF7
:101220008DADE1BD3E5CF0BD675F173E8BC35CBD1D
:101230007D799ABE8B4DB7BD3BA079BE3D01BABC4E
:10124000076540BE835D84BEBADCF4BD3A491FBE6B
:10125000B250193D4B04C6BD59817CBE6BA43ABE49
:101260000282B9BECEF01F3E056B7A3E9028FFBCCD
:10127000C0EFCB3A5538823D0BEF9C3DF5E00FBCFB
:10128000F7A296BD9D4DD3BDD8DCC8BD3B29CFBECE
:101290004EE5FFBE8AC805BF4B5082BD5DCAC1BCCA
:1012A000453835BF29C4C4BE3A57EEBE81FFABBE38
:1012B000E208C4BEA9188ABE8E5DA8BEDA712EBE31
:1012C0002A4F9FBEBB0EA4BEB5B0E4BE59FABFBE46
:1012D0003E48AA3DEA322CBCD0806C3C30ADA63CE6
:1012E0007E87653D0BBEA43D14F8983C75A79ABD5A
:1012F000D789703DDFEA9A3C0D140FBEC4EDB6BD30
:10130000E9349EBDCA8E53BDE3B68ABE6ADB32BEE7
:1013100050230ABE6CC2B8BD1A41DCBE7AB5A6BE67
:10132000A41E8EBE9E5159BEA9CCB6BE1D8824BE39
:10133000714AFA3D066610BD823A633B192AAFBD79
:10134000780780BD285D4A3C6EA466BDB43999BD5E
:10135000003D77BA50EC0DBC9C2B44BD147458BDB5
:10136000D6A8F8BC19FC863D427A3D3D85C639BDFC
:10137000981909BCA8CDB33CCFBE973D8E4E5E3DBB
:101380003BAA733DFCA1FCBC11A1023DCBA5963D3F
:10139000645E93BDEE5960BD76FB3F3D4ADF88BD7C
:1013A00035C684BDEE3272BD6C14A8BD3088AABDAE
:1013B0007CB5B5BCA0E9FF3BB317813DDCDB9BBD31
:1013C000920B523D2CEBAD3C32A0E2BCB7F289BD92
:1013D00004091CBD9A49DB3CE00150BDD5E9A63C9F
:1013E000080ABABC0FA3613CD7E3A6BCCC4CAFBD86
:1013F0002AE8C93ADC6C4DBEC3A487BDC1891E3E34
:101400008245D3BDB72405BDE07C67BCA6A90FBE4D
:101410005D9D0DBD144D3B3DA016C8BC89856A3D40
:101420007435F5BC76E2613D507368BCD8740CBD70
:1014300034534DBDF06C903B0D5C7F3DAD393A3D72
:101440000E43333D4297B5BDC89F66BD7A4A823E82
:10145000F6BF6FBE876CCEBEDDEDE0BE01E4F2BE2E
:101460008EAE88BE7BFD60BCB3290FBEAD6F9F3DC5
:10147000E014843DBE429DBD1F64323EAC3F9B3EA6
:10148000DBE80F3E719328BE585C2ABE016AE6BCB9
:101490002FF1D7BDB36B75BDEE20243D0A11733D0E
:1014A0009CC08DBDD45869BD0C86D9BC28766EBD54
:1014B000EA6593BD39FDEA3DE694D33C7763983DF8
:1014C00028D8333D1771A53D6227353E44A09A3D8B
:1014D00096B4D93D0AA6863E0004813D92EF323E85
:1014E000D890173E02ABEDBD05AD1F3DAA440CBC24
:1014F000AF922A3E328BB5BD2DA5ACBE6B3DCFBCA5
:101500009500B0BE6E64B73BEB42B9BD28B2FB3C60
:10151000EBE8883D4F2A8E3B3E29303CDA11523EA3
:101520006AB3173C1616913EC0478ABC83D9853BE7
:10153000D132543E059B213E77970D3EC891293EFE
:10154000B0A9FB3D3E7E2E3D5CC01A3E7A62A63EAF
:1015500003FD283EB2A5C93D993E413D066FDF3DE2
:101560005D74353DD1520FBE7217113E5603873E52
:1015700094C0BC3E60C4FC3C32A8833EBBD458BD82
:10158000BA2ABABC0E902B3D8502F5BCB395C23D7C
:10159000B1005CBE24DA9F3DF57FBABD3396C43CF2
:1015A00097E410BE0FA9013DC789403E2B93D73D5C
:1015B00070BF4EBC6175A43D1FCDD6BD2743DBBDBA
:1015C0009B30D9BDE4BA19BD3001A13D9B65CC3E2D
:1015D0002EE39A3E67253A3D8B3B82BB8E101EBDA3
:1015E000F9E6C13D0223E73CCC04C53D46EEABBD68
:1015F000571899BD35E78ABD43DA2CBE3CBD53BEB2
:10160000D86F06BE0E2F73BE1FC3F1BD5AAD32BDDB
:10161000F03E263DF4E962BD32C04DBE7A8B1DBE60
:101620008C80F4BDD50374BC0670A0BCD53A43BC15
:101630007D6EAB3D2480C53DCEA594BD6F433A3E43
:1016400081188D3D5D042ABE6A2EE4BDEB000F3E7D
:1016500011A31B3EC4410B3EE3A3783D5A99B8BC8D
:10166000536E883D417253BEBF8885BECCB6DABD8D
:10167000962863BEA62A84BEEAD4B6BE8B5956BE4F
:10168000D8C535BE864947BEF044BFBDE0C417BDCE
:1016900051684E3BBECB7ABD82E802BB0A28273E8A
:1016A000CCCCC13D2E82E43DE64F87BDA7E5123E7E
:1016B0003018243E84B071BDB80936BE75E15D3D79
:1016C00067C7653EADF4103DE7B88E3D4E30D0BCE7
:1016D0004F1970BD4DDD98BE038BB4BE8982A3BE89
:1016E000F4D6D3BEC6A70DBEA791E83B9531483BC3
:1016F0004904CC3BFF47463D8993993D8A13013EFF
:10170000B8A4B03C96BBB63D8AA4FF3C6BDC02BEDD
:1017100092B0BA3D097A9CBC3C444EBDD504273DED
:101720003875993D777A96BDA910F6BCDA659CBDEF
:101730000C3C293EDBE0B63D09336A3ECACFB13DE1
:101740001C873B3D6A7A17BE64DE87BE81B095BEBA
:1017500006CDFFBE13BA49BE2ED0913D6FA82D3ED7
:101760002ABA003E807CA43DEA2D833E4B94173E6E
:10177000DF6F94BDC5EBA73CE20829BEE5A323BEFD
:10178000E89BF4BC8C6D33BDCA7E0EBE30014D3D6E
:10179000BE3593BDBB2130BD212043BC619B27BD1D
:1017A000B70B4D3E5FB4123E56F1433DC1BC8EBEF9
:1017B000985C423D1FC193BDF25FA1BEC4BE6ABE2C
:1017C00022B618BF8B0486BE07DDC8BD881FE53D65
:1017D0000F64913EBC7B163E93D08A3D1D812C3D0B
:1017E000B7AA013E1ACFA7BD092B8D3CA45EB13C20
:1017F00078E3FABCDC7599BCF857853C2C0134BE03
:10180000BA308EBC7F1615BD6309543DB3A0D8BC59
:10181000BD3FC73D1A05FEBD187F4EBD28705EBE98
:10182000BAB38ABCD76407BE7DCA49BE565E48BEFD
:101830003C33BBBE182B21BE206BC4BD9433DE3DB0
:1018400006571A3E833053BD1070463C5B10B7BD3F
:10185000E180823DBE81473E2162463E7FBE553DCE
:10186000A999EE3CF1A7C4BB5B68F83BDCEB7DBEFD
:1018700038901EBE53CFA33DC04A01BEA37D12BE09
:101880008C6F7C3E5E2022BEAA95903DA41C1BBDA1
:10189000F5B7D03CABC009BDE88AA0BDA1BBAFBDC8
:1018A000D8EC88BEDD2825BE66D3C9BCE32625BC9E
:1018B0006CA8F83BBB0D943D087F9B3D5871FF3CE5
:1018C000F9921A3EA041A13E59D3993E7D49013E6D
:1018D000F549F23C3A85103D04467F3CFF0C01BEC1
:1018E000A2181BBDC6B1433EAA8CDFBD3BC4873DD9
:1018F00089BBD6BB7958AEBE9F538BBE5BB789BE42
:10190000110ADB3BF2DE0BBDD6D97CBE7D8999BEC8
:10191000DCFB21BEEEC2ADBE99058EBED4D1B8BDF2
:10192000350C9B3CC5CCCFBC149B0FBC885AEA3D00
:1019300087F8613EB3C87E3EF846683E8FF52F3E7D
:101940003E3B02BC47F96D3D5D3EC83C965C89BD9F
:10195000B54A1DBE505E00BECECA433C58D4993D28
:10196000F42694BE8A17B6BEE07789BEE51B8ABD11
:101970006B7923BCF730873DDB1304BE1FB6CCBEAA
:10198000EFF812BEF70D2DBE4747A6BE123CE5BDCF
:10199000B6BF13BEC0E405BED3CBEDBDC3D8C8BC33
:1019A0007C8B603EC349563ED0E20D3EB240D7BB71
:1019B0000291BABDB4FED438BADC91BC0443D2BDA6
:1019C00099E8B33CE192FEBD92A28F3C7DE0A73D39
:1019D0000FB10BBD4F6DE5BE1B6FAFBE2CBF78BD09
:1019E000FE1D6BBEFF76FA3C350AB83D8B7DC6BE48
:1019F0000795F63D546F61BE2CE307BF4FF4E3BE7D
:101A000084EB9CBE211BA6BE8F20AEBEAA7B1D3CD4
:101A100042EA953E87BF823DB249CBBDEFB029BEB9
:101A2000F973C6BC5E63BD3DD40723BCA1315C3DE8
:101A30001B3F4B3D1F8474BD8E39FF3D1E9B863E70
:101A40000F595DBCA17CBDBEE791A4BE09B5CCBD5C
:101A500066F299BEED59013E766493BC854EF3BDA6
:101A60008245443E1A392DBE8ECFB1BE75B660BEDA
:101A700090CB8DBE9CB6E5BEAA11B9BED2E13BBEED
:101A80003B5C84BE14FE4DBE2FB700BED84661BD80
:101A900092E0DCBD40A086BCEC2182BD8E20AFBDB3
:101AA000051375BCA9C7A1BD531C94BD96B5993D3E
:101AB000C1E2063B16CDE0BEFB56B5BE3207D8BD2F
:101AC000285495BC0110FD3D9E5D70BEB849273D70
:101AD000FDECEE3DF1F9903DD560973D7C4F293E00
:101AE00042489EBD4CAC31BEE8C2A9BE8540EEBEA8
:101AF000C005EABEBB2ED7BED0018FBDB6F506BE6F
:101B0000974D4CBCF7AFB9BDE569B53D7D15833C3C
:101B10005B43AE3D4B2AEF3D5F758EBDAA32233C41
:101B200031E72D3E39609BBEABB0C3BE47F6263DC4
:101B3000BB2C653ECBE4453D869FC2BDD0D96A3EF5
:101B40008959333DC5FD103E742DA03EF53F303E12
:101B5000444CB03CF24FCBBDC71F90BE569F95BEC4
:101B6000BE53E2BEC41A7DBEA51752BEC89B42BD7D
:101B7000533731BD37178DBDFC0BAEBDBA3A8C3D26
:101B80000DBDB93D5C64B0BD861AA8BE46678BBE6C
:101B900073FD0C3C14AB19BEE3D7E7BE5EE935BE5E
:101BA000847E5FBDEB5BE5BDCDE288BDE875873E19
:101BB0000C49E2BCDDAA8E3E83729A3E2E14153E7D
:101BC0005C55763EE314BBBDFFEE413D53D93ABDB3
:101BD000B64348BE1F8A90BDC4DBADBDEE6D07BEE7
:101BE00074B9DE3CAAD017BDBD59023EC3F48DBD09
:101BF0000921A3BDBB37EABD19EFD8BD794BF6BDAE
:101C0000A8A9D13D91C9E9BC0E6B36BE5DFB8DBE66
:101C1000F0B3443CE2B9653C258E2D3C20A388BC42
:101C2000895F463E6E13B13EA7F6AA3EFBBF283D34
:101C30008467DCBC2E9D0B3E3CAC963D57AA8E3D86
:101C40009F2C683DCE2BC9BDFECB4C3C899044BD3A
:101C500038C5B33D9EEB0F3E7E365C3DC10A00BDEC
:101C6000CB47023EFE56A5BD863D3D3D938422BD39
:101C7000628A6FBD931641BE80D4EABD3E800F3D9F
:101C8000860C25BB06D9BABC2F0E8E3DE2A83F3E7E
:101C90008027EA3C9F6A5F3ECCD7223E0BDD4D3E5B
:101CA000C8B0043E3BC0193EBEA6CCBC8F7EB83D3A
:101CB00002D9F13D538B343D0210A13D9AB7043E49
:101CC000617A90BCB8A4E13D843F19BDC7CE6ABB20
:101CD00094DA803B29A9EEBD835989BE474A52BE9A
:101CE000AC8951BD2227133D904F27BED7FC913DB3
:101CF00046D68B3D0C6FBD3D4D654C3D1C90A13EC5
:101D00007682EFBC71DDADBDB223653E50C8913D1A
:101D1000D2B7463CD4E31DBD5FFC0E3D91E52F3D9F
:101D200001DFD53D0D6FCF3DD3C50F3DA76085BC0D
:101D3000C2AA15BE6FB65C3DDE7133BC5D23A4BD87
:101D4000543199BD712A28BEFCB48FBE652400BEF3
:101D500029AD42BE9C0715BE4965D5B8BA7420BDF1
:101D60003A3EBFBCC2C24D3D9EDE7F3DA9AED43ED1
:101D70009BD38A3DD2F80E3E94621C3D94122D3EB8
:101D8000C44E6A3E034B0CBCE896873C59ACF63C0B
:101D900000640D3D67E7843DD09C9DBD4E07F8BDB6
:101DA000172BC63DA5753EBD93E00ABDACF765BED9
:101DB0002FC035BE096AE0BE9777E0BED57B72BE04
:101DC000856121BE35D2E3BD9A197ABE70E5FEBCAD
:101DD0007C268FBC3B2112BDC2E0DDBD1CC35F3E33
:101DE0006553B63D4B92103E3360C53D7D95853EB3
:101DF0007F6E933DC059153EBB9B423D45FEA7BD3E
:101E0000F17D183EA0D4C1BDA1C941BE6A6D34BEEA
:101E1000D8E0383D2D29C3BE4B28DEBDB27AD8BEEE
:101E2000E71A8ABE589469BEC849E7BD8E29E9BD44
:101E3000D0C936BE5016EEBD4FE3F4BD0D268B3D26
:101E4000D3C2883D001F7EBCDC61B53CBBF4D43CF2
:101E5000C945B5BDA13D793DEE96003DBFDFC8BC8B
:101E60006A8E66BD710562BDFCA55DBD51FC61BE9B
:101E7000B6EA37BE107EE43CF4B73B3DF8672EBEB1
:101E8000555708BE770507BE31AD5FBEB45F81BE52
:101E9000B1D2DBBCF5628ABED5DF003C32FF2DBE7D
:101EA000FC3190BD37E7E03C765864BD488124BDE5
:101EB000001EAB3BAE0A683D8C409A3CAEBC103E67
:101EC000DE159A3EFD6D843D747A9DBD2026EFBDE2
:101ED00022C581BD98C45CBDF92443BCC824D03D53
:101EE000320A8FBD36DF47BEDEB080BDB234A0BD42
:101EF00002EE3EBD9B3A2A3E79FD713E65CA96BD13
:101F0000F21630BED23DE4BD9CB907BE17CE2E3EC0
:101F100035C7743DB0B6B5BA9B9B47BDDD6603BD02
:101F2000C05A4DBB1447A6BD698189BD9807B93C0D
:101F30009BA18B3C37B70FBEB67C5DBE343A57BE13
:101F4000E1B862BE1D59AABEA5FA90BE592C84BE46
:101F5000F7A294BE1D24BEBE07FE17BE658180BDDC
:101F600050B820BEE8F5F8BE5C5019BE19218ABEF3
:101F700006104FBE56DA78BD2B0907BEC7CA823B92
:101F800070BF60BD6A70C1BCD62D623DF3B89EBD06
:101F90009B5225BD789B7ABCD769843DA6127E3DB5
:101FA000D2A4213D10DAB1BB85D18FBD65EF2BBD29
:101FB00050F7BF3B4E084A3DAE13E1BCF75928BD70
:101FC000FD0DD23C94FDED3D130081BDD794BABD0B
:101FD00095E2943D40E5923A99B785BDAADA4C3D29
:101FE00067A9883D2783AA3D5609173D6AB9153D63
:101FF000265C6CBDF67A97BD1AFA3B3D84905CBDB9
:102000006EFE7D3DF073483C80D7663CE08DA7BBFB
:1020100015F2B33D6FE9E13D5716873D27FB5E3D65
:102020006102BB3DE00B983D29F78EBBA71274BE41
:10203000E15E46BD75EF513E83FD0E3E79315C3E5B
:102040004A6DCA3D3FE4FD3D8C62A43EDBBE833E4B
:10205000EC01C53EB264C13EFFD7413E1D019D3D2E
:10206000C60E503DCAF09EBD6027643B345DE93C1E
:1020700040FB36BC1CD2ADBC29EA5F3D6AB6973D39
:10208000D175C93D9A6A283EFA21443E262A023E6D
:10209000FC326F3E12F582BC1AABAFBDDB9922BD9C
:1020A0004B31123E91747B3EDE5FCC3ED70B923EAD
:1020B000AD5B283E035A2F3E946F5DBD7291593D32
:1020C0005E706F3D5AA24B3E6F877C3E192EA63C38
:1020D000CEF504BEEEF8D3BD422D0B3D1A2570BDE2
:1020E000C062533B1005DBBB3431EABC55EF7D3E8B
:1020F00035FFC93C5E82D63D5542293E1AA27FBCBF
:10210000667BA6BE0F97BCBED1BB62BE21F746BDA3
:102110004064B6BDCAB895BD9172453EA071E73D19
:10212000E4CD113E3F7D823C2555F1BD7A18C23D7C
:102130007C148B3EF184F4BC19E727BD3AE583BCDF
:102140004C18AE3C77BC33BE54119E3DDE14393D75
:10215000C4788ABDB1BF93BD9136D33C3B70BF3EBE
:1021600098F9933E41BF8E3DDB9947BDD87E38BE7E
:10217000E0368FBD95B38FBEEA9FBDBD3F5B063D88
:102180009729DF3DB7D33B3E9709DE3CA4B04B3ED9
:102190007188653D3E27EBBBC46730BE902B2DBCDC
:1021A000DFCF3ABD27C3B23DC7CB1CBBE5DE39BE8E
:1021B0003C62EBBD723185BE5987D0BE102459BC3C
:1021C0004F4A9A3D63BD8B3D3410423D4B3F953E97
:1021D0009F78163EC9F69DBC99A38FBD9578433D67
:1021E000A7A6103E0343433D2076B8BDD020BCBD1A
:1021F0000DE6103ECB62913E181A013E3BB30A3EFB
:10220000438D14BE2F1CB03C1C5F8C3DDAAEC53D27
:10221000DF9C28BEFFF75CBE2BA838BED1AD04BE44
:10222000751B89BBEB0FE1BD610FD0BE6F2412BDE2
:10223000F001FE3B3524063C6B41113DDB09113EAC
:10224000961D5D3E44132D3D88FB8A3DD3F9EC3C41
:10225000047A71BCB7D7583D768FDBBD0490E23B62
:10226000F9B3A33DE9D3BA3DB3C6A93DB3A0413C00
:102270001B351BBE7890B6BDDAB1B4BD50AF1BBEE6
:10228000B429E7BD30FCA2BDA84FCDBDAFC4BDBCD5
:1022900076D436BE8A4F9EBEFCE9BFBED6E5B3BD3E
:1022A00048DFF5B9D807693DC42560BDF07B58BC4F
:1022B000B967A33D12B0A6BB66CFE13C648898BD68
:1022C000A4AC70BE6085EBBD5D7B09BDEC36DBBBAD
:1022D0009795D03D065BB03C5B94EB3D25BF51BD6F
:1022E000E0C19BBDAC23EBBDB04B413DF9CCBEBEC4
:1022F00013809EBE03D97DBDAFD08EBDB5ACAFBD42
:102300000F3C65BC7E284DBE20E8B1BEC4106EBE39
:102310002C201EBDF37481BDBE9975BD67E602BB5E
:10232000F9C8A83C0C4975BD58298FBEB89C2BBE76
:10233000005787BED58604BE6176053BA2A85ABE6B
:10234000D3442F3DA9890F3EABD74C3EA701473E52
:1023500007712D3D6EE0B53DE7E60ABE8B7D50BEB0
:102360001AFE88BE3AA0163C99C47EBDBFFE8FBE41
:1023700047039BBEA4A9E1BE74A966BE01637BBEF0
:10238000A7E2A93D28110BBB027FB3BCD3E964BE11
:102390004CBCA13DAA0D1CBDED5AA5BD3E49D3BD07
:1023A0004754C9BD7B1A3BBECB1052BEF9B76EBEB7
:1023B0002A072ABD91A92E3E936EDA3E997B833E71
:1023C0000CB85F3CA35B8ABDFB5CFFBD01B5F3BDF0
:1023D000BDF577BDB88012BE36DDAEBED6F5A5BE62
:1023E0003A98B5BE8C23CFBEF831D6BE65B066BE76
:1023F00007AFB73D8CACFC3D0CFA0ABD25782BBE6F
:102400003BE7B3BD1B29413DD2F928BE81DB06BEA7
:10241000CA2EB5BEA7708CBE79A3EEBDE7D0D33C63
:10242000F5937FBD875AAC3EFA9AC83E304BF73DD4
:1024300026980DBE2C8C12BEB7FF5EBEE11684BE80
:102440002BF451BEB38F61BD1CAFD0BDF97021BE5E
:1024500084019CBE496CBABE4F2BF3BEAF301DBC8D
:10246000D9B89E3DBEF6C03D914A62BD6538553E25
:102470008C42873D9D763BBECFFABABDC2DE44BDDD
:10248000CB8B8DBECA950ABCEE470F3EFA3E343E5A
:10249000F641463E6582763ECD8D453E974CCABD9F
:1024A0004BFCE2BED4ACA6BE535C80BE018DC7BC63
:1024B000EEB667BD6848CFBD940BF4BD969C9BBE3D
:1024C00021EE76BE23BFD7BEEC5DD7BE1464243E9A
:1024D000B25335BD34D1E13D9BFFE5BD51EC393EF2
:1024E000B787A9BC1DB179BEC58301BEFABE5BBE6C
:1024F00031545CBCC78C733E172CA13EF6C67E3EA1
:102500007C1EEA3DE48D933DD35104BCD6F1E7BE79
:10251000D9CAD1BE931895BEB80F1BBE9B0AA5BDE4
:102520000275C73C8CFA463CE5B715BEDAA99DBDDD
:10253000082068BCA35DABBE06E30CBFD3F68E3D9E
:1025400013B5013E5E9E123D7D11F73D2DB4463D13
:10255000815A90BEAB57A3BD0007253D78B65ABE41
:10256000D7A70C3EF2964B3E10526C3E720D8E3C3D
:102570001852483D080B4739939A53BE1176B5BEA1
:102580008C52A5BB1755B9BDF503E5BD2099D8BC44
:102590004418B03DA1FB2CBDFE24E9BBA4A2573ECC
:1025A000765F26BD3094ADBEFB9012BFF82E11BEF3
:1025B00064BBE8BD43616C3DF5723BBC18C87FBD90
:1025C00053D9B7BEAFB9D1BD3545B1BD8F4312BDEB
:1025D000DBBA2C3E098A233EF1E3093EFB29E6BC27
:1025E000B5D3B0BD3FF88DBED065B5BE7D0F6BBE17
:1025F000154A36BD1971B4BD1E0280BED05CDF3DE8
:102600007AC55DBDD5C4A6BDEDAAF73D57530D3EB5
:102610009CA868BD42380FBE5BDBC0BEBEF661BE83
:10262000D46A383DB7B834BDE637C83E86C00EBC64
:10263000AFE69BBE6DDF0BBEC67AC5BD4F2BA33E7A
:10264000D4D9943E3945653EA263033E7F091D3DC2
:10265000C2E43BBD286CC6BEEEE0AEBE957FFCBDBD
:102660003FCD103D249BF13D12AEF4BCF912E53D87
:1026700020042D3DBDC696BD7EE9493E848F163EA1
:102680009D5E09BE9BBAC1BD6C2326BCC25A12BD59
:10269000B82D933E68C2843D1719813EDD376BBC6F
:1026A000505707BE45EFB2BCBADE14BEF9C84F3E64
:1026B000F67EB13EC854273EC1B8493D1684013E5E
:1026C000C2FF61BE23DB4ABED24404BEDA8916BE15
:1026D000D6EE9BBD26FF983D8FF880BDD599943DE1
:1026E0003B1CD63C1DC226BE8676043CFB42E63D22
:1026F00048E088BDE354DEBD6848DCBE7676CDBDDB
:10270000EE8E04BDE8DBEF3CDC53853E636E743E29
:10271000D593743D725B16BE488618BED04BB23D51
:102720000EC6493E0655323EEEF4B53D6A6B033E99
:102730007F8BD1BC029FACBD6DC0DCBD943917BE90
:10274000711A08BBC05BACBCB97D1ABE761AECBC72
:102750007C8FECBD9D61953D81ACDC3DA9DE533E97
:10276000390E2B3A6BAEA6BD0ADAB5BEDB3ABEBD5A
:102770004C611CBEB6C188BCC5C8223E061E9D3E2B
:102780007F18F13D9EFAFBBD7F72BBBD3BD8E5BD16
:102790001849273DF32A383EA7F7A63D1665223C87
:1027A00099FA4C3EC8F46C3EE364B6BC8CD98EBD3D
:1027B00045C57F3CAA47BCBC265BF2BC928F35BDA9
:1027C0008ADA1A3DFB437E3C0C422A3E5C70ACBC6C
:1027D0009E18FA3C847F28BE434E18BE86BC483EF5
:1027E00026347BBDB9FF003EAEDE80BE629802BEDD
:1027F0000FA7F5BDD79D113D925F65BE2E0F8FBC13
:1028000082B097BDFC977CBC3909C53DD33D0F3ED6
:10281000A228A33E5774803DDB9D5B3EE6A9253E82
:10282000BA2A043DF96EA9BDA87A53384A42C83C79
:102830009A524D3DF2FC913C09B3C43D1F44C13D49
:10284000D6E14A3EE5F33ABCBAF295BD9B69833EB8
:102850002E7A603D778E0D3E6DBA50BE1E7D6CBEE9
:10286000E14B1FBE458321BEB1EBE3BDF135903D89
:102870006C50AABDD1690DBD2EFA1E3D225EA8BDC9
:10288000E6AEE13DB358043E3ACE683EA25B9BBD46
:10289000B9796FBDF0C136BD0D04E73D0671653CE9
:1028A000394AD83CB24602BD60BE8A3DF07EF63D54
:1028B0001CE93C3E0DC40EBE324C1B3D3E3E863BE9
:1028C0004C2E8FBD70E97E3DD5F9DCBD0B3F29BE96
:1028D00060B6A0BE25EC91BDE99F0EBDF61E68BD99
:1028E0007C7118BD80CD36BC04E421BECAE4633CD3
:1028F00059DD963D49A7EABDC193A8BDB28785BD04
:102900004A31A73D944F2FBE173AD23C15F5DDBD95
:10291000BD36C0BD2F6B30BE2AD3513E0ADDE93D26
:102920004106363CD3B8853D6C0AA23E10EE54BC3D
:10293000520BC03B777912BDB44B75BC1162673E38
:1029400019AD60BE5A2357BED0DC8ABBA86B3CBD14
:102950000B70373E59A8DB3D0F13C9BDB9A7853DA4
:102960001DF6D03DFB793CBB72280D3D6B988E3D2A
:102970009B6BA1BD83AE483C1B2A0F3E6C29C53C16
:102980005831C0BD3E2DDF3DF5E5EB3D5863473D79
:10299000667C70BE01637CBE82EA7D3E58145FBDDA
:1029A000D2D6693DE088D6BBE0DD77BDF706C23DF3
:1029B000F0E32CBD58CC7FBEBAC35CBEC26D57BE1F
:1029C0003434053D2522EE3DAD9A2EBDF41B8C3DE1
:1029D0005612453D0E706F3DD222983DA50A053D29
:1029E000353398BDFEE92F3E24600C3E5FBAE0BC53
:1029F0008A1684BD291BEA3D7286D33DA1899ABE01
:102A0000B436EFBD3133D7BE81519FBDA0D183BC59
:102A100084F6FEBCCD7D943D58F149BE35DE9BBDAC
:102A2000203D2F3E06584E3E51600BBE93E2CCBC7B
:102A3000EE1D49BEBFCD633C3E95A2BDAD879CBD9A
:102A400010CF91BD9B4A073D9A8D2B3E2ABF883CF3
:102A500094B4183EB75FA23DC8300DBD627314BE7A
:102A60005C6040BE59B71D3E28A6153D81EDA6BE4F
:102A7000AB0C8CBE2B57453D3C55153E5B027FBDD4
:102A8000B835F83C3A1176BDC7A5FCBD048CF6BD3F
:102A90000CB8743EF39F843DC0D5553EB71C073E2D
:102AA000758A963E3BE1443E9028F33C85D8303D04
:102AB00024D493BD8B9326BE7330EDBD719414BEA8
:102AC000CA8913BE301C71BE8EC9EC3BDA4848BDC2
:102AD000A0038EBDC88BF03DD2D09D3EE89677BE58
:102AE000CE195BBEF2A9C4BDA868C6BDEB8C9B3DE8
:102AF0006862ACBC1654A5BDBE5A59BD48C429BDB8
:102B0000BF677EBDAF2527BEEE6C69BDBFAD18BEE9
:102B10004E329C3EB2C4C23E23A0FB3DB79C88BE51
:102B200066DECFBE9DFD6ABEFE4FA63CACE3193EFD
:102B30005A9CEA3CCB6AD13C75BC3B3DF3917A3E52
:102B4000661B2D3DD0FE35BD39B9C63D8AC770BD67
:102B50005E32133D091741BDDA20333DFCC2BC3C57
:102B60009878B7BC5E621A3DDA5564BD3F1872BDF5
:102B7000A727D3BA60ABAD3D885698BDD002AEBD95
:102B8000F60232BE69360CBE7D3B5DBE6D970E3ED1
:102B9000FE6F79BE280288BE63B7BCBE8C6A90BE49
:102BA000AEA730BE5D1C193E9991FEBD237C9B3DB6
:102BB00030473A3EE71C873ECEE2943E075D3B3EFF
:102BC0001C217ABD46B7523DA1B362BD326FA4BD90
:102BD000A00D6DBCBE177E3D206AD83C9AC6583DFC
:102BE000B57C8F3DC8F9C1BC2CD8F53C8D34A6BD51
:102BF000BC3FACBD7FA2953D00176F3BE87FD03C4A
:102C0000D95C273D586912BD25CF23BCBB61993CD7
:102C10003822393C188778BC381F02BC55E4963DF1
:102C20003CE782BC187F36BC491C8B3D00013CBA96
:102C3000D9EF9DBD26F1A9BD40B8F13A6CB68A3CEA
:102C4000B03ECF3B478694BD941E4FBD9640D3BC4B
:102C50009F6D96BC673615BD81EF89BE5D9538BE08
:102C6000421D383DBBD80D3D5DB9D33D4CC64F3DEF
:102C70003EAF033EAAE5DDBDA7B288BC1739A63C2E
:102C80005DD735BE7F47B5BD0300193D362EC1BDAA
:102C9000A6F2B9BD683399BD391F2DBEA1A7C3BD2A
:102CA000E591A63D2EA21C3D4054D2BA90FAA43C18
:102CB0004D90A8BD322A763D256A973DF366163DB4
:102CC000F6B9C8BDACAE0DBC4F2B483E1582823B59
:102CD0006EF04E3E1782413EC6FF61BE784B82BD0C
:102CE0004A52CF3BDF2BBF3E6985D83E1052A03EF3
:102CF000AAF98E3C8E6FA2BD0086F3BD56DDEDBDF8
:102D0000728120BE2B7158BE31314EBE29CB86BE9A
:102D1000FC09EEBDD54C2ABE8C359BBC28F9A3BC62
:102D200000E462BB13A4953DFDB168BD26FE3B3CAB
:102D30009EA4123D6D9D273EC82C1B3EF0FBE23C3D
:102D40004275AABE618241BD24DA783DA62A51BDF2
:102D500091BEAE3D944187BD83056FBDACA6C0BAA0
:102D6000B754C93D2E7A833ED947223EEC4FD33D1E
:102D7000291D86BC8F68393EFF46873EAF5BB03B5E
:102D800001B013BC8C82E3BD55C2B7BC60A2E93B65
:102D900086873C3D2D1100BDF91AEEBDFA90D1BEDB
:102DA0000C3B73BD8262D93D0C0434BD573631BD36
:102DB000301EAABDB1744E3D002AA7BD501EDEBD17
:102DC000DA96B43D169DF03E1F3B313F31BAD63EF8
:102DD0002633C43E91DA853EA2E879BCF743943E9F
:102DE000BF52EB3E26CFFA3E472BAA3E0A91F9BDD1
:102DF0003C6587BE95E390BE8389003C5065AC3D41
:102E00007C9696BD37216ABDBF5C50BD683397BDC7
:102E10006E0D673DA4B87B3D21B74B3CE67ABBBD48
:102E20001766A0BDC11849BCDF5859BD0DFBAABD2E
:102E30003FA9C53D0261153E4C10723E8E02A73E71
:102E40008A55843E48DA4D3E1C34423D7845B83DB3
:102E50003BB15E3CBD8F0A3E141D153E15AD633E71
:102E6000E6007E3DB528863BF936DD3DB13AD6BC5D
:102E70008C89833C74605F3C27E09BBDEE7D4D3DBB
:102E8000BD2E533DAEC9C5BD356A90BD05B9ED3DFA
:102E9000D92A2B3D85ABE7BD695C79BD1D2737BDC0
:102EA0001A3B18BC663119BDF270E9BD935FA1BD34
:102EB0004145C73DDB954ABD525E2CBC61EA5D3E93
:102EC0003139E23C468D99BC31A66B3D8CAC833EDA
:102ED000D9F7F83EA16B543E27DA813EABD14B3E89
:102EE0005C1C443DDB5487BEA47EB7BED55AAE3BC6
:102EF000A7B5B43D1133B13D0AF32DBEEABFC5BD40
:102F0000D5EE12BE571C7CBD2689E03B08BE1DBD18
:102F100034A303BE77D3A8BE2BDE97BE9C5164BEFC
:102F200064F1D1BDB5E6D1BD09382D3B67ABFD3CA1
:102F3000AF62053E2669E63D9E01103E8935903E12
:102F4000C8157F3EC7306C3E2CF7AD3E65A3F43DFF
:102F5000C5116EBD932B7BBE1ED1CDBD6EDBA9BD51
:102F60007C5070BD1F7DDE3D20BA87B78CCEA6BDDC
:102F700057BA14BEC26505BE922104BED56729BDED
:102F800006AC50BE921F27BE903678BEDA6DDFBD0C
:102F9000F3E45DBDC07EB13C14B079BDE423FC3DDB
:102FA000620B503D3615CA3DB1F074BD8EDA673EF6
:102FB000A1B1A53CC848B13ED4567C3E7EB30F3E7D
:102FC0004F8659BDB226B2BE3909B13B25EE8EBE41
:102FD000954D52BE5919DABCB1BBDABD1C2458BD9F
:102FE0002C9E8BBC8AAD06BE25076DBE02271BBE7C
:102FF0000B53DABDAF8728BEA8BD36BEB7BC76BDC1
:1030000096F66E3DAD57243D8E78523D986B443D0B
:1030100082E60B3E172F9D3DC7AF593DAFDD213EE8
:103020002B6E73BC780A803E1F9F743D73E885BE8B
:10303000A4C59FBD2C8357BE480E3BBE2796DEBE5F
:10304000971C833C14D903BD4DD4FDBD5CB8AA3C8C
:10305000A7078DBD31B7F2BD2F983BBE6AF437BECE
:10306000BB0FECBDC32E3FBE7290583DE718F9BBB5
:10307000D10154BD563D42BDBA69793D0F4B4A3D21
:10308000531DABBD9D6B893D221FA2BCAAE0BABCFB
:103090002593ABBD3F1DDA3DCA0E63BDBE7F8ABE20
:1030A00070EE003D10C100BEAA19E6BE7EEA4CBE1D
:1030B000671DBFBDDE87073DAC3C78BDD398A03C03
:1030C000C64477BD57E060BC3B7A52BB85DEF5BD98
:1030D00020A660BD9ED5563D382EED3DADE5873C22
:1030E000D04743BD450F52BEE57720BE28DEA13D47
:1030F000CFD0A2BCF7008A3DF8C2D4BC20AD90BDB1
:10310000E3817BBE45565D3EF3801F3DB76B4CBEF1
:1031100023C6B1BD349C14BE3DFF61BE302F323E8C
:10312000FB0802BE66D82B3D4D84C9BDBCBA8BBD21
:10313000A18C3ABD2C7B873D95E1C63D8F906C3DBF
:1031400010F0A03E9F3F6B3E3738173E5EE784BBD2
:10315000229175BDA22A26BE153108BE270E013D5B
:10316000EFA49F3DE147083EE5EEBB3CFCBC2BBE17
:103170005244103E85E48F3DD4B353BEB9E18CBEBA
:10318000DD0A3A3E25BACBBDF033CFBDC8A601BC9F
:10319000A9425DBEBB7165BC395FDB3CAE49713D88
:1031A000B3841D3EAF4A533EDA96273D76DA063D9C
:1031B0006EB0053EF0C998BD865503BDC794BA3DB3
:1031C0006AC8FB3DD864F23DEDE9CFBDB4BC053E15
:1031D0001DBA7C3D87FB78BDC89A3A3DDF71383D0A
:1031E000E09BA9BD7E5645BD10E3C53D418507BCAA
:1031F000A3E4A33D8F3635BE4DC954BEC6EB1DBEFC
:10320000F0B3BEBD36D3463EA492463EAC61743E9A
:103210004EC7613EF933633EC323203E07105F3D36
:103220008EAFAF3CBB1D4DBC617243BC28DB14BDEF
:10323000EE2F803E1B219D3DB29B58BDA53FB93D61
:1032400008F7D8BDF628F2BD8D23AEBB95699FBEA9
:1032500086EBAFBE99938C3D391BB6BEC31534BE09
:1032600004B8303D8E8353BDA9E2853E5D11263EF4
:103270002530553DA26967BD943B593D60751F3EA1
:1032800008915A3EA958393E9BFD8F3DD868183D9C
:103290001B1D043EFA934A3D8F79293D870555BD94
:1032A000FD99453E006BF63D943086BC3116B33D2A
:1032B0009FF6D0BDFD8691BEC97BBE3C686D67BEE2
:1032C00038F9ECBE5364F33C63D39BBE82BEF6BDBB
:1032D0004F84A4BDFB551DBE4915C0BD53C8AB3DB1
:1032E0008FB1E43B40D4453B151340BDAD75E8BB01
:1032F000DEBA53BAA0ADBFBCBE5F00BE1013CCBDDA
:103300008F5B86BCEA8DA8BCA5459CBD2EBA093E44
:10331000EF33643E08FE303EF3936B3C1BC072BD3E
:1033200060A418BE33D921BE91A214BE3F6F75BEF2
:103330002DDAF23C3B4B573CD39B27BE25AE633C7A
:10334000F77622BD22F5CABDF6E6FE3D4F5705BE13
:10335000019974BD3FF6CBBDC72C84BC9A672CBEC7
:10336000E0DEB1BD2139C63BB46AE9BDE88A34BDAF
:103370005CEC26BE360853BD7A0E4C3EC487803EB8
:10338000C1BA9B3E4E1D8FB8E0C0AA3DE8E56FBDB7
:103390005AFB0EBE01F9BDBD8E23EDBD8C1F4CBC8A
:1033A000F8BA92BD42CD9FBE94CB3FBEF0E3ABBD19
:1033B0009BC505BE9445FBBDC84501BE658FE0BCFD
:1033C000AA1E173EB1CC983D6A2E29BCDF6A00BD0B
:1033D000C103153EC71FB13CBDA4AB3D1FE40CBEED
:1033E00095C40FBEE7302E3E7274923E3C77383E55
:1033F000AC65633D1A4DAEBD7780803DD74931BE87
:103400007BB4F2BD1DDDD3BD78D22ABE885A64BD1F
:103410006F02503EC01F4DBBB103D5BDA8B9AA3E37
:103420007BCA44BD48B708BE1DE11FBE81AEB0BD1A
:103430002388B3BDFFA349BD0C78543EA9A3783EB1
:10344000A7B3643ED5790F3EF8FA743EE9F9033E1E
:1034500059363D3D2017933E5C62893ED3F6293EA6
:10346000B12E11BD107D2EBDA7D2A03D34D907BE0F
:10347000F3C78ABED3E4D9BD8090F1BDB0FE0A3C4B
:10348000634BC73D8AD36FBB246C27BEB658ED3D56
:103490005227793D0BBA8BBD68AF4FBDC0BBCF3D46
:1034A000811EC4BCA289FC3C483E753E23FD2F3ED4
:1034B000CF4C223E42F1543E48F08E3EA059953EFC
:1034C000E26B853E515E833E35B9143D64CCAF3D21
:1034D00055542EBE2C089DBC50C0E53D1EF650BD77
:1034E000FD9CF13B21D0F63CE501ECBDAE970ABE58
:1034F0003EC9BABC17C066BE928D37BE049D7BBD67
:103500002356A93D7BDE25BD07CA4DBE53B8C33C3B
:10351000D51554BEC82EA43CF885403DA807003DF3
:103520008D1A1B3E7223933E5B4F933D0111273E44
:10353000A24463BD86C12E3DCABD453DBB9D88BC2E
:10354000FBDDDEBDABCC963C0D7ACA3D8F25543CED
:1035500074D2183ECC5DBF3DAF679A3CFE55C0BCEF
:103560001D335EBD237D6DBD760F9DBE0531203DB3
:10357000D1C38DBB624185BD798C06BD59E09DBD2F
:1035800001DC50BE9B9F36BE3F9AF03CA03C06BC7F
:103590004EF096BCCAE4E63D90207D3D7E81923D92
:1035A000E9D9C7BDE6FB9CBC5319B6BCBCC297BDEC
:1035B000014942BDF93C013E95FE013CC9877B3D76
:1035C0001698DD3DEE9E1A3E0DF60C3C55DD48BDCD
:1035D0004BFA123D79EC2A3D17C20ABEA88A74BD87
:1035E0009FEE833D50289DBC3313C33C95F006BE2F
:1035F000DE2391BEFCF59BBD3E4C7DBE3B3709BD35
:10360000EA08423DCD01863EEF3A883D961420BE41
:10361000351A2B39667A98BDC88835BEF0142CBD92
:10362000562F2B3E6EE71E3EAFBA8ABD90A4073ED2
:103630006C106F3E3487A63EC82BECBC3FB4833E73
:103640006214E8BDEFAC11BEDC33973CAE77BFBC73
:10365000B05AB6BC82EDF0BC1C4D673E32BBB8BE62
:10366000E0AF2ABF246BABBEC69BB03C848530BEA6
:103670009A78B9BCC745FFBC54C3FBBDB2A5923D07
:10368000CD17783CF14362BE1E86ECBD6C9C8CBDB0
:10369000DDA5823D82A29ABDD8686E3DC74D3D3EF4
:1036A000717326BCB71E323D3B99A3BD23C982BDB1
:1036B000C5E557BD7817333EC90F203EC02387BAF2
:1036C0006C9323BD69CC943DD64E51BE888050BCCE
:1036D000315377BEF99F20BF6DD6753D26C829BDF1
:1036E000023078BED8DD3DBDC27FC9BD680378BD5C
:1036F000AA9E13BD3601DA3B7BE42CBDABC4653D0D
:103700007D31C3BDF480CCBD6E9B4B3B7ABE93BE76
:10371000685925BE062F19BCA33F06BD7604B23BEF
:1037200075B74EBE1C400D3D0066E53D23F2933D4E
:1037300037AF1BBD8D8C1ABDBD4D8FBDF7A104BD2C
:1037400041199CBDC8EB91BE029BB8BEA3D094BEEC
:10375000FBB17CBEAA3410BE6141EBBEBC916ABE17
:103760005943A5BE99E49CBEBD6D0BBF1AD1D6BD11
:1037700022D992BEB79BCBBE728277BE19DB0CBF3B
:10378000D3BBFFBE0EC6DCBE1E1000BF0F5589BEE8
:103790007A1F2BBE0BA84DBD2018DB3B20B961BCA6
:1037A00074B99EBC40B421BCC0B7E5BB98FD45BC14
:1037B000A542DFBBE0B2A7BCD5B402BE80F902BE11
:1037C0007118C9BDD431A0BD0E5685BE358C96BECC
:1037D000927984BE0EF16EBE2E8FF9BE7C0B92BE26
:1037E0005F8DB5BEBECDB0BEC970B0BE700954BE4F
:1037F000C9D621BE9AD11ABEEAC8F0BD64A203BEE2
:103800009FDBA03D0CAD8BBC61A9803D826BB6BC3B
:103810003A5DD9BCC0ED00BB1E71553DB8B186BC48
:1038200017B18DBDA817103C5B08993DF6750C3D8E
:103830006D1F09BDD098533C6DE249BDA947903D2D
:103840002127C7BCDEA03EBC636F5F3D05EF7A3D1C
:10385000087E1EBC145FDA3C4AA97DBD2E22703D55
:10386000B4FECE3C1BB67BBD9941A43DD25593BD61
:1038700028460B3DF05263BC3AAC04BD2CB4F5BCF9
:1038800003AD1FBD8CB318BD1293443D1C81C63CD3
:10389000DBC959BD3707383DCF81483DB5EF543EB0
:1038A0003A910B3E240BCC3D20916A3E6079843ED8
:1038B0009E26C63E9F609A3EEC54E33D7B29B73E70
:1038C000924BCA3E9820BE3ECB44843E0B18893EA4
:1038D0008861973E3E57343E72AD183E37A00E3E8B
:1038E00098A2E23C5E6A593DF0ADD3BB9D9D893DF7
:1038F000E6A6D0BC10D6D8BBB2522A3D21D5053E93
:10390000196E2C3EB32A8D3E11376C3E1BE6DB3E12
:10391000364F013E2637AF3C6E49AA3DB65FC2BC6A
:10392000AE3A733D3C03063C2B1BA5BD34C2813C23
:10393000EF69E53D4AD1243E35A6DA3EC4EB8D3E23
:103940005206413E093D733EB4499A3EA980553E18
:103950006B78633CD0A352BD80BE4BBD6EA2E9BC68
:10396000E85C35BD1085E4BB14651B3E0ADE7B3E7A
:103970006528B33D8C0F683DB9D9C83E90E55C3EE3
:103980003E004B3DCD8DB83DE35679BE02FE6EBE86
:103990004AC3A3BC787AA63CCF4604BDCF46CA3DF5
:1039A0002ED2233E0AFB9C3D324A313E4B7804BE68
:1039B000295438BE306EA93C2DE2A83DBE43B13E2D
:1039C0009A2A7B3E39F1313DF1F4893E90049EBC48
:1039D000745FD23C3FF4B23CB1D282BDA0F17B3ED9
:1039E0004BA6303E9F9511BE56D4723E03CC9C3BF5
:1039F000276C94BDA4DF29BE1D6038BE018313BEB1
:103A0000B7C6C7BEAF4E8BBEE694B93D40A4C43D19
:103A10004A6B043E6F09D3BD066530BEDEB88EBE6C
:103A20000561C9BD011C0EBEC16DE4BB26309F3DC2
:103A3000CF80B2BE3B8657BEBCF7D63DFF56A03EF8
:103A40000A0140BD4055C83C36353E3E05891ABD89
:103A5000195B143C98D991BE26BAB8BC4B1F3BBD2C
:103A600054E7DDBD1E4619BE8BDBA1BD533BCCBD6B
:103A70005D3F49BEF91F37BD260C10BDF0EAA9BD58
:103A8000D3029CBE9EB7FDBD56B9E2BC11E8D4BDC1
:103A9000A8C2A4BC612919BCA8CE84BE3C36BCBE59
:103AA000061D49BEE3F47CBE6E682C3E39254B3EB4
:103AB0003EC9433D0D3B5CBEC65D2A3EF26F91BDE3
:103AC00085AE81BD0A1AA7BE1C4204BE64DC70BD6F
:103AD000556567BEEA7880BEC9D393BE2E4BB7BD8D
:103AE000D2BC77BE70FFF2BD423FBEBDA9B38C3DD4
:103AF000367F483E92073A3E8DA8163E0C611CBEAA
:103B000027D71EBD58D1A9BDFA3FE4BD94CC81BED4
:103B1000C2D39BBECCE685BD60582FBEE8EB723E9B
:103B2000E4428C3DDC5839BEFB3621BD27175EBE12
:103B300083E6903DCF7686BE748183BDB901EBBD2F
:103B4000CEBEB3BDA0552BBE25384BBE174287BE97
:103B5000618525BEDD14DA3BBC2C13BBB5C3383EF2
:103B6000D7D5803E4F417B3E0FDB863EF714643C49
:103B7000F41D2CBEC429CA3C3BE8F3BDF54E39BE4A
:103B8000115757BE0C4C373E710655BEFCB6693E08
:103B9000E00363BD3D2B3E3E1D3C13BE4EDF88BEA1
:103BA000201EE2BD3A7889BE0E062EBE406A1CBEBB
:103BB000E57B2ABE6AEAD9BD9687C0BDF16A62BEBE
:103BC0007D9619BCAAC3E5BC7019653D35A20E3DB2
:103BD000BE7E653E8775163E8E0E1F3EA34490BC8A
:103BE000B82990BC9F86293D21096EBDEBF11EBC12
:103BF0008B52E0BDAC948BBE7E3E393EA788233EFF
:103C0000112946BD2D54483EB55516BEBA2685BE6F
:103C1000F339B2BD551A01BE206021BDEF1AC0BCF8
:103C200007B08CBD112305BEB1C926BEA18D0ABE49
:103C3000C069FFBCCB3BAD3C5FA8833DF9BBB13D48
:103C40001D8D873DE55ADEBDFA64DEBD0E130A3ECA
:103C500009221FBD017DD0BDBD424BBED7AEEABC1F
:103C600021504E3EC77943BE0AE9AF3EEC7F81BE8C
:103C7000DE4C3CBDAC8F2D3D5BF08E3EBBA9A3BEA0
:103C8000068EB03C1357DA3D8E6E103EA5791F3E6E
:103C9000C254203ECBFE54BD6C9F27BECE1D1FBB21
:103CA000AFD1C8BCCA7398BDC08775BC673EF73D2D
:103CB00085A438BC4BF3A1BD576E323EA616793DA4
:103CC0004867B03D0C0CA73DBBCD40BC17F172BDA1
:103CD0006801773D38FEBDBE1EDAEE3D0067E8BEE6
:103CE000651FEA3C93153ABDEC7C9F3EF8F35BBE42
:103CF0007343863E3647B73D792E0B3E9BA3A03ECD
:103D000064AA1E3E06A2DF3DBFC2553D8717573D40
:103D1000427215BD3C1FEDBD4B1EEF3B869F9A3D89
:103D20006A5D1CBD4F556CBD520318BD49FEE43B96
:103D30008E73633E6A68B03E87EF703EF2350C3F8B
:103D40000D1B2E3F308C0C3EFB2BB4BDA9BFC13DDB
:103D5000844BBDBDF62A8BBDD977853E2A5D5BBB02
:103D60001EAA0A3FD2DBEB3DAFE22F3EC0397E3DBB
:103D700075C7AC3D6D0A8B3E443D6B3EB3E37E3E62
:103D80007253DF3CBDE82FBEFE75AEBD5F9080BDB7
:103D9000467A23BE34B507BDD550483D8580543C96
:103DA000E93B973D0EBE813EA6F3973E41AF4F3FA4
:103DB00053184A3F91BADF3E78E9063E1B8E863E95
:103DC00033DB203D615AE8BDAD1AA03EE529DD3D5B
:103DD0008E7AC33E1BBB8ABD67A9883C505D1BBD64
:103DE000E7AC083DE7C24B3E6AD9B93D061D163E19
:103DF0004AFF4F3D67CF50BDFC2ED6BD13AF66BC0A
:103E0000F0303CBEA5090BBEFE63C33D371B9A3D97
:103E1000919597BD38F31C3E543F283E6F63B53EE5
:103E20005979D43E6CE2B93EC1DE533ED8ECE53D53
:103E3000D0B824BEC7E02FBD3827513EF5711EBD56
:103E400022A8A23B359CCB3DCFC269BCCD4E94BDD0
:103E5000FF19B93D92AE473ED97E843E9C440F3E49
:103E60009A2B7B3D4CB826BDAA9A16BDD78D34BC83
:103E7000B28986BD44B336BED433CF3D9E51293E70
:103E800026E7573DA7AF793DE23EA83DFFCFEE3D87
:103E9000EBE64B3CAAC3A73EA1B0963D47041F3EAC
:103EA000816AE9BCF361E5BDE0362CBE1459C7BD9B
:103EB0004256CCBDAE04143E3397EEBD2D9B6F3DF4
:103EC00053097B3EFB99083E1CD6E43DB28E023E70
:103ED000CF25CE3D65A7AF3D09EA60BD1AA39FBDC2
:103EE000412009BEC7FCEDBD77BF91BD059FB3BDA5
:103EF000DB723EBD27A5FBBCB9893FBE5468A0BCA0
:103F000056B6D03D68AB3C3E388D97BE6A3AA73B6B
:103F10005A7F963D886A943CB21627BE08B424BEE8
:103F2000B6CABCBCEB87383E4096493C9574DCBBB6
:103F300084DAEEBC681C693D44E5593C029BFB3CBD
:103F4000266F7BBDD73A6DBE273F33BEBBF707BE9A
:103F5000DC47D23BDD2555BED78629BEA24D9BBE90
:103F6000EF7544BEB19937BE20FC7DBDAC70F0BD8D
:103F7000082004BE34E22C3D64836C3E20F9543E9C
:103F8000CDA8903D2E8107BEF959BFBE0AE97FBE7C
:103F900007E74BBEC55414BC24A430BDAAF165BECE
:103FA000EC3972BD0E878FBBCA85363ECAA7693D04
:103FB0002157933CF998A8BD8DA3D4BDACA027BED2
:103FC0002AA1A4BBEF7AA9BEB249F6BD99422FBE81
:103FD00002A2D33DABD931BD4C15853C26CE78BE6F
:103FE0003299F7BDE8B61A3DB4E5BC3D3168743E80
:103FF000425F893E76FE30BD396ABABD307C05BF6E
:1040000057FA1DBE5E287FBE63D22DBECB72BDBDEA
:104010004760C03B1652C73DD6F6853E07CF463EA9
:104020004E7AA7BD11026EBD30DE9FBDB78AE5BDD9
:104030006B4E4CBEC60D9CBDC9D12BBE026435BEB5
:10404000619B03BD9A38C63C8C0DADBD87A0D9BC21
:10405000B069E23DBB190C3F50E8D33D25EEA9BD48
:10406000CCDC56BD2C48923DD93201BD92FCCFBE6E
:10407000D18869BE7FE1B0BE9A961BBEFBD3A13D3D
:104080007690643E32AC243EB6DF9C3E0B45063E45
:104090003AF6583E0B5C4ABD285E59BED8CE8CBE5F
:1040A000DE7484BDDAD7273D12B3E9BDF5B4D73C41
:1040B00051071A3E53F3963CD8C009BD53CCD0BC2F
:1040C0009897AC3D16DD363EFE26E9BBCD3A453C21
:1040D00082694CBD1B72D63DD0F478BE91FEE0BE25
:1040E000F08F41BE3E0DCC3DEB5A4EBD690CA0BCDD
:1040F000F910083CBF9BB0BC1710573E0A16633E30
:10410000743E003E3851E1BCCCE74BBE1C6680BE1D
:1041100072B09BBD9FE2A53C50F6D2BDE8BB133EFA
:10412000FDF1AD3D5BEFEABDB04C013B3772883D20
:104130009D9E2F3D0479C83ED98FED3DF07048BD5E
:10414000425FEFBC2809F8BD1FEA18BE38B2EEBDC9
:10415000D0640F3E63D3ACBD2E2C7BBCB440093E73
:10416000902402BDE835E53D30E3683D3122A13DB4
:10417000C9A5343E261E473EFCC07ABD3CA001BD09
:10418000F03748BD67381C3D289C293D9970DCBD3F
:104190002FDAD3BC866C65BEA84051BE7B763BBE91
:1041A0008DEF6FBEF0825F3EF1019D3E2F7005BD29
:1041B0001E24DC3D260C18BDDC97BFBDD232933DDA
:1041C000DD86E33DB4374E3DCE750C3E7E70F53D49
:1041D0003074813DA8654CBCCA82253E7114D83C20
:1041E0008C216F3E62DF8E3E3BC4D33DD5E8CB3D94
:1041F000C8A2E53D38AFC6BDA9D7ACBDCBAC5DBE4E
:104200006BB8F1BD627268BE5E7681BEF04089BE59
:10421000A2D3D7BEEFA899BDD0091A3EFC86F0BC48
:104220001EB208BD8AE60B3D7846A9BE67F0B23CD7
:10423000C45049BD789FA33D9AD77BBD0A6BCABDC8
:104240004473C03DB0853CBEF5650BBE218F43BEB7
:104250001BD5573C45615B3D0E52BA3B42AD3A3DE2
:1042600083D317BE208F13BE29BA81BE1F4943BE18
:1042700093A43DBE07F9A5BEC57D743D9ECB22BC6F
:10428000E71FA1BE026705BE95E73EBD267F76BD4E
:1042900079BC96BD638A873D1E2686BE355E3CBED0
:1042A0004DF6CABD6038273E8E6F26BE5D16E93CCE
:1042B000EFC621BDE5E707BE8321033DA41DEDBD8B
:1042C000AF110FBD00EDA73DD58A943C2159EABC42
:1042D000B36859BEDA6407BE1BD3D5BEEEB466BE62
:1042E000853D87BD146587BE8194FFBD2FBF093E04
:1042F000463344BE511162BEDE734EBD109B213D5C
:1043000010A6973CB693F6BCB83AD63D501EE53A97
:1043100027A002BDA1F86CBD11B1DB3D76E2023EE3
:104320004B7965BE8B32BDBD4CC5DABC4B8CE8BC4D
:1043300061475EBDE982133E3679D53D91CBD3BD51
:10434000341213BD97A414BE3299EFBDE7E02E3EA0
:1043500094A56C3E047FC73D1866203E3B34CC3CA0
:104360008AD78DBEA39AB0BC1F8D15BE867B93BD28
:1043700026BB6A3D380E7DBC752E943DC597493DE0
:104380007C9BB23DA927983E1CD3943EF7FCC03ECF
:1043900065A8E63B217E8B3A770847BE8BE50BBDCF
:1043A0006CA22C3E08C3663E4141AF3E7373233C72
:1043B000E78D063E280B0F3E704B8E3DE1C8D73B84
:1043C0001630943E74E72A3EA744983DF7B2D7BC16
:1043D0002865CF3C30986CBDC8810EBC7C3499BD3B
:1043E000A9422EBD80E31FBAA4EC92BC03CF2FBD1F
:1043F000CD9BDCBD09E2F0BD9FC5033D6519113EB3
:104400000E7EC43DA93F093EE2945C3E93630B3EA1
:10441000662D743E42D331BD671BB53E7002D13D5F
:104420002A8C483EDF1B3D3EEBA8173ED713BDBD8F
:10443000D306C5BDEA670EBBC4E7FDBD10117CBE47
:10444000263D383D4092D1BCDEBF7C3D40FED53A92
:10445000004D9AD77934E3AEF2BF68258BC6115C64
:10446000A9E4337ED09D4A075B16C18C226FB8F554
:104470001F5285C8662BFCB1EDA0773A94D90E4344
:10448000B6FB2C61CF8255184409DE933D70A7EA34
:104490003E73A4E9470ADD90CC81561BB5F82F6224
:1044A00097DA0D40EEA374396528FFB21C5186CB14
:1044B000216CBBF65815C28FD39E4904AAE7307D04
:1044C00088C5125FF1BC6B267A37E0AD034E99D4F4
:1044D0007C31E6AB05489FD28EC31459F7BA6D20E4
:1044E000D5984F02ACE1367B276ABDF05E13C489D4
:1044F000632EF9B41A5780CD91DC0B46E8A5723FC4
:10450000CA87501DB3FE29643875A2EF410CDB96B3
:10451000420FD8953B76A1ECB0FD2A67C984531EA3
:10452000EBA6713C92DF0845195483CE602DFAB793
:104530005D10C78A2469BEF3AFE23578D69B4C0183
:10454000F4B96E238DC0175A064B9CD17F32E5A873
:104550006042A20D000000400000803FD1F71737F5
:10456000D1F717B78071313F807131BF0000003F34
:04457000000000BF88
:04457400E50700084F
:04457800BD07000873
:10457C001828FFFF08000020000000000C0B002092
:10458C00740B0020DC0B0020000000000000000079
:10459C00000000000000000000000000000000000F
:1045AC0000000000000000000000000000000000FF
:1045BC0000000000000000000000000000000000EF
:0445CC0000000000EB
:04000005080021319D
:00000001FF
