:020000040800F2
:1000000000A0002031210008792100087921000892
:1000100079210008792100087921000800000000FA
:10002000000000000000000000000000792100082E
:1000300079210008000000007921000879210008DA
:1000400000000000000000000000000000000000B0
:1000500000000000000000000000000000000000A0
:100060000000000000000000000000000000000090
:100070000000000000000000000000000000000080
:100080000000000000000000000000000000000070
:100090000000000000000000000000000000000060
:1000A0000000000000000000000000000000000050
:1000B0000000000000000000000000000000000040
:1000C0000000000000000000000000000000000030
:1000D0000000000000000000000000000000000020
:1000E0000000000000000000000000000000000010
:1000F0000000000000000000000000000000000000
:1001000000000000000000000000000000000000EF
:1001100000000000000000000000000000000000DF
:1001200000000000000000000000000000000000CF
:1001300000000000000000000000000000000000BF
:1001400000000000000000000000000000000000AF
:10015000000000000000000000000000000000009F
:10016000000000000000000000000000000000008F
:10017000000000000000000000000000000000007F
:08018000000000000000000077
:1001880080F0004002E000BF81F0004142001FBF44
:100198005FEA410392EA030F7FEA226C7FEA236C4D
:1001A8006AD04FEA1262D2EB1363C1BFD218414042
:1001B80048404140B8BF5B42192B88BF704710F0D8
:1001C800004F40F4000020F07F4018BF404211F07B
:1001D800004F41F4000121F07F4118BF494292EAE3
:1001E800030F3FD0A2F1010241FA03FC10EB0C000F
:1001F800C3F1200301FA03F100F0004302D549429C
:1002080060EB4000B0F5000F13D3B0F1807F06D348
:1002180040084FEA310102F10102FE2A51D2B1F140
:10022800004F40EBC25008BF20F0010040EA030035
:100238007047490040EB0000013A28BFB0F5000FB5
:10024800EDD2B0FA80FCACF1080CB2EB0C0200FA6B
:100258000CF0AABF00EBC25052421843BCBFD040BA
:100268001843704792F0000F81F4000106BF80F434
:1002780000000132013BB5E74FEA41037FEA226CF7
:1002880018BF7FEA236C21D092EA030F04D092F0C2
:10029800000F08BF0846704790EA010F1CBF0020F6
:1002A800704712F07F4F04D1400028BF40F0004053
:1002B800704712F100723CBF00F50000704700F073
:1002C800004343F0FE4040F4000070477FEA22629A
:1002D80016BF08467FEA23630146420206BF5FEA6B
:1002E800412390EA010F40F4800070474FF000036B
:1002F80004E000BF10F0004348BF40425FEA000C32
:1003080008BF704743F0964301464FF000001CE0D9
:1003180050EA010208BF70474FF000030AE000BF2F
:1003280050EA010208BF704711F0004302D540426D
:1003380061EB41015FEA010C02BF844601460020DF
:1003480043F0B64308BFA3F18053A3F50003BCFAFA
:100358008CF2083AA3EBC25310DB01FA02FC6344A7
:1003680000FA02FCC2F12002BCF1004F20FA02F2AE
:1003780043EB020008BF20F00100704702F12002A1
:1003880001FA02FCC2F1200250EA4C0021FA02F202
:1003980043EB020008BF20EADC7070474FF0FF0C07
:1003A8001CEAD0521EBF1CEAD15392EA0C0F93EA02
:1003B8000C0F6FD01A4480EA010C400218BF5FEAA4
:1003C80041211ED04FF0006343EA501043EA511117
:1003D800A0FB01310CF00040B1F5000F3EBF490011
:1003E80041EAD3715B0040EA010062F17F02FD2A15
:1003F8001DD8B3F1004F40EBC25008BF20F00100F8
:10040800704790F0000F0CF0004C08BF49024CEA0E
:10041800502040EA51207F3AC2BFD2F1FF0340EAA0
:10042800C250704740F400004FF00003013A5DDC11
:1004380012F1190FDCBF00F000407047C2F1000252
:10044800410021FA02F1C2F1200200FA02FC5FEA3F
:10045800310040F1000053EA4C0308BF20EADC7089
:10046800704792F0000F00F0004C02BF400010F4FB
:10047800000F013AF9D040EA0C0093F0000F01F0A8
:10048800004C02BF490011F4000F013BF9D041EACA
:100498000C018FE70CEAD15392EA0C0F18BF93EACC
:1004A8000C0F0AD030F0004C18BF31F0004CD8D1F6
:1004B80080EA010000F00040704790F0000F17BF7D
:1004C80090F0004F084691F0000F91F0004F14D0C3
:1004D80092EA0C0F01D142020FD193EA0C0F03D11B
:1004E8004B0218BF084608D180EA010000F000401E
:1004F80040F0FE4040F40000704740F0FE4040F4F9
:10050800400070474FF0FF0C1CEAD0521EBF1CEA97
:10051800D15392EA0C0F93EA0C0F69D0A2EB0302B5
:1005280080EA010C49024FEA402037D04FF080534F
:1005380043EA111143EA10130CF000408B4238BF14
:100548005B0042F17D024FF4000C8B4224BF5B1A22
:1005580040EA0C00B3EB510F24BFA3EB510340EA70
:100568005C00B3EB910F24BFA3EB910340EA9C001E
:10057800B3EBD10F24BFA3EBD10340EADC001B018E
:1005880018BF5FEA1C1CE0D1FD2A3FF650AF8B4232
:1005980040EBC25008BF20F0010070470CF0004C3F
:1005A8004CEA50207F32C2BFD2F1FF0340EAC2506A
:1005B800704740F400004FF00003013A37E792F02B
:1005C800000F00F0004C02BF400010F4000F013A89
:1005D800F9D040EA0C0093F0000F01F0004C02BF84
:1005E800490011F4000F013BF9D041EA0C0195E7ED
:1005F8000CEAD15392EA0C0F08D142027FF47DAF86
:1006080093EA0C0F7FF470AF084676E793EA0C0F75
:1006180004D14B023FF44CAF08466EE730F0004C73
:1006280018BF31F0004CCAD130F000427FF45CAF03
:1006380031F000437FF43CAF5FE700BF4FF0FF3C71
:1006480006E000BF4FF0010C02E000BF4FF0010CC4
:100658004DF804CD4FEA40024FEA41037FEA226C8D
:1006680018BF7FEA236C11D001B052EA530C18BFAF
:1006780090EA010F58BFB2EB030088BFC81738BF14
:100688006FEAE17018BF40F0010070477FEA226C02
:1006980002D15FEA402C05D17FEA236CE4D15FEAFE
:1006A800412CE1D05DF8040B704700BF8446084632
:1006B8006146FFE70FB5FFF7C9FF002848BF10F1F3
:1006C800000F0FBD4DF808EDFFF7F4FF0CBF012038
:1006D80000205DF808FB00BF4DF808EDFFF7EAFFC2
:1006E80034BF012000205DF808FB00BF4DF808ED7D
:1006F800FFF7E0FF94BF012000205DF808FB00BF72
:100708004DF808EDFFF7D2FF94BF012000205DF8F7
:1007180008FB00BF4DF808EDFFF7C8FF34BF012004
:1007280000205DF808FB00BF4FEA4002B2F1FE4F1F
:100738000FD34FF09E03B3EB12620DD94FEA00239B
:1007480043F0004310F0004F23FA02F018BF404274
:1007580070474FF00000704712F1610F01D142025B
:1007680005D110F0004008BF6FF0004070474FF00F
:10077800000070470348044B834202D0034B03B187
:100788001847704754000020540000200000000063
:100798000548064B1B1AD90F01EBA301491002D0DB
:1007A800034B03B118477047540000205400002041
:1007B8000000000010B5064C237843B9FFF7DAFFB4
:1007C800044B13B10448AFF300800123237010BD1C
:1007D800F00A0020000000000829000808B5054BB1
:1007E8001BB105490548AFF30080BDE80840FFF795
:1007F800CFBF00BF00000000F40A0020082900084D
:10080800074A13785178402B84BF4023137040293E
:1008180002D9402353707047994238BF117070470E
:10082800000000201FB51D4B1A788DF800201A799A
:100838008DF801205A798DF802209A798DF80320D5
:100848001A7B8DF804205A7B8DF805209A7B8DF849
:100858000620134A91788DF80710D1788DF8081082
:10086800198A8DF80910090A8DF80A10997CDB7C21
:100878008DF80C3013788DF80B108DF80D3000249E
:1008880053788DF80E306A46102172208DF80F408B
:1008980001F078FB204604B010BD00BF54000020D2
:1008A80000000020022A13B50E4C0F4809D91A7807
:1008B800022A98BFE2745A789B7802704370FFF757
:1008C8009FFFE37C8DF8043003788DF8053001AA8A
:1008D80043788DF806300321722001F053FB002085
:1008E80002B010BD5400002000000020062A07B501
:1008F8000B4A0AD91978062907D811715978517104
:100908009978D3F803309171936013798DF8043096
:1009180001AA0121722001F035FB002003B000BDBF
:100928005400002007B508491AB11B78032B98BF5B
:100938000B700B788DF8043001AA0121722001F0A8
:1009480021FB002003B000BD5400002007B5054B73
:10095800019301AA0421722001F014FB002003B0C6
:1009680000BD00BFDEADBEEFF0B51D4D2C7B6F7B2B
:10097800003C18BF01248DB044F00206002F18BFB8
:100988003446AF7B8DF8042044F004062A78129D83
:100998008DF80200002F18BF3446002B8DF8031085
:1009A8008DF805208DF806300FCD44F00806F6B214
:1009B80018BF34468DF8074002AC0FC40FCD0FC4E2
:1009C80045F6A526ADF8006095E803006A4684E878
:1009D80003003021722001F0D5FA0DB0F0BD00BF40
:1009E8005400002070B58CB002AC05460E46282293
:1009F8000021204601F044FF00943346FF220021E5
:100A08002846FFF7B1FF0CB070BD000010B5064CCA
:100A18004FF44472002104F1140001F031FF002367
:100A28002373238210BD00BF5400002010B5164C5C
:100A38002822002104F5497001F022FF2822002114
:100A480004F5537001F01CFF4FF48072002104F587
:100A58005D7001F015FF4FF48072002104F27440BC
:100A680001F00EFF4FF48072002104F2745001F07F
:100A780007FF064A0023FF216373A37384F87436C3
:100A88009170D170A37410BD5400002000000020A4
:100A980007B5FFF7BBFFFFF7C9FF45F2AA5301AA45
:100AA80002217220ADF8043001F06CFA002003B086
:100AB80000BD00B5A1B080220021684601F0E0FE2B
:100AC8006A468021722001F05DFA21B000BD000065
:100AD80008B5074A92F874361BB9FFF7EAFF0020F9
:100AE80008BD02F57D728021722001F04BFAF6E70D
:100AF8005400002008B5074A92F874361BB9FFF76E
:100B0800D8FF002008BD02F55D728021722001F037
:100B180039FAF6E75400002008B5074A937B1BB959
:100B2800FFF7C7FF002008BD02F2F44280217220BF
:100B380001F028FAF6E700BF5400002008B5074A7C
:100B4800937B1BB9FFF7B5FF002008BD02F2744282
:100B58008021722001F016FAF6E700BF5400002049
:100B680000B58BB028220021684601F089FE6A464C
:100B78002821722001F006FA0BB000BD08B5074A1B
:100B8800937B1BB9FFF7ECFF002008BD02F55372F9
:100B98002821722001F0F6F9F6E700BF5400002082
:100BA800F7B5184E312A378A09D0ADF8047001AA72
:100BB8000221722001F0E6F9002003B0F0BD1C7894
:100BC80004EB44042401B4F5447F17D2C4F54475FA
:100BD800ADB2302D28BF302506F1140020442C4436
:100BE800A4B2591C2A4601F07DFEBC4284BF2746A8
:100BF8003482B7F5447F24BF01233373338AADF8B9
:100C08000430D4E75400002070B5114E114B06F69D
:100C18007805D8700FCD06F553740FC40FCD0FC4E7
:100C280095E803004FF4807284E8030006F5EF614D
:100C380006F2744001F056FE4FF4807206F5CF615B
:100C480006F2745001F04EFE0123B37370BD00BF6D
:100C58005400002000000020F8B5084E084F051F7A
:100C680000F63C4416F8010BFFF740FB3946FFF746
:100C780049FC45F8040FA542F4D1F8BD68000020EE
:100C880000007F4300B5ADF6444D6846FFF7E4FF2A
:100C9800054968460A7801F5CF6100F085FAC0B2C7
:100CA8000DF6444D00BD00BF5400002030B5354C52
:100CB800E37C022BADF64C4D1FD100F02BFB02A8B4
:100CC800FFF7CAFF04F5CF6102A800F0A5F9224694
:100CD80004F5CF6012F8041B00F01BFA04F5CF608E
:100CE80000F020FA04F6780000F048FAC4B200F0E8
:100CF80018FB20460DF64C4D30BD02A8FFF7ACFF9F
:100D080004F5CF6102A800F087F9E37C012B2CD110
:100D18001D4DFFF775FD22462B7812F8041B009332
:100D280004F5CF60002300F0A3F900F0F3FA22469F
:100D38006B7812F8041B00932B7804F5CF6000F051
:100D480097F900F0EEFA2246402312F8041B0093AC
:100D58006B7804F5CF6000F08BF90C4800F0E2F9ED
:100D68000B4800F00BFAC4B2C3E700F0D3FA2246EE
:100D780004F5CF6012F8041B00F0CBF900F0D1FAAB
:100D8800EBE700BF5400002000000020CC06002044
:100D9800CC08002007B5FF238DF80430094B1B7BD6
:100DA8003BB901AA0121722001F0ECF8002003B040
:100DB80000BDFFF77BFFFFF727FF034BDB788DF8BC
:100DC8000430EEE7540000200000002013B50E4C5C
:100DD800237B33B921790120FFF704FE002002B0FC
:100DE80010BDFFF763FFFFF70FFFA17C074A013132
:100DF80004F55373C9B2A17400932379D278012002
:100E0800FFF7B2FDEAE700BF540000200000002011
:100E180070B50E4E0E4B06F6780598700FCD06F598
:100E280049740FC40FCD0FC495E803004FF48072C6
:100E380084E8030006F5EF6106F55D7001F052FDE8
:100E4800012386F87436737370BD00BF5400002008
:100E58000000002013B50D4C217B29B90846FFF787
:100E6800C1FD002002B010BDFFF70CFFFFF7D0FF57
:100E7800A17C074A0131C9B2A17404F549740094F0
:100E8800002392781846FFF76FFDEAE75400002028
:100E98000000002010B5094C237B1BB9FFF760FE4A
:100EA800002010BDFFF7EEFEFFF7B2FF04F5497210
:100EB8002821722001F066F8F2E700BF54000020F4
:100EC80008B500F087F900F0C3F900F0FFF9FFF763
:100ED8009DFDFFF7ABFDFFF793FC01F041F8294AB0
:100EE80000217A2001F022F8274A0021632001F02E
:100EF8001DF8264A0121612001F018F8244A07212B
:100F0800662001F013F8234A0321742001F00EF83B
:100F1800214A3121782001F009F8204A0021622075
:100F280001F004F81E4A00216E2000F0FFFF1D4A60
:100F38000021692000F0FAFF1B4A0021672000F019
:100F4800F5FF1A4A00216F2000F0F0FF184A00212F
:100F5800732000F0EBFF174A0021682000F0E6FF3D
:100F6800154A00216A2000F0E1FF144A002171208F
:100F780000F0DCFF124A0021752000F0D7FF01F0D5
:100F88005FF8FCE755090008990A00082D090008D0
:100F9800F5080008AD080008A90B00089D0E000818
:100FA8005D0E00089D0D0008D50D0008850B000892
:100FB8002D080008450B0008210B0008FD0A000851
:100FC800D90A0008022913B5044612D0032915D0FE
:100FD800012919D100F1004001F0CCF84FF07E5101
:100FE800FFF7D4F801464FF07E50FFF78BFA02B0B6
:100FF80010BD02B0BDE8104001F0E4B8C30F013BDA
:1010080018400190019BF2E70021FFF783FB08B12C
:101018002046ECE70020EAE72DE9F74FDFF8489093
:10102800124F82460E1F01F1FC0500F63C4359F8A9
:10103800044BAAF10408BB4658F8041F5BF8040BDC
:101048000193FFF7ABF901462046FFF79FF8019B94
:1010580098450446F0D146F8040FAE4207F54467B8
:10106800E5D103B0BDE8F08F5033000850340008D4
:101078002DE9F0411546069A402AA8BF402223EAE6
:10108800E374A2420E4690460BDD002BCBBF04F161
:101098003F03002450F82310002100EB8407444547
:1010A80001DBBDE8F0812A7857F8043B013A052AAC
:1010B80007D8DFE802F0030B101519216A78A2425D
:1010C80015D031461846FFF77DFF20E06A78A24226
:1010D800F7D100230BE06A78A242F2D10B4606E072
:1010E800AA78A242F5DDECE7AA78A242E9DCC7F8C3
:1010F800FC3001341946D2E718463146FFF762FF43
:101108006A78A2420346F2D16968FFF73FF80346BE
:10111800EDE707B5402300930023FFF7A9FF03B0CD
:1011280000BD00002DE9F74F00F5FE7ADFF8449086
:10113800114E074600F50973554659F8044B07F157
:10114800FC08B34658F8041F5BF8040B0193FFF73B
:1011580025F901462046FFF719F8D045019B0446BA
:10116800F0D145F8040F9D4206F58076E5D103B02D
:10117800BDE8F08F28290008502900082DE9F04122
:10118800066807460124002557F824803146404662
:10119800FFF7C0FA08B14646254601340A2CF3D1B8
:1011A8002846BDE8F081000038B50C461546FFF723
:1011B80033FF29462046064AFFF7ABFF2046FFF7D4
:1011C800B1FF04F50070BDE83840FFF7D7BF00BF96
:1011D8002029000870B596B0002403264FF4A023F8
:1011E8000CA80125CDE90C631094149400F0D0F8F4
:1011F8000F23214602A8CDE90235CDE9044406941F
:1012080000F00CFB104B11485A6942F400225A6155
:101218005B6903F400230193019B07A94FF4C043C2
:10122800CDE90735CDE9094600F098FB2A4607487D
:101238004FF4005100F04CFC04482A464FF480411A
:1012480000F046FC16B070BD0010024000080048CF
:1012580010B54FF4C06288B00223CDE90323012101
:101268000323CDE90513164C07230793636943F459
:1012780000336361636903F40033019303A94FF0FA
:101288009040019B00F06AFB0E4A0F4B13604FF42D
:1012980061300023C2E90103C2E9033393610C23DF
:1012A8005361A36943F48043A361A36903F48043B2
:1012B80002931046029B00F01EFD08B010BD00BF4F
:1012C80000100240F40800200038014030B5104BEF
:1012D8005A6942F4003287B05A615B6903F40033FB
:1012E8000093009B4FF480540123CDE9014300256E
:1012F800032301A94FF09040CDE9035300F02EFBE2
:101308002A4621464FF0904000F0E2FB07B030BD7E
:101318000010024001224FF480514FF0904000F03D
:10132800D7BB00224FF480514FF0904000F0D0BB63
:1013380013B5094C094841F2883301220DF1070120
:1013480000F058FD18B99DF8070002B010BD236AD7
:1013580043F008032362EDE700380140F408002059
:1013680007B541F288338DF8070001220DF1070116
:10137800024800F0EAFC03B000BD00BFF4080020FA
:10138800024B1868421C1A60704700BF64090020AD
:1013980003682DE9F743D907044610D423689A0750
:1013A8007ED423681E0700F1E78023685D0700F1FB
:1013B8002A81E269002A40F0AD8100201FE0AE4991
:1013C8004B6803F00C03042B07D04B6803F00C03A5
:1013D800082B17D14B68DB0314D54FF4003393FA6D
:1013E800A3F2096893FAA3F30122B3FA83F302FA8A
:1013F80003F30B42D2D06368002BCFD1012003B096
:10140800BDE8F0836268B2F5803F22D10B6843F4EF
:1014180080330B60CB6AA06823F00F030343CB62D1
:101428003AB3FFF7ADFF4FF400350646012795FAAA
:10143800A5F30A6895FAA5F3B3FA83F307FA03F359
:101448001342ABD1FFF79CFF801B6428EFD9032020
:10145800D5E70B6832B923F480330B600B6823F4AB
:101468008023D6E7B2F5A02FF5D143F480230B6093
:10147800CCE7FFF785FF4FF400350646012795FABC
:10148800A5F30A6895FAA5F3B3FA83F307FA03F309
:10149800134283D0FFF774FF801B6428EFD9D6E787
:1014A80075494B6813F00C0F07D04B6803F00C0319
:1014B800082B1FD14B68DF031CD4022393FAA3F235
:1014C800086893FAA3F30122B3FA83F302FA03F349
:1014D800034202D02369934290D10868F82292FA15
:1014E800A2F26369B2FA82F2934020F0F802134341
:1014F8000B6056E722690125F2B195FAA5F3B3FA14
:1015080083F303F1845303F584139B0002271D60C2
:10151800FFF736FF064697FAA7F30A6897FAA7F384
:10152800B3FA83F305FA03F31342D6D1FFF728FF82
:10153800801B0228EFD98AE795FAA5F3B3FA83F35B
:1015480003F1845303F584139B0002271A60FFF705
:1015580017FF064697FAA7F30A6897FAA7F3B3FAAC
:1015680083F305FA03F313423FF41BAFFFF708FFB9
:10157800801B0228EED96AE7A0693F4D3F4A012146
:1015880000B391FAA1F3B3FA83F313449B00022644
:101598001960FFF7F5FE074696FAA6F396FAA6F342
:1015A80096FAA6F36A6A96FAA6F3B3FA83F301FAEF
:1015B80003F313427FF4F9AEFFF7E2FEC01B0228E3
:1015C800EAD944E791FAA1F3B3FA83F313449B00F1
:1015D80002261860FFF7D4FE074696FAA6F396FA95
:1015E800A6F396FAA6F36A6A96FAA6F3B3FA83F311
:1015F80001FA03F313423FF4D8AEFFF7C1FEC01B54
:101608000228EAD923E71C49CB69D80031D4CB6931
:1016180043F08053CB61CB6903F080530193019B66
:101628000125174E3368DA052CD5E368012B39D12B
:101638000B6A43F001030B62FFF7A2FE022607467E
:101648004FF0010841F2883996FAA6F396FAA6F304
:101658000A6A96FAA6F3B3FA83F308FA03F3134275
:1016680052D0002D3FF4A5AECB6923F08053CB6157
:101678009FE60025D5E700BF0010024020819010AA
:1016880000700040336843F480733360FFF778FEDE
:1016980007463368DB05C8D4FFF772FEC01B642811
:1016A800F7D9D4E613BB0B6A23F001030B620B6A6C
:1016B80023F004030B62FFF763FE022607464FF090
:1016C800010841F2883996FAA6F396FAA6F30A6A4F
:1016D80096FAA6F3B3FA83F308FA03F31342C0D0D9
:1016E800FFF74EFEC01B4845EDD9B0E6052B0B6A47
:1016F80003D143F004030B629AE723F001030B6262
:101708000B6A23F0040396E7FFF73AFEC01B48452F
:101718009AD99CE63F494B6803F00C03082B3FF429
:101728006DAE022A4FF0807350D193FAA3F3B3FA47
:1017380083F303F1845303F584139B0000221A609A
:10174800FFF71EFEDFF8D08006464FF00077012530
:1017580097FAA7F30A6897FAA7F3B3FA83F305FA97
:1017680003F313422CD1D4E908034A68034322F453
:10177800741213434B604FF0807393FAA3F3B3FAD8
:1017880083F303F1845303F584139B00224F1D60F8
:10179800FFF7F6FD4FF000740546012694FAA4F30E
:1017A8000A6894FAA4F3B3FA83F306FA03F313422C
:1017B8007FF403AEFFF7E4FD401BB842EED946E6DE
:1017C800FFF7DEFD801B4045C2D940E693FAA3F33C
:1017D800B3FA83F303F1845303F584139B000022C7
:1017E8001A60FFF7CDFD0C4F05464FF00074012637
:1017F80094FAA4F30A6894FAA4F3B3FA83F306FA02
:1018080003F313423FF4D9ADFFF7BAFD401BB842CA
:10181800EED91CE600100240400D03004D4AF8B511
:10182800136803F007038B42054611D32A6894070F
:101838001AD4D00720D4474A136803F007038B4211
:101848006CD82A68510774D413077AD400200AE0A8
:10185800136823F007030B431360136803F00703AF
:101868008B42E3D00120F8BD3B48AC68436823F0C5
:10187800F00323434360DCE76A68374C012A25D12B
:101888004FF4003393FAA3F0206893FAA3F3B3FA62
:1018980083F302FA03F30342E4D0636823F00303FB
:1018A80013436360FFF76CFD6B68012B064641F23A
:1018B80088371CD1636803F00C03042BBBD0FFF7F7
:1018C8005FFD801BB842F5D90320CCE7022A0CBF84
:1018D8004FF00073022393FAA3F0266893FAA3F358
:1018E8000120B3FA83F300FA03F33342D4E7022B5F
:1018F8000FD1636803F00C03082B9CD0FFF740FD61
:10190800801BB842F5D9DFE7FFF73AFD801BB842E4
:10191800DAD8636813F00C0FF6D18CE7136823F05C
:1019280007030B431360136803F007038B4299D135
:1019380087E70949E8684B6823F4E06303434B6091
:1019480082E7054A2969536823F4605343EAC103CF
:1019580053607BE700200240001002402DE9F74F5A
:10196800DFF86081584C00224FF00F090B6833FAFA
:1019780002F502D103B0BDE8F08F012505FA02FA9D
:101988001AEA030300F094804D6825F0100EBEF1AA
:10199800020F11D1D70800EB870702F0070C3E6A47
:1019A8004FEA8C0C09FA0CFB26EA0B0B0E6906FAB7
:1019B8000CF646EA0B063E6207684FEA420C03261D
:1019C80006FA0CF627EA060B05F0030707FA0CF7E8
:1019D8000EF1FF3E47EA0B07BEF1010F076010D872
:1019E800876827EA060ECF6807FA0CF747EA0E075A
:1019F8008760476827EA0A0E2F09974047EA0E07CB
:101A08004760C76827EA06078E6806FA0CF63E4361
:101A1800C660EE004CD5D8F8186046F00106C8F844
:101A28001860D8F8186022F0030707F1804706F01D
:101A3800010607F58037019602F0030C019EBE6887
:101A48004FEA8C0C09FA0CFEB0F1904F26EA0E0E04
:101A580030D01E4EB0422FD006F58066B0422DD051
:101A680006F58066B0422BD006F58066B04214BFFA
:101A78000526042606FA0CF646EA0E06BE60266817
:101A8800EF0354BF9E431E4326606668AF0354BFEE
:101A98009E431E436660A668EF0254BF9E431E43E2
:101AA800A660E668AD0254BF26EA03033343E36049
:101AB80001325BE70026DDE70126DBE70226D9E7EE
:101AC8000326D7E700100240000401400004004844
:101AD8000AB18161704781627047000002688368BB
:101AE800C16930B5056914682B43456924F4164467
:101AF8002B4324F00C040B43234313605368C4683E
:101B0800056A23F44053234353609468836924F49B
:101B180030642B4323439360424B9A4211D103F51F
:101B280058431B6B03F00303022B5FD0032B65D0D4
:101B3800B1F5004F41684FEA510345D003F5E10381
:101B480048E0394B9A4212D103F5E6331B6B03F494
:101B58004033B3F5003F49D0EAD9B3F5403F4DD003
:101B6800B1F5004F4FF001005BD1002353E02F4B3C
:101B78009A420BD103F5E4331B6B03F44023B3F50E
:101B8800002F33D0D4D9B3F5402FE8E7284B9A4239
:101B98000BD103F5E2331B6B03F44013B3F5001FBD
:101BA80024D0C5D9B3F5401FD9E7224B9A42D7D1E3
:101BB80003F5E0331B6B03F44003B3F5000F15D0B6
:101BC800B6D9B3F5400FCAE703F561031FE04B0828
:101BD80003F50043B3FBF1F39BB2D360002020E090
:101BE8004B0803F5740303F51053F3E7B1F5004F01
:101BF8004168ECD14B0803F5803308E0B1F5004F9C
:101C08004168EDD14B0803F1F47303F59043B3FB3E
:101C1800F1F300209BB223F00F01C3F342030B43FF
:101C2800D36030BD00380140004400400048004007
:101C3800004C0040005000402DE9F041069E04464B
:101C4800174698462568E86931EA00000CBF012369
:101C58000023BB4201D0002013E0721CF3D096B9D8
:101C68002B6823F4D0732B60AB6823F00103AB60BF
:101C7800202384F8693084F86A30002384F86830B7
:101C88000320BDE8F081FFF77BFBA0EB0800B04222
:101C9800D8D9E5E773B504460021C166FFF770FBA4
:101CA800266833681A07054616D433685B070AD5D1
:101CB8006FF07E43009300222B464FF480012046AC
:101CC800FFF7BAFFA0B92023002084F8693084F810
:101CD800680084F86A300CE06FF07E4300930A468F
:101CE80003464FF400112046FFF7A6FF0028DCD07A
:101CF800032002B070BD38B5044620B390F86930AF
:101D080003F0FF020BB980F868202568242384F8C3
:101D180069302B6823F001032B602046FFF7DEFEB5
:101D2800012810D06B6823F490436B60AB6823F0F4
:101D38002A03AB602B6843F001032B602046BDE803
:101D48003840FFF7A7BF012038BDF7B51E4690F809
:101D58006930202B0D460446114649D1002D45D047
:101D6800002A43D090F86830012B41D0012380F835
:101D780068300023C366212380F86930FFF700FB31
:101D8800A4F850100746A4F85210B4F8522092B2A2
:101D980062B900963B4640212046FFF74DFF90B9B7
:101DA800202384F8693084F868000DE0B4F85230D4
:101DB800013BA4F85230002200963B468021204681
:101DC800FFF73AFF10B1032003B0F0BDA268236803
:101DD800B2F5805F07D122692AB935F8022BC2F320
:101DE80008021A85D1E715F8012BFAE70120EBE77D
:101DF8000220E9E72DE9F3411E4690F86A30202BCE
:101E08000D46044611465DD1002D59D0002A57D001
:101E180090F86830012B55D0012380F868300368AA
:101E28004FF0FF321A620023C366222380F86A301B
:101E3800FFF7A6FAA368A4F85810B3F5805F074621
:101E4800A4F85A1015D123698BB940F2FF13A4F8EE
:101E58005C30B4F85C80B4F85A0080B280B92023B2
:101E680084F86A3084F8680002B0BDE8F081FF2386
:101E7800EDE7002BEDD12369002BF8D07F23E6E7AF
:101E8800B4F85A30013BA4F85A30002200963B4679
:101E980020212046FFF7D0FEB0B9A2682368B2F52A
:101EA800805F07D122692AB99B8C08EA030325F8C9
:101EB800023BD0E79B8C08EA030305F8013BCAE71D
:101EC8000120D1E70220CFE70320CDE710B5064C6B
:101ED800034601440020994200D110BD13F8012B9C
:101EE8004240A05CF7E700BF5044030830B5002229
:101EF800044601238B4201D3002030BD14F8015F52
:101F080015B99D1A85541A460133DBB2F2E730B58C
:101F180002780025044605701046884200D202B9AE
:101F280030BD225C25548318D8B2F6E738B50B4D7E
:101F38002B681F2B04DD6120FFF712FA012038BD42
:101F4800F82901D96220F7E70C2404FB0354013374
:101F58002071C4E902122B600020F0E76C09002010
:101F680008B5064A00217620FFF7E0FFBDE80840E3
:101F7800034A00217720FFF7D9BF00BFF71F0008E9
:101F880011200008F0B50C46C1B04AB300238DF803
:101F980006108DF804308DF8050001AE0DF106012C
:101FA8009C421FDCA11CC9B20DF10500FFF78EFF92
:101FB80004F580736B44271D03F8F90C07F580734B
:101FC8006B44611D0025C9B2304603F8FC5CFFF77D
:101FD8008DFF16F8010B0135FFF7C2F9AF42F8DAA9
:101FE80041B0F0BDD05C01F8010F0133D8E707B567
:101FF80003230DF10702012172208DF80730FFF746
:10200800C1FF002003B000BD30B50C48017889B08D
:1020180000220C24D3B28B4206DB6A467220FFF7FB
:10202800B1FF002009B030BD03F1200504FB030314
:102038006D441B7905F8203C0132EBE76C09002060
:102048002DE9F043C1B001AD0024A846FFF770F9AF
:10205800287058B905208DF803000DF103020121FD
:102068006520FFF78FFF41B0BDE8F0830134042CF1
:1020780005F10105EAD121464046FFF748FF294D01
:102088009DF805102A68074600230C20DEB2964208
:1020980002DB08D10120DEE700FB065C01339CF877
:1020A80004C08C45F2D19DF807300533BB4208DAED
:1020B8000420D0E7FFF73CF908F804000028C9D04D
:1020C80001349DF807300433A342F3DAFFF730F9FF
:1020D80004F580730DEB030909F8FC0C0028E7D11F
:1020E800C7F101012144C9B208EB0700FFF70FFF50
:1020F800A11EC9B20DF10500FFF7E8FE19F8FD3C75
:1021080083420CD10C2303FB06559DF80720EC688D
:102118009DF806109DF8050002ABA0479BE702203A
:1021280099E700BF6C090020002103E00B4B5B58C6
:10213800435004310A480B4B42189A42F6D30A4AD4
:1021480002E0002313600432084B9A42F9D3AFF33C
:10215800008000F0A3FBFEF7B3FEFEE77C45030812
:10216800000000205400002054000020440C0020EF
:10217800FEE7000038B5054600F054FA0446284644
:1021880000F09AF848B10D492846FEF7C3FA30B96D
:102198000B492846FEF7A0FA48B9204638BD00F09A
:1021A80077FB4FF0FF4422230360204638BD00F040
:1021B8006FFB222300240360EFE700BF1772B142D0
:1021C800B5F1CFC230B520F00042B2F1FF4F83B075
:1021D80001460CD3344B002818681B681C4639DBB1
:1021E800FEF790F92146FDF7D1FF03B030BDDFF8C7
:1021F800BCC062450DD92C492D4A01900868116868
:10220800FDF7C2FF019B002BB8BF00F1004003B0EF
:1022180030BDB2F1105F24D3B2F17E5F019029D3B3
:1022280000F02AFB234A1168FEF7B8F800F04CF8D2
:10223800204A01461C48046815681068FDF7A6FF87
:1022480001462846FEF75EF901462046FDF79CFF49
:10225800019BD8E7FEF756F92146FDF795FF03B035
:1022680030BD114B01901868FDF790FF0199FEF7FA
:1022780095F8BAE70F4A13681C4600F0FDFA0146C4
:1022880004F10040FEF78AF800F01EF8094A0146FA
:10229800106801F10044FDF779FF01462046FEF77A
:1022A80031F9019BAFE700BF58450308FFFFAF4175
:1022B800504503085445030820F00040B0F1FF4F93
:1022C8002CBF0020012070472DE9F041AE4D20F0D1
:1022D8000042AA4282B0044600F0004636D9B2F164
:1022E800FF4F00F2BA8000F02781002E40F0BB803B
:1022F800A6498A4200F24281A549FEF74FF80146F5
:102308004FF07C50FDF742FFFEF70EFA0646FDF748
:10231800F1FFA0490746FEF741F801462046FDF7C0
:1023280033FF9D4905463846FEF738F803461946F7
:1023380028460093FDF728FF014604462846FDF786
:1023480023FF0099FDF720FF804607E093498A4262
:1023580076D8B2F14C5FC0F0BB8000264FF07C51BC
:102368002046FEF71BF8014600902046FEF716F8B7
:102378008B490546FEF712F88A49FDF707FF2946FB
:10238800FEF70CF88849FDF7FFFE2946FEF706F828
:102398008649FDF7FBFE2946FEF700F88449FDF75C
:1023A800F3FE2946FDF7FAFF4FF07E51FDF7EEFEEA
:1023B800014601900098FDF7F1FF01467D48FDF7C1
:1023C800E3FE014600900198FDF7DEFE00990746FE
:1023D8002046FDF7E3FF01467748FDF7D5FE0146A5
:1023E8003846FEF78FF82946FDF7D8FF002E61D052
:1023F8004146FDF7C9FE2146FDF7D0FF4146FDF7EE
:10240800C3FE2946FDF7C0FE731C054600F0878011
:10241800012E6AD0731C392B4FEAC6553CD8162EAC
:1024280000F38E804FF0807333412146C3F17E5410
:10243800FDF7AAFE01462046FDF7A6FE28440FE058
:102448005E498A421FD85349002E62D0FDF79EFE8E
:102458004FF0FF365A4B054669E70146FDF796FEF1
:1024680002B0BDE8F0815749FDF790FE0021FEF764
:1024780033F9002862D146492046FDF78FFF01460F
:102488004FF03F403EE74249FDF788FF0146002EE6
:1024980071D04FF03F4035E72146FDF775FE014604
:1024A8004FF07E50FDF770FE4FF07E512844FDF747
:1024B8006BFED5E701462046FDF770FF2946FDF77C
:1024C80063FE01462046FDF75FFE02B0BDE8F081DD
:1024D8003D49FDF75BFE0146FDF756FE01462046E5
:1024E800FDF752FE02B0BDE8F08138492046FEF7FC
:1024F800F3F8002833D04FF07C512046FDF746FE14
:1025080001462846FDF740FE4FF04041FDF746FFE3
:10251800A6E7FDF739FE01261F4B054607E70146EA
:102528002046FDF731FE4FF07C51FDF737FF4FF0A5
:102538007C51FDF729FE93E7002E91D024488FE7C0
:10254800C6F17F01C905FDF721FE01462046FDF7CA
:102558001BFE4FF07E51FDF719FE284480E72946FF
:102568002046FDF711FE0146FDF710FE4FF07E51A3
:10257800FDF70CFE74E74FF07C50C3E6304602B01E
:10258800BDE8F04100F04AB843B895411772B1422E
:102598003BAAB83F8071313FD1F717371872B13E67
:1025A800BBED57B4547E8636CD70A638010DD03AAF
:1025B8008988083D000040400000C0409115853FD3
:1025C800D1F717B76042A20DCAF24971000080BE68
:1025D800000080BF10B582B00446019100F058F9A0
:1025E800019903462046196002B010BD08B540B1F4
:1025F80001F10040FDF7D2FEBDE808402221FFF7B7
:10260800E9BF0846FDF7CAFEBDE808402221FFF7EA
:10261800E1BF00BF4FF08051FFF7E8BF4FF0E04146
:10262800FFF7E4BF2DE9F04320F00042B2F1FF4F7D
:1026380083B004466DD84FEAD07500F0CB807E4950
:10264800884200F3B7800028C0F2BA807B4B9A42D8
:1026580065D97B4B9A4200F2CC807A4B204653F8DE
:102668002510FDF791FD784A52F8252085F00103E1
:10267800904607465E1B41463846FDF785FD0146F4
:102688000446FDF78BFE71490546FDF787FE704944
:10269800FDF77AFD2946FDF781FE6E49FDF776FDC7
:1026A8002946FDF77BFE6C49FDF76EFD2946FDF7CF
:1026B80075FE6A49FDF76AFD2946FDF76FFE01467A
:1026C8002046FDF761FD014620460D460191FDF7C4
:1026D80065FE01998146002E53D04FF08040FDF7EA
:1026E80053FD01464846FDF70DFF01464046FDF7FC
:1026F8004BFD3946FDF748FD01464FF07E50FDF78A
:1027080043FD16F17D0F69DB00EBC65003B0BDE851
:10271800F0830146FDF73AFD03B0BDE8F083B2F15E
:10272800505F09D24E492046FDF730FD4FF07E51EB
:10273800FDF7F0FF002879D121462046FDF72EFE4F
:1027480042490546FDF72AFE4149FDF71DFD294688
:10275800FDF724FE3F49FDF719FD2946FDF71EFE4A
:102768003D49FDF711FD2946FDF718FE3B49FDF7E8
:102778000DFD2946FDF712FE01462046FDF704FD32
:10278800054629462046FDF709FE4FF080410646DA
:102798002846FDF7F9FC01463046FDF7B3FE214611
:1027A800FDF7F2FC01464FF07E50FDF7EDFC03B05B
:1027B800BDE8F083002003B0BDE8F043FFF72EBF6B
:1027C800284B9A427FF642AF002003B0BDE8F043A1
:1027D800FFF720BF002D9FD000209DE706F164037E
:1027E8004FF0586100EBC350FDF7D8FD03B0BDE8CA
:1027F800F0831D492046FDF7D1FD1C4B53F82510E9
:10280800FDF7C4FCFDF790FF0646FDF773FD184978
:102818000546FDF7C3FD01462046FDF7B5FC154901
:1028280007462846FDF7BAFD804624E74FF07E515B
:102838002046FDF7ABFC6FE71772B1421872B13E44
:102848009115853F644503085C4503084CBB31334B
:102858000EEADD3555B38A38610B363BABAA2A3E02
:10286800CAF24971B5F1CF423BAAB83F6C4503089B
:102878008071313FD1F7173720F00040704700BF13
:1028880002440346934200D1704703F8011BF9E75D
:10289800014B1868704700BF0400002070B50D4B4D
:1028A8000D4C00261D1BB6EBA50F09D100F028F82A
:1028B8000A4C0B4B00261D1BB6EBA50F05D170BDAE
:1028C80054F8043B98470136EDE754F8043B984721
:1028D8000136F1E774450308744503087445030895
:1028E800784503080A44914200F1FF3300D170474C
:1028F80010B511F8014B03F8014F9142F9D110BD01
:10290800F8B500BFF8BC08BC9E467047F8B500BFD4
:08291800F8BC08BC9E467047A4
:1029200000000000000000003177393DD6C48D3D25
:102930009305203DE520233C374D333D83F436BCE1
:1029400080C74C3D4AD9E2BB3ED7AABC054EEABD82
:102950005DB1FCBF489F42BF5E8508BFD7F93A3ED4
:102960002A78BABEBF4490BFA27FBFBEFFBD113F51
:102970002947083C8ABAE93E74D0A4BFEFDF37BECE
:1029800048F402BFA04B85BF07CD7E3F6B24003FBC
:1029900080B56F3FDE62C0BD5AFD28BFA794053FDA
:1029A0002E911E3FE74F8ABCD9EC80BF69195DBFED
:1029B0005CF225BFE778D13D8D0E2FBF976CBA3EF4
:1029C0003FC1593E20AA2F3F681A413F6198883E77
:1029D0002188D2BF123A1B3FA5A4CCBE227BAC3DBE
:1029E0009942383F55A02EBE548990BF42ADF33E68
:1029F000C4B4533FFB67993CFB537ABFC1C6863EC4
:102A0000A437BABFA02800C0D786AEBFB1BCD3BE22
:102A1000B8B2083F24E7653F2D91E4BE02379FBD61
:102A2000D5C1773E9FF39A3EB2CDECBEBB2AF0BE35
:102A3000DC52D7BF0B5C6F3FDEF7CDBD2471623F28
:102A400090E03B3E96222F3FD9DFB7BE021E05BF66
:102A50003710A4BEF66BB2BEAF58003F8008593E97
:102A60001FCA463F682D513F5B00A9BED06485BF99
:102A7000D8C43ABFD23F1D3E75C33A3FD456113F2A
:102A8000345900BF3A7B9F3F1F4E8A3F6843D93F6E
:102A900033C476BF820F4C3FA4006ABE2E88A7BE07
:102AA000EF84543FA94C253FAD4A853E21FFAFBF7F
:102AB000B1D06DBFC8B174BF919725BF6DC2313E13
:102AC000EC552A3FF91CFABED8991D3F877FC9BD36
:102AD00013AFE93E77149ABFA2E8ECBE12FC513F57
:102AE000E655113F9466373F58DD2B3FD3F189BF40
:102AF0003E68273FBC3D8BBE8160D23EC56A85BF24
:102B0000CB18373F3615F13EB45488BFEC42403EF7
:102B10008E9D143FAD8E2CBFC3BDC83E596BF7BE12
:102B2000F1ED6CBFC09B5ABE81E60C3F634AAE3DDF
:102B3000B4C46F3DC75ED23EFDAD65BF564563BDB3
:102B4000E90F8FBFC18819BE29934CBF7427503E2F
:102B50005CDF663E122B883F087E8DBD1BEA89BF75
:102B6000F30E073EE1C948BF4DC418BEDE0841BFA1
:102B7000BBBA9CBDE01FBDBDAC0B0ABE5ABE463FF2
:102B8000BA723D3F32564B3FC153A93E41AA81BF65
:102B9000408499BF59430DC0F1AF2F3FB354D8BE05
:102BA000592A753FB6EE2D3FCF6AB5BFE40A88BEFD
:102BB0004C9C8B3F7D69083EFF05FEBE210338BE5D
:102BC0006BF5553E53B02B3F9F63EABE805E0B3FD3
:102BD000415D3F3E09D463BF22D6B6BCF9A80BBF06
:102BE000EF604EBCF7A2033F72C415BFB5065D3F50
:102BF000011E653F369A683EF8B54C3F116704BF29
:102C00002E4C95BDC7546F3F2DB39ABE74D7A63EC8
:102C10003605ADBFE8D21BBF96D9C4BFB40BBD3ECD
:102C20007E2A323F0932413F700F8A3F76BD1CBF7A
:102C30004A556DBF2411723FF490243F58EEC4BE34
:102C400046BF40BFCC6527BEEB708DBF70B2303F32
:102C5000A158053FAED8233F9BD57D3F14F9833E55
:102C60007B59903ED54F363ED082033C8A3BC23ED4
:102C7000C74681BF45157A3F4B73E2BEB3123C3F56
:102C8000D2C0BDBF8574D9BFB89D85BFBE810ABF04
:102C90008BB6213FCB86A4BF2051C03EA512E83E93
:102CA000D5867ABE4F8783BF37AF473FAA77123F9B
:102CB000F32137BED21C683FEEB03B3E469ACEBEF3
:102CC000974584BE42B1223F2B76D2BC2B9E85BE57
:102CD000CE4CA7BD5D3AAA3EA02F86BF4F80CDBD8A
:102CE000899074BFC0C333BFBDDF3C3F24CF8ABFD0
:102CF0005139243F9FC192BF680C26BD7EB76B3E01
:102D00006AD0E03E4F16CE3E387E833E1F59233FA9
:102D10002F6A413FF32C0DBF573CCBBFEA7F163FD4
:102D20007A01193EF5BDD63E41C57E3D7AE583BCAC
:102D3000303C753E56526CBFB54E0CBF8569B8BF6E
:102D4000F14F99BF368400C0454FEA3E2181503E85
:102D5000C61C363F59569DBF7D26B2BF562F59BF60
:102D60003EFE3E3F955F103F3DEA52BFA3205A3FD3
:102D7000ED88593F6C3AA2BFF5D6F63E38CC97BDE8
:102D80005D862D3F3F9D12BE32A916BEEB94ADBFAE
:102D9000D9E1FF3E75072FBEEDA1333FBDFD48BE13
:102DA00065133ABFC8A0543F5EF4F93E2BB1123F01
:102DB000035024BF569CBB3D1A282BBE913B493F74
:102DC0009E3B993F72300CBF76A07DBFD46186BF19
:102DD0002589B8BFD5529EBCCF61B93E018DB0BF29
:102DE000593A8C3E0542A23EF93BE4BE116E42BE0A
:102DF000A23A97BF1F7F263E0014883D896B683E2C
:102E000069AC8BBE010891BFC35A0C3F674A7DBFB6
:102E1000EB9FDABE0435843E70D4253FECF4203FAE
:102E20003FFF4FBF6996003F26373D3EE9D62F3F13
:102E300049E7D73DEF9AE9BE5BA2EBBEC7A4EEBF60
:102E400065136B3EC393DD3E47C3A93E41ABB6BE9F
:102E50004A298B3F976D663F54408F3E1337B53EEE
:102E6000BB516DBFA5E1F33E91ECCABE01236ABE22
:102E7000B045DEBFAF6E903F2C9D133F6FD50AC0AB
:102E80004378D2BFB3993BBF340193BF04A9873FB6
:102E9000471ED1BE88479F3FF86A1ABFDB532CBF3D
:102EA000C49B2CBFEF3000C07A516DBF133A26BFD0
:102EB000BBB159BDF8639E3E2249863FC34E073FD2
:102EC0003217C33ED5F406BF7E6DA83DF7A609BDF7
:102ED00087D5063F4C1A2ABF402F58BE97D0CDBE8B
:102EE00093B82F3ED8A98D3F0B430CBFFD581D3B17
:102EF000C239843FD2F9543FB380673FD0BB5C3EB8
:102F00009C31633FE8A8123FCB80603F64200CBF38
:102F100092F2873EB75E653D88F85A3F5BCBF6BEBE
:102F20000454A53E5CA2563F020C85BF3EBE613EE6
:102F30006E291B3F5A4B54BFA2E3203FD63DAD3F05
:102F4000F7E41B3F5E2D3F3F8562F7BE867CACBF3A
:102F50007BA6BD3DBB1FDBBFF0D8693E4DAA47BF76
:102F60000719B23D9DE55B3F20D9C9BF2B4F88BFF4
:102F700055B8A0BE79EA7DBF7AC08ABF75ADA1BF42
:102F8000E0E3133FB7328C3FAD54DA3E99B4633F70
:102F90004FFDA5BE90B9233F4CA7CF3EE3F75E3F60
:102FA00080C7E1BE36802FBF271F593F59889D3EFD
:102FB000A2B732BE2FDA3BBF0800E83D34E5213F1F
:102FC00037DA54BF149C523E8F323A3FDA19053F2C
:102FD000F751703F18AE353FB8612CBEC203C5BE75
:102FE000A8B0713F0C73D6BF750D56BF7D0C343E33
:102FF000C483EDBE44500E3FBFBB58BF9CF454BFCA
:103000000C1DA0BFB44BE3BE346DDDBF9DCABF3EF7
:10301000A94670BE3627BBBF86A5553F097F0A3F2C
:103020002D13E03DF176683E87E90CBF64413A3FDD
:10303000AD7242BF62100E3F178931BF12BF09BF88
:103040006718153FA806D3BE1BBE863E6B2288BDFF
:103050006B4495BE2684363A877964BE3A6B783ED7
:10306000A69EBBBEB3DB53BF7DD0F83DC74ACD3E65
:10307000033F3C3FB3EA80BF57B245BFF95935BE65
:10308000A5F9013F18C6A9BE9532AEBE5EB8CCBD4B
:10309000E44881BE88122F3F7CAD9FBEA6127E3FC2
:1030A00014AA483FADEF3A3FCC2B303FC630733FB8
:1030B000964704BCFE5488BFF8D29FBF233FA3BFEE
:1030C000B6B57ABFFF040B3FB54B583FEA688BBFDC
:1030D0008733EB3EED7C4D3E25F27BBFFF347CBE5B
:1030E0002BD410BFA581703F33693B3FEBD41E3F0B
:1030F0009B5F9FBD16EE53BF55B3803F0DAD0FBF15
:103100003523B23E3E7D0E3F019C783F69B487BFB8
:103110006120173F8A24043ED88413BF0276F33D12
:103120005EB7073F422961BF1AC6043F94D31B3FD5
:103130002E020A3FD6C99FBE9CAA25BF352FA73FA6
:10314000F4BAF13E0353FC3E4FF6CBBEAF246CBF46
:10315000DC6E4DBFB3DF7CBFA3570D3F31B5363EAC
:103160007B0BAF3E79E3FEBE9C76E43E2BED4C3DFF
:10317000D7BC823E4167BDBF5FA0203F0815063E19
:10318000E3A2833EE8BFFCBE5F8CCDBEC11796BFF5
:10319000879F62BFA4CF3ABF67702FBFE9B7BBBF9D
:1031A00085F91DBF02F91CBF7731D9BF768BA8BF47
:1031B0003139223FD11386BE48A6363F262A403FEA
:1031C00025B981BE3248EBBD707E74BF055D423FBC
:1031D000793698BE6041CB3E36F9E33E7F5EFE3ED7
:1031E000E9678FBE2706BABFD4AB243E0DF6623F17
:1031F000FAE1F8BF6A7F823E160EF7BFC5684A3F04
:10320000B4E8A33EA962D13E4C5C9BBF8496EEBA63
:103210007AB0CCBE53A1C6BEBFF1313FFCCDF83E63
:1032200075940F3F8D37CBBFD55837BF96E062BF3F
:10323000E64E703FCFA5C3BE7411843F4EA4B2BE0C
:10324000DE68C63EBB7FA3BFA9D0883F312F433F76
:103250002F7223BED703253E6CEBC6BFD5FD133FAF
:1032600029C777BF98D5863EA7890D3F5089BC3EB8
:10327000245FFC3EBBB1023F49126A3EB560CF3EBF
:10328000A2AD2C3E23BDF6BEA20143BFDABDCF3EA8
:103290002A63373FB824A83E89258FBFB37759BF2B
:1032A0005DEE3ABF1A48D53EE957263F1BAF4F3E69
:1032B000B33B59BF8A787C3F0C922EBE4C68E7BE68
:1032C000C51845BF58F87ABFD18965BECC09C63E3E
:1032D0002537013F0738AA3C35345D3F8263743F90
:1032E00092396C3E3B332A3EB7D8C43EE558D6BE31
:1032F000C27B95BF7F123CBFECD086BF65681D3F87
:10330000575C19BF8C56E5BFC3AD6F3E9D31863FFC
:10331000BD2116BF57E9153FF05B24BF7CA8B1BFA4
:1033200015CA77BFE71BE6BE9690BEBDA994B3BF92
:103330004B1CA7BEDE0EAF3EB584A03E86564ABFEC
:103340005821BFBEFEB24E3F3965E33E2ABF363F2D
:1033500036BADF3D6B844ABEFDF3243D2F8324BD86
:10336000C74EBD3D989B8E3EF5BCD0BEE62EFEBD41
:10337000F63D0BBEC727EF3BC015943D27AC9EBE64
:1033800041225BBEE98026BCCACFB4BDAAE4503B53
:103390007697B53C42764F3E30A843BD1983A33C97
:1033A00022AF53BED1586BBCFC416EBD85D3FD3CF2
:1033B000B51B1CBEF12020BE1D1EC13C49F157BDEE
:1033C000C80F673E4C7BDEBC393FA33BB96676BE77
:1033D000DE541A3DAAD0B1BD63935DBED768A9BEC5
:1033E0007FD8873E5730863EA821BFB900D52EBD75
:1033F00086237F3E4096523D61082E3DFCB821BD9C
:103400002E0F913EE71198BE4DD7DE3E462F2CBEC3
:10341000B2A2373E75AB4FBDB107103E9D9E76BD43
:10342000881E08BDA27CFABDC81FA9BAB7C1D43E88
:10343000E172FB3E4E9FCA3A621852BD40B4873ECD
:103440004A09723E1307A3BC4F3F2BBE682A1CBE1D
:10345000EAB05BBDC85769BC00368BB9CABC30BD89
:103460009C9498BC7073203C5CE1D0BC00741C3907
:1034700020A516BBC204AABDF608593DD78808BDD1
:103480009C84FEBCF35C5EBD5953223DE16E933DCE
:103490009655623DF46B5DBD5DDC1BBD98C65A3C24
:1034A000AD5897BD642D70BD16470CBD00E97CBAC0
:1034B0009687033D832FA43DDDE7943DC986873D74
:1034C000904FA0BC791CAC3DD0E7D03BE54B90BD04
:1034D0001747633D666921BD3CB5DE3B550722BDFC
:1034E0006FF9B3BD7E9CDDBD05FDD4BDF6EBB7BC69
:1034F000056A82BE9A1280BD38D979BE0976D6BED9
:103500000F5E8BBEDDEAC1BE40F3F2BDAC62F7BD1B
:10351000525F8FBEFF848ABE241355BE35978BBE83
:1035200088188A3C1BC29F3DA56642BDE0EC7B3CEF
:103530009A9BEDBC8DE9953D6B9B5B3C4CDAB0BE34
:10354000D38105BEFC4D00BD8B0DAD3E0364453EF1
:1035500061B5153E1566CA3E2C16AB3EF459D83EF1
:10356000450A2B3FF7140D3F9C88373FA803233FA4
:10357000F75EA73E778C3B3FE40AB43E517F7F3E27
:1035800012EA76BC0C4AB6BE142458BE1C108BBE80
:10359000445175BDAF0BE0BDCED9D3BC3DA425BD14
:1035A00046AB6B3D204357BC0A26C1BD293F94BEA4
:1035B000A8DF4BBCB0E8933ED92E8A3ED034013F01
:1035C0000D16C63E9D67F23EB7C3B23E90015B3E0C
:1035D000C2F9653E434EEEBC001B1F3E264D7E3DAC
:1035E0003EBC52BE61E949BE033FA6BA6B691A3EB2
:1035F0000D559D3E8863D73EF508EB3E59E10B3EE5
:103600007E07103EB989F93CC58839BDC0CB45BBA2
:10361000C46964BD20C3B7BB2C765BBD7CEC89BE9E
:103620007821943D789CFD3E5267AB3E6AF3923E12
:10363000482B823EB96E783EB6A78C3E446F82BC62
:1036400018462BBC8C50283DC617B73BBB50C4BD99
:1036500075C770BE0F51A0BEB7DC6DBEE17C8BBEDE
:103660002E2F43BE49F31C3EFD474B3EF7AD8F3E28
:103670009189913E7456D33EA2C177BE773321BE65
:103680000226E6BCBF4911BD0392DFBC2B1CD13E14
:1036900092AEF1BD51E80E3EFD5F09BCC1A68F3D63
:1036A000B754E3BCA110043CA5DB2B3E3395EE3CA4
:1036B00044F367BD33C673BEB2A29ABE392E71BE43
:1036C000063395BC6AB6B5BD3AA920BE1B5776BE77
:1036D000EEE113BE27D05FBE2286B43DA378C73E7D
:1036E0008B81C03E6C378A3E5A67A2BD6EB848BE19
:1036F0003CED0F3DC20EF13DFBA2223CAC8453BE1B
:10370000A4F6A4BD9680433C81E0923C28ADA3BDC5
:103710004ABB86BDDFF9833E93A6533DE4EDCBBCA7
:10372000B964D3BD8BD8ADBDEE06083D30BDCFBD6D
:103730005E726BBCB647783D311E4BBD4126AA3D3B
:10374000D0CD2EBA944CF3BD062678BEA1AE823DF4
:1037500092F5FF3E92BC1B3DF414F43D75DCACBE0B
:10376000CF9A713CAA72D63E561258BE2224ECBEA5
:1037700039969ABE5515113EF38414BD6F5B793DA1
:10378000886C393E20E3503D817A08BE6E832B3E23
:10379000DD44393EE796253E00AD9D3EB99341BDDF
:1037A000902206BE8AC4FEBD0DE22CBDAC0BE43CEB
:1037B000079D22BDF56911BEC44DE9BD8CFB23BD3B
:1037C000733A5D3EA401FC3C9E22F93D2BC186BDAF
:1037D0007585BEBD6B82A0BE7202F838F48164BEEE
:1037E0003D8340BED0964F3D925A66BE895DB8BDBE
:1037F00078436ABDB04377BDED3F84BD681D8C3E04
:103800008459043E0F640C3E71E3783C632C91BDF7
:1038100091C2FE3CDCEA4F3D82823EBC1412373E30
:10382000A2EF433EC6972F3E2916273EEA15083ED3
:1038300067A6C83E4F4AF13EE1C5093D1EF9CFBD1E
:10384000AA0FA2BD3CA1BCBE2A581F3EA92E88BE0D
:10385000EEF786BE8C5800BE83CFE9BDA2A310BE92
:10386000541F59BD44AD31BE220F8FBC35032B3ED2
:10387000F2241E3E384FF7BDF504CBBD40DBE3BC60
:10388000DED50DBE21A99BBE962B5ABEB56D4FBE8F
:103890004BEE7CBDF7641F3EF5A5933ECB0F003C7D
:1038A000DA22603E0D74713EA5D343BDBF6EA03ECB
:1038B000D9ACDABD2AA098BE54E8E1BE722133BE6D
:1038C0005B06A7BE18AD513DD8AFDFBDA7B46EBE35
:1038D000FF718FBD31F71FBE5E9E5BBD4D450ABEB9
:1038E0003998FFBDDB804BBE35156FBE4C281CBE22
:1038F000D9F2CBBE674E04BF15133ABF6C9F07BF0A
:10390000E311EBBE6A4E8BBE22787FBE6BC5B6BE9E
:10391000A4B915BEA1AF0C3E666F593E1BBC16BCC8
:103920001A44C93B7BC59DBE6E74E2BE60E537BEDE
:10393000B03E023EFD1E673EEA46103CEDE5A6BEE7
:10394000DD1980BD13F83ABE9E6B21BEE70F5CBE49
:10395000748B4BBE685EB1BE79F165BE8B6E3CBDAB
:10396000B197B2BD27BE94BECCC1E0BE54750EBFA8
:10397000D9F367BF3AC659BF4AEF48BF426427BF71
:103980001DC76DBFC0CAC1BDEBD529BE43185DBE02
:103990008478D1BDFCD7B9BE489CA5BE028E30BE8E
:1039A000E7B4CDBD7CB481BD07E04CBE7D2034BE04
:1039B00056D900BE1A6F7BBED4FD733D518CFEBD3F
:1039C0002A1700BE371E07BE4AEC0C3C61BF96BCEE
:1039D00092AC1ABD0771603D44B41E3EBE9181BDDC
:1039E0009D542EBEC679E0BE9BF500BF55722BBF1D
:1039F000071947BF171AC3BED34615BFAD13CABEBA
:103A0000F4A5DFBBEFA291BE5C9EB4BE189EA1BE22
:103A1000AE0D6FBEF2313DBD9547D7BDEF9986BC67
:103A2000EE886CBE75AB06BE716F23BC0C2067BD03
:103A300039FD3ABC9A12653E575B4A3E7DE1823DB4
:103A4000D0C3943D6357853E6A975A3E2CD9B33E06
:103A50004DEF823EE4D5873DC4C585BE349251BE4C
:103A6000C0029DBE0491BCBE9D15A2BE96246BBD36
:103A700090AA3B3D17D1A6BD5DF71ABF914CE9BD99
:103A800017C8593E733F07BDEE76B43DEF6D923DCA
:103A9000A7BE503D7705CEBD666E3BBED8C132BED7
:103AA000189954BD8A35C83CDAA5483EE4533F3ED8
:103AB0008609AF3E8B37833EA21A713ED4A03D3EAD
:103AC00080AC6B3E53A6C7BD783FC7BCFF4115BE57
:103AD0008C2B6C3C511926BE5622CEBE989161BEED
:103AE00034D21E3E37B8033D807CF4BD272C1A3EED
:103AF0009D2D0B3EFD5F8EBD9E4B583E3F96BCBD3F
:103B0000F76981BD024AEABDFF8921BE89CC953C97
:103B10007839273D1676E63C31949F3E2E63F53E7C
:103B2000F9F3BD3E6A5C8C3ED6CE1C3E9D363E3ED1
:103B30004A4C2E3E0B63753D552A0DBE0BD9AEBDCA
:103B4000B5C2283EEFEA733E1C12E83E0360EDBDAD
:103B5000098A47BE35A5F83D6172E1BD355AAE3ED2
:103B6000BB902D3EC7C959BD84E8C3BC3F9420BD5E
:103B70008C7D7CBE0C0B8DBE0C7149BE56A90CBD54
:103B8000A6C720BD9F9C983E5CA4063FF3AF123FA2
:103B9000DA99C33E97FDB03E4FAF863EB987A53E4A
:103BA00021F6833ED998163ED363D1BD3965B63C24
:103BB0006F6DD53E1A97093FACE9C83D87B580BE09
:103BC00058AAB73C2B253CBCC0D70F3E5965023FD5
:103BD0006ABEA43E901802BEA683E1BC1ECBA73DE0
:103BE0009B16DD3C4DEAB6BE12A9F1BE4482DCBE96
:103BF000865C79BEBE8ABA3E7117103FFB2AFF3E33
:103C0000D56F793E584C743E57E4AE3E1590833ED6
:103C1000EC714F3EE5356C3E7346C3BB5420F03B20
:103C2000B71E643E0071EB3EBD043FBE0A79D7BEAD
:103C30004394F0BD3BD88ABCB7E7603D881E713F16
:103C40003450613E84EADC3C70080B3E3382793E9E
:103C5000604DFF3DC3E397BE076720BF8E4F1CBF7B
:103C600038C776BE086E923EE44C1B3FBA25B23E82
:103C70003E21C63EC190D03E3E1DAB3E8143673ED5
:103C80000CA69A3EE94B9C3E72363B3CB6FF083E82
:103C90007EA9893EBD599B3EFF84AFBE139D303E39
:103CA00069B0883D9A2223BE598CA83E7DEA333FF5
:103CB0001A528E3E314E3C3E2750023ED7E02EBD7A
:103CC00078A4003C554947BE279996BECC2842BEF1
:103CD000FC8931BE6522383DEDFA693E4A57953E72
:103CE00092EEAA3ECEA19D3EBB258D3EF68A673E52
:103CF000A892553E8E7CA73E6319483D166F993EAB
:103D00002710A13EA6AE543EFF57D5BD63CB4A3E19
:103D10005A3375BD3A6130BEB54EC53E1B8AB13EC1
:103D20004265E13C8E0D383E0881B33C33DE2ABD4E
:103D300073F9C03D9A439CBCC39A2CBE986D91BE4A
:103D40007936C8BE9A5777BE21A7F73D4E2BE93D7D
:103D50003A63943EF0A1583EA09C603E23A5123EDB
:103D6000D45F713EA85C233EA4CC823E142F033F57
:103D70005FDB013FF23310BDDC14CD3DD290F8BBC8
:103D80001464DCBD6584153EB969EA3EF2159C3EBB
:103D9000878603BE86737EBE6B8D56BE1B140FBE18
:103DA0008AB7A2BAC65700BE18DC293C34C62FBD5C
:103DB0008F7A36BE1A452DBEE6B3E2BD945583BD5B
:103DC0001A53193E31DA793EB4FB2E3E5B510A3E5E
:103DD0006823993DDF87323D2EE1BA3EDC0E0C3F71
:103DE0002D60AE3E8084063EFF54CFBEA04E9A3C6E
:103DF000AED949BD5D1988BDB8BAA93D40EAB33E08
:103E0000041C0B3D1F93E9BEDA740CBF592E7ABE19
:103E100022F017BE1BEC48BE6858A6BD9523B93DDD
:103E200037DB90BD143645BEECE98BBEDDA0F1BD9D
:103E3000A780693C0AA3C3BC1BBE1B3D7FA0943E68
:103E40008DB6833EFAA0503EC113423E9FA5BF3EB1
:103E5000D6B7103FBD199E3EB899E9BD63B96BBD99
:103E60007E47703D70C08EBB2DE3AA3EA6C2433F85
:103E70000E02E43EF3F87C3E9FD426BE264695BE55
:103E8000A5668FBB36DEFA3BD091383EFD73183EF7
:103E90002ADE29BE22D0C9BE125B33BEB49797BEBC
:103EA000CF6D6CBDA4A483BE68D3933CA7A8BF3ECE
:103EB000607EFD3EDB13C03E74B6023E146CAB3E2A
:103EC000609F043FF7C3483EE5D8D43ED0BBE6BC74
:103ED000D0BEBF3BE036A6BD7B99FDBD3634A33EC8
:103EE000556BAC3CFF6E433DF978DD3EFCD9843E1A
:103EF000014E3D3E6B27703EB3802C3EF40C973D47
:103F000035F83BBD1252DBBD941BFFBD683AD4BEF1
:103F100009E372BE13A1B6BD4727843DE1A18B3EE4
:103F2000E57F1E3F4F2FD93E6AC01A3FE9B80A3FCE
:103F30000BA2AF3EB7B7513E524DA9BDE27819BDB5
:103F4000F47FD1BCC6389ABDCD35173EB69550BE6C
:103F50006155DABC2799093FDD8C123FE3A7543E37
:103F6000225ABC3CAB289B3D62639E3E92308E3D04
:103F70005B03703ED3698C3EA67902BE89A4143DD2
:103F80006571173E759C313EBCDAB73E424FAD3E7F
:103F900009FA8D3E56DDD03D4F79F93EB052FF3ED5
:103FA000D30FA63E227D263EE0BD983D72C749BD97
:103FB000944C193D34C1A5BC1C1E81BC206DCB3D69
:103FC000CB04653EF80F1B3F3565A83ED73F453D06
:103FD000137898BEC55491BE010C17BE2EFFDDBDEF
:103FE000AEF520BE80A172BEDB98E5BE09F7ACBC81
:103FF000ABE7853E37A41E3D472A5FBEC62931BECA
:10400000C3DDB73DDD069EBE2B76CCBE6AD1D5BBE7
:1040100035606CBEEF1495BD3EA09BBD00C4F6BBE1
:1040200020E60B3DCC74CE3CEECA6C3D6D48893D1C
:10403000641C893C1C4300BC4983CABE9F49D8BE4E
:104040006591E7BE6B50C5BE53C534BF8E6AC9BE0D
:10405000C73CC0BE3335D4BE50C108BF779901BE3E
:10406000EF46C8BEDDCA13BF17FE0ABF5D691BBF9E
:10407000145BC7BE87F8ADBEDAFBA0BEDD09C0BECB
:10408000088BE0BCA4AFA3BC029F473D5156813DC5
:1040900080E1793A627581BD28F68D3CA5FE843DAC
:1040A0006908A6BD2296543D106B933CB8BBB1BCC9
:1040B000803A713BEA5BFEBC64BAA8BD45B5A6BDBB
:1040C0000F9E13BD2C11E7BD3E5A85BCA6A8C23C6D
:1040D00018F6773C60AEE3BB30269EBD4DF686BD3C
:1040E000A4084EBDE8F850BCD82F793CE620773DB7
:1040F0001E62483D58D205BC22691F3D1D928D3D70
:104100002DE18C3D4042783B8C85C93CBA18A9BD55
:104110003674143D5E59D3BDD69A21BE558ECEBDA0
:10412000C158E6BD3AA02EBEB12750BE6CAB89BEC9
:10413000C854EABED1265DBE480150BE9F3893BE2A
:1041400017080C3ECD97323D524583BED9EC6ABE6E
:104150009E7DAABE1D024ABE3C1E73BDAD9F08BD1A
:10416000CADA583DE0AC333B72416CBD0A5F393D61
:1041700083129FBD0E644BBDE1BFABBD55AEF13B9D
:10418000494D28BEB16232BE77CB08BE6C729BBE71
:10419000ABC7CBBD8E29AB3E12F7EA3E98F6C03EC8
:1041A0008167833ED2442C3EE1100B3E04993A3D98
:1041B0009295273E5A31003E70BC3A3E91ACBBBC52
:1041C0008C4FA53DFDF810BEB2B0C8BE41C0C23D87
:1041D0009DA3A13C6DD4033EF4A0943C9A41673D5D
:1041E00017E552BD18E8903C71FE90BCEF250A3DE2
:1041F00011EF5FBE3EDAF33DA1AC653E0578E93EC6
:104200009056333F0EEF4D3FD4A5343FBF0A053FD4
:10421000268A383FFD71373F6E85F63EE901BB3E89
:1042200031137E3EF058173EDDBE36BD2662B0BD6E
:104230005A800D3DA08418BECF9394BE851E31BE1A
:10424000CBB7B93DA4F7BC3EA4653D3E52BA123D82
:10425000F8C8573C46975EBD75EBA7BCAD2607BEB8
:104260007B7240BE89435A3E81AFD73EFE6F193FF5
:10427000B0F1173F3F4FE43E0E0FA33EE0D2CC3EDD
:104280002DADA63E5F915D3EEB26EC3DEEAB563E7E
:1042900062ACFA3D62B2C13D4544573EECD8843C25
:1042A0001F4D733CD298CBBD7B4F81BD4733263D1C
:1042B00022EEE33E0C02B53E4FFCA03EC613D5BE37
:1042C000160F50BD26AC4F3D8520C7BD797CCD3E35
:1042D0001FDCB43E2B742F3F16D0FC3E4FA77C3E14
:1042E000FBAE703E9B0D233E1AC18A3EFA98843E77
:1042F0009CFF1E3E6709063E00166C3C27B7443DF6
:1043000050F04E3E7476153E2B3E3B3E1F8D363DA3
:104310002E93CEBBCD06353E2676813EC644CF3E9B
:1043200067E4F33E2017963E4F4BC63C7740BDBE38
:10433000A2F4753DAF46B13DC4B8B1BC0C99233F62
:104340003348AA3E108B633ED89D413E6E649B3D30
:104350007083173E56FAA83EC98C813E5A5A843E55
:10436000C45B833EC2DAA33EAF1E933EB2119F3EB2
:104370007FB0AB3E29BEA33E8F98C93E39A1563EC1
:10438000F30F1D3EA0E1363D1524693EAA1CDA3D1F
:104390005634013FCFCDF83E6DA4133F3DFCC63DE2
:1043A0002620783DB1F74D3EA914223C4A43B53E44
:1043B000ACF1083BD6F980BDFEC0B43DF8EAA9BD1A
:1043C000D63A863E4804A53DF6AFDA3D8FCD293E6C
:1043D000398FAF3EA6D5D33EF32ACC3EA4085D3E2E
:1043E00047FB5E3E9CB32B3E543B183E8B62403EE7
:1043F0006B3D2B3E309A233DA3264B3D830E25BEBD
:10440000AC4B7BBE1867103F21B7773E3EFC553C56
:10441000952EB8BB38B096BD41F6F7BD00D02F3E03
:10442000D514C4BDB1689ABD2F32FDBD1F7009BE41
:10443000A02B68BD13046E3D85306E3B184C953C37
:10444000198927BEE602D2BDDFD2913E4CE95D3E1E
:10445000D5D1943D5156C93CC1BD5CBE7B331FBE16
:10446000B3DD1EBE95D434BE245C213D0322A1BE23
:104470003B9E29BF45DEC3BEF5EC663E3CA39CBC1B
:10448000B9107CBDE17C173C9C2E4C3E118DDC3D6F
:10449000A924C13CE049563EE958F1BD246203BE5F
:1044A0001D7F06BE052182BDB76794BE2A08BCBE2B
:1044B000E7DEC9BE7063DCBE52ECA0BEE74903BEB6
:1044C00092CA00BE6CB180BD5D639EBE489E06BFB1
:1044D000840C04BFC33EBEBE6235283DAF4D19BE3D
:1044E000B2A460BFED7810BFDA64B63C732CB73C61
:1044F000B71D653D9C5231BEB6CE663E769A683E8B
:10450000260C2DBE87B6A93DEA96293DB79A47BE2F
:10451000CC8960BEBDC6CABE83DFF8BEEBA7DFBED6
:10452000AE83F8BE5E7401BFD3701BBFE89AC9BEEC
:10453000F07D02BEDAA902BCC1967FBE4102CFBEA9
:10454000E07AB8BE7385B6BE3C326FBECE28D3BE0D
:104550004BAAE8BE80297A3D7065BC3E1B7D483D74
:104560007DCA423DDC024CBED949113D49F96ABEC3
:10457000D5F38DBE41E8F43CCB6145BCE27CBCBECA
:104580006B90C9BEFEAEEBBED790DFBEAC912BBE2A
:104590006D3E93BE3A31ACBE41EDD8BEB01C25BED7
:1045A000B5A16DBD18A23D3E7242303EFDC5173E1D
:1045B000F1AD9FBD8E6AC3BEBE1FBEBE3473FBBECF
:1045C00015B71ABF5412CEBE9B424ABEBC7674BE0B
:1045D00043D2463CDFDEB2BE3EF28FBEEAFD95BE60
:1045E000F4E3C6BD5B37A2BEB8B9E8BE6AAD94BEFF
:1045F0001B6378BEAD0F85BE817432BD1E6A66BD79
:104600005D424CBCE5E26CBDBD53DDBD51C788BD0C
:10461000682FDE3C1BEC333E0697B13E54539C3E64
:104620001069353E8CA338BEEA1654BEA2E702BF1D
:10463000406C20BF9C40CBBE0F0C81BE864089BE23
:10464000319A21BC66D29FBE51C7A6BE335F393EA8
:10465000092865BE5D1812BFC96017BFF71197BE64
:104660001B5284BEDAF3A7BD83B3833DB5BE07BE3C
:1046700048B1BA3889F4053EAC44DC3D5327B8BD97
:10468000C7E44ABCCF0F063EB511683E1114933EF5
:10469000BEED273E06BD0ABD5F55D2BDB20D54BE6C
:1046A000864684BE11DA89BDE9CEAD3EFF601FBEED
:1046B000446BEF3D64137BBEB0C7C1BEB095003FF5
:1046C00067294B3E0442A4BEB32D6ABE5F10A2BD53
:1046D00096D441BE314600BE60E787BD1B8154BE03
:1046E00003012DBE61FC26BE6F84933D4A36D93C42
:1046F0004B1B373C4A0C34BDC860123EBD6C043EB7
:1047000069B36CBD2B976ABEEC199ABE87FA59BE85
:104710009A008FBD58A5EABCAF3E043F2916003E63
:1047200067C1913DDCF05CBD8E0E5ABE82934A3F5C
:104730006D96423F21A30C3E79775CBCA43D06BF39
:10474000D0D9E9BE02DF83BE8F0B3FBE01F9C4BDE5
:1047500056DCACBEEAB182BE349117BE25255EBDE3
:104760009F59E43CF05915BD9584153E1E5AB33C43
:10477000840E79BD94D746BEBE09ABBEC2F551BE0C
:1047800002E77C3E02E7333E33E5E03E7D480E3EE5
:10479000A82895BDB56D083E6216BD3D13AE873F96
:1047A0007C044E3FF9AF603EFEC2C0BE3BB81EBFA8
:1047B00083031DBFCA9FA7BE181191BE4EF6EBBE64
:1047C00042F0CBBE368F9BBEF82E85BE3FAFA3BD59
:1047D0009F1A2BBE8F89CEBD6C9FA63DDA69943D92
:1047E00015B7F4BDCEF88EBD49C519BD9E7D82BDFD
:1047F000CE91853EB2C00B3F98C2C73E6BE44D3EA2
:104800006D65A73D20B9FCB96841003EA429743FFD
:10481000DBB64C3F9D89503E424234BE238AD3BE14
:104820009CF8B5BE339DF1BE3A650CBF857B20BFB9
:104830002BBA28BF2585C8BEDBDCA5BE99DE0BBE22
:10484000B45785BE3E76D1BDF2C1533CA2872EBE81
:10485000763C8BBEEC3D0BBE13BB8FBE66D844BE10
:104860002A748DBDE663243F467970BD399AA93E0E
:104870003BF6113EEDB493BC94B8D63D04FE203F08
:10488000C098033F0829A23E718EF43DB3128FBB3E
:10489000F993CEBDDF4C55BE5ED1B7BEC8D7B2BE10
:1048A0006997EFBEB051B4BE25B786BD97CE203E06
:1048B000E01ECB3DB56F9D3DFE2303BE0A881F3D24
:1048C000DC4A933C0ABA503E31C225BB633445BD35
:1048D0006F6FE23D223CC73E45C2A8BD71CADB3EB8
:1048E0005F2300BDF42AA9BDA7B3A43E8EA87B3EDA
:1048F00068E39B3EFBCEB13E9E8D023ED7CFCE3DC0
:104900008757123DFF108D3C6CCA12BD4BE35B3DD7
:104910004831093EEA03CD3ED7B6BC3EF06B903E2F
:10492000D167423EE05ABA3D1A221B3CAF8A733C23
:10493000E1A0253E3D7A323E98B447BDAD2A3BBE4C
:10494000D581E7BDDE5C133FCF3DC73E887A993EF7
:104950005F7499BD5F73AEBD427BD73E6444BD3E7C
:104960005C0BB83E10F4BF3E9864743E1AB2323EFF
:10497000C228993EF52B4E3EB162903E2537E63E69
:104980000D75AF3E2BD09F3E8CFC853E4C30603E7B
:1049900085D8923E46F53E3E034C353EFE75263E9A
:1049A00078691E3E5418253E5E9D653CD60F72BD4B
:1049B00036FD32BEE9F3413EDBF2693E696146BD38
:1049C00085533D3D1C4FD33D0A840C3FE667AC3E0A
:1049D000F23F143F2F38BF3E0BBF773E0E85733E2C
:1049E000AEFB423E40AAD63D0F3CCE3E418BC03E80
:1049F0000413C13E84E21A3EE44D863DFF790F3E2A
:104A00002B7ED63DD91D2B3BB95F263EAB5E473E84
:104A100027A6563D10E03D3DB6AEC1BCA953653E4C
:104A2000D9A8463DD8EA493E7A04B43E206A62BD20
:104A30003413733C91F0913DF413743E967A0F3F1A
:104A4000C98B563FF784913EFDF7123ECE209F3E24
:104A5000D188963EA411403E1A56223C35159D3D04
:104A600003200BBE41F032BEDBDB67BD6BCB7BBDF1
:104A70004E617DBCAE10BD3D104EB73E6638893EDE
:104A800082EA613E53C052BDE23E05BE6A54CD3E4D
:104A9000A337BC3E38A89A3D32C5EBBDFE3541BDBB
:104AA0002A918BBDE8A36DBDF8CF103E0C04123FD8
:104AB000D8A6133FA468383EFCB1413E3F6984BC90
:104AC000EF622A3DF004AABAD2D2CCBBB3F6133EB1
:104AD0005CDF51BEEE65833CDCC69EBD2A921C3D68
:104AE0006B2615BEF2DB0E3D2308CD3D7C1C6C3DD4
:104AF000A8F21C3E13B6393EB2F84E3E64ABC23E3D
:104B0000865D163FC196413E4358D53D18E4003DB1
:104B10009038FC3C90EA903CA32D98BDF8A4AA3EA6
:104B20009F899E3EE15E413D773C593DF3ABC93DD7
:104B3000C207203D7EE7103E3168723DCF7F213EA7
:104B4000B9BDFCBDE9D263BD9FAD873D7FBBE8BD6C
:104B50004B379DBD0DC2513ED403DFBDCCBFC4BD9C
:104B60007979873ED0EF073F0FB8E33E7F0B7A3E5F
:104B70001742E93E9A75A23E7F46C03DF214513D70
:104B8000E4CADC3CC39435BD00ED9C3DF30EA8BEE9
:104B9000D931CCBDC7FDBE3EDD72043F53C8DE3EF9
:104BA000DA85053F5B9F243F444D003FDBDBF53E4C
:104BB000E95AA33E54456B3EC924B1BD15DD6CBC1A
:104BC000E9D09B3EEC634D3EC9DA843D58C8A53E12
:104BD00082BCC03E558FFD3E679F323EF1CA8C3E7F
:104BE00024C8A53DD492393ED0802C389E2B7A3DE6
:104BF000008428BB704D023DC950903D4C8A073C53
:104C0000DA37153ED3B0C53EE059BC3E9914283E74
:104C1000D4A1F73D7A35A83D818FC33EE6085C3EBE
:104C20007E669B3E960CE93E6659FE3E913FA83E4D
:104C3000F1C18E3E55D1853E65A3883E50D9843E54
:104C40000041173F0BF8323F653D043F0B2E373EC6
:104C5000D79B8CBCD27388BC37A1A9BDB64CD5BC40
:104C6000C1818B3D06D3613DF059CA3C43B98E3DAD
:104C70000810C73B5C09B5BDA93BAEBD6624933D9A
:104C800066ABC8BDD1128CBDA44D60BD1F5062BDC6
:104C90003FB6F9BDD5C8EF3D49109E3E527609BDDD
:104CA0005636EEBDEBDE2BBEF7B4FABD9AF768BE02
:104CB000D2B1F5BD74FA84BD0A3DAEBC637067BD68
:104CC00019099D3D4011863B51E816BD26C416BD0D
:104CD000DAD8433DB8EA90BD6A0BF1BCF03C3CBC6D
:104CE000DD1F2FBD00FC6C3B1075AB3C202A0D3B3B
:104CF000C8E318BCB07EF7BC304ED63CE1968A3D86
:104D000059F3FC3D07D5EB3D6DE0FB3ABA69903DA8
:104D10002CF6C83CB891C73C00EEC239B5B035BDE1
:104D2000C03467BD400D373BCE2B5E3D71F83FBDB3
:104D300067D496BDABE89B3DBA028ABD7F4EAA3DC3
:104D4000171AA23D33BA7ABDE0E511BC49799BBD83
:104D50009E4A323D83CC873D3AFD0E3ED3F6343E2B
:104D60006B79B83D2EF8493E45C8B43EC106B53E04
:104D7000CB3FBE3E242ACB3E9927C63EED1FEC3EDC
:104D800002AE0D3FEDBD033F708FE33EF794B93E99
:104D90007CD7DA3EABE89C3E5433853E3F66973E77
:104DA0002F2FA93D8EBE163D4E24133DEAC73E3D32
:104DB000E698F1BCDE74193DF2FD27BC8C8144BC41
:104DC00011E3DC3D63581DBCBED1AA3E21FBF43E7D
:104DD000696E053F0C57E23E09AF033F7852273F0B
:104DE00071F14D3E74A71A3E793808BEAE00143DED
:104DF000F3D0A43EC489033FDAF9283FCA7CAA3E17
:104E00003A1B883EFCC386BD244E1BBE3A5DDD3E88
:104E1000799F303E7AE9123E207F0FBBCAA8033D3E
:104E2000407367BDB195A1BD72D3AB3D7F534A3D81
:104E3000C614F63DC68C22BDEBAC21BE7D3D0ABE3C
:104E40003EED5F3EDEFAC23EFD9BF33E81838D3E2A
:104E5000779EEB3E21B49D3EDF0C253E23496D3EFF
:104E6000CEA3E83E19C1CA3E10D0093FC845113D46
:104E7000A9C5A63C177A8BBDD5A254BE2AFB37BE66
:104E80008C0BF1BDCD652DBE048714BE287476BC95
:104E90006ADC4D3D30D9A83D4FA90A3EF4B6063E26
:104EA00044A433BD0A2AA73D9A98FD3D4C4BE73DEB
:104EB000B666EC3E4468383ED0F77D3E3C44343E16
:104EC000947CB43DEB75EEBC4EF60BBE2306843EDF
:104ED000B056C93E6DF4263E9257873D0E63C93CDD
:104EE00027AFF0BDCD90A3BEE3A8F1BEA08C85BED8
:104EF000B8CD083ECAFB853E4769E93E27AD2A3E4C
:104F0000A266663DCEF10A3D9819133E16E0843E36
:104F1000667928BECC38C2BD6000D73D6298A73EF6
:104F2000AEA52CBEF42D8CBDCAC422BE0F69E7BD50
:104F3000B5DE74BE78EC70BE1C4F2CBE2EF1AEBD3B
:104F400075DF513E4DCD053E3882DB3D93C3D93EE2
:104F500062797E3E5E7B323E2A59393E1164AB3D1A
:104F60002403A43EF242A03E29C8E93E0783553EF1
:104F700098530C3C0A30AB3E4360CE3CD3D8BF3C88
:104F80005EBCE2BD6545D6BD45B9333C6610433EC7
:104F900022400A3E5AB79F3D41F77F3D0FB5F63B91
:104FA00052C59E3C94D0AE3CEA7CFDBDA416FE3DAD
:104FB00071A0733D4531833D696D303EC382B23E81
:104FC000C8178F3EEDCE623E35B6073EDE78D23E44
:104FD00038D92A3FF7E1E23EEF3BA33E8B13963EE2
:104FE0000128B6BB07D9E13E6CD2C9BD110BBF3D4C
:104FF0009CF876BCC72EAEBDEC3613BEDCF10DBD01
:105000003177AB3D80FD003D3890153E4D96DD3D3E
:10501000538F9A3DDAE7AB3D82420F3E5F55473CE6
:105020008835E93DEADC133DECFB703E0F8A353EE6
:105030007B83E53DD6F95C3E23615F3EEA84043E16
:10504000EC900B3F7E7DF53EE4E95F3E5AFCC83EA6
:10505000369ED03BC40E1A3EF3C6083E5635A23EDD
:105060000D5F5B3D673F8ABE722808BEE551C9BC33
:1050700052E4E8BD4482AABDA6F1483E15F5473E7C
:105080001A3ABA3E50E5403E29EACA3CD54CCFBC5C
:1050900027C0093EFE24903EFC2B0F3EBCF5793E16
:1050A0003989603EBED9A53D03E8AD3EC7BD8F3E00
:1050B0007B8DF63E64608A3ED32A893E9836793EDF
:1050C0000F85B73C97551EBECF70263EC740923E17
:1050D000216802BDA62653BE437CB8BD953DD33C96
:1050E000127AB3BC3FB0303D8235563D2E737DBA47
:1050F00074D73FBB48E92ABE7387B4BD215A8FBE1F
:105100008408053E85DDCD3D3C03EB3AF2F0CE3D13
:10511000C5F7CD3D35F28D3DAE0CDF3E635FCA3E37
:105120004F03CA3E559F573FC994283FAAFE873E6A
:10513000243C46BD5B438FBDDDC605BD7FDF393EE8
:10514000C37699BDA9C465BED6AAF5BCDBCC19BE91
:10515000C922C8BDA1E767BEE1F957BD416985BE57
:105160007609DCBE9B707FBEE434DCBD09B8AEBE00
:10517000E6266DBE3B523CBE4C6711BD8E7E523B57
:105180004197993D21AC223D267DE63D5367053F81
:1051900014722C3FC55E003F58BD3A3FA4748C3E4C
:1051A0009C039D3D5340DD3D2AFDBABBFE84863EF7
:1051B000746E523E176597BDBE7713BEE4517EBE36
:1051C00023788BBEFF6960BE66ED6DBEB2410BBF3A
:1051D000CFD626BF3D2E193D87C3BE3CA9950CBF37
:1051E000F5FD1DBF436E0BBFD57CB2BEBA3A8CBE77
:1051F000CE9C8CBEA7FEB9BE85712FBE05296C3E24
:10520000DBB66B3FFFA1573FCEDC773FBC59C53EB5
:105210003ECD30BCC400303D8111AFBECF5BFFBC82
:105220002B36BA3A5D85963DD5332FBEB90776BD8C
:1052300058929BBE9CFE2EBE131F8EBECF64FABE3C
:105240000BF67ABEDAD5993E6F70963E9AA559BE96
:10525000B2960EBF4A79E0BED94AA0BE4A9BCFBEE5
:105260006886BDBEEC04C3BE4FF71EBF2A1822BE1F
:10527000DAAF423F96D2823F9958333F2D9AB73EDC
:10528000D7E1323C9A4FFBBD757D35BE58EF993D55
:10529000B97472BE3CE81FBE0E60073B099C19BE84
:1052A000C1EF64BE2F57C0BDC689A6BE959594BEFA
:1052B000CD584C3E575B083FA27BD83E899DB1BD7F
:1052C0004B9E8EBEC81159BE0E4171BE70D954BEE0
:1052D000AA63CEBEAC0A1CBFB4DA18BF7B0A93BD6A
:1052E0000DC00C3F1027CB3E8C82973E097D7B3E44
:1052F000494BB23E587D763D6A31AC3E981D24BE86
:10530000B9F446BED87832BEB807D1BDDB1E41BE67
:105310009F3A46BE792718BE350149BE6A31F3BDB2
:105320005546953EB1130A3F10F99F3ECF5992BBA7
:10533000EB251FBE467C06BED7E436BEEE7085BEAA
:10534000FCF9C9BECEEE49BF35B447BF521CA53CDF
:105350001846083FC685F43E2F0E293F2116673EAA
:1053600041EB9A3ED800743E35BA253F0ED62ABE90
:10537000971325BD51C78C3D7A8EB23D215744BE4F
:10538000908A11BEC9C7BEBD8F2281BE7C6F15BE7B
:10539000B858733EA43C183FF0320D3FE92565BE76
:1053A0000D8618BE6AE429BE013DA9BD8BD953BE46
:1053B00003ABF7BE942E4DBF87272CBF81FF2D3E38
:1053C0006332103FAFD4D03E3EADEFBDB6C43E3EDB
:1053D00040AA393CA7A5A23E4F05053F4309993E87
:1053E00023FC303E084C4E3EC7F5E93C6DD94CBE1F
:1053F0009609D4BD10106B3BAFFD683B34F2543EB0
:10540000D08E053F70B6333F6E50873E565B67BE09
:1054100002F11FBEA8874BBE5F1680BEF98396BE01
:1054200030E416BFD2C6E3BE17A536BE4CB3103F5C
:105430000A7F173F3B4E5D3E5F875FBCCCEF813EEE
:105440006789903D340FD73EB9B0573E4FF11D3FAD
:1054500016796C3E1223683DBE30C03D19F48BBDF9
:1054600088DB18BEC33C103B8BEB843D525BBB3EDC
:1054700062D8BA3E6B89BF3EC2D547BECD3ED3BED1
:10548000532027BDD3172BBE6E9BE8BE67AD09BE68
:105490008806B1BEB7B562BDB437EB3EB9D0223F86
:1054A000810BE93E33930F3E7162103EADFC963E98
:1054B00031B5553C573D823EA2D581BD67E5263FBB
:1054C0006C08873ADDF9903DC08175BDEBFC93BC5B
:1054D000CCD5F7BD46E9023C3AA1193E8278B63EEA
:1054E0002ED3EE3E7995433EE23CDABE122D66BEE7
:1054F0009C604ABDFB45BABD247878BE73FD69BE89
:10550000E073F0372264333D24D6EA3E9444083FEA
:105510003372093F1374F13EABF9C23D4ABA00BE83
:1055200043F33D3D29D527BE9ED24CBE675BDABD15
:105530009BED64BD2F2D98BA411DA53DB1CD473AD5
:105540000ED1D83DE931903CACAB213EEDCE613D72
:10555000E1D7753ECAB4743D44F420BE1DE25A3D05
:10556000571C7C3D71DD3E3E82E4103E35BA0A3E5A
:105570000CC2AF3E686FF63E0E272F3F2DCC0F3F7B
:105580000046C63EFBA2D43E6DF28DBD5E966CBD5C
:105590009F8D963D9D67C0BDC3E70CBE009AC23D7E
:1055A0009D0C86BE1FBB5DBE928FE63D411CEF3E4B
:1055B000142B5C3E59AA2B3E12BB283EE925F7BBB3
:1055C0005E32BABCB6F8923DFAA58F3D7587873E2C
:1055D000BD92D13DA45E3B3E6E3E4C3EDDB43E3EB0
:1055E00078BDF83E1BD41A3FB629123FF6ABDA3E1F
:1055F000BAE88F3CE526293ED369E4BD1B989F3D60
:10560000208509BDBC5C14BD707182BCAC94333E76
:1056100092941FBEB1C22CBEB2DD8D3D89CEAB3E91
:1056200096C8003DFBAFF13B8096953DB036B5BCCA
:10563000397EC4BBBD938A3E3AD1B03ED2654E3E60
:10564000F89BC23D1D41B53EA885513E6460AB3E0E
:10565000E740BD3E8B0DA13E62E2803E2A345D3EB6
:10566000129EB2BD7A49C53E65FB2C3E10A358BDC3
:105670005939A73DBC022F3D5BF22BBE6650F73C6B
:10568000235B783E0891863E1C137D3E59B1ED3D6B
:10569000C379C03CA780AB3D75BC22BEE1AD20BE46
:1056A0004F0ABC3D14B4453EF947B83D8716263D28
:1056B000652BF93D377D8C3E49D2AE3EE6EABE3ED3
:1056C000BBDC7A3E4509823EBB9A4C3DF49546BB15
:1056D00081A735BE190D5C3E9468D03E9B816A3D22
:1056E000B37C8F3D58D13EBCE206DE3EBD57E73E5F
:1056F0005E4D143F955EFB3EAA40E03DD7F931BEBA
:10570000A3A040BE994E2FBD113CB93C5F206A3E1C
:10571000D7A3C83DF5B91B3E23CDA1BB23AAF73DB6
:1057200046834F3E5FAA3E3EA540A33E790FA83D6B
:1057300039CB0B3E18AA33BDFEB4253EA9A9D53DF1
:10574000A38075BE08133F3EFA53A73E9006763CF1
:1057500045DEA5BDA6E80B3DE713033EA923C33EE6
:1057600076DA6B3E7BBE1E3E70BBA13D8B9520BDA5
:105770002313A0BD1DD4853C85620B3EEF9C873E64
:10578000B75E9F3E90D4273E9FB0373E6B04DE3D10
:105790005F97B93DB91C183E7B3FD93D5FECB1BD69
:1057A000325B26BE59CD1ABE773E3FBE45568BBEF4
:1057B0003EB35B3D4D3E893B0F803B3E54548FBC16
:1057C000EEE436BD22F7043D5E963ABE5C25E1BDAF
:1057D000472B673C51A27DBED639EBBD1F1B21BEB6
:1057E000936936BD7DCBFA3D2AE12B3CB2EFA13D5A
:1057F0008D2E733E8C09EA3CF55929BE2F3BEA3CBD
:105800005207483D2ED7FCBCFFCC95BD1B00623E25
:10581000F8134B3DFAB75ABE4A9F2F3C20D5263E7F
:1058200034CDB63EF56CAABD4717F93D10F7BEBCA6
:105830009409F33C883AC6BCA43594BDEC415CBEE7
:1058400019C1D5BE91F400BF2B6C04BF036606BF1F
:10585000BFC8F1BE73B1D6BE89BF26BEDD766C3E31
:10586000DC76D8BD0BB3033D866F42BEC4619FBDDD
:10587000F970063EBEA1DF3D31C0683D9C92413EBD
:1058800032540FBEE190BDBEBE7770BE9D8ED3BCBC
:10589000AC03B3BC7185983DFE85143D8E08523D26
:1058A000C071D23A901B293C346393BC30AE123D98
:1058B0000FD8633D489BE63D7B57A9BDBA2942BE40
:1058C000AE4555BE1BA1DEBDBCD45A3EFC21BDBDBC
:1058D000B73236BE27F95DBEAB5EF1BE9365EDBD56
:1058E000E69C763DC3CE74BE270101BFEE9EAEBEE0
:1058F000C7A388BE4C2BDDBEFA2CBBBEE43F083EDE
:10590000B0FC1CBCDAC1DCBC50B9A1BBEB22933D9E
:105910002F8CA53D7CD4AFBCE2A791BD830CA13DEB
:10592000FCB4AABC8F78A13D66682C3D48815A3CE6
:10593000C40FA2BDEEA8023DEE8E303D3068F03BB4
:1059400091E9A7BC839E95BD1A0198BD99C88C3D6D
:10595000AE53023DFC6014BD5EF776BDAF34A43D8E
:10596000F0E684BD4CC3983CFB999F3D50FB2B3C1B
:105970007071083CBD4BA73D6072A63B36B579BD42
:105980002E5ED1BC1A5D8FBD86914F3D166959BD03
:1059900085DEC5BCF2EBBDBCE86E893B4435DBBCA3
:1059A0009CC4453C98314ABD71B887BDFF64FF3D3A
:1059B0009B89303E48A7153E7D2F8E3E5E8D033F6E
:1059C000568A813ECAE6613E7E2B1DBDFE9BDEBD32
:1059D000259892BAF3B0013D1135A33D8BC7FFBAAC
:1059E00086397D3D2D969C3D1220343DD8E1663CA4
:1059F000DA62413D9D2F973D53417B3CE5BF973E89
:105A0000D8B64D3E6A398FBD83AD50BED70CC0BDF0
:105A10000901D5BEBFA105BFF06516BF6345FEBE37
:105A20000AB79FBD1F6EED3D8A01CDBEA2A5003D08
:105A3000C399B33E8F4A623ECE334F3EEF62703E13
:105A40001AA162BDF70C17BE8BE511BEBFEB7CBD82
:105A50005C78B9BE0A2495BE36946F3D40FE6F3B1C
:105A60004335A7BD61CDABBD7239D0BD2A61983E2B
:105A7000A24454BCFA43143E5B9EF83CFA5C803D61
:105A8000CC4FAEBD3EFCB7BE57BA9ABEDE277BBE3A
:105A9000DC8FF7BD40DAF5BCF887BBBC243B093E80
:105AA00013AC3E3E117DA73E516D763E647B49BEF0
:105AB00041D84ABEC01403BE716159BDFBA3773DF6
:105AC0000042863DE415C03DA4B4A0BE8207443D1B
:105AD00070957E3C6EF1D4BCEAFEF23B4383BA3E45
:105AE000579B0D3E0B7123BE25C998BE94A7C6BE19
:105AF000C6C7E8BEE1CE04BFFB600ABFA805CCBDA7
:105B0000845641BE69CF9BBD1F8ED9BC633B06BB8B
:105B100034C5F03B674713BD32166EBDBCBFE2BD56
:105B200032A26BBEBF600BBD95037A3DAEE98A3CE5
:105B3000C64CEB3B13949CBCE0405D3E69E9BBBDA9
:105B40005443A73CF6E5B9BC6C7A09BED81326BE0F
:105B5000A09FF7BE46C7BFBD2F2400BFF352CBBEE8
:105B60001676A2BE649F0FBD64F087BDA660F33DAC
:105B7000D04E063D7202403E1C88BF3C0A1901BB54
:105B8000EB2271BD1A8F1FBE8B226BBECA0BF53C78
:105B900048CAB5BDD30AFC3C2E0F563EA20FE6BD47
:105BA000449DE3BD44879ABDC66AE4BD51C90EBE9B
:105BB0001EA889BD0B5BF0BD3A60533EC54F5CBE6D
:105BC000A25308BF09A44BBE100D71BE25FA253D96
:105BD0002D0C7C3DDF0F323D98D0933EF32F013FDB
:105BE000E891FA3EA2F9903E73BE373E35A8F83DE3
:105BF00024D56F3EA7E15B3E2A36B93E054A823E78
:105C00001F2AA63E91E12D3EEA3E303E30A4993D4A
:105C1000C0CD013D5FF23EBDA72BAFBD21B78ABE0F
:105C2000271268BC2FA18ABE2B722EBD2C975BBE9B
:105C30009400DBBEE990C3BDDD26DF3BF0A21E3D34
:105C40001B26183ED229703EA047D23ED70D593EA2
:105C50002BF0A63E3B12FF3D356BF83D08C7A33C39
:105C60009B89CA3D02B5073EF0FBA63E32719B3EC2
:105C7000C576013DD366DBBC8585043E91568D3EDD
:105C80006C76413D61FEA53DF61855BEC3B5EBBD32
:105C900025463C3DF073E73C77AF2D3C224673BD73
:105CA0003F0C98BD4C910ABDA593C63C73C9803E7C
:105CB00098ED763EDE00A53DACB80B3E7A0D523E27
:105CC0003035993E9C7452BD9AEA1DBCF2F92DBD47
:105CD00097136A3E58C7073EF57E9B3E0CAC153EB7
:105CE000DC3E943DB593443E1C6A873E7CF7AD3E56
:105CF000B3C7B33EDEF58C3E10E1483E115CE83D93
:105D00009A7CBD3C2D5C0F3EEC43433E34B2633E77
:105D1000ED1B993D9E481A3D5778D03E4310313EC9
:105D2000C9B1F83D625F803EBFBDFD3E53E8EA3E2B
:105D30002694A73EC76A0F3D93FEF4BC3F66A4BD00
:105D4000E646893E7880A23EDFAF2F3E83CB453EBC
:105D500096EB4C3D87D0893C29F59D3E1C0C053FB8
:105D6000AA9F033F6A10083F939A783E82DB7F3EEA
:105D7000750476BD8E63DC3D8218F53E34755E3D5C
:105D8000616B2B3E2AF0BFBDEED07B3E6C632F3E95
:105D900008B7D43D3A8F9E3E3600083F2CB1D13E25
:105DA00055AD4F3E0058413E0D39493EE6B0503E9C
:105DB0004C478D3E4B17533E7719513DB33E8D3CBA
:105DC0007E4B853DDF6A893E809E953EF416113FED
:105DD000F882FE3E5232483E00A6573E0D55863EA2
:105DE000D65D963C36D1FABBD2F8F03E829897BD8C
:105DF000AE72C73E3C48CEBAEB2AA33EF2133F3EFA
:105E0000764A9D3DCB398B3E7586BE3E00F7DE3E21
:105E10009C39823E56C1133EEDFB233EBE19C13E66
:105E20002422803D1C55AD3E1560D73DCB182BBEBE
:105E3000090ACD3D4CDF973EE6AF973EE6DFD63E02
:105E4000D970093F293F183DB119E03E5512C53EB2
:105E50008F5D853BB015933D6A008F3EB39F3A3E00
:105E6000A2D9103FD69EF63DAA38753E7FAF21BC21
:105E700064BBA5BC02AACD3D6142FB3D3237553D16
:105E8000AA7484BD2B4923BE463CA83E8988A03E07
:105E90008BD1213EDBAB543E6AA63B3EBCF6F93DBE
:105EA000EADB463ED86AB93DBF81493CB7AC513EBA
:105EB0007BF73CBC132324BD5BE8EB3E0C3FBB3EB1
:105EC000585B643A388DA53D5E211D3E1EE0C23E02
:105ED000129AD63E5F7099BC84015ABDE0A69FBD60
:105EE000BAFED0BD544ACEBD993C3ABE349263BE90
:105EF00076A195BE9C9DC4BD493B653E4F246DBDBA
:105F0000AF66323D6AA676BCF169E3BCB176223D4C
:105F10000BB7523E06B200BE1C2693BDB3CB2CBEBF
:105F2000512F98BDF521643D02F98F3D357C8FBE20
:105F30001CFA513C5506063E052B753E132FE6BD57
:105F400007B4D4BDA57C55BE5A394ABE366191BE50
:105F5000F5DC78BE9CDD96BEFBBD12BE2D069FBE55
:105F6000E399A7BE8D9C28BDD28FDB3B2E2682BD38
:105F70008B9657BE9A4348BE19DE2DBDACC6C6BB34
:105F8000ABAA853E66B3993DDD990FBD896FC53DCE
:105F90008AA8543DB269B6BE8DD1FFBE8EEC8ABED2
:105FA00059C976BDF435AD3E5802C9BEED8015BF66
:105FB00081BE4CBE254750BEB8CC5ABEAD2AA0BE4D
:105FC0005ADC29BE3F928DBEA2F423BE17E568BEFF
:105FD000B82296BE303EF0BDCD9D9DBD4E266DBE15
:105FE0003ECEA8BE9F8447BE5055CBB993B5343A38
:105FF0008E22213E30C571B73F62D6BD3420CDBC64
:106000009F49EE3D66959EBEA03A1FBFD2535BBE30
:10601000FFC6E4BB51754B3EFB00483E111C56BE0B
:10602000293873BC04522CBE7468C6BD4888B0BE03
:10603000F31C9FBE03426DBEBE154BBDC02653BEB2
:106040002243A6BD76E0973C97BAD7BD6A20C1BE71
:106050002ECBFFBEF18ED4BECF2A15BEABD488BDE9
:10606000BBBB2DBE5878F7BE152199BE3315BDBEFA
:106070007CE360BEA8EC20BFB48649BF2F639C3D83
:10608000F960A63D9598393EC0526CBEAF2C1A3DC2
:10609000CD7E3EBEDFDB1CBE267D24BE50F4E9BBB8
:1060A000066D80BE84F96DBDE431043D2241A43DFE
:1060B0002D62813EE376073EEDC195BD9E9B51BEAC
:1060C000ADD4AEBE0805C5BE48FFB8BEBAA01BBE63
:1060D0005EDCADBE474CF4BEC311A7BE129BB4BE7E
:1060E000E9A0D33C4B956BBE789DA03D5E1E8D3ED6
:1060F00099E8823DF182343DB8E80FBD263851BEA3
:106100000BCC77BEFA8456BEC4A70EBE650352BE42
:10611000F7EA09BEB568AF3D9D1E883E80D5DC3EDE
:10612000E7C3283D2CE94D3DD1761CBE957C92BE3F
:106130008D30E6BEF7DCA0BE2B6E85BE25C18F3B41
:10614000F0ED6ABE9F0CE0BE1CBF32BE8AACA1BEA1
:1061500085F159BE1E076ABE6B6C813D232AE3BEE2
:10616000F8A3563C20C2A43E4401AE3E18BFB9BEBF
:10617000CA036DBE12C501BE1C157EBD8DEA50BEA0
:10618000F58E523CC206E43CAF61123E11554E3EC4
:106190000D00C83EF09DD93EA907B33DE8978EBEDD
:1061A0009643EEBEE6D97FBE69FF4CBE85F5003E44
:1061B000A411443DB882A8BDBC52F5BC4DF79E3D2C
:1061C0008CAD313E3627DE3C651EF8BE870CBFBE67
:1061D0009EA79FBD36B24E3E66EC1A3D61BBA7BE80
:1061E0003DA7B3BD8BE8383D88B8083EBE1F01BE51
:1061F0006A56403EF42D833D4E45E23DF5FE123E8B
:106200002DCB673E515EA83EB2DA3E3D54D35EBE12
:106210007AD992BE5FF18DBE77580FBE3384053EAA
:106220009A1A9CBDE75A30BE3D7F393E7A2FD43E44
:10623000EB70D43E8816C93E2774E3BEF4B39A3B94
:1062400082CE67BD1E614ABE62D8FEBD245B04BF1C
:106250009E904ABDA233953D81AF413ED7C8293EAD
:106260005CE6853DA0FCBF3DBE37103E0E284D3D8F
:106270002564913D53997D3D2ABBFE3D30709F3C86
:1062800094E61EBD9A410EBE2C6383BC2F6C9FBD4D
:106290002FFF9F3CDD0104BDDD13D4BB65E3343E1D
:1062A0005B5A0A3F0986C43EB980033E07D9723D56
:1062B0006C3123BB967D8BBDD11D013D5F5F07BF58
:1062C000AE57353D2EBFE13D4F51C93E89E6243ED4
:1062D0007373F83D25E3B23B527019BE5ED422BD04
:1062E0008C59D53DC7392B3D3232883E3B4F883DD6
:1062F0004576513E1B55413EA6CD073EE0F7393D60
:10630000C8A7193E26CCFBBD4C8A9FBDEDF2D73EF7
:106310007393DF3E5D0BAC3E3974813E461012BC78
:10632000DF1E38BD3AF5D3BC414434BECFFCAEBE0F
:106330001B6395BE01CDEE3D3BDD823EB038EC3CAB
:10634000BCCE293D960854BDA406B53BAD64D13CF6
:106350009A842B3E7E138D3E91D4933E7739153E21
:106360001D47A53E8006A13E88B9143E72D4733CF9
:1063700001FE633D18EB76BE01EE723EFE7C0B3FE4
:1063800071510F3F9A95873E6581053E5D7B873D44
:1063900060D5FBBB1456BFBCA3ECB43B9044373E66
:1063A00052A1443EFB75B63E4A4F743EDD37123D66
:1063B0009FFBB83DEAA8E73E068D173F8948C43EDB
:1063C000C7440E3F6C4C0B3F0853803E113C523E7D
:1063D000CBD46CBDFBC69D3EADFA3B3EACD362BD9B
:1063E00047660F3ED6C013BDFCA4993E2133C53E7F
:1063F0005FAD273EE3EECBBDD95E82BEA5F865BD9D
:10640000BCC9DF3CD71211BDC070BB3DE3DAF03C24
:106410003682DA3DA237AF3E4843D83DAB1A013E43
:10642000C1FFFB3E18AF423F7C8B2C3F952B813E3A
:10643000C0B1103FC5EEE53EA3B1C03DFA8EC5BC6C
:106440001A564F3EC82ABD3E21FCBC3ECF28C23E54
:1064500014517A3EAB42F73E2FD50F3F3AD3E43E7C
:10646000C033073F5DA28DBD767C2FBED0A2FD3C20
:1064700060C29DBDAA1362BD04F087BCFFA9E5BC44
:10648000FD3D1C3ED194C93E39019B3ECA31EE3ED2
:1064900099C7E33E9F10CB3EF884253F506DAC3E3C
:1064A000381A053FC012183F369F463FC2AD783EAE
:1064B000B65FFB3E33412C3F18046C3F2A441C3F1F
:1064C000FBB6623FD019413FB256223F52D8873EB9
:1064D0006F62A33E5128A9BCF56F58BDCEA36DBD18
:1064E000819214BD54AC91BC3C6F4DBDE03F11BBDB
:1064F00093C3F53C7AA929BDFD67893EA6569E3E09
:1065000012768A3E4B968A3E45A5ED3E2BA1A83ECB
:106510000A6AF83E81BEEA3ECE91183FBC35F53E90
:106520008A79F13E178CDB3E1133F63EAB4BCF3E02
:10653000DA38213EC4225B3E6037993E0EA4173EF6
:10654000A8F6E03CE77DA5BD5A8F31BDF4AFD2BCC3
:10655000D1719EBDA06B333C90969A3C800A2B3C37
:10656000B2A487BDA0A3E63CBEFE313D7D9116BD21
:10657000E60B4E3DE063343B500F28BCBAA00BBD88
:10658000713226BDF08217BDA89A303DA94C67BD77
:10659000EF2042BDA8830D3DF57390BDCAF72D3D98
:1065A0006A9C793DE10DABBDA073E3BC9E7A99BDB9
:1065B000AC1BD5BC5EAB2E3DD91A57BD230889BD97
:1065C000404BD73C30F5803CC640293D3AA091BDB8
:1065D0003A74593D210DC23C525DA1BE7B0FB7BE3E
:1065E000B08D54BE641384BE5D422EBEA4C33DBEB6
:1065F0009E257BBE621DA5BE0432803EC1F8F13CE3
:106600005692A5BE02B185BEFCA56BBE4C24A9BEA8
:10661000EDD1C5BE2F3E13BE5EEA81BEFE1C5EBE3E
:10662000000F8BBCE8B47EBCAA48743D4DB7913DC9
:10663000D65731BDF9B071BDC2C2173CD7A154BE07
:106640009364A5BD6CB30D3BFBEA3EBE3D35A3BED6
:1066500065ED9DBEACE68DBD1A0AB3BD1826B4BC6F
:106660006F59BD3ED205143FA2AA0A3FB4C5DB3E16
:10667000CB7B693C7AC5EFBEA46326BFF69D00BF05
:10668000D5BBAEBE5687F4BD5416C6BD67D018BF85
:10669000CA7C94BDADA5A53DFE21A3BD0EFB743DF6
:1066A000864790BD52E681BD6A3197BD93D014BE36
:1066B000D2C706BD0682C2BD8E3BD2BD9DFE323D15
:1066C0007BF2363E1A7335BD6A1CE93D937FD43D9B
:1066D000F5097F3E6D9D653EEBAC623EFEE7333EC5
:1066E000FFEA273ED829903EED14ACBC86B08BBEA5
:1066F0001AD79EBD97F511BE9E034ABE91D985BD9E
:10670000F0AD00BF7413ECBE480694BE78357CBC77
:106710005F9226BD7357FFBCA988953E2AC6263EC8
:1067200025AC6F3E8672E73E0ECF033E797C863EF7
:106730000658123F2BAA4D3F1BAB253F25126C3E3E
:10674000ADD7B33E9F44E33E09A1A23EBC5E853E69
:10675000FB16F73E96D0583E915F833DBAFC713DE3
:106760009FE1F23DA8DF19BD9D465CBEDC9A7FBE6D
:106770002FA08FBEAABAC7BE4957BABE7437383EDB
:10678000E61DBABC71BC55BDA4F3D93D07D3CB3EC1
:10679000E36A3B3D8505183EB683513EF7E1FC3D7B
:1067A00042179E3D90E9733D6169B83C1C5074BE30
:1067B0009C720ABA861203BED0F93ABD4BAB0B3DB0
:1067C000E6C4FA3BAC9DA8BDAD469ABD637FF03CE4
:1067D000BC87543D5268013DD1F4CCBDEAB461BEE2
:1067E0004E9092BD26C13ABE5E1C44BEE66A3ABED9
:1067F000DC90A33CDD682A3EFC961BBEA5AF573E4D
:10680000BAD2893DF5D21E3EDBB0E53D0314AEBDE4
:10681000B9E04CBEC74804BE47257CBEBD9E7FBEC6
:106820001EEBB8BE0E09BABE4C24BCBEDD177CBE42
:10683000AEBBC9BE582312BF614000BFC54DA4BE48
:10684000388C3FBEBC900BBE955F713DCC1AC63CE8
:1068500051059FBE1F4E09BFF2E7C7BEB407243DD6
:106860006CDD573D9A44813EDE1BC1BE2A85653EE4
:106870002569053FAD119D3E60EA143DBA84763D21
:10688000441841BE993F9BBE5F9F9ABEFD1AA9BEA8
:106890002F13A4BE0A69A2BE03BBA8BE57D5BCBEB7
:1068A0007FB5FEBE4A24C9BEE178A2BEA4BE9CBE8E
:1068B000F5001ABE91F94EBEEF695E3D93177F3D1C
:1068C0000098D13C3C9D4ABE17F63CBB5BA39CBDE7
:1068D000D9F98BBD15590EBE77A49F3C4788BE3EA3
:1068E00058D5E93E690EAEBC4B838E3CAAB82ABC93
:1068F0008C898ABEB1E03DBE4CCD30BEACBE60BE20
:10690000F1F3DCBD6F20B0BD0B6BBBBE4CDE86BEB1
:1069100044AC93BE5D2EBABD3ABB52BE18AA41BE6E
:106920002FC725BE9811B9BDA252093D7E9A51BB11
:1069300036C70A3E85E0B73D596D993ED2444EBDFB
:106940003DFD2F3D926F69BE49F99A3D191CEDBD81
:106950006E18443E54449B3DBF2D2FBDCCBC2FBE72
:1069600031145CBEC0D689BE9B77A0BE30C64FBE78
:106970006F1C87BE043CF7BD012FB8BE392D24BE65
:10698000AB37283E35E5BB3DAA91D7BDA38BB93DBA
:1069900054F00C3E5261DC3E9531233E2694903EED
:1069A0008C60973D0443123EE8CAB43E971C91BEEA
:1069B000255F223C1B622ABE7A3851BE44D79CBD5B
:1069C0004229AD3D36D7BEBDF5DF6CBE51363BBE6C
:1069D000508A76BE93940DBE68F2213D4E0E8DBD59
:1069E0005F0386BD578FE4BD579083BEF9279A3D5C
:1069F0007894903EBDA8D33E3456A03E5A36B03E61
:106A0000913A883E6240923E32BFC63E8B05833E3D
:106A1000AEC74C3EE924B73E0D38DCBD4EF432BE65
:106A2000442838BD0C3FDFBD660BDFBEBD928E3EF5
:106A30005A8E0BBD62E365BE32A424BE4A8D4ABEA7
:106A400090CA2BBEA442FE3D6E44863E3074543E36
:106A50009D32883E25B9A0BC483AEE3D581B7E3E8B
:106A6000AE41023EC55B7EBDFEC270BDF8C2203E97
:106A70003035333EBB54123E20289F3E8F915F3EFF
:106A8000EAC7323E3F24FD3E74BE39BC4B4F09BDC0
:106A90008F68723C375BF5BDAF1DEABE1E4CB53D3D
:106AA0008AF669BEA1284FBE15A70DBE06DD703C53
:106AB0009DC7D63D62EF263EBB88893EEE02BE3EB4
:106AC0006FA3043FDAF4B33E4C740B3E5AEA893D9F
:106AD0001866003E87843CBE26B052BE735124BD6A
:106AE000727A773D104D343E5CD1F53D87DE783DBE
:106AF000A29C663F14385D3F173CB6BCFE9A4B3DE6
:106B00005AC4863D48D026BEF5AAC6BEA0FDF5BD36
:106B1000EA2BF1BE09EC47BE06CF2F3EC736CC3D6F
:106B200068D1313EE1ED863ECE41A73D1D7CC23E9F
:106B3000D5C7AB3EA7E19F3D286D583D2722983D24
:106B4000FAD1043E255A16BDA6D301BE0AD4DCBD37
:106B500003368EBD07DB0EBC35632F3E8960783E61
:106B60002683123F9B793A3F60D5AA3EA5E9273E8E
:106B7000C02DB5BDAF06A93D173890BEF750D0BCAB
:106B800017DDF1BD81D6453EDBD1033E8444E53DB2
:106B9000576E943D39F58F3D2F6B81BD8D3F943EEF
:106BA0008D89D63DF03E003E8A178D3E62D34C3E25
:106BB000C3D4303E87742EBE56088EBD6B20383D40
:106BC0001E6E8FBE454769BD11A4DE3D13D8B4BA11
:106BD000873E113EC435713E233DAA3E3C35573CAD
:106BE00047B3BCBB18696C3E0660193FC907EA3E53
:106BF000CBAEC9BC82CE4D3D17D08D3D4343EBBCDF
:106C0000A8CEBDBD3ACE1C3E998A0BBD14D1043E20
:106C1000C7DF403E47093A3E6CBFA83EF5990B3EA0
:106C2000B84C963D375311BEA7760ABE9BD55E3D44
:106C3000BBB682BE03CFEEBDFD850B3E846DC0BCEE
:106C4000D4A58EBEE94B163E25A9043F6CDAFA3D69
:106C5000AE0B313ECCF07D3E56783D3F8D9FAA3E37
:106C60009E48F53D64A3F83DFF97003EDA73193E58
:106C7000ACB5683D1422C73D3F2ED03D24FB473DB7
:106C80008A934B3E1809923E1E3C3A3EB13E483E26
:106C90003384AFBC1ACC30BE70565EBDD9299F3D3F
:106CA000890B14BE87ED00BEDFDE13BEFE99B73D33
:106CB0002B2A583E598EA23E89937F3D0C3BAA3E1B
:106CC000E8A9133C1550DD3ECA92173F9FA8F13C3E
:106CD000F2C78A3E4621F83DD7F13B3E6BC03F3EAE
:106CE00056E7673D93F399BCC9D1DC3DEC4A263E9B
:106CF000BCBA263EDB13513E1543923E27B3A73C58
:106D0000A96C093C951C8CBD244002BEB354F0BD57
:106D10000CDC8ABD28CEB03A267DCF3C7B7E583E27
:106D20005E13A03EFB18E8BDEF2376BE8CB6E13DB6
:106D3000DA9EB2BE84B29D3E4400083F4B639E3E45
:106D40004B33433ED3FD153E64E8233CE28E15BE33
:106D500086890DBB02677D3E82E081BC78032A3DB7
:106D60007EB8633EF616003F76D72C3EDF0B95BC0F
:106D70000FC909BD32D2A9BD2128CCBD0C825BBE92
:106D8000E39DB4BCE5D3193D035756BC0520793EBD
:106D9000533F823E7297DCBC84F193BE94C9D53ECA
:106DA00074C6AF3C9EB466BEB70A6EBE9087953E71
:106DB00068BA6B3CEC21C63D2FB126BE9C52B13D5A
:106DC0006BDC54BDE3AB443E2C081A3E94CA9D3D97
:106DD000173951BD4120A63EAC2A503EFDB6193EA2
:106DE0006108133E4345D93D19DBD73B42B333BE5F
:106DF00043B5143C7E468D3E90D8293E86847E3E27
:106E0000B49635BE8C9E9D3DBA0EF83EBE30743EA3
:106E1000C02756BDF51F97BE85B090BE24B58A3EEB
:106E2000215EC23D5FA77EBEF0DC27BEAC7B873E05
:106E30007DF5D73D7B33943DC0C1CBBBB366923D5E
:106E4000BB25FE3AF99CAE3C538E9F3DDCC05E3EB6
:106E50001676CB3DC769663C2868A63E5BA4773DA5
:106E60001A09D93E03D8E43EE63BB43EF2D5703E63
:106E7000EE4C8EBEDDF7B8BEFF6ACF3EE50D78BBA7
:106E8000792CF13D7BA1CC3D0F3FAA3EFF93293FDA
:106E90000D1CB03E93589EBD7459A73DA873DD3CB0
:106EA0006C96BFBC547D2CBEF1F613BE2608F6BD11
:106EB0002548F8BDEB3A81BDED1267BCE3CD183E25
:106EC000F5E1FE3C7DB03E3EA087C43E43DDAF3ED3
:106ED00047E5AE3E2F90B73E747F9D3E81C2753D23
:106EE00003DC8ABE9C219FBEB9C43DBEEDA106391C
:106EF0001303FD3D34719A3D5CF1DE3DFDB11B3F56
:106F0000B212CC3E34A35A3EF4E5F13DDA9224BCF1
:106F1000771D85BD7E3D6BBEA8D452BE2C704CBE85
:106F2000AE9497BE2A33613CF9C06C3DA8DB363E77
:106F30005997E43C11B9C43DAA64A33E8F32BD3ECB
:106F400042F2B23E4E08CF3E6387923D94E3B1BE1B
:106F5000BFC51CBF0F4CC8BEF7E74ABD42C4AE3820
:106F6000D637663DB60A563DA768753E4ACEFBBC8D
:106F70006F284FBDC17313BED19390BDF67D813B89
:106F80005C00B3BD4C84A9BC0C78CB3A7F5895BC4F
:106F9000166405BD4244C93D22C6E73DF745E93DBB
:106FA000E9A5033E9F7B503EA9F4553E2317BA3E08
:106FB0009A79E73D2D8C583D6925BABEED4D50BFFD
:106FC000AF195DBF6243A0BE4480CF3D9A225ABD37
:106FD000C840A3BC700569BC2B83A43D87D6B1BD56
:106FE0008B8605BF73C026BF0DC0BEBE0D47CFBE8A
:106FF000837C0BBE2EE606BD684926BE5451E93D92
:107000003399B8BDBA1CB9BD90B0883DF820C93CD1
:107010006AAC0C3D8375E0BD0E1512BEA09DC3BCCD
:1070200044D59ABE6454BBBC006400BF5A502DBF07
:10703000BBE513BF82FC883E4B02823E0010253C1C
:1070400038FD7FBC919998BD074F14BE4AEF89BEA9
:10705000D40722BF9F8D3EBF79EF05BE5D06C0BD40
:1070600094A6FBBD441C7DBE5966AFBEAD4203BFB6
:10707000A8DAB6BEBFC5E2BDC2239ABDA35C10BEEE
:10708000E6289CBE72DACCBE8C4CBDBE5C41F5BE1F
:10709000ACB3F4BE9B8D10BF5E3DDDBE1F32EFBEB4
:1070A00044E021BF7F89A33D927B703E5CA8E9BC90
:1070B000009DC0B91467A8BCE84A42BDC3761DBE96
:1070C00023FD04BF526E0ABFB05120BF98331FBFCB
:1070D0001829E5BEF6E623BF74AA32BF48D042BFE6
:1070E00059001CBF0C476CBF2DA3A3BF32D20CBFED
:1070F000551B33BF38ABBBBE059D20BF565C88BF58
:10710000E73C9DBF0B3365BFB1972FBF8C939DBEEE
:10711000F82798BE38B876BCDA493EBD2EE47C3DEF
:10712000BFAA13BD46CF1D3D1C65CF3C504468BC73
:10713000B8D24A3B589AFB3D817988BEA618A3BEB7
:1071400066DA99BE376F92BE8DA1FDBE391E15BF9E
:107150007F0D10BF464CE4BEC4BE1BBFCF6DF6BE54
:107160002FEF13BFA998FCBE1EDC1BBF0012B6BEDA
:10717000DBCA42BD2E97AB3B463963BE7D1180BE54
:10718000F6A888BD30F46DBC100CCBBB1ADCDDBC9E
:10719000932993BDD0F2903C3E433ABD30C0583C59
:1071A000909FCD3C826F313DE82C053C08DB51BD02
:1071B000FE63393DD8161F3D8EB386BD108528BCB1
:1071C0008059F1BCC0F61CBD8EB7BFBDFA8D0EBD97
:1071D000BA2C81BDFAF5423D66CB473D5F258B3D1C
:1071E000EEFA23BDB0A584BC6696DBBCCFE8813D3A
:1071F000C2F299BDA049DFBCC07C8ABD1FE0883DBA
:10720000805F02BD4F80A6BDA82FBCBC375BA0BD70
:10721000119F07BD67D2973D76C76D3D1060B3BC27
:10722000E791B73D6AE8D23DBA8A943E1D533BBE12
:10723000F0ABE8BD1A4D1BBE9C1B14BDE8B31FBECE
:107240002610F6BEE8DEBDBE9DD3953E90ECD33E43
:10725000AFD0923E89DDE23D876BE23D17000F3EE5
:10726000DC94A7BD1216F4BC693E8F3DE5915EBD6E
:10727000C0AA473C849A1A3DC755BDBCDED070BE3B
:10728000B8E6433BD3D17F3D7E484A3E665C93BC23
:1072900026AD6A3C0621893D36972F3E2E6901BCFA
:1072A00041BE873BF869883EDF23203EE398DA3E03
:1072B000B256DD3E0EC32A3FE3330D3FC57D2E3F60
:1072C0006DF71B3FC892E43EB477BE3E5B1E27BD00
:1072D000245EC9BDF93D87BEC2C57D3D0E574D3DFB
:1072E000B80014BCE0B6773B63FBDABCBEAD6DBE44
:1072F00064B39E3C6817743EC4DB533E8265873E90
:10730000A19258BD98F355BDA7C939BE2F225BBEC7
:10731000A0C307BDE679D4BD2BB1B23DCCB91A3EAE
:10732000875CF23DEB9DD33C3100BE3EEC0D043F4B
:107330004BC8E73E97A8753EEF79243E7D7F123E0D
:10734000E25841BE670FB0BE21538EBD48F7A0BDC5
:10735000E28C3C3D037D6DBD9972D4BCFEB8803E8D
:10736000868F3E3E57B9743E85A8373D34B2AABDDC
:1073700065BA82BE162197BE98F27BBEAD5796BE07
:1073800071F00DBE548E963D2DFADB3D82C146BB99
:107390009A601F3E3630043D4DB03D3E2191113E76
:1073A0009B351D3EC673B33E0F00C73EA889C43E41
:1073B00000EF4C3EE6431DBED82BD6BE95DF6D3E9A
:1073C00021AEA83DCA717C3DDA7E243E161ABC3E31
:1073D000AB36FA3D6BD83DBD24E353BED0DEC2BE12
:1073E0005DA5C3BEF11AA6BE80DDA2BE087FD0BED9
:1073F000AF9F6EBE7F711CBE19EE1BBE0C2FDC3C16
:107400003263933C615F24BCE5EFB0BDB345EFBD93
:10741000C35D8F3D90B4CF3D6239A23E94FE2D3FB7
:10742000B34D173F59F2D6BD4DA7AC3E86CEE43ED4
:107430002012A03C77777CBDCDDACBBD9DF5C73E51
:107440004746833E8F9E67BEE9B758BEFA41AEBE3F
:1074500046C4A4BEBA1685BEE29DE2BEEBF899BE54
:107460004F4860BE5F2E81BE2F912DBE652629BE7E
:10747000F15A99BDE1142CBE894A28BE5C1DB8BDE5
:10748000188E57BC51D112BE2DBF06BE7E0E6D3E6A
:10749000EC3A0C3FC8B1093E9020863ECB86A13E17
:1074A0005B5A5C3D98469EBE35E4E0BE3714023E12
:1074B00015D5023EF0D505BD0E109BBE02E968BE93
:1074C000A93B89BED5A2ACBE39BDE6BE387197BE18
:1074D0009BA811BE149AA0BEB3CC23BEC8933DBED8
:1074E000B92A8EBD36E600BEC01ED1BD4ED9EEBD56
:1074F000199013BD946E84BC663567BDD3637F3C21
:1075000038F3293E6D73F03DFB96853EF5DC903EE9
:10751000A817B9BD64A6C3BE2B813ABE06FEFD3DC9
:1075200068B740BC28D510BD32075FBEE93E73BEC8
:10753000C5A418BEC4477FBEBC6783BE87059EBE78
:107540004588A8BEA9A2A5BE1059D6BE759A86BE0A
:10755000D1CD75BE413632BEDDEB36BE4A6CECBCD9
:107560002501EDBD406B543DE38EA7BD28AAA0BD0B
:10757000BE76113E34B28A3EDFFEFD3C324E433DC4
:1075800043DB0F3DB9FB9FBE6EB273BE2E7B87BE41
:10759000273A303E194F7BBCC5587B3D2A79B33D15
:1075A0001170C23D01F742BE154888BE319D50BEE4
:1075B00091EBE4BEAF82F9BE32602CBFFE5FB5BE78
:1075C0005C0159BEDFBCB6BE1DA736BED2616BBE24
:1075D00074B68CBE524DDBBD64AC22BE8BDE2ABEBF
:1075E000F5982FBE2A7DD3BD815B2ABEABA1CEBE4E
:1075F000FBB4EBBD984C56BE9E8BA2BEA16F6B3CFC
:1076000045C6383E909CC23B07663ABC31B4E73D64
:10761000FFD7923DA2A78FBCF8A6BEBD1BB011BE7E
:1076200069FFAFBE436BE8BE0A25E5BE9A834ABD3B
:1076300098B3C2BD7BBA39BE49D6C2BDD68409BC97
:1076400035A146BE619181BE9A26AFBE113512BEEC
:1076500059678B3E0763A13E89D148BE55D6D2BE3D
:10766000184FB2BDD52C9ABC0B586EBD7C358E3EE2
:10767000056A053F62C4B13E95B85E3E38982B3E20
:107680007BB65E3E3E8DA03E64B2993ED2A1EC3DFB
:1076900072D010BBB917863BB8A54E3E760EEE3EB3
:1076A000F2B5A13EB169243E4912743E5A08263E05
:1076B00081798F3DF8C0FEBC6BB5A7BEC93F12BE35
:1076C0000EDE1BBC4D39853C9B4356BE40CD20BDD4
:1076D0008F2348BD6D5722BE5DB9EA3C899CED3EC3
:1076E000EC9C0A3F8792A43E875B7D3EA66CE73EFA
:1076F000E18FED3E2F60FD3ED9B40B3FD686DE3ED6
:10770000BFCA903ECE19C13E277AE63E83EEC23E06
:107710007603733EEA0BD53D66BEBB3DF50C88BDD6
:1077200033C44EBC6BDDBDBD6E20A5BEA5532D3C44
:10773000250252BE274588BE840EE2BEEF64FEBD20
:10774000DEF4FD3C991650BDC0945ABE7F01DA3E6E
:107750000622B63EC8DBBF3E5F1DAA3EB895CC3EB2
:107760005278C73EB7D9DD3EA08C9B3E240A0D3D22
:10777000D9973A3E0351D73E1FD5E63E2A357B3E88
:107780001A86A63EE2843B3E689D923DC623B7BD65
:1077900056C7AABC670B0CBE940867BE5086A4BC33
:1077A0008BB029BEAAE6B9BEFA1FEABEFB6894BE3A
:1077B00098C9A83C9011813EAFCD1FBEFB2C103F55
:1077C000F47DA93ED55AF23D5A26933E9D438D3D08
:1077D00037E0C83E4BA8963E90CB31BEF88489BEB8
:1077E000B98524BD21285C3DB2287C3E5D1F033E47
:1077F0009636E53ED22D023EBD1D85BDD2E51ABEB0
:10780000565125BE97B222BEC4851CBE7F93D03D83
:107810002857E1BC48B7323DFEE805BFFA7C8EBE72
:1078200020FA4B3D606A613EB93858BD1F94CA3E8C
:1078300021E536BD9BF45ABE8815273E309596BD8E
:10784000AEDE023EC6C3BABD111684BE240C01BE14
:107850000FE9E83C6B46603E0952E83D15BA7F3EB1
:107860007FDCD83E370A313E9641553DDD5CA9BDEF
:10787000FFB13EBEE44BEEBDB8D81BBE5DC5EBBB51
:10788000554BA7BDB44E213E084D2ABEF9CB14BEC0
:10789000AC910FBEE669973E58F1C5BD282ED03E8B
:1078A000A1725D3DC7FE8D3D197D88BDBC0AB1BD8D
:1078B00083D5DABD5F30CBBDC5F36ABEB68423BDC8
:1078C000107A05BD022D493E21E32C3D5238E03DA2
:1078D0004030063DC8F1083E25C8913EBA32B03E60
:1078E0002DC5DCBD1DD618BEB7D9C6BDCBE7923CB1
:1078F0009207963D343533BEFAC396BEDCFE8EBE8B
:10790000E6A66E3D9D7B5A3E641F2D3D354EFA3EE8
:1079100029838C3CC0B9B2BD2C4BA3BDE18E45BEC2
:1079200034AC0EBE89C8FABD13F042BD61B50FBEBE
:107930003221A5BDBB55863E7634343E5ACD91BC2E
:10794000C94A5B3D6047363E8ACF013FD6C6E73E17
:10795000C00A4D3E8C2500BE5C4061BD3FAB073E7A
:107960002BE666BDE17453BEB34B00BF537001BF3D
:10797000516C5EBCB629E23DF074EB3E80B2953EA0
:10798000A32F78BB8ED659BDD7AFBCBCB9B41CBE33
:10799000150E69BED72113BE561340BE2964DEBD45
:1079A0008C8A523D0E2BA63EB8D1443EB73C2D3DAD
:1079B0000C436F3D6077313E9F20943EB815FC3EEE
:1079C000A532873E7CAB123CB81ECCBD81301ABDBF
:1079D00035F98FBE7088A8BEFAD617BFE52D1A3EBE
:1079E000EDE1903D729D82BE49D3CF3EB49EA23E52
:1079F000A9DA2FBDC3B2093DCFE986BBF929A2BDE3
:107A00003282B3BDEDA4153D856D47BEBD698C3C8A
:107A1000C84E80BCAAD3A73D862BA7BD094E433DC7
:107A20002D85EA3DF8E5EE3D0906753E96EB6C3E88
:107A3000B28B103E3E852A3E3FC200BEE86B84BB3F
:107A400089400E3E09FD58BE3A1FA9BECA53D93D12
:107A50008040F63A178981BE9282463E8B87BF3BB3
:107A6000D52CE3BA9BA57EBD4FC3383E7E9E273DF5
:107A7000FDCE8EBC9D7F353DB8F321BE6A69B1BD98
:107A8000625353BEB89358BD1A74523E908D9D3DBB
:107A90001BDC2C3EA03C243EB80EE63E318FA13EBE
:107AA0004C8A933E54F6433E18AD863ED82F943E02
:107AB000103D8E3E529D103ED616ACBE8D8E403D82
:107AC000F5C254BC20F08EBD4C16DA3D06FD223EB8
:107AD000BE56013D0118D1BDA99D90BD080FCFBC78
:107AE00002F1223E03B009BD3C0235BA59D6A0BD11
:107AF0008F5951BDE166FE3DFCC62A3E5E5ECE3D1D
:107B00008300C53DC37F293EB44FD13EAE77A73E2B
:107B100029D6B33EF938A93E0BE07F3C38B207BC0A
:107B2000EF4F7C3EBFE1A1BC3BBACBBEEABFBBBDC1
:107B30007831023EE1EECF3D689C74BC72E43A3E7F
:107B40008DCD2D3E28F0D1BDEF23ACBE01E5C1BEE9
:107B500061533CBEC3BD94BEF5C538BE1C8781BE13
:107B6000016B36BEA33930BD4666693D5C35B13D1B
:107B7000061B353DFCC7403E644C8C3E5616AE3E5F
:107B8000A09DE33E3C61923D0CB0BDBDB348193EA3
:107B900091C3893DD4D5F13D6498B63E11BD4FBD2A
:107BA000CDDA97BDCA35653DAE1B963EA10C293E88
:107BB000EFAC7F3D77387D3DC3128ABEE0E6D4BE90
:107BC000A981A83D4FEFADBD08C124BE1B788ABE78
:107BD000264661BE39C29DBD1E11D5BBF768553D15
:107BE000375A763E3E3C353E9910653E098D053F3D
:107BF000C315D23E37563E3E9E536DBDB16D143E09
:107C000084D4B73DB464213E6DD5E53E102A093CCD
:107C100000FD3F3A2098953CF5B84D3D2D25B83EE6
:107C2000F09A8B3DE5E211BD3BCC403DAC5C823E21
:107C30002915453EF993723EA6C98F3E17D5003EE1
:107C4000BE52DEBDC66C79BE284478BE914F77BE69
:107C50005EE50CBEECDF123EBF8B253E95E3AE3EEB
:107C600013AC0C3F88C84F3E4EAAD43EEB95933ED2
:107C7000794EB3BEDC2863BE0B4428BE2A65583D4E
:107C80007AD9043DE41674BD09B1AD3EA424A3BD68
:107C90000FEA54BE8559813DD931C43D8B3E673EC4
:107CA0001A248B3ED7CC6F3E021681BDE626FEBD60
:107CB000B29DA0BD9AB49D3D9FF649BE7793B3BED9
:107CC000BA7DC3BE055F67BEDB03893EDECCF33EF3
:107CD00003E98A3E82489B3DF2D1D33E865B243F36
:107CE00033BA0B3F4EA7DFBD78B193BE7B219E3DDB
:107CF000F99FAABD844881BDAC8C033D27DF423E7D
:107D00005E41C93EEA9D05BD092E77BD4263C3BDF4
:107D1000B82CA8BE0CD880BE257F81BE76F4E5BD08
:107D2000DF700CBEF56971BEDE8403BE9F7D2FBE81
:107D3000B7CC4DBE144392BE3CACB6BD79CF8ABE23
:107D40006514153D9B71BCBD591CB9BD3353EA3D4B
:107D500090D9863CAFA4D7BC5EDB9ABD10A930BDDC
:107D6000B2CF7A3D5B398F3D2CA377BD882930BCDB
:107D700073C853BD990103BE040AA4BD10FE8EBD95
:107D8000A3A260BE8E1676BEB451A7BE988F0D3EDC
:107D9000EFC33D3E8DC80DBF633E82BE6E357DBED6
:107DA00036E137BE975A01BE8E61A13D386515BEDA
:107DB0000B94B6BDCB491ABEF33536BE9591CBBEFA
:107DC0001EA1CDBC71D208BD3AF030BD5459BBBC28
:107DD00008D404BD54D9A2BD4F1D95BD2C1BA83C91
:107DE0005BEF903D4066643B0D789CBD412EA33D0A
:107DF0005AB3143D20CFC93B4C47A8BCC07BB9BA8D
:107E0000CE93F2BDE8F00FBD97E7213D6C2CAFBCDF
:107E10000091BD3989E36FBD72CF363D10C5F03B8F
:107E20007CD31D3DF837FA3C341695BC1EBB4C3D47
:107E3000842F1D3DFA642D3DC91CA93D52FA633DB6
:107E4000F0BD9FBD69EC6CBDD05F2CBD5E04683D8C
:107E50007655A0BD5D72BDBD85A13FBEFB91BBBD8A
:107E6000DFF913BE21C215BDBFA82ABE931C7DBE7B
:107E70005668A3BEBB579CBE854379BD645CBDBD3F
:107E80009C8695BD23A98DBD29B884BD99BC1EBE15
:107E9000469514BE65C150BDAD26EEBDA9537CBE4E
:107EA000853A21BD87948B3DEFF99FBD5B05873DEA
:107EB000B86359BCE8597BBC8B3DA33D9DABC2BDAB
:107EC0003F2B1EBECC741DBE9509BFBE311903BF2A
:107ED000930D47BE9A59313EEDECE73D537BB9BD5A
:107EE0005721E2BE632C8BBE656A26BF6E173ABF70
:107EF00014C3AEBE4CEEAEBE8A43303DB30795BD53
:107F0000749109BC0D8C953C99D727BB12BA7A3E67
:107F100085386A3E735D6D3E3806873CE6CEBDBC53
:107F200080168EBD20A80C3C3242E1BC62796CBD4B
:107F30008D414BBEAA731EBD8D1A7FBE60FDB2BEC1
:107F40005686303D8AEC063E0F949F3E03EE713C10
:107F5000E4E7953DA5DAE2BD06D696BEFEA986BE4B
:107F60004574EBBEEA6308BFD9666FBEB60426BE91
:107F70006941B13EFA390A3E74D4FE3D7704833E2E
:107F800026DE1E3F70DB263FC0521F3E6851213C5B
:107F9000BEDC353D8B73BE3D174CA13DD032AC3EAF
:107FA0004B4AD23CA30D6C3D4200033DD476763E55
:107FB000FDA67A3EB87238BD4D9E3DBDFDA95F3E1F
:107FC00008CA203DBA635DBEA11E85BE2999A0BE28
:107FD000D4BBA5BED03A9ABEEBD5213DEE0374BE0C
:107FE000E36AB03D702CAEBDC231C93DA8A50E3EBE
:107FF000D23E543F50B8573F74F9133FEB728C3D5B
:10800000C286E9BC9C4AEFBC671E56BD57E9A03D3D
:10801000B0B79EBD3EEF173EC4A2173EF583C83DE4
:108020006097AA3D096D5BBDE0E4C53C1486893EBE
:10803000CA60693E57C6A43E6426C0BC08F7B7BDF7
:10804000522B5ABD8B531ABC2388C4BD06383DBE83
:10805000945283BD522F8B3C0DDC293D4E875EBE72
:10806000181CA83E97BB383FC137733EA03DCABD20
:108070009E243F3DFE1CBDBD93DBCF3D62B001BEE3
:10808000ABD835BE4E7F7EBDC8DC453D909FD83D08
:10809000F54FB43DD8485B3E1D80C43EB994873E41
:1080A00009DACA3EC471073F1825BD3E3A4AFA3D77
:1080B000F618B03E5369BC3E630D8C3ED0B5FB3D17
:1080C000862CD73D3577FA3D680C573DE9A66EBE44
:1080D000DE7547BDAA7AC63EA6DAE03D99411B3E51
:1080E0005F8E6ABB7FB2153DE71F953D7C6F6F3E8B
:1080F00079B596BE1072A5BE70FD813D9952293E9C
:108100006799843ED9AB963E6D5B163ECB27AFBCDC
:10811000B3F1733EA892EA3E2312EA3D6E3B3A3E2B
:1081200035717B3ED5D5383EAFD9A93EB171523EAF
:108130000100BA3DC534B43D1DC87CBCD0AA96BD73
:10814000174D68BEDE2733BE9DCC5ABE2424763E32
:108150002A5B6C3D40AD853E1BE5A43D01E5903EAC
:10816000A7B73FBE2303F8BD0385AC3E98DFF33EBF
:10817000CB83B43E5539593E63C62B3E8596733E3C
:10818000119CCA3E2680BC3E9FDE903EDAAC6B3E20
:108190000151873E7A992F3EE342C73E0B17803E3E
:1081A0006E5A6F3DB5C8383DCBFA4E3E948623BE1D
:1081B000DB435BBDBC1677BECAB8FCBD50BBB33E4B
:1081C000B75B4BBB485B933E031897BD6FBEE33E66
:1081D000B16EC5BD8031103E4BBF143F53F7943E86
:1081E000AA09E33EB528943EC52CA33E7229AC3EB5
:1081F0008224C93EE836D83E0C9DD33E68E2ED3D70
:10820000467242BE16E3D63CF2690A3E8C3B373ECC
:1082100046D399BCC4069ABB418D62BDF43567BD97
:10822000AC0502BE54A346BE940B0D3D420B54BC9C
:108230005E0EC73CE04C733E2DEB0E3EFBE5B33EBD
:108240009DD9463E7F518D3E66A8F53EBFC6BE3ED7
:10825000E2A4AE3E6E0EA13EE212993E07A1873E19
:108260001345DB3EFA4BD43E7326953E7C5238BE16
:1082700082D270BE23F2BFBE5E8164BE402A143E2D
:10828000BDDEBDBCD57DA5BDDF504D3D4D963F3E0D
:10829000A2D098BE7F708CBC3783843EEEF7B43E8C
:1082A000E0B0D03B0409593D8641E73EDD0AA93DD7
:1082B0000066EE3E25B2273E4D3B9C3E5701623E96
:1082C000D4981E3EE5FCC33D1F1E303E1048A13E23
:1082D000650EA13E03ABDD3EDBAF563EBAF684BE73
:1082E0000C5F96BE1C53F13CD522173E05BDB13D37
:1082F000D13FC33D66C9CA3CD0BA3C3E50990B3E03
:108300005A7DED3E54030E3F30390B3F5FCECF3EDA
:108310006AF9763CEC585D3E960EDA3E010A3F3E25
:10832000BDB9283FB3F0213EB8A74D3B0983D53DE9
:108330002D3C32BB485B273BE50E5DBD663EE6BC8F
:10834000850DACBC65BFFBBC8F92293E5AE9433D0D
:108350000E114F3D93421B3ED83B4D3ECFC48B3E4A
:108360003BBAE23D31F6253E960502BE9E65673E6C
:10837000280D823E0F64DB3EB8E8FA3EDDBDB13E1B
:108380009DF1CC3B64F1623D907DED3E015C333E5E
:108390007A93B73EAD2455BE410064BE917424BEAD
:1083A0001564BFBE3B28BBBED273C7BE4E40AEBE37
:1083B000D90AADBE5DB6BF3C6440183E5B8FD8BCE9
:1083C00036E84F3D45B8C73D4F596E3E955EDB3DA3
:1083D00062EB433EF24CA2BC5B9E95BD5673DFBE82
:1083E000DE9FA2BE2113F13CE6ED203E54F1AB3EF0
:1083F00072C5D8BDA665103E3557903E8D043DBD73
:10840000C0120ABEE502EEBE8054E1BE965DCBBE50
:108410006618C8BEE1600EBF5A26F2BEEE41F5BE38
:10842000DDB692BEA07E36BDF3D7423EB8268F3D64
:108430002010E2BC0F3A82BC48C6843D3A055ABCC3
:10844000C7F0ED3CC986C9BDB15760BEAC762FBE42
:10845000AD4C9FBE510A63BEE78BC73E19AF543E79
:10846000E2BB4D3B25FE393C6293CEBE674617BF4B
:108470001297ACBE8CE01FBF8B54B1BE9FDDF4BE23
:108480009C7C06BFC78F12BFEECFD1BEBD7E94BE0F
:10849000C3DC8CBED9D9FFBDBDD32DBDF5D0D53D34
:1084A000E45CECBCA4A9F1BD480B493CDF8032BEC2
:1084B0008CA0ED3CFCDD98BD27AB423C266AA6BCF7
:1084C000F337DBBDEC51D4BED0CA0FBEE471E53D3D
:1084D000FA3FF73D72708D3D7ADC8F3EA6BAD2BE70
:1084E000829C18BE1B0BEEBE18209DBE0D25B2BE91
:1084F000D89E76BE45505ABEF713F1BD477B5BBE92
:108500007E6357BE9DB160BEE75C71BE555AB9BD72
:108510003965B9BC7AE381BAD866C8BDFD45DBBD13
:10852000A25136BECAF41FBE460FF23D6B984ABD3B
:108530008E9CFABD5A6F50BFF9E1FDBD60B0AABD77
:10854000AD29A63D13D8013EFCA8DEBDD08844BDB0
:10855000C99EDABDD4AA03BF553C85BE558B8EBEDD
:108560006059F8BDDEC259BEC89A40BEE7A265BEDA
:10857000FDD4CABDED1ECBBD07AA6DBE3167E7BDF8
:108580008FD90C3D3E61A0BD848D83BE23C155BCF7
:10859000B22337BE4A3C90BEF3EBC9BC523F253EE6
:1085A000C985043E6B2D06BFDAAB593E32AC18BE0E
:1085B000BA84703D436E1F3E6106E33D4AECFE3CCB
:1085C00024735EBE78F16BBEECDFF93CA803053C7A
:1085D000A65331BDE11177BEC15A0DBCCF3997BD4D
:1085E0004C9B2FBE163C46BE9FE543BE8C9318BEE7
:1085F0009BAF66BEB881B5BD011BD7BD0E7F013EE6
:1086000036D2D6BDC89C6ABE7AF42E3E2F76FB3D8C
:10861000E4180FBE295C99BE34CE7A3E429D50BE0E
:1086200037275FBD9CBC9FBD8C162E3D871C9BBD14
:10863000249FCE3D23EF033E5A3A0F3E3A2632BEE8
:108640008F8F14BEB70A85BEB12531BE01D947BE92
:10865000FDF01BBE6E4A12BE896453BE74AC3CBEB4
:10866000BA00BABD7C6D3C3DF4BF8B3B39F9433E4B
:10867000CD1A99BC6B91CE3D91F5583E3C7FCA3ED8
:108680009781133EAB6592BCC08F6BBD71724BBEC0
:10869000D3B0853DDCF70BBDE46137BE15C502BC28
:1086A0001051853D20DDD03E11BF573EC01647BD5D
:1086B000B8567BBE07AC0CBF8E4B74BEA18534BED2
:1086C000310795BD7C7899BD264371BE7DB397BDBA
:1086D000714314BDC9F3813DA911663CA8CA143E7B
:1086E000BE80F03D3E49523D2CBEF93DA2A8C53E9C
:1086F000A06DBC3E94EEB23EA5CF3ABE1D16EC3C3A
:10870000A03D0BBEE0D6ACBDEA68F93D61BD97BEA9
:108710005A06EB3D6230943E58F4C13E1E74A23EB0
:10872000D014633C1E7FE2BD7C8493BDBA47CCBDB0
:108730001644BFBDD34A10BD0D548ABD364B26BD6D
:10874000CACBAC3D1E02CA3D89ECB93C9D69CF3D08
:10875000501F00BC7C1B093CC8CA41BDFF7EE33EE4
:108760004B8BBB3EE65D493E01AABABEC17D1ABD38
:10877000D76E66BCF10F8A3DCDD9493E6EF017BD6C
:10878000D34DA13E1171DA3D047E823EE0E5A93E63
:10879000A90A073F072A153FAA599E3E05FABA3D86
:1087A000C86DE43C7B533ABE046D633D1CCB933BE8
:1087B0005DE0883CD5E3823D96C2303EFD5140BC31
:1087C000A8079CBDA84C26BE9991CB3C8BFADB3EFA
:1087D0000271B73E8FE133BD338234BF0B2B223D94
:1087E00058229E3CB2D76B3D694900BE0371C13E21
:1087F000364AE53E869E703E72D9953C89207D3B87
:108800005F4B713E44AF063F1FCB153F86FC923E47
:10881000D0C20BBEE921FDBD1D4E09BD22C9DD3D03
:108820001FA01F3E3172FD3DAA2CD53DBD9B143EBD
:1088300051363ABEE1C816BE5982B43E6B270B3F93
:108840007DB4FD3E7E8B3CBE7575E5BE3CC282BCF0
:10885000C90104BDB3866DBD2408B83DA598AE3EE0
:10886000AEAD143F795B5E3EA767403E80B50C3EDF
:108870000C0E993E8F1DE53E9F9F273FF323DF3E61
:108880000A526B3EC34CF93D8E22033E3FC94D3E1A
:10889000D3A4CC3D92411D3E054F3F3ECE82513E7A
:1088A000DE97313E9921C43C9A43773EBDB6123FD4
:1088B000705FC83EBDF399BE38EC83BE970A74BDA5
:1088C000BE7A273D58DA8C3C8284BA3B821AB63D88
:1088D0001912FC3E7E70113F06481F3FC1DB253F49
:1088E000EE71553F15B05C3F2ABC363F0A4E4D3EF7
:1088F000D148733E4B18A63E599BA93E25731F3E97
:108900002D2F713EEE64F93EEA14053F31E1123F2E
:10891000424C0A3FA468F23E60411C3FA6AC003EB8
:10892000BCBE3E3EBF97A5BD491B37BE081C573C89
:10893000530283BDEE7A1DBD3F0536BD16BFE53B34
:1089400004569B3E0E69033FDB982D3F9A66523FCB
:10895000AE7A303F0983333F31B1443F5D780F3FFA
:108960009335303F4C1F603F8342973F1181FA3E61
:10897000C4E9213FA561323FB9FB8A3F1BBB413FA0
:10898000CD49713FBF413A3FB8CA223F07584D3EDB
:10899000DA98933E791C5EBD20A99D3C2AA9123D20
:1089A00052F684BD2E77443D606C653CB79995BD09
:1089B000C026BA3BF9148F3D982E8A3EE1849F3E33
:1089C000BB7AD33EA400053F79F7103F3B2D0D3F06
:1089D0006515313FE77A3A3FC8BA4A3F9961F63E9A
:1089E000B6B42C3F0BE20F3F56CB073FD881A53ED4
:1089F000A7B75C3E91ECC93EF63CCB3E7667BE3EE7
:108A000080BE99BD97119D3D1188933DA028EF3CF4
:108A1000C09D50BBF087AABC38726FBC322D1B3D85
:108A2000CD5E32BDDA9EFCBC6EF03C3DA845473CB5
:108A3000722C3C3DACF6C13C9584953DDE87373DBC
:108A400013EA47BE08B548BE38B0B2BD9696AABD77
:108A500052075D3D3C2961BDF15521BD008AE23BD5
:108A600040F1DABB862B8DBD6033773CB8A17E3CEC
:108A7000C077483B365F9BBD86B2F3BCB87572BD0C
:108A80009284183D5ADA453D8991923D4682283DAF
:108A900012D88B3D072941BECC3D9BBEEA4DACBEF2
:108AA000E8EBA8BEBEBF5DBE19E78FBEAC7C27BE9B
:108AB000A035A4BED47F97BE3F73D8BE12E7D5BE03
:108AC00000BB0BBF9EFAF6BE82D9B9BE03DBFFBE68
:108AD0006AC1CDBE93388CBEBBEEDCBEA4D079BEDD
:108AE0006CA3F93CA4DD92BD7591843DC5F654BDDF
:108AF000B899B53C40A223BDDB285EBDC31B9D3D9C
:108B0000131B57BEE233D0BDDECCB2BE4C16EBBE5B
:108B10002C5516BF067158BFD5882ABFA0727FBFDB
:108B20003861FFBE3577BCBECC270FBE822864BE3D
:108B3000C0AB2FBED81A91BBA2148EBE0AE0FCBEF9
:108B4000F4D0EDBE3BC0B2BE9520B6BD712D08BFBE
:108B50006637DABE051821BEDF3B9F3D2D6033BD71
:108B6000D21A6ABDDBA256BD9704CEBD899597BEC9
:108B70005A7E9EBE32C6253E44615DBE41B353BEA1
:108B8000EFF49BBE119E0CBFD24004BFEE21FBBE92
:108B9000D24B4CBF468D7FBFA1FDE6BEA945FFBDB0
:108BA00089F5AA3DB3C4623EF25FBA3DDAD3CA3A50
:108BB000FBF2733E36C3813E6825EB3CFAD78FBE8D
:108BC0001BFD38BE0F58583EB0D23B3E6403E53C17
:108BD000D83582BC35DFC1BC03B53E3ED9D8483E4E
:108BE00060D9013D5664A4BD66AB9ABDD1AD913D3F
:108BF0007D6F1FBE695D90BECB975DBE8C59F73D02
:108C00009A5CAFBD4D9C95BD858020BE490726BEB0
:108C10000A9B8EBE607D19BE94012CBE346CA3BE2F
:108C20000C946DBEC564033E225F5B3EF64E2FBEC4
:108C3000D76AB53EE8838E3E5BD226BE69B9CFBE09
:108C4000204FCE3B7B69A53DAF39A4BE53A6953ED0
:108C5000905AADBE2B0064BDC68DBBBC2483DA3DEB
:108C60007184E63BA5C6D53D0CD8863C7336C63E1E
:108C7000F7FFA23E44DBFA3D7D2A6C3DF4C408BEFA
:108C8000C0E867BEBEAC35BEF993BFBE359B76BEAD
:108C90000838D2BE74287EBEE7EDA93D55E98F3D68
:108CA000C0D15EBE3FA372BC0C6BB5BE1701CCBE7B
:108CB000A3F7813D1406C33D4E09693EB026D53C5D
:108CC00062F232BE2570543D586EA53D367FDD3DC3
:108CD000505A373E8309643EB943983EA4F6B33EEA
:108CE000F71DC53ED063DE3E802FAE3E71FAC43D17
:108CF000230C893D44500C3E0C732A3EDAE2F23DCF
:108D000022595ABB5C212A3ECF2F083EDA93B63E49
:108D10007227683E225C11BE6FEB6ABE815471BE41
:108D2000F9B9EBBC1D93AD3E8D7EEDBC94F2333EA4
:108D300080B28CBEFAE6513E1383E53DF01EED3D58
:108D4000FEB3FF3D8098863EFB38243EE676973D95
:108D5000BB65943EF2F9FD3EDB9A963ED7C0083FD4
:108D60003759E23E64D9173F9B64083FD2F7A83ECB
:108D7000A437B83E5FA78B3EC117A43EFC642D3FCD
:108D80009E36473EB5222EBDE69B12BE615386BE7F
:108D90000F96A0BDFD1FA83E4EAFB33DE332D03EBF
:108DA000DD5B73BECA74643ECD59873E24AE2F3E50
:108DB0005139C73DB0C2F83BC17755BE1E6080BD7A
:108DC000E5E5483E96497C3EEB84BF3E6253053F55
:108DD000BEAB343FCB00C43EE611033F252EC43E5C
:108DE000CB43813E4DB9F53E85A8F53E6E25EC3E60
:108DF000EC73263FB3C5293FDF63FD3A65CCA3BDC5
:108E0000476843BD68619B3E28F0C83D18C01FBE3F
:108E100057FC57BE4D76913D4335B23E08285D3D27
:108E20006662FF3D3E9B793DDFACC03D912FEBBDBF
:108E300090B049BDE32BC43C9536FBBBD9C54F3E32
:108E4000BF94373EC78E4D3E2B04BE3EF8449A3E3B
:108E50003C291D3E69FEAF3EACC68E3E20ED5C3E19
:108E60006150FB3D7269AA3E4A2E17BED5C33B3EF8
:108E7000AEE3893D85BB083EFAD8833DE0A218BE2B
:108E8000A614CCBD624D45BE8D54263E2CE315BDC7
:108E900034618C3DD3A1403E142F1B3CADA76BBD6C
:108EA00038B1E8BDAD5CD23C22EE6DBD5196A63D19
:108EB000C779F7BB6B27E13D9D11373E4DDBAA3DDE
:108EC0001033413D5737093ED190323ED6041CBE87
:108ED0007608DEBDBEA11E3EA363A0BE778FE43D33
:108EE00062C93F3CBC6B0EBE11D54D3E7E6EA13DAE
:108EF000B3AF14BE696F34BE1122113E6223413DEF
:108F000056D1263E82BA653EF49B413DF6E71A3EB5
:108F10008E33BD3DD5749D3DC83102BE5D9F52BDAF
:108F2000D21A1BBCB6D7D93D558091BD0FEFD93DA4
:108F3000D32139BD774E5BBDA7AD9D3DFA460FBF2E
:108F4000E05EFABE5280CFBEB3081A3D79FB14BD75
:108F50008B4653BA3549073EFDE9363EE488153E57
:108F6000289755BE38824DBD7FD2873E7B821A3E00
:108F70003974883DA50C983E2D728B3E21A66F3E1C
:108F8000938D1E3E12651DBC74D6ABBEA09D21BE46
:108F90003A87B6BDB8635FBC7CD3833D43D39D3E67
:108FA00090B2533A9A0C02BDFB2637BC13293DBE42
:108FB000710543BEC081B1BEE6FC12BD0E62AABD02
:108FC000A3FD2DBEA6AE963CF2DB053E35066CBD7C
:108FD0000C690B3E385D513EB6C68E3E27E5B63E67
:108FE000C7306E3E6D3CC73EB075353E9E21DD3DBF
:108FF0009574CFBC5631D2BE5D369DBE6AD7F2BBEA
:109000009BA917BE127644BD2EE3513E16F6773D5E
:10901000EB70103E9D8EADBC0368FC3BC5E33ABED1
:109020000789FBBDC7DE8D3D73CE06BEF4C58FBE7E
:10903000A00FA9BE2E989B3E104CDCBD457947BEC3
:109040008B82E73E7F67923EFB2B813E5E47753EFB
:10905000E6823A3E60451E3E467D173EE2D82C3DF4
:109060007FF661BDD42451BE0EB3F7BD20FDDDBD3A
:10907000D2D79CBE2A2B143ECC0E313DF38A943DB0
:10908000A095D7BC0A619DBC87629DBDF9C31F3CFA
:1090900019A60BBC39E0FFBC7143FFBEB32F43BE22
:1090A000476A4DBE3152393E02DC58BE79F2CFBE1E
:1090B0002EAF843ED039863D343C56BCF590173EE9
:1090C0004D41EE3D432FC73D03F7063EF7E6443DD5
:1090D00030F0B3BDD3FBBFBE19399DBE35302EBCB9
:1090E0009F4432BE1024073EC6CF383C477995BC1A
:1090F000A133CE3C10C334BB2D38DDBD6FD8F93D54
:10910000F3D7E4BD02EAACBEB3A1893DD4C993BE96
:109110007376CE3C66379F3E72004DBDD4E7E1BE0C
:109120006E5BF4BD51FB86BE047B75BEFCA6FC3DA8
:1091300040095B3EF09DFA3D7A753F3DE28CC8BD2B
:109140004F67D2BDFFD749BE01A8C1BEA8251DBE2D
:10915000AF4941BE293C36BD9A6813BE7A66C7BD89
:10916000E41FCE3DB8607DBE0A9C0FBEA01257BE64
:109170007544ACBD2AF71CBF553C44BE4C10A2BE82
:10918000F45FF23CE9E7813E8C2803BE613687BE7E
:109190005F9464BDA2D48DBED0ECD0BD0D96BA3D17
:1091A000BC7953BDCF0614BEEBAE63BEF52F10BE27
:1091B0003799E3BBF959CA3C6CA25BBE4A1A81BE1F
:1091C000811DAABB925BFE3D390D38BDA0B3E73CC3
:1091D000B267A9BD50C06FBD9512CEBBEA6938BD5C
:1091E000C12D44BD6960BDBED8D19E3D7D2004BF68
:1091F0006260AEBBE9C3A03DC6C7A43D8A566EBE41
:10920000612FF73DF3AD5F3D891388BA5A09FFBC62
:10921000B935DDBDFB3F32BE4D7707BEA59E92BD81
:10922000789763BD4ED7FEBDD660AFBE7C465CBDB1
:10923000C2D246BC9F1208BE40E795BD7006813D74
:109240007D350FBDED2DAA3C885AE8BC2C8FA9BDF9
:109250008F2142BEEB603CBF634D483E193703BFD0
:10926000D4F6A6BD0AD3613EC1D61C3E3C49433E5E
:10927000F50E7B3E71CE813EAFD668BD8BFFDBBD68
:10928000C82C8BBDFC3C98BEDF81F8BDD58D11BECE
:10929000E074843D629F1EBD25495EBEB4BB36BEF0
:1092A0001E1022BEDC3EC9BD9931BD3DA57E7C3D70
:1092B0001D3CA33D74C5473DF92D4A3D3CDC9BBE9A
:1092C0000375C8BD98AD6ABFD1B7D0BE64D5B3BE73
:1092D000BCFEC73CCEC1863EA3DD3DBECF42ABBD8A
:1092E0008A04033EA5C44B3E506A14BE578EBCBED2
:1092F000CFA596BEB5C79DBE62CE3EBE8AAA36BE7B
:10930000E3FAB13CEA9B6B3D4E9A8ABE277E43BE90
:109310006F45FABD9BE707BE92FCF4BD7397533DC2
:10932000F074AFBD546FAEBCC541B6BD15858ABEE5
:1093300016AD64BEEA8679BEE9CDBDBE52BDA5BDFF
:109340008AB4E8BCCDA9D0BD644090BE3F12ECBE4B
:109350002EE71BBE8F570EBE6E820ABE6B0B91BEF0
:10936000607A62BECAA2DDBEC375D5BEFAB1EBBDDE
:10937000D185D7BD211984BE3A46C7BE441C28BE3C
:10938000723985BE46EB57BE6346A9BE270D45BE62
:109390000BC7FDBD621BD5BC36F2833C230D66BEF8
:1093A000E5EC87BE9441A3BE3F32793D0A4C993D1E
:1093B000AAFF9CB9852355BD3D914EBEFA2D89BEAD
:1093C000F16EC7BEFDC904BFC2D323BEC7440B3D67
:1093D0006D1DBEBDE58A82BE4B0A64BE9406E4BD27
:1093E0005E4408BE5FEA4EBECCA4BABD114BD9BDE7
:1093F00026900CBD00008CBD942705BE08BA8E3D9A
:10940000E3B713BE26E7C23E0115C73EAAB47D3EB0
:10941000CCA4DA3DD8B50EBE18E45F3E11527EBD35
:10942000DF2161BDA874473C318BDC3DBA52B23EAE
:1094300069CF9E3D07B601BEF0521C3E4A0DD13E9B
:109440007F52853ED53173BC4BDCF83B7561833E62
:109450007F4DCEBC8A9CFF3D2ABDCE3E58EDA03E3E
:10946000B388B73E9D7FC93EC16FAA3E9A00873D33
:109470003A2290BDE2BB9F3CCAF268BB5831D03E55
:1094800034FDA73EED2F953D2CE91D3D98457C3CD4
:10949000B4354EBD28386EBCD976E23D0154D63E77
:1094A000A22B0F3F64155A3E6390443E1A43193F66
:1094B0005655173FFCCF943E43D3673E8C3AD83E77
:1094C0007070D03E4C77163F162A213F43C8F43EB9
:1094D000DD87003F1660B53EA21F6D3ECA4B703E51
:1094E0003289353EB69D993D77F2A03E39AE1C3F9C
:1094F000689CB53D2DFDA1BEBB319EBE37A0A63DEB
:109500004681563D3C9780BDD5D283BDC80F663E8F
:10951000AF17C23E623ABC3EA8BA603ED4EA043FEE
:10952000CBFA1D3FF4D3003F5E291E3F3BCB323FB9
:10953000B893353EFF5E2B3F9742523FEF42803F4C
:109540003832303F6BEE053F7188263F72FD363F63
:109550009ABFBD3E06EC9B3EB0457D3E16EACE3E30
:109560005EDFB93E56720ABE2560C6BDD9F7993D89
:10957000C8F8CABCB03B8FBD208F9F3B03C2083DDB
:109580005F62F8BBA3002E3E8ACBC83D5FD6C13DCB
:109590001614893EE606BE3E0942513E3B6E933E9E
:1095A000AE78D63E15DD053F66E6B53E6441FC3E2D
:1095B000D053F13E70E2A63ECCC6063FB694FD3DC8
:1095C000B387033E1A82C53E7DBB983E9DDCDC3DE1
:1095D00079CE383D4BCFA93C134544BDE3788D3D52
:1095E000E4CA8E3CDE516F3D97B936BDFBB0883D75
:1095F00072D2543D423FD33C29505DBD4A5BAFBD62
:10960000C6DEE33BB9E92FBCACDC813D67F5253D07
:10961000BB14D0BD373929BD6FF8DDBDEC18A73CB0
:10962000FDADA23DFF63CA3D6BA2123E2672263EEF
:109630002FCD1D3EE2D92F3E50B2473EB5EB66BD61
:109640009EEBCABC422B8EBD9CBEE9BC401AF83AC8
:109650006204353D16EE1D3DA039D53CF8C6AE3C42
:10966000E35318BD1241283D48BD203C5F6EA33D29
:10967000356E41BDF2DD383D4BD4A4BDF0EEA43BC8
:10968000FD70F9BD9CE424BE7296D43C55E2B5BC95
:10969000E582A83D508FF93CF23556BD7B4EA13D89
:1096A000686148BD5BE49A3D38D697BDBA29DCBCF9
:1096B00055FB9ABDDAC02A3D3084043D62307B3DC3
:1096C00027A3833DDDF7823DF18E99BD13EEA23DC8
:1096D00000D72EBD18EBC7BDAB754ABEB74E8CBECA
:1096E000B49D59BE4BF0C3BE2E3CAABE1D30C1BEB8
:1096F000F0F6ECBE7609F4BE6F1EF3BEBFDAB9BE5B
:1097000037D8F1BE6456A0BEC30CBEBE20DAF3BE8D
:10971000E223ECBE32AF7CBE351141BE1AD95ABD30
:109720008C2F35BDB09226BC320779BDF8611D3D46
:10973000A2821B3D196B9F3D2BE1D2BB97C87EBE19
:1097400038F7D3BEA72432BD88AD68BE8D6805BF8B
:109750004A6FF1BE39AF2BBF1CE724BF5C512EBF4F
:1097600032A06FBE61A54EBE726768BEFB10ADBE73
:1097700040A2083CD0189F3D4D63E1BEFDEB0EBFFB
:109780005E25F1BEC772F8BD963018BE078AF0BEDE
:10979000865B72BE27944E3DC032A6BCA6A77F3D15
:1097A00030A933BC3E45513DF64D823CE9D2DDBE89
:1097B0004B775BBE82AAC83D5F6EE0BED93B36BF29
:1097C0009ACB2FBFEC8AF3BEE47B83BEAF4BDFBEE8
:1097D0003B5D11BF2938B9BEA96545BDB3DC84BD69
:1097E000506EF8BD3CFC1BBE9B231BBE648631BE85
:1097F000E9DEDFBEA93FA83DD6C43E3EF367C8BD43
:10980000DAC428BEC718A2BEED23233E62A4553D8C
:109810001057183D6A0E8DBDDC02013D5EB96ABE6F
:109820000DC666BE466BA93DFCADA93DE5972E3E33
:109830006EABBFBC0D5255BEE9A7FEBE39F0F4BEFB
:1098400017112EBE6B161CBE5428A6BE490AE8BED0
:10985000485F9DBE3B2DFC3CB8DF2FBEAE805FBE97
:109860000B7F4C3E42944E3E412A313EBA6C4F3EF5
:1098700019719F3E52F5143E7A2E203EA8F4CA3E3E
:10988000E7C633BD1C2782BD56A159BEC828B8BD46
:10989000FD1E1B3D1892553E89037A3E909E1A3E4E
:1098A000FCC5633EEEC812BEFDB9DBBEF98D02BE3B
:1098B0002E0F073EFC4ED63DF702B9BB002F523C9F
:1098C000CDC8D9BDFDB9F2BC792723BE022F6EBE2B
:1098D0001A25D4BE31BE8FBE550FC3BE44C82D3E1F
:1098E000A63BA63EE7AAD83E6529D13D5C9B8A3EB1
:1098F000FC4B8CBC73CF8BBE7D8716BE88F6B73D04
:109900000BD851BE6E40703E8C20B73DF1E90D3E44
:1099100042BFA53DE6643CBD5FB46BBE672C51BD44
:10992000B433683E85F9343DD71A083C7ECE40BD3D
:1099300060A5A43D38D7973DDCB906BE9D8B38BEE7
:1099400054CC2EBE1B05B13CE7D2D03C32611BBDCE
:10995000210387BE22A8ACBE6C1489BEA295173E17
:109960001241C63CAA39F9BE1B5BAA3DFF052B3E3E
:10997000CA9703BC582D0D3E5EF2C1BDE734133DBE
:10998000DA268A3C99B871BC34954BBD3A928ABDAF
:1099900064F1A5BD390F66BCF20770BCCC4BD13D5C
:1099A0001D940ABD89A1C93D020CA5BD6B4F7DBDAB
:1099B000AD428ABD02783E3D7A3AC63C02069A3CE8
:1099C0007E4689BE0C7003BF4062B3BDB32BA43D7D
:1099D00067489D3C216B4C3D07EE683C1250B43DFE
:1099E000A7C68D3DB55F853E32642E3EBA08483E1F
:1099F0007C60893EDB553FBDBFDE02BEF84E5CBEDB
:109A0000F118E8BD495A563DE35FE73D2DDD443E80
:109A1000789AA4BD44BF0ABD3788E33DD60080BD17
:109A200079EE80BD30F7CBBD78C173BEBD446FBE4B
:109A30006286C0BEAF37303C39E8493EA2D795BEFA
:109A4000ECC6A33DA82AC53D1CBAFD3DE030863ECC
:109A50007775FFBBC48A383ECEE2E83C96DF023D14
:109A6000257BDF3CD5BA04BE3B9DFBBDAF86CCBD9C
:109A70001D8FCF3D9CA5AA3D33B4103E3F01183E3B
:109A8000802B24BE89B5D03D3817A83D3244263DF1
:109A9000D008B7BB7F43D8BD0366A2BE02E1A9BE12
:109AA0003D077EBE6584F2BDD520493C585E2E3E02
:109AB000EB485B3D4ACE203E4867F03D51B05E3EEC
:109AC0004C0A23BD8036B5BB2123F33DE2AB013EFA
:109AD0009A64983DB0E9F63CFAD725BDE202A73D6D
:109AE0002F4F0ABEB852B0BDE1E593BEE70C91BE60
:109AF00030F6A4BCD7AAFA3D43F5623E2732023EB7
:109B000098A2DCBDE204A0BE3DA6A2BE1C6CE5BED0
:109B1000F3FFC2BE646BF2BCD76457BED66BF93E8E
:109B2000E375523D3AE52F3D616B1ABE96F38F3EC9
:109B30001D76A4BDFCB9D33C8354343E393FDC3E92
:109B40006E058F3EC1984F3E2C0A1B3EFB2E163EE3
:109B50009441D13DAA1383BE4122A9BEA9CBBDBD6C
:109B6000B2F8033DC37A433E3BF5483EE233873EBD
:109B70004F4FDE3EA199003D72445CBEF05851BF8C
:109B80005CF781BFE9B934BF2E22C7BD7B9E913EF1
:109B900021547D3CF2E0E23D40C37B3E26632D3EF6
:109BA000D9DDFC3D2CA89A3C70D08B3D2096E63D3B
:109BB000A8BF253EBDAE6F3B52699C3D4660923DBD
:109BC00017FF87BDE7F58DBE60AE0ABF906EB3BBD1
:109BD000DC02003EC63E783DDFE0C63EF5C2253FD2
:109BE00081FE2E3F39C19F3E602696BD0AE7F7BE33
:109BF000677D5CBFAC5757BF2948FBBED735383EA1
:109C0000A3C11ABE999E373E4A66093EDAF811BCD6
:109C10000CAAA03E7967083ED056AA3CC3D586BDA3
:109C2000E105A03D4F2F133E854D2C3EB9773E3EBA
:109C3000341A92BED12DE8BE75B1AEBED055E23D0C
:109C4000AC27833E81FDBE3D5C49883E467D273F73
:109C5000882D533F2C7B033F7532FC3DFE81FFBEB8
:109C60006CB31EBF5656C1BE732127BFC86B2FBE33
:109C7000C2E2A3BE4825943DD6F1783ED67D023E91
:109C80008639CB3E3F5B99BB0253B8BD6925DD3AAF
:109C9000C22E933D0D90E5BD5678FA3D7FB288BD4A
:109CA0006FF04CBE14E968BE8632FFBDF3A9803E5A
:109CB000A3C0303E6C8B8A3EB0AF263EA2EC143F70
:109CC000B8D2A43E43EECE3DA156C3BDE97EAFBEA1
:109CD0004E8A06BF6AA159BD76843CBFF28603BE98
:109CE000706C83BEAA6993BEFF0384BE87363D3D78
:109CF000E52318BE4785C1BED947CFBEC6C449BDFE
:109D00009CD168BE8DA528BE02B3C8BD486CFDBD00
:109D100076E490BE5E25F0BD51C0553D2620033F40
:109D2000B8129D3E797B733EB651063E76B78A3EA9
:109D3000CBBB073D50F05DBEC1AAB8BD615B03BEA1
:109D40009FE238BF5ABACFBE487A8FBEAD22C6BD99
:109D5000A9FFCB3D986E29BEE2D8BCBEE402BBBED3
:109D60007E2252BE4A58EDBEE778ACBEB57609BD3C
:109D7000D26581BD0C6149BEB7EAB3BE252E9FBE38
:109D80005AF351BC1B91D93D9DE3C23E6368E63E48
:109D90000F1D9A3EC1F82D3E1BA5493DD4CBCDBD2C
:109DA000506583BD4D4592BE5B77A8BE0A0B7DBE54
:109DB0003961E5BE25CE1CBF88E5E0BE4351E9BE52
:109DC000C8A315BCF32A81BE5677A83CDFDFFDBED1
:109DD0002EADDCBE4D3309BFA7081EBF282CACBE7C
:109DE000AED1DDBDD9240FBE888176BE1C5068BDC2
:109DF0000625E23E8E52D63EC581BA3E296C763E9D
:109E000075BC023EE2E1F73CA7F17FBDC5A333BEBE
:109E1000F0223EBE9D3CADBECC20A0BEBCE3FABD50
:109E2000A8103CBDA01D22BE1ABB493D2E06B2BEE5
:109E3000E08DA1BCBF772FBD109C243E2C26FCBE1C
:109E40009C07B8BE255202BFE04C14BF4D8CFEBE2D
:109E500054E5CEBEA1469ABE3E3940BD8656E63E8A
:109E6000ECF0C83E975ECA3ED8FDA53D3EF5F23DFA
:109E700044701DBEF7354EBE6BAE68BD10188BBE6C
:109E8000DB9F07BFECE9C9BEDA2AEBBE57FD5DBF19
:109E90002368B2BE31728EBEF07BD03EEC5729BE35
:109EA000A8E15F3CD67D3ABEA254CFBDDA1D19BFF2
:109EB0006D908CBEF28407BFF4040EBF0164F0BE47
:109EC000CAA0A7BE531B72BECF28373EC5E7E53EEA
:109ED000B069C83EDC1B043D1417DA3D8EA4BCBA41
:109EE000534319BE4BBB42BE548876BEF10BC3BE72
:109EF0000F0A14BFBBEDC4BECA952EBFE2C44ABF51
:109F00008F480FBF3C9BFFBE49173A3D571083BE99
:109F100004B97FBDEFA89EBEEEA6CDBE52A155BF2F
:109F2000271053BF0A3417BF84762CBF576D1DBF4F
:109F3000B1E2C1BED0D1B4BD4662493E09D26F3E46
:109F4000FB60743E1A4C94BD4F1AD3BD0A8938BECB
:109F50000810F13B48CCD2BD1CB478BEB899FFBE06
:109F6000B59212BF49D015BFF82D32BF0A9353BF27
:109F7000BC4D5EBE4C011A3D46D276BB7C6C473C64
:109F80001E6804BEF3BC88BB35B408BF84BB54BF95
:109F90000D0C40BFC94700BF7ED500BF776104BF2D
:109FA000323031BDD0B7DF3DB43706BE2A5653BE7E
:109FB00022E6E0BDAAA6293D0EF1B1BD8DB5AF3DAB
:109FC0008EB3B53D905193BDC5C326BE889789BE5B
:109FD00063C10EBF8342A5BE8E850EBF51E9E3BEAD
:109FE000B51376BD16473DBDC8EB373C6495763D4D
:109FF0005BCD21BD7F8AA0BDB7FED5BE5CDC1BBF9B
:10A00000E18FF7BE0B50D9BEAD7696BEC2F586BEC7
:10A01000523015BA0904113CEC0E53BE36DE87BE31
:10A02000EA9598BDADCBDEBCA9D3233E4239CCBD69
:10A03000DCE83C3D0E00DFBC28A0D53CF95C7DBED1
:10A04000A64AD7BEBB5190BEF1B984BEC48E85BEB0
:10A05000ED2B543E6683123D948BC6BE03767FBDC6
:10A060001C6CDE3C946889BDE39BBFBE334B33BFA1
:10A07000DA9288BE2386BFBEEEC6B5BECD583CBEC2
:10A08000E4DF8ABEA4D799BE035935BE298C19BE18
:10A09000CB6FCABD38C267BD8080033E2FAD4E3D39
:10A0A000D944023E27ABA73D2F55E13B4B17D03A91
:10A0B00091EAFEBBBE40073E37C83D3E448B72BDB1
:10A0C000A59A80BD8E2758BD91E51FBFCAC4683DC3
:10A0D00086514B3D0BDC24BDB6129E3D5FBDFCBEE0
:10A0E0007424823D2A0A0F3E4E4B863C30C47CBD10
:10A0F000786380BD263EADBE1AD58ABD75F516BD06
:10A10000EFCC9FBE49FA75BD1B560C3D34CF093EBE
:10A110002F40263E003FEFBDBD56A43D7EDDAE3E46
:10A120004A27A93EE931E73EBCDF9F3E75C1403E6C
:10A130009A23B43DC9AE98BD4D4B03BDB46566BD11
:10A14000A48AF1BC387A393C403AFEBD128B0A3EF3
:10A150000A30B63EC309503E25D44F3D7D24453ECE
:10A160009FD55D3D413DB5BE25B712BE874BF63C40
:10A1700099618ABEC91C59BDC5E6483E752312BD0A
:10A18000D72FCBBD5BF88C3DFE8E453ECCB4263D33
:10A1900092069D3E4CB5CF3EB424823E847B573E12
:10A1A0002643513DF320E3BDDD6515BDBC86AC3CC7
:10A1B00034CFF9BC532568BD74BC003D4892023DC4
:10A1C0009B335CBC8E9D7F3E6F57D13E37020B3F69
:10A1D000E4B2E43E6B0CB93E6BFB4B3E27D8283E05
:10A1E0001AF27A3EBBCD853DC4B1C33D455F76BC16
:10A1F000AD7742BED9FA083EAC75A73E15699F3EC1
:10A2000080794A3D2879013EB8351D3E929EDF3D5A
:10A210000B3F2C3DB9EEB03D0C11003D9DA455BD4A
:10A220004C2A02BDC057263B126193BD44DDDC3C85
:10A230000D95903C007AC6BB44EA91BDD02930BE52
:10A24000C67FB0BDACE0A13D3D15C53DE1351A3E30
:10A2500056456A3D5E3DDA3E8563DC3ECB06E93E0F
:10A26000E6F1313ED4D4AF3E2FA3B53E00480A3FBD
:10A270008E7C1E3F8F3A153FCA0F0D3F12CE383EDF
:10A28000249D9DBD7BCAA2BDE08885BCBE98C0BC94
:10A29000336903BDDCEA953CF00B833B4814763C04
:10A2A0005AE635BDBA18653D26751E3D00CDD23B38
:10A2B000E0AD363C86E6DCBC0C9AF43CDED0443D96
:10A2C000E4939BBCD48F75BC9E0B003CB12A4EBD61
:10A2D000CAE3293DFBD5A83D00FFA03912C9463D80
:10A2E0007E8898BD2C3550BD16E12A3DA0BEA03B0E
:10A2F0001B3C8C3D0009A7BAA48BA4BD96F07B3D06
:10A300004306A2BD90B4163C740883BD90D4403C73
:10A3100072612E3DA29A963D3F653E3D723CD6BD90
:10A320007F464BBD72EF0D3DFE79A5BDDBCFA4BDD1
:10A3300067C839BE30134ABD4895F73D1513CE3D69
:10A34000AF258BBECCDCFDBDC7471ABE72FDCBBDB1
:10A350008FE5CDBD133BA3BDEE916ABC9EAE9DBD06
:10A360001E9D9BBD5542AB3DA8D1043DF12B813DC7
:10A37000ED8E9D3D46DF433DE43199BDEA90A93D18
:10A3800043FA86BDE1D7CFBCCEE926BE3CCF593CCF
:10A390008EE589BE01205CBE08821FBE39ADDBBDE3
:10A3A000475974BEED8115BEB8DE51BDA80818BE70
:10A3B000503A373EDC729C3D1673193E650EB03D37
:10A3C000A923E7BDD75500BEB1A184BD866B963DDC
:10A3D000119F2A3E9267B63D1761A8BD12DC0BBDE6
:10A3E000E0FD393B269873BD9B16BC3C82604B3D1B
:10A3F0005FE774BEC76C3C3EA16D363B1F7A09BE59
:10A400004E22553DA24DF63D888449BC7F21753DC5
:10A4100044ADB63E0BA5873EBF28493E0269993D33
:10A4200045F04F3EE9B342BDA09617BEF314C0BE3F
:10A43000CFE382BE0127A9BE0583E3BE9804B3BE65
:10A440004F1090BDC59A033E743C343D631F10BD50
:10A45000FCDB83BDC69340BD02D0CF3CE917293E4B
:10A46000C4C3913D0FB1D33D3CA881BD55FC1E3DF9
:10A4700050D777BCCE08003E0A5E023E753DAB3E2B
:10A48000EE2D183E3E532CBD4DC1D73D5B1C533EB7
:10A490008DEDE83C16F11B3E31B2743E695EFC3C2A
:10A4A0002D9C22BE4E0D86BEA7716FBE45F5CEBE59
:10A4B0001442CD3D92CD3C3C1C2815BEE0B89ABE5E
:10A4C0008EA6763D46824C3D2B7BFE3B4EA3C73E7F
:10A4D00004B8913D65BC383E4F5206BEEDB571BE25
:10A4E000688E0EBEDC1DC2BD6E563C3EC8251A3DB0
:10A4F0007EE2D63C142BBD3D5B8832BD55FF003D4E
:10A5000036A2533E95B73A3E786A303E57BCD43CAB
:10A5100004A78C3DD94DC6BCCC241EBEA8B902BE32
:10A52000D62DD1BD388CA8BDE2D7D03CB88C9ABC12
:10A5300080D24C3BB4DABE3DD7F9DFBDDCEC0C3D3C
:10A54000ABA82F3EF86A203ED628863EFB88373DD2
:10A5500031E48A3D33FB803D1AB7AE3D494D753D30
:10A5600043DAB2BD41D0503D17FE5C3EB1A73D3D40
:10A57000DCE25C3DCE76F93D06F4343E800970BDE8
:10A580006CD6273E3124923ECAD381BDD11913BD6A
:10A59000B76D513EB17F3C3E290F123FC891B03E8E
:10A5A0008BC2FCBC2CDB903EBFED05BF458D993DB9
:10A5B000FD1D6E3E0DD0683EBBACAE3E45FEBE3DC1
:10A5C000336179BDC7D8903D0575513DDACE1F3E48
:10A5D000C011C93D4866473DF564C93D1D0D5ABED1
:10A5E000B924F5BB18CA27BDDEEAD5BD9E98BD3D8E
:10A5F0006780063E1459AA3D9237873D9B741B3EE7
:10A60000798C023CDA2DC43C7E9AA23E4200B23ED6
:10A6100022DF683DB04415BB45810CBFCBF513BEAE
:10A620003BE6423C0191BE3D3CE3033EFE724E3DA3
:10A630004FD2153E81158B3D3201A33DB1D4E8BC0C
:10A64000029CEABD636538BE0DC253BD4A12EDBD22
:10A65000C9C493BD54479BBC38D8E3BCA7AFB23D37
:10A660000DAC403ECE6FBDBA16410E3D522505BB26
:10A670006BDC723E036A903ED49CD53E6ACC9E3E13
:10A680008967563DE69C0EBE4299C2BD9472FABDE2
:10A69000E6F1853E2816313E50CD4E3D235B523EBD
:10A6A0001854B43D77EF76BD144D56BB7B110BBEED
:10A6B000FCE01DBE172B39BEF0520EBE77E3E5BDA0
:10A6C000687682BDA6B7E0BDB510473D9D547EBCFF
:10A6D0000D934B3D962303BDA81558BD9BCB65BC80
:10A6E0007A4EE13EE6A14A3F286BF13E0A7CB63E37
:10A6F000D27A673D258041BEE63DDC3D22A008BD03
:10A70000F19388BCB7C08D3DA6BF003D12801F3EAF
:10A710008CB68E3D4D0CC6BDF5574FBEF56F1EBEB7
:10A72000D9AB4DBEE9BCE2BC2AD84BBCAF3181BD30
:10A73000D6458EBD39520ABEDCAFCCBD3458C7BD3C
:10A740000DC4CB3DD318C13DCA5ADC3DF7AE1F3E08
:10A75000339E333FFDE16A3F3930413F5220E53DB2
:10A760006BC3CFBCF89037BE38A858BD93405BBED2
:10A77000EB2687BCD06927BEFAA1EDBC2B5F81BD5B
:10A78000323774BD3903B8BE7247A7BE51A9F5BDB3
:10A79000F379D2BDA0C7233E94B6173E64C6DDBC94
:10A7A000CC780DBEFF7395BD064CD4BD188659BE3E
:10A7B000D8E5683DB64A623DF561A5BD6857AC3D38
:10A7C000236B3F3E2A45FB3E10960A3F946B18BD13
:10A7D0005E106CBDEE3337BE894325BEBFC6F4BEE6
:10A7E0008D6F193E66E4AABEEBC4EFBD7F76D13D06
:10A7F000B0BD60BDB40DF2BD85FA523E8BF7663E2A
:10A80000B5C7313E196F433EF8BC333E253182BE99
:10A81000DE83CFBE7B1CBFBE288189BE96F91DBEDC
:10A820001B48323E672FA4BDC590E3BE57D702BF79
:10A83000312346BF758A96BE0A7BC93E9DC5C0BD01
:10A840005A4BC4BCD35CEFBD1AD683BEC86FF8BDEB
:10A850004E4E193E1EA591BD86E161BE4A43883D1C
:10A86000F9179E3C8D21C0B95352A73E5D17B43EE7
:10A870007D58853E70A4563ED4ED353EA582FDBE82
:10A88000063991BE35FAB9BE729E60BEE309D43C6A
:10A890003C4DBA3D6BB0F4BD31AD83BEEE61C5BE7B
:10A8A0000B45D8BED9C69BBE435D3D3DE68EF3BB8E
:10A8B00051FF1D3EA4EAA33D3F31A4BE0A2F273E0F
:10A8C000C994543EB396B3BC71460FBEFF0C253EEF
:10A8D000CDDABA3DD147303EF2F0203EF0CA363EE6
:10A8E000D5BBF93D71D188BC111222BD974878BE05
:10A8F000B0C3CEBE7E0D9FBE5E98FFBD90C8D0BDDA
:10A90000706A743EB4C9963C4D40C8BD141120BD58
:10A91000D41C3F3EB1B830BEAB79383E2E8737BD30
:10A92000931D8B3E3EAA4A3E33B6B9BE14D2B1BB8C
:10A93000D8C5993EC5DD083E7EE82B3D7B64E93CE9
:10A9400033D2AFBE842622BE71D687BDAEF8043D99
:10A95000DCCF083E0059263DCF79BBBD3E1D8CBEE5
:10A960002417C9BEC002A3BECB8318BE4F50FD3D05
:10A97000A840C03EA0E6C93EA7D5443E52D49A3E68
:10A980009B71353FB561D2BD2D46B83E5DEE513E5F
:10A990003E7F0FBED239313E222D8E3C6FA857BD6F
:10A9A00053BC9E3E1114223E279130BDDEC213BF20
:10A9B000822E51BF72C568BFC87C3ABF3DE2C1BE9E
:10A9C00064ED07BEB59331BE332CADBE731B7ABEAA
:10A9D0006DD566BE385593BDB223FD3C899E713E50
:10A9E00086E5BC3E0C20C23EB26C0B3FE450233FD8
:10A9F0009E550D3FEECC073E1BC01B3FDF18503E5F
:10AA0000D3D987BD4F19923E3B1E05BD6BA8023FAF
:10AA10002DD8513F1748CB3E49C6D73D160FD7BE5C
:10AA200020FE8EBFB6798ABF3F0E89BFD6B371BFF5
:10AA300053956DBF04D320BF243C0ABF0FEECDBE9B
:10AA4000B0291ABE1BC89B3D495F523EBDE5753E0D
:10AA50008D675A3E700A4E3D42FC4E3EE7E49F3EF3
:10AA60009DB2663D8A805EBE243AACBE78A8AC3DFD
:10AA7000F8B68C3E70C5B53C9AF42D3DA121C93E77
:10AA8000FAAF013F56D4163F3EE5AD3E1CE176BE1F
:10AA9000281B0ABF745407BFAD2AF3BE72A625BF98
:10AAA000CF9623BF7C2AB7BE184DD2BEE6AECABD34
:10AAB0002A3F803DEE14623E4FA15A3EF01B613E9C
:10AAC00056FEA83D50EDA43C06E8343E068F853E78
:10AAD0000B84173E36323ABE5FE003BFEF848FBE71
:10AAE000EB0778BD65710B3DCD18DE3D71C8903E1A
:10AAF00003568A3E58F5F83E23A8C73E71E3D23D7F
:10AB000077A21A3CB2A121BDABC2DDBC29F9C03D80
:10AB1000B7E1423E7480143EC1D5563DE29AD53D20
:10AB2000BBCB243E59F3AE3DC993993D4A045FBD6A
:10AB300030BB0FBD5F3BD63D24C2E5BB06CE813E98
:10AB4000F6C37A3E5A8F58BDF9A9D13D435D19BE6F
:10AB50007677EBBCF869C63D8708663EBCFCBA3E1A
:10AB600094BC993E18F8D03E3A7F9D3EECC0983E8A
:10AB700072439B3E68ACA13E9916893E96B2C93E8F
:10AB8000172BB83E97B6A23ECDDBB83DC865073E51
:10AB900013B94A3DAAD641BD1E45E03B1A812ABEE3
:10ABA00064001FBEB5CC04BCBD0D503E0C36733ED8
:10ABB00071D3F13CE63A4ABE851D3C3EA8E1343CE7
:10ABC0004715153CF72F39BEF7B2CC3EE386953ECC
:10ABD000199D1E3E13092B3E8FA6563EECCBD83E48
:10ABE0005DC5853EB919063E8C4A533E5EB09F3E18
:10ABF000F4BF903E7E71253E55E5413E78294D3D9E
:10AC0000E0F521BA57C648BDC7C12FBE24D08EBEBD
:10AC1000503D8DBD4575F4BDF504133D86C0EA3A3F
:10AC20006B974EBEBC89C9BEFA572A3DB7918D3D80
:10AC300058D34ABD3EB8CDBCFCD11E3EDBAFE63E8C
:10AC4000504509BDD5B57ABC6D71043DE016E13DB6
:10AC5000EE2D753E4AFE6A3E47A8903DB5C3413E83
:10AC6000E3A6A73D69E8C63DD9A5083E6CAE0E3EF9
:10AC7000175E3ABC484EADBD5644D7BDCB2D70BD16
:10AC8000563A0EBE32338DBE088219BD90B9463D8C
:10AC90006AF5B5BE051652BE73F6543E6A5F8B3D2B
:10ACA000803EA9BCB67BDEBC593DBC3EFB57213F74
:10ACB000060EBF3E5CBB7D3ED8B3B3BDE02F143D56
:10ACC0002CB92A3EDFFAED3EA88BE13E98798D3E05
:10ACD0003FC36A3E8C68C03D85449D3D91A3213DA4
:10ACE0006ACF10BD7897163EE1A1153E04254FBEF0
:10ACF000ECC353BEA6EE48BE4F445EBE154900BE2F
:10AD00002B4FEE3CC2832BBEC503A93E8E390EBD30
:10AD10004FE6893DFF6101BDCB691E3ED15A1B3F05
:10AD20005635963E9887733E613C3C3DCE4DFF3D87
:10AD3000F0432F3E6963553E374D453E9DEF8F39B9
:10AD40003AC97B3DCA085E3D3F34A43DFEFDF83C58
:10AD50007BB4383CD32E5F3E69BD8B3CA72262BEDC
:10AD60009491513EEE102F3B34E67EBC2EF26BBC2C
:10AD7000A3D8E6BC21528CBCDE14783DE655453D97
:10AD800026E47A3D1A514E3DA2DA983D99B71C3B14
:10AD9000E19F99BE0DD0C13E4539493DC71092BED5
:10ADA0000EC407BF96A4BBBE75BAA6BDDAC2E4BD89
:10ADB000B2EBD13DE26D4C3EB49953BECA30B4BE45
:10ADC000C8C07EBEE90B02BE876E9DBD73BF473E05
:10ADD000568119BEBEC195BD246881BD2DAF093E07
:10ADE000B06E793ED627393EF932CE3DC26B1FBDDB
:10ADF00028A187BCBEA54E3DAA482C3D01CDDC3B19
:10AE0000FA02863EBF739C3E1BD8DC3CC3291ABFA6
:10AE10003A7D83BFB372DBBE030065BE6CE0B6BD96
:10AE2000C07A8EBC9B7EAABEEA3855BE1F23893DE0
:10AE3000C96864BD1A4998BD253D943DF92143BEBA
:10AE4000A153823E82D6863EF0F336BE06AAD1BE1C
:10AE5000F28BED3D92A632BDEC36F5BCB0B20BBC28
:10AE60006BDF9CBD401923BCF33DA03D62FD95BD49
:10AE700089795C3DF1B19FBDE61461BE080E70BEDC
:10AE8000EC72BBBE13F218BFF3EB08BF0DF7F7BEB1
:10AE9000825C00BFC3B8E2BE37BBADBEEC8C89BEDE
:10AEA000EDCED2BE93B3F6BE70CA8DBE226B07BF85
:10AEB0002C0681BEE07CE7BE5901E5BEA9285BBE39
:10AEC0001E3A363DE4394EBDDB5C1DBD4CB23ABD89
:10AED000801B3BBCF8570F3D8D79AA3D5424A5BD7E
:10AEE0004FD9953D0080323852532FBD1DEF1ABD0A
:10AEF000787FEDBCAE693D3D2BCC973D02B27B3DEA
:10AF0000DC4D0ABE38598EBDAE8F663D1E0F893CA2
:10AF1000582383BC7CB9203D0254273DFE25F1BC5B
:10AF2000582A0F3C2496073DC0B10C3B3AA2423D43
:10AF300008289FBC8D268D3DA03389BD3B57A5BDFC
:10AF40000D468DBD1CF6CDBC9DA70DBD70CFFDBCC3
:10AF50008175C9BCFC52F2BD0D3F52BE33457EBE69
:10AF6000EB3A38BEF12267BE330BAABEDE3ABCBE56
:10AF7000933F9ABE6BAECCBE16496CBEB226B9BE2C
:10AF8000AFB901BFB2D405BF0862DCBE2826D3BE6C
:10AF9000AE2913BF280FDBBEC214A5BECFDDB5BEE0
:10AFA0008051B1BA3510953DBFBA9C3D678C03BD49
:10AFB0006402B4BC8A32153D77A4C3BD89F8A3BE30
:10AFC000ED34A9BE480F00BDDCB9B5BE7534C9BEAD
:10AFD000CC9C12BFCA2D34BF42AE3EBFC6A743BFF2
:10AFE000A58340BF277835BF8C4A2ABFE0390ABF06
:10AFF000691418BFCF2F69BD5E452F3D888EFEBEF8
:10B00000D2E59DBEB0572CBEB3958ABEA9881EBF9F
:10B0100065F2D9BEBAAE98BE96063C3D6E29503D4B
:10B0200024EDF83CC074653B724EFD3CB35891BEB4
:10B03000528FDDBEAB22BFBE2D4421BF035782BF5E
:10B0400003CA71BF1F332CBF994332BF03F84EBFF1
:10B05000438854BFE09468BF41424DBFC60C90BEC8
:10B060009282D3BE2841D6BE62EE47BEF6344F3C34
:10B070000F109ABE89E833BE531520BDA35B85BE71
:10B08000D421D7BE77A140BE6DF65FBE8B3882BD9E
:10B09000A4E2A3BDEAF309BC10667EBCEC0D8BBE36
:10B0A0007F06B73D84231F3E0392833CD4CD6DBE03
:10B0B000791AE5BE8FFA9FBE2509D6BE652DCCBE96
:10B0C000124080BE0650A2BE545990BED5B002BEFA
:10B0D0003EEEF8BD831ADEBC97BE4DBEC22F9DBEAC
:10B0E00029E216BE3CE100BE394ECFBCC6E7D5BD55
:10B0F000E05D87BEB05BE2BD5B78DDBD80BB93BE2B
:10B10000FF09A13DECB575BD5097F13CA38B13BE73
:10B11000C61D78BE72F0D73C01B35DBE1C9303BF61
:10B120001D618ABE13864CBECF4FA9BE00473ABEF2
:10B13000ECFD10BE1F504FBEA23A59BE823E44BE27
:10B14000981B5DBE3C9134BE30EE3CBE024BB33C1E
:10B150000440EF3D8F0990BD225D3D3E6F78D0BD2C
:10B16000741E92BE05C384BE20E4DFBDFB681DBE15
:10B17000A02FD7BC6E7131BE7C9FDFBDE0D0CCBEAE
:10B180004D62B2BE08A2ACBEA9F1DBBE3857DDBE2F
:10B1900058CDADBCD178DBBD288F89BEF5B59BBE3F
:10B1A000910CB6BE755FD5BECAF398BEDC1F3ABE21
:10B1B0002F5EAA3CD515D73D6A3A023C291E0E3EA9
:10B1C00008DD303E41298ABD0C704CBE84B92DBDCE
:10B1D00057FA8C3DE5FC3F3EAFB9E33E8562973DB3
:10B1E000CA128B3D949A94BE9ECCDEBE662C07BFDD
:10B1F0002AB9D5BEA0D797BE4CBAAFBEDAE881BE99
:10B2000088F4DF3D7CE017BE270DB4BE6376CABE6E
:10B21000C41AA6BEEDD953BE7C0341BE42BC4B3D11
:10B220002EAA5C3E79A30E3D6E4F7C3D84668C3D1C
:10B230002DEDC6BD6FB39ABD9BAA69BD3EA48F3DDF
:10B2400012125C3D1244DE3DD999803E11C0043E8D
:10B25000719B2F3D383970BE3CA51CBF7FCBAABE69
:10B26000E6350FBFB0734CBDA6C1543D9A45C3BD72
:10B2700018450ABD5D0F6ABE350A8ABE74D6C4BEC3
:10B2800010E48CBE50BA8BBE2EC04DBE917851BD1D
:10B29000F794C43D1FD6953D38581A3E24672E3D7D
:10B2A000F4D5A1BDB9D1BBBCFAAD35BC6CC0353E3F
:10B2B000FFBEC53EA0DD1B3FCC388E3ED46AF83EB3
:10B2C00057A3A1BD9C2C6BBE9A203DBFF4A21EBF0C
:10B2D000CE0FB5BE5A1781BD5B1F173EE241253C1C
:10B2E0008EC5D83D2BF9273C668BD3BD9E907CBE86
:10B2F000E3DFA5BEA90A48BECA27E6BEDFF59EBEAB
:10B30000B631BDBCC2CB8D3B79B2B13D32623E3E5F
:10B31000567304BD80518D3D4F49213E4FF00D3E87
:10B320005987613EB177AD3ED08CCB3E0705D4BE88
:10B33000A31D26BD6BE705BE89D5F5BEC7ACDABE39
:10B34000568D843EA851843DCE5A5F3E3EACB43EFD
:10B350001678E33E2D95C63E6D329E3E8D99F23CA9
:10B36000720EB03D1C5ED53B5611A5BE537792BE02
:10B370002CB958BE26783FBEA302A83DE8D1873E2F
:10B38000B393033E8B129B3D07B3053DDDA62DBD58
:10B390005F2A8E3E41B51E3E8942423E59049DBD04
:10B3A000475594BA97FB23BECDCFF3BDABBD403D0F
:10B3B0006621193FC4D70A3F927C083F5F59443F3A
:10B3C0003206043FE77C1B3FBE480A3F627BCB3E10
:10B3D0008A65F43E38FC573E79F5CE3D3659BF3C80
:10B3E000FBA5BB3A629C1CBE8544A63D005CF23DB9
:10B3F000ACEF8BBD2B06FFBDCDF7D2BD426D033E3A
:10B40000DC76A03EBFE0DD3E3A853B3FC0897C3E16
:10B41000772491BDDD95DFBD0B9ADD3DBB7FED3E11
:10B420006AAF3A3F0861183F2B8C093F70224A3FB0
:10B4300089E5143F46522F3F135BFD3E2D21B53E5B
:10B44000D5D1163FD8AFA03EE47D183E13872A3DE4
:10B4500021A59E3D5FC9AD3D7F63893D3D6AB53DF8
:10B4600042684B3E033F3D3E2FE6EBBD298A923DAD
:10B4700041A2AC3D279D273EEF02403F738A1F3E0D
:10B4800022856F3DCBB1B23DB4E90FBE4604AA3E62
:10B490002BA7FF3E7319E03ED3BC9C3E96EECA3EFE
:10B4A0007EABB73EAF36A03E7A881D3EAE385C3EDE
:10B4B0000D0C943E5696173E6DBFBA3D3D32E53DAC
:10B4C0008089603D3D6F153DC871BBBC5F6D4EBC52
:10B4D000E55CA43ED2B00D3EF3C73B3EFB7604BC18
:10B4E0001C7346BEDF59EFBDC23F3A3F8D6CA4BB13
:10B4F00062BE593EFD49CB3C8A4F62BEFB89563D38
:10B5000016F9D93E44D2C33DABE9393D9D50D23AFC
:10B51000E3C96E3EE771FE3C7222BEBDC5BFD1BB22
:10B52000A1707ABC6006823EADB9403E954FF43DB5
:10B530009A46213E8AD2BE3C1DC188BE1E4E0CBB1F
:10B5400060DEE83D655DA73C3ACB9EBD7CB504BEA0
:10B55000C0EA71BEE2942DBEDB9C0FBE4C309BBD99
:10B56000F583063E13E9DDBB7C8C1EBE2D625C3D7F
:10B570003FC9D63D541234BE02E111BDC09274BE23
:10B58000E4FDE93DEEACE83DF7F793BDBF0E8FBD9E
:10B590007AAD383E2CD2363E6A9EBA3E8C45F63D98
:10B5A000E344533E5687333D008516BED5F05EBD5D
:10B5B000D06CD7BD323189BCD7EB43BD3382C6BE18
:10B5C0000305C0BEAD9C92BE8C3E6CBEDA360FBE8B
:10B5D000083255BEB00DE5BDF6E6C9BEF4910EBD0C
:10B5E000E084B2BDFDD228BE75E8D4BD343682BE3B
:10B5F0009AD846BE484B05BE02621DBC4213133D9D
:10B600006A5D833EC62CB33E0875813EA520773E19
:10B6100014AE043E0945C2BD0A93183C4F8426BEB1
:10B62000615E5DBEDC8DA8BD545DAFBD8DCCACBE92
:10B63000DD0EA9BE4FA6DEBE75B8D2BE7D95AABEF0
:10B64000965D573D25DB593BBE8944BE9C14D6BD53
:10B650001342D4BE95E53FBE06B7183DBA8593BEEA
:10B660005DB695BEFD7E02BCD564313E16889B3E1C
:10B670007671843E5069F63E5FFCDB3E3BCD7C3EFE
:10B68000F70CCF3C1AC45ABE865764BD7E1E60BEFE
:10B690005E527FBE43930FBE85DC91BEBB59E7BEB1
:10B6A000DE3E41BEC9560ABFD5CBEFBE2B3FDEBE44
:10B6B0009F81C53D9715D23BC362A23D7F9F85BE4A
:10B6C00065D3D3BEAF3F55BE5DEE02BCEEF44DBEBA
:10B6D000961482BE5D2283BE1A8B64BD3D32443E09
:10B6E0002184423E0559AA3ECDB46B3E88637CBDA1
:10B6F000D553A2BE2609DCBED4F1BEBEB8EEC8BE8C
:10B700007C144DBEB0B7C1BEA7D1CDBEC4FAF7BD43
:10B71000622E5C3DF08BFDBE7AC084BEF9A2533E22
:10B72000DD7A26BB61C4F7BDE34C8C3CC9BEB8BE14
:10B73000C30B40BFB5BA6FBE23755BBD164682BE54
:10B740005C4888BED086F9BE1D39CBBE5B0E05BFF6
:10B75000D71CC1BE5F430DBEA96461BEB27ABEBE36
:10B76000B8CC83BE215AC2BE797D95BE64AC2CBED6
:10B77000FAFBA6BE9D144DBE943A8ABE5E23B83E27
:10B780009BD9023F3A40C13DCE8E84BE710D973E9B
:10B790001475B23C3E7C74BEF99CA4BD17B035BF95
:10B7A00007A652BFEBCC85BEBA9E68BE2B118FBEDA
:10B7B000610D2FBE871DF5BECC9EC8BEEB95C4BEE5
:10B7C0007C7704BF6290B9BEC5F3A7BEED1EE4BD91
:10B7D000DF8F0A3DECA9C03B6CD88FBC72B686BC2B
:10B7E000E3069BBD536B343DD29D7E3D51BBA63ECF
:10B7F000E4B61F3F2040C53EEF2BD8BD117A113D66
:10B800006982303D62B6C5BDAE82C8BE2C1A47BF44
:10B81000D4C4FABE2B681CBEF95882BED50998BDA7
:10B8200073A050BDF7BA2ABE92168ABEC03C72BE43
:10B830002A6CB7BE6BFF89BE969A39BE66167EBD6E
:10B8400016F3D1BB84D2DD3DEB4F353D5EF40E3EA9
:10B85000ADDC793E0B0B9E3E1FB2253D5E567F3E12
:10B8600011CA233FDA58E73E2E1AC4BE80F15DBDEF
:10B870002FC631BB80E405BCF9654DBEBD94D73BF6
:10B88000C161B63C2D72B8BD0EBE8DB9000E33BD80
:10B89000055B09BE5D26093DD2921BBE0A1F8FBB08
:10B8A000BAC670BD6E6CF3BD7FA3A3BC9F5501BD2E
:10B8B0001C0A99BD7AFDA93D451C773ED7709D3E77
:10B8C0002467B33EBA997F3ED675513D120A7F3E3A
:10B8D000B293AA3E9500D23EEB79953E71188E3B0D
:10B8E00060C487BDA42A9BBCF42F843D4AE17D3D02
:10B8F000678D29BE83EF3C3A2DEA953DCB4D5EBD69
:10B90000D16A0F3E09DEA73D9325983DF8FE4E3DD6
:10B910004EC25B3D7143B13DA595093E7A483BBBA4
:10B920000064E13D1367E1BCA8AD9F3C9308473E2E
:10B93000D3F4893E5FA6A73EF43A5F3E388D653E5C
:10B940009F177D3E01C43A3ECAE0DD3E20C8C4BC1C
:10B9500042F5273D2D4698BDFD7FB6BDB8021EBEFF
:10B9600031057ABFF4B7F3BE6FADA3BD43FFF2BCA0
:10B97000E0C03E3E3492523D10F205BDEC2A5DBA65
:10B9800017AED3BD45791EBDB03311BE3DF996BD8E
:10B990005ECF5EBE445D95BEA320CC3DCC45C93E86
:10B9A00094542F3E6DBCD23D7B7BD33E0AC3493EAF
:10B9B000EFC1C1BE99EE99BEAD1529BE90A9BB3BA2
:10B9C0005E7D443D244F50BDA07F7A3E1F1E2A3E1F
:10B9D0008AA783BEF647A6BEF3ADD13DFAAFBEBD82
:10B9E0006C3003BEFF42C1BD85788DBE5C08DCBEF5
:10B9F00046D2E1BEEAF35BBED47A3DBE99725DBE2B
:10BA0000303000BE4655AC3D137EA8BD253FAEBCD0
:10BA1000216FA43D189215BEE721D23C4F5CDB3E5E
:10BA20001DCDA83E62702CBED2934EBE60FEA3BC5C
:10BA30006012CA3B209106BB505F0B3C43377A3DF6
:10BA400036B90F3E65CE803EAEABDEBCC5940CBFB2
:10BA50002FB1EEBE525138BEE37388BDFCBB2BBE86
:10BA6000F2680BBE08D283BE740A86BE68DDAFBE24
:10BA70003F8043BEFBE10D3E80743EBEBCB510BFAF
:10BA8000A6D2BDBEC7AAE5BDE1502D3E2FDE883E41
:10BA90004C70163D52088CBAFAEE2F3DE685603D9B
:10BAA00074C7F83CCB809B3D407968BB434FA03DB9
:10BAB0000BD3ACBDC94CA8BD00390FBE81153BBD31
:10BAC00013E5BCBD0347ACBEFB1DD2BE54C3C9BE0B
:10BAD00079C3A6BE58128BBE101659BE5D6B2BBE25
:10BAE000233AB8BECAFAC0BE6C44863D128079BD06
:10BAF00030BF08BE8C0C3BBE1427033E37F884BE13
:10BB0000C6795D3D025000BD9F49A33DD823203D2D
:10BB1000392F8E3D06A8A2BDA3F98B3D74ED7EBDE5
:10BB20003C5DB43C7294183D2AE16C3DBE68303DEA
:10BB300055F720BD905CEEBC0067353B29B38A3DCC
:10BB40008AA5C0BD009F8EBD02E4E23DC97E773D5F
:10BB5000922146BDB4C7D0BC0838423C9F8D843D7D
:10BB600080AB01BA7E4A4A3DAE37743D709A3D3C87
:10BB70007208D4BC80F0923A75D4893DAA3591BD43
:10BB80000879B23CA338A9BD50B767BC892803BD6A
:10BB9000644A4CBC7A18DDBD207063BE95E745BE93
:10BBA000D9EF44BE7E5193BEAE9B99BE26B99BBED3
:10BBB000B2D0BDBE0EC019BEB2706C3E77760B3EE1
:10BBC000E20B273E7690ADBDE1CB7ABEAB239CBEA7
:10BBD000E2A4E1BEC43664BE9FEF8FBD1BC406BEA7
:10BBE0009030653CEFCAA73DEBE363BD2A3508BD45
:10BBF0001826853CE009133DDCDF8EBD475F47BC5E
:10BC00009FCA4ABE438760BEF47B84BE5C79D2BEC5
:10BC100052CC8BBE1C16353E962EEEBC1DC864BCA5
:10BC2000F038133E01E9093E24E32C3EBE68B03EE5
:10BC300065F0FF3D6F3D1BBE3BA2BBBEF45B35BF55
:10BC4000212DF1BEB95B91BED0E49BBEF2EA79BD75
:10BC50005EBC943EDE10593EC6F86E3DD618083DD7
:10BC60008CF211BD66FD62BDA54E66BC7EF92CBE90
:10BC70000A1331BEA2B7103EC4BAC5BD7F54CC3D35
:10BC800041993A3EA837273DCE29B5BD92458D3D15
:10BC9000F9E2123ED6A3AB3BF58E89BD183E01BE3C
:10BCA0002A0647BE930567BEB8B42BBF7FB042BF1C
:10BCB000C47221BF109A25BFF99DF4BE57F732BE5A
:10BCC0006B92E8BCFC78DA3DC3771ABDD0A1D1BC39
:10BCD000F27D4F3D894B033D3312DF3D10FE053EA3
:10BCE000A57D993E1109CA3E4BB2DD3D6E8734BD3C
:10BCF0008749A83E20795B3ED8D33B3E8E12043E56
:10BD00002262003E8DCBA53D05A9FB3C8A3433BEA3
:10BD10004BCF8BBEE06CAFBE0B66A0BE7D2415BFC3
:10BD20000F8A23BFBB5534BF620D04BF49EFDFBE8E
:10BD300034FD8EBEC06B8E3DF81A9B3EC2E4B03D12
:10BD4000DA993B3DF926A73DD35C1E3EF035EA3E2D
:10BD5000C8280E3F326A983E669E283EED2B35BDC0
:10BD6000E5E0EEBDD79966BB2511083D8ED20FBD2B
:10BD70001934293E8454A73DE44D8D3D6858933DC8
:10BD8000BB8379BD96564CBEECC33EBE72E558BE31
:10BD9000A2F0ECBEDF90F4BECB69F8BE554B18BFE5
:10BDA000C9516BBE8B3BAF3D23B728BDE874F9BDCD
:10BDB00062E9763DF4E3033EFA2375BEDB7BEF3E9A
:10BDC0007837B83E287DE43B069C803D2814B1BD01
:10BDD00076818ABD681C383D3A010B3EB1859F3D96
:10BDE000B90208BC1C57E73DC24008BD373A0CBD3C
:10BDF000ABE9C13D8AA1FEBDD1E9A4BDF334EFBEDC
:10BE00001DAFE8BEF544F0BE974E31BF69810ABF51
:10BE100050619DBEBBCE4F3C6E8BF6BD79EB00BE34
:10BE20003D16773DD2AFC43E4958F5BD2309C63E05
:10BE3000791B403F22650E3EE8AC3CBCAD314EBEA6
:10BE4000E9E6F1BD25999FBD517E7A3C5C1F38BD66
:10BE5000AF4BAEBCF0E9DE3D1DF1DE3D79C10E3EDB
:10BE6000093D043D210719BE6C4097BDB37384BEE4
:10BE7000FCB20FBF56E95CBFBE9161BF8C3C44BFB2
:10BE8000237913BFFCE151BE9A4CC6BD3B693CBE51
:10BE9000A2CF28BC5EF111BEADBBB5BDF5369D3E4F
:10BEA00016AB123FA138C5BBBEEF0CBE890F3ABC22
:10BEB000CA1791BED12E1EBE51B1973D41696ABECF
:10BEC000D6B0BA3DF5AE903E1BEE863E4BDF943EBB
:10BED000BD08563E4BA3C73D4A2E893DAD6EA43DDD
:10BEE0004E2B14BFAF2A5DBFB4FD84BF7A9B85BFC4
:10BEF000634763BFC72FE8BED0EB1BBEDFB8E6BD0C
:10BF00006C1DC4BD4A385EBEEC53EEBDABBDB53E44
:10BF10005478523E5108A63EFAEF8A3DBF96A1BC26
:10BF2000552912BEB0497ABD8189A5BDFD258ABEBD
:10BF30008FDE6BBDCB6A8C3E7697E73EB7E31A3F48
:10BF40004B25083F8534E03E252C853EA5EDAD3DD3
:10BF500098A2E0BE790B7DBFA3DB69BF815278BF99
:10BF6000820524BF8B5767BE54AF69BD75E635BDEA
:10BF70007557E93CBA7E19BE53A3ABBE1FCAC93E72
:10BF8000DDF819BCF29B963ED958E33D8091B83C50
:10BF9000DE91A5BEEA10A3BE5B9787BDB9589D3C54
:10BFA0005EDD5B3E93C12C3EA1E3CD3EBD5B973E83
:10BFB0002BA0E13E7E73B13E859BB73ECCF12C3E7B
:10BFC000613F18BFD0B385BFC1288ABFE1CF75BF1D
:10BFD00044925CBF8F4B18BE3B71C93DBE5C303E86
:10BFE0006179C1BD9AB59EBE5474B3BE247AB83E81
:10BFF0009E84DEBD882CBC3DBFE54FBD510E5FBDAC
:10C00000569457BE2FAA26BEFD1D70BC89F3893DEC
:10C0100092FDAA3D0F4BF23DFB0CB43E230E533E66
:10C020000AC8EA3D681A6E3EBBBE323EA2E4223E1A
:10C03000B04B9FBE9DB250BFA89472BF8BD164BF5E
:10C04000C40E30BF97DCD03D9141A23EE064ACBD50
:10C050002B937EBD271DACBED26902BECC8CBD3DEC
:10C060001BE0C9BDB68E5B3DCC504FBE60AAE2BDA1
:10C0700071CB80BC17E9B83D4AD3D83C61E0033DA1
:10C0800067FF0B3D394B523E2266C73EED24843E8E
:10C09000860AB43D39FE833E6D0CC33D44DC8E3DC3
:10C0A000E17FC5BEEDE928BFA39742BFB9F62FBF18
:10C0B0008D56083E6A2FF23EC7D6153E700C9C3D49
:10C0C0005AA22F3D6EB64EBE739302BF01C8FDBC8F
:10C0D000019C35BE01F4EFBE8CDC83BE459B93BD55
:10C0E000A055163D3CEB163DCB76313CC889743DDE
:10C0F00059AD37BDB091C83EDE50C43EECB63F3EB0
:10C100005918513E98D5813E65BB163E286B8DBEB1
:10C11000EF77D8BEF9A710BF1826BABE4F9739BE21
:10C12000E47FAD3EFCDF063FE655133FE6BDA83E8B
:10C1300064259EBE1612ACBDA5C1C7BE46389B3E47
:10C1400087E85EBE42F91DBFC5E15DBE915E03BEDC
:10C15000484EB8BD331500BE7B8249BE93ED88BE04
:10C160001C9F893DA65FD23EB638083ED57C3A3D3D
:10C1700076AD273D3560CB3D076786BBC1E550BE38
:10C18000D139E6BE9EDA93BEB44C76BD1F88823E9E
:10C1900071C0683E7B01FC3E3288493F56B1A13EEA
:10C1A000A1E18CBE8A155F3E6FC10E3E1871863EBE
:10C1B000E607FABDB5C1C5BE66E8A8BD043F05BE29
:10C1C00037E6013D83ADD0BD0B158EBEC05C5BBEB6
:10C1D000FADFDA3ABB43343E4FF1693E09FEC73D10
:10C1E0000D70183E117370BDB25008BE82256EBE30
:10C1F000179D69BE61A948BD73D18A3DE80E803E96
:10C200001A25AF3EEC14A93E67113B3F0B659B3EE0
:10C21000A95F853E0C03893EA2C6E93EDAFD763E63
:10C220007609AA3CDDE10ABF47AC1EBEFAA9933DE0
:10C230003F30B1BC0B110A3E356660BDEF66D1BC24
:10C24000035588BB1C42653E0840853E8C402FBD8F
:10C25000E973523D972B00BEFC1051BE5096EABDCB
:10C260001B0A44BE7A779E3CCAD52A3EBB0AC23E10
:10C27000796A0F3F064FDF3E8961413F1CA74B3E65
:10C280009CD0183D02F8A53ED293073FEC5A313EB0
:10C2900005859DBDE0560DBF5B5060BEEC88ABBE12
:10C2A000FEF916BE6EC208BDB76021BE172E01BED4
:10C2B000D461A13AF4D8093EB33827BEDDB83BBEFD
:10C2C0002B194ABDD89A2FBE108A11BED51F223D08
:10C2D000EA50713D92AC213E17F8873ED43A283E91
:10C2E000E280893E53FF7C3E1BB31C3FBCDA643EB8
:10C2F000C684B03D39C8BD3E7700FF3E4E129D3E1C
:10C300007F316CBD374824BE1D79B0BD884686BEDE
:10C31000608C67BE2777CABD330BF3BCAA070FBC7E
:10C32000E80182BE6BE34FBEA24383BEAC6BF1BD9E
:10C3300004072BBDD4BD1FBDD7732F3D17A90C3EDD
:10C34000F3852B3E1850FE3CE3130B3E6F16F03D79
:10C350005C8D4B3E8FC6FE3E8803C93EC6B2B53EDD
:10C36000790785BCFB6C80BE8ECF44BE32EFAEBC7D
:10C370002D89ECBDC3ACADBE88F7B4BEA810BD3DE1
:10C3800042F6CFBD4F586FBDE37A5B3D3BDFA9BEA0
:10C3900080324CBE9C453FBE922570BE3C8E8BBD0C
:10C3A00004AEC73D2D76B5BCC09EE83C5836893EEC
:10C3B000B9E4A93EA3C9163D3856F43D5ECF9A3E76
:10C3C0002E1FE2BDF113F13D3B02023FFDA38E3E65
:10C3D000E52453BD083922BE257B96BEE930FF3DDA
:10C3E000BCC955BE424FEEBE46E82ABEB7D3483E52
:10C3F000B46317BCF2F8323D639695BC1DB15ABECA
:10C40000EA4510BE15BA50BDFC33BCBD753642BE00
:10C410009CCA653D56AAAABD6A24DEBC68267A3E3F
:10C420009E83AA3E0C6F3F3E53D928BDCF56363E61
:10C43000E70D8C3C581924BD0AD40A3F33174CBD74
:10C440001AA57D3DB68D233EF951033FEF16A43E5C
:10C4500080BC7ABD808EB5BED5264FBE50FCCCBD0B
:10C460003E2C08BEED6D2DBD46CD28BE37BD20BE8D
:10C47000F7C695BE7DCA8CBE97908CBDD15138BE93
:10C48000A94B22BEE6B202BEBFF6A0BD4006343EB6
:10C49000D7962BBE228DD0BD88FA96BD4341453E2E
:10C4A000BB8472BD373E60BDEC1984BEBF4376BD10
:10C4B000E36673BD5028D43D5CBE073FA33D083FF3
:10C4C000592F0F3D526B99BD13A61DBE85FC39BE79
:10C4D000648FB0BDD91A3DBDD76A09BE1D586BBE69
:10C4E000B6DD44BED84D10BD995DD3BD6FD98ABEAF
:10C4F0005A1C70BDBF1C43BE0DF3B43DFB6B333CF7
:10C500009E85AA3CDFE6DEBCEF6C153DFF0516BE3E
:10C510006C3EC73D2C5FBABDF4BB98BEEAFA0C3D39
:10C520009639A1BD78F6033DC5F6063E1C153D3E85
:10C530003C7100BDE4658ABEFC67D6BE75F2E0BD05
:10C54000D867833A5E29C7BD5DB304BECD3B1ABD33
:10C550009C22933D61A7193E1B43D2BD111C11BE05
:10C56000061F5DBE0CA0023ED223513E9682913C36
:10C57000D0C00D3DECF4013E1B72C93E50D2133EBB
:10C58000867BF63D2371FEBC032572BEE8DB273CAB
:10C59000F42A9CBCC94E8B3D0E3A823DDBF5E3BDCF
:10C5A000419C093E5E05B4BDE63E85BEE87430BEE2
:10C5B0001E6EF5BDBCD96EBE0DFE16BE820E37BE18
:10C5C0004E305FBE678C49BECC0BDABCB8715DBE25
:10C5D00030050ABE6A32AB3D6F3A073E8894993DFA
:10C5E0002BEA89BC7DAD6F3E2387433E79AA103F7D
:10C5F00061419D3E5E45E43EEBF1913E79E576BDBD
:10C60000A22294BDD8B6F13CF8F50C3E237C80BE46
:10C610009F9413BE49D731BD9DC0543E059F8A3EAD
:10C62000D15C523D6A7F58BEED2B1DBEA62B65BE68
:10C6300042B160BE17DECFBD1BE9C6BC5535A4BEF6
:10C640007EB945BE66DB07BCC25C94BDDE8348BED6
:10C65000DC10043EAB7FC23D4F166CBECD1DC23B0D
:10C660001FF951BEB92A673E694AEE3DF5A042BDA9
:10C67000D00A3C3CFC71EA3C8882E73C8444693D3A
:10C68000320B603ED379123E43FC863D4380FA3B39
:10C6900037B292BEEE3531BE9255EA3D633F623C01
:10C6A000D0270DBEEB0611BE752A853D62760D3D85
:10C6B000BE50ED3D9D9ED73E2E59EB3D756A77BE2F
:10C6C000C6F4863C7FF4603EABF49BBDA576F43E99
:10C6D0003DFD873E07F4D7BD1A7EC4BC16EEDBBC19
:10C6E00067E8803D8D632BBD4E04623DCC16813CD6
:10C6F0004FBE58BD4AC233BE7A3B0C3EEBC7CE3D5F
:10C70000FD14033ED51130BE7808BBBE68CC89BD90
:10C7100022F2373EFB31F5BC15A4903E55659E3E96
:10C72000ADFA12BE3AE35ABE6A9CA23D2E9DA33CCE
:10C730007B73A63C3791A83EF5B99B3E38D852BED4
:10C74000CCC98FBCF6C74F3D10F0263C5CD6B43C3C
:10C7500069ADA43D5602443DD14BA63D662553BD6F
:10C760005817E23CF0AE793C1B39833D2E1FBDBC0F
:10C7700090C88F3B2844B73CB7DD19BD580015BCA5
:10C78000E772403C02A5713D5A8E013C21E8513CC4
:10C7900055A6863D0CC2233DA7B9A43D706F033C4E
:10C7A000AA697B3D1B0B903D8AA6D4BCCFEA9EBDF7
:10C7B00020E7F1BC5ACB443D1A81393D301DCFBC36
:10C7C000BDDD29BD9A6A9CBD62303B3D67DB973D6C
:10C7D000D69F7D3D1765513D693109BD9A0D943D48
:10C7E000B3A38D3DBCAF66BC5DFB8B3D4C120FBE51
:10C7F00012D62EBE4B8862BEA6728CBEB783D3BE45
:10C80000F79C7CBE9EA4A1BEF03F0F3CEF7F513D44
:10C81000BFC1FEBD38598CBB0E8BE8BB9E01DEBC90
:10C820007F34A63D80181B3D4AF62D3D10C70F3CB6
:10C8300074856CBD8CFCAD3C322B2EBD7C6F64BD11
:10C84000639BA4BD6F5B0B3DCAB3E33D351499BD3B
:10C850007921D23EBBC7283FA821223F0916A33E1B
:10C860005AFFC43B3DAF7DBE7477533C38CEF2BD1A
:10C87000938049BECA2930BDBF417BBE6C114DBEFD
:10C88000E92EC83D7BFF953E47844C3E92C483BB56
:10C8900069CA3B3E5D8DDC3B8D4C39BD00B8093B20
:10C8A0007EC2313D2C1412BD63FB083EBC26A8BDE0
:10C8B00056BB893E58C3CABC7F19503E5789643D58
:10C8C000641A30BEA0A0383E171B1F3E48925D3E42
:10C8D000851EF7BD8AF94BBE592F01BE85DAC2BE4F
:10C8E000F11502BE5213E73D9AEF29BE91D7E8BD7C
:10C8F00066529CBDA26B303D6553793D19F9BEBCB3
:10C900008B005CBD50562E3E2642E33DE68848BD76
:10C910008CB464BDAA9E08BDA2D732BD4D2074BEA2
:10C920006AD7F63DE25E4A3E276FAE3E0D7B3D3E46
:10C930006FEE833D4BF3A63DB00093BC90278F3D37
:10C940002CF33E3D7370EA3C4C73313C7E18C2BE02
:10C950001A5592BE6EC818BDA84C72BE36259CBE34
:10C960005B482FBEE117D6BD2E20DABDDEFF2D3E7F
:10C9700075833ABEECFADF3DBAD938BE2A8AE23D69
:10C98000D93126BDFC5B253D185D15BDF6848ABEF8
:10C99000D2C3643EF9DA0D3D2CCDA93A0695983DF7
:10C9A0002386603EFC45543EC887783ECA52B6BDD9
:10C9B0004282EE3D3956ABBD62CCBABDA5588BBEA6
:10C9C0005C5520BECEE1D2BDB1B8E9BC4C3D30BE15
:10C9D000BD2478BEF76417BE9DB28DBEF20737BE88
:10C9E000E66318BED0A1283EEC33BBBE9D2303BD39
:10C9F000203E003B291A93BECCE214BDD4E6353D5F
:10CA0000DAAF703DDEFE2ABD861A4CBDE7725A3D94
:10CA10005C213E3E7DBBBA3DBE3A52BE4407D0BD0E
:10CA2000635984BD25FC06BE577BA0BC8C49F73BEF
:10CA3000055F47BD9706C33D33C2AFBC478547BEC0
:10CA4000706996BE669778BDBF4794BE35876CBE49
:10CA5000B5BC02BF4C8601BF4D0691BEE2CC333D52
:10CA6000C255D0BBCACCD6BE8FA2CD3E16A25B3D6E
:10CA7000714997BCA8E3253D767BA23D9031903C5F
:10CA80008163AF3D91C02D3DFA72A8BDFA81A73CEC
:10CA9000D465CBBBD1D1B63DA868A5BD67C5BFBC29
:10CAA000CEC7043DD93E383DAA3DDFBD45C1FFBDDF
:10CAB000E51105BE9DA049BDE13514BD53B1CEBE03
:10CAC000C0E68BBE6667ADBD3231113D92272CBEEC
:10CAD00010DC0C3D6660AB3D5C48A93EDF32B5BD65
:10CAE00092949B3EAA4B813E7792CE3D50FF983D5B
:10CAF0001885283EEA2D2A3CCDDDC63D5C43CEBDDF
:10CB0000E1908BBE922E69BE20F3D4BD4BA570BEC2
:10CB10004A0BF9BD1C9686BEA7C188BDCAA4F5BD47
:10CB20007C740FBE24C9D2BD295989BE48285EBE77
:10CB30004D8BA9BEA351AABD301D4B3EFD4AD2BEAE
:10CB4000AD68BE3DAB172D3EEBC8233D63C940BE6B
:10CB50001D9BE33C5637853E70EBC6BC2CF7E0BD11
:10CB6000DD73223C751401BD108A37BCAAA4A6BD92
:10CB7000051756BE229F94BE4F2007BED79B21BEED
:10CB8000690167BE7B2BD8BD185CB4BD4F43C23D65
:10CB90003757803DBF66063D4B6392BED20B9ABEAF
:10CBA00004B584BEF80045BEB30D4C3BBA2EA8BDFB
:10CBB000A8F3DF3C1627CA3D4C7C3D3EA9A7DCBE4E
:10CBC000657650BEC44A3D3D86F9AF3D7DADB03C73
:10CBD00098EE8DBD882EBEBD5547DFBDCD3EC1BD93
:10CBE000CA0980BEB9ACC1BE398A75BE33293FBE01
:10CBF000C69768BE6BCCCEBDEF8690BD14DBA33C60
:10CC00000F9A41BC36350CBE543B8CBE11F526BE86
:10CC1000D9638CBE58463BBE2A7A9FBE533502BEAE
:10CC2000296E76BC94AC4DBDF41BE4BC96C9D4BE51
:10CC3000C37E84BECA08073E28903E3EF1A2FA3D5C
:10CC40001BA0063EF6116F3EA79F483E98B7ACBDAD
:10CC5000F2692BBE754CA1BE5C0D5FBE2FBB26BE1C
:10CC600014A5CFBD7F3EB1BC78D8723DA339043E38
:10CC70001730103D4EA7423DB6D735BE16D810BE70
:10CC80004A14A8BE50E903BE126D12BF249735BEE8
:10CC900074C3B13DE30006BE26FB51BE44FADCBEC0
:10CCA00064F6C03B08347C3E561EAEBD1AC57ABD44
:10CCB0005955243E38516A3D3C49213E8BC2FC3DCA
:10CCC000A4AB41BE0EDED1BEADBAF7BE117916BE21
:10CCD000823A83BDF4A575BEC7DBECBD68213E3E3C
:10CCE000BF03453E53457F3E9E85533DBE091B3ED7
:10CCF00019FF773D84446ABEABBC19BFC1E691BE43
:10CD0000FE1905BEF47873BEB9DEC1BDF82715BFA4
:10CD1000EF6B9B3D5D1E443EDAD789BD325724BD83
:10CD20007CDD3B3CD4B11A3ECF045C3E1910343E4E
:10CD30003FB09ABE0886CEBE8A5B56BE722D2FBE0D
:10CD4000FE79FBBDD28121BE7539B93D212E6B3EE6
:10CD50004F75883EF29F9B3E2935863E6E04A43E69
:10CD6000886BF2BCF77EF4BD7A1813BE51FE1C3EF0
:10CD7000360986BEBB59ACBE5F60CEBE443AB7BE74
:10CD8000811A963D56EE9C3CA8241F3E307B0E3EF9
:10CD900019B6ADBC24AE413D1A7B133E0D71AF3DBB
:10CDA0004CA8BABE5FEFB8BE1C3A31BE375DB13C8D
:10CDB00069BBF03D0FE6293E770B8F3EB3160D3F62
:10CDC000365E683EC06A443EE9FF923ED1EF1B3EAC
:10CDD000649242BECE40983E46169C3EAB111B3E2E
:10CDE000B0F596BED9CEC4BE5D6951BE8143813DCA
:10CDF000429C09BE0705AD3C1477513E7B28773E27
:10CE0000D0E5DC3C6ED98ABD4D408CBD3D5565BD3D
:10CE100077B7D8BE6E67F5BE2D5276BEC4FD6E3EA6
:10CE20002280AB3E5812A23E095B123E3AAAE13E76
:10CE30003C1E963ECE483C3EC2410A3E6B09EABDCE
:10CE4000A09076BEC96CB43E3E342B3F7E54B73EB4
:10CE50004357733EDEA88ABED6E0AEBE64FF42BE34
:10CE600012F307BD3152383D4A32793ED5FAF73ECA
:10CE7000794BD7BC386566BE1FBF14BED87F9EBE37
:10CE8000E3C905BFD0BC8DBE8239363EC83D1A3FCE
:10CE9000D3CC263FC8E9E13E9C69483E1DB2683EBE
:10CEA000ED8AB03ED27F913E1B11403DFCB5063D60
:10CEB000ACB39A3C7D48003FF9345B3FB6EB04BE0F
:10CEC000CC66B53C445C8ABED37020BDFCE39DBEFD
:10CED000FACD90BDC351A23C10525B3E90EA8A3E0F
:10CEE0001C2F613EA13F35BE4A09E8BE55D603BF9F
:10CEF0003A50BFBEF520FB3D947F1B3F6A46213F61
:10CF0000FEABDF3EDECD7A3EA0DF763E69250C3EED
:10CF100017CC303E52EB113E1225C33DE31FF73BC9
:10CF20008ADE983D2772393F0E637A3FD7F2A2BE60
:10CF300018F9AD3D3B610FBD6EC6EB3C96045CBE7F
:10CF40003E4E7D3E7C23B23E2BEF893E8AB9A33E06
:10CF5000ACAAC1BD3BC408BFE50A49BF154821BF03
:10CF6000B70BADBD459BBA3EAC52F53ECD65BB3E61
:10CF7000BE31923EA519973E0BA3D33E32400D3DE4
:10CF80006C6E833D987CB3BDE013CFBD578E833D5F
:10CF900082718F3ED5CC243F1DCA193F70F9803E67
:10CFA00033C848BD03C7D7BDE3354CBD830225BE9A
:10CFB000C5DC6C3EF7B3323E5FF47E3E0BE6753E59
:10CFC00092CB60BE3C841CBFD51925BF993D6CBE79
:10CFD000658AAD3DD2D1663EA0B58D3EDE52243E7F
:10CFE000A068A53D08FA043EF5979B3AE599D3BDA4
:10CFF000FFBD48BE6FD803BE3F1ED5BDB03ECE3B81
:10D00000BA827E3CB13E1D3E13FBC83ECAD85EBE0E
:10D010002240033DE5C8DABD2644583EE235B0392A
:10D020007291243EBFEADD3B7BE3B6BDD79111BDD3
:10D0300064A2A1BEA84DE8BE473DACBE368FDCBDA4
:10D040008A0B523E2ABEFA3DCD9C393E79786D3E20
:10D050003252323DAD57673D14D0A7BD736D9EBEB1
:10D06000CBA01DBE657214BE1D88AFBE6EDC85BE32
:10D070009BCC153EA3CCFFBCCBBDB13E6925A8BD62
:10D08000C0B2C5BDB848233EA332263DA083083DAB
:10D0900069C5073EA6BFF03D1FD399BEF400C5BECB
:10D0A0005E1271BD9FE45CBEEE59A7BE7B1436BD17
:10D0B0000D2AF83DC2E6423E737DBF3D603CD73D40
:10D0C000F506303E46C53C3DB6CB3ABED99244BE8D
:10D0D0008BCA8BBEF8BDB5BEB3A8A4BE20DA64BEB1
:10D0E000D5787B3E79725FBE630B013D18B75ABDA0
:10D0F00011609CBDE25A63B88A0EDA3D0F35E03C00
:10D100001B3B9B3E2577343DAB739CBEB5354BBE78
:10D110008F4F5F3A9EFFE73AA02CEABD0B73243D88
:10D1200013519FBD10740C3DFAC51F3EC57304BE5C
:10D13000F85556BD58C16CBE36B8FBBDA11938BEF6
:10D14000927B3BBEF9B2D6BD2ECC97BE5F113DBEE1
:10D150000831683EFE30FB3D672BA4BE43FC183D02
:10D16000AACAA6BD069F8DBDF6A0F8BEEBAE94BEC2
:10D17000D03C28BCFBE771BEF1E61BBE63B7F5BD32
:10D1800091931ABDAF8E09BE8AB504BEAC4C0CBEDD
:10D1900095D6A1BD479D13BE68E439BE62C67CBE6C
:10D1A000EE3D4DBE4ED561BEA392F43ADD49953DAC
:10D1B000814A4DBD5FF9433E84CAF63D3EE29B3D48
:10D1C00005B6293DEBAFD23D9396BBBEC45483BC9C
:10D1D00094D9B03C50B6C83CE8EAE3BC8779BEBEFF
:10D1E000BAFBDDBED29A4BBE9F4832BE909547BE79
:10D1F0005124ABBD88723DBEF11998BEFEEB75BEE1
:10D20000692775BED7DBF4BD8B9B5CBE126841BE3F
:10D21000FF2790BAB81F0E3E0862943E7DF6B63ED8
:10D220004C094B3EA2CB183E69B5423D91FAFB3CFE
:10D23000525C073E7758F83E0079063E461F313D66
:10D2400033648D3DBF6D9FBDB62668BD4973883D73
:10D25000AD1F2B3D94A6033E26C2873E1016ED3D22
:10D26000FEB312BEA2B2C1BE1CE281BE4A9893BDFB
:10D27000B9F3D1BDB8781FBE0D58873E0BAA063E44
:10D28000A11F353E9D160E3E534C7F3E278E9CBD02
:10D290007282EB3D45C30DBC29BD27BEFF5C89BE34
:10D2A000E0B2DABEF643483E40DAAD3D60F12FBD54
:10D2B000488DA93C88CDA7BC5463C03C4EBDE33D1E
:10D2C00006C3303E2C87D43D5C77043F3FFB093FCB
:10D2D000090B453FACFE313F4E860A3BA6A523BE57
:10D2E0003F4C1CBC552D693D0E57173D7124E6BDC2
:10D2F000EF9C1BBE580831BE1BE2E8BD8FED9ABE05
:10D300000393B3BE60681DBD7B9D823D59CB283E13
:10D31000EEB34EBEF24A193DC95A3FBDC78618BD8D
:10D32000B264C9BCB887353CA265663D40E01CBB11
:10D33000658DA73DC018F53C2F786BBE47A386BE10
:10D3400004E26CBE137964BDED74083E28886A3E21
:10D35000090A1F3EF7BA033F0309933EBDA7D23E19
:10D36000610AB83E6465F83EEDD6AE3EF3933C3EAE
:10D3700015D9053F8CE4F23E64B0023F520EA83E40
:10D3800000005EB634BFD6BCF2AC0F3D421D3A3D44
:10D3900028BBCE3C8E6B293DE0C823BC45FB0ABDB3
:10D3A000DA7482BD06680ABD19EB9F3DE01B863C1E
:10D3B000909E973B1523A53D150B0BBDF91D8FBD09
:10D3C000A087543E88D9653E5594293D1244A93D15
:10D3D00016980B3D8036DEBA801F8DBA70F400BC03
:10D3E00024F098BDA290B4BC60588F3CFC61E7BCAF
:10D3F000BECA783D0A5321BDC82D18BD4B64A9BDD6
:10D40000C0BED23C362B89BD970C9DBD7881593C5E
:10D41000BF5F1CBC1AAFCF3DDD9E493EE913943E71
:10D42000B5416E3EF848833E85A8DC3E84EA573E0F
:10D43000FEF8A33E7347963E68A2133FF766913EFF
:10D44000B0A2BFBCD7BFABBDEFB4D63EBB7BB03E36
:10D450000277FB3E9B94A03EF7528E3E19A96C3E8C
:10D46000321C433DD143843D694011BD7016D4BB8D
:10D4700072DD7D3DDA4D563D730288BC31F6003DCC
:10D480008FCC313EA94E903D13756A3EAF2CFF3EC6
:10D490002D2F203FC35C833FF023143F7A66D03E9C
:10D4A0001771C93E02C9E23E5BD28B3E9E590D3FC9
:10D4B000F431883ECE38593D1B1DF7BD0DA8073D00
:10D4C000C27FB23D76129D3E0D8C993EF0CCAC3EB3
:10D4D000D9F5D43E643ADE3DAB4E9C3D98CCA7BD19
:10D4E000560405BD22CE66BD5730BF3D313F6C3E70
:10D4F00055C3FF3DD58D35BEE905253E6654B4BD07
:10D500007CD260BEC130A63A757FE43D1CA946BE00
:10D5100068E968BD034B2EBDF3E051BEA98F99BEEB
:10D520003BEBA33DA2E488BD95E65F3C0B38B13EE2
:10D5300070C9D53D8077A43D5CCABE3E130CD23E77
:10D54000C645E93D939B98BC1332D4BD4417FDBC3E
:10D550007274CDBCE4193C3D33C84BBECC54C0BC46
:10D56000D9F8153E0118B53DD494A1BDB0C676BE1C
:10D570007D041DBEC89C49BE3610213BD58CD4BE4F
:10D58000D1B4E3BDC9E121BEAF6308BEE7BE25BD8E
:10D59000115D133E8C83433EB100D9BDEB94EC3D4D
:10D5A00066173E3EA886BFBD484A0CBD814DE23E8F
:10D5B000D5A80ABEF54C70BCB915BFBECDAC373E80
:10D5C00060769B3B88E68F3C8A63AB3E7DAB69BE51
:10D5D0001D750D3E045BF6BD21F6C5BC20DBA9BD63
:10D5E000E5A921BEBDF07CBE5C9ECEBEB6FFF0BEFE
:10D5F000E91744BEA9F02BBE15F39EBC79451A3E2F
:10D600004B4F9FBB827CADBD37FE81BC656DFF3D3E
:10D61000DCF9EF3C79258B3ECC9FD13D96E3DB3E98
:10D620006254023F73F2713ED01203BED9F7613EDD
:10D63000C5692ABDDD32B8BD710A4CBE5D35D1BEAB
:10D64000392A85BE6063E8BE0BBB81BEB1C358BE3C
:10D65000E2DEC4BE7178BEBEB1A985BEC08079BE0F
:10D6600078A427BEA12D80BE414AC9BD287E7FBCBB
:10D67000291921BE5CAF67BED9A989BD241F84BD0D
:10D680006B54053EEBE7833DFA690E3C68EA0E3DBC
:10D69000A067F43D0E549C3DAA3D12BE36AE3F3EFF
:10D6A000225B58BDAEC433BEB91E28BEC9B44ABF42
:10D6B0009EB21CBFD2A615BFA30ED1BEC5CD22BE41
:10D6C0003676D4BEC017B8BE9DCC14BE10B6D23CC0
:10D6D00004EE1C3D55E502BEB43D50BD9E9BD5BD3C
:10D6E000F9418EBDBC66E9BDA2B913BE4B5D55BC08
:10D6F000C8F918BE9FC7643DA855E43D2AD232BE82
:10D70000C552F1BDC9620ABE62E609BE25AC2B3E18
:10D71000C56797BD529C15BE443F5FBE029572BF60
:10D72000F87B12BFA92603BF5923C3BE0B93B2BE19
:10D73000CFC49BBECA0E42BE570E0EBEE241D33DC1
:10D74000C3974C3E677DDA3D9FCBF8BCFE2991BD67
:10D75000FFA2BCBE6E1BA9BEB0FBEBBEA404ABBE59
:10D76000D4A864BEC40A44BE876061BDC9449BBEE0
:10D770001A8E35BF18C83ABF891468BED3F6E7BE03
:10D78000050C07BD0C8FBCBEA856A7BEE4E205BEC3
:10D79000C35AEEBE20BADFBE9092FDBEC090B9BEA5
:10D7A0001B3C98BE35CBBEBE61B08FBE7DCDD03D9B
:10D7B000C0758EBC02A1A93B8DC6E43C9C3E3B3D9E
:10D7C000A50957BE95029BBE7BF7FFBE5CDCF7BE8A
:10D7D000B6A4C6BE824ABABDEC8F9ABE34AB3DBF7A
:10D7E000C4433EBF750B18BFB15590BE5745F73DBA
:10D7F00082951DBDDBE86FBD470CDABE80C839BF1E
:10D80000B30210BFA57144BEC550C4BEA8C549BE71
:10D81000446579BE4931B0BEE0B4C3BDCB14123DFE
:10D820002E6A7A3DB2AABA3D1DEAAD3BC6DF573D2E
:10D8300046A516BEA2A8A5BE63B8B1BEE74B8EBE74
:10D84000A05B1CBEE7AF5EBEE46130BF74D05DBFBD
:10D85000E23F65BF52B501BF51DB32BE4E3DF7BD61
:10D86000B21391BC7AAA4B3E250BACBC188D36BFC7
:10D87000A69934BE0C1591BEAE60D7BEB5AB07BE3F
:10D88000ECD950BEB5C19FBE8A52183C115DF4BCA4
:10D890004D2DAB3D4E36033E5565AA3DF182EE3D22
:10D8A00053391B3ED62C93BE794845BE3ACD9DBD1B
:10D8B0003B1879BEF9D637BE34C9D5BEEE8EF6BE5A
:10D8C000CCA62FBFC163D7BE1F591CBFD1960EBEB9
:10D8D000618D81BCEE9F10BDB89586BE0C169DBEB5
:10D8E0005384CDBDE2DDABBE1EBBD4BEB43E4EBE46
:10D8F000EEB478BDF4CA77BD7C069EBD34F20D3E11
:10D900004145983D087E01BDEDB64E3E46108A3E2B
:10D9100095FB083EF4D627BD62B88ABE31C9F5BE74
:10D920005237F6BE9DED04BE1BEC08BE1C631EBD47
:10D93000435159BE69A27E3DCB1123BF21A1103DA9
:10D9400092DC1A3D935CD2BDDAD311BEDE3DA0BDA0
:10D95000AF17CB3D051D37BE2349B8BD39AD453D99
:10D960007160453EE2D316BE63D126BD3D0C15BDA8
:10D97000478252BDDAF61A3EB0BD133E9821A73E4B
:10D98000414AB53E4014B6BDE23EC9BE77B2B8BE0C
:10D99000D8F8ABBE839700BDB147FA3C22D0A93E70
:10D9A0006043ABBAB1A9A9BDABEE39BE809DB73E0D
:10D9B000154BA43D2D1E9ABC72AA433E386D943E71
:10D9C000AF92A0BDBB7395BE7B152FBD9B2E063EAF
:10D9D0006975283E6B60513D95D813BD8CFCC6BD62
:10D9E000590127BDDBDBAD3D64718C3EB34F7B3EFF
:10D9F0006AB1053ED097F2BE7307EEBE4E4BE6BE4F
:10DA0000E130FABE508E5BBE27AD973ECD01AC3EF5
:10DA100061ACA4BD0799933EDBB1F33E196D9E3E08
:10DA200017D24CBD326651BEEF88C23E17704D3CD6
:10DA3000696AE5BE461FECBEDB6568BCAA6D393E6F
:10DA400073AE613EBA26713EE6BB403E6A4A013E75
:10DA50006CC9233ED3F8D63E24A3843ED503393E79
:10DA600016949CBCA206BEBE2DC2DDBEA97D8DBE95
:10DA7000F2D3A6BE91B950BEDA5E553E200FBE3D30
:10DA800036388C3D47C2EB3EACF92BBE6E519C3E06
:10DA9000CC5B853DE1CA98BC09C28B3E88D2D03DA3
:10DAA000DE2F8EBE75E88FBE2ED5D13D2D91923ED4
:10DAB0007ED0BB3E58D7D23EFEA8E23EC2B0DE3E8C
:10DAC000E4D1223E2733B83E40DFCF3EDFF0833D36
:10DAD000918064BE1BFAA9BE02F534BE60C382BE4B
:10DAE0009AB43ABED672CD3D13B5C13E3C09DD3D78
:10DAF0003CBFE7BCC9DD2F3FB2E7FF3B492611BE63
:10DB0000406AD73CCBF1CBBB4566063E5033DF3E87
:10DB10005DB092BEF9886CBEE5BFEF3C65FC713E1E
:10DB20009E68C53E90D0B93E79E1C13ED316AC3E69
:10DB3000C63D2A3EE90F213EE84F913E549ADC3D16
:10DB4000955A7FBEA447BBBE970361BD28F8BEBDF2
:10DB5000D9EA05BDE82C353E09D8013E472D51BD17
:10DB60005A1105BEDBC9F83E47871EBE118598BE17
:10DB70002042F1BA8527A8BCB2BCB4BAF50F1A3F4F
:10DB80000AB9C43D9B5BBBBE8B3F8ABE659E2C3EE3
:10DB9000A52C463ED7628F3E01637A3E5B9FEABC6E
:10DBA000EFB2653E675E08BD9F5B443D9A13B4BD0E
:10DBB000F66E70BEEC525A3CFC63DFBB7136493DD9
:10DBC000508F683E742D883E538E14BDCE0CEB3CB6
:10DBD000C8E5F03D31F13E3F61775DBEEF71CA3E71
:10DBE0005627813D8DFC3DBEFF98813EA76A113FBF
:10DBF000B497D53D4875CEBEEE5C53BE17DC85BDEF
:10DC00005962BBBD7A58503E1EBA863D4B09503E04
:10DC10000FCC843A077A48BCD09C85BD330233BD13
:10DC20007C42183E4E1A873E0C21683EFDCC043ED5
:10DC3000A2614D3EC83E113E18910F3EA33E753E77
:10DC4000B43D053E79FC273FCCE0F03ED69EBB3E7E
:10DC50004E98603D59BC1EBE42A0EA3D681ACD3EBA
:10DC6000EDBF2F3E77367BBE52C4463DFED91F3DE9
:10DC7000F915CABC1173DC3DC9F6073E3062403E5F
:10DC80001E462C3EF12783BE6CA375BD9206313E25
:10DC9000652C583E17245C3E71B5823E0EBB373E64
:10DCA0007017103E97978C3E68F42E3EC2BE033D1F
:10DCB000F916703E1EA0DFBDC635EE3E0CA1983DA4
:10DCC00041A7B83C354B1F3C4B4456BE21DAD83EE9
:10DCD000ADAC823EF1F7E63D62C7BA3CCAD7DD3B48
:10DCE000EF4C3B3D5186D13D0BD52C3ED4F0523DFF
:10DCF0001D073A3DD7A049BDEEDF0B3E16D3CA3D06
:10DD00002E7B89BCDB99563D02EEA03EC56C153ECC
:10DD10009C15A13E3DD6BA3E6B49553E5D9C5CBD0F
:10DD200002C58C3DC7542EBEBAB531BEB4A8EC3C7A
:10DD3000D9FE3A3DCA86BDBCD04CB5BE40998C3E9A
:10DD4000A07A333D17D9ED3EB94613BE13BA44BE8F
:10DD5000915FB8BC096440BD4D3221BE17FDF6BDD0
:10DD600003242A3CB76EC7BD846C3F3D03F35EBD00
:10DD700032401ABE227A263E4DDCBD3EC04EE63E03
:10DD800033510F3FA8E6ED3EC32F22BE4B2FB0BE4E
:10DD9000F72FBEBEAE0796BEDDD89BBE385B7A3D80
:10DDA00090CAFE3C00A22F3C2AC7B8BB275A83BEAC
:10DDB00099FB9DBE871A9ABCD09B343D1DD2C4BE30
:10DDC000EC9CB0BE11AD60BE7229D7BE387589BE5D
:10DDD0008A3C4E3D98DD97BEB23390BE7A6E6DBDE3
:10DDE0005EBAB03D6C88533CF6C09B3E6B4C453EE2
:10DDF000B13D703E0A94183D362AADBC659A1FBFEE
:10DE0000A227C0BE0B54C5BEBE4DAFBDBA6A6D3DA4
:10DE100052429CBD401A653CAF1267BD6EEFC4BE56
:10DE20008E33FEBE749CA93D863EF73D8D856EBE49
:10DE30000939C1BE647DC5BEA072EFBE36BC04BF49
:10DE40004E4CE5BE806A01BFF86EFEBE23F58ABE69
:10DE5000741D8CBE9D8775BE11743CBE8F6B94BEC5
:10DE600077661CBFF63FCDBE7B459FBE75F330BFC6
:10DE7000A6FFF13DDC1BD83EB71B9B3E70E5C13BC6
:10DE8000C0CADABC0B1C03BD93D4BD3B6293083DF2
:10DE9000DC702CBE9A01E8BDABC05FBDFB65DCBD8C
:10DEA000ACA23EBEBD3C26BE65F1EABE69E9CEBE6F
:10DEB0001F0E05BFA83466BF035F4FBF845CA2BFBF
:10DEC00022DFCFBF379BB3BF901F9CBF957993BF15
:10DED00099DD04BF31BE93BE5800C2BE33CBAF3D07
:10DEE000D366273BD891AE3DF91F223E9C51A9BD78
:10DEF0009C34D43C15051ABD8C13ABBD071428BC4B
:10DF0000484678BD463A0DBE706ABDBD58A5AC3CCA
:10DF10000F932DBE53E2BABE4F7408BEE5C970BE62
:10DF2000C45840BF09F066BF782A52BF51141ABFC7
:10DF3000BD013DBF235835BFFB8816BF6DE1EDBE67
:10DF4000DC14A9BEBBF054BEFF78CDBD2A90C3BE81
:10DF5000B28A9A3C29AD9B3D9D8704BD9871013CD6
:10DF60006EE8583D1EF43B3D47B2853D5E1D093DC0
:10DF700085D90C3DAF97B73CBB3450BDDB1705BE10
:10DF8000C8D114BE0220BD3CE6317F3BD8DEE3BDE4
:10DF9000027BBDBE159395BE01A8E9BE583A223B4F
:10DFA000650255BCF94C6FBE859CC4BEA15730BDFF
:10DFB000B43B293E768E9C3E45C5A03EFBA61A3D4D
:10DFC000F67B4F3DD25046BDC47D6ABDA290A7BD31
:10DFD0006C0FB3BC89544BBD7E017F3D30F92C3CA6
:10DFE000B2A33CBDEFACA63D364C45BDB51142BD1C
:10DFF000AE3C9BBD5C6BD93C84D5853CC20C8ABDD4
:10E00000FA43B73D3117063EF7C222BDD10DB63BEC
:10E0100076B092BD669CECBC32685E3DF91AA03DBC
:10E02000C368803D00605ABA864AA4BD401A823C4B
:10E030000CBBE53C288E01BDB091DA3B616DA33D80
:10E0400060DB1F3B2A3A6C3DA880A73C521BF3BC07
:10E050002248723DD83DC63D3D3DCC3E181ACD3ECE
:10E060001D5AA83E1494C53E829D003F8C471B3F1D
:10E07000719E1D3FD81C043F27FCF53E35F50D3F32
:10E08000E595D83E9DA1DF3E7527D63E0BC1DD3E0E
:10E09000EEE1E53E2EB5AB3E30EF913EF590B83E59
:10E0A00048B2353CFE8110BDA6CD99BD50557ABC15
:10E0B00000279BBD40FBF03A833D9B3CD05D9B3EDF
:10E0C0005378CA3E122B3D3E36CAC23E3D69343FAC
:10E0D000F5D8743F609A703FDADCEE3E7D3EF33E49
:10E0E000EEF7EC3EECA5713FE56C903F5B48953F49
:10E0F000CDA7313F4991AB3D994D233C9694333E9A
:10E1000083461F3EFF4E1D3EE915383E34F6A13EC4
:10E110004D5BBD3EB6FA75BCEAA71B3D3887223D74
:10E12000EEA85F3DC07A4DBC53E96B3DA50AD43ED5
:10E130001C038F3EE31297BEEDE3E4BD1ED9F6BD8E
:10E140002DDF7FBEDEE2CABDDC909DBD2EE4C93D61
:10E15000CC63FBBC31F0B93E631F583EA7EB4D3E8C
:10E1600043CB4E3E6319473D1930CEBDCE81E9BD4C
:10E17000A6226BBEDB11D2BE1B265CBE0BA31FBD4D
:10E18000AA9BBCBCA8FF2DBE018B0E3EE25565BD0F
:10E19000F23838BDA37C933D14AC25BEA10842BE25
:10E1A00021442BBD5F361ABEE8540E3D271D9DBC91
:10E1B00089070FBEE8DFD73925BD99BDF7F1F6BD58
:10E1C00028543FBEA50A2E3E5FE5D3BC225AD9BDD6
:10E1D000498A89BB6380753D949515BE9B14F1BD3A
:10E1E0005166FABD016150BE3B56BABDF29725BDDE
:10E1F000B49BF1BECAE6EABE6EEBA0BEF1FA0B3EDE
:10E20000587B063C53A8A63DA8B7843EDABD9B3D8B
:10E210005C76443EA149ECBD511E3F3E07292ABE13
:10E22000BFEF61BD170402BEF9FB28BEDB60D0BEA4
:10E23000951CDFBEDA8544BDB2B92D3DC948A83D65
:10E240003A1D7DBDF642053D82C1423DBFE07BBD2A
:10E2500034272CBE43BD393DC2EC97BDDCA603BEBE
:10E26000AF2A06BC78170BBEF39DACBE7DD882BE2C
:10E27000C8590BBC8C57C5BBA1F137BE6C0E133E01
:10E28000A52C573DAF42AABC7073AE3CA9542ABE20
:10E29000FDE7C2BE8D6FDFBEA2D491BEAC20A1BE91
:10E2A000080D00BE58912DBD0E30CC3D1FA0DC3DA9
:10E2B0009A3B353EFF93033E3CB62C3CE9EEA2BEB2
:10E2C0005FFCAEBEE410A0BD655D943D80D04ABD4C
:10E2D000B5AF94BE43C0BFBE8D55C2BD29D7DD3D8D
:10E2E0008DB9743B9683BCBEF3C4213E2E3296BEDC
:10E2F00009B2263E044423BD16EEC23D738833BEE8
:10E30000271BE6BEF7C89CBE81F543BE8BCB2D3DD7
:10E31000A5359EBBB081B53D9A9E6F3E5BDA5F3CF2
:10E320001080C23D297A8E3E8E04FABBF7CD30BEF6
:10E33000E6C207BED2B16ABDB68B013EB35A24BD58
:10E34000E6FD87BDCD25D8BDF6F86EBCC819BE3D2B
:10E350006818BE3CB0DB88BE503806BE1B89D6BEEE
:10E36000E11FBFBD68039BBE20A655BEDD7370BE16
:10E37000BF356FBE0F3153BE210827BCAD4366BD0C
:10E3800015DF933D76BB4E3CFDDC1B3E47054C3E06
:10E39000120F433E19B6253EC538C2BD289100BEB6
:10E3A0004E3BEABC46AFD5BDF2E88CBDC6F44ABBD5
:10E3B000880483BE5B51E6BEEED31FBE5D30FEBE59
:10E3C000BDB131BC8E9790BE77F4F83DA47984BE80
:10E3D00014473EBC0F23D7BEC96E4CBEFBB5EDBD86
:10E3E000DE3C9ABEDBBFBFBDF76BAABC1403F2BD17
:10E3F000DCE141BEBDCCE4BD5627E8BD306B5E3DDF
:10E40000CD6F083EEA5630BEFE9C50BEB83A203D65
:10E410009B40A93D3FF5FDBDFC5DD4BD200B593DA2
:10E420005376DEBC023DEEBE21D4F4BE6F41C1BCCA
:10E43000965CCDBCDF4639BDAA10BA3EF826D9BCE1
:10E44000FB1058BD9FF7DDBC646CE4BD5BD9ECBC30
:10E4500087EBB7BDF6A44DBE101D34BE9CCE8FBD5C
:10E4600091FB84BEB645B4BE7FFF34BE0E445B3D17
:10E47000BF538C3B151F9DBDA2F7C0BD0AB707BE99
:10E4800021E4CC3DB0868A3DD911423DE87B4F3D29
:10E49000401006BE1CC5B1BE814594BE9289F8BC31
:10E4A0009DC3C4BC0B96CE3DCBD5AABE06CA01BD4A
:10E4B000240AD2BE28F0EDBD1D9BD9BDF2595EBD28
:10E4C000F61E86BECDA4B3BD4F8706BEFFE94BBE88
:10E4D0003DEEBFBEC6EF71BE35B71FBE5595AEBD92
:10E4E000156C86BE0243B3BEEACF52BE4EDC3E3E42
:10E4F000C2648D3EF586B53E5DAA1B3E8025003E7A
:10E5000064999B3E2E507BBEBF71E6BE7B0275BEFA
:10E510007F3D9EBD6081153E19CB03BF882C43BE55
:10E520007AA888BE113685BEC79C52BA996D4BBE7B
:10E530000D0063BE68F9A13D27AD9CBD32ACCDBDD9
:10E54000C60F45BEB1150ABEE9FEE2BC21CD66BECE
:10E5500069529BBE70D41FBE3D129EBD6865743D5E
:10E5600093C7CA3D4B83353ED6CD473E5BD0BB3EBD
:10E57000BCBA5D3FD118263E862B01BFEB5C21BEA5
:10E58000B5331A3E85554B3EF787AABD66945BBDF1
:10E59000F87DACBDE3AA1EBE3A42223E263B4EBDEC
:10E5A00032896A3DA5AB1A3D72AB1CBD2362B33CF8
:10E5B000A9607CBDAF4C8EBE79066FBD651715BED8
:10E5C000BBA669BEC627EFBD718B06BCC5FEFCBDF0
:10E5D0005F3DB8BDE02A223EFDCF503EB0818F3E68
:10E5E00046EDE13E9A7ECB3E7A30163F8D9CA43EAE
:10E5F0002BCE75BD2CEF2BBE563DD23DDF2F27BE57
:10E6000028970ABD8588853E639B5A3EDD369D3E30
:10E610006AE35B3C653F883D87241BBC3136033E83
:10E62000E0A294BDF631E5BDADEB97BD8E816DBE28
:10E6300087FAC0BEE4494EBE516727BD2B7A07BE9C
:10E6400074BEBCBDDF8904BC6CDCDA3B51E6B53D71
:10E65000F5ACB83E8A87F83EFCA41C3FA858A63EFD
:10E66000F2264B3A4DC48ABE1B7F753E2CF240BD4C
:10E670008299323EE13AB83EFB148C3E2646F13E8A
:10E680005BBC373EFF34303ED58D113EB69CE93D34
:10E69000233EBE3CA61D993D5A0F7B39BCD171BEAD
:10E6A0005AB279BE5B6253BE6BAE7FBC124FF1BDF6
:10E6B00000C3F23D5D84FFBC2DA8F6BD3702CABD84
:10E6C0007BDEDD3D12B7EA3E5ADC8F3E860C653EAE
:10E6D000700BA2BDEA6383BEA683DA3DF418ECBCDE
:10E6E0007E2E303E647BB53EB103263EB433833E7E
:10E6F000F483023E8A51EE3E8AD2043FA710ED3EDB
:10E70000D70E15BD25D2A43D1C91B2BD4DB533BE6B
:10E7100095EB92BE03167B3C7FC166BDD18AAFBD2F
:10E720002FBDC03D78793C3DFDED3CBD0AE1E0BD2B
:10E73000F1922BBE1A0D713F4662023FA464083F5E
:10E740002DC3813DA14819BE6FAE073E4EBE2FBD01
:10E75000817FFE3D4837323E303A143DDC4AE43C8E
:10E76000AE78283E7E7FF03E1E03353FA8CAD63ED7
:10E770004050C33D5BBCFD3C0FE8CCBD47189DBE7F
:10E780006BC010BEDCE2833DD548BB3D8B998FBD8D
:10E79000A868C83D4FCFE03DD56C273E7A734ABD8F
:10E7A0000F442ABE4DC4583F6C08A63E4749E83E78
:10E7B000A23966BD2C78F6BD2C0DAA3D815531BD20
:10E7C000CA5356BD33721B3DDB91F3BD24B63CBD2D
:10E7D000DA7E003E077B9D3E1EA70C3FC1E6593EF8
:10E7E000137B49BD29B699BE6CFF9CBE23DDC0BE1C
:10E7F0006F2A5DBEACF6F83CA834413EB125D23D4F
:10E800005AD9E93D30E68A3E3842293E13FA043EA1
:10E81000338822BDFE00753F492805BE9696D43E3A
:10E82000B881683DDC45133E6095F0BDC9F475BD07
:10E8300027AE153C24DEE1BD69BC9A3DC7E0853EAC
:10E8400005EA693EBCD3EC3E17DAD23E9F9C9C3E63
:10E850003724CF3D16AA7EBEAF5CEDBEF313DFBEFC
:10E86000CF930FBEABFB043E9CAB163E0F22043E83
:10E87000537E003E22FBAA3EE914E93ED8A1C53DE5
:10E88000E4CACABD722C463F7FB2D03E964A473E8C
:10E89000DF8F9B3D99AD023E97295E3EF357213EA7
:10E8A0001909153E3AE8B1BC8A60383ED80AD93E0B
:10E8B000BBD7D13E5361663ECD9BBF3E1BBDA13E43
:10E8C000AFCCA63EDE5962BE368E9CBE02F986BE35
:10E8D0000D4276BEE7901CBE5391673D87C25E3EF7
:10E8E000D7299A3E1724C63E90CDE13E710900BC5F
:10E8F00056ED29BEFFE10ABEFD35073F3C65193DD7
:10E900003FB5C93CA0B8C93DE535263EF812ED3EFD
:10E91000B3B1D63D2E183A3E9687483EC6B5813EE5
:10E920008699333EDA0D0E3EE70C613E288D6C3E33
:10E9300012341D3E3E2B68BD2C7FA2BE2EE9C1BE07
:10E9400008C1D6BE91D4AFBED5ED53BE468CDB3DDB
:10E95000E721173EE862513EDCF8973E340C8FBD4C
:10E960008E616ABE57D7A3BEEAAAB53E0456983B4D
:10E9700086DFFC3DDCBD413D35CB1A3E24EE243E16
:10E980005932A9BDA7A6CA3E5214783E12F0063EDF
:10E99000A701743E965A923E342A4B3EF7E8073E52
:10E9A00081D5453DD5F1C1BDA3B98EBE3DF69CBE16
:10E9B000BD62EBBE367CA7BE48330BBE892B2BBE97
:10E9C000E6A4083E4A4C8D3E18D28CBD68860ABF2C
:10E9D0000B7807BF4DB798BE81CC64BE15A30B3D25
:10E9E000EC90BF3C50CE5BBDFBF885BD0F1B1FBF3D
:10E9F000BB40D7BE3121A4BBF9638B3ED19A073D02
:10EA0000592CC23D9262B63E989A473E260A313E44
:10EA10000E83953E3426483ED74E1E3EC08E20BB08
:10EA20009E14EFBCB086C6BDB2F739BDD95495BCB3
:10EA300090EC63BE9753BCBE8DE1DDBED03D5CBFA4
:10EA4000F0BA1FBFEC5590BE1979F5BDFFE58B3DBF
:10EA5000808BCDBB020F303D4F8E49BD09F1F8BE12
:10EA6000B2CA7CBE5DA115BE2551E7BD56BA71BEC6
:10EA7000F2133BBD055E073EE041AE3DD1DE173EE1
:10EA8000981C6D3EC6DA8F3C90A3BB3D016C7DBDEA
:10EA9000706B94BE98E48ABEC2A9CEBE41EBDDBEC7
:10EAA000B94228BFD15C17BF855040BF8B4E6FBFA6
:10EAB00060F610BF4F11B43E6FEAAA3E84C07BBD22
:10EAC00004D6CB3C607DAA3B27A47E3AEDC9AABA06
:10EAD000A41B8EBEC78111BF2B04C8BE40DAB9BECD
:10EAE000C526BDBE7461C5BE68CCE4BEAF83B4BEEE
:10EAF000DCEBD1BEB41099BE4153DEBEC5A069BFE8
:10EB000082B772BFD04F6ABFCB7A74BF49F09EBF45
:10EB1000C48A47BF0D8036BFD4AB57BFCD623EBF5E
:10EB2000FED61BBF61B5783E678F6D3EA473BE3CB9
:10EB3000E013383CC71214BD986647BD71B4DABC07
:10EB4000B2C205BEED2DFBBEC22B32BF3FEB28BFCC
:10EB50003AB31CBF9BAB16BFA8394EBEB7E3C2BECB
:10EB60003BCA2DBFEBE310BF87E81DBF4CE932BFA6
:10EB7000D44821BFC3B324BF197A3ABFC0A321BF71
:10EB80005B5711BF8994F3BE4EA6AFBEE0AD73BE16
:10EB900093D2A5BE0076C03C781003BC981A9D3C69
:10EBA00066C168BD8EAA563DDD3D913D7582923DA0
:10EBB0002463973DAA275DBD3DC686BED597ACBEF2
:10EBC0006F17D5BE84A66BBE59DA83BD77E216BE39
:10EBD000767D31BE7CC81ABE0C6D1ABED4C612BB7F
:10EBE00045C3B8BDF18B82BE003696BE6CDB893C56
:10EBF000D06ED6BD216609BE911E51BEC4FF65BE52
:10EC00000DAA993D811DABBD202A0D3B643280BD0C
:10EC100072F69CBD7EC3E9BC8A46DDBC6CA0D63CC6
:10EC2000656E9B3D1A44733D93046ABD6D08953D26
:10EC3000D44ADC3C202710BC89A0A83DF67B3A3D95
:10EC4000026BCD3D08A0353EE139F43C7F8A453B5F
:10EC5000A254103D566185BDFC7E9D3C3A5784BD53
:10EC6000621A1DBD6C1ABC3C4EB8483D60B86BBB07
:10EC700090E148BC80B483BB1CD1243D4E5B5C3D1D
:10EC8000D66688BD51F88ABD0299213D9895AEBCE3
:10EC90002CF36C3D6A94003E1C94C23E8B25A63E2C
:10ECA000805B873E5516C63EF5F4CB3E5D99D33E5C
:10ECB0006A650E3FA385E63EE831DB3EF4B6283FA9
:10ECC000CC1DE73E25FE143F2B4A0F3F21F3BB3EF0
:10ECD00076A2BF3E4630DC3DA9A39A3EC5E6A13EE2
:10ECE000014881BDACC39EBD98B9A0BD488063BC3E
:10ECF000B0724FBC8F082EBD9C48A63DD7167F3DF5
:10ED0000FBBEA33D47297F3ECB12DC3EC2DCFC3E6E
:10ED1000A7ECA03E11B203BD1A26A33DE5880E3D27
:10ED2000F7F60D3EF1DB743E0ED3E53EAFB2403F49
:10ED30004EF55C3FE647383F0C16363FE8237D3FF3
:10ED4000E9C4043F4747413EA9FD8F3EDF73AB3E18
:10ED5000E86363BE48C7DDBD803C26BBA07C0D3C9C
:10ED60000791A3BD5033023CD4E58E3C5545333E5C
:10ED700070E9113E299BF23B2F89D53EA784713E55
:10ED8000D517E1BDCC981ABDA085F2BC2646403D02
:10ED9000A98AFA3E9ECE1B3FB086993E87DD973EFC
:10EDA00051C9043F9611D33E9AF0063F8C105E3F46
:10EDB0007F3E1D3FE8EFC03E3D6B283E1963243C7B
:10EDC0007FAED53D7C7AD7BD9B555A3EE01D9A3B20
:10EDD000800E623AA3AA08BDD6E5C8BD3E83593B62
:10EDE0009A28B53E15BCAF3DBC7B5B3E732263BE2B
:10EDF00086AAA6BC5E9B0ABE91E69DBC062DB93DC7
:10EE00000B4FD8BB0540BA3D4D50413DC0D9463EA1
:10EE10006D67983BE75F29BD8841D03DBC51D13C2F
:10EE2000F4569B3D72240A3E8E8B083ECC35ABBD1A
:10EE300076634FBEA84604BD5F1CB63D60E403BECA
:10EE4000B78780BD9EA3403DD11E8D3BBFC8BABED3
:10EE5000423D05BE08906D3EB86E803E39432ABDE6
:10EE6000B2E5813D0426CE3D1BC1693EC874EC3C31
:10EE7000922B2C3DE631A03EED77243E1D57F13D0F
:10EE80006AA2BABD722615BEF3A85EBD2A95D2BD90
:10EE900018A5CABC5D290A3E668D0F3EC087993E03
:10EEA0006763753E2154D33DEDFC943E547314BE0C
:10EEB00078BE023DF198CBBD1231B33D4DEEDEBEC2
:10EEC0001FDF99BE49C0ED3DE676593EF7189A3DE1
:10EED00058276B3D9F1A153E019C4D3E29618F3E80
:10EEE000CD731F3E9F0E983E67546F3E2783603E52
:10EEF000FFAE0C3E99C619BEB35129BE75AEABBD6F
:10EF000043EF933C81C3E93DE01CC33D8A4A42BEC6
:10EF1000DC8DAF3EA2DED43EC7A2873EB5541DBEF7
:10EF20002158B23C8B396ABE9E1D9BBE0A801DBF14
:10EF30001BDB03BF5A85B3BE991683BC1176A83D6F
:10EF4000D054AD3DCE820E3C99586F3E46BA2E3E0F
:10EF5000BC8C7B3E9ADD2E3ECCCD023FDBD3D13E36
:10EF6000D9913A3E5BB806BE95D65EBEABE38FBE86
:10EF70006F42C8BD28AD0F3EEF951DBE250803BFEB
:10EF8000B02C763DFEDC313E33371A3E0FDB0CBE33
:10EF900000861F3B7C06A13E1ACAABBEDD5E2BBFBE
:10EFA000675EF4BEB8FCC7BEFE9042BEA17971BEDA
:10EFB00033028CBCE07C61BD560EC63D1C8E143EF7
:10EFC0002625903EC8298B3E28E30B3FE5BF583EDF
:10EFD0009C005DBECF4097BE8499C6BEDFC50FBF03
:10EFE000F28C0DBFD680D0BE33CA0CBF8AFD4EBF97
:10EFF0008E4100BF2631DFBE3ACAE8BDB138BABD86
:10F00000C6E0693D2EE4B53EFD3283BE0840DDBD5D
:10F01000CB6776BEBFC393BEE91CC6BDED5C2DBDFC
:10F0200031D77BBC3A1486BC3727AE3E8876A83EE3
:10F030007C7EBC3EF934103FBC2B613EF36EB4BE07
:10F040001F4A65BF99F712BFB2EFE3BEB3E152BFEB
:10F05000C7EB7FBFF25389BFE4238DBFAC708ABF7B
:10F06000910857BFAADC1FBF8C31D4BD9A0CCD3D8F
:10F07000E2D12FBD2AD7B63E6D60E03DE29ABCBC1E
:10F080000AAF6BBEEA5D543D943A6A3EBF67013EEB
:10F090007C6E093EB272FB3D4C526F3E299AC13ED6
:10F0A000B7D9B33ED5D3CD3E37469CBEBE8255BF01
:10F0B000FFFE1BBF479E96BE9A2CAFBE13432FBFC9
:10F0C000F07121BF9A4848BFE0A964BFDA2970BF38
:10F0D000EEA855BF209EFCBED12A76BE8DF80EBE8E
:10F0E000BB0A933D72FFB33E6245153F3D0897BD95
:10F0F00032AEBD3CEE5C263EA205B53E91CE743EDE
:10F100000C102A3EF93AE13CFCB0683EA0BE593DE5
:10F110006209353DB4090F3CDDEAFDBE116DBFBE8D
:10F12000BADCA83D4C8AA03EF341C63DAF4F62BE5B
:10F130004AA6BBBD685CFFBD7A7D523D6E13A13E01
:10F14000E1A6AD3CDC723DBFB0BBEABE2E1911BCDE
:10F15000B31C89BD7500933E4641003F28AB873DF7
:10F16000ABE7813EB428FD3D6601133F95CA5E3E84
:10F1700011AF0B3E83DAFEBB1E991EBDE0C04DBD34
:10F180009DAA29BEDFFFD4BEC6FC53BEA3386CBC0B
:10F19000EF47043ED829493ECCA5363E0C8D19BB1D
:10F1A0009E270B3D44B953BEF0FE5A3E1F6C523FA2
:10F1B0003E04BB3D02D9D8BE75624CBEABA7403EF3
:10F1C000A3D0873CED76193E5016EF3EDE11063E89
:10F1D0003278183FDE33573E225FF53D18AC1A3EB9
:10F1E00037B72DBDD5D8BCBD81B7073DBC0E05BE18
:10F1F0005CAEC3BDBBB28CBEB5A727BEF9A9D6BD58
:10F20000D2863E3C5882F03B803B2BB99B90CBBCD6
:10F2100034324ABD4D8034BEF6AA453EA49E073F17
:10F220007374843E98941FBF034903BF95E7A3BE40
:10F2300011C8EE3D0F24FF3D96C8E93EA1384E3E71
:10F24000F786883EEB30813EFBED19BD35E9CABD3E
:10F2500012C14A3DFBA1A13D94D2B03DE980C2BD9F
:10F26000EF4C5BBE6925BABE9881AEBE41E7B2BD28
:10F270003F8057BD5EF403BE1125B1BC54C1A43D0F
:10F2800018CD24BCD4208BBDF06CB43E9FD6093F72
:10F290008BDEE93EEFEE02BEF5A745BF221F65BE3D
:10F2A0006D73543BC2059F3DD2B9EDBEC39161BEA3
:10F2B0000E8A383ED091333EB94A68BE0D5090BE9A
:10F2C0003CE499BB8D87643DF7E0733DE6D0B63CE6
:10F2D000375312BE6F2FBDBEDD759EBE9F0CA4BD01
:10F2E0008449D13BC4546F3BEA86383E7775CEBB28
:10F2F0004215A4BD7A78683EE248FA3D1C9BF83E70
:10F30000292CB23E4B4E373D205F62BFA65E4BBEFE
:10F310008B8DD5BD6414993DF82B57BE73220CBE5E
:10F32000730D8B3D42B80EBE92B70FBF16B8D9BE53
:10F330008CF11CBE6CD07CBDF75C293DBBA2713D3D
:10F3400061D67ABEAB2A94BECB0F53BE98745DBE15
:10F35000844C8CBE832960BEB8FE863D4EC609BE75
:10F3600033A98EBE6F26BFBDE11F513E9CB0483E03
:10F3700076CE56BDA385D53C08C324BF683C77BE76
:10F38000B87CF1BCE5C137BCD28C9DBEA49C233EA9
:10F3900079658EBEE86980BA48A65ABEF986A8BECD
:10F3A0005684BCBE4B5432BE326E043E646229BDEC
:10F3B00066578BBE5901E1BE06F83BBEFF5AD1BD70
:10F3C000FE126EBE3ABCB0BCB3BC8D3CDA9B34BE00
:10F3D000A20991BE137F29BE82BD773C7A470C3CBF
:10F3E000B4B584BEFA432C3EE764F3BE451230BC8C
:10F3F00074F4BB3D7F3F46BE8656ABBE3A33CDBBB1
:10F400008F9685BD162E1CBEB57598BDD8415FBCC4
:10F4100091F181BEE7BC30BEF353AC3B596AB23BBD
:10F420006893D5BEEA951FBF2901ECBDBC91293D6B
:10F43000E757CF3B23C4143EBCB12CBD852C20BE66
:10F440000ECB8D3C90A6C33D3542943DD72CA6BD36
:10F45000DEF0C7BE2E76463EFAD612BF44E484BE26
:10F460001F72973D5F9D24BD978ADABDE87B5C3CA7
:10F470008AC69C3D209F32BE1969CFBD562256BE1A
:10F48000049077BE2FC68DBE3EEF6EBE59D620BE0D
:10F490003AE7DDBE561E63BE335A873E039C363EB6
:10F4A000161F3D3EB3B2A03DF8264C3E85BAD43D72
:10F4B000A6D77D3EC6FA37BD1EC798BD0DAD4EBD61
:10F4C0002BB9953D9C3BE33D8436B6BEE52B993D7B
:10F4D000E591A43D25F0FD3C480D60BE72D94C3B42
:10F4E000C52EB2BCC28559BD4598AABEF29BDFBDF0
:10F4F0009242903BACE7AABC520F1BBE018834BEBF
:10F50000F8E99DBE406881BD6BFD973EE827223E2D
:10F5100091A28B3E52E4D93D03267C3EC86F8F3EBC
:10F52000900DAEBC0891E9BB0C29C13D9074663DBD
:10F530005088993E5A3BBF3EDDFF89BE04D52E3D23
:10F54000472D6E3DAC0E7FBE7C22F4BE75885EBC3E
:10F550005BF4CE3EBC3D663E85DEDC3DDD3ACB3D18
:10F560002FE48B3E7ECBBD3D401B203D9773B3BC4B
:10F57000BED5ACBCD66EE43C417C9B3EB0E5E13DE3
:10F5800045267F3E11F1903D01D5703EAA897C3C15
:10F59000B290793E86CE5E3D77CA153C16E22CBE0F
:10F5A0006A44A23EA92BBC3E3E3F153EA1368D3D8E
:10F5B0008BC676BB2ED4A3BC9B04E5BEEEE85B3DB8
:10F5C000A845CD3D7CB6AA3E5749DF3DE3ECAFBD33
:10F5D0002FDC1C3E0E72ECBB98F589BD80E2B5BDF8
:10F5E000220C313E7176EA3D9619753E5A3B3F3EFC
:10F5F0006F7E293E99BD043E0C2E583EBA832FBD26
:10F600007ACB4C3EE4AFA7BC93EFA63D15C87C3E39
:10F610004255BC3EA6EAA23EB4EBAB3EBEA382BCC2
:10F620001B7480BD387247BCD99E233DC759173E15
:10F63000E05896BE858BD9BDDCA6383DE6D67ABEAD
:10F640005EEE4CBE23C583BEE2683FBE061CDBBD3A
:10F6500061B2823D26D5023E68404D3E3989533E17
:10F660003A68713B19FFA73DF3C607BE2339A6BD13
:10F670000773373E178892BD16256E3DF715CF3EAE
:10F68000D11E1C3F980DCF3EF0DB813E0D5B8F3DC0
:10F690004824D33C4009BF3B9A6A40BDEAA6DE3D00
:10F6A000D05D06BD4BFF803DC406963C0B558CBD1E
:10F6B000595F8BBE5BC841BE5985E53D185A2D3D4B
:10F6C0008C301B3EC827963D16DD0FBD3BB283BD77
:10F6D000E25A98BD315B243E44ED273E52CF793E3D
:10F6E000E231953E12B9633EFB33C03ED63D493F01
:10F6F0005670F03E41026ABE86FBE6BD5048A2BD90
:10F70000B0DC87BB80A048BBB7C988BC4166913ECE
:10F71000C900AB3D76C2AFBBEAB6383D287646BEDF
:10F7200018EA3CBE85D9073EBBBDC5BDC56AAF3D25
:10F730009CB9573E234295BA25DD41BE087305BEEC
:10F740001F1D303E76CBA63E29811B3F7B56183FBE
:10F75000DECAD73EF552033F0DAC243F435D523F16
:10F76000AF37493F73B812BE77025ABE209DE83BBF
:10F770001E8C65BD309DD23C0058DA3BA2F299BC8C
:10F78000C2EB813D7465173E5D923F3CE059B5BCCC
:10F7900009BD763E3104273F6E9C013F0912293F87
:10F7A0005B61253F75A8473F7EDB863F4E702C3F4F
:10F7B000C9374B3F330C3C3FC319043FB5BE6E3FC6
:10F7C00007F6733FF2D61A3FB666113FC3FEC43E3A
:10F7D0007B71B63E4843613DD8600D3CD1573BBD7F
:10F7E000FFBE863D5EE94A3DE81443BCA363A53DE8
:10F7F000CF123FBD6102723DF7FACE3D4807803D12
:10F800004BE226BD3319913CE914A63E90A7B13EC8
:10F81000BBF2943E7214A23EEF873D3F8C75C43E0E
:10F820005B2CD13E30A5523EC528D23E6068B23E28
:10F83000746A97BD62EA113EDCCA2A3EC2E502BE86
:10F84000E57801BD0D478A3DE0E0AC3CC662113D64
:10F850009836AF3C470378BD00619E3B34E75DBD01
:10F86000A316A63DECE790BD08AE28BC05D597BD14
:10F870008330A83D247185BD80282CBAB69188BDFF
:10F880005C41B4BC678BA9BD331513BDD516C5BC8F
:10F89000C15F81BD38986BBC15B48D3DA95EA63D96
:10F8A0005D2F46BD3EB1643D534C33BDC25B283D28
:10F8B0001CC65EBD49901FBD538959BD6647ECBC4F
:10F8C0003290443DF9689F3D65889A3D119160BD35
:10F8D000085DAE3CA3BA9CBD01A56CBE5D7039BE8F
:10F8E000111A65BEF11925BD403A5BBE709B13BE6F
:10F8F000CD4B77BEDBAE4FBE1D97B9BEADC5A2BE28
:10F900008ECEB2BE0EDC87BE32F734BE37DA93BE7F
:10F91000CDE2B6BE1DB2F1BD13C28DBE7BE171BE9C
:10F92000E6C6643D5C6CA4BD9B9F5EBD6440883CA4
:10F93000D8D107BD7279393DE6414B3DE1ED9A3DA5
:10F9400079994ABC18D89BBDE73A81BEFA7AC9BEFC
:10F95000A5820ABFC3C505BF27DE8CBEB5F16CBE4C
:10F96000023F85BE933A72BEC9518DBE5B4FB9BE90
:10F9700083AB96BE66FED1BED61EEFBE136ACABE6C
:10F98000930F96BE0945B4BEC3AEAEBE7352ECBE75
:10F99000AF16A3BEC8929ABE3FFCA5BD688BD9BC6A
:10F9A000F827BE3CF26643BDEC5D6A3D26E5ACBD82
:10F9B000A07987BA3DB6E13E2636983ED1DB573E68
:10F9C0003502483E3DDE06BF32E3CABE40F05F3E30
:10F9D00093C0673EE5F5553E0BF6B23E4FBD79BC90
:10F9E000346E073E05169A3EBECA2B3EA633DE3D58
:10F9F000C3B0A43E84A8A3BE573333BF655FE8BE3F
:10FA0000FDC999BE5DDAC9BE789A59BD62422B3DE7
:10FA10005638243DA0DA82BD6EC2BF3C2217A23EFA
:10FA2000818A943C6A22223E4077903E9A07B03EFB
:10FA3000566A1D3E4CEA253BD862FC3D8B4DB23EDA
:10FA40006D5C993E1187E03E3CF1093EBD70473E3A
:10FA500007BAD13C60F92BBEBC3294BDBE0904BECE
:10FA6000DC3910BDB96469BD70A4D8BE98980DBFCB
:10FA7000309013BFF0F2D6BEE141F2BE2394523E65
:10FA800089E6A23DBD5EA2BDB4F479BD6D27853E79
:10FA9000395D243E12F8C73DD879143E34B9183E7A
:10FAA0001C81BE3C834F03BEB274A23D3D0B663D3C
:10FAB0001F4BADBC24DBB63DC6DB133D41EE103E13
:10FAC00016C9BABDC51C1FBDFD1EF43D78C34E3D11
:10FAD0004959AB3B555267BEDD9E88BE6F7C2ABE3E
:10FAE0008FD284BE8CF9C2BEF45C0CBCE46D45BD03
:10FAF0005E2361BD7FAF18BD40778FBC38EC5B3EA5
:10FB0000E7DC32BD4F7033BE3ACA50BEFDB988BD86
:10FB10001E71023D8934B7BDD242103DFA57503DA7
:10FB200090F88BBD16F64E3E8C0E173EA3468E3DCA
:10FB30000B73383EE159BD3D5B443B3EA4C83DBE1E
:10FB40003E2105BC2D5304BD0A4C22BE39220CBDFA
:10FB50008261ABBDE186AFBE7A0682BC23E98ABE74
:10FB6000762DD83C28D807BCB76D0ABE6569BABCEB
:10FB700069559FBD12080FBEA712C6BD143B46BEF5
:10FB800019DE40BE9148A83CF62A603CB8D7213E19
:10FB90005F46853D39302D3E94524A3E238EF93BD7
:10FBA000D91190BC2F82CCBC149877BEB28EFEBD0A
:10FBB000EE5748BE94A73DBEA9FA78BE13B5913C56
:10FBC0002A4205BEBCD4B5BD8435573D97D0CABDC9
:10FBD000430BC9BD3F5731BE628B90BDD1BABBBD8F
:10FBE000040AB0BEE53719BE557324BC9A21BABDCC
:10FBF000552682BE4226F5BD6965703CFA83A1BDDB
:10FC0000444CB4BDA68AE43886F3223D96C4783DC0
:10FC1000AB5F98BD55A423BEE12AA5BD88FDDDBD1F
:10FC20008A7440BE9CB15FBDCA3A47BD2B0D90BEE1
:10FC3000FD6DF2BDF163203EAE39FBBDB4B38FBEA6
:10FC4000308088BD8961B2BCDA3D6A3DB2D72BBE37
:10FC5000DB5386BED6C670BE5B448C3D290C53BDBB
:10FC6000D37D67BEFBF4EDBD7B9A02BE57EE14BE9A
:10FC7000A150803B7F54DB3CE1AB413D7D29A33C5F
:10FC8000E743BF3D6695283C5BF4483E62A7283EAB
:10FC9000476BDD3D677B1C3E8F80F63DC5E89CBD14
:10FCA000066EBBBDA7AB90BE300802BF0792F03D09
:10FCB00079DC1EBACD7C00BEAF542C3C3BA5543E33
:10FCC00020D1B0BEC398B7BE398D83BDE0F83FBD2B
:10FCD00047BDE6BDF13F59BE79D09FBE46A624BEC2
:10FCE000E2FA7BBEFC5F8CBE9BD547BE0414DFBC32
:10FCF0009A03203E29AF853E2AE6283E4DD3973E03
:10FD000040731D3DC7E6AABDB706863C1AA9803ED2
:10FD1000B78714BE8A0D5DBEA6A005BFD797A13DCB
:10FD20007621FB3C6A85B2BE025243BE604E0A3E5B
:10FD300053B5B6BE4EC00BBFA0735ABE6076AEBE02
:10FD40008D1946BEB2463FBE514CC6BD2F992CBE42
:10FD5000A6F731BE06243CBE6A731ABEEFC6903EBB
:10FD600010C83A3C03D1773ECE97383EF967DBBBEB
:10FD7000BB94253DA0FEB4BDBC15EA3D8FF3973D75
:10FD80006FCDD13C43DC87BE52E7FCBEE3D9EBBD6F
:10FD9000A099F9BC60BBB1BEE85C99BE72078ABC91
:10FDA000C8D5C2BE43F0FEBE6AD77DBED010F6BE37
:10FDB000B7D399BE289976BE1533B93D33F54A3E7F
:10FDC000D1EE2B3E7C45CC3E0F489C3E0B05603E61
:10FDD000B42A983E5005893E9A32373EAEC5953CCE
:10FDE0001685F53D2FC3443D4AA8A43EE591213E2A
:10FDF0009597CC3DA27FD9BECBB404BFBB8872BE61
:10FE0000AD74A4BD86C83FBEEC950FBFF00AD5BD4A
:10FE1000C8FD5CBC7D9A26BE4D81DABD6B1685BDE2
:10FE2000586D10BE757C8DBECCD1273EB750ED3ECF
:10FE30000767253F10CC123FA6A1983EA78A843EB3
:10FE40007C3F733EF598B33EFD5F823E6BB27D3ED4
:10FE5000F486B63DB9C7F63D1DF2E23D37272A3E8E
:10FE60007894123E6BA67DBD11D299BE045486BE15
:10FE7000F0D149BEE9F8063E36A600BF87B0843C03
:10FE8000AD64AB3EB8E6463E5AFB7E3D5AE0603E6E
:10FE900092020C3E2498913EC7D10C3FA4223B3FD6
:10FEA0008D3D493F4ABF3B3E04D417BD3DBB633E39
:10FEB000E2DB913E33ACEA3E194DBB3E0A95543E1F
:10FEC0007FD4133DA2884D3EDC7437BD10288D3E93
:10FED0006DC4EC3E8A55863EA076D3BE75C76EBE15
:10FEE0008DCCBCBD18C0133E3C9431BE14BC383E12
:10FEF0003989273F8AE03F3F0156C83E0D45143FF0
:10FF0000C250343F0898193F94EA5F3F45FF333FA2
:10FF1000EAB26D3E840BFCBD7FFDFABD0169893DEF
:10FF2000B537003E9357AF3E03375D3ED3549B3EFB
:10FF30006245503E7CF74A3ECA346BBDEFA9123E83
:10FF40007FBFD03EB033963E6B175BBD718059BE0C
:10FF50008EBB8A3CBA03873EEAA98B3EB67F8D3DB5
:10FF6000E3B06D3F3A92713F84694A3F541B6C3F46
:10FF7000DB619F3FB2FD763FC3ABCC3EB162C1BCFB
:10FF8000B99842BEFC0D12BECD9D28BE34FA12BDFA
:10FF900053DAE6BDB9D2E13D461A533E13C1863E5F
:10FFA0006EBDA03EE8A2223EF0AC89BCBB70143E00
:10FFB0006273843ED0803A3DFE0D97BECB1E76BE66
:10FFC00052144A3DFB9C693E04B1953ECDE613BDFB
:10FFD00038002B3F8717703F273F533FA8AF953F0F
:10FFE000CA8B923F7632203F3F6874BE62DE15BFF7
:10FFF0004DECB2BEE45B4BBE515FC8BE8572B9BD6D
:020000040801F1
:10000000DF54E8BDECB5833D6DB78CBD036D733E29
:10001000B670493E259C013D6916A33DDF9A083D17
:10002000EDFE5DBD41EA98BE746BA7BE0967E4BEF4
:10003000934598BC2C4EB13BC6FF403D4355F43D23
:10004000FECEA03C53C41A3F40F44B3FDF6C3C3F14
:10005000F55F023FA1220E3DC12912BF5D0503BF1E
:100060000E53BDBEE4CA8FBEA6B462BED2C5E7BD04
:100070000ABAFDBCD7C0BDBCBCCE9DBC6F0DF53D62
:10008000FA990E3EE3AC513D6D3E513E6C69983E8F
:10009000BBD360BEC90B88BEFEEC92BE9F5005BFAD
:1000A000BACC9D3CD83396BD86D95CBE04379C3E05
:1000B0009B83103E63EB1B3F823BB43E35E8A83E7A
:1000C000F2A0C8BC7A6DA9BEE6A0C7BEA1D5B6BED7
:1000D000B3D7B2BEBA77AABEEA85F1BD381E12BE4A
:1000E000663980BD87702ABDC143FDBC5E6AD2BB44
:1000F000066A28BCBC2A853D2A4B6C3E3183583E9B
:10010000DD466F3A2091C3BE71E2F8BEC050D0BE4A
:100110003A3F80BD83A3883D43B46EBED8E2DFBDC5
:10012000E61CAB3EE1AD143ED67A87BCC0FDC03DB7
:100130006595B1BD274365BE89A8A2BEEA619ABE96
:1001400055916EBE78897EBEEA601CBECC5C65BEF1
:10015000129AC5BDD68F12BE6A9B19BEE5515BBE11
:10016000496794BC5432073B5A6B0A3E1B6B1D3ED9
:10017000800D32BD91AF01BD8926AABE8D4CA5BDB3
:10018000A3EEBFBDA03485BDC243F53C0C99F7BDBD
:100190009EBEF93D79E8F63CAF4FECBDF761CCBDB2
:1001A000C139CC3C18877BBE98106DBE81200DBE36
:1001B0002F2CDFBDC78065BEBBE782BE01F99DBEA7
:1001C000C6BE21BEE57AA0BE82BF93BEAEA388BDE7
:1001D000C8812ABEC55408BE79A93E3D2B2A94BCCD
:1001E0004020B5BE4E488CBE93A0B1BD3115143D24
:1001F00014EED9BDE36FC83C82FA6D3E7C706A3E56
:10020000F760783D5C8AABBE9C0B103D15A9893D1B
:1002100083B4A2BDC20305BEC43D663E35111D3E7A
:10022000214ED3BDF198EFBD4FFE90BEC2832FBECD
:10023000335AE0BD50CF2FBEC32C53BEC94D1FBE95
:10024000B996E6BC31BDBC3D29C71D3ECF213B3E22
:10025000820BE7BC67D924BE1BBF473EE073473D16
:100260008CB80D3DB95726BD538B1EBDF5DFFA3E48
:100270000AC627BC6B7408BE498F173CF2C0BD3D4F
:10028000112C503D928793BD96E61D3D41860A3D57
:10029000803388BECB718BBE0E0C7DBE0C820DBE32
:1002A00040F809BE69A625BDE47794BD46F231BE8B
:1002B00035C1BBBDFCC0D83C44852ABE5ABB0DBE6F
:1002C000A1F3553D330F2E3E6C94DC3CEACB4BBD85
:1002D0004C5DDDBC4DF4AB3D03AF15BE92D2513E3B
:1002E000976A9A3E75B3CA3E736BB63E029B8B3ECD
:1002F0007FB3933C3F62DCBD246316BE94E35ABED9
:100300007B58B5BE3F5CEBBD020319BDAB4829BCB1
:1003100055ABE93B4616C53C7175B7BE07D7E2BE83
:1003200041F743BE8E12D2BDEDD92CBE6630DB3D07
:10033000DFC698BE109796BEE7DDB5BDD817173D4E
:1003400080B636BB78C2423C61F7613E1E62AEBEEB
:1003500054B4A0BE314AC73E42653B3EE3B2C03E04
:100360007FAA073E771B1F3DB52D643E675D43BCEA
:1003700043994ABDEC0A69BD8604133D74C2ABBD06
:10038000E900C7BCD3E49EBE4AC60CBEA853B8BDA4
:10039000EAF9933D74378A3D9352C73DF903C83E4D
:1003A0000DBC1C3ED148B3BCACAE40BE9F48A03D86
:1003B000231C9E3DC49390BC01D0823DD40E9A3D37
:1003C000A8875F3EE17B6F3E88B2A1BC7ACA8DBE32
:1003D000CC270FBF75DD96BE2DB8953D3D9641BE2D
:1003E0003B0895BDDF3382BD64722C3E1BE0373E77
:1003F00067E48E3E2DAAAA3E9CFBCF3D504FA7BD81
:10040000B36F913D6BA9E53D0684013D7E90E83DCB
:10041000460E003E0751F73C5895FBBCC0B05E3C11
:10042000F25B0F3DE5688B3D807CC33CFC0F123DC9
:10043000400AD4BC691087BE43E691BE7BB98CBE2E
:100440005EDDABBE0BD0DCBEF48105BF842C22BCCC
:10045000B61EB63CEBF941BF1CE8D7BEA3F631BBD4
:10046000B9EF53BEF8AA18BE93F54B3ED68EDBBE4D
:100470007C43CC3C0D36643D1B51EDB9041D07BED9
:100480003C54DB3C8FF6A43D1AEC233D488FB33C33
:1004900095E740BD953C993D869848BD113788BD8C
:1004A0007820393C733432BD983EA8BD28A07FBD6A
:1004B000ABD4813DACC1ADBC348E253D16AD24BD61
:1004C000472518BD881F913C35F2DEBD69A10F3D5F
:1004D000BF21AABD47DF9DBD4209583D0A57663D71
:1004E000729B5F3D62DF503DA08FCB3BF0194BBC50
:1004F000F0209C3C5D0C893D90C4DFBC266080BD33
:10050000B2274B3D1C140FBD00121D3A8D758F3D57
:100510007923293D43DDB33DA84261BC557DB63DFD
:1005200002EC0FBE1413D4BD996E043D919D86BE9E
:1005300045320EBE36588FBE2AE9AC3E2D08A63E87
:10054000753EA7BE51A1DDBE470ED63EA251B03EBC
:100550000159ED3E1D81EA3E1192513ECB65FC3DB5
:100560007296E3BC414040BDED8A923DF8678BBD79
:10057000347A92BCD831F0BC2C2E5D3D38171ABEAF
:10058000FEE4A83E52E4AABC22F3813C17B7E9BCC2
:1005900093AA91BE978FC6BEFDB2FCBE16C128BFFE
:1005A0008D784DBF427D5EBE664E61BE6BCA483ED1
:1005B000A376033EFD3C7CBCB172033D1E5F603FF1
:1005C000E92C643F66704F3F44984F3F55A4623C0E
:1005D000C1D59BBE5330D2BE2851843C0E61733DC1
:1005E0000D95A83D3A83493D1192013C22390ABE3E
:1005F000C328F03DB2BFC4BDF457CA3D8D39623C3B
:1006000081772FBFDCBA05BF0A4D1DBFAD17B5BE40
:1006100031ABE0BD25EBE3BE8B2F11BF0DE4ECBD8C
:100620009474BDBEC0E95CBE966F41BDAB7FC5BDD5
:10063000E38C853E33E1AF3E9448953EFE46A23EB4
:100640004F8D303E605F85BE8047273E1F358B3D16
:1006500022FA713D9A5F533C7A2D17BD77363ABE28
:100660004E80163DDAF742BE67EEA13D7C2BE1BE1F
:1006700077E647BFEE4556BF42FE66BFA7A3ADBEB5
:10068000C673C8BE8E3E54BEA31CA6BE73FC9EBEDF
:100690001F8E07BFE9F5D9BE8FC2AEBE13C0A4BE80
:1006A0003C0810BC1D0B583EE439B43E7AC3103FE1
:1006B000131A803E463ABBBEAE54D1BEB36979BE72
:1006C000104FBB3C35639DBDA0603B3E9862D8BCDB
:1006D00084600E3EBA7E6D3EE292E93B9B4EDFBDEA
:1006E000868282BE188963BED046A5BE5A8D70BE72
:1006F0001BDA9FBE5C8E0EBE33F205BE245D73BE58
:1007000066D29BBE4C05B2BE0D00D2BE1692EFBEA5
:10071000E15446BE8BE332BDBCD57D3EB0C0083F40
:100720007262B53E5116C8BE9E5C34BD84D8053E8B
:100730000CBDA8BC7026A7BDB3D97FBE8BF8343ED4
:100740003454333E9DBE97BEACF4F8BDB427A8BE6A
:100750003EA655BEEBBB51BE387804BE4E729CBC63
:100760005F3B7CBDB3D4AFBD2F294D3D3144153D1A
:10077000F6154ABD99881DBE70AD3ABDE626BA3D54
:10078000B608333E2B636DBD37D92FBEAE444F3E06
:10079000127FDC3E08ED0A3EF359973E1292A83DC7
:1007A00089BC81BD4ADDEDBEE5DD1EBE8BC5A23E26
:1007B00045170C3EE57C9EBE299916BFEA83DBBE39
:1007C000ABF1CBBE7BA922BEB2549CBC5F6072BDB4
:1007D00064C5463E92C2433D4530813E3AC2FCBAB2
:1007E000E1BA393EC8618D3EBC9D213E4870C53D91
:1007F000D25B083E95207E3DE724E6BD1F40163EB5
:1008000011037A3D41079A3C5FC0F43D2CEC72BC69
:1008100051238F3D767D613D2CA2EDBD7E886C3EDF
:1008200085D1E83C08D738BEA34E1ABFA5FB1CBE35
:10083000269C3BBD426246BDC4AD8ABE93BDCDBDC4
:100840000C7D073CC3F5953E9875AE3E58AD333EE2
:1008500024DD223EEADD8F3EBB75083ECDF54E3DE0
:10086000F4ADC63DBA66B03D7DDA34BE1593A4BD85
:10087000CD759B3E0EC7523E4263E3BE93D1BF3C53
:10088000B56E96BC713A563E39C69BBEB28087BEE5
:10089000305D18BD21DEA0BEF67FFDBEE5B00CBF09
:1008A000828AE7BE2CFBE1BEC57A01BF49F53BBE9B
:1008B0000FC9763D6D150D3FC65ED23E229E943D1A
:1008C00074ECA93C8A5ECA3D576C663EFE989E3E1B
:1008D0000380B93B3770D63D730724BECA9100BF71
:1008E000E568253E89A0B13EFABC243ECDC9B83E9C
:1008F00067E4ED3CF209A23DD548663E0BE76ABECF
:10090000E058B53DF4BA8CBED6D6FCBEABA9C7BE86
:100910001BC38EBE77C212BFB8BBFEBE25B587BE55
:1009200086F9E13D4EC1DA3E520AD43EFC69A33E4F
:100930006981413EF55FF9BC569D77BC209FFF3D24
:10094000BC52193C55F4113EA5F28FBDE62307BEFB
:10095000AEBC0E3F53896D3F4C9FF53EFB917D3EF3
:100960007EAE51BBE88E053E705EA13E23890E3FF0
:10097000DACCE83E1B68A2BD419D3EBE9AA345BEAF
:100980002B8024BC37A3CFBEFAF9DCBEECD796BDD2
:10099000A95EC53D8E4C083FE9BE903E97F46C3E83
:1009A0007418533E896C9CBDECF9DBBD46D053BE38
:1009B000EB9038BEE81526BD9F2797BC8D7DB93DCD
:1009C0007CB1773EF83EB43E7B43F2BDC60B113E90
:1009D0008C73723DE6E7473E3B81E13E61D5E73EE1
:1009E000158E753ED0EB8ABEF590BDBE9AC83BBD54
:1009F000ECF88ABE829EC6BE1ED71FBEBABA04BD20
:100A0000A09E2E3E56B7A13E85EE8D3EB6DC813EC1
:100A1000B06401BE6F3DE6BD1E58EABD4E08ACBED7
:100A2000F9CEDDBE7A8512BF82EE23BF8F170BBFD2
:100A300001232CBFCC7D7BBD11F99C3EC8B7653E20
:100A40007FFF553D6CEDC73A983FB83E79977E3EA3
:100A500073E4923E703D3ABE2A7DC1BE6A5B01BE20
:100A60009885CABED114E8BD3A11FEBD9F4695BD1A
:100A70006E08E53DC83A0F3E7781FB3BED8F34BDF4
:100A80001A9D70BE41087FBE6C01A6BE2E1B90BE93
:100A9000B10BD3BE357860BF9C8B98BFAE2670BFBC
:100AA000347B2DBF0ADE99BEEA9928BE4531B3BE1C
:100AB000E95E893EF215B93D9E216F3EF34F953EAA
:100AC0007EC9433E7FDF333D3556F3BE4125A4BE8C
:100AD000BA9701BEE0E25CBE206F373CC05102BE57
:100AE000CC90D1BC7088EFBD42A74E3D074099BD68
:100AF000B13F03BE2FC7F5BDF57C43BB9D9A83BDB7
:100B0000233D59BE5AB01BBF256E3CBF547217BF60
:100B1000D95283BE234E68BE17D2F7BE315D22BEC6
:100B2000ED6EC43D74ED14BDE78E90BECE4AFE3D21
:100B300040980FBD53E2ED3C6953933DCAB5F53C77
:100B40008590753DFEDEF0BD540F683C914CB43D80
:100B50003F45E13D701E0BBD6DC583BDDD95AF3CCE
:100B6000FF5E7D3DBD74A43E589E9E3E467FD6BD31
:100B70004D903BBD87BD05BEE2BC92BE415600BF55
:100B80002D6124BFA55736BFEE5442BF4FBE93BE62
:100B900004CC1CBDF3CEBCBD40F419BFA794FABE73
:100BA0008EE78DBDC02CFA3DADF615BD1522AFBE4A
:100BB0005D3B8EBE30B1B5BE703967BE84BF363D79
:100BC000B1F8B4BD574992BC1AC2273D48AEB93CF2
:100BD00054F5343E8A3AB83D2241B33D9D3746BE76
:100BE000F46A383D6ADDD6BEA84035BF060F30BF77
:100BF000CC03E1BEC73F55BFED9939BFCBECD1BEA9
:100C000049BB9A3D85658ABE44B326BFCE9D1CBFB5
:100C100097A55E3DC68F033D5A4836BEB2931CBEB3
:100C2000C248BEBD0725ACBDA6806DBDBCB60FBE1B
:100C3000D12F57BE0E4FDB3B89A0A43E5E50443EF1
:100C40005D609A3CDB6DFB3D3DFF8E3D929034BE76
:100C500012133F3DBEEF8ABE6FB77CBE21F9CBBDFC
:100C6000EB7EAEBCEEE0803D3FB1143E2F5315BF8E
:100C700044B12C3DBF5D67BE9C26B0BD89CA1CBF78
:100C800003D748BE8EC1D1BDB20619BEAB54EF3AF0
:100C9000583F4A3C8134F6BC16980F3DF5CEA73C30
:100CA0006E5816BD7A9E0D3E0D92013F5331463E61
:100CB000B2AA12BE97E89EBDCAB8A5BD45B76ABD27
:100CC000553A47BEE85107BF26B4FBBE2C57BEBEFF
:100CD0008FD5E9BDBB84473EBFE5D53E7D9CD33D66
:100CE000608B5B3DC562343EC149A2BE1B4D98BFBF
:100CF000FED540BF8AD9D3BE230502BE431657BDD9
:100D000024F4483D90B3443EF1D4C23D2D8B6E3E59
:100D10005052743E02F0753EEBADB93DD6E1EFBDE9
:100D2000634044BE0E9D98BE35AA01BE04FADABDEA
:100D3000EFDDD4BE3A5205BFEC5810BFC33FD0BE62
:100D4000810EABBD8A67E43D157F4ABE31A5613E89
:100D5000A940AC3D717129BA87CFF1BE6AA76FBFB8
:100D600072EF4BBF08009CBE7B4B21BE5A2824BEAD
:100D700064BA803DF5DEA2BDCA4FB0BB0791543EB8
:100D80002C7C2B3DC3A0A73C0DC907BD5E3067BEC0
:100D90001FDE3CBE3C89AABBD695D6BD9139D1BDDC
:100DA0002599C6BED2D80BBF6ADEAABEC73345BEE0
:100DB000A1F4D93C52F5A2BC677E9F3BDBC89B3BAC
:100DC000591E22BC147993BEC9E502BF7A4298BE6F
:100DD0008786F1BE5AC9A6BEC81B0DBE47A4213ED8
:100DE0007E8E4C3E8BD07C3D9077D33D12B35ABC67
:100DF000DBF4C03DFDC8AABD24433FBEE5627ABE18
:100E000075C561BEE48C26BEBC887ABEC080F8BEC3
:100E100009D786BE32D44FBE978FB8BE1246E1BD09
:100E2000764E2B3E13A4DE3D6A945FBE240A793DC4
:100E3000746BB0BC5DF680BCA0B9CABEEC9A153D1F
:100E4000BE964BBD3665A3BD35E29CBDF14D503E0F
:100E50000A52393EA855093E8E742B3E15F7263AA4
:100E6000FB07083C930FE6BDC95D66BEFA747EBE03
:100E7000198176BE90ADE7BDB428C1BED7D5EEBE10
:100E8000C7EF2ABEEBEA02BE8AB7263D8647083E78
:100E9000CB8117BC0DE831BE2019E03D91A350BCB9
:100EA0006EA5483D88ABFFBCB2AB97BEB6FE40BE58
:100EB000021342BC5986E03DD028C03E45CE173EC5
:100EC0005E52C6BDC10AFC3D38F3433D7269EFBCBA
:100ED0004683A9BBA6CDA5BE69A38ABE133693BE21
:100EE0001A9C84BEF0861BBE2D0D0DBFBCAB2DBF62
:100EF00073D685BE6DCFF8BEBF4CB2BEB40603BE7E
:100F0000AE5CB6BE1DB014BE3FC6D73D70427EBCBF
:100F1000754E3BBD1BB13BBDE98652BD0EF99CBE73
:100F20004D1C58BE1B8B8D3EF572CD3EC9ADD03EDB
:100F300017653F3E5C171C3EFADCE6BC48BB09BEA9
:100F400010DB6EBEB99B65BEC19DE8BECCC063BE62
:100F50002B7ABABE729F72BD821F0DBF758E44BFC1
:100F60004A703ABF273028BF9143D3BE50F0253E88
:100F7000877BCCBB21E9FDBD427D9FBA3FF6863D14
:100F800074F4AA3C60AC0BBCA1643FBD65C4C63E12
:100F9000DEB3413EB36602BD6106D9BE462BA6BE96
:100FA000114033BE6037CB3D03D69CBDB58E123E9B
:100FB000569EF83D4114703C0AB5B53D8BA5FB3DEE
:100FC000C3B643BEFCB840BEBB13D5BEC7F627BFF1
:100FD000583C04BFFE1EBBBEAB86793CF82DBD3E1F
:100FE000A5337E3E5F00C3BD550249BC2F6EA23DB6
:100FF000148DF23C605CAEBB6029723B9F5A0ABC08
:10100000942EC83C3650243DFE2E373E3341A63E3A
:101010000EE6FF3EEC393D3FB77F103E9433823EF3
:101020008454313FEFCF8C3EEDEDCE3E7D1C0D3F25
:1010300090B3903DC55D913DC24080BDF937D0BDB4
:10104000F4C2C93D757E063D34022D3EA3CE49BE95
:10105000EC61A7BD8F4B88BD10159C3BE49584BD0A
:10106000E1B41CBD807422BB47AC87BD4459043D2C
:10107000899F243B47B7093E9B41D03E70AF9B3EC2
:10108000FBE8C63E645EFF3E0E711A3F68B7503EF5
:10109000F2AD9A3E7160033F1A5DE83E9C44AC3E5F
:1010A0005E4B803E8F64003E572C13BE9611463E29
:1010B000CF5B1C3E4BD1D73D490281BB6173E13D03
:1010C000E07EF03B1E70463D8688EFBC8032793B67
:1010D000AC3190BDFC59983C3A182F3DD8CF71BD2A
:1010E00049FD983D5E130E3DAC3FAEBC168E383DBB
:1010F00060BB033CCED23C3D94306CBDC6BF7D3D51
:10110000E34D373D257BB23D943D363D172BA7BCC3
:1011100078843B3C56A4D7BC60F78C3B5E50D4BC73
:10112000E0961B3CC762823DEC7FACBCA0438DBC0B
:1011300048050ABCB015D7BB3E805D3DC8208CBDBC
:10114000CE6A443DB9868C3D091254BD5C34A13C45
:10115000A3FA7DBD4ADF3CBD803F09BD93DBD53D91
:101160007D6B4A3D2F28B83DE07CF03DE60B3FBE4D
:10117000019689BE46E69FBD714FABBED333D3BE49
:101180000BB8A1BE23B681BE6A72933B9B4C933DC4
:101190000A05B4BD981BD33D44C72CBBB443153DD1
:1011A000B61D84BDE83FD73C1D0203BD6B8B0ABD55
:1011B000E019D13C26264B3DE6FEE8BC819697BE61
:1011C000A20132BE88CD68BD790AF3BCB10EB2BDB2
:1011D0004857DC3D1DD7BD3DA986C93B3C83073E32
:1011E0000CA1043EDE98873CCC2CC53EF79DF23C1A
:1011F000D316013DBE72D63D259952BE7FEA443DCD
:101200009D48A93EE402A73EB951D53E2DC1D53E29
:101210007508AA3E396F393E9BF285BD4DCE94BD0F
:10122000244D92BD94A113BD73D6223D291887BECB
:10123000E8DC19BE252C893DA90BBC3D2285953DD6
:101240009621B93E75BC8A3E8A85893E4619003F83
:1012500070B9A53EE2E5AE3E6C80B03EFCF34B3E7D
:10126000E4FC753E0B00083E3B0C6EBDE691CA3EA9
:101270001686A93EC8A2A43DC30F95BC4847A83C0A
:1012800042AA063D25976DBE3392983E0C29FCBCC0
:10129000E276533DD7649F3DF927AA3D03A2F93B6F
:1012A00000385E3EF0DED03E6B784E3EAC56E53EFA
:1012B0008BC2013FDD2C103F96005F3F34F9493F60
:1012C00073A8403F54186D3E3F64A03DEAF4C6BC8D
:1012D0004D48303E2DA4203E2303FEBCC3B38B3DBE
:1012E0006EF52E3EC1A71C3E2E0FC2BC8A79F03D82
:1012F000C5AB243C1B7BCCBD4E8987BEB6E1963E78
:10130000EEAD11BD43F88F3D80E8433D6AA6BC3D7C
:10131000D7B6683ED408813EC196963E74D6D33E79
:1013200087220B3F2B07E53E0973103F5AB7113F49
:101330001774C03EC940103EDC3F8C3E38588C3E8E
:101340004D6F973E039F6A3EB375913E1121D83D84
:10135000DDADD23D3A723EBC5C8113BEB69BB03E61
:101360007763B83E2B8DB13EDC5F7B3E4D44D43E6F
:101370001DD791BDC6E48D3E0B8307BEC6972B3E9D
:101380006AA7DB3CA8D3023E44E9763E2D47713D77
:10139000368A0E3FB4822D3F36CEEB3E7F96063F17
:1013A0007FC0D63E4B9D913EF99A0F3D3CFE873C57
:1013B0007FF5203C607D5FBE4F2ED2BEF33752BE1C
:1013C0009FA8C2BE98F7A4BEC7DC94BD41FB8B3D6D
:1013D000B8DEF03E0F5E953E654CF63D6DFF943EE7
:1013E000C8B105BCD172FF3EB81E0F3E229E8A3E98
:1013F0002F397B3E84D4B93E12C2D33E411EAA3E51
:101400006B51143FB755393F2674073F6CE1EE3EF0
:101410008CD5FBBD26BB2ABE47A891BC11BE0EBE13
:101420000C76A7BE6D22A7BECE27DABEC0D66CBE94
:10143000F3593BBE444106BE5AF6D4BDEC8081BE92
:10144000E8C5973E289447BCDB41673E87E4673E8A
:1014500074455C3D8324CC3CFB18453E557A023EE6
:10146000A658F13EA579CB3EEB0C673E0D6AE03EF7
:101470001E84073F0BA81F3F66D7AC3E4F34C83DC4
:10148000DB858CBE4C0181BE8A7D06BD610A46BDEE
:1014900009DAB7BE3CF294BEE10DD3BEB0D75CBE54
:1014A000748B03BE9C9172BEF0D38ABEC94187BEC5
:1014B0000DC391BE83147CBEFB103FBE826394BEFD
:1014C000BEBC6F3D88AC73BED4B99B3EF3B42F3E17
:1014D00005968C3E7EBD6F3EE706B63EE9111D3F88
:1014E000508A163F8FAAF83E37936C3DAC62EA3CB7
:1014F0006B965FBE53A793BEAA8A90BE60DED2BD34
:10150000F02EFABD0E57B3BE0BFF63BE5D3DE1BDCD
:10151000B0D3D2BD0DD8C9BD37CBD1BDBD7332BE9E
:10152000A48910BF8D721DBF9EB8C3BEEB0189BDDB
:1015300030E9CFBCF1EFEBBDB94D32BE02698F3E51
:1015400016B2B53EA883E43E53D6AC3EDD91B33E21
:10155000E228943EF0AE3A3E7225913D6F2F25BDB4
:10156000803CF4BDE1ABC0BE3FF1A5BE5EAAB4BEF7
:101570003F9381BEC821823CDD9956BC1D018EBDC2
:1015800080028EBE8E9D55BEABA073BDC0568BBE75
:10159000A8D721BF4444A7BE546516BD91C238BE2A
:1015A0005B87F3BB0E9314BE29BCE5BE502507BE76
:1015B000D426E23E0C08DE3E790C9F3ED9DFFFBD0B
:1015C000E14EBF3DCA5C183D1E81AFBB05F95ABE56
:1015D00091B71ABE94B491BE8882DBBEEE20BABE2B
:1015E000EEA53DBE4F8F2EBD277D30BE6B768EBDE6
:1015F00003EECEBE038588BE78FD6FBE7154C4BEB7
:101600006D4B2ABFD4AD313C2CDBD8BE1CE8C9BE23
:10161000165E5FBD881FC8BD12EBE0BE23258DBEE0
:10162000B2195DBE8C4DFCBD224D4EBE792F14BE4D
:1016300054C53E3E082B6A3D999BBCBD28B97CBC75
:10164000C1FB933EA4AA853E0836CCBD73AE9CBEBA
:1016500040AE773B325567BD1EC243BE3883ADBD39
:1016600066F6E1BDCAE4023E110F83BD07B69EBE19
:101670000D1CEDBD93B4213E999ABBBEEABA8DBE56
:101680007A8120BD639027BE758FC7BE4A23F3BE03
:101690000E7B2ABF887DACBDA67FBCBD7115453DC4
:1016A000B5AFB8BC7BE67E3CF3D3053E1B9C813EC8
:1016B000B848813E9171683EF8F4A2BDFDCFDFBD10
:1016C000EA2C7A3D743D523E7817243E64FDA13CDD
:1016D0001BC96B3DAE25163DC50C4FBEA3CA5CBEF3
:1016E000472E9CBBC1AD393D6498083E4DA3083ED2
:1016F0002C15043E01A321BE4C5893BE4193A3BEBA
:1017000085FAA1BE870ABABD38EAF13DD63E473E0A
:101710001491343E6CAA113E760CA03DD739873E19
:101720002C92CB3E5DBE0A3E611B58BD7A7980BDCE
:10173000FA32C93DD3C5D33DAD58F83DCDED083E95
:101740009D086DBD2E9E683BEAB9A23B1D45F33C4A
:10175000C2A1803B63B8A03EEAEB1E3E8B1F1F3E3A
:10176000D429AA3DE84CADBDACAEF73E8030F63C86
:10177000160E98BEB43085BE5815043E2759A93DB3
:10178000CF35A8BCDDE44C3ED9FC053DFDDB493E30
:10179000940CAD3E1BF1803EED02083E6BFF14BD84
:1017A000147AD63D16A13A3DBAACA03D3B8C733EAF
:1017B000E3E5973D4537AA3E6BD9443E0C820D3E8A
:1017C000BC18793E2939DA3ED6BCCB3E3F6A843D0F
:1017D000F98A013D53B34B3D3679153F4502363EFC
:1017E000C515ABBEC16396BEFFD701BEE7CC753E43
:1017F000390C08BD84DDAD3D252E453D6721E73D13
:10180000F83F183E7A04933E9E8FA53EDE5D8F3EE4
:10181000A2117F3D07B4EA3DAD613F3E8BF1D93E59
:10182000C218CF3E908A2C3FA6DFB93E1E7EBE3E38
:101830007A70CF3ED26B2C3F4A973F3EF70C91BE59
:10184000A6FB5B3DC86C873EE030063FBBA40E3E66
:101850006C64703DD90C53BE79DB00BED34EA4BD81
:10186000297EA6BA2C0DB9BD60E7F33C0A1AA03D4B
:1018700045613F3EE95B503E1CB9723E40F5B23CCB
:10188000000FEABD9C44FBBDC046A03D20873E3E04
:101890009382A43EBF0EF03E08617D3EA710A93E94
:1018A0009D76E13E79C1713E19747F3BEC1D86BE89
:1018B0004C1C87BEF7B27B3EF449C33ED7C1FF3E06
:1018C000E9C5063DE6E11FBE82A1C9BDFB5780BE4A
:1018D0009D1898BD4475ABBD410D08BDB0D301BE88
:1018E00047D7873EC9D9A13EB758433E41CF8E3D29
:1018F0003B9708BC53E989BE8E5A0ABC28A1643EB6
:101900008F88073ED118603EA395223E5A676E3EEF
:101910009747013F0ACE47BD6A1F55BE5948813ED1
:10192000D2D032BD8904A0BECB95D43D83DB423FEB
:10193000F522043E5084F2BDDD13EEBDCB5BFEBC50
:101940008A9A66BE2B16D73DBD34553CDE15693EDE
:10195000AEA90F3D1034BD3D5EC7473EE8BBF53D27
:10196000AA8894BD298355BEB4F1303E95F7783EE0
:1019700096EF7E3EF57B583EED80953E1D10DB3D9B
:1019800096510CBE862E80BE2BBA0DBEF845833E06
:10199000DA11353D79944BBE25B9AB3EE55B863F08
:1019A0003040B93AFF8076BE14D1BEBD8C4E213E88
:1019B000FFEF3CBD63D21ABC47085D3DAB38C03D6C
:1019C000F4BBF93DA473CC3CDC5B703E2D351C3D73
:1019D0007D4F6FBB46B4A3BD0605923E14B1D13E08
:1019E0003651423FA5851B3FF65BA03E76292E3D32
:1019F000D2072CBE9FC4A4BEF7FD44BE4DE99EBDD8
:101A00009D6088BB8945573EB860F93E36FDA03ED3
:101A1000616127BE05FC30BE0559DFBD7855E4BCC9
:101A20000B2E2C3DFB3E5CBDD266A7BDEB8D113E5F
:101A3000EA3EFF3DDE68163E0992AC3DD696503D2B
:101A400070FB703E776E853E365C163F6FB2593F35
:101A5000DE74503FC2B52D3F8CACC73ECF61753DA3
:101A600012EF01BE384160BE639BA2BEA792EBBCE1
:101A7000A7C1E0BD06BF4BBD9609013F73DF243E01
:101A80006DFBB1BC8B3918BEBA3587BEE6EF55BECB
:101A9000F92104BEC94BA6BD706695BD050E013E79
:101AA000741E593D4B54843D3CC7ECBD8ED8A33DBC
:101AB0008C50E33E4EA1063F917B4E3FB374483FAE
:101AC0001BAB363FB7AFD23E34F1F93D3A8BB4BED3
:101AD0008CE90CBE6D99D53C47FC44BE9D10D0BD31
:101AE00054C011BDD853A63CB512C43EF44FC93EF4
:101AF000DA3E863E0F9F6F3DE29BD93C23D492BCD9
:101B00007961163D7955C33C9A83F0BC24946B3BB4
:101B1000721F933B1EFA25BD7EE6EF3C499DD33DE7
:101B20001B28393E26B1B83E30BE1F3FDB111E3F99
:101B30003D67C23E2330D43E03F70DBE53E386BE5D
:101B4000F0D8F63C168C253E9452C23E32484CBD2D
:101B500019EA9F3DEE1778BD2DF06B3EF498D23E0A
:101B6000ED65DC3E9CA396BDF8534A3EEC6E8A3E82
:101B7000D959A23EC7B6933EEB9EB13D00886C3E5C
:101B8000A28E4CBDF80128BE192E40BDEF764DBE89
:101B9000C638A63D8E93963E25CDB83E02A2BF3EE6
:101BA000745B3D3EF4309C3ED2528A3EDD73A3BD51
:101BB0004BE7D03DF5D1943EA0951F3EB957AA3DC5
:101BC000C0CF453C9260E3BC3BD014BEC04A89BE46
:101BD000372A24BE2CEE11BE30CF4C3EB66229BC53
:101BE000D8BCF43BA71BB1BD2DD2083E9024223EA9
:101BF0007633173D53FCF9BD60778CBEF8923EBE3C
:101C00009915A8BE9C50AEBE798A8EBD2AE131BE20
:101C100061EAE7BE993B26BE7200DFBDD4B57FBD49
:101C2000F6012F3E48D8FE3D5B02B53DECC0823C3C
:101C3000032949BDDE679FBDDE71753DD316ECBD3E
:101C4000105596BE783A99BE3FA2CBBEF43F22BF54
:101C5000FC6813BF5B4D56BF3E101DBFE150D2BEA6
:101C6000E148F5BE5D78DDBEB6A12DBFCF06D0BE82
:101C7000F7466FBE453032BF511133BFFE8D1BBFDB
:101C800088431CBF789E0ABF1A63F5BE88296EBDC3
:101C9000CE1C04BDBB09773DD89216BC6949A33D53
:101CA0003A98D2BC78BA7E3C16636B3D847359BDBA
:101CB0000DEC6B3DE8570A3DC32C82BECA759FBE32
:101CC000E532C1BE08378ABEA5E1B2BED136C9BE73
:101CD000183503BF801C0CBFD5D61BBFF41CF6BE45
:101CE000FC0FECBE5AAF8BBEA4F2BABE8480B6BE67
:101CF00006D070BEF4E4C7BE911695BE14A507BE0B
:101D00005A30733D3BED823D3EC2443D7E493B3DF2
:101D100048A46FBC80997B3CE001383C2099423B51
:101D2000FF8114BDEF2EA6BD56B2DDBC049AA7BC40
:101D30008632103DB85C6EBCF8FBA83C8AFC7C3D4A
:101D4000A6FF153E712A243EC75EA9BD7B858B3D4B
:101D5000417B9F3D6E51703DFC7017BD06A48CBD4C
:101D6000E86A4CBCF991A63D76F60EBD303A263CA9
:101D700027FEAA3DCB56843DDB308F3D7A95633DEF
:101D8000F00E8F3C928CEABC78E266BD60F271BDC9
:101D9000D300963D5389C6BC48ED0F3E0966123EFE
:101DA0006C535C3E3ADCB73DB26C993E5001343E18
:101DB000CB16B93EBD59193E62999BBEF11C3DBE82
:101DC0000F55A3BD0C9BB03E20DF843E8501B53E80
:101DD000B59C843E5360823E78ACA73EB18D9B3E5D
:101DE0004A024E3DEAB67D3DF8D75CBD9E1813BD54
:101DF0008AD22E3D8EEB60BD6843FB3B7285063D6B
:101E00004B97243E82EB073E42AA573E03CBB83E97
:101E1000282ACE3E7D65D83D65393D3E932FE93D6C
:101E20009FDD533D0AB2B43DC8F0973E4EE1CF3E30
:101E3000E8AE533E0261023EAB6DA1BEC3B5FDBD2F
:101E40002FB589BC2D0F003E8FEE073F90EF9E3ED1
:101E50006E4350BE89C552BE60C44A3C4E1C3A3DDA
:101E600050C5403C6ACCF1BCA26C5FBC7DE8573EDB
:101E700068E7E23DFA6D863E56B528BC1DAB943E40
:101E8000F602D13E1E08D63E716C483E9F67463E24
:101E90007A0693BDE8336C3ECE18DB3E8CA22A3D19
:101EA000AAEC363E30740A3E69500DBEC835CD3CB2
:101EB00092308F3E3FB0BA3D7FD4553DF30F363E52
:101EC0006DAF9A3E2985BFBD28E6343E330CAA3D4E
:101ED0004C8ACA3C3B0859BDBA268C3DCF0C873E84
:101EE000EE65173DBBF5AF3C885288BCCD88B63D4A
:101EF0001506773E65ED6F3E389BDB3DF0D8A1BD02
:101F00005CD646BDCCC3413E0E05F2BD6C0F30BD64
:101F10009BAF023DC6547EBD5E1B4BBE913D2CBEA9
:101F20004B42A8BD0AD2203DF94C613C09153C3E0C
:101F300048CC23BE84A3D0BE47030CBFC0A6263E18
:101F4000009279BBE8E38E3C71525E3C4A87FE3DCD
:101F5000DC70003E1C10983B3D586A3E3004473E02
:101F6000D6AA5E3E5935133D200F09BEE6DEE0BE1F
:101F70001984BFBE5D33A7BC40A4B33B4C4F4E3E5B
:101F80000528833C35BA863D10F3853EC666963DEE
:101F900097ECF7BD5A1D32BD4136FFBD5E68F33D7B
:101FA00058E3923D63D806BFCF9C95BDF6EB693EE2
:101FB000E0FF98BBA834CF3DE8E7943EA344983EA9
:101FC000BD35EDBC54F7D43D8EFC203E62BF8A3D4A
:101FD000A323B4BD6BBD4EBE527265BE3BC464BE8E
:101FE0001D4AD9BDE7BAD7BDC809DABDB7A992BDA8
:101FF00077C3A43DB3C2A9BAB69F363D81ADE2BD59
:10200000ECD88DBDD8C70B3EABEB833D079D563D4D
:10201000EF4DF0BDCEB01BBFD2845ABFBBEC75BE36
:1020200038B2DABC3183F23E0A2C9A3ED28B0B3E98
:10203000F8B6443A8EE23EBD2698313D81F01ABD95
:102040001AD080BE420D8CBDE2697EBE505570BE76
:10205000B9A078BE605DF0BD26D10ABE47671FBE3D
:102060007816A2BB7BF3283EF72A0B3E52E8113BC1
:102070004721513DA76E78BCA06F93BCF08EB03D58
:1020800089884E3DC862CBBE8D64F0BE9D62C9BEDC
:102090002406523DC0ECD33EA8F0043ED2FB573E8E
:1020A0006D240D3D6A2606BE04CA563DD6A0E83D05
:1020B000E60EE6BAACD3EE3D547D5FBD626EC0BDA8
:1020C000C249873D3E6F88BD7650813DF82A013E6A
:1020D000B75EC0BD1CB5073D8AEE80BE699455BE93
:1020E000FB0303BCD4F5F6BC7186EABD20F502BE45
:1020F00021331BBE3F7F08BF040A87BEB187B4BE31
:10210000869BB1BCB8C9E13EAF88D7BDF308953E08
:102110005726433E084EA43D3E57133E0C44C33D54
:10212000E0137EBD3B3BF7BC0CEFF5BC5BAC063B64
:1021300039DF773D5084463E64C7343EDD29533D48
:10214000818D86BDB54372BE9EBDA5BDFA248BBCF4
:1021500059970D3CAABACE3D2395C8BCF33E74BE38
:1021600009837F3DA0CAD6BE528B06BF9897513EC9
:10217000CBBEB23D75979F3EECD1D83EAA47A93E53
:102180005F9FC2BD5ECB1D3DE031833D2DA7DBBB14
:10219000B1A00D3DC2512C3E974C3A3D4DD6153D58
:1021A00087123D3EB546C33E4803CF3D961808BE54
:1021B00030300EBE1FFF64BE65EE11BEB7A6A5BDD2
:1021C0002242493EA964D73DF0BEBE3D504EE7BD18
:1021D000894088BD227FADBDAF90C4BE55F4AABD75
:1021E000B55E13BD8298203EAE36B13E71CAF33E55
:1021F000E74A0CBEFEFB153D7043EC3AC3AD153DFE
:102200005697CCBD2C205E3E9990C13E4B0CAD3E06
:10221000AE09BC3E2F183A3E28DD8DBE773BCABEC4
:102220002FD382BEAF18CEBD013DFCBB6321923DD2
:10223000B1CDE83D9329853E8739BF3C315A42BD37
:102240007ECFDDBE4A240BBF1C480BBFCFE9A8BB25
:10225000A11CB23D3B2CA83EBCA4913ED419153E16
:10226000E4FA4EBEDA8D613DF4150D3C73A9EF3DE5
:10227000A5BBD03EBF88DB3EDECBAF3E4D76CF3E2A
:10228000C0270E3E05FE40BEEF8DB2BE4C2154BEAF
:10229000D65CB8BC3D706C3D7190763C4C644EBED3
:1022A0007A6643BE6C8FA2BD68F14D3D2E7F90BE15
:1022B000AA9F03BEEE6AFFBD308B0ABFBA0B973DE3
:1022C00057F9213C1CC1123EB666F23EEA88CF3D6A
:1022D000D62734BD0568663E71A7453EEB8DA93D06
:1022E000F527A13E6EF5D93EC584AD3E7F7995BDFB
:1022F000F7C289BEA766E6BEA2B6B6BE98303EBE9D
:102300000769853C8AF3A73C3B49EBBD9D8CEABE3F
:102310002E2FE6BE9515C5BDEE478CBCB81ACD3C38
:10232000A8AF013ED5B3A43D1F17E2BE442AC5BEE7
:10233000BB6BA6BD0E3E263E42AF133F1CC78C3E74
:102340000D87163E63663D3ED253C2BC0257F0BBBA
:10235000ED9FB4BCAC9661BDE8250CBD0F7B4ABEB9
:102360001565A1BECCD519BF1F54F2BE2DBE6ABEE5
:102370004EC145BEDD5555BE4A73C5BEA13182BEB4
:10238000AA850EBE552DB8BC98BD9A3E40CF133FCE
:102390000552BE3EA58A593D0A464CBEB97075BE6F
:1023A00023BE6F3CF6B0003E4626C83E1B82863DEB
:1023B0005442573CAC9F23BD0A8557BE790C3BBEA7
:1023C0001EF2EBBD0B2CC7BE7F12F0BEF2AAF4BE0C
:1023D000F28D16BF630E1CBF8D141FBFEEEDC2BE83
:1023E000706188BEC1D729BE3F1916BEAC80D5BC6E
:1023F00043798E3E82878C3EE537A93E59EB013FFB
:10240000E31FCF3E98F8AA3D781BB53D746676BEB3
:10241000A65E523CBA575A3D5E50623EF822B6BEA6
:102420000C501CBE0CD569BD79E03FBD15A24F3ED6
:1024300053D1313E1A92DEBDE939CABE98B4BFBE4F
:10244000B48BD6BE845FE1BE7360F0BED39B24BE66
:10245000A59D74BD6E47A53D45A3033EC346AB3E57
:10246000F0830D3F3DD3E23EAB09013EE69C833E47
:10247000F3E3173EF254E4BCBD49F6BED2DE89BE9A
:10248000EA90563D4BC2643E480FDA3D758B2DBF36
:102490007BE9713D407F8D3E886F7A3ED64FF33E9B
:1024A000DEF6053FCB06D83E7940983E5EBDE73D5F
:1024B000E0D0B8BDC09495BEF2C367BC998309BE95
:1024C00092B05A3E733DA53E3457493E3971AA3EFB
:1024D000E202703EC66B513D45028A3EC947E03D6F
:1024E0007542E7BDA734063E339B11BF9AAB8CBE45
:1024F0009B350EBE7032333E861A623D37DF06BF13
:10250000D169123DFAF6403E83B4503E80A1043FAB
:102510007707393F83973B3FA988193F1D64B63E33
:1025200042A3933EF9C4303E53993B3EDD7F463E85
:10253000BD28AD3E16F8573E5D968B3E8C95593EB4
:1025400057BE2BBD3487D23DC432B83DAD3F34BEFB
:10255000AFB7A0BD346C633ED0100DBD2FFE44BE9E
:102560005B630D3C63D1613EFC0E3FBE0C55F2BE79
:102570003B0948BDD46A4C3EF711A13D1B8D8F3EEF
:1025800018F67A3EC358C03E3E87DC3E23CD043F5A
:1025900044961C3F5FD8D23E3085963E2AC6623EA6
:1025A0005D57173D522C50BD96A4123D6E341E3D12
:1025B000980713BE72E85BBE7C7D93BD7C5860BEFD
:1025C000213E193D753049BE284894BEE5C637BE48
:1025D00071E6A7BD3196583E9C6401BF4117F1BE1C
:1025E00036D0A2BEF96549BE6530BCBEBA5E03BC3A
:1025F000B7319CBDCF66E43DDBE8CD3D9ECB6C3D65
:10260000211DD03E01D2563EFD598F3E86D0F63D6B
:1026100031E9A0BDEA0F20BE688951BEAE6258BE46
:10262000BBC094BEEC31ADBE5E8829BE6A3389BEA4
:1026300047FF47BE5B1636BF01C13ABDDF860FBDFF
:10264000049F213D3436BFBD483FD9BE4F21EEBE69
:10265000C9F10BBF24B0D2BE1CF705BF84B6B7BE0C
:10266000BC919ABE7DDC86BEAD3B03BE7BF3FCBD58
:1026700039D5E63C8C8501BC6C7CBF3D55D7283EE6
:102680008833A53DF006EFBA89E1E1BD3CB22ABD31
:10269000658450BE9FEACDBE77FD27BE43FC81BE58
:1026A000E8C68FBEB77B28BFAEDEA83D4F3A41BD1E
:1026B00099309EBD3FB398BCF48885BEA0EF14BF8F
:1026C000E6C61DBF6803A1BE1B0BECBE1F77F7BE9D
:1026D00035CFA7BE101C413D2CBC0CBE382916BE00
:1026E000891D863C2D4A203DA3E62A3DDF88C13E58
:1026F000F41A643EB6B7C73D6A16013D5D95A23D2A
:10270000C379B5BE33C451BE9C5C86BE86F6B1BEED
:10271000C8C80DBF9106C6BE4C67BCBD305ABF3D90
:10272000BAC8293DF58EA0BDDA7049BD1BB903BFFB
:10273000D2D01CBFBFF1E8BE161667BEFD764BBEF9
:102740008E7194BE8098013E809BEA3D0607F63D5F
:10275000407D3CBDD99F0EBECDFEBE3BB8527D3EF6
:1027600006E6133D08BC813E9459BD3ED0F95B3866
:10277000630F16BE1D9572BE5BA59DBE4A127DBF3E
:10278000498316BFE91ABFBEBEA764BE58A5CB3C9D
:10279000B9AC47BDC2A6783DBD3A9C3EBDD3A2BCF4
:1027A0004DC3833E626488BD1200A1BDF6FE6FBBBF
:1027B000B4E390BDC298B7BCF07396BD2BD9C5BD2C
:1027C00067F08E3D9FD149BE1BA5AABDD491143E92
:1027D0006131A73E04F4B83E9D11383EB736D2BDF4
:1027E000C2B6DC3B9974AABD7C9BA1BE46E84CBF37
:1027F000F80E5EBE465C89BD2CF40F3E9C3C9DBD30
:1028000038EFBA3C6978A1BDFFA029BE864E63BEF1
:102810006ED76E3E3AAB28BE6272BEBE3C06A3BD0A
:10282000023F423EF90B9D3D386A4BBE15D5453DF2
:10283000171E003E282D01BEDD76D9BA26C26FBD17
:10284000AFD1DE3DCD87E1BDAB93593EC70CA03E75
:102850006948493E056A9B3DB1CD6D3E3C1331BE92
:10286000DBE583BC87E821BD8DE8033EF455EC3CF5
:1028700092F116BD55D09C3D75FB03BDEE69FDBCC4
:10288000EEDF46BECD8AF6BDE6FAC7BC6E3F2D3DF3
:102890008A00CBBDC703AFBD81C03ABEBC3B60BEA2
:1028A0007F2A86BEEBC5A6BD0614B5BEE4E4643D32
:1028B000FC7BFB3CA2B17ABEEC323A3E39A3043F2A
:1028C000B7717D3EB79D333E4823963EF302CC3D23
:1028D0009EB4C9BD1E18563DB4650CBDA63989BD50
:1028E000168B45BDCA6064BD0640413D057AABBD4F
:1028F0003F9DB43C10B8193E887B34BDB63B17BE33
:102900002F433FBE1A1E043D1491583E6B172ABD3B
:102910003B0B06BECE8DBABCC29052BE9C21E1BD1F
:102920004E62D1BC8FD6683D09B725BEEAE8713E3C
:10293000AAD64B3E067AA63E7ED1033EF394C93E0C
:10294000F8F1133D0003CC3BA8BAC93C8469033DB0
:10295000F068A2BC245E203D00C889B84DDA0EBDE7
:102960001ED2423DC02642BB4953833D40D4EA3B80
:10297000BCE08A3C35CE17BDAB5310BD128B753D04
:1029800044D346BD21EA5C3DAF2B133E80EC33BD02
:102990006EB163BD9597A4BDAD7392BDF7BFA73D62
:1029A000D69801BD16DC793D562E573D9B88813D5A
:1029B000300BE93C960982BD807C4BBADAC62E3DCD
:1029C0002A24E7BCF6C1E0BC08BE9EBCB31C54BDC3
:1029D00006E060BA30FFD33C1C301EBD8D7156BC82
:1029E0007B4891BD8BC541BE43198ABE5FCE873DF2
:1029F00094862C3E3E2B1C3E5AF0A73EB3E0F73E99
:102A0000E39A083F0C878A3E4E5DB6BE7CD13BBE42
:102A1000318E09BE6066D0BB999FBFBCBDED143D31
:102A20003B2EA9BDE278A1BDCF8D7ABDCEF2C2BC4E
:102A3000582523BC4C01073D0C42273C049FFE3D1A
:102A4000B607453DD111A3BD32BE3FBE47C65FBEEE
:102A50007BBBBEBD1395953D25D263BD71CE3EBDFA
:102A600091540A3E10ED8A3ECF4BFE3DE884023E73
:102A700093F3333E46FBC5BDEFF35DBE015180BE0F
:102A8000A95BF6BD4F7F42BEB428C2BEA947F5BDC3
:102A9000CEA5643E2B0A293E886BACBC009418BBC3
:102AA000E58328BDFE087B3D72645CBD0CF4443EAA
:102AB00090AD1FBE78379EBD7EB6DDBC891D7DBE44
:102AC000B3B387BB33EA343E061EF53D55D89E3E70
:102AD0009C02313FC065133F7A41563E67E86F3E26
:102AE000C6CF853E8755573D65B89EBE286EE6BD6C
:102AF000C52789BE3DAA2BBF92B147BF8611FEBE36
:102B0000EECB33BEB0A38BBE5838C7BE17369D3D43
:102B1000EE4B243D0F14D8BC2AAC023E00B48ABE52
:102B2000761587BE0BB41FBE2EB136BD2FBD7DBE40
:102B30006CA4F9BD4D79B43C61C7DC3DA3F8D93E26
:102B4000B7C6BD3E4E560B3F2F23D73EC5666A3EE5
:102B5000F9F587BD6D909BBDC77DF73D01EA2ABEA3
:102B60003FDF3DBEFD4FB2BE529FFFBED7D126BF55
:102B7000075D4BBFA7AB2FBF00BCB4BE3C8B7BBE79
:102B8000388E8ABC1A1414BDA4413ABCC6C8A3BD71
:102B9000117BCA3CD130123DD4C3CFBD77409EBE1D
:102BA000336129BED6779BBD6F6402BD48B234BE87
:102BB000A969003E5AEAB53EC025CD3D42E7603ED8
:102BC0002F91863E77BB6A3D7384593EF6DF203CE9
:102BD000E9909DBD5E33273EAF9672BD0C9CB3BE9F
:102BE00093442BBF1EE40FBF4F80E7BE72FBD9BEDC
:102BF00080D3BABAB4A1933CE96257BEE44D8F3E8C
:102C0000A5B8FDBCAE9216BE54E5FBBDE68BE2BC9A
:102C10003607D1BD8E5DC2BDD3FE93BD9983B93A4F
:102C20001CFF513E7BE1243E99738F3DDD3A8E3D82
:102C3000B0562E3E95828F3D5825833ED89392BC48
:102C4000E61BDDBC74084D3ED852473EBAAD96BD7A
:102C50006AC6C0BE270985BF4FA94ABF9DFBE8BE13
:102C60008FE98CBDD47ECC3E6EBCA6BD966B733E08
:102C7000FD68373E2FB302BE4D0794BD8E979DBCB5
:102C80008F22E3BD6B4AA93D969F463EF6A8AB3D19
:102C9000EA4C913EA11EBB3E18D4083E079827BCC3
:102CA00093297CBA91E29A3C4B459B3EF8EE583D05
:102CB000A3FB033E03C30B3E0C53A43D9E7EFABC14
:102CC000DA4F47BE212B09BF3BAE4DBF7F1411BF6A
:102CD0009F609C3DC6B3B13E15F2D4BC2BC901BE6A
:102CE000EB287C3E644ECABD886D523BF0C68F3CDB
:102CF0003AFAB0BDDEE31EBC0F7CEE3DF614DD3CBF
:102D0000210F043EFED1933E0246C03E058B7F3E1E
:102D10009806BD3DEC3F0E3E5F75983ED5CE743EA5
:102D2000FA4D943EF4E8F13DDD66293E2BA52B3C9F
:102D30007AA66BBE50D7B9BEB4F61CBF8C2A9FBE14
:102D40001A27943D811E923EB1992C3E0D1CD83D10
:102D5000C13FBCBD58A1B03DE30884BE445DDBBDAE
:102D60005E664FBE5EF25ABE480D30BE10B17ABEEE
:102D7000B0C1D0BCCD16143F26144C3F323A063FAA
:102D8000C7909C3E7A65A63EDD72C63EDC59AF3EDA
:102D9000644B633E8386CE3D4529C0BD1B397EBE54
:102DA00014DAEDBD647E88BE41FF01BF0B77683E3B
:102DB0008F92BFBC23F97B3EB553133F357620BEBF
:102DC00057D98EBEF32D20BEC11329BD53FF49BE76
:102DD0003B7789BE7E672FBE6A5282BED33BD5BE8B
:102DE0001460E5BE4A72FE3E4AA9403F1AF8113F00
:102DF000B62CE23E877BE83E1B4E7C3E1807723EB7
:102E000031D8AB3DB1DE6A3E23D8C53D17BA50BEBE
:102E100050BED8BE71FFABBE2AB0CBBEA5259D3E2D
:102E20004FE72C3C830E673EC311BABDBA0C6DBE92
:102E3000EF36A9BEC7E28BBEBA5D33BEAD677BBEBF
:102E4000EB53DCBE720294BE05FDC9BE397119BFD9
:102E50003B4448BF82CFAEBEC8D7753E79E1883EBD
:102E60005E36193E952A383D13BF983C3AB9893CE5
:102E70005583DF3C8988C53E1C164D3E25A198BD73
:102E8000E31C84BEB0265CBE6CE013BF8F9F383E4F
:102E9000C10C42BD7209E83DF9FE91BD0CBB1FBFDC
:102EA000A19ADABE96FC1ABFEBD3F3BE879163BE3C
:102EB00025A837BED2F476BE6719DFBED23108BF6F
:102EC0001DEB12BF60F0FDBEF88493BDCEDF4F3B1B
:102ED000BE859FBD4415DE3D3E8951BC38660EBEA1
:102EE000A347C73C9773B93DA13C043ED6009BBEA7
:102EF0002B2A8A3D0281203E2A240CBEB6B3DD3E39
:102F000057B4B23D32F59FBC9F336B3ED841F3BE00
:102F1000976A38BFF73E17BF650D49BE1B981CBEA8
:102F20005FCE26BEA10889BD8DBE65BECDD5ADBE26
:102F30007341FCBEA715C3BE2582E7BDD62588BE5A
:102F4000FBE744BBE5A0C63DFCCC3E3D56A97BBE9D
:102F5000549313BC8794EC3CCB6A74BEAC6829BD17
:102F6000D192273EC1589F3D6BDB0EBA0F79773E59
:102F7000AC33B4BDF6A138BED54DC53E6CB2D3BEA0
:102F800049C109BF640BC1BDDCF506BB882D3F3EBE
:102F900043E5643D8A09AE3D038471BD4F2C24BED8
:102FA000AA5E5BBEF7AB52BE5E50F5BC141F15BDEA
:102FB0007A11AABC98CCB33DC6DA8F3D83EFBC3DF5
:102FC000507B05BD55283FBDAF5DBDBD15DA06BEC2
:102FD000ED4C20BC959321BE9EAB1D3F2A494E3E31
:102FE0003604D73DF8EBD4BD50F5B93E18449DBD2D
:102FF00043E8973DC1DB743ED38FEB3D1D874F3EC9
:10300000CA4121BC849934BD80669BBD39D74DBE71
:10301000247BB6BE6EEA85BE40BFCDBD0EDDF4BDDD
:10302000A81D3EBEDCABF83C4CCAA5BDAF0F90BDA1
:10303000AF2A61BB26AF6FBC71B5CEBEDD8115BEB8
:103040004E2DD5BCBF161EBED600993EB1C9513E0D
:1030500005D5FB3DEB2774BC0659333E19C2F73D3D
:10306000F24AB93E1128893EDF0C993DCC5E10BD75
:103070000E943EBE445D49BEAB6E1EBE4D787EBE14
:10308000A9B8C5BE89EEB4BE458124BE8281B1BD5A
:1030900064F579BD9E9A03BDFBA43CBEA56F84BDBB
:1030A000F8FF933D23ADD73D4EA696BE83A85FBEE5
:1030B0007E8B2F3E4DD3693E0AA0E23EDD48AF3EF7
:1030C000C00F9EBD81154A3DB0272ABD96BD943ED6
:1030D0007DDD263F2979EC3EC6BF743DB73458BE2E
:1030E00017F68BBEFBDEBCBEFEDB49BE9985AEBECD
:1030F0003AB3B9BE4FC9CCBEE8FC12BEE2FDFDBD7D
:10310000AEBBA7BC1B9F8FBDB71105BECFAD9FBD8A
:103110005EFA653DDCB449BED2F743BE8BAA6FBDF3
:103120001445A13E19F4F33E500B313F292B093FC2
:1031300029B20EBED9095ABD9E2629BD37627D3EF1
:10314000D380133FE62C873EB68A1E3EBD7990BDE4
:103150003D5FDEBDCC3C7BBE718946BE8DC392BE59
:10316000D69784BEA310A2BE21B0BD3C70AD89BD70
:103170006D63F2BD0FFE53BD2224673DFBC05FBCF3
:10318000D18FE3BD637712BE141787BD3965C7BD04
:10319000EAFDA83EAEBEAF3E73722C3F4C01AA3E84
:1031A0008BBA6FBD1E3AAA3E457F193DBA53A23E67
:1031B0007187003F31162C3E0DE5853E30C9F13E4A
:1031C000D617463E74A7613E3693863E3C40903DFE
:1031D00005A0943D0559543EA9A3463E456F2C3E9B
:1031E000F1BD3BBD6501CF3C590FFFBD1D28743DAE
:1031F000B411053DE2E32BBE3EC5FF3DCDD7053EF4
:10320000B6601F3E2DABD33E11D5EB3E2584213E4B
:10321000BC94AA3CFFA5393E5E7C4EBC89A4693EA5
:10322000E1D2203F15C8F83ED98AF63E228D0C3FE8
:103230006620F43E4668973ECF12FC3E3338053F89
:10324000444E9B3E5A56733E8AC5B63E6F1CB43CF4
:103250007350C1BDD8C52FBEB8FC42BEEB9512BE9F
:1032600027A4D3BC49B785BD0051A7BD8CB1AA3CEA
:103270001126D7BAB8BC5B3D42E2E63E9C21133D25
:103280009011063DB474A8BD92DF4FBD2E65803D00
:103290008652C13E2A21023F5C05063F198EEE3E52
:1032A000C7965F3EB6D00D3E296AA33E456C8D3E63
:1032B0000D12ED3DBE271F3ED9F73E3E0FA3023E45
:1032C000250734BD646194BE4AD655BEABAA36BE4E
:1032D00063C97DBD826D89BD291C583EF3FE693EE0
:1032E0005C863A3E2645AF3E5962B03E2EEC17BB97
:1032F000FEB2CDBC9514A13D9D91CB3D71F2B9BDFF
:103300009B98CEBDA7130E3F98DFB93E46AF5F3EF8
:103310000DC7133B1FE4333E85C9663D7680633B92
:10332000E126E7BC24A91E3C00F1A53D9F53CD3DFD
:103330003EE1BBBD49417DBE0EE652BE4FAD2EBE45
:103340001D4DA0BDBF86293E3CAD2E3E7EDE4ABA55
:103350002DC8423D2604973EA92054BE88169E3DA6
:1033600050281EBD725203BD25759DBDFAC3DCBE3B
:103370009F48B7BED16F9DBEE524063ED6F8223DDC
:10338000EB3A8BBED56AD73CB113BABD0747ED3DCA
:10339000206A133E41926E3C168773BD55D0E93DBD
:1033A000809E09BDC6AF8EBDE5827BBE27C71BBE12
:1033B000A9E994BD71F99ABD2965EB3D70FD57BD32
:1033C0008E9527BD5659353EF7A5CBBD739B6CBD79
:1033D0004B10873DA674BFBCB7E7D23DE5BDB8BE74
:1033E0000C7AEDBE26A4E6BEB9530DBE3689CCBD1F
:1033F000F3185CBE598F3EBC59CD98BE5997ADBEEF
:10340000C2ADB0BD427C8BBDDB4713BD2ADDC73BDF
:10341000670204BE03493B3D1817D3BD9475AABC8F
:10342000B74954BEF7C9BC3C8DCD04BEEF5EBEBDEE
:10343000544C923E246DE93EFEC49C3E14FB7EBD7E
:10344000C31F9E3DC8DEA2BC237C9BBE09FF143E69
:103450002E7479BE33EAEDBE6EC238BE58274CBE1C
:10346000A34FEBBCBF3E34BEE42188BE3C4F2EBE12
:1034700041996EBD79631BBE2AEF00BDC07B133E30
:10348000AF848C3D8C74F43D5EF4873C0F2E42BDBE
:1034900079F444BEAD1764BE624220BE08C1DCBEF2
:1034A000DB34A9BE76E22DBEC91C4D3EC2E310BD81
:1034B000D0A2153D92E2633DFFEF88BD2BBD53BE08
:1034C0008BC113BF97BEDBBDFD592EBEC7DF54BEF7
:1034D000F891B6BB6123D2BD4A62ADBC827280BE98
:1034E00051BECDBE7013C6BD8B40FBBD23073E3E13
:1034F000C3882CBD2F2DA8BCEBFCD43DA38CC53EAE
:1035000086B4903D126DCBBD4184173E5F46D43DDD
:103510001B6AB7BD59B67E3D46C0263D62B47EBD2E
:103520006A74643D1853113CB0B09BBCCBF006BD2F
:103530001B746B3B14C6383E8209AC3CDC93163CD2
:103540002ECDB33DFBCB593E15B2383E46C73BBEF0
:1035500099BC3CBEDECBE83EECD21D3DC7C124BDCC
:10356000AB53433E67CDB03E3DB06ABD17EEF33D71
:103570006FAC76BCC7DBE83DE495073E5F06963E40
:103580005CC8C03CD0EF9CBD186A543C606F8E3B59
:1035900048E2C3BC6BFF62BD74F4EABC7BAE95BD70
:1035A000001C22BBB5BD1FBD00CA07BA1223A5BDB2
:1035B0000E573D3DC3659E3D51FA933DD9439B3D1A
:1035C0002574EABDE71CF7BDDB3CB63C4EC74B3B60
:1035D0005083973B75A260BD988F7ABD9A2A473D6C
:1035E0000044DEB9730F953D96EB04BDB386A03D54
:1035F000D8B34BBCA0FFF53C5047CCBCBCF1DF3C82
:103600008DDB913D471B823D7ECE3D3D59AD66BD74
:10361000BE9A2C3C7C83A6BD37604EBEC4AF63BE51
:103620008D8837BEA360A5BE6582C5BE0A93A5BEC0
:103630008786BABEB95407BFF31392BE384136BE6F
:10364000E333AFBE74149DBE1F149CBEB2B0D6BE91
:103650004A1A00BF01288BBE19937CBEFBD8AABEB4
:10366000DA5F4C3DDB728ABD18D074BD87FE853DA4
:103670003FC73EBDE0C7E2BB128C2B3D709A04BE33
:10368000767E42BEFAB81BBEAD5997BE3DBA04BFA6
:10369000F1AAAABE9D4746BEDF9DECBEF84BF4BE24
:1036A000E45A97BE8E4258BD33F408BFA34536BFD7
:1036B000BAF4F2BE47F718BE73DE4FBEF67546BFCA
:1036C0005E54FFBEEA00BDBEC3FF8CBEE6CDE0BEC9
:1036D000929293BC02167D3D70698E3C2E039FBD75
:1036E000965E673DFCCECB3CB98233BA6F95F7BD91
:1036F00071E062BE7CBD73BCBCD7AABE3C061BBFDA
:103700002AE138BF6F0AAFBEFF3A15BF808C2EBFCB
:10371000BC7802BF094FECBE6D580FBF127FE0BEF0
:10372000926792BEBF1169BE2037C0BE5A93C9BE10
:1037300025631DBFAFBF3EBF23C7F1BEDE7DEEBD1B
:103740005B421B3B0F763ABEB270E53D5CB4D83CA1
:10375000A5DF9A3DA79785BC0BFE893C3743EBBE9E
:103760007F2F2BBEC7D8B23E20EE94BD0B84A5BEE2
:10377000B1A5A7BEE4FE11BE510411BE19D859BEB1
:1037800054022FBDBF5774BD4D3E28BE4D8495BE1B
:103790004DF7F0BECD4BF2BE4675EBBE994B56BE13
:1037A0008A64A4BEBFAF8EBEB8E483BEB06B5EBEFB
:1037B000924C97BE596B86BE176F09BD51B546BE78
:1037C0008FC2A3BD40A9DEBB2727FDBD704481BECB
:1037D00079E1D9BD2839B03EE1D4053E2D4D8BBCF1
:1037E000AD66B1BC4D85BCBD0371903DEBF2E53DCE
:1037F000E006C43DEC3002BEFC96063D894B7EBD22
:1038000090DA89BEBD1CBFBE8C2E83BEA5B0F4BEAF
:10381000ADA707BFBC5E3ABE881A53BD90F019BC75
:10382000B214E23BA1241B3EB966A3BE16525ABE97
:103830000570A73DE9B47ABE6301D7BDF097A8BD76
:103840007D8CB4BE448FA4BDB6EB4D3EE3BEBB3E03
:10385000EB7F433E18DBB03DA59818BDEE09C13C97
:10386000638B943D8A15CBBD8BCE0CBEA3BF2CBE03
:10387000DCA4103ECA179BBCEE1890BDD697AEBE16
:103880000D3BC4BE0A837A3D369A82BD17C6F9BD88
:10389000325E7FBEBCA448BECB0B5FBE4FDE12BC07
:1038A000EE46883D300904BF646C2E3E2CBB013EC1
:1038B000E56704BED7520BBEC8AB0D3E9F388C3EA9
:1038C00001B73D3E368AC23DBAC3A7BC3D59B73B9E
:1038D00086BB493B3E65983D4FBA853CB6FB07BD6C
:1038E00026F09FBD3D8207BEFA4C8DBD23F287BEF8
:1038F000EA5484BDAD99B63C362D52BD172BDEBDC2
:10390000C614E6BD1BB880BE1C6B95BD4EB474BE1C
:103910001DE0493A6C16393D7C05613E9A9B21BDFC
:103920006494773D6C16243EE98A873EADBBD63D54
:10393000AC4DF13D7FAF5EBD5E7130BD0020103CEF
:1039400046467B3CE631343E8E486F3EA2F9D53D7B
:10395000546979BEBBCA75BE31515FBE7C7AD9BE8F
:103960004FA062BE722668BEE1D47FBEAE0610BE16
:10397000FA9B0ABE74324E3EF521DA3DD4F7ECBE16
:103980009B3CE33C32F48D3EC48E43BE5C341CBE93
:1039900029DDE8BDF5FE8D3E8B04393CE07E373CE9
:1039A000A5C377BDBEE256BD28C8463D6C0DEC3DB3
:1039B000249B883EAC187D3E225FE33D923A823ED6
:1039C0002616DD3CAD122A3C0629ADBD46F9CBBE1C
:1039D00078C2E8BE0C3099BEBE72A5BEACD91BBE83
:1039E000FAD7D7BC817789BD20A296BD330D1A3E88
:1039F00013993C3DDAD7813E71462DBEFF215FBE53
:103A00008D0650BEAAA9623E097F89BD377FBFBC23
:103A10007AFA84BDD7AC0F3E72B65E3EECEE9B3EAA
:103A2000A333A53EA5543D3EDC5C31BDF198823EFA
:103A3000D780FC3D706A1A3EFD9EB13D652129BECE
:103A4000462703BF4600FBBED3E0D4BE7F46BABEC6
:103A500037B051BE43001E3D5EE478BA69AE8A3E7F
:103A60006D72CF3DE5EA233E76651ABCBA41933DBF
:103A7000167699BE4296D9BCC575C7BD5494833E8F
:103A80003E924C3DDB65EB3DEF0D9D3EF435333E04
:103A900009F32D3ED8C40B3B5D9ABF3C181E363E41
:103AA000038C903EF5808A3E0BC1C63ED1564A3DFE
:103AB000F0FCB9BEEF3A9ABE6E1FC0BE7BBD30BFF0
:103AC000552837BFE8B2CBBE16C85EBBF764A73E29
:103AD0001F3F4EBD4D0B8C3E361DA83EF550D33DCD
:103AE000B741BFBC167F87BE2DDF3BBE55AB8C3CBC
:103AF0009E333C3C1099093D5B51FE3C4CE3B5BC08
:103B0000058D5B3BD42A38BD91E2F7BCCC3B9C3E93
:103B1000B975AF3E10980B3F24591E3FD9A192BCF6
:103B200013A7CABE8E2EA5BEDEC5CABE2EC247BF13
:103B300043DA26BFE86CAEBE6C587EBEDF33B03EC3
:103B400087D9BC3D60EB8D3E6201CE3E64469F3E10
:103B50005CC53D3EE184FBBDFBB69EBE7223E3BD6A
:103B6000BE44C3BD81C5CBBC8D4E833DB436BCBD08
:103B70005AFF45BE2E0479BE92D40DBD8015813EFC
:103B800060BCB63EE7264D3F572E043F8878CABB3F
:103B9000FC5BC5BEFDFDC1BEAEA598BEA1D635BEBF
:103BA0004FA207BEACA5383EB001223EC59C6F3E79
:103BB0005C34BCBE3B96EE3C71A20C3FE8E4E73EB1
:103BC000FA27B93E11A559BE2EDEDBBE293DF5BD53
:103BD000F4D18BBD086A0CBD596001BE7A3D59BE57
:103BE0008C3D88BEA2F34EBEB1BBC53D1C2E253E0A
:103BF00050DFCD3ED5D4283F2465DA3E435F453EB5
:103C0000A35E28BF8C1CEBBEECB3363D49035B3E84
:103C1000B4FDA9BC07AAE43ECDC58B3CDE6697BCCB
:103C20009B5660BE18CEF1BD77F6DB3E2100B13C5D
:103C300083E2893E5681B0BE07DDC5BE13A235BE04
:103C4000AC6853BD7FCF943C9912CBBD1A68CCBEF3
:103C50006967B3BE1F1D213D03F3DE3DA610AB3ED9
:103C60001AA2F53EE630F83E82C0023E88609CBE55
:103C70001437F7BE51BE88BE9C28803D3228783E5E
:103C80004DEA08BED2A8293D47C4143F4E07BF3EA7
:103C9000F2E3553EE43A0CBEB168383E0E448FBEA6
:103CA0007810683DAA16CBBE620BBEBEB23AFA3C93
:103CB0006C34B53DA92DF5BC76F78EBE251DB9BE79
:103CC0001F0B2DBECD75A83D7DB0A03E28DF9F3EC9
:103CD0008295E93E079E613E3387B3BDB10EF7BEC4
:103CE000A4B851BE67E22BBE4FA7833DB42A833EE2
:103CF00088BFC83DB0C002BE4CF4D43DAA152BBD50
:103D0000A4D2E43CD589973DEEC9013E1B60F7BEC5
:103D10002442B6BE7924E8BEC3EEDCBEB34FD0BEAB
:103D20003A8924BE596D55BE8E608EBED21FAABE82
:103D3000FE31D53C91093E3EBEF0E93E8EC1B23E19
:103D4000EE40E7BB993D58BEF7156EBE0F84E7BE47
:103D5000A38748BE492A21BEF9E07DBCA101343EBB
:103D6000C049B33E1F87A13E1EB3F73E159DA0BEBE
:103D70003660B7BC38A2413C4EB2C0BCAA1919BECD
:103D8000FA9682BC504E03BF12F114BF915FB6BECB
:103D9000B301A9BECD8DB5BEE75CF2BEA5010DBED7
:103DA0008E564B3E875CA33EF1BB443E65DE1B3C1A
:103DB000C0B556BE5D3FD4BEC3C0C8BE8EAAA1BEAC
:103DC00038C61DBE38D519BE8E7506BE54619DBE5F
:103DD0000046693E36C1713D039C2C3FF112ED3E19
:103DE000D80E253CB7E391BD4E3987BE92B576BE5D
:103DF000917DB5BCD1EF10BF440828BF86BBADBED6
:103E0000BF0991BEF6E755BEE5741CBE987BBFBDE9
:103E1000FB43CF3D196E793E7617773E92FD313DDB
:103E20003AD536BD2D7687BEA3FA8FBE385D10BE5B
:103E3000E6D0F7BCF2887DBD39ADE0BE93FFFEBE93
:103E4000135E81BE6BCEB6BD0EB2F53E4305333E6A
:103E5000282594BDC00AB1BD9290E1BEEE950BBF7E
:103E6000BD99FCBE55B739BF06BA29BFC57A85BE14
:103E700052A0A93C42AD3B3C10DD7D3CF246203EC9
:103E8000C9FC8B3ED753013E0385273EE099FABC1F
:103E9000CB412D3C32251FBE90B79DBEBCCD89BD08
:103EA000D3B7D3BD947C71BDA04ADEBE55980ABF7E
:103EB0000252C53D8FD48FBD580AC53E84104B3D7C
:103EC000DD75803B0BE776BC9C7600BF27D8DBBE58
:103ED000EB0675BE549CBABE2B06D2BE02C694BE7B
:103EE0002174DB3DDF470A3E6C18303E71C1233D33
:103EF000415E203D3B5C80BD81F2B5BB5382B23C4C
:103F0000BCBAD33D36B9DFBC68EF2FBEB1DB073D8D
:103F1000E103283D3CACB23D57CDB7BEE61880BEAC
:103F2000B6ABD03DAEBC833D89110B3DDC4B1DBC17
:103F30002D38013C5C17BABD4E9B0D3D98D63C3DDB
:103F4000312E9BBE7713C3BDC2C171BE9C9D3EBEC8
:103F5000636B483D6DA46A3D7B5CEB3D249AD7BB07
:103F6000C6D532BD5B291FBE221ED9BDFA5938BE47
:103F70008CA6B4BD4639983C24A2553D1B0DA33CEC
:103F8000A8F3103E17F75EBD3483A3BE99E593BE38
:103F900036D7C6BC34DCF83DD0B1AC3D35604C3DC5
:103FA000D53980BD28AECE3C47F9ADBE642F0BBFDE
:103FB000E57A25BF0D94F9BEF28718BD612ABB3D95
:103FC000F28C82BD4D9DE7BDFA6188BD3446053D4A
:103FD000E717913CA23B29BE4626E5BDFD1874BEFD
:103FE000901F4CBE47C792BD4521FFBCC23EF83D65
:103FF000381F3E3D0E17D0BDDFFF48BE3D6178BE85
:104000009E85AEBD6D89413E23D4843E87FA8EBD28
:10401000DC60A13CF3BA5FBDCD99D7BD24CBCEBE49
:10402000D70093BE7FE2803D12232A3E003CC73B6F
:10403000FF1003BE18DF78BEC1F79DBE2097A9BE52
:10404000BEBE06BF14F6D6BECAB0D1BE7517C7BE77
:104050002D2AA5BE902E26BE8798B73CBF11823E62
:1040600042CC883B0CE4F53CBF9A2DBE3F26A1BD57
:104070001FE897BD3A9E8C3EC6591C3E0A0EE7BC0F
:104080004D7B823D68FD3E3C57E294BC098D203E4D
:104090008E90A93EEEC45F3E7E748F3D3C190E3E6D
:1040A000C7E14BBE9B194BBE490D58BE1B8E8EBE41
:1040B0006FF3A8BEF5EF8ABEC6C483BEBCC4D7BE2C
:1040C0004AC0A0BEBFE489BE1FB608BE7CAB28BEF6
:1040D000EE03A2BD90D477BD7B88A8BE3DB510BECF
:1040E0003CD762BE80773C3E1FCF893DB2DD3A3D72
:1040F000F435CDBC8098BBBC305D00BCA4DDD63BA4
:104100004BF4E7BD006688BE31CFD63D458FCC3D30
:10411000E7AA9D3E7C6AB33E1F1CED3D9C5F2EBE10
:10412000F40DD1BD8159C1BEF589CCBE34D770BE66
:10413000AFE43BBE5DCE1BBEDFE5A2BDA3C2083E21
:10414000835305BE5A8BE13D6742E33DBFA3B93DB2
:10415000B053CDBD672F783C1E062D3D353D9A3DB1
:1041600076F87D3DA1E69A3D802FC33ACEFF2A3DE9
:104170002692EBBC7072433D0CB13BBE649FDABD2E
:10418000C9140FBEE7A6CA3DEE1AE73E79A4C53EA4
:104190006666E4BB1800833E382F813EB3A1563ECD
:1041A0008FCBCE3E976CAF3E3BF5A23E9E03CA3E00
:1041B00010BCC53EB470DE3E42029D3E62C2513E1E
:1041C0003459F5BCE647ABBDEBB6A4BDB44EC33C19
:1041D0001B66A63D1A84753D30E6123D9EEF7B3D81
:1041E000A0705F3C9AF196BD2E893F3D005C243C57
:1041F000E0470E3DCE98FDBCA0ACFF3C86564F3D3F
:10420000304AE93C4D8EA83DAC6FDDBCF23CD33B5F
:1042100079EA65BDA1DF9A3D76AE6CBDFA2C78BD1A
:104220004A67383D58C3D23C743626BD1F4EA9BDDF
:10423000D1D73EBD7D71833D7DFA74BD20CD91BD4A
:104240000214633D765A683D08122CBC24B8B0BCF9
:1042500086E4A63D2E70ED3D2066E33C72DE573EBF
:10426000B3188C3E3D9B9E3E1C5A013F2AD8C23D4E
:104270007C970B3C7F6E1E3E91DF1ABCEF6D8DBEAE
:10428000526005BF3C0090BE17BD973ED8775B3E9D
:104290000AFCDC3EF7FCC23EA930313E5C46933B53
:1042A000EBF641BDBA4A313D41D8A5BD3DEA8C3D52
:1042B00048A320BD2653153D8505B6BCD6BE45BDD9
:1042C00014DD013E1FD81F3E3211033E34AEB23E14
:1042D0007D60EC3EA00FF83D45791ABDD98D2CBD0F
:1042E000EC01863EFD9BC43EEF370E3FF85BFF3D81
:1042F00088F483BD37B149BE502824BE7F357E3E49
:10430000F5C3A03E33B8AD3E500B9E3E10C4463EB2
:10431000F4D51E3E6CED253E1EFA3A3DD4708DBCA0
:104320002122813DA46E91BD96472CBCFADA30BCA7
:1043300058682B3EB03F4FBCEF98A53D4794CF3E09
:10434000C7B5443EA0E9263D771FA13DDD00393EBB
:10435000EF99F13EDD0E983E18CFAC3DFEA1C1BEF7
:10436000840419BF47C1E8BE90769FBE3AC62ABDF5
:10437000715BE43ECD26933EBAC38FBDEA2BF23D7E
:1043800023DCFC3E553ECC3E2093CE3E3C089BBDFC
:104390005995A3BDDF9E973D6E35033E8D38CF3EC8
:1043A0000BA8D13E256D2B3E1FD3243E9C84643E3A
:1043B0007B3042BEEF28C3BEE51A603CD695173E5F
:1043C0007167DA3D2DFC86BD4D1B13BF8B491ABFAB
:1043D0003E071DBFBAF91BBF596EDABE4CB6F6BB1D
:1043E00063710B3EDF447F3E9EA582BAE17E973E1D
:1043F000743A5D3DDE0F49BE2C75E9BE88DDC43DD3
:1044000036274A3DF918963D12941B3C80F0113E28
:104410009799493EAFBADF3E16C0403ED8E6C73E48
:10442000DE69F2BC36D2113E3FCADF3CC89ED23DA7
:10443000DD5E303D7E9FA7BE41EC43BED9095EBE26
:10444000D5E124BEEB9286BE002229BED8117EBEE5
:10445000EC11CABED061ADBE181D9FBE72E4A13C76
:104460006D51343E669B3D3D6A43603DA897AD3E2D
:10447000C80A0EBC647F1D3E012FA63EB8784A3D97
:10448000C4D6313E2BCCA83D9883B33AE43730BA3A
:1044900010AC2A3E2C6F843EBA5918BDBFCDFF3DEB
:1044A0002961B7BB54F9753B4DFB06BE2D9180BE0B
:1044B000B896A6BD6112043EDAA0B83D2D6DBABC17
:1044C000028AE93DDA945ABDCB2A18BE510C9BBD35
:1044D000DBC7D83D95D19CBC3C17613EC2AA433E88
:1044E0007B7B0ABDEE7C0C3FF442273EBE9CE03D48
:1044F000E341313AA65DC1BE38D168BE7EBA1D3EE9
:10450000BA31A73B47C64A3E86CB5DBD03D8A83D1E
:1045100008CD573D2B518D3D84A911BEBE0AABBEBF
:10452000325586BE601B0A3EECCCCCBDB58A0E3D32
:10453000D525713DF5084E3DE03C20BE54F4053EC6
:1045400033B55E3EE8C02DBB6998923E5DD7113E03
:1045500088A5063B044EF43E1A1FF13D6D34063F1C
:10456000ACBF9C3D76DD88BEB3131ABE1864893E8D
:10457000D8E5593EA8820A3E7B62113E449E5E3ECB
:10458000B8498BBCD1828CBE137268BE551C35BE37
:10459000EF976BBE20B0323E2F9F173E33CA0C3DC3
:1045A00006B44BBB2D6D073D229CE73D412C35BD2C
:1045B0004418D3BB7179D33DC8646CBEC6D1B9BEB3
:1045C0007B9A4CBD43CA033F61A7473EA0C8683EE3
:1045D0001F7FAD3EA2B409BD8EF29B3D6F6E5C3E67
:1045E00032DD6F3E01F8623E5AA7453E4F70603E95
:1045F0003716933DB90F11BE3ADBD9BEF2298DBDF6
:104600006710813EAED3A53E52FFA43E7A250C3DF5
:1046100036A2A53D6DAD863D1E62AC3D934C1F3D5F
:10462000627CDDBDFF62CDBE33C5B4BEAF63AE3EBE
:10463000E7C604BD732ECB3E6B247ABCEC85293DC6
:10464000E5AB243E4DA0773D206013BE97298ABE7E
:10465000629197BB105DC73C9C2A00BE20C2C2BDC0
:10466000315D5FBEDD6402BFB38A28BF6542923C04
:10467000AF088E3EF07F423E368A143E0D240C3E3B
:10468000EB1F9B3D9965963DE25D463D7C088DBEE6
:10469000284CB2BE3D48443D5D3EAFBEFFAC533EEC
:1046A0005EF5A33D05CBCE3E731E5C3FBA27AE3D03
:1046B0000F18223C0B9DFB3D762EABBD3A71B0BC72
:1046C0002335DD3C633715BDEEA066BD29DEC9BDCF
:1046D000E1B6DCBE244722BF3CFAA4BD2E885B3E77
:1046E0008D2F593EE6AD1B3EA52BCE3DA8FCB93D16
:1046F0001F07DB3EBC1C223E7EA6FC3D7D63B5BE93
:10470000B53E36BFC365E2BE76D422BFFFAF2CBD37
:104710004D379EBA5DC98E3E19EF283F0C021CBE74
:104720004DC984BD7ABBC9BE68FA7ABEB51B363B9B
:104730003F0B07BEAA11A5BEAB525D3C4D2122BE68
:104740002467EFBE1F8408BEA658B23E066AF43E38
:10475000C168973E6674863DFC0B743EBF0F183EE1
:10476000BE0C8D3E9A327D3E536B073EFAD014BE8E
:1047700055E15EBFDA96FCBE4C4B59BE29D33A3D9B
:104780000AE3DA3D4F4D543C7C53D33EB7A7F9BD05
:104790009844273C090685BCA7921ABDA713FE3D85
:1047A000A47991BDF5AF9DBE688A8BBCCDD188BE82
:1047B0000CACC3BE80294B3E9EC6F63ECF2FAD3E0D
:1047C0001DD12F3EF9893B3EDF818C3EA2CF8E3E2C
:1047D0004477B63EB6E6043FF8AA523D167764BE6B
:1047E0003F57E7BE6F0401BF0EE9EDBEDD1AAEBE56
:1047F000D37FA5BE4138993ED13EEF3E914FA93EB1
:1048000090B59E3E761CF33D7B2D44BE55528C3DAB
:104810006032493E61C6683EA195C63D2403C8BDCD
:10482000E9F1C5BC0FC5263E0580A53ECA3E753ED2
:104830007EA32E3EF67E0A3E2B25743EB531B43E55
:10484000CEE7743E448E403E0B31263ECA446DBED8
:10485000114314BF551305BFD34223BF22D487BED3
:10486000247558BE509D923E2FF265BE6D6B9EBD65
:10487000F52CD6BDB620B4BE419192BEE909103DDB
:104880009D738F3D6943B93DE64FAA3DCBA3C23C22
:104890006B8DCB3D442EB13DB5201A3E64B1513EE7
:1048A000F63BCC3D2BBB493D9761BA3DD131D93D5B
:1048B000B168DA3DB122233EC573B2BDE2C5E9BE9F
:1048C000671A69BF662428BFECDFF2BD6CE850BEF2
:1048D000B085023EAB30463ED62979BE52F723BFA3
:1048E000881601BF67F82DBFE088B3BE530F333E73
:1048F0004886363EFAAB443E149C3C3EFA37503E66
:10490000EA57DE3D7C7C5C3E7A9F9A3E69436B3E73
:10491000BA3C053EA5F462BC6585323CC42AB9BCEC
:1049200040EC893D4EE27B3D2EFBAFBE20F22CBF1A
:10493000D22E56BFE33540BF47CC0BBF199ACFBE2E
:104940002CB5ACBC8DC8953E8368A1BE7F9D1CBFB5
:10495000988130BFEEFF49BFE6DA32BFB1418FBE6A
:10496000F6E60ABD3F02E1BC2C48413DD251B73DBD
:104970009DC90A3D254E583EF7DB853E89C2833EE0
:1049800017E890BC33F6903D5AF4F43D66A704BE98
:10499000C05DEBBD190C813D7CCF7DBE236EE1BEB9
:1049A000DB8504BFE46EA5BEFC0540BEB01CF4BEB2
:1049B000EE04F63D43DC9E3E17BAA83E27C2BBBEBE
:1049C000066538BF56AE79BF2EF282BFE6AD4BBF4B
:1049D000866500BFAF35FBBE759B96BE18753CBEA5
:1049E0005EDF58BC4BDE3D3DBCA4C33D2CBA133E3C
:1049F000FDFCAD3C41AF1FBE301889BDFF0478BE41
:104A000039ABA2BEB544B0BDF40809BFE2864DBFC4
:104A1000A52944BF825593BE27AEA73EE6E1073ED7
:104A200034A9E53CE681A4BD44F6F83E73CC63BCF2
:104A3000DCC1F4BD8342DFBE0EB333BF0C0A11BF2D
:104A400083F143BF871F51BF4BF826BF9F4193BEE1
:104A5000A993B7BE80E145BEF5861ABE2163E4394D
:104A60002C4455BD3BA706BE2CB936BE375884BD75
:104A7000B52899BEF9D377BE4E341ABF7E4C71BFAC
:104A80000DC05ABFF76017BE2AA575BEA4A3A53EE8
:104A90001A143C3D612586BE19A7DC3E5C6E783E4B
:104AA000671C1C3E510A1FBD56B7F0BDF05D95BE98
:104AB0003BE6FFBE31BD13BF84E708BFEAE1F5BEA8
:104AC0003788EABECE00ADBED0585A3C8F0C02BE2D
:104AD00060B38C3D007397BCA5522BBEBA7F1DBE40
:104AE000A8AAD0BE2FE489BDE3749CBE247613BF70
:104AF000F5C6FEBE5031A1BE2830E3BD1974E53BBA
:104B000075315D3C77D4CF3D21080E3FEF26A63EA0
:104B1000C596503E432B073EBCB9313EFB6E033E6B
:104B2000BD26633E69296F3DD7EDDDBD98EF6ABEB6
:104B3000ED60E9BED0F0ABBE1CAB78BE7D53FCBDD2
:104B4000734ABA3D87C193BE02AE98BE64D981BE96
:104B5000B6CD7DBED5A024BE390976BE510688BE2D
:104B60008B61CEBEB7F93EBEB8F3ABBE29649E3DA5
:104B70006F82493D9B693D3DFE79073FB8FDDA3EB6
:104B8000D52C8B3DB5475A3E7D9D303ECD25703EA0
:104B9000F6DA9E3E97E0103E17605A3EEA7814BD62
:104BA000963C73BE030AA1BE99AB94BE904BBABDAE
:104BB000136622BE161095BEA106D0BEC1AB91BE33
:104BC000F27987BE06C00CBEFF638CBE146532BE90
:104BD000E1C4B9BE236A6FBE8D5334BEA1E2683D05
:104BE000205DBC3CE02E683B84128BBDEE8F253EE1
:104BF000D9E6103E5BD8CC3C40AC9C3E13DDA13ED8
:104C0000E030F03BE218F3BB139E8BBC16ED43BDC6
:104C10003CD04ABE952876BE0E0591BE94D8A0BE63
:104C200063F10BBF7F9AAABE3D2CADBE03BDC0BED3
:104C300070AB7FBE622D77BE290ECCBDD12FD43C88
:104C40007D3815BEE04CA93DCE51883EAA091DBD58
:104C5000885302BC476C8F3D7F03133EC5A1453E80
:104C6000F32DE03EF315043E4D258E3EE9EB6B3E01
:104C7000BFE1A23DD1C891BC373D923D46CCEFBCCF
:104C800056A10FBE49D4B5BDE45C83BEF58663BEB4
:104C9000F043C6BE3521AABE9E3CD3BE59FEFCBE23
:104CA000366295BDBF3889BDCA1B0ABEE0717BBCA8
:104CB000A5B78ABE5C005DBE81ED6EBEF88CB93CC6
:104CC0006ED2613D52E1B1BC331A673EA173D6BDCD
:104CD0004AE1063FC1CF4C3FEECA1C3EAA4DEC3E16
:104CE0009058013F21868D3E988A083EAA0E623E6A
:104CF0009521093EFFCF753DFD0913BEEAA59EBE75
:104D000092C0E9BDBCFC85BE099F6BBE0BC5FABD58
:104D10004CB1703D9450B8BDD89FC9BD5D2D2CBC21
:104D2000613E8ABE2621E9BDBA567DBE4D189B3D27
:104D300000393EBC5EA646BDDE48363D512AB33D35
:104D4000C9905B3EA742043F3045543F920F553F08
:104D50009CAC243F79C6E63E3C33193F379698BD5C
:104D6000CA5E19BDAD11FF3D8FB6CF3E9BAAF23E84
:104D7000EACA613FADDFB83E6E36763DFE6D7C3CE3
:104D8000695B6E3E9522603EBEB44D3E63E1423D9E
:104D9000AEB0A93E82D3513C081C97BCB9EC45BDCE
:104DA00068405FBC972C833D30F5FBBBD0A429BD88
:104DB00077ED5ABD379E073E2FCB253E54933F3E9D
:104DC0002FD0C03E76D5BE3E4A76203F4642493F70
:104DD000EBFB503F647F823F54CB973F1E487E3FA2
:104DE00083B1763F1918843F8936043F4451BA3E57
:104DF000AEA79A3E0913003F1A2F0A3F17FB4A3EFF
:104E0000DEAD1EBD69D59A3D780187BD74CBBEBCB1
:104E1000D569863DB0A8673C415797BDD2C890BDC3
:104E2000CEEA623D79D02ABDE6D5463D90785EBC9B
:104E3000AF4697BDA5C3A23D236D9E3D522819BD27
:104E4000B4113F3D9C10F3BC97751A3D5406F8BC55
:104E5000608B3B3C947ABEBCA8E0B23C5CD6ED3C97
:104E60006B3753BD24EA88BCC01233BBFBFC803DCA
:104E7000D190A3BD33E41DBDE9B6883D6671533DB5
:104E8000ABECA13D00E77ABA1279333D8226503D62
:104E9000012915BDC29EAC3D3B7925BC9AB3013CAE
:104EA000D96A59BD36FB563D4592A13D1D4A30BEDB
:104EB000B51BEE3CB19E793DCFF0BBBE8C30F4BE4D
:104EC0009BCCB7BECD100EBE4A470F3EBA46DD3D65
:104ED000E8698C3D0269FA3D5AFE7ABC63D004BD94
:104EE0004016B8BB5536A93DF5CB41BD4C6795BDC5
:104EF000E8E8343CB3B6843D0FC26FBDD82AEBBCA2
:104F000073E89BBC6F24A5BCFD1015BC8002013D5D
:104F10009ACF983D5BAACDBD8AF185BE5094A73C3F
:104F20002A1D853DB00D92BE36CCA33D6E9E36BE89
:104F3000C223CCBE5CE838BE0191ABBE25EB3C3D44
:104F40002BBA8BBD8309373C320EE8BC4AA996BC0C
:104F50005F1353BDD2C04CBEEB76A43D8A60E5BC66
:104F6000178D8C3D0CE8A93CBFD79FBC4AD2B1BD80
:104F70002253B63D71D8CBBDCDD22F3E0816D93EB7
:104F800034CE12BDE8879ABE10BE92BE658ECE3D6D
:104F90004DAF213C5FF9BDBDA6A7823EEA33563E28
:104FA000BA4AD53D3B2E2DBEDAF780BE0261193DCF
:104FB000B287C7BA86A446BCC6F5FF3C6B92243CB8
:104FC000AA4179BE74564ABE5654353E135FA2BDFF
:104FD000529B01BD5F3194BC603779BD6A868C3EBF
:104FE000DFCD2FBDCF6EBFBCB0B62E3EDA3893BE3C
:104FF0002F9A0FBF1D1526BFA2E5B7BE80B8FABE17
:105000003DA921BEBD6D5CBE96536DBE371C46BE2C
:10501000A76475BE8B9798BE2F5BE1BE3AC218BFDE
:105020007AC709BF474837BD727F15BDA465033EE7
:10503000C96D72BEADEEDABE3D3EF6BEEE820CBE6E
:105040003A91DCBCD8813C3C764751BD711D1ABEFB
:10505000D81419BE81734DBDA8C2713DB9C72EBC0D
:1050600054A1C43D7C12113EC9E260BDFCA9C4BD7F
:10507000B7BE12BE0AC913BFC7A7C5BE965A53BE54
:10508000AB4464BEB96D68BD74B547BE12C4C6BE3C
:10509000C34728BFEB2014BF412309BFF9ABC5BCF0
:1050A000E69032BE215195BE417FA1BEE7D4403B80
:1050B0008CFF25BD5131213D0394003F4895A1BA95
:1050C0001F57F13DFB97843E3026173EFF57803E29
:1050D000E09AB23E0D4CC03E7DB0BCBD6DB01F3DF0
:1050E0008F707ABDAE943CBE539121BDD00F11BDDF
:1050F00080E20ABE008B443D3C553DBEA6AE62BE7A
:10510000C9C8C5BED25333BE3B3C9DBEB7520BBFD0
:1051100099D011BF67E24EBFC3421FBEDBC3A0BE22
:105120002D84963DC9F4F33E86D5B73E51A44D3E3D
:1051300005D4FA3CB684DCBDCB64043ECAC9643EE7
:105140006358383CB5F6243EB4D71ABE32AA90BD97
:1051500028575D3DFE3F623DB832593DF19A38BD5A
:10516000D9559EBD2356223D771988BE15BF84BEF2
:105170005ED8AFBE535B9DBEB6F904BF8925D0BED5
:10518000D9F58DBED6C6B9BEF7CA9DBC562BEBBEAF
:1051900062DCF33C3E62CB3ED1357A3EDE4E4B3B89
:1051A0004F89F5BC63E864BDC1CAAD3DAE251B3E69
:1051B0002161A7BC065B803BFF9FFF3DA1B93F3E3D
:1051C000659E8E3DDA963D3EE4D7473E639C2A3E7F
:1051D000FC55FDBDC783A8BDD98C5BBEADAE31BE4D
:1051E00027B284BE7A4935BE8C0657BEBF3662BE32
:1051F000ECB594BEA15459BE348AACBE9CE1E4BE69
:1052000042ED533DE470E83E5E468ABC4E29C2BB87
:105210007A93A43D0645D73D2974163E3D502A3E5B
:10522000B3C6F33D065AB33D12F28E3D04D4393E67
:1052300078079B3E7A79A63E0BF9AB3E7447CA3D90
:105240005E1067BE36410BBE16B737BD8349D83CEA
:1052500097DDB63CDB95193B2D49F73D6C0C24BE20
:10526000B49515BFCF4265BF5D4C1DBE8D218A3EF2
:105270004A29AD3D2DA5693E1975E6BD0116143EBE
:1052800087C9FCBDC387CC3DC3730D3E3205623E6A
:10529000F3D720BDD44B0F3E43F0B23D43033F3E16
:1052A000A8AAB23EC184463E06CCE6BD7E1B2EBEF9
:1052B0001D8992BE7A4376BDCB23B7BCF025843DD1
:1052C000F25E1C3D7025E33DD510E8BCCC7DC3BE2D
:1052D000A01315BF9188D3BE919730BEAED4E53DE3
:1052E0007405043E311D8C3E0C52FE3E2E94B93E98
:1052F0001B7DC3BDF7AF58BDDA8C513E45D1743E1E
:10530000204E423EFC6D643E0CC3163E0BE9F83D58
:105310005ADBEF3DF616FDBD26C190BE5F1795BE68
:10532000B38AC23DE2C03D3EAA387A3D89E01E3EC6
:1053300075B2FF3DD9F1CD3DE4C906BCC292023E33
:10534000E6E0BBBE92CB31BFCC5D05BF7A8C1D3E83
:10535000697EDA3C23C1D93EDCDF0F3F62F5BDBD7B
:10536000A3484FBE977CF93D5B5B2C3EC50D0A3EC2
:10537000120CE4BC1BFC45BE23A6C43DEA04643CFD
:10538000AC3782BE9459D8BEE21F58BE27125F3E8A
:10539000228ED83E5A1C0C3E4841893EE56E603E46
:1053A00089FC893EAF68713C0E28C13EE4E6203F8F
:1053B0004E321E3EDF186ABEFF9B5ABE963EA53E89
:1053C000ED3257BD4E3D133E1E30E83EB334CBBEEA
:1053D000222766BEC469763E3F33DC3E0F2AE43D99
:1053E000E9AE25BE4E9889BE5E1A193E69A9803C79
:1053F0003F107DBE930BCBBDE3A1F73D04A2883ED9
:10540000EA4CD83E2356453EAAED193EA6423B3E05
:1054100009AFB73E40AAFB3E5868C83E0865463F04
:10542000C61F083F9A1B063E055AF6BE047EB7BC4F
:10543000D9B897BEB288BA3E3B1B0E3F100D10BEC6
:105440002F97803D04DB5B3E4C64813E84F2273D18
:105450006C5F763C270F793D68A7FF3D92A3033E22
:10546000C068113D84649CBD129BD53D010ADB3EA2
:10547000256EBB3E15A5873E1622723E43B1AB3E5C
:105480005811EA3E72AE0B3FD14D523FA89F2F3FBD
:105490004A11043F63649E3EA057FCBE59089CBD60
:1054A000F0D421BE411BA4BC077C843DCE4FE73C19
:1054B000FFD33F3E1EFB473DE546273EB1FB373E4F
:1054C000415C013EE93414BEC3C01EBEDBDAE23DDE
:1054D00019F54C3EE5C2E73D228FC13BBD55EA3E82
:1054E000D452773E8846CF3EDAA7693E59DCC73EA4
:1054F0003F4BC93E28BC2B3F6201523FC3FC063FD5
:105500001C92E03D2C84373EF9D1E0BE33551ABEE3
:105510005D33983E4C8ABD3D4C97D8BCF3C6CEBE99
:10552000E21E1C3E453329BED040B83D81729E3EEE
:10553000CC35C23E10D5093D466A94BD2350F93D95
:10554000CF4E3E3EC7CF9FBCD8DF723DE27C2E3EA1
:10555000AC8BC93DE45F773D1A7A543E7D7FBC3EFB
:10556000C33F013F1B36E93E5843F93ECF54983EB6
:1055700083C9A2BD3613C1BDDE41B6BED7A956BE92
:10558000D4DF013D8B438F3E6538793E4CC9EBBE7D
:105590008835A9BDA35F67BEE1873DBDF909973E88
:1055A000788F0A3F20123E3E57E8D13D031DA03EB2
:1055B000386D773E8461773E52EB79BD6AAC1D3D14
:1055C0006541393C19BB373EDC5F5C3E766E9EBD63
:1055D000B5B0113E4707A73E988BB33E6756163EBF
:1055E000E21899BE99EE3D3E02903D3EEA31C9BEB9
:1055F000E19EF7BD046B173E7326DA3E4AEAB4BE5D
:1056000050AF253ED123BA3D5CCFD5BD00541DB56A
:10561000A6D0803EDF4AF2BD7FB4833DAAA2B93E48
:1056200029989B3E44B8FB3D8625B03D7B1FB8BD05
:105630003535A13D3856913B0972623D31A06CBEB3
:10564000C90089BEBF9F073EC2F5053EA2C319BE71
:10565000003A2BBF7D8AD1BDE6A38E3EEB6E81BCA6
:105660005BB702BCCED892BE88BF8D3EF87857BEDD
:1056700090AB283EA88EA03CD42B8DBDFA0DABBDBF
:1056800033F20DBE918256BE31AC7CBE5A981C3EA0
:1056900092E273BD461789BE63A5A33CDA39A2BD69
:1056A00062208BBC0E2CF8BD1C249FBE99CF2EBE51
:1056B0004B0268BEEACE1F3DC1513CBE26D20FBF91
:1056C0004CD331BFF5AAEBBD6A0213BE760E23BEE2
:1056D00060B5253C14DAACBE5F481BBDABE475BEBB
:1056E000D80506BECF11B0BECF05A2BE30E87BBE46
:1056F000799AC1BEF1C17ABE770DD7BEF20633BE2C
:1057000079911EBE7A2F71BD6132B43DE43578BC0B
:10571000217A163D1C7385BED38268BE11F95CBE2A
:10572000327AE9BEBFE4E4BE334930BF739728BF85
:1057300043CFC0BE63AF76BE8723C0BD9BFFBC3CDA
:10574000055B21BCF63FD0BD77BEBC3D374696BE5B
:10575000D713CCBEA762CBBE6FC6E8BE0452E6BE6E
:105760006974BBBE7EECBFBEF458BDBE1F7AA6BE38
:10577000008807BEC95678BE28A67CBEA00909BE0F
:105780005440B5BD959190BE378441BE2D5C7ABE24
:10579000FC75BABE47DD19BFE6F83DBF140414BF5F
:1057A000492712BEE8649ABE646F0DBEB726883DD5
:1057B000B74BB8BD0F3B8DBDAB3A613EABBCB1BE84
:1057C00035B332BE3CE5D3BEBA38DBBE792A5ABE09
:1057D000207D36BEC89792BE73AC2DBE84C783BEF3
:1057E0008DFBB1BE2E7B05BF902EACBECE03B6BEE8
:1057F000A0B0DABEC36911BFDCA078BE41B089BEDB
:1058000064CEBFBE94FEF5BE0698F5BE192516BF40
:10581000F43F82BE40A2DFBEAF28C6BE6356023D43
:10582000EA1B363DEF219D3D6C30663D473AC0BED8
:10583000BBA451BD1A7FD63BC0FC2D3E1007853E50
:1058400088A944BE20459DBEC43F7FBE134382BE8F
:1058500067EF1EBF56A6C6BE858AE2BE7E9516BFFE
:10586000D83E17BF2EE2ECBE9BEAB9BE37B8AEBE3B
:10587000BD78FABEAEAA95BE1EEF89BEE7FD1BBF7E
:10588000A9C7BEBEBEFBAFBE86A9D3BE4EFB5E3D62
:10589000CF3B08BDCAEE2C3D3493203E686725BD42
:1058A000B91FB33E8D46F73E21C7073F3862F13E30
:1058B00099679A3E0C8D9ABC0C51CA3D89111A3ECB
:1058C00000A3A0BE8BD0AABE921962BE8D0B22BFD0
:1058D00057AB8DBE96E302BE1893E2BE372954BE85
:1058E000E97D8FBB294E7D3D86D9723D7B3244BD1B
:1058F000BB6021BEB5528ABC07F3CBBD5148973D72
:105900009ECE693DD12DAABD4735233D98834EBE1D
:1059100098DDE03EC8CB213F394D1C3E8A8E953E36
:10592000A579083DBE028DBD74E0F63DE841C13E5B
:10593000DE0E513E515C55BD85088EBD34AD7EBE38
:10594000FA7506BE20123EBDEC14333D4A5DB43DEF
:10595000EE6DA23EF7A5623E0B1E7DBC4F3D373D6E
:10596000D68188BD83ABE2BD3D000BBE7879493C52
:105970003101883DB23611BDA6C511BDAD34CC3D57
:10598000E5BC82BD9987583E16DBF63EAD4F1D3F04
:1059900052BAF73EE0A0D83ED8F5E33E5696123E06
:1059A0002946873E44A2D83E0624E63ED912333E1D
:1059B00018C1313DC132493E20B44E3E4555043FE9
:1059C000304B023E73D6DBBD271B21BD548D87BCF7
:1059D000ECB6FBBDB00945BADEBA8DBDBEE0E0BC99
:1059E00080C6573B9BA98D3DDC1027BDD026E7BB69
:1059F000AF1A10BD7BAC03BDF59840BB8782413E1A
:105A00009881133DBB1F37B87F70993E9988703ECF
:105A100028299D3EFD28C73E7536413EE22A06BE36
:105A20001F084A3E3513DB3E912FAC3D08A1DD3EF9
:105A3000B12B623E8855A03EA3526F3E5840843E33
:105A40008A9AB8BC60710F3D60509ABDB0B0A73B58
:105A5000D3E650BD0EC1033DB0B2B1BBE890F13CFE
:105A6000084FE9BCFDB68DBD41608C3D75DD38BD8C
:105A7000B06D1B3DB2B5333D8D1C903DEB048D3DAB
:105A80003A68813D2E246A3DFBF39F3DB6AFDB3B78
:105A9000D226293D983460BC7077E13C00B0AE3A24
:105AA000A2BD7BBD4897CEBC8F66813D9A4F163D07
:105AB0002C9C263D222038BD9847AA3C682A7DBCF4
:105AC00080E37ABD33271BBD682493BCB6A4273D71
:105AD0007B325BBDE0D7653D045F713E5A56773E31
:105AE0005BDB7E3D351D09BE838EA1BE8AB09BBEA9
:105AF000F15A88BE1503863DD6B3DBBD75AB42BEF9
:105B0000AEFE06BC631F81BE53D8D5BEE6337BBD57
:105B1000DF1C803D52FE943D4181903E3133A43ED6
:105B20002EA5F2BC506BAB3C6259FDBC4AEF2E3D3A
:105B3000D4E7F6BC16C48BBDF31F173D9E8146BE4D
:105B4000720B52BE32B3B43BD9A30A3C1FBEFCBC9D
:105B5000C546443E170ECA3E0A53D93E3100A63E02
:105B6000C312A7BCAED387BDA634B2BD14C6D2BD86
:105B70000B4E3BBE30BE25BE6AFC5ABA9A5A94BE42
:105B800015CEF03CB772A63DAB89D8BDB9938C3E1B
:105B90001A5A513E939E293E4800E03CEC18E03CE6
:105BA0003EDE693D06063C3DD26965BD75E490BEAA
:105BB00024F242BEC8C3F9BD89FAB33D7D46573CC5
:105BC000B4D86A3DC7717D3E8C94963EB22D5F3C41
:105BD00030251E3E3A92C13DC8459DBD700256BE5D
:105BE000627252BECA05D8BD4A9599BBECFC85BE0F
:105BF000B4C216BFC2D994BDFE59223EB88E013E32
:105C00002AB6FB3DE60CAB3E43B6B63E4AE6313D16
:105C100058D599BC914783BD8FE1BDBDAEB0C3BE21
:105C20005E21CEBE2D75FEBDDDEA4C3D20B18BBDA3
:105C300046563C3D82F4FB3BC01E733B2753C23C9F
:105C40003F6F983DB44FBC3D58003D3EA4CC99BD3C
:105C5000CB7F533E65FA4F3E13E41F3DA716C8BDE8
:105C6000AA2674BED7B8D3BE7E30CFBE5DC5CBBD2D
:105C7000E82DBE3DABB9B63E416EB33E1DD7E43D07
:105C8000835132BD605726BCAAC880BD2DD0AFBE9F
:105C9000155A0BBEE3DF8DBE69E123BE988973BD43
:105CA000143A783CE1D9A53BF65691BDFEB206BC4C
:105CB000838B093D35E40F3D3C73863D1E05F3BDE6
:105CC000C3DA51BC62521A3E8298D13D7A0AC93C6D
:105CD0005B608BBDD750FFBDDCFC49BE024EC5BE2C
:105CE000F11FD3BCFCE1E83E403FA43E70D0B43E7F
:105CF000F864AC3CCA5A803DAB1E053DF4DFCBBE18
:105D0000B9984EBE0B18B0BD08D5FFBDEBC3813DA1
:105D100080F359BD875215BD5D4308BE81D1A1BD39
:105D2000E59E653D9FB7B5BD62CE573C6B9B863DFA
:105D3000B948F33DA9E9673E3A1EAD3DD454D23B84
:105D4000901628BE8D97D6BDBB2C15BB619172BE37
:105D500083059B3D5051A33EB290BF3E7ACFC73ED4
:105D60009875EEBCC3174B3E2BFD883EE56189BE9E
:105D700055ED28BE87C8503D5C72B5BD77CB77BD69
:105D80001D4A213DDC4F89BDDDC9D6BC4EC4C8BC0F
:105D90002688903C6976163D1138DB3C3EFCB93CC8
:105DA000B09956BD7DDF93BD47CB8D3D8510783DC5
:105DB00033B9D53B86E2AC3EEFF15E3E4575C6BDDC
:105DC000E85C1DBD0A47523EBFBDBE3CD4A7B33EF2
:105DD000013B7D3D6B8D87BDEB59C73D721A91BB71
:105DE00069A6E4BDD4940EBEC280B9BDD7C1D4BDEE
:105DF0005675DDBDFCDA49BEBD6F00BDD35FF3BD96
:105E000098D314BA62CCA73DD52FB8BDE27EC1BDF0
:105E1000A74DFC3C6BCCB1BC762A9FBD51AC563E25
:105E20006FF7D43D47FFEDBCC3784F3EDB98813D13
:105E3000DDEF2FBDDB589A3DD0A8213E28BE8E3E17
:105E40004293FF3CEDA7943C6007123E09C0853E9B
:105E500033360FBC5FE65F3D72762FBD1C403EBE01
:105E6000CFBA11BEAAB730BEDF44C6BD7A693DBE07
:105E7000E52734BE7A58FCBD9492CABC84523FBD1B
:105E8000C68C4B3C19713ABD3BE3ECBC3FE6DD3DB3
:105E90006E5C363EB39FCF3D10C64C3E9B1031BE6C
:105EA0006EB6273E3325C63D2C9FB43E0D62763D2F
:105EB000CD478FBD61B537BDAAD9173E7686313E35
:105EC0004822153E0EFF963E67E8393E819B983C7E
:105ED00023C695BD65720ABED19989BD7462D0BDD5
:105EE000C7A179BEB422F7BDF821623C926C0C3D8B
:105EF000A04D8C3CF2C4BABD0793E93C3798273ECD
:105F0000655D663EFA16963D1246993B05FB433D9C
:105F10007FFEC53D21E8B9BE3112BB3EA2181C3E32
:105F200002D2ADBDF4FDF8BC4090473B687C6F3EAB
:105F3000EF4FA03ED5BC7A3E18C3003E2808903CE7
:105F4000052988BD91B88BBC3DE380BE5A864ABE08
:105F50008CF4CDBDB247AF3D6A45C43DD0E3CBBD67
:105F6000E79864BE56B259BE7DCDD4BD2B14BB3E5E
:105F700037749CBC4DFBC0BD6BE18DBDD9FBD93DD9
:105F8000DB927B3E0B62003F52C8DA3E4CBFB8BD8D
:105F9000EEAE00BD00783FBE5E5A2B3DD184113E6F
:105FA0009C69D73D511B923ECF0881BE2663EB3CD6
:105FB0007777E2BD380F28BD5E61ADBE883667BE1B
:105FC00019A5C83DCBFFA33EF9DEDC3D054C32BD33
:105FD000EEFBEABD7C8841BED6663DBDCB68C53DC3
:105FE000D9142E3D28F28B3D68558A3D10239B3BEA
:105FF000C566CD3D383AF93EAB02DA3E0081F7BDC9
:1060000095188FBD731AB2BE00BC103E8E6A483E12
:10601000B3EBBCBE6A7646BEE3FAE6BD9CC703BEE0
:106020004D803EBE1C0A80BD6CD913BE221F8E3E21
:10603000B7B4EB3E9F7A263F1379B63EA2D2453ED7
:106040002011A9BD2A2A21BEB3FD133CB711E4BC1F
:106050002614BCBC406385BD773E29BDF34837BEDE
:106060004A8A8B3EE238E63E6AD3093F11B1B13E1F
:1060700089288F3E4AF6A0BE8F2E393E8B3EF6BD54
:106080003293D3BE727262BE8EE84DBD311F14BE14
:106090007D2C2CBE40F70BBED578373EC215FC3E9A
:1060A000A3DD053FCA220D3FC6AFA43E054ED33B3C
:1060B000B3242F3DCD2D3BBD54D170BDBDB2DBBD52
:1060C0003A6F4FBE9D42D0BDD12709BE71B8FBBD0E
:1060D000A45C0D3E456D853E246AB73E02F5603EE8
:1060E00037E4573E4D51AEBE3879D6BEC1F2063DBB
:1060F00026BB0DBED191D7BDD07FFD3C385179BEB6
:106100007DB78CBE7AC634BDFB34743E2B3BE33E78
:10611000ED87B93E1BEBDE3E1A75B33E446E06BDFD
:10612000A300873D904007BD8495093E3F58753BCD
:1061300050925BBEA5B88EBE0396A1BE1E03A3BE41
:10614000BD567A3E17BF4C3ECF83493ECCD3563E18
:10615000FF9FB3BC181792BEC0348BBE1183F13EB3
:10616000CAFA473EA94895BD31C5043E3FF019BE65
:106170004994C8BED4F3F8BDBBF0473EBB2F9A3E4E
:10618000B3E8EE3E370ADF3EF8FDD23DC8258EBCAF
:106190003A09F53DE22A6A3EFA97AE3D6A685F3DEC
:1061A000B9B347BEE21701BCF6C08B3B3FACC83D5C
:1061B000B343DE3D68110E3F0B1A613E44CF9D3E56
:1061C00040012CBB83B664BE71F5813DDEEC8E3E92
:1061D000F2B7163E06E0B7BD626D4F3D123CBDBE44
:1061E000AC2099BE15AB1DBEC8CD223D86F1AC3E9C
:1061F0009F560A3F2180133F5ADB86BDB34140BE04
:106200005164663C5B2418BD067FAD3D0EE7BEBC05
:10621000F094BDBDA8C36EBDA361B03C6348173EFA
:10622000109D143E28060D3F80C7953E3A0EB33EA2
:10623000461638BEACCF31BEB20E0CBD293FA13DD3
:10624000E778383EA6CD8FBD40F6F8390D8172BE95
:106250009CBA7CBECCA78EBE74B0BABD1B1C4B3E94
:10626000A7A2413F0750143F23397BBE364AE6BE02
:10627000C9D8C9BDF65ED7BCE2A113BDE1F159BED4
:10628000AF2242BEF3EB48BE0F5EA23D719B003EC3
:10629000C4CF953E6678D73E100A093F2E951D3E25
:1062A000A8D5693D364F33BE68B26FBCD01C8EBED8
:1062B0009260283E11619ABD5B8A7BBCAAD9BEBDA3
:1062C000D58668BEB90806BE4FC3903D736C983E34
:1062D0007CCEF83E1F108A3EE8FD87BEEA165DBE02
:1062E000FCC14BBE183CB13DCD0DEABD36009EBE93
:1062F000EE996FBEFFB9F8BD9B83DE3D7D063E3E45
:10630000D31B27BE5D08203E4743063FBDCA40BDA4
:1063100016260E3DE5E173BEFE96F23E62BEC83D16
:10632000E704623E952E2A3E8DAD893D5868DEBC5D
:1063300003724CBDEF58FB3CD8B08C3E9DA8063F85
:1063400099DA5E3E8B0D50BDEC31FBBEE66983BE33
:10635000B3B39ABE890D40BE50216DBEFC0748BE46
:106360000C0B6EBEA581F2BD423D08BE56EBA63CAD
:1063700014F91ABE6FD2D9BDEB55AD3E756C91BD07
:106380005C4133BBA618373EED6DAD3E7C7C553E7F
:10639000725E903ED649A9BD472B9CBCDAFAF8BB89
:1063A000D2E31A3E2340983ED059F23E59CE823E67
:1063B0007466EA3DE8DA42BD2C2D87BEADB399BEC6
:1063C000345D1ABEA82C46BCAEF986BE6015D1BDA0
:1063D000484271BEE1953ABEB667E0BC66965F3E44
:1063E000975920BDF404ECBB3FDE85BEF34031BDC0
:1063F00080B3A43C6B6AB8BD210A783E6950F63E72
:10640000197DC13E98E10D3DA057823E28AB013F6A
:106410007F17BA3EDEEE0F3F328ACB3EAA903F3E58
:10642000F184A73D56FC09BEE71574BE993D92BEA6
:10643000DED62DBEEF2F40BEFD1783BE398D5BBE6D
:10644000A40656BE613398BD386EB43DCF7BFC3D8B
:10645000D4E7C33D4740C9BD4669A5BE592A8C3B18
:10646000FACACFBC40D31B3CBA99DC3D22CD8A3E50
:1064700016FF173F6559073F824EC93E3E0D173F35
:10648000F049483F4CE5273F71B84B3E6993083EC1
:10649000D0E2423B63FA7CBE9B3B92BE3C61D8BEDD
:1064A00001F802BEFF3C67BEE871C9BDE99A45BC70
:1064B0006C4B6D3E0882F1BC50B1023E7F13BCBCF8
:1064C000A36AFBBB7C615E3CE6A0DCBE064B703D74
:1064D0005AC5543D189F173CCC70D33C707A533D3D
:1064E000AAD35A3E9C5BB33D9570A33EBF08EA3EDB
:1064F0005E6AEB3EA3A99D3D8A5BD2BEEE3AC1BE69
:1065000085699EBEBDEEE0BEF55915BE2DD88DBE87
:106510001D2776BE6E7CDFBEC6DE92BE62744D3E27
:10652000BF1907BC42D0A3BCA186F5BD1A559CBEBD
:10653000BB38853E601BC83E4434573EC5CEA8BD1F
:1065400004ACEF3C585404BD7F13AABC6396AA3D2B
:106550006248E6BDFC88F9BE1A389ABE5A57663CB6
:10656000EFA215BE5A87B6BEFD6BE9BE6055F3BEFD
:1065700065F6DDBEF05283BE47FDF5BDC123C93DC2
:10658000BFE5363D90E6DD3DA1CC93BE477183BEAD
:1065900030626DBE77FC9EBEBD9CDEBD24A6D4BC21
:1065A0000D16843EF643DA3D8146C13E900BCF3B4B
:1065B00020A4023BDA6088BD304C583CE3D486BD51
:1065C000BCA597BE3AB916BF53274EBFC4863FBF7E
:1065D000739630BF2BB8FBBE5EFDADBEABF5D8BD2C
:1065E000E8F50BBDD000E0BD2A631ABF16831FBFBC
:1065F000089942BFBBD00EBFD8E3D4BE3A23AABE8F
:106600008AB125BFA5E04ABF990B1BBF561CB9BE76
:10661000427053BE29C0BABCC0ED31BB69FF853D95
:106620001965833DB0A8BDBBA871253C967583BD97
:10663000FA1F02BDDF921CBDB4B020BE6117A0BE20
:10664000A2ED83BEE1C174BE993BBEBE5891F0BEBF
:106650000C050BBFAE7EC4BEF72B09BF50EE8DBE3E
:106660006B231A3C4E1DECBDDDFAE9BED3ADD7BE9F
:10667000FFBFD4BEE3BFA8BE0F31B9BEDC3C2B3E8A
:10668000588A11BC0084ECBC1AD679BD7DEF09BDD7
:106690007C1588BD83AC5ABDD84F68BD327705BD27
:1066A0004433A23CD14DA33D901AF2BBF8CD6ABD54
:1066B000E6F46C3DD0CDCEBBE12FA9BDA88B183D33
:1066C0006C9913BE2A48C3BDA38DB03D6985AC3D0E
:1066D0001483193DCE16503DCA5353BDE29F81BD70
:1066E000903511BC40C49C3C3AE09FBD1932A9BD15
:1066F0000646453D58F30E3CF1175ABD767B1BBD4F
:10670000E638303DEABABCBC9AB896BDD07407BD35
:10671000D346693D639526BDA89530BE6BB966BE6C
:10672000DA727BBD1FB077BD913786BEA40027BE4D
:1067300095B4BCBE75558EBEA1AADFBE39EFF5BEBD
:10674000CAD0A3BD7A76C1BECFDC11BF75ADBCBEC9
:10675000535E9BBEECF35DBE6917E9BDB3C853BD84
:10676000B84A12BCC06CD1BB0085423CF4A846BDFF
:106770005040B63C772AAB3D03DAB3BDEEE9033EA9
:106780003261EB3C61F9C8BD561C82BE2A375BBE44
:10679000075283BE00A35CBD8B5EE03B4EC1653CEF
:1067A000003D97BEEA4929BF51D116BF4A142CBFFC
:1067B00050D2F5BED260E6BE82BCC5BE57760FBED3
:1067C000B81D923D94B2393E9B05803D9DCAD53D92
:1067D000ACDE03BE5C306EBDA0DB76BC20E5EC3BDE
:1067E0002CF288BCF7E8A13D7F20353DE1C42EBEE8
:1067F00030E713BEF120B43C9B6559BE16EB6C3DEF
:106800003C07B53DC4279CBE372D283DAF58933D6E
:1068100056867BBE757E11BFA456BEBE4B7BD0BED6
:1068200064DA9FBE8EF7713DE8F7773E6C0E99BE35
:10683000A071FDBD1903C13EA131A73EE938A43EB8
:106840007A288FBDAB585DB917AE76BD361F293D8E
:1068500084F08D3C9AE15F3DC17F7E3D700B913E9F
:10686000C92D84BE6F79B6BC880F803ECA396C3E94
:10687000074579BD9EB533BE67DC5ABED71C89BDBE
:10688000A82656BE13D66CBE0F643BBE26198BBD20
:10689000667A1CBE6589E23DFE5E4B3EF07711BE16
:1068A000591E15BE0E79453DB50C923E8EB0363E52
:1068B0006781A83E512D3D3E341117BEFCC2ABBDD1
:1068C00008FA9BBC78459EBD99B6A0BD6E19733E73
:1068D0005127C5BD799C3FBED64C67BBC5D103BD12
:1068E00000AB74BE73D9D0BEA3CF90BDE969A33EFF
:1068F00042C9A33D2569BFBA744398BD4FDED8BCD9
:106900004F4CB63AFCD1903E3146963E99EA8D3EC8
:106910000EB7863DA792B13CBEAD7B3EC01FAC3EDC
:10692000BCB39D3E1B00673E43F18ABC7575F8BD44
:106930001099833B89252DBD29F6E3BD5CA1B03CB0
:10694000871E52BEF2570FBF3014F2BE7401F4BE60
:106950006A4149BE92792BBE34014FBB46BE51BD40
:10696000155DA73D9EE2823ED7CF9D3EBF0D7A3E8C
:106970004FA64E3E6CAAF73C6357FC3CD457353EBD
:10698000A3D5C53DC5370A3E577C8F3E2326923D91
:106990001D6CB53E2DAC1D3F7865873EE9A714BE42
:1069A00012E944BC6FE85FBE6C1D82BE102988BE30
:1069B000249843BEFA68B7BE8F52EFBECD29EEBE13
:1069C000CA839BBD83E045BD4A12ACBDD11B383C98
:1069D000C8DE273E5253DB3EC025703E15822A3E5C
:1069E0002B115E3EF2EB14BD79668ABD195683BC4D
:1069F0004E598EBC8D8B133EB8631E3EEDB4EF3CFA
:106A0000BE2F943EF3F6223F8949A93DF3C699BDB6
:106A10005D1F9D3CD818B8BED1AC30BE220C19BE4B
:106A20004A814FBDE49683BE33EF5FBE16127EBE31
:106A3000A7617EBE758DFBBDCB3D73BD438FF0BCA2
:106A4000E633B43DBFDF103E3BFE0F3E1AC2543D5D
:106A5000C968A03ECF7EE43D7EF9D13CB8A5943E06
:106A6000F88CD23DA01D763EC9933A3CB72B2ABD87
:106A7000B39ACD3DBCA4843E40313DBDA21ACB3E6D
:106A8000E75F49BBD4668EBE372164BDE7A11DBE5A
:106A9000631347BEC4CF72BE97CA70BD23F645BE0E
:106AA00055D83ABE23F7D3BD2C58E03D47023E3EB1
:106AB000DD9EE33C3F92F13DE46333BD5786073CE6
:106AC000FB610A3E0C7AC63D0763123E53B0003E9E
:106AD000A772DB3D6E06D93B31450CBD4745B3BDC2
:106AE0002E0296BDE5F746BEE86708BEE4838BBE7E
:106AF0007E31CEBC4A90B6BEC3E4A3BED40EFD3DEB
:106B0000AE2EF0BE9D496CBE3D94CD3DAA5D5CBDF0
:106B1000093C96BDFE6109BE97E837BEFA95F53D82
:106B20007325593E32238CBD0855493D1D2B1E3D12
:106B300020A8643D965683BCFA8F9B3D4C54803D03
:106B40000059B23DA146A8BDC912D4BDC8A52C3D6F
:106B5000504B5EBE929F48BD496E723DA7C8AFBE06
:106B6000041E8E3C2F2B98BEB90AF7BE86418BBE01
:106B700069CDE4BEC1370DBE54F1C73B73A74FBE0C
:106B8000E9D17EBDF78585BEEAA5BABDF8CCF83D52
:106B90005861B63EAB69423E199D203E38E4C13D86
:106BA000680838BDEAA6433D1CABF93DD7BB913D13
:106BB000DAB5273E64D1A4BDF396B7BD38E597BCDE
:106BC0008DD94C3C447DCF3DEA9F033FE02663BE18
:106BD000ACC425BD0B8EC7BEB3A285BEB395CDBEDA
:106BE000F0CA03BF81B17EBE032FBD3DF2A2B9BE84
:106BF000079DACBE0C6986BE92F69A3DC3ED4D3E34
:106C00005DA2873EBCB5CD3E060A4B3DF4F82C3D57
:106C10003A130B3D8DB1AA3D1CB59DBDD6E2103D8A
:106C20009D4FE83C19FF9FBC92F800BE3B32083EE6
:106C300094E6EEBEE9DD3BBEA32B493E5B8EADBEC6
:106C40003E2E35BD557409BE4CA80BBFC67963BE38
:106C50003BEA84BE819442BE8C97D1BDA6FF15BE8F
:106C60004FC631BE753CC6BDFC25443E89CCCC3EEA
:106C7000CDB3D63E8A76B93E15C5543D5D73E2BDAF
:106C800074B8EDBCE72ADABDCABBD1BCCD2312BEB5
:106C9000222B02BE29B7CABD0731DBBDE6EF46BED7
:106CA000953408BF3E7BDFBE75FF813EDF9F923E7D
:106CB000CC4A6DBE72E556BDB14E16BF404A38BED5
:106CC00084DB9A3A4E86C9BE0BFAC9BD6FBE36BE8A
:106CD00044A915BEA60C403DF268933E8648623E2C
:106CE000DAA10F3E9BB9213EDE41DCBD529D1BBEA9
:106CF000CF207FBD846CD4BD36650CBE3C9398BE5E
:106D00007E1F58BEFEFC2DBD4CD8F0BD5220F1BEFA
:106D10006531ADBD148349BE4EE3873DB98A193E46
:106D20006CB973BE26DE433EA4F414BF876548BE2B
:106D3000148A833E4C38823BCCD8B4BD0813EE3C59
:106D4000E92D3E3E1501193FA584293FBB30863E03
:106D50004DFE043E0B9235BEB7FFB2BE192999BD58
:106D60009FA905BD396111BD62EB49BD6C6267BC6D
:106D700022AA853B6087913D9B236ABE8CAB90BE67
:106D8000998D043EF8F11DBEA2955C3E693AE03D46
:106D900047ED9ABE8AC5C73CD26A96BEDCCE26BEF7
:106DA000C17A453E249792BCB8711A3E71D9563EBD
:106DB00094D67B3E069F1B3F7F1C373FE8E4ED3EA9
:106DC0008B215E3CA968C4BECDCB84BEE64563BEC4
:106DD000136D40BEAA90283CC6A1F03D012A193E81
:106DE000A910BFBC465684BD3F17F63D4D87383EBF
:106DF000EDE6133EC44F773D177D173EE0C79B3E3F
:106E0000DB6C823D4FB4853CA9515DBEC4DBA03E26
:106E1000052F663CB428F9BC8D60D93E22FF353F72
:106E2000C2D9623F90C5773F26D9303FB2BAD13B35
:106E30002700CCBE97A4D7BEC331B0BE086868BED9
:106E400060861BBE3870033E1B0D65BB5D70423E05
:106E5000D70E54BA98C68DBD3329C9BD8364043E8C
:106E60000DC16EBE161CB2BEE6798FBE2BD2ED3EB2
:106E7000A5D8D63D63F9CEBCD7E483BEEB5FAC3E6C
:106E800099E86A3C0A47E93D57B2203FAB83293F66
:106E9000784D393F3389453F0FB2033F7103A6BE9A
:106EA000FE241DBF122F0DBF8CCF8DBE73B028BE28
:106EB0008C90CC3D3037003ED276E8BB9C16173E16
:106EC000FC7EE53DBA171A3EB2FE263C7031BA3E52
:106ED00060838ABD36F187BED5ECEDBECE7DD4BDD4
:106EE000E63EBBBD09B61CBE6388ECBEC082843ED4
:106EF00085E29E3E8B96133F4C05DE3E1658333F8F
:106F000028D95C3F87582E3F4456823E4A512DBFB8
:106F100024E72EBF1AC7D1BE3D8481BE680562BE7C
:106F2000A98EBABD9477FABC07A4C53D5F96F43C20
:106F30004E256A3DB6A1813DD12F3E3EE19FCF3E19
:106F400015A8D1BDAFAF9A3DEF8309BE90BF49BE32
:106F5000BE0DCDBC6C4614BD9DAFCEBD794AA73CDD
:106F600065E30A3F02E56B3F05289B3EF684C13E80
:106F70007A791C3F71DCEF3E630087BE440C43BF4F
:106F800062E42EBFD61B9DBE6B4CC1BE1F5D9FBE73
:106F900058C702BE997F23BEECEC60BEAF9334BEEF
:106FA00089E6C33DA9E3A43D0CD3013E3034AE3E97
:106FB00039F85B3E39E7043F16FBC7BD705D4F3DB6
:106FC000C828BC3C9BC2F13DCA8AF43ECFCFCB3D22
:106FD000047C6B3E2B9F5B3E1352933EF33FB83EC7
:106FE000DD1BB33ED67E633EC8356CBD708ADEBE07
:106FF0000DF0AFBE9045FBBDA14453BED3D984BEB6
:10700000480C0ABEB5A521BE3C2F1ABEB2A9E7BDE9
:1070100009AFC0BC7DC25D3DF6F6233EB6D49B3EB3
:10702000C4072F3D5DA324BECF072EBE3D2E58BD05
:107030005220A83C7C3D65BD6B91923E1F6DB73ED2
:107040004A45963DA8B17B3DB509863EE3D8D23E80
:107050000C56A33EEE4BC63EE4446F3EB2EEDA3C25
:10706000562CBC3C2EBB563AA58798BDDC969DBDE0
:10707000A30A31BE55987DBE51D034BEB8A703BC1B
:1070800002EED23D5DF7063E344EB83EA11D4E3FA6
:1070900097A1B83E97B2A3BED839CFBE947DFC3C31
:1070A00095D18E3DA4B9EF3CD1A4103E2C591D3F83
:1070B0008373DB3ED149043F2FE3EC3DDC5A3A3E7B
:1070C000EFFF1C3FF876393EA419F73EF34CC03E63
:1070D0004C95733E75E1383E85D6173E9509DFBD68
:1070E0005E98E03D0B48E3BCA0F6313EE98BF4BD71
:1070F0003BF1873E9D1FA23EA2AFA43E2F303E3FF4
:10710000E31B0E3FE12D23BE869F6CBE67B22DBDF3
:10711000985AAFBCF40CA8BC3C676DBE3558913D85
:107120003CB72F3EC9614E3E80B8823D219DC53E91
:10713000C4DE9E3E0F64273ED00FCF3E1830993EEE
:10714000E378583CC5A1703D9AB9E7BB581F0B3E88
:107150008488823EBB2A0F3B7332C63DBE8C09BE7B
:1071600077503C3EE9EC953EF61D8E3E20C0223F16
:10717000C337963EA86ADD3DB25A65BE7973A83D15
:10718000280A5D3C0A36DBBCBD0F403E2E4CE6BEF5
:107190009C2BA1BDCFF6273E079D0A3E80DE44BD55
:1071A000E4D41FBD3BA9CA3DE513EF3E58CD893E4F
:1071B00046DDDA3DA642A63ED088EC3DAD03853ED5
:1071C0001C8C853E06B30F3E0262AD3C847F273E99
:1071D00092258E3E0143023F5EE98C3D5484883EF9
:1071E0002970983E4795373E9B84873DC067B13AEA
:1071F000396AA13DC7D9933D0016613B7693273E7E
:107200006C6BE33E9A710A3EC63109BDBC7127BD65
:107210006744C73D6DAE423E3507633EE66F563E5E
:107220008A3FBC3E834F583EAD50BF3E1536D13EDF
:10723000A10E9B3E5D5B323EA9F4553EBE150A3D54
:10724000F9C5B83DB5CCC93EDB185B3E8C8A9E3E85
:107250009A65573D279FE1BC162B89BDEA03A5BD62
:10726000AD5E8A3D488AA13C12F042BD505CE83CCC
:10727000C85BFCBBA0FE63BEBA7D6BBEBC0FA9BDE4
:10728000893758BE522898BE6B0B85BECCC197BCBF
:10729000B335F73B601636BFD1BA80BD6BE449BC4D
:1072A00047408ABE0F5BA1BE8F5024BD426645BEDB
:1072B000C8D684BDFE90623DEB8EDE3D035C6DBEA4
:1072C000503898BBC403E5BCA0F910BBA03ED4BBAA
:1072D000B37032BDE0E3143B39FCAA3D33FA873D7D
:1072E00013E2A73DC44350BD5B2064BDD24E2B3D8D
:1072F000D6A6653DD8DF52BCE05AE9BBDE098FBD9A
:107300002B73E13D21DD453DA5EDB3BD59DFBF3C0C
:10731000405C99BBC225633DECA0263D7A28173D11
:10732000B0AEF9BC0D8693BDD728883D024B1EBD7B
:10733000B9151EBD1D8F893D854C85BD68E3C93CCF
:10734000A4A6C9BC86DBCCBCEEEC3F3D92FFECBCF6
:10735000F3CCA53CC87F043D2761573EDAAFA13E80
:10736000E377933E6DAA543E84979E3ED6DE8E3ED2
:10737000E576993E79E4AF3E9C309B3E33EA7FBE92
:10738000C35586BE276B80BE7D06E43E9954D43E2D
:10739000FAC0E83E9AAEDF3EBD2ED33E75198C3E54
:1073A00012E5483D83BC6DBDC0C4A13C08E26ABD86
:1073B000C82B48BCF8E31EBCD246563DC632DE3C64
:1073C0005570B23DD4C60EBDF989F83DEB83C03E81
:1073D0002366E03ED308B93E5A2AFD3E3C49BD3EF5
:1073E00015FE023F6F2FB33E4D8A003EB845083E62
:1073F0003AB8B13D4EC7843E69B3BF3EA089BA3D9D
:10740000B3F8B13D2A5A833C3479FC3E9CB0A63E89
:1074100046ADA43BB9F9553D873AA03D143A9CBD11
:10742000B78917BDE5692DBD7A5A72BDD9AB9A3EB1
:107430005B40C93CE125803E3615493E5EF6A43EE0
:10744000DCACC93E8410EA3E06CE083F78F2AD3E81
:107450002D21D63E8B88AA3E3FB50D3E0E089B3CA3
:10746000C1CA1EBE332617BE395C143E16D7BCBC3B
:1074700069C91E3D09C8E63E5F010E3F3425273E1F
:1074800005E5EF3CD17BE8BD1A1ACCBDF5EB90BD0C
:10749000A8A1B33CE90A683DF87854BE5F5E083E97
:1074A00071D634BE4386AEBD8AE194BECD844BBC5A
:1074B000F849603EB0BE853EE4F7DF3EA2ACB93E7F
:1074C000B950873E408CA2BD1E528F3E308D1A3E71
:1074D000646669BD397B61BDBAFCF5BD8A0712BE21
:1074E000ABEBE2BDB707ECBD2AD84FBE2E3D38BE90
:1074F0005CA25F3E0CEA083F03C7EC3E8F758E3EF0
:1075000048492A3CE00356BDEBA98BBD2FDF6DBE79
:107510006A76C2BEB1BACFBE62A99BBE6352A7BB98
:10752000FD4045BE0F3A30BE6569643E6EA0683EC0
:1075300084ED843E85A6163EC878613E1F71863D67
:10754000292E09BD017169BED4D4A3BED5A5A1BEA3
:10755000DE1162BE1E2E92BE80E786BE213573BE4E
:10756000EAB6403CB5D8A03E0880CF3E0793C43E63
:10757000A24F21BDB708213E600C8FBD56EFDDBE86
:107580009D3A26BEF325B1BE0C239CBEFF728CBC77
:107590003C63243E4BE42A3E576F2B3E509A873E75
:1075A00002AE113E4C04D83D9EDFAB3EA7BFA53EC8
:1075B000D2F961BCA20E58BE5269E0BE1BBDE6BE48
:1075C000F2EB92BEC2BD89BE392D9BBE5D84A2BCCA
:1075D00003189C3E727C1E3FA4BE263F0AC6C33DD4
:1075E000F8C56DBDC704AFBC7731F8BD3AEFB1BE89
:1075F0001340A0BE68729BBE19D398BE452100BE41
:1076000029C6A83E2D8A333E27F6573B4CD4AB3DC6
:10761000860F1B3E04733B3EAEDEC63E38C3843E3F
:10762000BAEA8EBDF210B5BEBD77BABE252E00BF38
:107630002EA782BE0130DABD054D00BD238DADBD44
:10764000895D253E2B40F03E31E60C3FEF1CB13DFD
:107650007281833DF4A6C8BEC4FD51BE1ADCBBBE18
:10766000991AE1BECC04B1BE0F0586BE955984BB04
:107670005BB50F3EB804813D7D4FD2BD494AC53D43
:107680000780963E963AAD3E616DC73E67819C3D50
:107690000AA7F1BD681F9ABE8162E3BEC2EE9DBE1D
:1076A0006AC131BE826A95BDEE5E13BE3459D4BD47
:1076B00060081E3E1CA5223F896D203FB7C78B3E48
:1076C0005ED8E73B8231C3BEAC2046BE57B4E9BEAC
:1076D00070035ABE3E9A90BEA06BA3BDDC7B223ED7
:1076E0005D2F3F3D49F744BD8E9B1BBD8AFF623E27
:1076F000D2C2653E9C5BFD3E8AC22A3F625A7B3EF7
:10770000C278EBBEA07F03BF4541FEBEFF3C09BF70
:10771000AE95AFBE0C5C83BE89CA59BE78D303BE9A
:10772000AFE35E3EEB80123F914E763F4FA03D3E71
:107730000FDF37BD0F7F57BE12FA16BFC8A498BE21
:107740005C4D81BDF0F3FEBD80BFCC3D5B0D95BCB3
:10775000653C06BEA8F144BE8F29CEBD14B589BCD8
:107760003597A33EF8C2313F02C1603FF00B543E53
:10777000DF301EBFED5E3BBF2D0478BEF96B65BEEA
:10778000D2343DBE5A8245BEDF779FBE25BE8D3DB9
:107790000772133F42908C3E5104203F55FB503DF1
:1077A000C16EDBBDE57254BEADE1A4BEB68943BF78
:1077B0000FDBEBBD1DA4F4BDD25923BE9CE949BE2D
:1077C000003B30BD04A916BD19A1D7BDD71C35BCDF
:1077D0009613E93E73F7503FFDDB823FAB1D6F3BD5
:1077E000893402BFFF75D0BE024564BDBC3770BD91
:1077F0006C1369BE4B59BFBDFDE9F6BD14DEB23D49
:107800005ED40A3FF86BD03EB341323FDB1BD33D21
:10781000632245BB4F9143BEB05196BE397511BF2F
:107820009BE6E2BE8B70363D5BB6993D8E5C793D42
:107830002C7943BD6355193E7F61523DB71A4F3DC8
:107840003195823EC560423F43714B3F600CC6BCE0
:107850008A16C4BEAFC17CBEDE0CF7BD1AD77C3B16
:10786000385A08BD1270EE3CD20B0FBEDD4B24BD62
:10787000EE13A5BCA3372F3A8E8CB03E5E3E82BE7F
:107880000F96B4BB7F77D6BD460706BF34C735BF5A
:1078900098A042BF174F62BE30D373BECDA1783ED1
:1078A0008B2A713E35C39D3E0062163D0545FC3D69
:1078B0005133133F2B052E3F8CC8EB3E8F7D983CF8
:1078C0009CD27CBE3D9E87BDFBA5C03DC889133EB2
:1078D00081B3113D93A70DBEF3E172BD83CE00BE0F
:1078E000AA0362BEE0ECD8BE505235BEDDE769BEE9
:1078F000AD2A653E25A9033E1F8C6ABE14C926BF6A
:10790000DF4539BFE43602BF8CC4B1BEE7FEEABD35
:10791000BD579E3D29E8673E940FAC3ECAA24F3E3C
:107920006C30A73E18BDE73E6B365B3EB2B510BE6D
:107930009A94F6BC62FD15BC664E22BE483744BE22
:10794000CEE8BEBEA6A3DDBDF6238EBE4D198DBE0C
:10795000CC0F0CBED88153BE6DCF22BF3DDF91BE90
:1079600095FD453E0CF9533EFC23193EC1AC17BFB3
:10797000092DBEBE9F49FABEC96481BEE60145BE5F
:10798000F9686DBE4808613DD6C93D3ED6B3C43ED8
:10799000685BD23EB117EF3E92088E3E66EA47BE64
:1079A000CB4E89BC27C88ABE131465BEC0EFD6BEB5
:1079B000B1E5D4BE32F4AFBEDED6BFBE1C6413BE8A
:1079C000DE07BDBDC39E37BC027423BFB8CC57BE13
:1079D00047332DBE3C157F3E9F33D53DC05E1EBE56
:1079E0000791D9BEA08E86BEC26F8EBEB9A9F1BE68
:1079F000C3E0B7BEF8CB43BE19E1133E02ABDE3E97
:107A00009C43F43E4F9DB93E57FCEA3DBB5991BEA5
:107A10002D376DBE346281BE039FC1BE8590D7BE37
:107A20004076FEBECEB346BE09B14ABC0460A23E5B
:107A30002A04093D59DF14BE797D67BF5F5499BEA2
:107A400004B0B53C1631E33C1949B7BBC3B4033F9E
:107A50008CD377BD1E7216BC4328F3BDCF5F6ABEC0
:107A600094E9D5BE42DAD3BED65B99BEEFED323E85
:107A700066D4EC3E61CFA43EDEFF873D03E8B1BE95
:107A80000C5D9BBE0D66BCBD415CA4BE14C0A1BD17
:107A9000FA32B43C45FA243E49B6AA3C90F6183E68
:107AA000097A75BB8D8111BFF3F016BF0410F2BEC9
:107AB0004C251CBD526614BEFEB3D3BD18DC933EEC
:107AC000BEE5833EAB882D3C6943393E7DED3ABD32
:107AD000F995C1BE886AE5BEE21B99BEAA67133E4E
:107AE000B3D63F3E5AF0673E1C4F133EF27CA4BD16
:107AF000EDF764BEC69474BEC96E74BEAC6BAEBD09
:107B0000BF16023EBFDBB03DD405E7BC4E69333E35
:107B1000E83F833D2F06C0BE376E29BFC72B81BE0D
:107B2000FBC2893D09C46DBE84E40D3EA2A44A3E59
:107B30005E030F3DE2AAE83D54E2273DD50F08BEA3
:107B40000FD303BE550C51BE49C43FBE60BF0EBC2F
:107B500005F5123ED369433EA6FC1A3EA3F2023E4F
:107B6000146283BD250920BEC88C343EDFD5B23DEA
:107B700057AD9D3E08F3923C8906E6BCAD678E3E4C
:107B8000C7C19B3D73680DBE25B2AEBE1624B9BDFC
:107B900032D5083D4C8644BE198FA83EED25EF3DF9
:107BA000BCC5B93D8AF9883D1C494FBD04DEC3BD43
:107BB000F7A7E63CA3CFC33D8A8157BE6D2BF0BD2E
:107BC000E50D1F3D2F09273E8ADECE3DA860743E9D
:107BD00042D7C73DEA62DD3D9220553E41F6673E01
:107BE0004DDD5A3EC45EFEBD5021083EC3F98C3EB9
:107BF0009BE6E0BD9377083E975E9FBE4C1EE8BCB7
:107C0000FBA347BDED415DBDEF98033E23E46CBD92
:107C1000532EF03E1AD9973C708EE8BD4557DCBC18
:107C2000BD71E03A7E25443C980120BE3B34E0BD66
:107C30000EF19A3D57F73BBC28E6603D0122A93E74
:107C400029A339BD4B836B3D90498C3D4A6FF9BCEC
:107C500062F9733D2B69CF3BA6AC733CD45D52BD3A
:107C600053F3BEBEF3AE3E3EE06354BA080971BBA7
:107C700006E5863B997A34BD1FFE013E32EF8E3E0B
:107C8000CD9D913E906E8DBEBA930DBE4E0F053DBB
:107C90003DC17A3C622D36BE3D2540BE3A1CD5BD65
:107CA000D9AC4A3D9FF76C3DAD6B313ECA385D3E65
:107CB000574C3D3E0ECDD6BD650A0EBD9539B93A3D
:107CC0000855263D438FB63D2AC691BD7AD4223E43
:107CD000730651BEED3B59BCC39D4D3E2D017FBD8A
:107CE0004E0A113D18D139BC5E9CA73EF5A0323F2B
:107CF0008585EF3E036B003EBCA566BD7DE892BD69
:107D000021A8D73D9295B0BDBE86AC3C17D801BE28
:107D1000129C88BDC3A4C6BDA7DC373E5D2CE93DDF
:107D2000F9470F3EF3F1453DC9E7F13D1D092C3EF2
:107D300062CC2D3E6C95473DE3B7053CB130813EAA
:107D4000C456CC3DDB3301BEC4387D3ECC0B38BDC0
:107D5000809CE6BABEBD723DFA76993D27DB163FA0
:107D6000F4EAA93EAA1653BE4D84FA3DB076563EBB
:107D70003BC2FD3D3DDD103D5309493E1219F43D26
:107D8000784285BDA783593D6F599A3E2D2C513EAF
:107D90007732AA3E2CBBA73D661A343E1AC8A13ED4
:107DA00055A9B53E826A2B3D23B3353C6450653EF0
:107DB000EF331F3DC859A0BE172DF1BD005458B96F
:107DC000E784983DD5799BBD0AD0053E9B4C0ABE01
:107DD0004A49623B78F009BDBA135F3E79623F3E83
:107DE000C4CE713E3ADEA93E80960C3FDB24CB3EEA
:107DF0001F65A3BC8C4AD63D9541C83DB786623EFF
:107E00005FE5473E6DF6903EF202A93EB115833E16
:107E1000E8F7D9B9562804BE79CC5A3EE324D43EBB
:107E20008F7F103F2AC112BE82C930BE76594B3DAA
:107E3000096E10BDC7CB9C3DC0F9C43C9F203B3EA2
:107E4000301DC93EB549A6BDDEFAA2BEDAE059BE74
:107E50005D9EB3BE8C4EFEBD7E308F3EC185C53E5D
:107E6000A3C2833EB4586CBD12FB0FBDD5ADE0BDBF
:107E7000F73F1ABD97FC593C180D89BD83D73DBE0D
:107E80007D5835BD379A54BEC1C6D9BEF09554BD94
:107E900076636B3BA3C0933CE32258BD4EDF453D68
:107EA0000CC4173D3736AB3DCD1126BD509CAC3CC4
:107EB000BEEDE2BDEE0E04BEB9AAF6BDEC3D82BE3B
:107EC00016D37EBE80BE73BE27EF8DBE4E05093E23
:107ED0002DEAA4BBAC6E64BF97BE84BE5DB102BE8A
:107EE00054A32FBEB73DBBBD0F3FB03D001B16BF17
:107EF000E9C50ABFC2BD9CBE88ADBFBE545BC8BD4C
:107F000002E53E3DE8DB5EBCC401A7BCFBFB953D42
:107F10000294153D21808B3D1ADB2BBDD1C541BD9F
:107F200047898E3D1440B23C81099E3DB82D3C3CB2
:107F3000E6A2703D6C0972BD9D35993D40F0463C0E
:107F40008B3C023DABFBA53DF3703D3D05DE81BDA5
:107F50000033E03923D12FBDC597A43D00895BBD17
:107F60003A6C33BDF35FA43DBA3394BD0851143C61
:107F7000084F4D3CA42399BDB8B274BD1F8750BDB6
:107F8000C1613DBD102E0F3C463366BDA017F73BC7
:107F90001BFC6DBDCB5DF13B7FAB883D3987943DCC
:107FA00015BE433EA471223E7341A73EB19BEE3EF7
:107FB0004397FC3E1272943EED12993D4D60883E0F
:107FC0003D567C3E130D953EBBFBFC3D9444013D6C
:107FD000B0FC213E511E653D6C5314BD12B6523C9F
:107FE000D85D323C457D11BD9FB8843DF0A54C3C29
:107FF000B4B2C1BC3099F43BE077ABBD6D59FE3DE6
:108000006DB2F3BB34A4A4BC1901C23E4AB6293FE9
:10801000EB6C1E3F1D91563B115C4DBDD935D7BA57
:10802000A7299C3EB10BAC3E0A50DE3EE23DBB3E72
:10803000A847A13E2DC9683E5CFE123ED551CF3DFA
:1080400004CBAC3DA73FB13D64F5E33C0456443D51
:10805000743838BD637112BE98C585BDDEEE3A3DF9
:108060003F8C95BD306344BC8DB96EBD1846613EF2
:10807000A88B6C3ECA27B63D7876FF3D63E408BD09
:108080001FFC43BEA91D8D3ED05FB73E2F9BEC3E2B
:10809000D48C903E03D4F33E4E471F3FD792593FB6
:1080A000FE3F2D3F461FE43ED45704BDFCD14B3E5E
:1080B0004376943ECE95BB3EA342A23EEDC0A33D87
:1080C0006E66383D11F25CBC1BD098BB760B373D19
:1080D000AE931D3D24308EBDFAE84A3C496CB0BEDB
:1080E000270F51BD610814BE01FA35BE391140BCDD
:1080F000420C34BE07148C3E8402683E922A5E3DD8
:10810000C6BAA7BD1DE77B3EA977043F5BCE323FD1
:1081100075F83F3F2C76743FC6F9573FA687593F05
:10812000A0E3423F7361F13D9738213E2BFBB13E06
:10813000221B5F3E6DAB643DFA5D413E6667B33D19
:10814000911574BD1F11AA3D5EF83FBB5BEAE9BE05
:108150009ADFFFBD1DEBCFBEAF4B41BE7FC8A3BEB4
:108160005ABEBBBECB3366BEDD649A3DA87C21BE41
:1081700071F28CBBB9CAAE3D75D8E33EDE5BD03E32
:10818000CF2D3C3F10F8853F2F00523F5BE9793FF0
:108190001778893F1A41133FFE4F213F5333173F52
:1081A000FD831A3FE446BC3EE400EC3D86F9B93D50
:1081B000DFAC8A3D2E2685BD22D19C3D696B6ABE0F
:1081C000F19FDA3D465EF53DF94F8FBEB07DC6BDED
:1081D0004BE6933DF3AAA4BDA8B407BEFCDE95BE52
:1081E00084AE08BE8C6F57BE09B940BE709D44BDB9
:1081F0007BCB143C43D24EBC00FFAB3D0009EE3EAE
:10820000B71E863E82FA843D18AC323FBF83873F5B
:10821000CD997C3F1039013F61ACCC3E99BEFE3D0B
:1082200099D0503D0185BEBE62A732BDDDDBCE3D9B
:1082300059061E3EF3D67C3E326D54BEE547ADBDB9
:108240006E6DBE3DE31B953DF5BFC1BD9A7A12BE72
:108250002432B7BE32EBC3BED2FE98BEAB9A46BE46
:10826000328A3FBE180361BE594BE6BC3E3B343EEA
:10827000108FC63DCB75FB3D6799B13E05F6C73EF5
:108280001A9B1A3F2BC9D63EE7B3433F0754523ED1
:10829000A8F016BD8264B2BEC64DDB3DFDADC33D48
:1082A0001C6440BDF75392BC6344C6BD5A8B06BDE7
:1082B0001AD6AA3D1F78B63CF62FD3BD6A6829BEF0
:1082C0000D7236BE19A19BBD84A46DBECF4322BEE4
:1082D0005A4746BEFDA65EBEDF554BBE1F7EB63C6E
:1082E0002ACD2D3E68ECC63C33FE0FBC1F1B623E00
:1082F0008CBBC03E9DA0EF3E20263B3F303EB83DAC
:10830000123476BD31E4C1BE99E91E3E1FE478BE49
:10831000D6A323BE2265CABD9E6ABABDC0A0823D57
:1083200025542EBD317592BDDEEC4EBE783BA1BD0D
:10833000801EC33A187D88BD95A7FCBE4B5A5DBE12
:1083400044CB83BDBD05D7BD3901AFBC7CCF203D3B
:10835000F978CD3D4E7AF43D31E71EBEAC775C3CFA
:10836000DBBAE3BC0AADF9BCCFA893BD15B2B8BE69
:108370007E95A4BD576D85BE5C8FC7BDC2F9D2BEC8
:108380007169C63D90498ABD103435BEC08B2DBD84
:10839000E96DE8BCCCD6893DB6859BBD3F7C51BE1E
:1083A000A7952FBDC0D825BFF86CF3BE131D25BE01
:1083B000C97F35BE93A4103E27E2773D3F3FCDBC39
:1083C0001CFA9FBDDDD6ABBCFE8438BE35AC56BEB4
:1083D000A563AF3C9BCD8ABE982279BDECE6C1BEB9
:1083E000AEFA8BBD4F0500BEB021EABE1B236ABEAC
:1083F000A41D00BD55F946BDC98E943DAE1771BD93
:10840000CC1F4CBDFF50E73C3183D0BD190F72BE6D
:108410003B8279BECED605BFA5BB0FBF41F381BE5F
:1084200038EAECBC31DBC1BD9E4756BE0EFE8CBDAA
:108430008775CFBECEDDB9BE73F5DCBE9D3827BED5
:108440003535803E849601BE5F6EAD3D13FDCFBED7
:108450008CF0093D343C01BE7F81DEBEB79956BE2B
:10846000A7A023BEC5A3C4BC47EA023E6C7F9BBD48
:108470000D5E82BD5C50993DF6054F3EA6190C3D40
:10848000D15E733E2CD6A43DFE27D4BE886B70BE51
:108490004B54B4BDB66932BE4A8F54BEE84C99BD48
:1084A0003E404ABEB4989BBD7ED310BEE201D23D91
:1084B000A223203F082F96BE2760C8BEEC82E4BEF0
:1084C0002C5308BD34B6993D2F2FC5BED1686BBE65
:1084D00049DF96BE65C71F3DDE30CBBD4E356D3DD5
:1084E00024695B3E76A73E3E61F98DBB2E38843E03
:1084F000F310EC3E45E74C3D9639E2BE9B7D4CBD0A
:108500005E95F33D04B5E73853D2163E98EDCA3D6B
:10851000CFC0FFBD621D8EBDEBAB603E398ABB3E56
:1085200084D7D43BFD2192BEAEDF33BECDBEDBBDD2
:10853000C0CC893E0A3F1DBEAE9EB9BEDC1C95BEB6
:10854000733317BEB656733E9431B53DD4A7813E02
:10855000F5CF833E0FECDC3DBDFE903D914C333EAC
:108560005040473EA3C1E8BC398B33BEB9E1E7BDFB
:1085700044E4A23C94B2BD3D9DAED0BA2C0043BBB6
:10858000F73C94BD92EA813BA0F8A03DD1149FBD79
:108590007013F83DE0F694BE8B8E29BF666080BEF6
:1085A000F4F22A3E5257CABD622D653B897C723D6A
:1085B0009EDAE93D7135013EE59BC73D6391853EFD
:1085C000CE7D233EEB40B53CDC51C3BDB80AD9BCDF
:1085D0000648EB3D14E20BBEF873FEBC80E289BB9B
:1085E0007D77253E5703D6BDF19C8ABD257E04BE0E
:1085F0001F3C2ABD8F6F38BEBF31EEBD4C00013C21
:10860000930FD5BD03FDDABC6FF639BBBA3191BE0D
:1086100067EF53BE8B81B3BDA3C4F5BE8779CF3D51
:1086200055D73BBE9775B0BB2989EA3BE45C1DBDBD
:10863000C63881BDCC6B2E3D068BD83D7BF37EBC0E
:108640007191ED3D97A943BCF4EDE4BCE23EDC3D05
:10865000E4C884BB3584943D490DEDBD736F27BEDE
:1086600017029C3BF28951BE8BDD9ABE2DD6E13DAF
:10867000A4EEB03E4CC99C3E63D387BE4156C5BEF6
:1086800040037ABD4286DFBD679D79BE5854B13D37
:10869000FC8E54BE930E253C98AD343DE73D29BD7C
:1086A0008D8913BEA4FB243DA9568D3E5F1DAC3DB4
:1086B000DA074FBD8A9236BCB81BC23D6BA7AABD74
:1086C0005427303DD6CD4BBE251127BE39E190BD94
:1086D0004A4061BE77CD7BBEE674B6BEB5CB13BE55
:1086E0000163703EC5C2F6BDCE60DBBE81FDD1BE6A
:1086F00018E9ADBEB150D4BD1AC0DABE198D83BE23
:10870000577660BE5BBD593B2BAE873E44B48B3E73
:10871000AA64403E5B689E3E5CC4543EEE19A03E97
:1087200003B69B3E8784353E2C871A3E4EF0F53BC0
:1087300009EFB23D4AAD16BE101CA2BD7ED0B6BD3B
:10874000AA0472BE1F9CE8BEE4889FBE17D7C23C35
:108750004788903ED00D64BE54E618BFFDF2F1BECE
:108760006D4D353DA2788B3E5502B5BEF00B203ED7
:10877000E488CBBDE2B2FA3D579BFF3EE1A0173F34
:10878000157AC23ECDD7A33E4482EC3E6029383FE5
:1087900083B6043F17B9A23ECD4D563E2983453ED0
:1087A000C3340C3EECCBB63D09FE093E7D8A82BE49
:1087B00085E901BEBCDE5DBE28695DBE2FF825BE21
:1087C000E316123DCEF41ABE36ABB0BEC2C096BEA2
:1087D00042D2F0BCD4936F3E939255BD5B96F83D68
:1087E000E54BF93D1DC0A53E00A3333FC9E9173F46
:1087F000AAB6903EB6629B3EA8970B3F82434B3F82
:10880000FE0A0A3F20248D3EED669C3E96D1933EA3
:10881000A962793E921B6A3E2F56C33EC8BFE13B18
:1088200029F77A3D4DE2B43D54E7103E96CF07BE9E
:10883000E7362ABEC850623DF01C56BE1FCD403CF4
:10884000AB91F8BCA401EEBD0050DCBD4B69473EC6
:10885000E342E33C9A8C7E3E0CC9DA3E5A630D3FFC
:108860005F46363E297A0B3EE964843E6D1ECF3E5C
:108870003663A03D3EEC973EE04C4D3EA4DD973E76
:10888000BB76143E59F8B83E6A64863ED5D45F3D47
:10889000B4F3E53D3E198D3E44F49C3E7E93983EF4
:1088A0008CE136B7D8D1FC3D0A0A7C3EB41647BDF0
:1088B00098AC2EBD6162303C178FE8BD9944F73DFE
:1088C000A20B7EBE1E8B0A3C00E68B3DB351BE3D23
:1088D0006FEF5E3DD1D51E3D4D5A7CBD5674523E64
:1088E0007590E0BD45F8F53D6AF4043EC5E9B73D35
:1088F000B2E7003E4335363E0D918C3E3585853ED0
:10890000543E1D3E5A40113F782BED3E5D0F833E95
:10891000D91BDEBDD791573EFA09D23E5884DBBC45
:10892000865F7E3DED3BA5BD5E0F3B3E00B6343D10
:10893000E37F88BE2FC045BE05B35ABEEDD528BE25
:108940009BD93B3E4BF0053E0B3EAE3BABE1E9B95C
:1089500006712BBC448BD7BD9B9A0D3ED65A133E55
:10896000DC0F5F3E08A8853E8A88763E501DF33EA8
:1089700077B1143FFFF9FD3EA4DCAC3ED4C34D3EBD
:10898000BB9346BE81C9813E8AA2D43E18126FBCF9
:10899000D1EC43BD28F647BDA4B42CBE3B9F97BE87
:1089A000A7C833BF64683DBF31E446BFEE01A8BE2F
:1089B000423420BDBD2FBD3DC59CC83C9B6CD33C03
:1089C00078E6F73DCDD3CC3D0CC76B3E4CDE8B3DFE
:1089D0006C2D913E9A221A3EEE6AC73E96A9A63E9B
:1089E0000318653E5C5D443E98DEBB3D7E24BABD07
:1089F000578C31BE1456C13EA480A73C807EAABBD2
:108A0000C8C00EBC76E4B5BCED5BBFBD330A0DBE7D
:108A10002F300EBFDEFE79BF836D1FBF44C532BF4E
:108A2000768D22BF35DFA2BED7C896BEAF1404BF75
:108A3000D9618FBE963049BC6EC4CBBCF4C4233E12
:108A400016B82FBB5A1ABF3DBA12613ED2D533BEFB
:108A5000096335BE3225B6BE614181BE0516ADBE85
:108A600082B5A4BEAD2352BC1D5E543EE21561BD6D
:108A70002A615ABD05E792BD43DFAB3DA95D433B8B
:108A8000A242B03D85B21EBFA35340BFE68035BFB2
:108A9000E0250EBFA38157BFC93234BFC6BA073D18
:108AA000CC6B8E3D5ED357BE4A57D3BE11336ABEE0
:108AB000E7DC76BEA2869ABEE9567DBEB53A22BFF5
:108AC00029303FBF1D8D00BF947AE6BEB9E5C4BD15
:108AD0003DCC53BE96566C3DEDF48E3D04B66DBD57
:108AE00019429F3DB03D54BCF040183DFC1E993CDE
:108AF000C9EE563D15CEC9BDF58000BED4B54ABEFF
:108B0000EC2299BEC711C0BEA3ECD1BEAB29DBBE1F
:108B1000CDFBEEBEE807B6BE5987D3BE338ECBBDC4
:108B20008FEB81BEAFCC8BBE7759D1BDCD6265BE18
:108B3000BD6C85BE9D47B4BE0F04F5BEC06FC3BEFD
:108B4000103FE1BBE66A63BDD088FA3B495377BD6D
:108B5000ACE2043D604742BDD018AC3B278E963D49
:108B60009281303D9CBE8DBD52FF663D5084FFBB5F
:108B70008068A0BB1EFCB2BCDEA82C3D1837573C59
:108B800023A41BBEE1C681BC0A03823DB787F5BCA6
:108B9000ABC38C3D730EAABD900F1B3DE80B963CFA
:108BA00048B31EBCFCF920BD9A609CBD0064353AF8
:108BB000F32B983D3831ABBD34C79CBDE0799DBDEA
:108BC000F0BB73BC00E9D9BAC0BB423C9098A2BBD1
:108BD00034C491BDB9DFBFBD6E9482BEA3983EBEC2
:108BE000AA4521BE03BB7ABED03023BE2244DA3C64
:108BF00058A72BBE691FD3BD4997553E35646ABB44
:108C000094428FBEC8DDE6BE9BC3EEBE838AE2BE41
:108C1000E6D105BFE45A96BE71A35DBE38977DBE0E
:108C2000C8277B3C524A1C3D50D5EC3B8CD7AF3C0F
:108C30000039E839007B083B70DE1D3B21E6AA3E87
:108C40003E3C423D1ECF1FBEA37CD4BD9D5681BE7F
:108C50008BDE67BE1EABAABD81D5B3BEFC5382BE00
:108C6000D5C33FBEDFCC57BEB6D83FBE255AE53C84
:108C700049B39FBD8B229EBD8357FBBD423FF7BECC
:108C8000CF200ABF814E16BF0DDEA3BEAB9124BE1E
:108C9000A5FD143EDF6A593E47F188BD4822DCBC81
:108CA00067F51ABD60B2AE3BBC6296BDE0D0183E1F
:108CB0005EC05FBED047A4BEC03ABABE65FF23BE49
:108CC000CF07BABE6C6EBEBE633684BD1F2D14BE08
:108CD000F3F00BBED4C03BBEACCF983EBB868F3EFC
:108CE0007B72873EB1C82F3C1FD94ABE010292BE9B
:108CF0000A6389BE0B461DBED53332BD36AE643E17
:108D0000D969A83ED4D4803E43A99DBBF2189DBD2D
:108D1000FCD1943C46D2563DF06F3ABE2AACBFBE61
:108D200060F28FBE69C3EEBDFD2EF3BD3E981B3DC4
:108D3000C12727BE28A7FB3D81CD3C3E6E7AF33D7F
:108D4000BA27873CE9A9613E3F61953EEB92EB3E35
:108D5000B6EDFC3EF70CE93ECE97EA3E262EB83E35
:108D60002E9B283E9F07D03E5E27353F3A90543FCA
:108D7000ADDA493FA88D133ECAF3ECBECCFFB5BEB9
:108D8000AF8E0BBD344F1C3DE7785DBE405B753E3A
:108D9000A1EEBBBE7663B03D007E0F3EA1996B3B5A
:108DA000BE775CBD169F1DBD7302A3380A031BBEB0
:108DB000558A5DBEF77794BD37D58CBCB8FB31BD05
:108DC000C9F0D73C247F973E083DDA3E1835C53EB2
:108DD0000E42023F9D0E473F82F48E3F82559C3FDC
:108DE000EFC2283F615515BEB691E3BE21B287BEE2
:108DF0004C23AFBCCB25A93DCA0080BE22085D3EF6
:108E000034A33CBE7D7EC73E988E5D3EDD0ABE3BF0
:108E1000737B44BD01A81CBE72D0A2BD80CE6ABEC9
:108E2000FF4E68BED8B188BED3559CBE1D2EC7BEAE
:108E3000943F4EBE818D273D1496923EFA24963E75
:108E400038CCE23E7435E63E4CBDA83E3124FF3EB0
:108E500058B0983E56E407BB768D1B3D9C3633BE1A
:108E6000DC3F3EBDD52FFDBC2264B9BEA4728C3E52
:108E7000C217923B6AB79B3E91978D3D2238543D75
:108E80001E44AEBD4C7B7DBD69D479BEFC615B3DAB
:108E900042B598BD25BCADBE092F49BEB7C443BE7F
:108EA000215CD03D59E4493E581A9E3EDEC4013F44
:108EB000B2D9F73E185C11BB25FCC2BDA6AB84BD80
:108EC00081C5083EB1C8A03D02A1BCBD83F5083DE7
:108ED000DBAD72BCCD289ABEAAC8C93D74342A3E07
:108EE0009C7509BEED6FF8BD8625A73DCDD623BD87
:108EF000555E39BE70CD78BD971617BEA1960BBED4
:108F0000523F67BE3B9E71BE20913EBE74CE42BDB5
:108F1000C12F753EB2F9993E990DCE3E2EB67F3ED9
:108F2000DFE09A3EE5115CBECB0EACBE3FFB77BEE8
:108F3000A12BC73D57C6C13D6511913D2579253E01
:108F400081BBA9BCCC73AFBEA992283E52D762BEEA
:108F5000827AD7BE772F41BE594137BEDBA40DBE02
:108F600059783EBDCC800ABE010F21BED8E41ABE9E
:108F7000F70B24BE55F143BD413506BF989D8D3D8D
:108F800059FEB43ED5F28A3E8243643ED9DF9BBC93
:108F900099E4E4BDC5299FBE0B6FE6BEEB8CE5BE30
:108FA0003A71EBBD548BD0BBC37A573E00950EBED1
:108FB0003D771EBCF50873BEB731A23BA89253BEE5
:108FC0004AB209BE453926BE21125BBE71FCFBBD0B
:108FD0009C17103DF77DBDBD599845BED671CABDE1
:108FE0004CC51D3E7D9462BE126CD1BEE77C893DAE
:108FF000840E163E2CC2673E3EAE293D910EB7BD93
:109000007E42C8BE6B2CA1BE49A4B8BED78658BE4E
:10901000C98065BD3DE4E33E3BCEF13E49AF89BC2E
:10902000A24A8BBDB36978BE07A1BDBE702F16BE24
:1090300033DE3ABEE84367BE7C91493CDF8FFCBD1E
:1090400088ACAD3D3CCF5DBE0ECE00BE2A5EF5BD08
:109050004DF4B03B919B90BE705650BE3EB23B3E2D
:109060003750223EC6664EBE6F918EBEC8F182BE9C
:1090700061BE09BF3025A3BEEC3FC0BE622F10BE4B
:109080008EC62D3D272E0F3ED53E743EEF9FA0BECF
:10909000BF0B1F3D02FF87BE83D4C6BE934D233B4B
:1090A000E5B342BE8E2533BEB87EA83DB9CA3A3B71
:1090B00079985FBD9DD5B9BDAD55273EA603103E3D
:1090C0005F274E3EB43C56BDC26682BE462B3EBDB7
:1090D0008F1E8C3CBDAAB3BE69299CBEB84F92BE00
:1090E000F426F0BE234DBCBE7224AFBEA86B04BFF5
:1090F000389034BE6B76EDBEC744ADBE7244B2BE8E
:1091000054809DBB64C08DBD8A1FDCBE83A1A9B8FD
:10911000991AC8BD9DA24ABE418681BD1A1CAABD2E
:10912000D3C0753D338B203E4CEC1A3E44C03C3ED0
:10913000E5608E3E3B349CBDA66C51BEA63303BD9C
:109140006CA9BBBC6142C6BDB9D01ABE209CEABDA9
:10915000E46C3EBEB2EC6EBDDC653EBCF6315FBE7B
:1091600079B039BEAFF19EBD6CD5DDBD7C802C3EA3
:1091700035D4833EAF1018BEA272E5BE377981BEEA
:10918000CC38B739DD53F73D04D11FBDCB354A3E4E
:1091900060ED323E561CA33E70AE513E322D813EF4
:1091A0008D0D2F3E197C08BE80AB363CCB892EBD81
:1091B0001332F5BDE8D7ECBD73743EBE18425D3C7A
:1091C0005D4EA2BD01EB883DA2BCA13D44CC05BED5
:1091D0008072963E9C0C823EB95B7B3E1009D83D66
:1091E0008389BE3D5CA556BE85C09A3E7041FB3D5D
:1091F00032CA7C3EE4A0163E9201D6BD8D41003EAF
:10920000AF58993DAB933B3E7750683E7A7DE4BCC6
:109210004055E5BD123842BDE2ED9EBC08331C3E10
:109220001227DD3D5FCF9BBDBC9FA1BE5675C6BD5D
:10923000316E9BBDA4EA583DB1D262BD29B5783DDF
:109240001310B83EE368213E1320323FA096213E22
:109250009B649ABD0A2A77BE3659F3BE02BC6E3EA5
:10926000CF1F82BD089C863D79116DBD45230F3D02
:109270003DFA273E4C0CEC3DB13BD9BBA22281BE4E
:10928000703F30BE36578EBED27D8B3D0D0B1C3EDF
:10929000753BBD3DFC5CD3BDA3DED3BC4860DB3D6C
:1092A0006A5AAC3D0B597C3E0993203E55206B3DDC
:1092B0002418CC3D37FC3A3EA46EC63EC56080BD46
:1092C000344A47BD8E444BBE78650E3B6E58933D85
:1092D00061181DBEC6AACBBC8169433E8050843E46
:1092E000EDFF633E5A1C963EA1AEC2BD5AAF85BE8D
:1092F0007A18E0BEFABDC5BE303B68BD16D4E93D64
:109300004D67693D796F88BD0EB40B3DAE14A8BDA5
:10931000ADF8F93D8C87583EFC2C053E24CF78BC37
:10932000EF7664BE61177EBD57DFF7BD7D9E86BEBA
:1093300018262BBE3FE1CDBB91770CBE595C86BD94
:109340009D8B05BE330BFE3D4CC5793EF78DD33E5C
:1093500029DAD33EA20CCB3EC117833D20CB7EBE83
:109360005045B0BE2AF291BD45CC083ED8E2983CAB
:109370001D97793DFF843ABD4C5745BD6BEB00BE50
:10938000F00A3EBAFADC2A3DF233353D261991BD8A
:10939000C392843E0F0B873DDE253ABD27E8A63EEB
:1093A000F166383D0D7E0F3E0EFF68BD60010C3E3C
:1093B000005481BD68BEE73DB9139A3D5C729B3E87
:1093C0000C35B13E4352893EA39F00BEFD0F80BEC7
:1093D00094ACC7BEA69274BD814930BDE0A15D3E8C
:1093E000AF2F423EA901BEBDA9D24F3C73416FBE13
:1093F000E002E6BDFD692D3D344D7CBD21AA4EBE87
:10940000627C9CBD57F2E43E3ADEEB3E159EE53DA4
:109410009CEAB0BCB4568D3ED6C9B23E1178953E9A
:10942000B0A8BB3ECBB97E3E50E4523EFBB9A33E52
:10943000D16C013FA1834B3EE0E109BE359F7DBE6B
:1094400004C342BE8133C6BE6EE086BEEDEAC2BC36
:109450005771393E5A164F3E8B26403E14720EBE4F
:109460008E17693DFF2C113EF566113E9DC97DBDED
:10947000235B103CA16CC63D7B95953E6A76BB3C58
:10948000AC061D3E78D1E83DBB71EE3D07AFDA3E3C
:1094900099108D3E437AAE3E51767E3E46C19D3E4A
:1094A000A301B53EB209813E3D39DBBCB01203BE1B
:1094B000D3909DBEC988E0BE4BB590BEC98100BCAB
:1094C0007261EC3D26FB303ECCFD1D3E546BD73D1A
:1094D0004CB9953E82C7F63E3904823E4C8D923E91
:1094E000297A253E84972D3E7F1ACA3EEA7906BA2C
:1094F00004A20BBC4171983D658CB23C3B8EDDBB38
:109500001C48B13D2ED38F3DAFAC6F3E0911463E96
:10951000AC38B33EE4AAC03EE504D53D8274273C96
:1095200024BA84BE3C7A2ABE95B65CBDCBD8993DA0
:10953000A659FC3DB1E8E73E159E073F7A3E093F3C
:10954000B7960A3F01512B3F7248F73E9B821D3E62
:10955000234C0A3D3BA4B63DF22E113FA72C01BC83
:1095600090C1F53B02BA29BD2DF97C3E5ED289BE81
:1095700093B135BE74D883BEC4A73CBE461593BD17
:10958000B5D2283E4709AC3E3427CA3E00BD213E35
:10959000F864CA3D38F34E3DF1C8E53D5B8F343E7B
:1095A00010F51B3EED26803E6E67B53EB465CF3E9E
:1095B000FD75FF3E60A6E53E5292633D9C649ABEF7
:1095C000E92491BE0BC9753E4F63153F38DA38BCAC
:1095D000FFDE873D204B7B3BD8E4DEBCDC22B6BE01
:1095E0006811EABE49B8DABE6CA012BFF4C7F1BE7A
:1095F000549C2ABE1C87F13DAA0C9EBED5FC3EBEE3
:1096000004E909BE361D6F3C586C0B3EB68670BE31
:10961000391073BE82C427BE585E483EBD78F93DFE
:1096200057CA4B3EF8AF913CB4ABF2BD07B90FBE81
:10963000D72B25BEC707AF3EAEC6453E954B863DF0
:10964000786F203D3EA3623D4322B6BD7047F33D97
:109650009A8B9DBEEC7801BF23EA3BBF4AE24BBF29
:10966000B27917BFAB6DF9BE55593DBFA73007BFE3
:10967000617A10BFC19B3FBE6B3B72BE658D83BEDE
:10968000AEC2F1BE0289FFBE2E79EABD4F0165BEB2
:10969000DA250EBE2A34B3BE457E3FBEA57E743D9C
:1096A00062486ABEEF538E3D320E133EFB455BBDF2
:1096B000BCC391BDCF40913D3E24263DFF80F13C8F
:1096C000FA1514BE4B7D8FBE15AFD7BECE5A22BF42
:1096D00070DAA1BE025603BFB97D07BF1AE807BF03
:1096E0004D392BBFC0B65EBF6C4B67BF5E68D7BE3F
:1096F0006269B6BE166CF8BE2007C9BE827EA6BEE1
:10970000E13E01BFFA3219BF906426BF48B7F2BEEE
:109710007607BFBE33E3ECBC98952C3CA630643D85
:10972000E049D23CD0ED65BCCEE0673D445C20BD55
:109730000B35A6BB589330BD92133DBEB644B2BEA6
:10974000268B67BE7CE793BED933D9BE548DB2BE9B
:10975000E109C8BE1A33BCBE6B73FCBE056F4EBEBA
:10976000393890BEF01F00BFB3F4D6BEEB4E03BF36
:109770002C42DABEFE24ECBE29BFD4BEC10699BE7F
:10978000BFA68D3D40C30C3B7B9B973D05D58D3DD2
:1097900073F399BDD85401BC6C4884BD246481BC6A
:1097A000F95CA73D40AA273BF7E53ABDDC853DBD06
:1097B0004EC8F9BC668D373D853E853DD654393D52
:1097C000F613D83C926AB63D50C2A83BE0E0EBBB32
:1097D0006ADC7A3DB00307BCF37F19BD961645BD20
:1097E000F56F4BBDFA276E3D680C9BBC1DE4963DA2
:1097F000BDB295BDD6DB5BBD2C749C3CB1D39A3D0C
:1098000000BF85BDCE66003D388511BCE0AF3E3C53
:10981000855AA1BB0BBAC4BC1EA2D93CF684283E13
:1098200092DDD63D96CFC93D09445C3EE014683ECA
:10983000A3026E3EC2F2943EA02AD53D1F1E953E65
:10984000EE04143F770C063F7592693EAC8A8E3E5B
:10985000A0FFD73E06489C3EA908513E2844B23D91
:1098600025F2A9BD5F8B993D00CA41BD7B9A8A3D17
:10987000F3F91EBD773B8ABDF45B64BDC62CC63DC3
:1098800047B3B33D5639063D72D5003D25DC343E25
:10989000938FD53D6ABED33E42F9E03E305D353E02
:1098A0005F8E4B3EDC32CA3EBDF01D3F9924DA3E4E
:1098B0001D83353F78D0353ED91818BD8635843D97
:1098C0007B4BC03D0D05C43E1FBFD33E62B8CD3EAD
:1098D00048FAAC3EE1FB863E8C962BBD997FA03DBD
:1098E000BFCF55BD38FD8DBC931FBB3D6B019B3D6C
:1098F0009E4DC13D26CDED3DE0D5E43C1387A63D10
:109900002D9DF93E894A3F3DC1F3F9BC97BDA93E63
:109910000265E33E97CD5E3FE6F56B3FA109363F1A
:1099200015DA323F95C1103FFFD4633E5716C73E4C
:109930009820E93E39319B3EE238FE3DCAB5B93E3A
:109940009029723EBA0EC5BECF8A81BE3C7A8ABDCE
:109950004402A0BCBFA71ABD06EF073EDCB0433EE1
:10996000AD57C83C0E81B83DC59A253E5728A13E4B
:10997000AF99ED3C2F4427BD5746193E19F6D23E0C
:109980005E0E083F85A8F73E1685983E6718873E0D
:1099900099B2693ED28FAF3D1F81573C1CF5253EE1
:1099A000EE0E1E3EC1DA6D3EF807413DC5E988BDA9
:1099B000DDD702BE6D9EBCBE0DAD113E3249883E64
:1099C000A2154E3D113AA23D1F919CBCF55CDB3CBB
:1099D000890BB6BCD1A401BDA9FC023E9E58753EC0
:1099E000E561B73ECA91C63EA5E1C23ED2BC9C3EEF
:1099F0007371943EC125493E2D536D3E7791093ECA
:109A00004561893E0809C33D7C0F373D44E527BDCC
:109A1000A91368BEDCCABA3D967127BE13E889BD9A
:109A2000793AE8BCEBA0F33D0B68213EB633343EF7
:109A3000B62342BDCB75983EF969083D9DC1C53D31
:109A4000EEA67FBD9BDE493E2381EC3E3EEBA93E68
:109A5000FC87E13E0415E53E720AC33E33343A3ECC
:109A60003F93293ED3E66B3E6299E93C03ED303EDD
:109A70001BD4473EE595F73D361EAE3A9B037FBEAD
:109A80002EA7ACBE73F821BDFE639CBD7D4293BE84
:109A9000B30D48BEBB544ABE681205BF439652BEC2
:109AA000BAD129BDB205C33E97218C3E7549B13E5E
:109AB000F7878B3ED70A9D3E4BA00B3F0174EA3ED1
:109AC0000C67C43E5966613E4A9C8A3D8A9A403E74
:109AD00072303E3EFBFD153E477C9F3ECDF5813EFC
:109AE0009C1D103EF7BAE93D7E7A07BD08779ABE05
:109AF0003E03A8BE8F37BDBE385C41BEB8FA6BBE10
:109B0000D9933ABDA1FA893D0AC1EABE5CE527BEF8
:109B100037A5D83CD762823ED007C73E5B1B9C3E30
:109B2000B44D743EECBC2E3ED357423EC816CC3EDC
:109B30006C4A583EEF21643D7989AF3D0BE8B23C59
:109B40004E02E33D703AD53DBE8D1F3ED6114C3DD1
:109B5000BE38F23D8A3DA63DFCD8DABC7EFD0CBE87
:109B60009D58F0BD406B9BBE5C4EA2BD9EF3E6BD12
:109B70008A390BBFB0274CBF1D07DBBE479962BEB9
:109B8000BE24673CAC49803E85C6DF3E3098163F18
:109B9000A402893EFA09193F1E400E3F19E5083F0D
:109BA00011C92E3ECC9D4B3CFC9729BEF7FE46BD0D
:109BB0004641C4BDEA7B4FBEC06003BD1F88343D33
:109BC000CD73BB3DE2B31A3D1FAD193DE5A0A5BC69
:109BD000955D653D2A16FE3C50EB703C1D2C29BC62
:109BE000DFC613BF7ACB2BBF94B888BECECAAD3EBA
:109BF00006BF37BD18A52A3ED9B9F33EA8022C3FAF
:109C00000ED71A3F7B9E563F1F336B3F6B9E0F3F15
:109C1000AF6353BD71778EBE7F3B49BE34284CBEC7
:109C2000EEA6A0BE1FEDCB3D9AFB4F3DB9B30E3E55
:109C30008D89783E9C27613E1423393E125D9A3D02
:109C4000E331733E1C4F0B3E93F09EBDA80F37BE11
:109C5000083E3DBF38AD4FBFFD042CBE0BA4A93D4F
:109C60006A7E0DBDE9DF103E33D8343E379C163F87
:109C7000908D3F3F8EF4353F4847133FACC21B3EAB
:109C80003A981CBEF52BB0BE3387A1BE2B59A8BE97
:109C90006C62D1BE5A1355BEF04DDCBDE4A55DBC6F
:109CA00035B1FB3C7EFC063EB938D33DBA60373E49
:109CB0007C79633E98E0ED3D501E2CBD8004FABED9
:109CC0007F1619BF897C00BFF43C92BEAE8E06BDE4
:109CD00052B2973C6F275F3E499BDC3C887FE23E57
:109CE00070AC0B3F01EF263F68B9C33D76EBBFBCBC
:109CF000B8CA71BDC9BAA8BEA16270BEA793B9BEE9
:109D0000719478BE0CC2B4BE933BB8BEF2C960BEBB
:109D1000EFCF0FBE299F133CF2513D3E6CB12F3E59
:109D2000C1B2E23D8264E1BD0E6FF93D21179CBED8
:109D30007A66C0BD0F07C13D174B723D012AAE3E8A
:109D400026C7D5BD61402D3E0B9F813EAE4FB23E32
:109D50008DFA063F8E8F2A3F749F193EA823A0BE1E
:109D600088AE7EBE938781BE0B9C3C3D176080BC55
:109D700025C623BE2C569EBE4FDC9ABED86ED9BED9
:109D800078E773BEEC99F3BC49B1413E2FB4683D0E
:109D90001AC51F3E22CC503E9FCAA93E0F932B3FAF
:109DA00079CE403FA904233FD9BA093FCD5E8C3E0E
:109DB000223BEB3C4365C83D0EA45C3DC0D75D3EF5
:109DC0009AD9D83EFFB1C53E06E2193ECEB84DBE87
:109DD000A38572BE4C6EC9BD537B293ED9D8EA3EDD
:109DE0005BAC3F3DF8484EBEBA5C71BE9C819DBEE7
:109DF000870586BE222E1EBE2AE1733EF1C3783E41
:109E0000689BB43C78D9A03EC696193FA1C7503F85
:109E10009BD1133F59CC183F9065153FB8CD843E78
:109E2000984D2A3DE653B43D60AB6DBB18CAC03EA9
:109E3000454BA83E4B90363EFF5D18BDDD32B4BDAC
:109E4000E54E0D3D16CDCC3B3222C33DA2577B3EA5
:109E5000FA2B173DC2BCD7BD3E3869BE53ACF2BD2C
:109E600037EC9DBED2C0F8BD4DC1163E20D38C3E0E
:109E70003C09FB3E9FFAE23EE023B33E18ADD73EDD
:109E80003F712E3F028A083F1D1B013F9A7E523DC3
:109E9000B8EC323E79FF923D1767413ED42A193F14
:109EA000EB37313F203FB03BC68A083D4A870B3D28
:109EB000DF211D3C608E0D3E3B30053EB13B73BD46
:109EC000FC0D30BEF2850BBEB7E2B3BD6B649ABD2C
:109ED0004DF387BD3653EFBC7377A63C4022D03E8E
:109EE0009DA02D3F74EDC73E60507E3EFA8D993E99
:109EF0000DC8DA3E1ECF063FB0B3063F0DCB8D3EF8
:109F0000F16EA0BDDBA357BCBD0CC73E5E01943E05
:109F1000157D993E1F65BCBC1252083E3FB7DE3D21
:109F20000F0EA03DAF30593D96D434BE59DBCBBDAA
:109F30004B3CB7BDA5D549BE3F669FBE3AF7A6BD0F
:109F40006660BD3DE44FDA3D6883D93D9F16053F0D
:109F50008D9A143F811E8B3EE8D8B93E79A9FF3E09
:109F60001C48023FDE19003F1475F73DFE00883E95
:109F7000A3DC4ABE943A20BDBD3BF33ED7013F3E31
:109F8000F7E9343EA731673E5F44603E81E67A3EA2
:109F900061E0673D939B6DBD3B023CBDCAF81CBEB2
:109FA000D52BFCBDCE2344BE1ECAB0BC5CF16B3EBB
:109FB000FF7C103E575E223EEA58A73EF2E4043F83
:109FC0001C780A3F47D5133FA291153FC6AFE23E2A
:109FD0005C38DD3E8ECB253E7583D5BD0EEDAEBD26
:109FE000F0FBECBC6410263E28D7E73E655EE53EFC
:109FF000DDD5843E9B54883EB217BD3E0282913E21
:10A00000EBDF8B3DD141873E33D52C3E227D3E3E5A
:10A010008F643B3E9A77D43DC0C7243EC3BC2F3EDD
:10A0200050A30A3D2E06C13C88E2803DFDF1263E4C
:10A0300067941F3F3CBC923E5812FB3E27B6DB3E66
:10A0400034D1AB3E6565A13D4CD342BEF81CB1BED8
:10A050001040DD3B5621B33DE1C3CD3EA5B3443FA7
:10A0600065F3E93E2805C73DED37A13DCA7E0F3EA9
:10A07000319C0E3EDCE42D3EEF2C423E7BEE463E14
:10A080005DD9983EF3F58F3E2FE1E83DE84D263D42
:10A090007E518DBE7BE443BE3D9DB83C1527EE3D11
:10A0A00035C9BD3E2D968A3EE3AE663EBEE7DD3E37
:10A0B000A4E91E3EAAC2EA3C06EDABBDB67098BC50
:10A0C0004CAAD6BDA4EBC83DE827B43EAEB0E93EED
:10A0D0008AC9003F1079A13EE463663E78DAD63D36
:10A0E0007195013E6BED13BE5E7F2D3CC0D7403CA9
:10A0F0001C96063E1C358E3D21B18B3CB1B72DBD63
:10A10000481D563C2F05B43C0DD8003DA635323EC7
:10A1100050483A3E5697803EC708013FBFD9663E39
:10A1200095837EBE10AEC1BDA9A8863EB6B0EABB7F
:10A130007B6BE5BCAB4476BDBA38903ECB84CF395F
:10A140008ECA883E3276E23E1549953ECBBCE53D4F
:10A15000388277BC1F47E5BD608DCF3B84673B3CB1
:10A160006877D4BD00997BBD270B81BD8E8E063EDE
:10A170007FD89ABD055D85BEF1ED22BD048C4D3EB4
:10A1800030B6063DFB4FA03E0703C83EB9CC3C3D70
:10A190007B7E5BBE9C171CBEB619103D19B8F03C07
:10A1A0000DD0A0BD36EB273D3D66063E0D09A03E15
:10A1B00093D1EB3EF5E3AF3EE253973E51FA8C3E2E
:10A1C0009F963ABDFCF2C13D2B6F7ABD39FBF0BDC5
:10A1D000D0A09CBEC1715FBE70E12DBE48183CBDD1
:10A1E000A5C78EBE7606B5BD2E89243D7DD02B3EFB
:10A1F000A3FC8E3E62281C3EF47BE53D789614BDA0
:10A20000E037ECBD15290DBE00C5ABBD5815CB3CE4
:10A210000281033DB0C88FBD44ED833EC28AD23E69
:10A2200056E1E03E1B95FC3DE36E9C3EC973F03D5C
:10A230000E90AE3DAD25AB3D8C3D1ABDEFF12D3DF1
:10A240009618423D6B5EC83D667B993D43D4F33B17
:10A25000B97421BEEA2A3A3EF0F5003ED7264B3EBD
:10A260007D9A873ECE88A63DAB03C0BDD2A109BF73
:10A27000E7D9EEBDDCAF383E8AA48E3E96164B3D44
:10A2800037E5913DC8369EBCA71790BE1B602B3D9D
:10A290009835413DFF99433E61806F3E7FC35E3EEE
:10A2A000130FA23E3428A73ED7F9273ED2F0373EFF
:10A2B000525E933E84CA703CB8E60B3E8010553E19
:10A2C000F8761D3EA79DEE3CC457FD3D60BE333E73
:10A2D0009875FCBC17C4873DAE01E7BD0CE69DBE7A
:10A2E00015F546BEF165B13D2C958E3EA09093BC10
:10A2F000F61E743D63FA1ABD77F9963D7EF810BEDE
:10A30000E692BBBE826406BE022C86BD089355BD94
:10A3100034964A3E232A683ECB80453D1B4404BE0A
:10A3200058FFBCBD9293913D80AC6FBD18074D3D69
:10A3300007DA6C3E48F540BD27BB283EBB2DDD3D0E
:10A34000D82A20BC19016A3EFA0D2B3EBD5380BEAF
:10A35000BC3C76BD1CC3A83D4B0C8B3D32DE433D5F
:10A360004CE5E23C2DA7A23D32ED91BD2D3884BDD8
:10A3700061312C3D3447363E37BA8BBD302F49BE54
:10A380000D665DBDDE90563EB0A8783E8F9799BCB5
:10A39000A9D9F9BD0716953E1EECCB3D834C36BCC2
:10A3A0003B4C7D3E5C350E3EB05D45BEFCB84DBDC0
:10A3B000D958433E9E456F3ED412763EC79BC93D59
:10A3C000E693D9BC0C9E033D25F18C3DEF6A933D8D
:10A3D000D81E29BCE1651ABDD1BF06BD68AB3EBC25
:10A3E0005E59643DC0D4743BC02E12BBDD75943DF4
:10A3F00025A607BD5CF5AEBCD36E953D0DD709BD56
:10A4000038E8083E6C42023EA1147CBD2B61F13C51
:10A4100040E002BC689243BCD442933CB0B195BDCD
:10A42000AEF64A3D50F6963B3F5364BD4A1C5F3D35
:10A43000841CFC3CFD779F3D15C9923D00CCE5BCDA
:10A44000D0CCB23B2258B8BC360BF3BCF25B46BD55
:10A45000A2B5E23C7B3D153DE378A13ED2B9C03EBA
:10A4600036A93D3EE3C68B3E55D6993E87BA943E0B
:10A47000157CE13E0EF8BC3ECEF1AB3E5C191B3FB5
:10A480006003C13E5EB1013F94D4193FDC8CBF3EF6
:10A490000CF7FF3E54C5DA3E4A38C83E50274C3EC2
:10A4A000E7E676BD60268FBDECDDBFBCA71428BDF6
:10A4B000E6826D3D884F89BD861EC4BC9E58A73E6E
:10A4C0009666913E1018393E5072CD3ED217C13E6D
:10A4D000EAA5883E8430163E3B70C03E902C653E17
:10A4E0006D27CABC251742BEEFDCEBBD8B5D7E3EFF
:10A4F000B570123E1B37463EBDAB4C3EA688193F99
:10A50000C513BD3EE971DD3E7989EC3E90A51B3F48
:10A510000669DABC3C851BBEB815D73C06CF82BDA8
:10A52000BE926FBD0CE623BD052DE53DD404C33EB0
:10A53000D331DF3E2D58DE3EA4FD873E01EBD73CF4
:10A54000B81F0D3EC416C03EA6D0923E9E7C383E3B
:10A55000D8CE193EB150883EDF280EBE03570ABE42
:10A560009D54023DAAE6813DEC688C3D0EAECD3E89
:10A57000962E0B3F33C75E3D33E6F83D94B1E33E84
:10A58000CBDF863E379A98BE074D743DDC21DD3C1B
:10A59000D11A823DC0DA9D3C38E90C3E8904983ED0
:10A5A000FB828A3E470057BE9529ADBE45F9D4BE11
:10A5B0005669BABDB4F74ABD637F7DBD1C04B3BD07
:10A5C000A0D217BE0089833D66AB00BE607267BD36
:10A5D00035E1003A8B1A45BE85BBAABD9D838E3EF0
:10A5E000E24C8E3EF94104BC6CD03FBE931595BC45
:10A5F000BEBCEBBEE462D4BE97F625BE2349683EDE
:10A60000C0A49B3AA567A2BD699C933D3051AABDE9
:10A6100025C5173DF08012BC89466DBE2B1DBFBD00
:10A6200041B8FF3DB770863D4ED9623DC06980BEDE
:10A6300036F360BE144001BE78F06ABE5CA799BED6
:10A64000AA45DFBEAFA5D0BEC844CCBC91FA2DBE92
:10A65000556967BE670458BE2738CDBE1B9792BEAA
:10A660004B9ED7BE5EF70DBF245CD23D0173083D03
:10A67000886DF7BCBF95053EDA6EB43E4EE4603E91
:10A6800056E3ED3DDDDCF23DB6BC3B3D112861BD3E
:10A69000E6424F3B15438FBD11D8D8BDCA46793D20
:10A6A00004B3A93D1DA27A3ED4D0C03D8D7897BD9C
:10A6B000BC1BB1BCBEE6FABCDFBD433E8C5085BDC1
:10A6C0005CE12CBB7A684FBD44039FBE3D9CEABE53
:10A6D000317540BFBFDF79BF746115BF290FB0BEB0
:10A6E0007FAB943D4208A63E4A38703EEFB722BD8C
:10A6F000EE5ACEBC78669ABD9AB92E3CE3702A3EDB
:10A70000BF206FBD4D74003CFBCF2C3EE0F4E03C1D
:10A7100000337A3DD18D653D0CB42E3E5731C3BC1C
:10A72000C885103EA3461C3E3AD0663D3214ACBCF0
:10A73000C249F63C618C97BDCC8662BEAB97BBBE6E
:10A740003CC6FFBE4655D7BEFB23A7BE03BE8EBE8A
:10A75000FF5D623D84C1C33EB4B73DBD4E3380BD95
:10A76000B3D05A3E6E674B3E75488A3D56718D3E5A
:10A77000B41FCB3DBF64903E58479E3E794C65BDAB
:10A78000B4DFCFBD8347AFBD79AFDB3D51463A3E25
:10A7900007EBFE3D7338A83D192CA4BD0E463BBE09
:10A7A000F85E893C9D5B6EBEFCC4A9BE7D3801BFCE
:10A7B000BC502FBFC5CB39BF68DA15BF2E457DBE53
:10A7C000E3B7BEBB9DADB93ECE756DBD5D04223E07
:10A7D0000475C33EA233793E2D0C363E04070C3E71
:10A7E00015F55F3E4380673EC5D20E3ED06E1CBE5F
:10A7F00099A658BEAAF731BD26A49C3EB3169C3E2E
:10A8000016D3A03EE99CC83DC14624BE27C1C8BDA1
:10A810001ED45FBEE7B9A2BE368988BEBDDEB4BE17
:10A820002957BCBECA6F04BF87C611BE53489D3EA0
:10A8300049263EBD599A9A3E0350453EC644C43D02
:10A8400038B43F3B2CD8AD3E1B3A693D2EDA3C3E36
:10A8500017DD683E3C1D983D459C7EBCFDC33CBE5B
:10A86000F1BF5CBEA4F9803ECC4D173F5FE3243FAF
:10A87000267C013F2858003E30E0CF3BC4B9013E62
:10A88000D515D03DE3EC06BDD60E283D5A9AE3BD62
:10A89000363042BEF8D92DBEE5C4CE3DEA78303E12
:10A8A00068452E3DC3965E3E19CE093FE169CE3D17
:10A8B000D13E863D4513393E840BD93DCA423F3EC9
:10A8C0001CC9493D6DAB1BBE7358813CC646803DDB
:10A8D000CFDE49BD4E6EF93E1323513F8415EE3E47
:10A8E0008B5A343E814B3D3E939B023E557B013E4D
:10A8F000BEC49D3EC76F963EFCB49A3E99842C3EE2
:10A9000027E441BE3C5BDDBE5B821EBF284CCE3DD2
:10A910000FA2B9BC02928E3EF2A4CA3E038C24BCA4
:10A920003FABA93C3FF8853D33E5323E2AD72C3E6C
:10A93000FB1A6E3D6EB612BEC6F796BD004A943A3B
:10A94000BBAC0FBEBCF6EDBD03730C3EFA788A3C7F
:10A95000EA83663E5BAF293EBEDA6C3EE92AD03C14
:10A9600033AFEA3C849F02BD73BF193E0C23B4BDD4
:10A97000D68B90BE218D14BE7A0AB9BD687BDF3EAE
:10A98000285CB3BC4962B33DB4EDC83EFFD1203E64
:10A99000E18D123E7E5DEF3D1C5E853E7A6E11BEFE
:10A9A000DED4A2BD7BCD9FBEB97857BD0EF135BEBA
:10A9B000B5A2BEBEF0AC03BF3215C4BE29485FBE0F
:10A9C000116CDD3D701BF13DD378B13D8DFE143D22
:10A9D000E3B6BE3D0344383EC0B2033E2D76DA3DB9
:10A9E000E9BE9B3C8DCE263ED38CA8BED83027BE78
:10A9F000FD5401BD2E9A7F3DCCB4083F93A6A13EE5
:10AA00003C3C453DA293763D19AB103C715CA7BE22
:10AA1000099E75BE6E1946BE3EDD00BD5F384ABE5A
:10AA20000B63AFBE4292FABEA003BBBE4271D3BD60
:10AA3000134BD3BD9763F9BD592C2C3E03D36C3E09
:10AA4000EC41C23EC6347D3E50A6603EB50E863E09
:10AA50000EA8D5BDFA21CCBEAFEFB8BEF0B86CBD24
:10AA6000B97748BD4804683D606C1D3EAB8254BE5A
:10AA7000D3023A3ED84B9DB94934043DBB1B12BEAC
:10AA8000EABBC1BE2D178CBEC89430BDF2F728BEFC
:10AA900018D1A8BEF63D86BEE64483BED9E760BEA7
:10AAA000FF806FBEEE450FBE08A1233EED08373E86
:10AAB000A5C1083F815E983E4C5AF33DB26A193EEB
:10AAC0000A00E03A82916CBE889522BF7CF023BEDA
:10AAD000D0210E3E8BE47B3DC983953E06E998BEAE
:10AAE0006A7D6D3E7410C7BDC27251BDBCA663BC09
:10AAF00001C4C83A48C094BEC6C2B3BEC4248CBE0A
:10AB00004D64ADBEC38AA5BE401D80BE94FA22BE70
:10AB100097D8C5BDD5300EBE8F702A3DA704453EDF
:10AB2000B5C26F3E8F4A0C3E2725B63C2BCE51BD99
:10AB300088BD003E3CBBBFBED714ACBE6394C5BE4F
:10AB4000640898BD143B543E3FE6D1BD55F2D6BED5
:10AB50007216033E7D7743BD605586BDF3EFDF3C43
:10AB60002CE403BD47F94BBE8A4870BE136756BE3E
:10AB7000262C48BE20CD49BEF1A5B4BDED5AE8BB98
:10AB80001057C0BC11A7B53D34D3703D438EFC3D7A
:10AB90000467073EB6FE3ABDF81D803EB1D4223EA2
:10ABA0005CF9E93E53265D3E5502A43DEA56D2BD0E
:10ABB0002E69613EB8DB313EEF59A03DE66FEFBE36
:10ABC000D58982BDA41799BDF01577BEFCBA23BD07
:10ABD000E68557BE68E35BBEF5A004BEC09ADFBD44
:10ABE0007E4A933CA4968BBD03BC7ABD9CC6E93CCF
:10ABF0006A4F753D7FB1573E3B247F3D7D2B09BE9B
:10AC00001A2F89BEA9C917BE1D16DD3C21F07DBDD6
:10AC100083DB80BC939DE43E205A9E3ED65E213B62
:10AC20008517B4BC141BD53D4612E53EFB3EC1BEA4
:10AC30008A3996BD51BF0EBD52A101BEC551F5BDA9
:10AC40009D6015BE9EB1B83DE7E4083EEE46973ED6
:10AC50001CE6B23E32E7483E802F5E3ECA651ABD12
:10AC6000090D143D6727AB3D41E4C3BC799418BE80
:10AC700065003BBE45289EBE50823ABE4C77C0BAA6
:10AC80001DB6613EFD7AC83CF47668BE9737573DE5
:10AC90003895613CD3F9323EA0D25E3E97DEFEBDD0
:10ACA00001FE94BE9A5F75BECC83A0BE04AA1ABEF4
:10ACB0000EE6023D0608513EAEA6BF3EF685AE3E0C
:10ACC0000D6AFA3E16D8FA3E6602B83EDAF02B3E1E
:10ACD000C1CAE1BCD88E3B3C7D7DEDBD044896BE2B
:10ACE000FD2BB5BEB50A88BE6414D1BE2363FBBC80
:10ACF000988EB33E1A11C03BAA9E693C1188083B4E
:10AD000066ECF43C0808C5BDEE03623E784C833E19
:10AD10000B8D62BE2F7CD9BE45D467BED4A401BEC4
:10AD2000E8ED3F3E95EB293EADE18A3E9D8B233E0B
:10AD3000955C6E3E0445853E1664763E3AB0463ECE
:10AD4000C3A8EB3DC17BB5BD63D332BEF33DF0BEBE
:10AD50000452A4BE1594D2BED674E2BEF02AA4BE9C
:10AD60000A3A813ECD565E3EF6D88F3E3A875C3D2C
:10AD70000FE944BD79AE30BDCEAB943E3E02FD3C02
:10AD800026092ABEE4340CBEB2932BBE7B7CBFBC2A
:10AD90008107363ED2A9653E8B682C3EC54616BE5D
:10ADA00003C5D8BB0AC6703DF92E0E3EDD002B3E12
:10ADB000F211F5BCC53F95BE4C21E0BE572923BF1B
:10ADC0000517C6BE5E5CF0BE1D2033BF03E646BF5E
:10ADD0001398F1BEC60A1ABE2CB3CE3E9C54BE3D9B
:10ADE0008F75953D16AFF5BCC748B23DF6E751BE2D
:10ADF0002B6466BDA4C52DBDE10D683D1CF0D63C9D
:10AE00009C6B01BC406E303E9C00C6BDF67BA6BD6F
:10AE100043E74EBE72A86BBE93F6A3BEDBFD1CBE1D
:10AE2000D1B1CBBEF9EBCABEEF9C22BF4C563CBFA2
:10AE30005F0F27BF88E717BF589F21BF0F8A65BFE5
:10AE400013616CBE9A37C8BE1B1B923E4AB1433D8C
:10AE500036F5703D80DBD9BB59A5853BDEDD2E3E46
:10AE60006572083F03EB523F46DDC73E1010803E3F
:10AE70002B23A3BCDBF46FBD10700FBEB32D88BEB7
:10AE800070989DBEE83AE1BEFCA2B4BEEA4281BE23
:10AE9000B006DABECE8A7EBEC81FF6BE1EB903BF9C
:10AEA00065BEFBBE92EAF8BE3E7BFCBE075142BFC8
:10AEB000B8687EBEA19188BE138A923E8CD6D13CE2
:10AEC0007335933DFC89E13CD59BF1BD6113883E10
:10AED0008DEDEF3E26BA013F8F3A17BDF197C73D82
:10AEE000D0ED2E3E9125383E32F9B4BD8D25AC3DD6
:10AEF000AB55F13DA38282BE45F023BEBBAF38BE49
:10AF00009C9E90BC02001E3CF356073DB1F5CB3D24
:10AF1000F2E3B43C6BAF5F3E8E517C3D91202CBE82
:10AF20005988C73EDEE2633DE34A83BDB8CC163C98
:10AF30001A0B2EBD207D97BB10D685BC38E837BED6
:10AF4000AC59C2BEFA4A453EC50CD1BD8B23E8BD03
:10AF50005EE5323C27BB063E17465F3E4B22A03DD6
:10AF6000FE130A3EE6CE203E07119D3EF9B2DC3EBE
:10AF70009FD3973E694B8A3EB06CCB3EC670DA3E9B
:10AF8000FDE9A93E3CD86F3EBCBEB53ECC1595BE92
:10AF900020A9653E74156FBC28C75D3C76D90EBDEF
:10AFA0000E9817BD0FD5883D75EE26BDA7E2A33DCF
:10AFB0009644393D4FD6283D80EC943E0D93793E22
:10AFC000BD8CC83E20331B3E9C1AA83E956645BDED
:10AFD0002E585FBDC25C3D3E05ADC53D7AADEEBBB2
:10AFE00068CB433E4D21123E9C3C36BE7E7BA13E4B
:10AFF000B273913EC446A93ED5CB803ED660C73ED3
:10B00000500D96BD003E653C10D86B3CC7D9A83D9D
:10B01000E8C98DBCE492F9BCA0DC5ABD8377A2BD1F
:10B020008F5350BD209A0B3CFF8504BD4673C1BCB5
:10B030008A1128BDB266163D80BDD23C983E783C50
:10B040001320413D3119E23D4BAFCC3D38DF8EBD81
:10B050007A03473D1621403DA31F16BDB8822F3C01
:10B060007636743D6D4C813D6355983D880D1A3C94
:10B070000C56CE3C8A01723D4EA4493D6B74813D15
:10B080004EC0D7BC02367D3D8EFC4B3D9EC278BD86
:10B090004EB4093D4EEA343C9667BA3E6C30BA3E37
:10B0A000EF88B63E823CA13E6996A93EC35D753EDF
:10B0B0001844E83E1B6EC53EA017663EFCB2DD3E5E
:10B0C000C3D9F03EEABB713E3A1A343E6367413E53
:10B0D0008320A03E5DE0973ED891B73E1E4BA73E31
:10B0E00030EE90BCD6B4E0BCD62A393DD102A3BD27
:10B0F0007D6782BDE68D9ABD16484C3D6F922D3E10
:10B100002091113E8914513D8027923E718BEC3E77
:10B110009573D73E825B0A3F529F1C3F73BDF63E3C
:10B12000E1E9823E77748D3E7F0FE53E19A0A53E92
:10B130002A6534BEFBE91ABEE6AD683DE8A2663C6E
:10B140008221753D9813983DA3FDED3D7919053F8A
:10B15000074FBA3ED27C8C3DE6914B3D08E16EBC78
:10B1600037D440BDCA3925BD01C6903D229E423E1E
:10B170005D95983E76AB743E9B4BEB3E9738383FDF
:10B18000C78E343F7977573F213B2B3FD173373FF1
:10B190009985C53EDA0FE03E345F1F3E3D58C03D05
:10B1A0003E4B9CBD22D25EBE87BEAEBEA7CF13BFB4
:10B1B000F47B07BF71CA22BE38CCB13E6163B03E9A
:10B1C000AC0F833EAFF6263E6A0E683EE8098A3C25
:10B1D000462A05BDEE4A4A3D032911BED50E92BE50
:10B1E0000CF298BD81662F3DCF21A93E052AE23E93
:10B1F00012F4DD3EC042FC3EB0B2FE3EEF1F883E80
:10B20000B478433E63ACB43E7B168A3EA49E033EB4
:10B2100001DEACBD92BF0A3B755DB8BE4BACDFBE74
:10B22000A9ACAEBEDA1121BF03DD70BE1BFAA03E91
:10B23000631B133E6EFFB63E54ECE53E16B2BE3EB7
:10B2400058DC4A3C2C72ECBCA3D3923C7951D2BD61
:10B250003AC27E3E53E790BE21D528BEE72C35BECC
:10B26000CBBE59BEDEC032BEF75E44BDF70A243EF7
:10B2700011F6493E95AC013FB093063F910ED13E89
:10B28000ADC3C4BD9C2651BEA63FBCBE0B6D7DBEEA
:10B2900035AB01BE60B540BE25A0CEBE911485BEC3
:10B2A00030840EBD3F5DEE3E9F41023F1AD1983E75
:10B2B00042192E3D9AF62CBE47AE6D3DEA15823CF2
:10B2C000D4A129BE5E7650BF33940EBF2BB1F2BE1F
:10B2D000618BCABEB08B6FBE367E54BE6E13B4BCDB
:10B2E000C3D4223B39D57C3E650A023F917EF73EAE
:10B2F000B58A8D3AC61B85BE00AD97BEF94B61BEBF
:10B30000D46DA5BEEC7B80BE208799BEAAD7B9BEFE
:10B31000494EBBBE2F46BA3E5BABE4BD825A713E7E
:10B320009EDFAB3C2768F2BE72F3A03E47A671BD1C
:10B33000D39B87BD0FB30DBFBCA614BFE89EEFBE65
:10B34000A713E0BD87E995BE5F1C90BE9C51C6BDAA
:10B350000ECB31BC93E00C3E7FDEDF3E595EA93E52
:10B36000F7430EBD0520E4BEA4D2C9BE03E7C9BEA3
:10B37000069CB7BE344E50BEA0BE43BE2AF58DBE5D
:10B38000910A11BE4D76563E2ACABD3BA7AE443E39
:10B390002BE954BD423CD3BE429FCA3D7638DABE4B
:10B3A000CCA605BF36F22BBF067D89BE044E56BE25
:10B3B000242743BE94E364BE65A470BE475388BE91
:10B3C000A0D530BE595CA23E4ECAC23E5C57003E7C
:10B3D000F090B0BDC233C2BE7EA570BEC15318BED0
:10B3E0006B7729BEBE0455BE1D5C07BEC48E4CBE25
:10B3F00096A3B8BD1A8356BE67FBF93D67CE4F3E94
:10B400001AAF58BD95E4C6BE63D589BEC4069CBEBE
:10B41000C868F6BE3FD762BE52A11FBD8496A13D4B
:10B42000B4F4033DB938F5BD761BB9BC3E96D5BD25
:10B43000D148C2BC6EECFC3E26B71E3F6DC3D93D61
:10B440009117D1BE33C2C9BE13EF2ABD1F353DBC13
:10B45000545B9DBD6FBE22BDD20046BEFEF6CCBD84
:10B4600055D35A3DCF77393C75B0E33E0D030C3DC3
:10B47000C14870BCEEC6DABE904C1BBF4F0D59BE22
:10B48000EA8F3ABE4C5B333EC579753E8982863E73
:10B490004CAA773DEB1ADCBDB2BAFCBD60D5063EC6
:10B4A0003496A03E4BDD223F98D3283F88A378BD39
:10B4B0002D19FFBEEF22C1BEB26533BDEB93A73C91
:10B4C000F5A89F3BBE84A1BD49D7923D8D2D063F77
:10B4D0004C7CEB3EB8308DBEE29A0D3E89102CBEFE
:10B4E0006C1BD7BD13989EBE01DF2ABE7718ABBE7A
:10B4F00006539CBEE875333D7B168F3E45212B3E9F
:10B5000070165A3E8D8D13BE860618BE4883903D38
:10B510001532D93E9822453F4198D83E353C71BE00
:10B52000FFEEA1BEC598A7BE2B5088BDC2BF163E78
:10B530005ECC653E18C5BA3E24D2933EBFDF323F93
:10B54000DF23853FE0F09C3E2B49613E55DE20BE67
:10B55000ADDEFEBD6850CFBE115E01BE1874B9BD30
:10B56000B70624BEAD4D1E3E88B2713ECBDEAD3D6A
:10B57000AC210CBE3FAFE83DC3B6DBBDEFB8553DD7
:10B580005E5DA83EBC362E3FC8077C3EA0DAEBBE0F
:10B59000114497BEEF6D63BEF7C105BEB905103EFD
:10B5A0003003D93D3DAD973E77B5773EF1C6333F89
:10B5B0000AE5223F891B833E18616B3E22F6E5BCFB
:10B5C000AEAA43BD365EE0BD5C3F12BF3C904E3E2E
:10B5D0008A07D8BD30720ABEEFA350BE1BCA65BD34
:10B5E00055841F3D5443253EAB2CC53D4F8D8F3EAA
:10B5F0007F203C3FEFB40E3F5F2EFDBC2AEA64BEC5
:10B600003F9744BED09C72BD2A0068BE87CBAD3C3C
:10B61000588581BE2D8541BE80A41E3CE4CAF43EFF
:10B620000E20043F63F8ED3D40391B3D618F913E94
:10B63000A8354DBE925798BE05A628BFBBEE113E59
:10B64000CB3288BE6842DCBEED79EEBDDD8D58BEE2
:10B65000582C863D8ADE163EC01B963EE04DCA3E03
:10B660009500B33E9FE0903E35EA39BD172410BEE9
:10B67000DD91303DC10F14BEA04DB5BEA646B6BE8D
:10B68000D796BABE345996BED931BBBD95E38D3E2F
:10B69000E936983E1BCA533EF261C83E393F6F3DC2
:10B6A000A0764DBE746D40BE1C931ABF6344AC3B84
:10B6B0003B0C13BE9E6F9FBD1328EBBD1BAC20BD82
:10B6C000EC97403C5F2E543E5E96473E9BD34D3EEA
:10B6D0003A4D963DA1E7E93D4FCB7BBDE41A3F3D96
:10B6E00028B9223E95DA3CBEDBE74FBEB471CBBD34
:10B6F00003B2B5BEFD81B5BEA492C7BEDAFE113E4F
:10B700003272163FEEBA143F686348BEE4FDDE3D78
:10B71000E16783BEC0BC97BEF453D6BE3B58A13D83
:10B72000B2409B3D5671213E3BD4533C676DD5BD25
:10B7300042DA72BC53AC3E3B9BF4EC3DA948913ECF
:10B7400055DB89BD7FE4B8BD2C7BB4BDD7E6CDBD4C
:10B75000E664153E54EC953D9AE190BD0A8977BEAA
:10B7600027528DBE569F7BBE8E15963DFADF4E3E0C
:10B77000270C933EAAC5E93E0135293E7A7A033F5C
:10B78000AC25EC3C78DD6BBE4CB98ABE6D491A3EE7
:10B7900081B038BEA52801BC987318BCE6259D3C35
:10B7A0000EFE303E64D897BC112E163EF126933E15
:10B7B0001999343E0D7C113E8ED6ADBCAD71C53DA0
:10B7C00052CF803D8430C4BD20714FBE7E38A0BDB5
:10B7D0007529E4BCE45690BDC55A1A3EADFC1B3E2B
:10B7E0006D4F1E3E8CEC4B3C3CF258BEF0FBF43EE1
:10B7F000C029CE3DBB8F59BE101D01BFF6F1D0BE92
:10B80000F53EABBEF9F61B3EB24D623E80766C3E15
:10B81000F8BC663EE8E59D3E732B843E4282703E56
:10B82000CC11A03D0A312B3E1F00263EF57E993DEE
:10B83000FFE0713DE6D403BDC35DB0BCDB82A0BDBB
:10B8400034F92FBE7CB05B3C0AFED63E9D70EB3EC9
:10B85000BB17B53E3597B83E1048D7BE1428573EA3
:10B86000DCB7993D32241EBE1B79E5BE58CD1DBF05
:10B8700066157ABEFA4EEDBD8DE3E73DBADB423E7A
:10B88000C9E3F73DF606F33D3F563B3E7EFB1F3DC9
:10B89000E18E6F3E69B0403EE8E3B43D22A27B3EBC
:10B8A0004AED793E7C895E3EBAF3933EB3692D3D05
:10B8B000D7EF55BE7A7C83BDF2478D3EE685233FA8
:10B8C0002EA7B13ED0A77D3E98703B3EC4A9883DCF
:10B8D0002208CABC3AA147BDD766503DE22948BDFF
:10B8E000712ED2BD76F857BD6872373E6CC08B3E64
:10B8F000D771523E92BD853D72234C3D7026653B0B
:10B9000056B0443EF58A1B3ED44E4B3E7910893EDC
:10B9100020B9833E0F1A2A3E0FF7743E9ECEE43DB7
:10B920005FC0E33D1580973D8ACD023F306A213FDD
:10B930003C74243F9B5B0A3F8973963DC8AE4E3DE5
:10B940002C72383D1A6FB1BD8E661C3E63A98F3EC6
:10B95000D2043CBB7CAB993D96004E3D8C30143DEF
:10B96000625706BE87D9143E176A913DE6F5DBB9EA
:10B9700053FBD33D123D553EEC49843E79F7E93DFA
:10B98000E441E53D9E21893EBD8D693E54D9ED3DA2
:10B990008A40BC3DDB273DBD3E396E3E1793043FD8
:10B9A000A2E1A53E84BCFD3DD167C53EA8D190BDB6
:10B9B000C4E8233D9C4D923D7EEB983DDFD38F3E06
:10B9C0009B0B143E678212BDB562E3BDFE0D4CBEFB
:10B9D000C88E4ABE34970E3EC8B061BDE035283CE3
:10B9E00050D7D53D740C923DD64D1E3D9DC458BDDB
:10B9F00075D03B3BBB10B4BB642C273DF07001BE3F
:10BA000079FEEC3D41C3DBBD982CBF3D5AC1123FCE
:10BA10003B566E3E210C043EF32836BEB93F81BD35
:10BA20008CF323BDE019D3BB9A3AA6BE2EF54E3D4A
:10BA30003FA472BE4AB711BEA3BDAABE78A8AEBECF
:10BA4000F7EDF63CDDF355BDFFC41E3DA03E14BC32
:10BA5000110D073EB539B2BD905BB4BB2E8108BE57
:10BA6000707200BE07855A3D98CCA7BD0BA9CD3D8D
:10BA70002DD3933E8B64F23D1FF3E73E63423D3F7F
:10BA800029E1043FCBB2EE3D4A08B3BE5084183DD5
:10BA900078A18A3C88F1A6BC4B1592BEB2B8CBBE49
:10BAA0000E3DC8BE056DFBBE3081B5BE371F74BEEE
:10BAB000CAF293BCC89A8DBD5010E03B11D849BD65
:10BAC000E74F03BC288C91BE31621BBE00B2AFBBF6
:10BAD00057E06EBD7F268D3B7BB3903E502A9F3E44
:10BAE000285AE23DB7E846BEA6DF8E3EC4F6493F7F
:10BAF00085B11A3FF1C8893E5A0E2ABC78388ABDF2
:10BB0000F2027C3D6E89A2BD25909E3EBF1894BE78
:10BB10008C626ABEA2B297BCF0E41C3ED6E1143E31
:10BB2000A1C649BD332AA13D2E2D243E2A06CDBDF6
:10BB300069046FBE7B2180BE696F81BE4F30FC3AC5
:10BB4000F0CD743D92F6023E3479673D48139E3D38
:10BB50003963A73B180D12BE7D6F0ABEC33E553E2A
:10BB600064F2A83E02598C3D8862D63D6852013C81
:10BB70005769883D82C1623D4009B73B21F5A93D27
:10BB80002309CD3E6832B73ED602913EF267373C7C
:10BB90006B254D3C241C8E3ECAD28A3EA8BC483E32
:10BBA000DCA97C3E6734183D002A813E00844F3D6D
:10BBB00009D6413C23C1653E3F96AE3D878906BE0E
:10BBC000EF12043EA4A2DBBD001EB4BEFA3B7EBD54
:10BBD000FB44963E3B7299BD924A28BD784B983CF7
:10BBE0004F95A5BDA0035DBDBF84963D1FC1983D87
:10BBF000434AE7BD79554DBEBEDCAF3D0512413E1F
:10BC00004F81883E5B748FBDB8898FBE88499EBDC9
:10BC1000920903BA8D590BBFC6192E3D175DC43D5D
:10BC2000A2C90ABEE66764BE43116B3EE9539E3D5E
:10BC30003C5CF4BDA254A2BE1AA771BED745BEBEDD
:10BC400079CAA9BDD08E05BD44A880BDB82205BC67
:10BC5000A8BF64BC72E3043DE67DD8BCEE9A4A3DC1
:10BC6000E001463B8A03A4BD12D64D3D687B77BDFB
:10BC7000CEA2ABBD68C2FF3CDA5D693DE2F393BD85
:10BC800017924B3E42192E3EED1B7C3D70B8C83CCE
:10BC90002958873D3C7AE53CB7AC873D9ABC85BDC9
:10BCA000D78D2BBD625118BD2A82523D8486A43C9B
:10BCB000007836B9682F43BCC045193C569786BDFD
:10BCC000A38C9CBDDEC3753D608C993CC043543C45
:10BCD0003F112BBD0C08D63D1607BC3EC54BAD3EF3
:10BCE000EC63853E5CB7D83E7B73083F4662BB3E43
:10BCF000C335343E62A8AF3E7390043F7FD7C13E48
:10BD00001850D93D254227BD9D31FE3EC75ABE3E43
:10BD100081BCF13EBD9F733EE4E5653EAD15923EAC
:10BD20009619473D08FA063C00D8FC3BE0B88E3B2C
:10BD3000E8009DBD103561BCCC59823C5D8E9FBE34
:10BD400018DDA83E26D0803EFA26D73E1B6C103F59
:10BD500081F9313FA0A2C23EAC3A0A3F7BB5F43E26
:10BD6000C2748A3E1FE42E3E6BAD673E33FA7B3EC3
:10BD7000F10D9B3E8911AB3E315F913E6EDC173F6A
:10BD80003EDBBE3EB4B6643E92DB353E6EEFDD3E3A
:10BD9000271BC1BD96B9D1BDFCA999BC0021993B17
:10BDA0000E33323DE605693D1FC4303CBF1AADBDC0
:10BDB000FEF574BD92A629BE4943AC3EB69C223E18
:10BDC00041F430BE83EBA93DC424C1BDBF58A1BD21
:10BDD000380E323EA0658F3ED6C04BBDFA72013C94
:10BDE000863B09BE415FCCBD852B09BD52FB043E9D
:10BDF00057F4DB3DE9131C3D196AB7BDDDA8C03E11
:10BE00004048DE3E7BE821BE4875833EA58DA5BD3A
:10BE10000A27FDBC472DDABBBD3EB7BD6B564EBDF4
:10BE200009428E3EF41B143CE71F093A557288BE46
:10BE3000D6C7F9BD1123E6BECDDA21BE2161DFBD33
:10BE4000F8E920BEFFE114BEA57EBFBD104460BE70
:10BE500097926FBEC2509DBE1C0062BEC8DF7DBC03
:10BE600099A3973DE32A513D2A4FCCBD9C28B13E72
:10BE7000F1B1343E1E68DA3C32F0363DFE77303E9A
:10BE800043E7813D46F4B5BC9F44803E4174E7BE24
:10BE900091B71BBEFCFA023E8C029ABD8981C2BEDC
:10BEA000F4E3C3BE26F57BBE4C449EBEDE68BBBE3B
:10BEB00010674BBED00281BE88ED99BEA680B5BE8C
:10BEC0002686C6BD7898323DF90D913E43738E3E6D
:10BED0008670653E604ECB3EDEF3CE3D0D1D643E6A
:10BEE000E693BD3E2A9697BC3872683E2E5C803E33
:10BEF000EB9A75BD715F07BE1DDE763C7E9885BEF0
:10BF0000A1AFE6BE39159FBE838E04BB37365EBE39
:10BF1000D24854BE8784AEBDFCEEF3BDCF71AC3DBC
:10BF2000F756E13D7D1C423DEF3C323EC58E843EDE
:10BF30007DA5F63ED870FC3E21BE0C3F148EB43E6B
:10BF400006122F3E240BC33E662E4B3E01278D3D2D
:10BF5000B4B72F3EEC30BC3E0A59573E851D1EBD7E
:10BF6000DF9D46BD16B101BF88BC833E51AAC6BE47
:10BF7000CA62FABED50B15BF76614EBE52D429BD3A
:10BF80009CCFAD3ACDD3DABD1B0FBD3DDDD0403ED9
:10BF900093E85C3EFFA6A43E76E1E23E4897AC3EC5
:10BFA000E62C7E3EBA01373EDBC9B43E4145513EE8
:10BFB00057E83C3E67ED0A3EE454A63C1BF87EBEC3
:10BFC00035A662BE44619DBE0FA957BE25E85CBE82
:10BFD000A26F8A3BB5811A3EE69C8ABC74479ABE22
:10BFE000F7C316BEB9E889BE8071C8BDB2500ABE9B
:10BFF000CFC44B3D2DA00C3D48880D3EFEBA3B3EC4
:10C000003ACE113EA930DC3D6E874E3EBD164D3C0A
:10C01000667CD5BD2353C0BD910498BE2351ECBDB1
:10C02000F95B4ABEBEFEFABDA8C14EBE35AE06BF24
:10C03000836F1FBF575C1CBFBF7C7FBE95DA2D3D51
:10C0400038C3B63D7A779F3E1DBC62BEB186BA3E0C
:10C0500023023C3E1FA378BE00795BBDE2F2873D20
:10C06000FBBD5C3E13B4B33D96405E3E7065A63E9C
:10C07000E0A3D43D298C613B57ED66BCABAEB0BEAE
:10C0800008B82DBFFB8750BFBC5034BFAFC230BF14
:10C0900082BA33BF510E0FBFF072EABEA7F56EBF72
:10C0A00051303CBF5F06C7BE823F813E5D17A33E55
:10C0B0001255C73D9DA5523E8BDD45BD0CC9C13D06
:10C0C0006BFE25BCBE95113E031C483E54AABC3DE8
:10C0D0007190063E051BD73B195C033EE496D23DAA
:10C0E000436F50BD004890BD607D24BE30B010BF8E
:10C0F00057771EBFC35157BFD60023BF48090DBF96
:10C10000E20115BF2D8DA9BE9D5907BF9471EDBEEB
:10C11000785A01BEDADCA83E57B9673EC4FD05BEB9
:10C120001C127D3D0EB58C3EBD5EF93EF95ADABC5F
:10C13000CACAC43EE610D43E58351BBB195CD13D7B
:10C14000348A193D0C4023BEC86BA1BDE181473D37
:10C1500063838ABEB77DD43B70F59A3D90DD91BE76
:10C1600024FA95BED3B6A0BE502045BD89D08EBE60
:10C17000D77A1CBE1D2C8ABC32A4A2BDC8F186BDD4
:10C18000AA11A1BDEABEEA3D913DF7BECCB4923DF5
:10C190004BA73ABDACF14E3E4E64113F2C8DA63EEE
:10C1A000D4F51D3F139A013E3A37E0BDAED92D3C80
:10C1B0008650033C87CE03BDFE8F32BE5E623CBE1E
:10C1C000C04FE3BED850A6BE360AA33E7BBF673E33
:10C1D00025535F3D637ADB3DF67F463E38B51CBD97
:10C1E0006FCBCBBDCD5470BE36F860BE24E893BE95
:10C1F0002EACA5BECD7CD63D33E48C3E389F103F9F
:10C20000C43B333CFED3D3BC8A18D03EDD5C083F30
:10C210003271B63E36C33CBE24086CBEEA3309BE5A
:10C220005B8384BE1B228EBE50F31BBEDC74D0BD6C
:10C230002865A0BE47A7413DE402C83E15E55B3E28
:10C24000FD40A33E6195433E674E823DEC11E8BC44
:10C250001089343C352B65BDF4258ABEAE5B86BEA5
:10C2600013F28CBC313F88BD4C2F113D8987143EA1
:10C270009A0713BD1EDB93BC35E4B93E1EA2C73E30
:10C28000C58764BD3B8BE1BE9D728CBE6A5E54BEA9
:10C290007456E4BDA71F17BE2774E33DBED2FFBD91
:10C2A000CC896DBE7789773D7DF8003A7899FD3D60
:10C2B000D951A23EE7A6103DD3604D3E21F80F3E76
:10C2C000D1CCC43DAF1BB0BC24DD88BC254955BED4
:10C2D00071368DBEE6D067BEBC7E863EE094883E59
:10C2E000477A9C3C56BE9CBE0DEDE1BE99A087BE30
:10C2F0008615C1BE966AE8BE5A7D103DF4D526BEAD
:10C300003F8BD4BD496CE8BD8B3B09BD2ECCD8BC5E
:10C310009A1E03BE5882EABC865CAC3D17BF843CC3
:10C32000C130F73C2CB2C53D5F35C23D68E7D83D12
:10C33000CC303A3EAC2A0F3EB1E147BEC7C58FBEF6
:10C340004D2EC1BD3989EA3C684B9CBE75EE843EDA
:10C3500095BD8F3BDDFEB3BE4AB989BE829B7DBED3
:10C360000FA418BE1ABAB0BD4D09393D73522ABE8A
:10C37000ABFFCFBD1ACBC2BDD9A1C3BDEAD4B8BDF6
:10C38000ECF9B0BD7C89153EF235933E61602ABD63
:10C39000127F003DAC4A90BD765854BD91D7C3BDC5
:10C3A000AFA9CDBCFA589C3DC36C3BBD38D178BE1B
:10C3B000CFA10A3E4DFABE3EBACA8D3E91AB28BB14
:10C3C000DC2903BD483F9CBEEBA63FBE629BF73D08
:10C3D0006B8190BEFC8AE03B7E03853E5106CC3CDF
:10C3E000E78E0ABCA08553BE941548BE9AC0F0BC27
:10C3F00078C4D53D5BD6D33D620A573E73E5133E04
:10C400006222B5BDF3CEE4BC8D3633BCE0512DBE07
:10C410007FCA02BE981407BE1C144EBE234305BE3D
:10C420005D0ED63DA29D353FECEFC43E71CB77BE8D
:10C43000C2333E3EFBCEB1BC1361B9BCED9FDF3DC4
:10C44000DE6C293CBA6A073EF0098A3E5F509D3E89
:10C4500069D90E3E43CBE23CCEE0A23DD9AC0D3EC5
:10C46000ED0E403ED3738B3DC60B2D3EB4614C3D6B
:10C47000D76A40BE7238A23C14D002BEEBE91CBDA4
:10C4800072D119BDA8587FBCDEFEFABD9B6CA6BC5C
:10C490009B38853EDCC6423FF401223FBCA4D53E1A
:10C4A000D3B4F63C012E6CBEF9F4123E72655ABD4F
:10C4B000B3240BBE660E8EBDADE9AF3C7099023C55
:10C4C0001299E93D86B00D3E0E1D123EA9ACAA3E62
:10C4D000D53B853E039F833D6928013E861840BDBC
:10C4E000B8CBD6BDA69623BEB55046BD5C2CF93D53
:10C4F000AA6ED5BD7175B2BC23F257BDCD389B3E37
:10C500009990113F6B9B733FB34AB73DF3ECB23E3A
:10C510000CF73EBDCA8C88BECDF8163E9817A93DD3
:10C520006679A7BD4DCCC83DE418973ACCB7D8BDC5
:10C53000EA81BDBC0090013EEC54103E640D173EF4
:10C540000977B33D4DAA46BD970BD6BD8C936FBD01
:10C5500017AE4EBC842331BEA86CF8BC6DD6413EEC
:10C56000BF76013EBC48FABCEDBB033EA708B63E11
:10C57000F476493F6BA0743FE6D8A43E0327053DFF
:10C580005D71CC3CFCC3663D3FFB3CBE25B3A93D81
:10C59000B746213EE727703DA6B0D73DFFF8073EDE
:10C5A000FAE1173D04EA28BD22BC7BBC84E5D7BD77
:10C5B000DF27B83AE4D759BD46C7C6BC358C673DBE
:10C5C0006757073E2BD04C3D88F6CA3D85A4A53D54
:10C5D0008D92B13E318F783EA1E1B73D24AF4F3E01
:10C5E000B86E383FBEAA0B3F17249ABEF02315BD84
:10C5F0008A45E53D5BDF47BD85F1D9BEEC0596BDBB
:10C60000B24FD33ECD48593E9DAB20BEF388C8BC47
:10C61000FCF0AC3CDF6F03BEAB3EB2BDF34299BE53
:10C62000A542D5BBC6F0D1BDDE27EFBD5405443CC5
:10C63000F174AB3D8C5718BED1D3EEBB2A20AE3D72
:10C640001D57B03E67143BBC464F06BE0550653EC5
:10C650000932F33E013B263E6A25A5BE9D1E9A3D4A
:10C66000DBF2973D86E5773DC97D9FBE097CCFBE55
:10C670002AFDB3BCBAD46B3E9ADD243E581354BE97
:10C68000BB787DBECC2961BEE0C1B8BEF4D7ADBEDB
:10C690007C4A21BEDCCB8FBE8658CDBD03B691BD92
:10C6A000C84D22BE2EDC65BE8E6443BD86DFA93C2C
:10C6B000DEDD8B3E5D0E60BDE8C6513E6841893EC1
:10C6C00047012C3F47290E3D8BF33B3EFB7F993DB5
:10C6D000200D2D3B2446FABC1D315BBEED5E03BF31
:10C6E00093BDE6BD7A12A83E61513B3E56563CBD15
:10C6F000AF77A5BEE9A6D8BE34B2AEBE48A4ABBEE5
:10C700007C9E00BFAD39F4BE67E9CABEECFE023EB6
:10C710007F4514BE5A34043EBDA40D3DD842F93CB9
:10C72000A313213EE3B5CDBD128F563D173E633EA8
:10C73000AD2CF33E9190AE3C20C3003E0033FEB9D9
:10C74000D378903DC21F593D7147433EA775193EAE
:10C75000A6A9A33E4E2E143FC68591BC1024793D58
:10C76000882C553E92A15D3E9E46873DFDE9303DB9
:10C770006F26773EA92F743E31889E3EA0B4C43EFA
:10C78000B96AAC3E0EC7D23E368BD73E85FAE53E3F
:10C79000BB7DB43E2C30CF3EEE65453EAF79C63E04
:10C7A000ECE10E3FF0336E3E293C2EBED5B1ABBD61
:10C7B00052027DBDC40E053DC62315BD62472B3E0A
:10C7C0000413983E45FE803EFFECE03E23191C3FDB
:10C7D0005B2C0E3FD2556A3F7CF63D3F023D1C3F2D
:10C7E000A4D9F33E6BF1653FA686A23FD38A4E3FA4
:10C7F000BBD63D3F5738343F6DC83E3F4B8F7C3FE3
:10C80000E5A1943F9B3D8A3F9308333F3131D33EAE
:10C8100022157F3E696D683CA53B9F3D4D39813DAA
:10C820006CE884BD67EF823D58AB443C319A9E3D35
:10C830006495493D6FA847BD4C504D3E2C26403E67
:10C84000C9A78A3E8DEA273E9DA1AE3E3803BE3E73
:10C850007CB8E83E8FFE153F79E1433F6A31F23EF6
:10C86000EFC62B3F60A51A3F99FF0F3FD95EB83E38
:10C87000E176FC3EC495EE3EBD71CE3EBB37923EA6
:10C88000C7F5923DF481133D9CE8AD3C80DCC3BA12
:10C890000EFF27BD301BA53BC210DEBCC04FE93CDC
:10C8A000D6C344BD513B943DBE241F3D2AB6563DE0
:10C8B00004D39BBD5F2DA5BD342A04BD5C4F173D3D
:10C8C000F9502B3D26BF013D46F9B7BA31BE0A3DAE
:10C8D0009EC14CBD3A936FBD589A42BC320467BDAD
:10C8E000D573A03D3C4A59BDEAAB52BD784697BCD2
:10C8F000D02ABDBB455F26BD6725863DB3A866BD72
:10C90000B72C0CBDDEDE663D5181A43D269C81BD69
:10C910007DACE23B22A8BBBC491D083E10259F3DD3
:10C9200030834C3D9A54603E2FE0933E0CF54C3ED4
:10C930006353033F09A0E73EA56D4BBEE2DAC4BDD9
:10C94000FAE6863DD0AC083FF09EDC3E9AAFB73E9B
:10C950004A50053F9413CA3E94436C3EECB4213ECA
:10C96000CEA8623D8C587BBD79DB8DBD26B2613D82
:10C970006A033F3DCE57593D7B8B863D4A7BA53EA2
:10C9800042E1C13EAE2F713EC0851F3E12F3693EAB
:10C99000FFE1D63D6A8BC6BB187D033D90EB5B3E45
:10C9A000654771BC3E0A76BE04F4A5BD1295F9BC7C
:10C9B00073CE9BBD6D7B5A3DF6F78CBD92B8B93DE9
:10C9C000AEBF8D3DA8C7353EC09CC73EACA55D3D02
:10C9D0009B98053C85186ABD704519BC5EE2203DF8
:10C9E0004FF607BDB3C1A03DB2277FBC41D3A03EE7
:10C9F000A49FCD3EE95EB43E9FB8DD3EB97FD03EF8
:10CA0000B36CC53ED5FD0A3EC0D8823E218B873E21
:10CA1000AE79A53D3042143ED2CCC73E7694043E5A
:10CA200078F7C1BDA5CA663D5FEE0A3D30035B3DA8
:10CA300054FBC63EAAB49D3EC0A3843E8AD3A53E05
:10CA4000D50AA23D02E797BE026816BE624A7A3D49
:10CA50000EFFAABDBAE5FE3CD6DC2D3E0FE4B33E88
:10CA6000E1D4AC3E3B2478BC2458953EB7AE933E0F
:10CA70000B73723EDEC4AA3DBD28EF3DE55F293E43
:10CA8000C3D345BDE20B36BE5A83E2BDE8EA0FBD13
:10CA900043E0753DBE7CBB3D5D5CC03D63B1B83ECF
:10CAA00040C1AC3E75D9B63E22E7BE3E03B8483E13
:10CAB000B3E503BDEC438BBAF08F873EF79AB53EE2
:10CAC000DAFD8BBD82FD523DB1CB863D431659BD8B
:10CAD00098FD11BDBFD873BEDC1E56BE307EDC3D56
:10CAE0001090913E862E7E3D937D0B3E5CB0983D2E
:10CAF0007908D23D12DBACBCF78D4FBDFA1680BD74
:10CB00008525853D0B4D903E6FD3443ECD8E563EE0
:10CB10008CB1703EAA951E3E6090293DB43B833D8A
:10CB2000BFFE55BDA8A3763EE40521BD2F4883BDB9
:10CB30005474813CA48B1A3C7F668F3E07F49BBDE6
:10CB4000A78CD53D9744F73CCAB221BD1A3D95BC90
:10CB50009E279D3EAF35A73E369F3F3ED0353A3E9D
:10CB60003494333D6A8F653CFAFFCA3C88142E3EEC
:10CB7000C02C5E3E2603923EEE4216BC96E6C3BB38
:10CB8000CA3CE63CE2A6003E64A8683EC4DC093E1E
:10CB90003F0112BE43E2B9BE033128BFF4D2FABD51
:10CBA0000014FD3C9310F83E9EF5453E064EA43E13
:10CBB000CF43DB3ECE72DF3EBC7FCABB857EA53D48
:10CBC00007B6673EFFE2933E5ABCF93D7D92153EA3
:10CBD0002CB6113E463E5C3ECB55383E0FDED03E75
:10CBE000AD827E3E7AC8B23E9709CB3C7242D6BD3A
:10CBF0000C8F38BCD5978E3D102D47BA8468943E73
:10CC0000750E943DC6C92DBE6E32F3BEA74A19BD3E
:10CC100096F987BD3474B33EA00E5E3DFB79FD3EB0
:10CC20001F90F13E7839A63DFC359FBC20724B3EEB
:10CC300075CB903E5768EA3D10CE00BDACF2E93CA2
:10CC4000F4ABDB3D65B3453D25D43F3DC7C0013E58
:10CC5000125F3A3EA4A63B3D25C7ED3D1EA1EBBDAC
:10CC6000BF0C87BD1BEF87BD1338333D77C836BD7A
:10CC7000F88C03BDCA1661BE8DFE543E32FF2CBE39
:10CC8000F1D4063D5C58C53EBAF2163E40C5103C94
:10CC90008B2DD63E971605BCDCDAEE3B49FA0CBB71
:10CCA00071B43A3CD2084D3DD8C3693B5DAD0BBE73
:10CCB000C24FA1BE265492BE54719FBE3AEFEBBE46
:10CCC000800229BEB2F827BE9734B5BD16D4323ED5
:10CCD0000B8950BDFFCC933D55B3683DB79EFA3DDF
:10CCE0009DCD32BEBBF6DABE09F7E8BE85D4EDBDF8
:10CCF0003B00693DB3EC513EDF11063E4184543E9A
:10CD00000011B33E1CA6CE3D434F143C38D9B4BDF0
:10CD10005A3BC4BC32C0493E1EF9B23D472751BE02
:10CD20006D77FABE319BC2BE9914CCBE38A616BF31
:10CD300059A5A5BE8FC2DDBD8181193EFBC0FC3D5A
:10CD40001A5B0F3E671412BC8AB11A3E6279C6BDE7
:10CD500023E94EBE4179F0BE252F40BFFFC8593DA3
:10CD60009423C03DD29703BE7F91863D7519D43E72
:10CD7000DAC6633E24F42F3E1F7CD93E0ABABA3E7F
:10CD8000ED8C773E8F540B3F04319B3EF46216BB13
:10CD90007BE3F4BDA6B2B23B6BEDA4BDDCFB94BE5D
:10CDA000A87822BED33D033E8D26293ECB3EAEBDA4
:10CDB0000421C83A94D0663D9932D7BC685558BE14
:10CDC0001E6E4DBE7EE4B8BE298554BE2A7400BDD9
:10CDD000D4AF89BBD979463D0F77793E5CD0F13E1F
:10CDE0009C24D03ED2E4003F935F3B3FF7D7073F00
:10CDF0004F201B3FE929463F22CDD73ECA00C23E05
:10CE0000FEA1F03DF718393E3D4F1BBD4C5E803D05
:10CE1000302EE13DF494B93DDAF6D33DD868973D24
:10CE20006807C3BC8177103E295A5F3D96EB4E3EA2
:10CE3000DA910D3EFD3A27BE97EAC4BE4DBF2ABE29
:10CE40005B6FD8BDE004053E9C36B93E26DCF63E5D
:10CE5000D24A4E3FBD06313F815A6B3FC7AB243F9C
:10CE60002D90163FE1BEFD3E65DB973E3EF5253E2B
:10CE70007C44A1BC81768BBD3155653B7D25B83D99
:10CE8000076BE43C349D16BED166853E2FE7CF3E4E
:10CE9000235B713EFA12D13C1AEAFE3DD5C5893EAC
:10CEA000C601A83C9EEE3EBE33940BBF59C5ADBE35
:10CEB000A370053DAE49873EEAD9D63DBBA52B3EC2
:10CEC0000229083FCC0D453FCF271C3F51B1473EBB
:10CED00066C09A3D9B33683DC7A8EC3DD1A2043E95
:10CEE0004D55B7BC764B583D437319BD9AF9C63DB5
:10CEF000494A3EBEB1862A3D6D6D7E3E9667123F21
:10CF00006830823E5F41023E6B5FE5BC475B763D29
:10CF10004CD769BEF4200B3D5D825DBF7E0589BEA6
:10CF2000FEA54ABD5A8F213E9A84A2BD2A296FBC14
:10CF30005B65113EE067E9BCB88E7ABD9724B13DD0
:10CF40005F0F3FBE721B4DBEF4052ABE7FD8F8BDF1
:10CF5000C3A924BD60EEC3BD9633843CD56E08BE24
:10CF6000CA343DBE9C44093E7595003F48BB123F04
:10CF7000B2ED853ECDF106BD727AB23DC3AF963DAE
:10CF800084ABE1BD041134BCCD5C19BFF667C2BDF2
:10CF9000938F053D5A72783EC2B0CC3D4ADCFEBD4F
:10CFA000FF9EFD3C0B7D35BE27EC96BDE32DACBB53
:10CFB000CEB167BD8FBBF4BDFC5E38BE7B88963CAE
:10CFC0006D40963DDB8A4CBDD94A6EBE74EA6ABE9E
:10CFD000F85B1EBEEAD6D93DEA13ED3E6F5ED03E49
:10CFE000900DA43D4855B2BEF048B1BE014CF9BD0C
:10CFF0005278E0BD8E55ABBEBA5A15BF43F08FBE16
:10D00000120348BDA4B20C3E87099D3D37B054BD04
:10D01000A26194BD317523BEB3867EBEC0A94DBE4C
:10D020007F47F0BA922155BC49C2E0BDF4E0CDBBC8
:10D0300052A8CEBDC20D8CBD469AD7BE9F4CB6BE7F
:10D04000FDEE78BD85E7B03E3EFF903EEE27673EA1
:10D05000A4C8A0BDF4F961BC9F36AE3D46BF5A3EA0
:10D060008D94093E76563BBE684A5EBEF7DF39BEF8
:10D0700082C13DBD4AE0683D02488A3E7B9820BEA1
:10D0800051438E3D15FE36BE0E9A44BE5AF2A3BEE3
:10D09000476158BE1F4AF9BD342503BE4E835A3C32
:10D0A000DEC613BDD94667BE3D9EECBE0E0A17BE56
:10D0B00008EA853E7589623E03E80E3E4855D93D33
:10D0C000D16EA7BD067CA8BAE28219BEEABBD5BD67
:10D0D000D35B94BEE53567BE6F2FAD3D9375F0BE53
:10D0E000877F9DBDF922AD3EE08B343D69DEAEBC4D
:10D0F0007C1E9D3D47DDB8BD7ED6B6BEBA9F4ABEFA
:10D100002DD86FBE7F090DBDF350133DC4FAB2BCDC
:10D11000DF5457BE20BAFCBE99C206BE98E18FBD4F
:10D12000405B4DBC63099B3DF5281BBE6A0C4CBEA1
:10D1300004C95ABE34964DBD9BB998BDB73DA8BE33
:10D14000ABAB65BE61C008BFB793B8BE5047D6BE93
:10D150003173AA3D1CD8AD3E7E8586BEBB8DB0BD69
:10D1600036EC0FBEF1B6D1BE630A0ABFD6C97BBE8C
:10D17000259854BE68A10CBC82ADF2BD7529ABBE2A
:10D180006B8BA6BEE3034E3C15923D3EDE45563EFC
:10D190004D5F20BD5020ABBD44C39ABE24D1AFBE6D
:10D1A00078AE82BE85FE99BE6F0A52BE75478ABEB2
:10D1B000963EF7BEFC1030BE14D045BE29B0BFBBB2
:10D1C000114C10BE645627BED9E4C5BD5F6C50BE7D
:10D1D000140FCDBEC83AB6BE3CEED0BEBD0B8EBE5F
:10D1E000075D21BE56366ABE51CE7ABEAF8CE0BD19
:10D1F00060C8FF3CA9DD973EAC2F2B3E36EBE23DED
:10D20000DF33583DC33722BE7749C3BEE9DA94BE47
:10D210009912C9BEF1BFF8BE8C11CEBE1C41E9BE49
:10D22000C6B551BF5286C5BEF60F3D3EFF7C4D3D93
:10D23000F8C1ACBD4D0D99BCC34A99BD258965BEE9
:10D240002F8110BF45BFAFBEBFDFF3BDEB72D63C31
:10D25000982995BD8E3A98BE7093CBBBE2197A3E61
:10D260006622EA3E0475D93E28EA6C3EF3A5A23E4A
:10D27000A723803E6D8BCD3D7CAFA3BE9D82B7BE04
:10D280003543C4BE2B4D95BE2FAA0FBD0BE873BE10
:10D290005D8140BFACAA88BE29CB893E58D589BDE7
:10D2A00058642B3C005E6D3BCE214B3E21EE673E29
:10D2B000E8417FBE586AA9BD6BF7AF3D614DB13EF5
:10D2C0001CA8DA3EA204933E1AEA903ED6F4953E9C
:10D2D000D8FEC83C0C85513E7E213C3E1DAC1B3E19
:10D2E0004B7DAB3DAF52E0BC2F41013EB7461F3DE9
:10D2F000E9BA0CBEB9070F3DEC3651BDB2C3C1BD92
:10D30000BECC90BE98FDE53C2B6EC9BDD87AE1BC81
:10D31000B949A93D5EA1A5BD3F00323E0021023FB3
:10D320007BC6333F06C4E63E6B1D053F0C43113FF1
:10D3300062AE0C3F32F0DE3E62F2CB3EC54AC33EE7
:10D340006CB1CA3E0E6B9B3E3319B73E033FBE3EE7
:10D35000FF12113F4A667E3EAAFB0ABD676D1E3E64
:10D360006479013E86B417BCB1AB2EBD31B042BD6D
:10D37000969BCBBE352996BE423213BE46AFA1BDA9
:10D38000588A4A3CF02F113C5505CE3D3CE50F3EF6
:10D390009684D33EF3B81A3F3039D73EF34E043F5C
:10D3A000229E9C3E14DA5B3EC5E12E3F15C6493FE6
:10D3B0006D066E3F230F583FBF986D3F437A913FF4
:10D3C00020B99F3F51BC533FB60B913F405F843F14
:10D3D000C291153FF8EED13D779E1DBEA939D7BE4B
:10D3E000E86E02BF914D19BEAE43DFBDC8890EBCC9
:10D3F000645E5ABD28B21A3C3B829C3DB8377BBC68
:10D40000359BD43DC7CE203E5E9B623EB50ABB3EF7
:10D4100051700C3F1B56103F799AD23ED84B093FB2
:10D42000E936553F8B83393F3FD2253FFE15143FE8
:10D4300043DD563FA023343F2BAF743F833A2D3F4B
:10D44000DCCF273FFE81363FEF22D93EB967E53E6C
:10D4500047EDEB3D0A93B8BBAE833D3D65F3A13D7F
:10D4600020BB503B04CB45BD671952BDC4C7DA3C55
:10D47000A6DC97BB2A6E39BC2B4B793C884B923D7E
:10D480001F354B3E84021D3EF4C4853EC3B9163E93
:10D490001339783ED1018F3E25AABB3E5125083D68
:10D4A00056E7783D2363043D75D5323ECF98313E33
:10D4B0008FC7E63E6C5DE43E336EB63EFD6E3E3E8B
:10D4C00052715BBD80BD25BAAAF6453D2A3B4A3D57
:10D4D000351815BD43488F3DCC15193D28EBF13C5F
:10D4E0003CE2BB3CF06D533CD012C4BCFE375B3D0C
:10D4F0003A8C6F3D34AD99BDE02ED63B2A6296BD85
:10D50000D3B003BE59F3FABD90265DBD82484C3DB1
:10D51000A861CF3C20151DBDFF3AA33D85A4A33DC6
:10D52000804DA5BC07DCABBDF246D4BCC0EBD83BFC
:10D5300068E707BC21AC46BDA73DAC3D971F8DBD3C
:10D540004ECE4D3D7D686EBDAE6474BD540AA63CA2
:10D5500001D8C13C7CABDABD400583BEE876ABBEEA
:10D560004D9C95BEF61F86BE4C3C74BE9D88BBBECE
:10D57000298EBBBEEFFBDFBEC296DBBEEEF712BF4D
:10D58000AFE9CBBE3F94CBBE3B4B50BE9637C2BE3D
:10D5900023E6A0BE890E8DBD07B252BED3C4ADBD79
:10D5A0002039D2BB64EF9FBD1C625DBDCE2D1B3DFB
:10D5B000A0A8D4BB006024385AD015BD23C1E0BD5B
:10D5C0008AD107BE9C976FB9C4B42ABE8020E2BE40
:10D5D000D6BCBEBEC78669BEC37ED1BEC2ACCFBDFF
:10D5E00025A73D3D131C63BE0912BB3D8B09E0BD61
:10D5F0002B9511BE930A6E3D93BDBE3D28B4AFBEC0
:10D6000078EA9CBE62C638BE452736BEC945B7BE5D
:10D61000D1C60FBE6A88053ED605303D4C5220BDAE
:10D620004683333D1CF36EBD5D20513D808C0DBEA5
:10D63000E419C7BDC6C961BEC325CBBE827D98BEF5
:10D640009731A7BE20B1E2BEC53BAABEE08D0EBD9C
:10D65000E31CF43C84B9333CC3FBDE3D56C28C3D35
:10D6600024C794BB7E1095BC9DE520BE03E3CDBED0
:10D67000CCFEE7BEBF09CE3E3718AC3EC575A93E0D
:10D68000F28C9BBE13EDAEBE178F58BE38EA9B3CA2
:10D69000C877B5BC8CB280BD44FC80BE5095C3BE7B
:10D6A0009C48FCBC5E029FBE431C43BE0C085DBD93
:10D6B000A7D6ACBE5124C43DF6A85A3D4691663D5E
:10D6C0001259293EB001DC3DC29CA23CFA35BBBDDB
:10D6D000D19134BE31E0CBBD3A6774BEE066B9BECD
:10D6E000FBCCA3BC02F30E3E7E7C9C3D539EC83E09
:10D6F00044A33A3F9DE9083FD4F9D73E3C8A483ECF
:10D70000A8B891BC5C1582BD206D46BE1B61CDBE24
:10D710005B9F7EBEEA3209BF6382F7BE83F116BF0C
:10D7200022C57ABED6BDD0BDB005E1BD2428B53E28
:10D7300052E99C3E184C253E5833373E323A07BDDD
:10D740005DA65BBC46EAAEBD31841EBEA8965EBD3A
:10D75000DEA53ABEBD5B47BEB9E822BE3B47D1BDA0
:10D76000420AF63D6105F53EC48CF93DA3080B3E27
:10D770006BDD15BD984D9DBEFA97A0BE087901BF1F
:10D7800076E0D4BE6F5663BF5FE04ABF361F0FBF5F
:10D790008C6C57BEEFB345BE35D33DBE7569EABD4F
:10D7A0003E67C8BDFCD19CBD3A37293D89A5633D84
:10D7B0009C3C97BD5FD9AF3CE5DB89BC25AB6ABC1F
:10D7C0000A5B97BD0B467FBE5B92D3BD759C493DFE
:10D7D000DB5F81BDB112203FA5E408BE2F6551BEBD
:10D7E0008A7071BD214113BF9B3893BE57C70EBFCE
:10D7F0005F9A1BBF28B7B1BEEE2FE0BEF409ACBEE6
:10D80000D85125BEEA1650BE9051ECBDFE676EBEE3
:10D81000BA5359BE01C032BE77882BBE87AF19BD3F
:10D82000871224BE8B3F39BE612687BD4170703D93
:10D830000FADDEBD514397BCAE4C11BEFC4530BEB2
:10D8400022BE8DBD97508A3DFD6734BEF4E635BEDD
:10D85000C3006E3C8EC489BE8FF33DBE6BEB09BF27
:10D86000BD8E06BFFA5B5BBEC0D33CBE58DA97BE26
:10D87000451E3DBED0E49CBDFA1F84BE60E6ACBE32
:10D88000BD33C4BEAFAF78BE1AE7C7BDEB3CF9BD30
:10D89000A40B36BE0A4327BE2BEA06BEA029D8BD7C
:10D8A000BC8207BE1B69923C29B94ABEDF8DEBBD25
:10D8B000827D053EF8891E3D5F02093EEF49593ED3
:10D8C0003C5CAA3BAF588ABE8963E2BE7B9F80BEA8
:10D8D0006D5DE8BE9553ACBE77EE903C050E8ABEFA
:10D8E00030AB85BD3B1CA83D412E583D47D63ABEC6
:10D8F00068AF9ABE7D7D11BE867767BE61E2B6BD18
:10D9000057F65EBE7F2033BEAED73DBE3D051DBE81
:10D91000DAF446BDCF94BCBCBF41EEBD206505BE68
:10D9200092C5B4BC7FE4ECBE81ADA8BEFDEE04BFE1
:10D9300038E245BD82782BBEFBA50ABF4993F9BDED
:10D9400026C314BEE2284EBD35D0633D7AE4DA3DED
:10D95000DCAC8B3E9477813E4E39F63D6C2FBCBDDE
:10D9600075F74DBEAC3819BF96DBD1BEA1FC93BE96
:10D97000BBFEBDBE332350BE9D7C9CBDCDA58DBDE1
:10D98000E0B5F83B5D4280BD4926D8BD4D9FB1BC96
:10D99000164829BE9162F8BEE54F1CBF1FDCC9BE08
:10D9A0000D62203CB61261BE79138DBE54CD89BD87
:10D9B000D8F38FBD718E923C998C0A3E3F58853EBC
:10D9C0000CD70B3F591E993ED123AD3E8225143E04
:10D9D000AF463ABEBEC808BF99DC97BEA7D263BEA9
:10D9E000345311BEAF94353D9FB454BD7C647C3D2F
:10D9F000D10AAB3EA198D83DEDFC743D65A4533EE1
:10DA0000198F903E7C83693DAA0C59BECD89A9BE71
:10DA1000A36CCC3CAFF5C4BE3EADA4BD684AAA3EE3
:10DA2000F45F4B3EF889423EF091BB3E64F79E3E68
:10DA3000E7CBB13EE5F3953E0190083FC1B4B53E5A
:10DA40006EE6FB3DA6DEC7BDB7C96DBD9E1E82BC9E
:10DA50002F03B73D9F11603E136E0F3EC785C53E35
:10DA600024C8983E1704B53EA586923E017EDF3E4F
:10DA70001F0FE93D874CC8BE7DD9AABED3E8ADBE15
:10DA8000CFB9B23B050D74BDA7E305BF1D04A43E8D
:10DA9000E2AE183F4697BF3E01963F3ECCB5C53E2D
:10DAA00054B1C33EB4DDB73EF19F063FFF392A3F74
:10DAB000D5852B3F6223CF3EA7E1473EC2A4993EC6
:10DAC0009854E93D4D3FA23C852A893DA73A193E2D
:10DAD000F258203E14A0923DCC59953E6481F8BC8A
:10DAE0003C1237BF516E04BF36A9D93D96F1EE3DC9
:10DAF000C9C2A9BE3B60D6BD8E7ED3BE0BCFEBBDE7
:10DB00001FEC933E0B11BA3D7B908C3EA15A593EBF
:10DB1000ED32B73D5059073E1E7A5D3EC5C1213FEB
:10DB2000E979263FD3F2D23E9BBE433E9FBF253EBE
:10DB3000B92B6C3E1BB7403E50B1D83DF1E1B3BCB0
:10DB4000636F2C3DEBE52CBE12B79ABEC875CDBEF7
:10DB500047910FBF84DD093F9B74D5BD4A32CEBDCE
:10DB6000A4754ABE4D3C55BEFFD206BFEA2A8ABE06
:10DB7000F7E660BE9C0009BEF17D7CBDCCA9053EE8
:10DB80009AD1F73B376C9F3CFFD3243E2ED0E73E23
:10DB90008A9EC33E9C881A3EC5A4C03D11CDE63D79
:10DBA00051836A3E58ACD83D180EB7BB198F36BDAD
:10DBB0003C084DBE52F183BE424696BED73D92BE52
:10DBC000F38AE7BE6CE5C43ED6D893BDAF90A53CC2
:10DBD00001F72FBDA63372BEF1440ABFCCA1BABE75
:10DBE0008E2E4BBE9D04D1BDB82CEBBA860D04BE63
:10DBF000E831843AC980883D767DB13E76B29D3E5B
:10DC0000F5C2DE3DA15532BC6871E7BC7828AD3D58
:10DC1000EF5F283E11744C3E7D5A1F3E76BD32BDEB
:10DC2000EA3C13BED1AA92BE7D5D11BCCF09E7BD0F
:10DC30006397F7BEE37EBC3EC7519CBD07FB893EA0
:10DC4000DB2053BD937194BEDAC176BE8E1302BF42
:10DC5000B9A4BDBE990D5A3B013FC23DCA6FB13D4B
:10DC60005960923EA2E5A03EE236DC3EC048393E15
:10DC70004F7CABBC0098ACBDBC01283D0020073EEA
:10DC8000D138363E41D717BD0C70143E81CC8BBCC9
:10DC90001115C7BDAFE565BE61B6CEBDFAF648BE8B
:10DCA000FD08B1BE5CC4C4BCF316A5BE22E23B3E77
:10DCB0008F23323ECB8A1ABE4C72B3BE438A36BE25
:10DCC000F436CCBE4EF9CDBCF600423ECEFAFA3E5A
:10DCD0009F0DD93E5AFE1C3FD133F23E6181D23DA9
:10DCE0007651CBBD0E2B653E4024393E011ED53CFE
:10DCF00086AAF3BDDFEDF3BC0F2CCFBDF200183EBA
:10DD0000B28494BDC805B2BE2EC7F2BCFF80493EA6
:10DD10009C68973EE756453EE79EB9BE4E0B213EB6
:10DD2000008E93BDCBB396BD2C66E2BE810081BC54
:10DD3000CAF08BBEBC9D03BE1066FF3D20C7083FE6
:10DD4000E7A40B3FA52C6F3EDC7F003EC3F182BEF3
:10DD5000531036BE1692CA3D50C70F3D2541E5BC53
:10DD600054705EBD5EE302BEE8E883BD571F65BD2B
:10DD70004C35B73BA178E0BD4AC3313CC5519C3E10
:10DD80002336EE3E4411FC3ECB2221BD38C0183E66
:10DD9000F73743BDEBAA04BE5E311DBECF8D86BEF4
:10DDA0002B194A3D00602F3EB6440C3E49B3993DC5
:10DDB0007AF3423D0413A5BDE339C1BE402FEEBE48
:10DDC000F3C1EFBE41DA28BEB2681CBE6D16C9BCF5
:10DDD0007051BBBD308452BE040987BE6D78943C3F
:10DDE0000E67C73D2E90123DC79EDD3D007FB83EB9
:10DDF000B9D4043F6A7AFD3EEB0F2DBE63A5873D83
:10DE00002841243BE145C23C5E49CCBEBFCF1DBF8B
:10DE10003275C03D6E31B93E052E273EB1438BBDF4
:10DE200097294CBE622568BE8B85B3BEC3EE16BF74
:10DE3000B7F902BF96644CBEEB9355BE258955BE1B
:10DE4000ADA89ABE8162A4BE118B7FBEA7A388BD78
:10DE5000BF179A3E745FA03E8B39913EF377D23E56
:10DE6000CBD8AB3E089D473E46C7A3BE55F9873D7C
:10DE7000CE9660BC8E148FBDB9446EBEA91821BE6B
:10DE8000C61ADE3DDE08BD3DFA15DF3D485725BE0A
:10DE900034E916BE0C38FBBCD429523D1CECD9BD6C
:10DEA000380D57BEB2B960BECA2909BE8612B2BECD
:10DEB0006CA473BED8C968BE821234BEB791E7BDE8
:10DEC000E24B723E77CBDF3EA360003F81F11E3F05
:10DED000DDE2053F833CE43D1E06D9BED132513D13
:10DEE0009AF44B3D8F9D823D44CEC7BEFC1749BE80
:10DEF000A771E0BEDD0FB2BD448D8ABEC0999CBE45
:10DF00006E2C2A3DA670BFBD0F51EDBACB3B09BEAA
:10DF10005CD222BE252487BE085042BE61C9D8BE4D
:10DF200020B47CBE4804B1BE64D302BD98A4A83D11
:10DF3000EF47D23E4C3E213F1FDF103FB196013FDD
:10DF4000F131073F37AA543E279CBDBEC0BC5ABC26
:10DF5000D4537ABD2015FFBBED6396BEEDFC0BBE1E
:10DF600079C145BEC84938BED0F0A8BE4F260FBE05
:10DF7000371CC13BF5B573BE58B6C7BD88CE7DBD55
:10DF80007252E9BD7C6D8DBE55978ABE12412BBE83
:10DF900014A4B4BDD43A38BE1D63823E41D6823E3D
:10DFA00059FCE73E1DA28D3EA97E7E3E2E51CB3E02
:10DFB0004F4AA63EFE1F773EFBF55ABDF86E463C23
:10DFC00086797F3DF2454FBDE2AF193EE4009E3DAC
:10DFD000C89748BE4C1C05BEF2E8A33D3DDD73BCAE
:10DFE00027736BBEE55499BE2E6D9EBE9F5192BEA7
:10DFF000ED3CB2BE07DA3ABE8AED4ABDA6A397BD94
:10E000005F26E53D640C803DF044CBBDCE4854BD59
:10E010003C72E03D57FF953E33E5C73CFF57053E58
:10E02000A1CE04BE1C7AE63D6CB6AEBD1C24023DFA
:10E0300037952DBD80D4B2BC80683FBC617A263E46
:10E04000FE3CD53E3F1132BE1A64913CAE3C803E50
:10E05000C98AA83D4D7E9DBD638910BE034F1ABD80
:10E06000E1044B3E4D0A60BD34A3AA3D0B9FB4BDF5
:10E070000A7764BD65C0E6BD02430BBEDD5AEFBE44
:10E080000B330CBE15F46F3E29AFC93D12B3F6BC7D
:10E09000580601BCC38D5C3D88D18E3C00099ABBFB
:10E0A00098212EBCC7291ABD563D483D1843D13C86
:10E0B000B38184BC7B38F7BD328B153D60A0393EFF
:10E0C00024B2263D85CC96BE3B76A7BEFC928B3C07
:10E0D000B274313E6EA10EBF93D528BEFFF62C3E22
:10E0E0006BA04DBE004CC6BEA5ED773D6ECF883C03
:10E0F00025AFFF3DFF19ED3DE5110C3E3460C3BE79
:10E1000046557C3DE194853D53A55EBD86458EBD5B
:10E110004BEA9B3D6068583C8E552C3DD5EB9D3DB0
:10E120009BFC973D4D7F813D16F7A9BDF248E5BCAC
:10E13000348FFB3C010212BD40B4CEBAC08CFCBB94
:10E140005982863DB8C9ECBCFD2C7C3D6BCC16BD1C
:10E15000788765BDA67B68BD668B41BD1679373D66
:10E16000CAE53F3D943378BD61FA16BD0A42463D8B
:10E17000915F13BDDF1DA53DF0F3C5BB9880A6BC24
:10E180005A9D513DC1FEA9BD36DE693D48CC83BCD8
:10E19000FE1195BD521AA23CC33BC93B807D1EBCFB
:10E1A0004275023DDCC7D3BDF1E580BDFC9711BDD2
:10E1B0000E612A3D8EEE1D3BDF27C53E2996BB3EF4
:10E1C0005FD5023E8FFEC2BDDB2813BE7EDF0F3D52
:10E1D0001BB4BF3D727DFE3C6A6A623D1C3DEA3D58
:10E1E000A40D9DBD182CB03C287E42BD586E9E3CAF
:10E1F000D2006B3DDE582BBDF08549BDB1A9C23CB4
:10E2000016ADF2BC17ED40BDB3CD563DAAC0A0BDC2
:10E21000DF26B5BEF419CABE5846BABED289E5BEDD
:10E22000344074BE2D7D2E3E73C850BCCFF2853E67
:10E2300069C68D3E2D2013BE06BDA53D4AB00CBE5D
:10E2400062560739C8F42ABDD2063EBEEF3F3ABE39
:10E250005ABB27BC7A1CBD3DD233333D02085B3D1F
:10E26000FD440DBD5DBB9E3DB5961ABC3277AA3DFF
:10E27000F9801CBD987384BD91EB5DBEE4BD9DBA71
:10E28000F6B503BE765929BEE5E1CDBDB61C7BBE11
:10E29000EF2D333DA628CF3E69BD283BE3E3EFBD1C
:10E2A000E81EA33D665CD73C405E533D664E83BE90
:10E2B0003588B4BE6C5C10BFD433C3BE2CE8FABD45
:10E2C0005DE85FBD9802043C2BA422BEC2836DBDF5
:10E2D000278205BD32058CBD0F9B24BDD1B08F3E7A
:10E2E000E306A83D625790BEBD5081BEFEFBC2BE94
:10E2F000589B173C9816243EBC64A43D4441493EBB
:10E300004700773E470B033ED1ACE93DD3AA473ED9
:10E31000FF55023E95189A3A2033393DFBFCD3BD98
:10E320004B0197BE7E2CD4BE8F4CE0BEAA4C2EBFB4
:10E330008B18AABE5C17433DE8D1EC3E522000BECC
:10E34000639463BDA3EC8F3D67EFD93D4B49043F18
:10E35000E05816BE545ECCBD43D8B4BE93D230BE96
:10E36000C1E0043D88FD4B3DED09293E7DEB9C3E1F
:10E3700031DD123D937CB43EDB5C733DF9E5523DEB
:10E38000679492BCB1B5113E5FBE953EE59C9B3E45
:10E39000B3C44FBD3103243DB63616BE5ACAF0BED3
:10E3A0002D1626BE53FFFD3D34945BBE597188BEC9
:10E3B000D3E3893D78F889BE15A5FF3D10F0DB3E1B
:10E3C000C6E9883DFD66D5BEA2DA45BE2FFD74BD07
:10E3D00017B4323E8E07753DFBEFEB3ECB859F3E7B
:10E3E000CB5A963EF8C2BF3ED6D6A63E6A14AD3E84
:10E3F000C198C53EA024E33E4142023F0D17C93EED
:10E40000308FB43E54B3963E05EC3C3D878013BE3E
:10E4100016CCB4BEC730A8BDE7B648BEAD3CA9BD5A
:10E4200006F6FCBCC55A1CBF1F3C69BE8064C6BD55
:10E430004E628CBDF0F040BF1FA5E7BE3EC852BE85
:10E44000AA987B3D93A4C2BD6855153EFA83113E40
:10E4500072B1E43E8F19E33E9E56DC3E3980DC3ECD
:10E460002D99023F887A8B3E3389243FE894163FEA
:10E47000D4BEE63EABBAFD3E18F9963E220275BC0C
:10E480005672B4BED312E8BE203F3E3D5D5CB6BDC1
:10E4900040EE0E3DBE8092BE52ADFFBE4C37B4BEC4
:10E4A000714A21BF64D5EFBEF65A15BECD07D1BD66
:10E4B0003F51523D3DC2C8BD4C12483EFFC1FC3DDC
:10E4C0006FB8EB3E4AC6073F6B13043F7B0B033F1D
:10E4D0000333173F77C2CE3E4D0F063F9B58FD3E9C
:10E4E000957C573E2951503EBAC47E3EA9EDB8BD39
:10E4F000B5099CBE4DF79CBE789AD63EA98B533E7B
:10E50000755B3ABD280285BEBF26E9BE02D073BE48
:10E5100056DA75BE402D89BE1A26913D326AE23D1B
:10E52000EC620DBCB6522D3E269D933E740CD43D3C
:10E530007DED1B3E1C8A9E3E2088C13EA22AAB3E3A
:10E54000869D193DD8D3103E3DE91D3E1A1A633E03
:10E55000D9D1263C076865BDFA5A0ABA1955873DD4
:10E56000A456263E1B805A3E5E5F113CEE4DA4BE73
:10E57000A00F6CBD4BB02CBE8D1F3CBED2D7A8BE29
:10E58000883F00BEBC9CF73B43BD543E3A85BD3C32
:10E590005AB5BF3DEC21963DB94B823EE3BD7A3D75
:10E5A000FCEB503C1719CF3D8A2E8A3DD96598BEA9
:10E5B0007F9927BED9DAB8BD5116993D89D60E3E4E
:10E5C000138D15BC56B9D83DF827A93D8FFAA83E42
:10E5D000CA22353ED29F58BEA1D023BEDCB0263E13
:10E5E0009FC890BC6D5087BD8B84EDBD7D9C93BE54
:10E5F0008676A4BCFFA4D23DFC33B83E664B773E82
:10E6000095A0CD3D109938BDE02B4A3D81FE6E3D71
:10E61000090D89BE4D6CCABD9A099DBED2E8A3BE44
:10E62000A801A8BEB17F213CC1CEF93D32EAABBD05
:10E63000CC8D503EB5EB6E3E2F140F3E677F8E3E65
:10E640004E1F053F6197723E4EDD0F3F340CC43EB6
:10E65000A0AA67BD0725343DAAA6D63DF668FCBD35
:10E66000ABB3833EA159653E1E8F603E33C83D3C2F
:10E670007AEFA1BD1E7E893DEA3B3DBE94E2B9BE64
:10E68000514840BF26740BBFB242DCBDB469ADBD7A
:10E6900027AF26BED3B8DB3D4148C63D211337BE68
:10E6A0008AF2CBBC04DB3B3EB78D153C4A979F3EBC
:10E6B0004AF5303D5C87CEBDFACE213E78B4D83ED7
:10E6C000D8F7463D5810AA3D103AAE3D8BF2DB3DDF
:10E6D000BE8ACE3E259BE9BD3F70BABD99DFCEBD57
:10E6E00004FF54BE0F9FA2BE41588CBE10AC08BFA1
:10E6F000A7081ABF72295DBE4543903C0A750CBE3F
:10E7000006983BBEF1FEECBD68A96DBE413C82BEE1
:10E7100077F97BBEFA48A1BEA4A28CBE9E9E56BECF
:10E7200060C013BF0CDDD8BE7050BFBDEE51003EBF
:10E73000977592BE8ECB223E029C743EE5F68F3BCF
:10E740003F600EBDDD9170BED0BC89BDB4F896BEF1
:10E75000CDFD6ABEBB9D9DBEDFA455BE1555E2BE74
:10E76000014CA9BE650FF73DDBDF113D2355C1BD4F
:10E77000479294BE9C1E9BBEF96B3BBE93F3ABBE0F
:10E780000DD290BD960D6ABE60B47DBE159294BE4A
:10E790006486E9BE3757F7BE1A931D3EBE5F153C2F
:10E7A0004E9D51BEABA96C3ED6D198BEC028BEBE10
:10E7B000D6688EBE44635ABEA88982BEFE1F57BE6D
:10E7C000B89518BEFC1356BEF24FE7BDCEED9DBD09
:10E7D0007ABE2DBEE52FE13D46AFD6BC3560B5BE55
:10E7E0003AB68EBE51A8ABBE5C7523BEAB0594BED7
:10E7F000408A1CBECE8457BE44324BBECD3011BEC3
:10E80000F124B9BE59CB89BEAAC0AEBE4C30843DFE
:10E810006CC9143DC9D8A03DD41F913EAF7DDABE6E
:10E820003DD991BE577621BE2DF37CBED1795DBE18
:10E8300023230DBEF09A61BC6AFE8B3D94D88B3DBC
:10E84000794E843DC9EC10BE72FA40BE1AF2D8BEB1
:10E850000283BCBE7118C6BEE09ED2BE1E4412BF6B
:10E86000D049C1BE0245C8BEF9061FBEED423DBD3E
:10E87000D723B8BD656F56BE7A4DDCBEDFA84DBD4F
:10E880001253F0BC929E833DFD0A7CBECA75DABE6F
:10E89000A0B791BE2464A2BEC75199BEB3D927BE0A
:10E8A0008C50223CA27CA2BB2A0A2D3E8303233E2D
:10E8B00086AC003E0FDE8BBDA4751ABE6BD34BBE7B
:10E8C00062CB6DBE08CFA1BEADCE14BFD11077BE56
:10E8D0009FF188BE01FBC3BEA0030CBEA379A5BEF9
:10E8E0007F6C1CBD6EC48BBD90CD913D10A344BE0A
:10E8F0008CDB8D3EF35598BD219E46BE6BC9BDBED7
:10E900007D78A6BE8647D3BEA9AC6ABEA401EC3C06
:10E910009BCB28BD13A7A23CCF3EAE3E62FFAC3DD1
:10E9200096F2B1BD6F5EA2BDFBAF35BE8FA82FBE04
:10E930009EBFB0BE51528EBE1302D0BE1BA880BD7A
:10E94000FDF3D13B3DA5B8BE6D1A9D3CCE246CBEF7
:10E95000A8434ABED5FD21BD0A43463EA6667B3D7F
:10E9600049A977BCFAED2B3E30F7BFBE0511ABBE0F
:10E970009192E1BD29718CBE344B34BDA23437BDB8
:10E9800078A3CA3DCB7B773D0D8AB83D8F3145BE1C
:10E99000DD150D3D5F8402BEB79178BE47C023BE32
:10E9A000DFC589BEEA0B7BBE0849F8BC8FF9D03EB3
:10E9B0006FA4743EF0CB363E7E407D3E55F59F3DC4
:10E9C0005694DC3ED0B5653E146FB83DF5F91E3E59
:10E9D000D37C51BD3A52CC3DFFBBF5BE193FC2BE00
:10E9E000CD3C9F3D4B11503EC36C853B34AA08BBC8
:10E9F000BA3191BD44A4ECBC0AA3F9BC5E2351BE5C
:10EA00001FFAB63B551B29BD28FD19BC9685903CC5
:10EA1000270C8BBC271D99BD7E8C433E6CDD223FAD
:10EA20005F42AD3E8EB5A73ED8A7D13E4DBBAC3EB2
:10EA3000824EDD3E2632F13E62E92C3E64F272BD2A
:10EA4000617DEA3D890941BEAC76A9BECFB789BEDA
:10EA5000BFC3C73EE590943E1572C93E5A03923D2E
:10EA6000DF38E1BD645E10BE0E9B113C1D6031BD00
:10EA7000985A53B90F50663D5FDF583EDE5B913EBA
:10EA8000B43A933EFF06303EEB7C7F3E6941B03E98
:10EA900081F9C53E1E82103EF022AC3D0608C93EFB
:10EAA000275FC03E3E53AD3EA0A2733C74D7B1BBBE
:10EAB0009560C23D410323BD84E7133DD91A543EFE
:10EAC000301E873EEEFD0F3F2C47F53ED93A0F3EF4
:10EAD000F78E5ABB46FC05BE59592D3D24DF84BD37
:10EAE00004DCE73DFD5E073ED18EDF3EAFDD333E09
:10EAF0005549C73ED297983EFFBAD03EC25F4B3EC3
:10EB00009691343E5547123D0840383EAC23BC3EFA
:10EB1000894FC33ECB3B8DBD96CFA6BD78326C3CB2
:10EB2000BC1C133DADA28FBD167182BE109B4DBEA5
:10EB3000AC6F3BBEB8D5B03E005F093E72F3E13D1D
:10EB40009999013E45FF2CBEE59340BE3CB7513D2F
:10EB50000C06F63DB620693E91283B3E772FA93E34
:10EB60001384FF3E69E7C23E673CC83ED21D943E17
:10EB7000B5941E3E9E1EFFBD909FC23EBB50273FD8
:10EB800013581B3FC57894BE476E4ABEA0B64EBB15
:10EB900029A6A33D5B36973D403378BEFC3ECBBEF5
:10EBA000F819383E51605F3CAC981DBE5437D6BC56
:10EBB000827EC03D6DDC00BE6067443DC152143DA5
:10EBC000223A6B3EF233C63D52E230BD9E587A3E49
:10EBD00003FA0D3E4AD3423E65649A3E97F58E3E57
:10EBE0009B52493D665A48BEA0F9923CBE5CD93E54
:10EBF000C1F4DF3EAB4601BE428652BD003E453BFE
:10EC0000044E58BD2AA0393D67E1193CB2CDAFBDD5
:10EC1000F749EA3E857F053FD1279D3E8777983E9D
:10EC2000CABBFF3EE140C63EDF41BEBC5B6C0C3E52
:10EC30002C987C3EF9BD0D3E3C35C23DD4B4C73D59
:10EC4000BD1A653E8D9FBA3ECB9E8F3EAE5BD13ED8
:10EC5000C74D903E14998C3E0DD0E83D122A28BD38
:10EC6000F8F4423DB1F3023E4BCC1CBE78B7CA3C2F
:10EC70001CCA84BDED698D3DE4C1D03CF6170D3E44
:10EC80002B2DC13ED21AAB3E0E62363FFFF67F3FC0
:10EC90008F11E93E3569103F486C293F26EF303F20
:10ECA0003F4E443FD218923FA0729A3F16B2113F96
:10ECB00056C21E3F5405213F7E0F2A3F5F332D3F32
:10ECC0000ABB443FC1D50C3FA76F4A3E1E62793E46
:10ECD000AB86AF3EEE096CBCDEA163BDC44A123DFB
:10ECE000B067843C767272BDC0B6093D3B9185BD6C
:10ECF000E6536B3D653F5CBE8F00393D86594C3E07
:10ED000013012A3EF88C16BDC017AF3DA9A9783E65
:10ED1000C9D7FB3E64DFD23E6BA8EE3ECD36993EAE
:10ED2000787BB63EBDF3F13DA946183F34838B3E58
:10ED3000006E09BE8A6202BEC7103B3E60BEBCBD0B
:10ED4000A0C9283B088A1E3DCA4517BD8FDB31BDCF
:10ED5000DA73433D3ABE553D70B1BE3B5ACE103DCD
:10ED600057E689BD3CF592BDE9091CBD9B55923D16
:10ED7000720314BD02FFA6BDB0BFA8BB51289A3DC7
:10ED800018CD873D1D884E3D2BB30DBBCEE066BD33
:10ED900027359B3D8032213B5C59803C5E156FBD21
:10EDA000044AE03C748C8BBCE96B863D6C800B3D67
:10EDB0003EF885BDB614213D4635333D0007593C2C
:10EDC000396A76BD0A03533D60416E3B953780BD7D
:10EDD000004DBB3C9362BF3DB1CC533E5039703EB9
:10EDE0007C2B3C3E28E4053E92EF4C3E0BDECC3EB5
:10EDF000945CD43E46A2903ECB802B3EEF3CC03E7E
:10EE0000B3518DBC2981A43EF21FE23E954FEF3EE7
:10EE1000D8F2F43ED8E0133E53E4D33D3799573D42
:10EE2000E0D8253D88A5EDBC26235DBDDF35A53D99
:10EE30004D7B973D26697CBD622B563DAC0DB93CA0
:10EE4000CC353E3DDFB1B43DD2D4C53E024DF53E9A
:10EE50009456293E848344BE4ED569BE028E26BE9A
:10EE600001D1C5BD20DCB6BC241A59BCFA65BB3D36
:10EE70004D5E08BE6F9548BEADAF9EBD22AD2B3E28
:10EE800087B14A3D3CF88E3D43C1813EBB6A23BEFB
:10EE900021A896BE7BF8C5BE1ADF463DE1EDA6BDB2
:10EEA000DA4A473DA654303D4BBF9E3DF4A4603E38
:10EEB0005090663E6525B5BE691EC4BE8B02D2BEAB
:10EEC000736607BFD66822BDBBB6DDBD91068FBE97
:10EED000473F87BE31B89CBE7058D7BE2AE9D5BE21
:10EEE000424BE4BE2743E3BEC6B5BBBE5CA595BEA0
:10EEF00005DAE1BE89D4D8BE50F01EBEEDEBE2BD0E
:10EF0000DC3FABBE8D8342BE579D003E2691673DE0
:10EF1000DB938BBD88FD73BD9E9794BE7F5698BED4
:10EF2000CCB63F3D026DE8BE20AD8CBE7F7B0ABDF6
:10EF3000C8ABFCBD87C413BD91B760BE4C1896BE6C
:10EF40006BD3E0BEE7C48FBE2078A8BEADBF54BE71
:10EF5000FEF5FFBD9EAF91BE7D20CEBE8CE976BE94
:10EF600098071FBE8F7900BE141E3CBDE8688C3E1A
:10EF70003C8F06BFEB1812BF43F1B4BE50D8143E0D
:10EF8000803D67BDF09DCFBB9CAD873D837688BE3D
:10EF900031AE493C8172B8BE1C051DBE70D45BBE4B
:10EFA0005BF9A6BEEE5191BE4EC071BE327883BEF3
:10EFB0005198BABE76BA81BE360D60BE390C98BE85
:10EFC0009D4293BEE8C118BE696FA53DDF38E73D9D
:10EFD000B3EF1C3D4A51AD3D40D1B83ED3D5653E5F
:10EFE0004CD2463EC1D89CBD5D2190BB7732633E7A
:10EFF00050763FBDF6FF37BE7F4F12BD96F3F3BE8E
:10F00000C6CDA7BC2B59B2BE1EADEABEE9F0ADBE5F
:10F01000E0E4A4BE3942DFBEBE6BA4BE29DC8DBED7
:10F02000E88DA0BE2BD7A2BE4AEA7BBE5A5196BE3F
:10F0300034C320BE7E15673DC84AD53DB2066D3E3D
:10F04000DF7A263EFEF5513D41EC063E720E803ED3
:10F0500087091E3D230AB3BDFBD01D3DE6F57F3E6B
:10F060003C497ABD7F91F0BEEE43BEBEB84B0CBFAB
:10F07000C6B616BFD183C0BEA59AFDBE4BAB55BE6A
:10F08000239634BE5E966CBE11EC42BD509542BED6
:10F0900032BE8DBE43F81EBE3994F33C51307DBD67
:10F0A00009CAEEBD05C7583DDE01873D6B171A3D05
:10F0B000C64C673DC1E86F3C4E9A77BE3A9646BE55
:10F0C0001D020D3E51955E3C7A8D58BE919D9F3E2E
:10F0D00011BE9ABD58CBD9BE1D6926BD480EDDBEF6
:10F0E000325526BFD078AEBE7A235DBE7F2804BEDF
:10F0F0006627D4BDA205AABD7E0C4DBE16F777BE0D
:10F100005E084DBE0840A8BD50FBFD3DEEBB04BEF1
:10F11000E88E1DBE75E236BD306C02BE296F19BE89
:10F12000EAF73DBDF617BDBDA8A708BF457A73BE77
:10F130001B50D13E387A583EAB0F68BE11C5FFBD9B
:10F14000E872753D70C1F4BE8D5950BE1E0F18BFD8
:10F1500014D416BFD419C7BE233996BE0E8E83BCF5
:10F160007EAF903DCE49DBBCCDBE7FBDEE2F36BE1F
:10F17000598631BE1E9D053DB75204BE16C6F9BD67
:10F1800069888BBDEA4F84BE9886F2BDABE532BE7E
:10F19000700577BE44A1B4BEE6CD22BFED7C93BE20
:10F1A0000F0B213FB1C71F3EE229E2BE26D55BBE51
:10F1B000A1EB803D591949BE044E8BBD7AF800BFC2
:10F1C00023DFABBE9D9AA3BEC4832BBD7F85073EC4
:10F1D000ADEDAB3E330ACD3EBC10623DD573F5BC00
:10F1E000001D0D3B5E909BBD3F4227BDF8A600BDB4
:10F1F000D6CC3FBE65A406BE264905BD86002EBE00
:10F20000885FD3BEA039A5BE155BABBE05C763BD85
:10F210002618583FD7E0CE3EC830A63D359683BB72
:10F220009701DCBDE9700EBEAFADBEBEA0AF03BF9F
:10F23000B272E3BEFEF9F63C9097853E7A03CD3E6E
:10F24000CD8AD33E3602B53E635FA83E849A213D07
:10F2500012F5383C2932413B0EEF9DBCFAEB79BCEC
:10F260009ED8B7BD931561BE8515E1BD40FD48BE72
:10F27000D3C893BE9578893D5359973DAAA7103FAF
:10F28000F8A9233FC1245C3EBD07AE3EE84AC03E1C
:10F290005CD512BD0FB36ABED42E97BD3EE6B8BE94
:10F2A0000999BFBDFF92E83E09EF713F439B0A3FBA
:10F2B000518B9A3E48D4DA3E9DA2D53E9D08823EAF
:10F2C00046D1DB3D4754383E82F2763D6C75C53DF4
:10F2D000E1C713BEE7692DBE807A393DC254933D24
:10F2E0002F76363EB461E43EEE6F3B3FE44D703F17
:10F2F000E146403FF2BB453EA76A453E69B7A83E9E
:10F30000489C703D8BAA3B3D9BE691BEEC2FC7BE4F
:10F3100049727F3E66E82E3F5C70723F96726E3F88
:10F3200078C4E73E7445E53E0A15D83E87C0BB3E2B
:10F33000EF6ECB3E80DD763EB445393E637CFF3DCB
:10F34000F897BB3CB78004BED23C043C1E0B633E26
:10F350002FE2C83E9E671F3FB7985C3F0BFC4F3FB4
:10F36000AC75043F127D8C3D3272C73CCD97223D77
:10F370005B651E3ED2FFCABD8A4543BE443567BEAB
:10F38000E03704BE5588223FFFBD2C3FBADA033F69
:10F39000434A9D3E043B7D3E9957E53D7B67AE3E2B
:10F3A000C438753E518C303BCDBD34BD9BAFF5BCF0
:10F3B0004F6414BDE50233BD28F1F33DFEAA723D52
:10F3C000B666CD3E5B0FD33EF28E313F3F6B023FC0
:10F3D00012B8EA3E16E398BC8ED09EBE6E42A7BD20
:10F3E000DF2F4D3E0B4B26BE0E8B983CC23C21BE00
:10F3F000FED2B8BD3245833EF705463E71107F3ED2
:10F4000031C3313E8419B8BD801BD73D9058303E82
:10F410005765C53D103D42BC20C5B73DE41693BDC0
:10F420000C470BBD06874EBD00CEC0BD3C3D93BD15
:10F43000F10CE13CC1A6F23C3A02283EBD8BA33D53
:10F440009F0BBDBD6EAB14BE0BE0FCBEB0AC85BE69
:10F450009ACEF7BD4C5B22BE8BB383BE1AAEB63DCF
:10F46000B5C112BE671E553D25AC163E5C659B3D81
:10F4700065A5AEBDF75914BE943185BD294EE43D56
:10F480000768EEBD9BEF8E3B9492653E1C94773EE1
:10F4900004AB1C3E1BBB4CBE051CFDBD0D8B9ABEB8
:10F4A000AAFC6CBA2B24F0BD3D8B4CBE23B352BEDC
:10F4B000885C95BE768391BE4252ECBE097044BE14
:10F4C00078B13EBCA0A02BBE41CB75BEEF6B8A3D90
:10F4D000C09536BE13DF48BDBE9A163DC00706BEB6
:10F4E0000C25CCBDCA1B3FBC7A119B3E5306743E13
:10F4F0002718543D9969073EB0F8673EAE02A13D1A
:10F50000C72DA5BD8D183ABEB9B4D7BD27D848BE02
:10F5100007F905BEDA1043BE248F47BE596588BE81
:10F52000AD63A1BE7F5850BEECD90ABF3840BA3C8B
:10F53000D3C9FD3D350805BEEEE33DBEEF50903D1D
:10F54000C1187B3E377CB03CF89418BE662526BEB9
:10F5500036F1B63CFD158A3D830D4D3D8CE188BBEF
:10F56000BC7C2C3E0AF30F3EDF990B3EEB18503C5F
:10F5700010067BBD197CA1BE029B3ABE413E17BE60
:10F5800023FA6FBEFC669CBE058CCFBE9D52F6BEB4
:10F59000D9C881BEAF6B32BEF27A87BE78B8133D50
:10F5A000ACE1CABC6DB0993E207C0FBDF28AAC3D87
:10F5B0002BE091BD30D24ABE50804ABE725D57BE2C
:10F5C0006EFF823CDDF9ABBDDD86BDBD15CE213EB3
:10F5D000FBF3463D533B2C3D8BA4F5BBFD349E3CD9
:10F5E000D9298C3CA9EA39BE58F954BEB20AF3BDF8
:10F5F0005C8D34BE44A6ADBE1546B2BEA929AABED6
:10F60000F05EB43D0852823C3EF94ABEA644E13D5C
:10F6100090B0A8BBB5E3633EF5E6C7BDDD5860BE5C
:10F62000D6505BBDEED454BEDB622DBE891E14BE27
:10F63000AD6498BD5F9362BE8B18053E6E7F773ECA
:10F640007D41573EB35D843D3164983DE8B4E03D73
:10F650001671183E3EF7113EE977C93DAE1F9C3D3D
:10F66000F28266BEAE19AABEB1035FBE6C3882BE1E
:10F670000BBA363E79E3183E2B3C5B3DA71C8B3D15
:10F68000CE1DF03DFC7956BE2DF7FFBE3E95853D63
:10F6900077BA8F3EF0ED073D684C433D74E4583D2A
:10F6A00070DC3CBDBECB2EBD82D5A13D7897E03D40
:10F6B000E7366F3E0C09503E0101213E16D5093E4A
:10F6C0005873A53DF255123E0921763E95CBB43DC7
:10F6D00068C9713E9ACB243E5506C73D5DC34C3C7C
:10F6E0000B0F143FDCDCDC3E12C4A63EC200DE3948
:10F6F000126D073E8D0664BDA15EEDBE6079193EB8
:10F7000098FA693E44B40A3E5031623BBC65C4BCC1
:10F710007B251EBD9F55043D5F151CBD90C7AFBD29
:10F72000C109CF3D5F7A203EFBB34D3E6AD58E3E88
:10F7300085FAB43EC5E1B53E7A306D3E9B0C593E2C
:10F74000C676C03E13FACE3ED6CE4B3E85D8353E69
:10F75000DD03883E2220C13EF87CB03E661924BD00
:10F76000D60974BD700BABBDC80590BE0C5E1BBE48
:10F77000BF0F60BD802A153ED6617FBDE72D0DBE4F
:10F78000F18BC23CF3C7A1BC4A91C63B730916BEBC
:10F7900020BDC33DEB443BBD2D05683EA4EB373D8A
:10F7A0003A13C43E16FF933E7BCDF53D8E82AF3EAD
:10F7B0000D97BA3EC29FAE3E5704943EF23BFB3DCE
:10F7C0009417713EA8CC9F3EF5A0A73ED2CE79BD3E
:10F7D000268E243D8014B33BBB0463BE4BA9DABE26
:10F7E000EC714DBE4BEB553D5C6577BE6D6495BECF
:10F7F000591B3ABE9FBD08BE7EFE70BE9FF8B9BEC3
:10F80000425F3FBE408172BE147C8BBE581648BE1C
:10F8100058E295BC565C85BEA0210D3DD38405BC45
:10F820004382323EC8A0A93E61AEC73E2DA9C73E65
:10F83000D2FA3B3E115717BDC51D253D252B10BDE6
:10F840004D0545BD27068B3D60FE7D3EE8D840BD99
:10F85000546D9EBE940DCFBEC53C22BFE2921EBF2A
:10F8600076B713BFFB8ED0BE8FE3F6BE30E61CBF6B
:10F87000B47C24BF109FF1BECFB1E1BEA976E6BE35
:10F88000876415BFBD07D8BE3247F6BE17E936BF3D
:10F890004A819EBEF5E5E0BC28845FBD5A9DFC3ED2
:10F8A00068BD953E4FB94A3D5AABD4BD9027FA3B4F
:10F8B0005C35033DCEF1DEBC53849C3DD9FA1C3E41
:10F8C000FA48F93E743375BD442E88BEA9E732BEAE
:10F8D0009437A6BEC558E9BE32FD00BFC84176BE0A
:10F8E000783AD4BDCF92C7BE1BE7C1BEA83934BE9B
:10F8F000CE74ABBE8B66ADBED469E3BEC26F15BF1E
:10F90000AF2497BE4EA8533E4771603EC47C9C3ED8
:10F91000BB02D33D28FB47BC3EE6D1BC18E65BBC2E
:10F920000009CABB56E95BBDAE6C6B3DACE296BD4F
:10F93000FCA8DDB9CB87DBBC665ECEBC0E4C3D3D82
:10F94000E79211BEFEECA1BED168E9BEA76F71BE01
:10F95000C27E113D5BB8EBBE6122A7BE4B2475BED3
:10F96000ED98A6BE2EE1E8BE361BEB3DAED498BDA9
:10F9700069853D3D3CB46C3E6072A93D609265BEB8
:10F98000B43D083DFE6B9CBD70F6743C60363A3C5D
:10F990003AF7693D30150C3DF727893D101904BD34
:10F9A000C089FBBA26C197BD70FF3BBD68269D3C50
:10F9B0000CCB033DD0A3E4BBED147CBD58D52CBDCE
:10F9C000A5000EBE1EBA56BD8A11433E614EE3BC71
:10F9D000F017B93B74B4B8BC1079E43C7D92853D16
:10F9E000A2B0333DD2FF3F3D6E052FBD9E0348BD03
:10F9F000A007BFBB0028CD3842FD733D280B7EBC5D
:10FA000030FFCCBBE3C59C3D1095FD3BC92083BDB9
:10FA1000C07A1B3D19DB68BC792E89BEFC5D73BEC4
:10FA200050C611BEC61E05BE0B87C0BE5034B7BE41
:10FA3000E875C8BEAA38BFBE7FF3A33ED748AC3E28
:10FA400046195ABDEC678EBE996BEDBED10001BF61
:10FA5000966CFEBE9E9B8FBEE56FA6BE3030B2BEDA
:10FA600081A83EBD8A0A4D3D60169CBC8A057C3D3E
:10FA7000C07CAB3BD00259BC3219C5BDAF72DCBDF6
:10FA8000EC7A20BE9872ECBD9D8311BE8F02CABE77
:10FA90003FF8B8BEFE7C40BE1EC03CBE30F783BE01
:10FAA0009AA7B5BD9F0B983CEF5F88BEA719D8BD3C
:10FAB0001618DCBD106CBEBE68F9E6BE6CC923BF6B
:10FAC000119C0BBFFE1C10BF38C70ABFD1D62DBF7B
:10FAD000216CCBBE898622BEC8C3113DFD70913D0D
:10FAE000C67B17BD4EFA373D5EA0A9BB4BF4C8BE1E
:10FAF000CC9B05BE028A76BEA03593BE918E1CBFFC
:10FB0000BD5932BF1106B8BEFEE4AEBEFD47A5BE6C
:10FB10007D4F6CBEAA24C6BE3F39E9BE34BB07BFC9
:10FB2000A1BDF5BE1FD911BFF6F123BF093F0FBF1D
:10FB300096E521BFFF78D2BEEB8759BED22531BFF3
:10FB400079F43ABFA6F64CBE9E6581BE844F8BBC4D
:10FB5000E747A53DD420563DEF9E8C3BF652D9BEDB
:10FB600016D4A3BE6155E1BEC4B415BF429806BF0A
:10FB7000B97442BFE0DF3FBF90BB01BFB7E2A13D18
:10FB8000014CCCBCB80018BED73ABABE9A3E77BE7C
:10FB900010D5D0BE35FB01BFE74FC2BE058C16BFE6
:10FBA000402908BF0598C2BE56F263BE29B8E5BE1B
:10FBB000EE62D1BE032097BEA43B11BF5CAFDCBE9A
:10FBC000192E6CBD08DD4EBDE33317BE6E2C7CBC18
:10FBD000BBA4DEBE5D1CC1BE418636BFE33815BF87
:10FBE000E9B444BEF6F3AEBEC73F1BBF58087DBEA6
:10FBF000E68363BE290B98BED7263BBEA451F9BD50
:10FC0000BF5421BEA74609BF078711BFB8C54FBF64
:10FC1000129A02BF268B8DBE72FECA3CA0310ABE6C
:10FC2000591631BE4125EFBEB896DDBE051C84BE17
:10FC30003854AA3C0AE762BE6BA538BEAEF068BD78
:10FC4000DC605ABE2BAAC6BEC32061BE9C6F06BE36
:10FC5000723F71BE194A89BE922154BE9A8B31BE41
:10FC6000B4AE9ABE123C4FBEE16E09BE269797BE57
:10FC70005FC985BECEC5A6BE707181BECF76D5BE2A
:10FC800079BAAFBE07C943BEE9E6E83BA5288B3D7C
:10FC9000E0544F3EE8ED3F3CDC8603BE4C87B9BEE6
:10FCA00095ABF1BCAE7994BE782D12BD1CA183BC7E
:10FCB000AA7858BEA681C8BDBE8554BDD10FF9BD76
:10FCC000CC9F4DBEA0418EBD0AA397BE019145BEFB
:10FCD0001EAFE4BD6E16E13DC334763D749C82BD1B
:10FCE0008530D63D18E0363E48ADB6BDF677A9BCA6
:10FCF0005EC3A03D5C9FED3DF215613E4C1B343E62
:10FD00001749843E124D483DB15555BEAE6B9CBE61
:10FD10006DC7583DF961133EEB15823B4370A93D19
:10FD20005FCEB5BDEE248FBDA30770BEAE078CBD00
:10FD3000A02AE1BC03E4B9BDDE2551BE9BB2F8BDEB
:10FD4000F378F2BD17D2B13CCB3EE53DB960823EBF
:10FD500047F2223E60512B3E85E5043E5535393E43
:10FD6000987BD13DA418423CF0B0113E5ED6743E63
:10FD70004CD96B3E66750E3DD1BB02BF2EC8D3BDBC
:10FD80000945203C0727943EEE70543EB9A0053E3D
:10FD9000878229BEE2DA03BE8FB799BE207793BE71
:10FDA00033A64CBDA78B3BBE55D651BE860152BD76
:10FDB0000899F93DBDFE973E8BF8B53EED6A023FCE
:10FDC0005140493E95909E3E19239B3EF0A4383EFB
:10FDD000D8E34BBC11D592BC5FE9B73C229FCDBDA7
:10FDE0006B19413E438CF73D5799FF3DCAADBB3E71
:10FDF0007A53AABCABC8B33ED558BC3E6B2C073E69
:10FE0000DCC0A5BC746910BE3D4714BDD763CBBD33
:10FE100079EBA1BC6701BD3B59C22F3E4E3E033E6C
:10FE200074FE2C3E40B88C3EC7F8ED3E11B7133F30
:10FE3000AED2933E12C16B3D920D043ED6CB943EA2
:10FE40002CE7C13D799D813E8EE506BEA19F3BBE5C
:10FE5000E669643E43D2393F6C56273F669D913E2A
:10FE60007EC6A63BFFCE933E4C20B43E687D0FBBC2
:10FE70005A8BA83D4D7B9BBD92CEB4BCC1091A3DA7
:10FE80002008C83C8D68393E2289683E592C993E2D
:10FE9000AEFE993D67446D3DB9A5B73E36A1063F1C
:10FEA0000118A53E24FCA93CBD55923D53E2423EBB
:10FEB000F8BCA43CA2D7A63D1CAE8BBCB0A448BEE7
:10FEC000F9764B3D4A68E23EAA9F4E3ED87C213EE1
:10FED000C5C7833C84221C3E6CD69F3E0D2C413D01
:10FEE00031B0603D4B1835BEE96F1BBEA73E863E64
:10FEF000A7CAAC3EC24D8C3EC4838A3EB858C43DAE
:10FF0000C9A30B3E848CCD3D0AEBF73E8DDD8F3EC1
:10FF1000DDF1473E8A69C83C4F1928BDCF37C23B47
:10FF2000DC162A3BF131B5BE4C5F17BEA6410DBFB2
:10FF30009FA6D7BEBB15B43E0B01F23EFF72D73E63
:10FF40007F4EC93D2212383C6C9BA03EEE939E3EF4
:10FF5000B6174C3E34C58DBD51ADC0BD57BAEF3E4E
:10FF6000B4CDA73E7FAE5B3E411B5E3E4429E93DDA
:10FF7000D435F93D52C40E3EB346523E590F7BBCB8
:10FF8000D3A5823D39080C3E00A876BD9298A3BE49
:10FF90006C794BBE66AF85BEC217ACBE76C918BFC2
:10FFA000A7B84DBE754CF33E4A17CD3E2A4BE23DF5
:10FFB0007AE2AB3D2AE2253E8FCA083F4A27413EFE
:10FFC0004842A23EFF3C4FBD3739B63CD0F6DF3E3B
:10FFD0006721DF3E222FC73E6F94093E4911013D44
:10FFE0003E75FE3D6BDA6EBC914C0EBE093449BDC8
:10FFF0007398A53EBFF3DE3E8D8B143E5B2A44BE54
:020000040802F0
:10000000179122BE41EE12BEBD923B3DB949553D0E
:10001000BC716EBD0101433EB4A5D73E3712853E8B
:10002000AF6AC43D7FEA1FBDECA8A43E99EFEF3D47
:100030003229A73E5D297F3D4A9574BD964D813E8C
:10004000683B863E72A5C63E5D3F6A3E32FB303D50
:10005000267C183DCDA9A6BDEF04F2BD96C02F3E6B
:100060006A2DAD3EC826AF3EF917123D6412D0BED0
:100070002550ACBE27E1833E7439C3BC4BC6F03D6E
:100080009B5EB23D3E4BBEBEE36EA33EBAD98C3EF4
:1000900052BEA13DEEE287BE7F7774BE4591F5BCAE
:1000A000D9D93E3D0CFB763DEE1698BD301D4B3E3A
:1000B000A8F2773EA021BC3DE565FF3A7E48A83D09
:1000C000B7EDA5BC468EB73DBCFA093E886D623ED1
:1000D000B01EF03D2CF2713CA86056BE982205BDC2
:1000E0005E37E43D1B28D13E252B303EE675AD3E04
:1000F000B0DECD3DDF676DBE625F0E3F21BDF33DDB
:1001000096827F3D199FA13CA8F406BE884251BE4D
:10011000EE13C23DA7CB943D13C55C3C65F04F3E4A
:10012000C4B43C3D9D903DBE33B0A93B443E1D3D13
:10013000E48E9F3DC05CFD3D9A8FC53E6ABE8D3EFC
:10014000C14902BEFEB56EBE5D1835BEB77292BD26
:1001500063015E3E8950973DCE700F3EBE67403EC4
:100160001F5C743D9B24893E779D363F25F000BE81
:1001700088ED14BDB14F5D3D117D40BBF225C33DFF
:10018000C4502E3EC0F9FB3C17FE8DBD20E6573C07
:100190002030993C962932BEC2C91FBE047A243C45
:1001A00002E41CBED6B9CEBC6E706BBC3A21FABD5F
:1001B0008808C0BEAE30E0BEFB57C9BE159226BD52
:1001C000F296153EEF209FBC2E570A3E3BB4933E5D
:1001D000CC235B3EE016FD3E130C163F2106A43EE9
:1001E000564EC73C9E5D67BE8B9A36BEE1EAB63D71
:1001F0003FA90CBEB0FB28BEB90F3EBE0C7D46BD6C
:10020000F64EFABD185FD5BD17975DBEBEA84DBEB0
:10021000348A72BE2CC4BEBD28E420BE8B8780BE4B
:1002200097556DBE2A1EC7BE5B73E7BE196D25BE0E
:100230004DCC2CBE2FF356BED00479BE6661F23D84
:10024000D7764D3EB09C293FC7186E3E2B81C63EE7
:1002500080A54DBC1F8E3FBE80F9EEBE5FFB90BEF9
:1002600081A8A8BE1B08E7BE2B68EBBDA4A1CABE2F
:10027000D932D3BE47E971BE61F082BE9CA003BEF5
:10028000E937E6BD96CC73BE50C99DBEA85694BE54
:10029000F10823BE7C3E71BE7C0FECBE0D3DDBBE83
:1002A000BF69A0BE11C070BE0463A5BE0984D5BEDF
:1002B000A522753E966B293FCEC7B03E4819803DBA
:1002C000B0CCC33D36070ABE6595ABBE1FAD89BE37
:1002D000E97702BE0626A7BE8E3BB5BEB1DDDCBE09
:1002E000FCB21FBF9797E5BE29BAC7BE7A11B8BE48
:1002F000D84239BEA13172BEA34486BEFC99A0BECD
:1003000085ED91BEA151F4BE1292B9BE0D5891BEB9
:100310007C0A9CBE484979BED5D9B9BEA1C1A0BE50
:10032000DDA2BD3E35E7253FF2733BBEAA232D3D3E
:10033000EACAD23D2909223CB2BE1FBEBB84F3BD2E
:10034000F96D7FBC76869CBE4900BCBE0D7FB4BEF5
:10035000FB9C80BE61E85BBEE80C20BEF74749BE4F
:10036000778F26BEB62E80BE936C87BE0F199EBEB9
:10037000011A89BE1D863FBE75AB53BE450F83BEB5
:10038000ACD36BBE6C5E78BE8A9ED3BEE1AEAABE15
:10039000EBF09A3EF659ED3E959EA83E0ACC48BC3D
:1003A000BE5061BDC0EFC8BA002E8CBE852861BEAC
:1003B00065638D3D1A7EFDBC94CAACBE5FE72DBE61
:1003C000EBD23DBE8559D13D3F6613BD3134BDBD35
:1003D000A282A03D86EB61BE60E858BDB8F60EBEB5
:1003E00026739EBD3BB407BEF62498BE27D94C3D6C
:1003F000C2C555BEE3FEDDBEB954A9BE140523BE79
:100400005D8A003F71AFE33E3E4FFE3ED0DCFDBC57
:10041000B4C093BCB624DBBCC72532BE54630EBE49
:10042000A8E581BEC437ED3CCA858FBE947A71BE03
:1004300045748ABD8DBCA43D8E0C77BD557420BE1D
:1004400024D080BE82B69CBE07DE32BE58EBD1BD42
:1004500086B332BE39981D3E940D423E6F67D33D40
:100460000013FABCC1E0FC3CA5FA8F3EE6B8863E1C
:10047000851ADB3E8D456B3E2C36813EA96D37BD1E
:10048000B07D17BC68B5B03C42E391BD9BECC63E65
:100490009E04153ECEE688BE2FA214BF2A45CFBECD
:1004A00051DC34BE6E042CBE509FE5BE3E2393BE8D
:1004B000C3CAC8BE48C5AEBEE77B26BDEB62803D61
:1004C000CBB92A3D569626BC605A293EF03A7BBEEF
:1004D000305D3DBDE0359F3D0992A33EBB7E183F98
:1004E00022FE053FF495A33E70F0113EA8BDD23C1C
:1004F00064EC3FBDE6D892BDB8C8DE3C2193CF3B4B
:10050000898E46BE2CEC8CBE2482C5BD8CAF2DBC22
:1005100078C3CC3DDBE52D3D55AB32BD4DBE64BE51
:10052000F03C12BE89ECBA3DB22C8C3E514A1D3FC4
:1005300089EAAF3E1468C4BC2C6247BD33E9F73E7C
:1005400007BEAA3EB80EBF3E2925C73E4022BBBD0E
:100550009BF63CBDC7C0633C804346BB0C86CA3C8F
:10056000338DA93D80746CBDD824283C245C80BDAB
:100570008CE00A3D0014CD3C2EC1533E89305F3ED5
:10058000DF04A73EB6240E3F1227103F7AAEB93ED5
:10059000F581FC3E7C0F1E3F4A8E0A3FD96FD83E44
:1005A000BA83E23EAAAD153FA0C2A73E141EEA3EA2
:1005B0004369C23E746D813EA879373E15118B3E6A
:1005C00000BE7739B9FB12BD7829BB3C669881BD66
:1005D000FB9657BDEE9265BDA3B5A43DEAFC043D74
:1005E00046A5743D7E7BC3BC3A272F3DB67D89BDB1
:1005F000C6E11F3DA7AB54BD94B065BDED01A33D61
:100600002D26D8BDFBDB1FBE37B2C4BD174A843DC3
:1006100030C891BB0F5C85BD3CF43CBD3761A73D44
:100620006039FE3CCC1E883C486A8F3CF07346BC67
:10063000848A173D86C02B3D60A16FBD2253D9BC73
:1006400052C5703DEDFB04BD18511C3CD8E91A3C65
:100650008867C2BCC874503D3A385CBD932CB3BDAA
:10066000739ABABD97AB30BDDD8005BE1A94BEBE8D
:10067000F797E0BE5249E2BE3C7B893E9E4BF0BDFF
:1006800009A9CABE966BE6BE3015B1BD003145BEA4
:1006900097AF05BFCAC599BE242794BD92FA1FBC67
:1006A000DEB7ABBD0D1B8A3DF10961BD189230BCB0
:1006B000B6D12D3DAAC45CBD794499BD7FEB45BE42
:1006C00094F7FFBD5E8BF0BDDF664EBE8977D0BE6E
:1006D000A956D5BEAE1FF0BEED5750BE8CA213BDBD
:1006E0002CBDEA3C18DEC33EFDFFD53DCC03D73E12
:1006F000CE85943EBB00A9BD9BFD4BBE564879BC40
:100700009199973D84165FBE3A82EABD88877BBD8A
:1007100071A72ABE27ABA1BCAC8496BD588655BC38
:10072000D0C632BD5884803C5505753C1CAEDFBE3A
:10073000CE9EB1BEF1390A3E4DB5AE3CB6E3D53BD7
:10074000728DB33E003ADDBCCB16933D26F92D3DAC
:10075000523B843EF4155C3DA33B2E3E077FAE3EEC
:10076000DC288E3EE9B77C3EEA06443EF473183E30
:100770005F405F3EA20D52BDFD74E5BEDCE45BBE92
:100780001BD984BEB13C86BCD671A7BE602D25BCEA
:1007900084667FBD35B9BE3DCAD5FD3D04B25E3E1F
:1007A000E3F96F3EA2431C3E68C3CBBD3D23D3BDDE
:1007B000E3048A3EBE4A7B3D232EBD3D76CFE33D1A
:1007C000FFDF023E440B2D3E7DD3503E13728E3E22
:1007D0003157883E79E728BCE3039C3D8A5C003EA4
:1007E00080276F3EA46B0D3E8C5D773D9C72A3BE4F
:1007F000AB4725BCB742AC3C777DB83E20AAC23C93
:100800005890553CF6573BBD0B88F53DFA5FD23EFC
:10081000E2E53ABDE208A63E4E79E73D1E45F33DCE
:100820005164C43D1F0C4E3DFB4E18BE9B9D38BD10
:100830007E4AB9BD99C5B63DE2210EBD70FB2B3D88
:1008400048CE3ABDD47BECBD6B6F8CBCBB649A3E8A
:1008500071AE743E500F553E7D71D63D39F2EE3B80
:1008600079E6003E22F9C83D98C8293DDB5E07BE07
:10087000987F05BC55454E3DFBCCC1BD215BAE3DCF
:100880009AD7E3BD7E077739EC712D3E5B4A4A3E2D
:10089000C58F8D3D70311D3E6871B53DFDB3573E2E
:1008A000E65FBB3DF499083EDCD4FA3D08E1893EA1
:1008B00030C5893E425E4F3E114E933EB93E7D3E6D
:1008C000D44CB13E99CA663E18B01FBEF0D357BE95
:1008D000B370EBBD83FFAD3ECA2CE7BC77577FBE3C
:1008E00017DC413D71A1B53EDEFCA4BE081ED03D23
:1008F0003D3A81BD4713FEBD35D4303C328F873D34
:10090000CED710BECE18A5BD240EA6BD5B1B18BD4C
:10091000C64A5E3E6F344B3E1E13203EE66F9A3E43
:1009200056C2803DC73319BC8DEF5C3EBB2C843E64
:10093000E37B593E85C1D63D2E3808BEA1DDC13DC1
:1009400036923FBE125171BE5AE58A3E298CA9BE2D
:100950003849FA3CA337AD3E4CADDBBD7402823E54
:10096000156F713E86B8DABC02D26D3CD3BDC3BDF3
:1009700044B802BE562343BE749388BD40EDBEBB4F
:10098000C92E5F3EC5574F3E8EEC193DC355423EC2
:10099000B090EFBDDE158EBBBD4D313EBB6FCB3D84
:1009A000470DE53C937B55BCD459183E2EDD58BD10
:1009B000055186BEEB492EBE91E9AA3ED9DF0DBE98
:1009C0008607643DA755633E332259BE9728D23E21
:1009D0005CFED03E72D5843D97DCFF3C6957AF3D4D
:1009E0008289AA3BBF0600BE34685D3D02F4473DE4
:1009F000349EED3D074B0A3EF31A273E2EDB213E87
:100A0000743C55BCEDF7493D0D7236BD380E97BDAF
:100A100052CCC83DFCDC8ABD20F1853EFC3FD63C73
:100A2000F9B7B7BEBE59843EB695813E29FAA83EB5
:100A30005AE674BDF95F703E9AD027BD0553FE3D5E
:100A400006559E3D205D4FBEE4353ABE3901A6BD38
:100A5000A78261BE94158BBE833D95BCD183C33DF7
:100A600067A04A3EA373B13EC76B673EE671063E80
:100A70006DF123BDDACA9FBD6A5509BDFD54203E04
:100A80009A431D3E350CB13D5A3DE13D8843353D0D
:100A9000E8712BBF7069B1BE20B8733DFC68C53EDC
:100AA000A2F88CBCABF78B3DCFD0323E8DBA873EDF
:100AB000FD01BB3E8B0CF4BDCDE29BBE668B0FBE31
:100AC000A6BEA5BDA00523BE16890A3C58231E3E1E
:100AD000F1E0F53DC1061B3F086B0C3F03E9983E72
:100AE0004C82D4BCBE13B93DA658253ECCC3113EA2
:100AF000E968FE3E85C9033EDFBE893E4AB044BD7B
:100B0000E19647BF7D71AEBEE6AF15BE9190B03E97
:100B10005EF585BDCFAD1CBEA8F1A23D7947DE3D97
:100B20007B908D3EF6A7933DA1F7B83C99783A3D6E
:100B300089A2B0BC391CC8BDC16CF5BD6DFB6BBED4
:100B400077C3ECBBC0CDBA3EF3870A3FF96FD43E02
:100B500003E19A3E16DFE63DE74A3F3E3B80443ED6
:100B600018721A3EC3F317BDC733FF3B841A25BD65
:100B7000289B3ABFCD463FBEE162B4BDD54F993EFA
:100B80009890AA3DE46181BEE1485A3EE3790D3E6A
:100B9000B4DF7A3DA8BACE3AD4F1D93DBF00083DC2
:100BA000B2AF7CBE0C064DBE68B2BFBE9D6BA2BE8E
:100BB00042C57BBD6197EC3EB845CF3E7D65AA3E00
:100BC00091C8603E18BC463ECD38C13DE6CCA7BCBE
:100BD000E2ACADBDFBB07EBEE4E0F3BE1C6B23BF58
:100BE0009210EABE853C05BE4448A1BE641F86BE85
:100BF000693C2EBEA1D4813D341BE53CF3A2E4BD8B
:100C0000D663E9BCE17307BE5B24113E6CCCE2BD48
:100C100021DC1ABE51DFBABE9D967FBEB5E6E7BEA7
:100C2000EB9199BE116A263E73F26E3E5646883E9F
:100C30001007053E71AA8FBDB31627BE9CFE57BD97
:100C4000E772BABDEA1CCBBD8F9CB6BE21B188BE8F
:100C5000831910BF1F3A88BE273151BE842B6ABD4D
:100C60003BDC33BE2B584F3E70B122BE77BBA2BED9
:100C70002C8324BE464F12BE5B883D3E72CCE9BD3C
:100C80005EAD51BECAB29ABE7D143ABE916696BEA2
:100C9000EC40B6BE6E9D683B7F26113E43DD163E9E
:100CA000840E10BD2F14F8BD06DAB83C5852B13D81
:100CB0006AC1173E328F0A3E067E773D9E2998BD57
:100CC000BE2058BF20E604BF1C7759BE8A3E4DBDEA
:100CD000D0C43A3EE59A743E8981413D7A3FA9BE2F
:100CE000B0B8523CE519BEBD92E3CE3DD4C9EF3D4C
:100CF0007B72893DD687B0BDB5E301BEF583ABBE3F
:100D00000899E6BE8323063C3D14F1BC64A341BEB2
:100D10008138A0BE362E0FBEFFC2853E7F2C003E1E
:100D20000B47793D767FC0BDA4479A3DBC0BB9BD4A
:100D30005E68E2BEBE4B81BF489482BE4A4BE9BEAC
:100D4000B4AFD23C2A7DA23EE39794BDB29482BE5A
:100D5000EB9D12BE293573BE753A24BEFE70BA3CB7
:100D6000E5DB903BC9E94F3DA52318BEF0D479BE21
:100D7000259F7DBE8E35C0BC18F720BECFEA92B944
:100D80006D7518BE20F1A83DCEEB083EA0D1363ED1
:100D90002700833CA433B0BD954ACA3D3620F5BD3B
:100DA0009DD9DBBEB6E91ABF5A1B5ABDBE0816BF95
:100DB0001FE5953DE146623E58AE473DCB5A16BD14
:100DC00013F4C73DA37706BD789608BD57F6D7BD87
:100DD0000D8517BEEC3DEFBD6E700BBECEF971BE3A
:100DE000D98E05BF53AD32BEFE50303DBF1DE5BDAF
:100DF0006F4C14BECBDAE63D7AB3F03D31FB3F3E9B
:100E000035D3623E3405CA3A53A19B3C7DBAE1BE5C
:100E1000D9CF51BF06C300BEA6D7A33EE832693E74
:100E200033F28F3D59ED59BE9B95B9BD740647BD50
:100E3000A7D2873ED0D21A3E0351CDBD9F099CBE9A
:100E4000B67CB3BD50B18F3D934F43BE2BC2D1BED4
:100E5000EF5AA3BE0E677ABEC99DE6BDFEF53CBD46
:100E6000F97C433E43FF9E3DF797B93D9DD5383E03
:100E70006E2BA03D2DBC5EBD342C4BBE6A8435BEAE
:100E80000E1D8FBDCC53803E5FC4B83D3BF63E3E49
:100E900050C706BCFE3783BE401302BF247723BE73
:100EA0009F0F5E3D8C1F683D125832BD6FF1CBBD68
:100EB00040742DBD4767C9BC5C694DBE0689B7BE8D
:100EC00088F3C3BE80E709BE1E5FF8BAF25767BD5C
:100ED000A2C61CBD6E8C6ABDCBD8EDBDB85B5D3DB6
:100EE0001E72963D60A80EBE51E78BBEDE3F25BC4C
:100EF00073E2AD3DB474BF3E5482BE3D3CB6243B6C
:100F00006599EE3D885C39BE3D0133BEEB551CBD95
:100F10000CA1E53D31EC113D279C393E74240DBCFC
:100F2000E2306F3CEC174EBE716204BE44C0C2BEDC
:100F3000EA47B8BE101399BEFF7F6DBEF8C544BE28
:100F40005EDE68BDCDE703BEC4FA3ABDC4BF47BC90
:100F5000C9A4F03D01BD4CBEED7FA9BEBB8D00BF55
:100F6000A245DBBC02F28E3E38C4FABEAE6DA2BC16
:100F70001D404E3DC6ACBE3D128EEDBD460EA8BE18
:100F8000375D853ED623813E5CB09E3DDC10913CB2
:100F9000A9A26ABC06683DBE2A96B8BD472E43BECC
:100FA000ACE09CBE594B7EBE569802BD1DCB09BE1F
:100FB0005FF8CCBD2C2B4F3D7E26BA3B8C9570BD87
:100FC0003C0A61BDBB0867BE63C521BE82FD60BE31
:100FD000B71395BE0ED1F13DC7CF2EBE5F38203D71
:100FE0003614283D908D34BD193FAEBDF1A6CF3BE0
:100FF000A95D39BC4CDA793E5637413E5E3B4C3EEA
:101000009170DABB7A820BBD655475BDACE4DDBA74
:10101000DA34FABD89D02BBEB08088BE4E2C66BDB6
:1010200095697EBD6DC9053ED2080D3DF3197A3D27
:101030004A8168BD03485DBDF9E721BEC74124BEB2
:101040009DEAAABC6DCE88BE1583963E8A150FBD5B
:10105000408BA63AF23D033D25C7893E0E4BBC3E70
:101060009A89F63E08EBC63ECC16223F4962213FE4
:10107000ED64F73EAD2DA03E4849153FEB90F93E9B
:101080000796563ED2E9873DFE8603BD76B2063C02
:1010900037F5EFBC6CB5273E52773B3C19561E3EE8
:1010A0001752BF3E9BABFC3E2F5E4E3DD68C813D22
:1010B0002FD1ADBDF4F5F5BE8DE341BECA99673DB4
:1010C00078B776BC23C510BD105C313EEDFE6D3D9A
:1010D000C9E5733EFEB62C3F0773353F25C65A3F20
:1010E000B697A33F9286A73F8AC6593F7D52343FA9
:1010F0002EB67F3F82E43D3F91DA2E3F48ACA93EB9
:10110000F7E4A93E09E9CD3EBB21DA3E9797423F7D
:10111000C8AE5F3FF8221C3F7BBE9C3BBDF967BD5C
:10112000290FB73D946C5DBEB87181BEB824C33C35
:1011300010900ABDAA6F8BBDECE29E3C95D699BD7E
:10114000E6FE383D712BEB3E96A9413FC82E4E3F3F
:101150002D0B103F5A4A423F63CC213F4B6BD33D8E
:1011600074AB3E3C70E3D03D487B073F0CD2A43EBD
:1011700053F6133F153E243F92063E3FA5E72C3F12
:10118000E6EF243FFB7B173F8B48F13EB78DCD3E0A
:10119000AB26BF3E524D713BC71CA93DE14491BDFA
:1011A000E4A28EBC16E113BD400A6B3C38615F3C83
:1011B000215797BC0570D73D546A8B3E1DEE8D3E7E
:1011C000EF8C893E79EA8D3ECA0AE93E3A36A63D61
:1011D000F650973D2FD79A3E17A4C83EE00B6EBD40
:1011E000DD73A7BA569FC93D51DB383D546A9C3E1A
:1011F0007F289D3E2F3FDC3E9CDDC73E575FA73ECC
:10120000F22586BD8095853C82852ABDA011F53BDF
:10121000C0A30E3D4FBEA4BD883F0DBC701131BCB4
:10122000C21B143D8C3A85BDDC91FCBC2EDF693DB0
:1012300034F1EF3C43C73DBD5E8A4B3D770531BD80
:1012400025D1AD3BDC83493D275B953D1485723B41
:1012500064D2983CC0FEAB3B654C923D4666C6BC32
:10126000C8C6FE3C143C6BBD1421FF3C60666E3B5F
:101270000B31A73D7481BA3C28A11FBC0B66A0BDF1
:10128000DD289A3DB60785BD28A44A3CF016CDBBA3
:10129000AF8AA7BD42EEA43C4C0E9ABD4C8E463D93
:1012A0004C3CD7BCD4F7C7BB1E908A3D062AA5BCD0
:1012B00022782B3DB2EAD7BC8068D6BE0CB2CBBE3A
:1012C0007B23BCBDD47F323C53CC21BD295BD6BB34
:1012D0000756A7BD707AB33C38CD063B03371ABC1E
:1012E0006FD9973DE05A91BDD83499BD35349B3DB7
:1012F00039128D3D105AA4BDB97C08BD1FC5173CDD
:10130000BA770ABB9EAE1CBDF76086BDF71CD7BD81
:10131000A6A7953EF8E7B93E6DDBAA3D05826DBDF7
:1013200067A5BE3C8AC9F8BB8C0FABBD0AEEF9BEFF
:10133000AC9A04BF83EB97BE69F2003C9509383D37
:1013400059AA44BD16A0E2BDE9A9E4BD5F0FAF3CB8
:10135000A9C383BCA3DE7FBDD455923C76C2093DB0
:10136000D9E68BBD90F93BBC38CE363D935460BD79
:101370004881BB3B9F4568BEB8DF3C3BCCBAA9BDAA
:10138000900409BE848F1C3EFCBDE13EC171343E19
:10139000470607BEA02E653B993DA43DCFE8D6BDCC
:1013A0002C2C75BEDC8ADEBDEEF19CBCE0849C3D3D
:1013B0003FF941BE916E693E7B42D73EC40B933EDE
:1013C0000C5C6A3A7C3DCCBC9707993D92E01BBD12
:1013D000742BA83C5AE0593D0E2F35BEFC2EB4BEEE
:1013E000A290E7BEC651C0BE6A561BBEA627733D7B
:1013F00082970ABE8415853D45F92F3EE9D0B1BCE0
:1014000020A881BD554E64BDAA99D43D1886D1BD92
:101410004273FABD7547953C5219953D0A12D5BCE9
:10142000D2477A3D3CCD0D3D6427193E478BB23EF5
:101430009D09E43E0AC3BC3E9D90593E0480DB3DBD
:101440006CA1D53C4FEA15BD409228BE67A1A5BE50
:1014500072C4A7BEBB96BFBE776AAFBEA0E92FBD60
:101460001FE0B63D3D93B53D5818003E79AB4A3E6E
:10147000A3AE5A3D823C213C6FF2403BDDCAC3BC67
:10148000439D9CBB905A053E7B05053E98D9C43BC5
:1014900029DB853EC14F8E3E2DE4D03D22E7E03D65
:1014A0004EC2663EB55A143FD1DEA53EC6ACC53D20
:1014B0002D8616BD7572C4BD16158D3B4D9DF7BCAE
:1014C000B25015BD6D4BABBCB6936BBDD151D63D83
:1014D0008820C73C6852B53C1C56E53C64F1FB3C97
:1014E0003E03E13D4480D239F7630C3ED2FB0C3E13
:1014F000B9D96D3DA55F823D8819EDBDED0B843DE9
:10150000753EB63D6914433EBDFBE03E1006583EB5
:10151000853C033FA37B373FFC282E3E7D7214BEE3
:10152000F6C4FB3CF9E21F3DB74AB03EA85FA63DBA
:1015300088379ABE007004BEF7050CBD206A8DBCCA
:10154000B895EA3DF1D7243E3784A93EB5051A3E49
:10155000FB65963D0C9C933D412FD4BDD63D2BBCE5
:10156000EEEDFCBCF68800BE233AFC3D9A4F4B3DA5
:10157000939A953CCDAD403EA8FA123E6253B93ED7
:101580007927383FA1820E3F53C14D3E1CB94FBB56
:1015900060D23DBD8A37D83E67E4473E218B553D3A
:1015A0000B0E5EBEF203DBBDDAB785BD5143A83D2D
:1015B000DCEB353E5036C93D3820E43C4A3C413EE8
:1015C000BEF67C3EDDB86B3C3A6F15BE947B14BE14
:1015D0003C3737BB82A730BE8F5AB13DF7B7893D44
:1015E0005E580E3E288E553CD9168CBC3ECE183F18
:1015F00037273B3F9224003F1B08933E9319BEBB05
:10160000CD0328BD8EB0B43EB7C9D1BD4D9293BEB7
:10161000BB6F67BEBD8471BDA68403BE161252BDEA
:101620002BBBA03C62BFCB3D34B4B2BC94F9D93DD6
:101630009AFCA83DE69375BEACA1BCBE8C57A6BE75
:10164000B06B32BE3AECF7BDFA80043E07788D3DB0
:10165000F928E63D5EA1583DEF52C2BDD3C7373EE3
:101660001E39023F1FE4B03E0801D53E59198D3E98
:10167000B0F0B33D7574C43E8226383DA02123BF2F
:1016800091B101BC0305423E89EE243E02D7483D9C
:10169000AC19ECBB18F0B23D136A163E2DBA20BD52
:1016A000DFA087BD42378ABEABF542BE1C4A40BEB2
:1016B00014D03E3D258EC63D43D7B63D4115503D25
:1016C00083909D3D6786F3BCA60C05BE6726AABD28
:1016D00093D67E3D9586B5BE4C6D0BBECA8F9FBB23
:1016E0006FDB08BD80369E3E06802A3EFBAADEBE2A
:1016F000625837BE85267E3EFB21983E6FC8D13D9D
:10170000D3D2CF3DE939B33E4A60493E1D8D953D68
:101710001E36F7BBD81B36BE2DEB11BB3EE1FC3DA0
:101720009BB113BC668CE33CF6141EBEE562B43C70
:10173000B38792BEFFEF36BE3060A3BEE0ED19BEA8
:10174000015C983EC69160BC0A22AEBE88D5D0BD71
:10175000C4AF033D52A8753E337B803E94B86D3EC6
:10176000AE1EE23D2D82263E25D4303E48C9DBBC6C
:101770005EB6AB3E7763273E44A4D4BDA1A6D23A61
:1017800006225DBEEE6554BE5F0D39BE5431073D85
:101790007289C6BD80518CBD5B1086BDE31F423E81
:1017A000C4FF0CBEC184683D02F3473E2C13143EB7
:1017B000B946B43E75A1A3BDF56387BDC3F8963D98
:1017C000CBBE09BEC1AD533E8466EA3E4215093F19
:1017D000285F053E61324D3E030C93BE2801CBBD10
:1017E000640B81BD19CC8BBCA457703CF9D1243D4E
:1017F000E6C6BDBE5E968ABE81B64ABE6820FABD08
:10180000CFE46FBE396E18BE4E84103E208A773EFC
:1018100090AA723EDE448C3EB7FFAC3E081FA83E45
:101820006E2B403FF6CF173E1CE27F3EE935803DF0
:10183000E80C683E75E281BE269DAE3E97B96B3ED0
:10184000BA6E693E1FA50B3E8AE3A03D5A35043DA2
:10185000B03D11BED0034DBE130707BE939E47BED9
:101860003B61F0BEF790BFBE9B8792BED5A192BEF2
:1018700024276EBE2099293EBE647D3E42CEBE3EE8
:10188000A964443E8606BFBB440694BD30503EBCAE
:10189000D78D2C3D816FEA3ED82CA03C41778D3D01
:1018A00027C2933E86F39ABEE09AF4BE18F0D7BBE7
:1018B0009C13153EA3E2903E1241C03E52170E3FCC
:1018C00086E5B43EF21BB4BD47520EBEA85AD6BE42
:1018D0004A26DDBE2FB5E7BE0E6C93BE65069CBDE5
:1018E000D01223BDE1D7513E5918813EFA0B843EF8
:1018F0002CFC6A3D063CAEBD788B7DBEA9A0D3BE54
:1019000088B1C9BD591E3B3F9FA263BE99AE1B3E25
:101910005D15BF3CD1D3A4BE3A1C9ABE9F18013EB0
:101920001CD1833EAFD3363F77814F3F5BF0523FB0
:101930004666553F320B283F6C2BC73E6414EA3A8B
:10194000DF55D13DAA4E93BD02AC2D3BA4B2413E22
:1019500093B50A3EABE86D3E531C413D8921463E9E
:10196000434D073E90CF52BD7193113D751448BD54
:10197000EC50D83CC1138D3FE2204A3EFFDA253DB2
:101980009ED1FCBC538ACFBE1F6D56BDC44588BED8
:1019900059C06E3E0102133FB1784C3FDC79513F94
:1019A00003779A3F60BEC53F9839BE3FA4D58E3FAE
:1019B000971E533F7573C23E264E6D3E914E0D3EAF
:1019C000142A823EDC7ED83DC8A8313E3BEAEEBDFB
:1019D0008BC9B93D21B440BCF5774D3DE7EA22BD46
:1019E000E181283EDF402C3F2804DE3DB343EE3D3D
:1019F000336F87BC584676BE2998A3BB420F04BFFD
:101A0000A92AB13D16BD873E47DD853E4A84F63E94
:101A10008F572E3FE78C893F21A2933FE0D3943F1D
:101A200019F0613F7442113F903A1B3E3CC8293E79
:101A30005394273D925B22BC5B4985BDC14504BEE2
:101A4000B126E4BD504758BE2D039FBD7BEA403E02
:101A5000F5060B3F51EE993E6823A23DFD5195BE20
:101A60001C3BB0BD14316A3D83FDF73CB9E8E6BECE
:101A70002018D7B7C2A04B3D94E1FFBC39F9BCBDDB
:101A8000E8DEE43D4EDBDB3D6BC2EA3E99BEEF3E55
:101A9000ED9DAA3EEB3F793DE563473EB17E793D42
:101AA000910CA5BD189D7B3DAD39B0BB129C22BEEB
:101AB0007B91CEBD7421EEBDD9AC4A3B57357BBD81
:101AC0006505473E2B4286BE89F615BEABCD62BE8C
:101AD0005F77A13D5F8F0FBD9206D73D607FD2BE7D
:101AE000C2E18DBE111731BB8FADD8BDE29959BE91
:101AF000875691BE2AFE44BE80AB4DBEA8068CBD63
:101B0000C74CA93D03A0E73D3D6B90BD819BC13D06
:101B1000431FEDBD50F83BBD752B61BE1014B0BD29
:101B20001370B6BD2CB58CBD09C69CBD64BB9CBDF5
:101B300060551A3DEA3B0E3E79F38EBEE943A33D64
:101B40005F41B5BC574B5DBD7AD9233D0AA651BE56
:101B50006868DEBE9F7D77BECDE676BED715B6BE81
:101B6000B3B5C5BE98ECF8BD1D439DBE07096DBE5B
:101B700098B738BE3832C93D4488553D1F9EF73C62
:101B8000C8546F3E5F33333E8DEBABBDAB056EBDCE
:101B900051BE1CBD131F80BDD312563E2FF6143EFE
:101BA0002F870C3EE7383ABDF977FDBD2C7F12BC7C
:101BB000883959BD4A596CBD33EC6F3D363AACBEDD
:101BC0000687A4BEA2FB8FBEC0FE93BD312EC7BB4D
:101BD000678D08BEF259C9BDDA4287BEF25F16BEF4
:101BE0006A6A513C784E823CFAF9373E3197293E79
:101BF0009E6A313EEAAFDE3DA6E83EBE1A4019BEFF
:101C0000FAE6C4BEEBFCF5BC4F86BD3D09C7E83D16
:101C10009928AF3E085B573E58429FBE525C69BD53
:101C200003E886BD9046453C2CEE3DBE801FFABEC3
:101C3000F609FCBE6ACEAEBE4F46BB3DB0C0103EFC
:101C4000A946C5BD58B2B4BD475916BE300D28BE11
:101C5000724378BECDF13EBE4BD8DE3D643DDE3CE6
:101C60000248543C729BA9BDD31F81BE2A2F21BEBE
:101C7000F09EAFBD3141413E1FF81A3FC27E0C3F7E
:101C800055231BBEA741DABC836FAFBE62D1A6BD90
:101C9000E8FB18BD121F5A3D07F4CD3C7BE817BE88
:101CA000E1E541BEC51AA0BB1D87333E69F9AF3DD2
:101CB00051AFC53D538787BD251B32BEB5177BBDD0
:101CC0000E5F323C18A2BD3DF47C17BA5590FC3C27
:101CD00011822B3EE10FE7BD21F3383EE2990F3F21
:101CE000C258BF3EF4F12A3EF610DD3E3CEE2A3EDD
:101CF0007738AD3E38F317BEDFA468BE6ED26EBD36
:101D000056954F3D40761FBCA7C726BEC431D23E74
:101D1000470F673E37364CBE6C6202BE1BEF3EBEBD
:101D200086BEC1BEB82B50BE136503BED56984BD47
:101D300093D576BE7F5D8BBE6B36BE3D7BCAD23EF1
:101D400031E07A3ED090C03EFC87E23EB93A2C3E6C
:101D50003C731CBEEC1F39BEC1E317BD37F897BEFC
:101D60007970BDBEA83458BE779890BCA02AEB3CD1
:101D7000FA5E3F3DB40EB13C1D42933DB2BD0EBE76
:101D80008FB1B8BEB7B0A6BE8549EA3DCEFA343EA3
:101D9000FA68533EB12E0CBD8D487BBEA48FB5BDF5
:101DA0009ACA143E657D893E5CE5243DE316C6BDB6
:101DB000AFC756BE1ED2F5BEF78B8FBEF371953DF1
:101DC000C51687BEBCDF9EBE09B0913D533836BDF7
:101DD000B61C7CBD457A6D3DEC4B263D7F9A21BDFE
:101DE000EA9572BD2C8948BD76586E3D44F1E53CBC
:101DF000CAE0FD3D1B042D3E667B423EA6BB9F3ED6
:101E0000F79BB73E2B729D3E367E683E64DECE3D2C
:101E1000DD4D163EB167153EF33DD9BD0DBD55BE36
:101E2000A0DBC83D9B86643DDF4297BE79D2A03ED1
:101E300038B3173F8061A93E6136913E4EE509BD3A
:101E4000C29883BD20C01FBDFA5E3A3D9029DA3B9F
:101E500007086EBD0BFD853DD4BE843C0C91923CC1
:101E6000558F3BBDA0EE2EBB77B48B3DDCAC94BC54
:101E70002DB3823D2D3A933D372452BD9FE077BD6F
:101E8000800E923D6CF0D23D85578B3DE976D1BBFB
:101E90009809BC3C639877BD404F8FBC58DBEA3C47
:101EA000D80E7CBCB8ED573C5659493D922897BD99
:101EB00046A397BD9C6198BD36D31E3DCC7BB83CF4
:101EC000AA0C8ABD925C3C3D31BEAA3DDE21E3BC3A
:101ED0001123923D0AAADDBC0753443D90CA763DCA
:101EE000F1BE87BD77F3B4BD7504D4BC2539C5BB3D
:101EF0008D0756BDD0D071BD9CB9B53CF0DDB8BDE5
:101F0000619AF5BD59219BBD0E08A4BD48E095BD61
:101F1000FCC3DEBDB00703BD1DC8823CA04C193D0B
:101F2000682622BC60DE64BBE49C033D60BCE03BF1
:101F300032BB2B3DF0896B3C268106BD5483623D4C
:101F40008556BCBDC8EC2C3C67102A3D12BB11BEA7
:101F5000042BEA3D4F1D423EE087B63DDBF70EBE47
:101F600009B41EBC0A77ACBD55C03BBE6F55AFBEB1
:101F700019D36CBEADD5E7BD3D744B3E42000F3E5C
:101F80007E9A103EBFD8D0BD419E7FBD3AE37E3DD4
:101F9000763BB9BD0EDDB63D296EA33DCE992E3DF3
:101FA000C01D4DBB10D7643C00644A3DB2B8B3BC01
:101FB000E70850BE6FD8163E7FF89F3E6DA7913E52
:101FC000DD26693DE3445EBDE12DE73BBA923A3D33
:101FD000C522953E31B0903E6A383E3E42D5DC3D4A
:101FE00087485A3D99FC383B3A8286BD829B213E08
:101FF000D28912BD96F097BE69ABCBBE421DBCBE66
:10200000CF7DAFBC7126013E03453A3E253936BD32
:102010005ED46BBD6C384E3D6B8E833D16D8EFBCE5
:1020200073DB15BED7FB983E338CEB3E17FDDD3ED0
:10203000F030263E578E643EB8D7F73C6319803E99
:102040005F45D53DF3102DBD69B4B63D91F1423EDB
:10205000D2EB063DBE1948BC68BFE03DE6188ABD1C
:10206000CFF625BD106A2EBD2EDF093EFF3DFC3B9D
:1020700032AE99BC8C30CA3E2D68A63EB5452CBE0A
:102080006888703C58DE083DEE666D3BF273B33EE7
:10209000FADEAB3ECFB5E13E2D10603E8AFE283D14
:1020A000A467623E9E3D0C3E07308E3E7D2318BCE9
:1020B000D9FEA8BC3B95373EDF91EE3DAC9B18BDE9
:1020C000483FCA3D569DD63DAEDCA33CD8F768BD1F
:1020D000B4050BBD1F4BAC3D3236163ECBD7A03EF0
:1020E00016D11F3C23FD083E055E603D811AC8BD28
:1020F000A0C1AD3C43A58A3E6888A23E83870D3FC0
:102100008C84AF3E2EEBD33E01B4573E57235D3E49
:1021100077FA493E31F26D3E9A62A23E8B85203EAF
:10212000D444013EFB66F63DF34C2E3EC241A6BDB3
:10213000D898ABBD85873FBB46AA843C338F6D3CA6
:102140007651A73D8EED063E57E7A53D0E4BEF3B82
:10215000CAE4D93DDBA1C3BD104EA03D604A30BDED
:102160004422173BE987F43E77D70F3F53D7ED3E24
:10217000BAFEB43E22C3713EF9D27C3E1A4CA63D53
:10218000806E0D3E5673623EAAD9043E9A80573E39
:10219000C4B2323EFC6C6B3E51AC643E7584953DDE
:1021A000B8191C3EE20E3A3E3CF14D3EDBA1243D07
:1021B000499F823DB6390B3E29C5893D368C7A3C14
:1021C000477B843DA374A33C0AED823D6710273E04
:1021D000D5E086BDC5A5653E98CA9A3E3B625E3E87
:1021E0002EBB773EAEE58EBD3AD552BE09C45BBD6F
:1021F00062D1843DA3E40E3E7446883BE7A7DF3DF1
:10220000BEBCAF3EF742873E0CC5D43EEB6D273EC9
:102210009A4F3F3E06FD483E24EE083E222C2F3EBC
:10222000C9D1903DEF1EEBBC35A10B3EFE10093E1F
:10223000F691793ED2F1613E6709C4BDED1D8D3D39
:10224000850402BCF222263EA8B2AF3E1B26453EC4
:102250000908753E4BF622BE32D913BE84C4083C31
:1022600044F95A3D906ABABC7A3C8CBD98D0A43CE3
:102270005122533EF63A363EF025273EDAA7363D48
:10228000F5359A3D5CA51C3E1C18993E2A4A7B3EBA
:10229000FFF2FD3C78273F3D75748E3E2A37103E95
:1022A0001ADC553EF4358F3E813050BE8281AF3E00
:1022B000B8D35E3D7ABCF53D5016843E4AE61F3EDB
:1022C0009769673DB8348ABCE309CDBBF05A10BEAC
:1022D0004F6821BDD3D4F3BD63E68BBE25464FBD09
:1022E0005BF8B4BD88BE363D68ECB1BE6DEFCEBEC6
:1022F000150686BEFDF98BBB3600E43C32700A3D04
:10230000EFB0243D2861AF3D6C43C3BA8C2595BC2A
:102310007D77A13E8398BA3E8CF1F53EE764813E1D
:102320003AC28D3D7369E23DDB47CB3DC50783BEB5
:10233000EEF70DBECDF59EBD913113BE21928EBE3E
:1023400020AF69BE622C8EBE75F880BEE74637BDF1
:1023500006C948BE945E8FBE386638BF5FDF47BF90
:10236000267018BF173990BDC0497EBD405CE1BDE5
:102370000CC2B1BD254114BE48813ABECB3950BD17
:102380004720043EA095653EE25CE43EB52806BECB
:1023900006CA823D7B3C3F3E62252EBD6B33A0BE0C
:1023A000B8094BBE537D61BE906420BDF2B6DABD64
:1023B000CBD0983D8AB708BDA67B063E3B8B40BD7F
:1023C000B03B83BE5A160CBF1FE412BF63D50BBFD0
:1023D00000C0C9BEB956F6BDF50C99BD3B0959BE42
:1023E000D87BB33C8AC8C3BEF43202BFC0D13DBE65
:1023F000BA3ED0BE95E533BE6FE4D33E681346BE09
:10240000E84D9E3CC9ADDDBC04E7783D766007BE73
:10241000973F8CBEF3146DBECADAD03C15DFE83CA2
:102420009708BDBCD5DDCA3CC2FB7D3D534A62BEA8
:1024300099399CBE08879EBE9BA8EABDF609C7BE17
:10244000D196A1BEDEFEE6BD29C583BEC1E713BE9F
:10245000232668BBF21F94BE4A59CEBE5BA5D4BEEC
:102460002D0B50BEF1B7A7BE415F193E04435EBEBF
:102470004B86273E9B1FF13D49AB553E82C4AA3D8A
:102480005A68303DF0910BBE5C4106BD1A7AAA3CF9
:102490007D7BD03C018034BDE8F00CBEAB9CA6BE79
:1024A00096F9A8BE239F8CBEBCC03DBE71CC38BE81
:1024B000118D82BE1BFA8CBEF9A08EBE04A789BE08
:1024C00067360E3E1C1F8EBD9E5911BEA552063D9D
:1024D000E4DA2BBC01C5E5BEEE82BA3E5F68F53C8E
:1024E00070A3E63D90B56B3DBA7A923E75D1823EBF
:1024F000125BDA3CB83D893D2A619D3DB5AEA7BD72
:102500001D4E26BEE83F3EBE2F277BBDAF8901BED4
:1025100000C38ABEBAFC96BE52D0C1BE987A6CBEC9
:1025200048EC39BEA93AE5BEDEB492BE0BF8BDBE9A
:10253000701262BB40AED03D83FB53BEBA2092BC4A
:10254000AE64483E982388BE5E69FC3E1B680E3E22
:10255000B1EF38BD9B7A35396235923EB64FAF3E0A
:1025600019F52DBDA9778DBDC653BABE1A39F3BE74
:10257000C6B816BE4EB19DBDB0F0CABCF88707BE46
:102580004DD6B83D85B2B1BC8E3DD4BD2B3877BE9B
:10259000DA109EBE8338AFBE6C4F4FBE0C9465BD43
:1025A00050C98CBCDD9B2B3EE85A77BD34A149BD98
:1025B00050B98A3ED879AC3D2E9A213F510F0D3E3D
:1025C000D90F833D601CD73C20EA42BE7609903E7D
:1025D00074888F3CFF41EABE79BF33BF53F50EBF0D
:1025E000256106BF860D0CBFC0C68CBE633C6EBEA7
:1025F0005A8441BE6E89CBBE69F40ABF6DADB6BECA
:10260000BB96C2BE1CD377BE6CE6863C94411EBE10
:10261000A17538BD6243633CC8180C3D2516693D61
:1026200048EDF33DD721E03E558C773EAF5C293D28
:102630006BB5F1BC9D879A3D380D4EBE5572CC3EB0
:10264000B12592BDB48EE5BE074533BF61FD04BF21
:1026500057C22ABF3DE633BF8D991CBFB77609BF6D
:1026600009D917BFA7033EBF0F0B1DBFFFC3DFBEB6
:102670008849EABD175242BDC2C148BC804E8CBDDC
:10268000B108CB3C1960BB3D0F2CFE3D6FB5A23DA0
:10269000B16A0F3D50BFAC3ED2B738BD0F7695BD85
:1026A000F389E73B18127A3DD5B1C63E18D46E3E89
:1026B0004B07C53D27218FBE8430BFBE95D515BEC3
:1026C00077ABCDBED41928BFD23C14BF7A0309BF63
:1026D000DBF90BBFB380D0BE323D22BE52FE443D7B
:1026E000504EF33D2F778F3D9F66433CB12113BC85
:1026F000B6CE1F3EB6E468BCB3645E3D66C51F3E01
:102700008B5D8B3D9D4F4F3ECAA08A3E87C8833E5E
:1027100080B586BBD5007F3DBC9A4A3E88D77E3EB9
:102720003A9A1FBDE22015BDAF0FF3BD0FA5DCBD6A
:10273000B5A5783C454353BE86128BBD91FE173E2E
:10274000DE054C3EDD71B93EC535A03E7926DE3E44
:10275000C7FCB03ED40B663E48B3F33D2920CF3DC5
:102760006BAD453ECEEC0C3E8D9E5C3E492A8A3ECA
:10277000263B2BBD4AE7F33CC7CC633E1A1A8CBDFF
:102780003822A4BB31182E3E61A6903EFCF1283FB2
:10279000C74B383E902922BD425195BC4E4816BDCC
:1027A00058DEB43D96CD9B3D6B195D3E12BCBD3EDF
:1027B0003F70083F94E60B3FC258043FECAA0D3F20
:1027C0008479CD3E802D463E94A32F3E535C933DAD
:1027D000E6C6773DAF5C173E5C2D453EBE9EDC3EB7
:1027E00050ABE03EF713FE3D35439F3E8010AB3DBE
:1027F0005883753C4561923CA4056F3E6D910E3E39
:10280000B8BFE03DBEC71E3E6748A43DF86EDC3D44
:102810006D46593EC00FAC3EE0B3953EA5BABF3EF3
:10282000C2EAE83EFCDCA83EB6058D3E853EC43ECD
:102830005D7C943DE943263E7A098B3E5679743E91
:102840001ECFAF3D8E78A4BD88D9903E2233FC3E8A
:10285000BD3F493D293E1A3E2F344D3E478F20BD96
:102860000BFD18BD408AF73A9FE9273E662DBF3D14
:102870009082E33EE9E2633E9989923E4F72623E66
:10288000377A4A3EDB42CF3EC630EF3E014DFB3E3B
:102890007FE6693ECBDB1C3E4820283E96BD173EB6
:1028A000AD52A13D6301133E912B883DB539AE3C3D
:1028B0005616A93CB3C39EBD556E133EB678B13EC5
:1028C000A9E4363E4CB1A13E8121B53EC00BCA3AC7
:1028D00000B483B97895AE3CE49D063EF8C0D63E80
:1028E000A2FC233F7891103FAE89193FB127013FE9
:1028F00004DFF93DD41F603E203E263ED699893D37
:102900006C51B93DD75A6D3E58C9833E6E40293E41
:10291000BD37AA3CB387D73E5B42963EB26F31BD0E
:10292000FC7525BE63A30A3D684DB73E1F715A3E34
:10293000980C493E6193543E40A7583EA68484BDFE
:1029400019C483BD38E42CBC41A25F3D2246213E20
:10295000BC60983E53A4793EEC05A73EF5F0BF3E1F
:102960000C96FF3E6B70BE3EDB1C8E3DC1A7F4BCD7
:102970005C0F823E7C62623ED349EEBC11F1DD3DCC
:1029800053C2993E6F5A923E6628313E4457983E54
:1029900051B6343E60654D3E690BAC3E5544563EE3
:1029A000976E9A3EEBD8A0BEA47AB73DCCB2F63C67
:1029B000AE26643D081F63BC7052B03C86EE0DBE6F
:1029C00029E6C13B2EE69A3C9C80DE3D62B3233E65
:1029D0005176E5BDE5942FBE696189BDCAB8993BC2
:1029E0006B57503E2102753D3D176D3E99FA2F3FC2
:1029F000C3A9153F33F2DBBCFA6DEF3D7277483F58
:102A00001790D73E9777BB3E5BD98B3E149D04BE93
:102A100081D1753C58D3F13C5A5EA4BD46496F3D07
:102A20002E9A403D581A4BBCBA10503D8A4870BD92
:102A3000813B9BBCDE1B183E44A7073EAEA7C93DA9
:102A40001064493E8B52AC3E4736973E0760B63E17
:102A5000E4FAEA3E104F0A3F4D06EE3DC3A286BDA2
:102A6000C2E30B3E7E06DC3E120928BEC93AF7BD22
:102A7000ED1AE43D1EDE053DB2DD75BD278B903DB0
:102A8000550024BDF70428BD309C02BD009E97B9B7
:102A900062E481BDC26C17BD20C5BE3BA293463D1A
:102AA00066476C3D7583823D762665BD56F07E3D5A
:102AB0005F7A85BD09423FBD7BB263BD70A070BD2A
:102AC000C6430B3E9866363E8BC2993D95A832BBF5
:102AD000B650733D008117BA603608BCD821923CCD
:102AE0008B1B923DD0C5433C2C2EDA3C6BC3843DFE
:102AF0007A7115BD83FC51BD0B59A23D81FC84BD8B
:102B00004DB0A23D2A12A4BD265F2D3D05558F3D37
:102B10005763833D540B193C8F0B983E4611583E2A
:102B2000C08F853EF7AB783E539FA93EFC2BD03E2D
:102B300051F2F63E7EB4D13E9322B2BDCA397C3DFD
:102B4000CAAEBF3E6A38EF3E92438A3EB80EC53EDB
:102B5000CD55D53E7772873EBEE7653E76E3683E4B
:102B600069A446BD607564BBD6F1623DC46DAE3CE0
:102B7000C0BBA5BDEACD7B3DAE699FBD4EE4823EA4
:102B80008B372F3E7FBFFB3D46BACD3E8E2BCC3ED2
:102B9000C3CC243F90AAD63E0B4D1B3EFC510E3EAB
:102BA000288BC7BDF86E91BEDAB5A1BDA3B147BEF3
:102BB0002A30F2BD7BE23E3EDB49C83EE77A983ED2
:102BC000BC14473EEB5E713EF260863E273BDF3E23
:102BD000886F2B3E5C2F013C002464B92E17383DD2
:102BE000806C01BBBC7D1B3DE0DA943C16F2B73E25
:102BF000CB815F3E2D12B2BEC09726BE4D7D1FBC5D
:102C000023CE07BE3F5D2C3DF31BFFBD857B94BEED
:102C1000B09BB9BE4D6D30BE3B84FC3BFD15E1BDA4
:102C2000E6CD83BEF96A83BE5308153DD707AB3E98
:102C3000276F533E19BAFA3EA74BF43E6834A03EC4
:102C400096C9BE3E1BD4303D658C833CED9A853DD4
:102C50009099F13C05F8E63C3EDF85BE3C162EBE61
:102C60002D56CBBE99501DBFDB4ED3BE5D1F9DBE02
:102C7000754207BF49CA6CBED23B77BE3CCD7DBE14
:102C8000D32098BE6F645ABEC372DF3DEB564EBD73
:102C9000378EBABD30E2413DC16D96BD2C89E23D13
:102CA000D1C6D53EA0B4CA3E7A7CEA3E55154B3F0C
:102CB000740B013F2E62BE3E2FCC953E1A07B1BC6D
:102CC00070DBD43B00A53CBCE6BC41BD2CACADBE2A
:102CD00082D017BF6AD359BF36F40BBFC53C92BE32
:102CE000C18133BE2289C1BD8147003D2A06833D93
:102CF0005F90123A9269373D08A5403BCDF612BE6F
:102D000097AD443DBE6C3E3E8A07B13CC07E64BC7C
:102D100068F52C3E2198A43E6924023FA66A263F0E
:102D200020B7303F9B30C13E8D51B43E31F5203E3F
:102D30003A2C563DE0B548BEBD1BA53EFF55E8BE4A
:102D4000FE6528BF49FE08BFEA17EFBEA30B50BEC1
:102D500052AD8C3C66B28BBD4BB15ABDC4A5473D4C
:102D60005698CB3DBDA9DDBCF05CA73D2E223F3C73
:102D7000D7980BBEDE645EBDADCB17BE5BF6693D7A
:102D8000509FD0BD73CA78BD6EB3E23EF1C0333FF1
:102D90000A07123FCE00B13EF568D63EAABE283ED5
:102DA00027ED6A39BDD900BF607AC13EE85C1FBF1C
:102DB00016165BBFA3CFCFBE5133A7BE1F5940BD70
:102DC000A195B73C66AE013D23CA583DE1D4843D90
:102DD000316BB2BD86981E3DF3869ABDCA9A56BE27
:102DE00094E336BDBB765B3DDD1D8FBD9BD331BE0D
:102DF000AAB082BDB3894C3D13F1F33EB4C41A3F6F
:102E0000E3B45E3FF4601A3FCB5E923E968FA93DDD
:102E10002425CABCB5D8A0BE7A2B4C3E61F32FBF87
:102E2000409051BF5D2CEBBE302592BE7A5F19BE3B
:102E3000BEC2BCBD2D7BA63DAFE3E83DDFAFB03EDB
:102E400006D7873E18B3223E099065BEB00706BF7D
:102E5000B98459BE75251BBE0DB10DBEA10E2ABE8B
:102E6000065B0ABE8D3F393DB04E6C3E8424813FE7
:102E7000EFACA43FFB15463F2777C93E73CD423EDA
:102E80005D816CBD122B57BE255D333ED37521BFCE
:102E9000822A23BF0E6800BFD137DBBEA708D1BD91
:102EA0002662A83DEBBDE33DCDA39F3EE2A4AA3E32
:102EB000B345BE3E445B7C3ED2C79DBE286609BF7B
:102EC000E2C200BF4A10A6BE422E28BDEA0466BE7A
:102ED000FB7C9CBED04A1A3E89FAACBBC3365B3F32
:102EE00036A19E3FDED9223F8FDAD33E9606B53E0D
:102EF000B2B983BD356001BE9236FABD5EE5DDBE76
:102F00006CB40DBF4D78EDBE7CAB30BE594A0B3E64
:102F1000FDCF553EDACEA83EAD14E13D74D82E3E2D
:102F20003788A03E86A72E3E42599A3AFA4D91BE66
:102F300085FBDFBED9CBDABD1E01D0BDF35247BE43
:102F4000C5E680BECB3868BCE8F317BE1B8B083FD4
:102F5000CA39B73FDA5FC03EA75AE23EE4E7C1BDD7
:102F6000A7C21BBB979CB0BDB90DBDBE0440FBBE44
:102F700020F606BF785198BE873E513E2361833DBF
:102F8000111F41BD70C0F83D449AF8BD884516BE7A
:102F9000BDE88B3E73F3A63E6FE303BEC8E0A3BE5D
:102FA00066C700BED893A6BE70A967BEB306B1BC03
:102FB000DD116BBE37F302BE31F0D9BC0EC9EA3E5B
:102FC000F134C93FD5FE0B3FC291283E30FDD2BE41
:102FD000898733BDBBB1133D0DFFB2BE0B93B4BDAA
:102FE000BE0506BFFDDC7EBE41D8CB3D92AF9B3D0A
:102FF00097FBA63DCAE048BD38BA2BBE8D2E9DBDBD
:103000009E9D983EA02B853EF70D2DBE95668FBEEA
:103010009F3F6FBEEE7D0CBE816EB8BDE9C4653EBC
:103020009D3F5C3D9BEA2D3ED0FE1F3E8DE2AF3EB4
:10303000F3C5763FE17BCD3C10FA993B1AA2BDBEA9
:103040001FC949BDD0B3023E78967DBE69D6433DC7
:103050007F2E0BBF7FD617BE291E2BBE21F5473E04
:103060000D4F5EBDAAC792BD8B0B8EBDD528903D7E
:103070009CDAA93E86A4DF3D3A8DAFBE8E4464BE85
:1030800094395EBEE9A44FBEF87A13BE0197C43DE1
:103090001383213E2136203D006B873BEBFAC13E76
:1030A000A6ABAB3E98AF84BE90BF513DDE77623E8B
:1030B000D3E95A3E6F0449BE66504DBED219A0BC3A
:1030C0009F87E4BEB845F5BD79D4323D0D5505BDA9
:1030D000052D33BDC240913D65D3473D4164043E5B
:1030E0004A767B3EEAB7523D15BFD1BE7BF0CDBEDE
:1030F0001A094DBEFF900DBEF3DF38BE6B37CCBD55
:10310000E073133E839514BE3A2702BD98B56F3C19
:10311000806AC03EDC5A49BE7EA79ABD24D3283EB1
:103120008E55923E9BBE72BE00A67C3CE74FEB3DA7
:10313000146BBBBE1BF646BB4007153EDC1882BBBA
:103140002474803C91B4343E6ECD633E72995F3EF0
:10315000DF4D813E3B8C3EBD9D80E1BEF731EBBE35
:10316000671A93BEE5FF1BBE8287EDBD821C16BEAB
:103170000D0709BEB51CBEBDC11787BE809284BEB7
:1031800025417B3E3135803ECEFDFABEE12BF23C3F
:10319000461F89BE515E4BBEC491B2BEC17A8E3D00
:1031A000E732A9BEF85D5E3D1C9F2D3E7E0F923D2D
:1031B000C0F94B3E4A79B73D86906A3E8B9DAA3E48
:1031C000E13EA63E4D9A83BDD13BE8BEB96A8FBEB3
:1031D000F90A8EBDF95BD53D2C41B7BDB5E46ABD9A
:1031E0008019363D27F7923D5D6C8DBC488CE2BD61
:1031F000731545BE86D9903FAA97703D88AF943E1F
:103200004471A13CB202C3BE9813BEBD4A9A4BBEE4
:10321000571E93BE20139A3EE7DBD73E8C8A413E71
:103220000772093D2334A33E56159D3EFA0DAA3E72
:10323000D477833EC5A539BEA0FB9DBEDF7B00BE13
:103240007427883DA313733D58C513BD01140BBDEE
:103250005E23333E94D183BD8F0FB03D09FAC8BDC4
:10326000032D00BCD1AC0D3F9F5F3BBE7F10AE3E37
:10327000CD290DBE6DACA4BE237362BE64E2CEBE8A
:1032800086DC0DBE9C1A633D89FAB33EC7D15F3E12
:10329000D031E13C80A9543E730E3E3EE3D57D3EE5
:1032A0002BF0883EEEC70ABEBEE089BD1CEA123E86
:1032B000F63D8E3D76ACBABCD1D054BEFE0FC6BD35
:1032C000514642BDE5497BBCC7998BBCD63BFE3D10
:1032D000DEDAD33EBDADE73E1378F4BE699544BE59
:1032E000B91B8C3CD84EED3C17DF543E558EBEBE0C
:1032F0001B3792BDC72124BE3B4EA43DAE4C3A3A8B
:10330000B52F8F3C48A5503D1226863E436FE23EC6
:103310006AD0BF3DFA6259BDBFFBC7BD7BDD083E29
:10332000DD1584BDE2E9FEBDFDBA1FBEC17B44BE12
:10333000125AA93CB03D243E2FB0833EDE2B823E84
:103340002409BD3ED8BC863E1B8DA8BD70F224BEAC
:10335000EDB97ABD1AA2463E5AA7BD3E079BBCBE38
:10336000ABCD80BC0084043DA89686BD6ADE03BE5A
:103370001669563EF5CDB53EC929B03E7B1AB83E1A
:103380007ED43A3E141627BD382BF2BD047B27BDF0
:103390006AEB25BD933B093D0461E2BD12442ABEA0
:1033A000205E18BEE5BA583E431A303E64F6593ED8
:1033B0004BDD993E2D6C953D28FB95BD48438D3DD9
:1033C0001BCCC2BD13CD233E7751FABD603E64BE17
:1033D000D9D02F3E5F9B543E0736423E557A0E3D74
:1033E000A5FF6B3E3D19CC3E80BE883ED28E963EF8
:1033F0008B64333EFDF25F3EDD5B8ABC57D4BEBCBE
:103400004B25BBBDE6D81FBE07C71CBE803A3FBEDA
:10341000479EB33D61D9573E9A098E3E3A84A03EFD
:10342000F381213F7BF034BE67F0E63EE241643D2C
:10343000C18E8EBCEBFE06BD0E802FBE516DDFBD72
:1034400014C1A53DBAA24E3E5FFC2CBD0A0F953DAE
:10345000F6A0293ED350433EB96D413E91D4C83DBC
:1034600064F36C3E68D3F33CF3F0B0BD793E7BBDB2
:1034700085531FBE546731BE2E103EBE695CAC3D05
:103480002D13A43C0DC6973D1F1CE23D1592E93E4D
:10349000C2B8053FE8AD63BC4F27DF3D408789BC1C
:1034A0006A303CBDD80D2EBC451282BBEA12D9BD94
:1034B000BA13043EBFC8343EB57B433CA7DABABD5D
:1034C000ADA90F3EBE56873EA52E4D3EE4E6B03D6B
:1034D000AF8B183EEC8F863DC91E403DAFD8B13D45
:1034E000C0D9123EB96715BED7A248BECF67763D98
:1034F0005130E6BD014F7FBE48DC803C66DD763E44
:10350000EA49573E563B9A3E99331DBE56E7713DF8
:10351000439A27BD45F5A13D5683F9BD1FA69BBE25
:10352000F7321FBFFFFDCCBDA3688EBC4C5CD7BD7E
:1035300034956B3D9BEE503E611A9C3D09C58D3E16
:10354000C395BA3EF05F613E55EB183E4E89F03DA3
:1035500000D3793E5F4ED8BD17900A3EDD01ED3CA9
:10356000D5BA72BEAF3F8ABE095C6CBC1539993DB5
:10357000D7B5893E2331B73E63A6643E9E3480BDF5
:10358000F06B75BD54668BBD3DAA84BE7ACA343ECD
:103590009077A1BEA82F2CBF3962CE3DB773E33D13
:1035A000D19B88BE8C071CBE82B2FF3DAACCF63DE3
:1035B0006AF00D3DDC532C3EC65BF93D2A7A213E74
:1035C000068B3C3D39DEEF3C704397BDA7A476BE29
:1035D000E25255BEA016A83CB9870B3E01777D3E4E
:1035E000798AAC3EC9663F3E7994963E00729A3B1A
:1035F000F93C8F3D3CB5A1BD129D3FBD8262A2BD8D
:103600000143D6BDB136B0BECEB60ABF295919BFE7
:10361000D52C2EBFE92C52BF6A7043BF12E6823D03
:10362000D56F0B3E5656DDBD329C5ABED36320BECD
:1036300007A8ACBE67E6F7BE939AC0BE8C1540BE25
:10364000872C0CBE79E325BECA3D2FBEB9745EBE81
:1036500034317BBE371ABABD175C823DBCA940BD70
:103660004C25B3BCF2A4503D78C989BCA3820FBDE0
:10367000A44356BD888ACABD98F625BE358380BE50
:1036800034E7C3BE349395BE7609C9BEBF10A4BE4D
:10369000A50DC0BEC001A3BE90E7D8BEC4D194BEE4
:1036A0001DDC67BE771DBFBEC55CC2BEA029BFBE04
:1036B000AA82A9BE73FF08BFC92AFEBE80F0B4BEAD
:1036C000185CA73C483242BD72B2433D27A7973DE4
:1036D0009EF69BBDDD4F8F3D242CEC3C9060FDBBE6
:1036E000DCFF38BDD93897BDA08A47BC84D76ABDF6
:1036F0002B9998BD865E693D7B4D06BD6FB699BD21
:1037000087EBBABC38302ABE4A30303D555A513D5D
:10371000935B823D15AC853DE60D75BDD144933D6F
:10372000BE2C6D3D9B9B4DBDC0559C3A30AD1CBC25
:1037300099FDAB3DA8D590BD20F734BC72499DBD25
:103740003BB882BD3644783D5A9687BD90B68C3CD6
:1037500081133E3DA970E2BD33D1ACBDEA4773BED3
:10376000A6D2B7BD64C886BEE6359EBEFFFDC7BE05
:1037700092CE03BFFE3F94BEBB8A0DBE20D1A8BE31
:103780003D2636BE994DCABE9C3AE0BED646E8BE3E
:103790000905A8BE0FE28CBE1F75A6BE43675DBEBD
:1037A000502AAF3B3CF0A23CF8BEAB3C406698BB15
:1037B00000C8B5B890A2FEBB48742ABD82842CBE56
:1037C0004C0A64BE88188DBD5A9433BE9D728EBE5D
:1037D000C7B20E3DC6FB7E3E9A47D6BD94AC71BCC7
:1037E000375492BD395F78BCE1DB2BBB5D21303DA6
:1037F0000BFD06BDED90C0BDDDE701BEE8E1A2BE58
:103800002261BABEADBBFEBEDF260DBFBD0DCEBE72
:10381000B3E0223E567E0C3E7EA95F3D941BC0BCA9
:103820008C640CBD94C197BD36408D3D94B342BEAF
:103830006D404EBE068415BEA016543D7068F2BCA5
:10384000851AB33C1BF57B3EE195DA3DB7B4A63D46
:103850009299C13D6A672DBE6A75CFBD6890FABD69
:103860008F45C8BC19341DBE41EC91BE791B603D2B
:10387000964AE0BEBB26A4BE0A8A28BECB5031BF02
:10388000D42D9FBE2F17383EE0D28FBEFE2B583D61
:1038900038B650BC91AF85BD89684BBE153CBDBEE6
:1038A00062AA98BEBC5B743DDD21043EB96D613BEC
:1038B000A25A71BE6F27C1BDF85BD4BD711F4FBD49
:1038C00012382E3DCD087ABD5B5C6DBEBCC29FBE7A
:1038D000031DD8BD0CDB14BE59F174BCC7BD8DBD32
:1038E000CA2105BEB7E48DBEAD5954BEC9A6B2BE4D
:1038F000F20FE0BD85D8D1BD8F6AAABE286EE7BEA3
:10390000DD9B3EBD653929BD33981ABE4B73D9BCCA
:103910008F38E83DF0E9983EF087B73D1C88AFBD91
:103920008911253DDC34033E6E25163E70899F3D8E
:103930007C606A3C5FCD7ABEDFD99EBE972A04BD0B
:10394000CF86D53C1DFADBBD30ED5F3D257F3CBE0B
:10395000702BB7BDB38768BC130BE93D363DACBDDA
:10396000B0EF4ABE73AFD7BE8082D7BE4D4412BE01
:10397000965D023DB5933FBB841F443E8BF5803E70
:103980004D88273E4431363E271E483EDB98D53DC4
:1039900032D1203EFA72863EADB1413E493D023EF3
:1039A0002832023DB88E55BE94F315BE08A92ABD33
:1039B00040CFA13DF03A433EA4967C3E8BE4563E78
:1039C00006B77F3D342AA13D29595ABDA6307EBE97
:1039D00034F709BE9B05EEBEFE406A3C3BF771BD65
:1039E000FB41A33D4274053EAFF0FD3E74E4963EBC
:1039F000C59F633E5329913DD53C2A3E91AF553E2C
:103A0000A8A3453E087E903E0430B63E769D763EA5
:103A1000586B0A3ED5F6183D4EA1C93D6EED0EBE5F
:103A2000FAB1883DBA7C633E4B054C3EA87A3B3EDA
:103A300098EA373ED2A00B3ED2AF743ED60AE0BD24
:103A4000D7ACC6BE4F1110BF92319FBDC7C46ABE6E
:103A50001DBF62BDCB393A3E35159F3E688DA73DEF
:103A60006FB1B53D101D253E2800B0BB6EE5E83DA9
:103A7000A5617C3E7B9D973E6648BA3EFE20B23EE5
:103A8000247924BDC42FF5BD479FD43B90F62F3E2B
:103A9000BA52ED3DAE20223E84FD073E1487963E8D
:103AA000CE33343E03FC3D3E9D7E523EA35B973DAC
:103AB00076B8BBBE867BCCBEF79A80BE543801BEBA
:103AC0009C1F783D5925AE3EA48895BDC1DC8C3D38
:103AD0005A40BDBD9FD7843E249F543C5402DEBD56
:103AE000C4F27B3D5E72133E5FD8DD3D24DE2C3D8B
:103AF000B2FA933DE8A986BEF7D418BEA9B3003E3A
:103B0000834F893EB6D2BD3E6D96213EE893A5BC5B
:103B10005044F1BD51A759BEA3A8AB3DC65965BEDF
:103B2000019CB4BE7393ACBE005C81BD46BFCA3E6F
:103B3000F89AAF3D16259C3E6BFBDF3BC9D05FBCBE
:103B400019728EBE6D6B383EFA8BD53D042613BEBE
:103B5000BD8F0F3D5C10163D728801BD1C1623BE43
:103B6000863AD3BEFFB8BEBE94209FBE6C95EB3D97
:103B7000643D253E035A623EEED415BD6203FEBD90
:103B8000646F56BE3F6B9DBDB09929BE93E08ABD60
:103B9000C003DA3DEAC8D93ED00E0E3F83C5EB3EE6
:103BA00091D2113DD55D1F3E46F08FBD86C421BE2A
:103BB000C14DF7BEF0DA66BEB7D553BE7D1A11BF50
:103BC000641EE2BE7B3E10BF5A7817BFF0F9F3BE09
:103BD000A5BF2BBF30FC5CBF178C19BFC6B5F1BDAC
:103BE000A66706BDA244EEBDCC1F1CBE913486BEA6
:103BF00064A781BE6D9988BDE18DB3BDA761BCBDD1
:103C0000555483BD099A913E100229BDE1736DBEE2
:103C10000CD1343DD2F7673D6A425DBE2C800ABFAD
:103C20006A083CBF7A1649BF9DC255BF8AE390BF60
:103C3000784A57BF627C75BFC77B39BFDCAA3DBFDE
:103C400041E710BFFE5B03BF0DA0E0BEFCBB7CBE26
:103C500093A147BE3FC7B5BEB28E51BE255AC6BE60
:103C6000443AD1BE5CFACCBE96E8F4BECEA524BFE1
:103C7000D68EE8BE0B4C81BDA772303EC50FD43D39
:103C8000E7A5D63C629715BE0E94F03DBD0527BF53
:103C90001A2180BFE74482BFA2C993BFD2A393BFBA
:103CA000104189BF37061ABF5BD487BEC9A300BEC7
:103CB000E0BF15BEEAAA9BBC8FCD4ABD335489BE76
:103CC000B72861BE26E214BE256304BE6EABB8BE43
:103CD000E8B544BE9B0883BEA5A2E8BE3075D4BE3D
:103CE000F4E3CE3DAECBC33E5B46ED3ECCE0903E32
:103CF0009263B63DB6B406BEE496DF3C5B1BE9BEFC
:103D0000365405BF04966EBFE86651BF4D7BC9BEF1
:103D10009D13C0BECCAB113E34C1053E3599443E27
:103D20004CBD783EBDD2D83CF247413D63F6AFBCB6
:103D300045527CBBEB77EC3DBC87963DF87A2D3E37
:103D4000C8EED0BD21A602BF0243A0BDF08CC03D8D
:103D5000D456A03E34E5123E8056123F1C45A83E84
:103D6000C632693DF54949BE969D9ABE207183BE13
:103D70005EAD1D3E091A38BDA5100BBEF4FEF33D25
:103D8000764E5C3CB68A533E2466063E047A2D3D50
:103D9000F0DE043E3862923E485EE13D0097813D90
:103DA0004F151B3EE2D8913C299AC33BD43A4C3D77
:103DB000B8174BBEF09FF03D99BDEBBDF8297A3D99
:103DC0002DC6773E28B8F33CA0B90D3F1F08233E0F
:103DD0006E80C83D96B09FBE65AB83BEF36C98BE47
:103DE000E38A6BBEFFD84D3E508EE93EB42BD03EE9
:103DF0002F7D893EECDE9A3E6CEF463E7ABC803DDC
:103E0000AC14B93E30D7653EEDC89A3C3FC7813D02
:103E1000BDBC593B1D1E703DC28DC8BD93BB4B3E02
:103E2000E8B7D33DFF6EAA3E3F3C2B3DA7E17D3D69
:103E3000571E3B3E6B6A2B3E93D33D3F2D2F733E67
:103E40005020A63B45CE6CBE418F23BE2470ACBE35
:103E5000014587BE0C4BD63E85DAF73E5C88863E30
:103E6000AC3C793E3C6C9F3E4789903EB1EE9F3E14
:103E7000EB6A993E4318CC3DB525303E055BF63DD7
:103E80005BA50ABD3FAC16BE4FC94DBD1F8D2ABDF7
:103E9000BD4EF8BB3D4727BE96CB9C3D361E133E1C
:103EA0005512843D567E893EDDF5293FF1A5473EFA
:103EB00052E7DABCE7E265BE857794BE6B7342BE1B
:103EC0004252093E6501C03ED7873C3EF89BA53E65
:103ED00085BAB93E125E773EE515913E0E6E703E94
:103EE0001F0CE63E05332D3E3874BC3D3CAD66BD2F
:103EF00009183EBE818333BECA75C23D17DFACBC14
:103F0000E193A8BD39BD30BD838FA1BD6D5CA23CDE
:103F1000A689263E3B92AB3EA3DA2D3FE16DDF3E04
:103F200093EB0C3C4F5BB0BED2F9F9BD59531ABEAE
:103F3000FAF81E3D94E4D13D57C4F53DD4F8803ED7
:103F40004E635F3EE4AD203E2F5F873C134B1E3E29
:103F5000B06BE43D6E15053EFA0A9DBCC6B18ABD44
:103F6000EE10E2BD6D67DABC5456EB3C03B31C3E69
:103F7000F782A43DCAAC673D0CF2BEBD4760F8BDF8
:103F8000BA180D3D246A213F61B7AE3E66C9B83EFE
:103F9000AAA463BDD745CFBE0F6C953D177C2E3DBF
:103FA0007E6EC93D8476A2BD79E64BBE12972DBECA
:103FB000B0AB3A3DE27A07BE0A4823BEE234BE3DCA
:103FC0001B9B163D5D27FFBD6AFE7CBE2B4271BE6A
:103FD00065A381BD0053E5BC5336933DC9435C3DA9
:103FE0000353E33DC6C6B63C966BF3BDEC5E1DBE07
:103FF00094520CBE47B3DF3E0EC7873E0C228ABDEB
:1040000013D3BDBD9E13513D29783C3BE93A97BD82
:10401000D9C1733E744FC4BC21DE76BE32E9D1BE35
:10402000C6E962BE9D7B8CBD66E219BE60EE0E3CA9
:104030004194DEBDD739B1BC618D18BEBAF8B9BDA7
:104040002E099B3D7ED3573CCF9FE93D81763A3E7A
:104050006F08523EF143933E1740933DB224F63D24
:10406000F007B03E0876273F935C40BEB50854BDCC
:10407000700D573DBF0B233D2814A8BDF075353D8D
:104080003146DE3DC6B1FF3D9FF11BBEBB4580BE44
:104090000C136ABE3B6B84BCD4F452BE740D01BEDB
:1040A0002A8B21BC9EB00CBD9723A93CCE3D4EBEB1
:1040B000E555E0BD5E3847BDD3CDD23BB6DF563DBA
:1040C0000759343E53C6053ED1DC083C4E176A3DC5
:1040D000901DBB3E9E2B243FD2F191B9EF19DD3CE0
:1040E0000D30A03DAE927B3DEB1BB9BDBA1A7ABE36
:1040F0005BFD4F3C55D6303EDD15603ECDC7913D52
:104100001D8A0ABE021827BEB4E74CBE70A2E03B6F
:10411000F538CABC0C58E8BC029A3FBE494485BE7B
:104120002A8A85BEB99899BEC470A4BE3EAD40BE71
:10413000B3A7943B250992BCBC80ABBC52951D3EF5
:10414000CD89DC3E059A123F508A9C3E6AF5023DBD
:10415000C0C6AFBB898654BDA10B8F3E813EB2BEA7
:10416000EBE6D93B8C6CF63DD56F42BC915650BE08
:10417000748A94BEA4C059BECB87DDBEE70632BEAA
:10418000D5A48CBE89F9C2BD3DB2D53C158C49BEC3
:10419000BD048ABEAD97E73DDF9D64BDB19163BEAE
:1041A0000E67C1BD3BE91A3ED9FEB33DD25476BD80
:1041B0004D8FFA3E7C42D33E2FCBEA3D315D5ABD56
:1041C000ED4D883D6A25663DDC246CBE05F5DD3E7F
:1041D000D45CD33D81FA983D805305BE415F163DC6
:1041E000A87B08BEAD79E5BD935DA7BE4BA243BDDC
:1041F000E32B31BDEDF680BDE27742BC627F923D9C
:10420000CE480C3E265BF93D8A5493BEE78A4DBFEB
:10421000261323BF03C403BD7CD03CBCEB30123E4D
:104220005203BA3EC55FAB3DAF52343E02D4343D7B
:1042300000EDF2399B1B8DBD8959973D294AE4BD9C
:104240003CF8A2BECE82EEBDCE045DBE63090FBCBB
:10425000E0DE37BD26FAB9BD90F9DEBD481410BEC8
:10426000129206BEA951A7BDA315953ED1CD7B3EA6
:10427000D35FE73C6DBB503CA210A9BEDE338FBEBE
:104280005A32B0BE379A8DBE238AFCBDE738A5BE30
:10429000E56F28BE95293C3D802ADDBB37938D3DD7
:1042A00007D821BD5C90E43C60B320BC383867BCC3
:1042B000EE7D333DFA46653DE86010BEC41DF4BD99
:1042C000BAB259BCE4B7F83D5792353E8C62053E10
:1042D000461A9B3DAA22703E59D0BABD131BB63E6A
:1042E0009ADC7D3ED40E893DAB37EBBDEDA8213D78
:1042F000A9CC0EBD593D95BDA4EC2A3DC9E1A83E0F
:10430000601E21BBF08C053DAC491CBDB04E9CBD70
:10431000C99459BD740E9EBC520F57BD936296BD91
:1043200012F453BDA015053D3DEF8BBD40B01EBB43
:1043300054C47FBDE4E1A4BD629F383D66DC403DCE
:104340007DEFCDBC2CF8B1BD82A54EBDCE9C2A3DE3
:10435000FB2B8C3D626D313D3505963D16025F3D70
:1043600040B296BAE4C1E3BC88F0FC3C705280BD18
:10437000CBEF863DC4336EBD02B46E3D20B610BD9A
:10438000EFAA09BDD750843D92164D3DCAC8FDBC69
:10439000CF07FABA26D5BFBDD9114EBE6005C0BE43
:1043A000182C75BE3F412DBE1ED951BE03BA5FBD4C
:1043B00099DAA63C91321EBECAABD4BEACDF9DBD1D
:1043C00074DED33D72BEC03D5EE450BECD6AE1BE38
:1043D0003E8BAFBE79A44EBECBB486BEFBC4C0BD7F
:1043E000E0721D3DC26463BD3BE6953D58F4993CC7
:1043F000C37CA63D3ACE413D36200FBE1890A6BCE8
:104400000AED7DBDCAE30CBED4DAE7BE8876D0BE25
:1044100072FB2FBF2CB75BBF894235BF553838BF01
:10442000F2B27BBEF11A04BF03A52DBF8A6848BF54
:104430008A6309BF1D1A4BBEBA05973D9955DDBD6C
:10444000673BAFBD5E23DDBDFC9B6EBE560361BD09
:10445000118538BEAEE599BD26A2213DAC7AE0BCFF
:1044600068D7533C90409CBCCCC92EBEA5D942BE57
:1044700057875FBE6EE359BE2E61E0BE258862BEDF
:104480009691C5BD10E9DCBE604830BE6FD8DEBC79
:104490000304B03C64CB08BE0734B0BD5F285DBEEA
:1044A000A8D5FEBE45171BBE541BB5BDCF5F14BEBD
:1044B0003B6179BE0452F43DCAB97A3E1108E2BCB0
:1044C00024D01FBEFC8A9A3E72EE533E44405CBD2F
:1044D0004042A3BA56D4B13CEAC70D3D83CF68BD74
:1044E00064D31CBE989B89BE3C9971BE35C156BC35
:1044F000CD9214BE2ADF93BE1F9E7EBE86643C3ED4
:10450000F71E723E193006BD4F9D663ED72390BC04
:104510006802DCBC3ED9243E9417893E6E7D73BD93
:1045200021D8033D8EE0173ECC66993E9917233E75
:1045300007EC763ED97A013F3FC1F83E398D413DC7
:10454000BA9D5DBDA05D9ABD363798BEF265A43CAC
:1045500076E984BEC40D23BEA3C95ABE401900BE6D
:10456000814999BE679D60BE9DC867BE11B80CBEEB
:10457000C530E9BDBB0E2CBCB41B233EB92FC8BD52
:104580009D597D3E7AE1F13E4D92FA3E50360B3F09
:104590007AACB63EBFAE843D0049523EB3B076BE63
:1045A000A7EA94BE73E14A3EB775093EAFF854BE20
:1045B00016A9553D6D6DBCBD5CC07F3E48CE563ED4
:1045C00044C38DBD00B2AB3C85C891BD9DB917BD3C
:1045D000A099E53C3B81E0BDA17253BE2685A6BEF5
:1045E0009B4BCEBCDF921C3E17FA0B3E61FDD03DCB
:1045F000870BB53D7718003F077B863E3A62CC3E7D
:10460000702BA53E72D0323E29F697BB62358CBD29
:10461000595E0ABE752335BD0834053EFAF15EBE0B
:10462000D7B5663C4A0501BECB5BFC3D6627023F21
:10463000261B6DBE5E6D0B3ECE79343E9CDCA5BA6A
:10464000F222E03D9CC376BD619374BEB19A4DBE2B
:10465000E90A6CBBEB74443E2356A9BDF4B5903D0A
:10466000C75964BCAF2EB23CB9CBE13D7723833D43
:10467000A9256C3DA5F6E83D4272143E4F1BD53E80
:10468000C5A3923EE6CCE93EAD7FDA3DDBB5A2BDE7
:1046900046579E3D265ABBBD1A8E593E51530F3F79
:1046A00065E8CCBEA087C7BD69CEDC3D428B943D9A
:1046B00082040C3EEE4C89BDA5A22BBEF28A0A3EB6
:1046C000DC3FAA3ED383803E2B82573D84316FBBB3
:1046D00093035A3EBC5E8B3DBD0DA53EF5AFAD3D8F
:1046E000F2FE323EC312A63E54D6AC3E25752F3F95
:1046F0001CE75D3FF075813FB37FC93E97CDF83D24
:10470000A70466BDB755A03CB691C63DD7C5133EBC
:104710009DC99EBD0C644B3EF628A93E0620C93CAF
:104720001098063EFFF1893EED2D583E4CB1CE3E2D
:10473000CB53FB3EC465013FA7337B3E58741E3C00
:104740001D1F69BB29B62D3EDE16803E6ADC4F3E3A
:10475000EBE1943E53E4953E0F8C903E96BF293F8B
:104760008A6C213FF676453FC8B38C3DD65A5BBE76
:104770004A3B003BE3E3F3BDC3CB92BD91620B3FE9
:104780003AC7A43E120F9F3E0954D33EB8BB5A3ECF
:10479000028DC03E1A32083F0AAF133F85DD343F19
:1047A0007B4F143F50D3BC3E3B05283ECCFDDDBDC6
:1047B000308FF2BD6E2EB6BD20242B3ED81B933E0B
:1047C000EB12803E0AFFB33D57842E3EB8328A3E3C
:1047D000C70CC73EF60C713E6C0A1A3BEF4EEEBD9D
:1047E0003A439BBDD444EBBDDD249F3E5339023F89
:1047F000FE37993E9E75A33EF11D1C3FE3ACF73E8C
:10480000D6AB0A3F0F6A3B3F4C97333FFBA8013FB3
:10481000D6A9B53E6727903E1A35A2BD96309CBEFC
:1048200000C32EBE5EE3653EF4FB213E365C973D41
:1048300073720DBEDDD2BCBE72567ABDE382CA3C35
:104840003F1EDD3E428E973EAEB0293F4A0E90BDE0
:1048500086FAC6BC5EB2293E49AB29BEF94239BDD3
:104860005510863E9FBFE33E3C8F383F10095C3FAA
:1048700058A5053F2C8F423F8694E33E13ED293E19
:10488000B842A73A4DF8253DCFCE2DBED2A91EBEC7
:10489000EF526ABE20C82D3EA2FD6F3EA5C8983CCF
:1048A0002B426BBE024289BEE49A16BEFAAC8FBDA3
:1048B0006480393D5AB0FC3B1A76D43EF511ACBE4B
:1048C00096329DBD0F7B4C3E9CB38ABED91C46BE22
:1048D0005CA71DBC2968873E4EE3B13EB220263F4F
:1048E000CD62C23E6DFEB13EF21621BD3B78FABDEF
:1048F00047D099BEBAC76CBEA7133DBE973B7EBEDC
:1049000086EB24BED1E67C3CFB84753E0DD0BEBD5B
:104910005EAC9FBE73B964BE7BE35D3D6703CBBEF7
:104920005B7744BE0FC1E63D8F31863E7C3775BE56
:10493000A9C3673DF000773E59EE21BEEE1101BFDD
:10494000775026BE0956ED3DC5E44D3EC54F363E77
:104950002B2323BE02D392BE9611BCBEF38AD8BECF
:104960003F6DDABE36442FBE7D42BEBE925727BE93
:10497000CDF410BE078A843E0B8F353EAB4520BE7A
:104980000CF459BE7C5758BD1EB07DBE035304BF06
:104990002BF90ABE7F203BBED480E2BE2CDC17BEC2
:1049A000930945BCD8E44A3C7996CEBE1FA814BEF4
:1049B00033A5323EC60144BA9CC7293D5E2EA23CB7
:1049C0001C8F17BE5932D9BE6443EFBE86A333BFD6
:1049D00072A202BF2A3300BFE47A6EBE2AA09CBD39
:1049E0004E5E6E3DA705523E4621433EFA636BBDC7
:1049F00033BA47BDC4CC7ABCC9A272BECF24B6BEFE
:104A000056C198BEE87F80BE9A7741BE44AC35BEA1
:104A10001F7CA2BDFD1ED73D31B364BE7790F4BDAF
:104A20006118BFBB979720BD461F30BC9B5E5BBD26
:104A3000F53808BEE6B9C4BE0F45AFBE90D2F1BE90
:104A40004D8EABBEE49ED0BE87FB96BEE2C824BEB0
:104A5000299E443E1AC79B3E1569963D6D6130BD47
:104A60004FFED33D63920DBEC2C074BEDB0854BE80
:104A7000BB40ABBE8BF99FBEAA1C04BE93DE743D47
:104A8000130F8E3DC47B80BD31264FBEE8F42BBE94
:104A9000D04F3B3E8CB68A3DE6A81A3EDCC0343E81
:104AA00001709EBDCE0749BE2FABD5BE749933BEF3
:104AB00066111CBEBC562EBEDBE9B2BEC630A4BD1C
:104AC000CB19463E0B309E3E26EDA4BC9CC8123D41
:104AD000A4A3003E110C703CC3A30DBEB5F8A53CC9
:104AE00048E1FBBD572826BFC3CEBBBEDE94903E37
:104AF000557193BC8347003E89BC843D2DB7D8BE19
:104B00004AB05ABDA58E983E4638CB3E79CD793D08
:104B1000B56CD2BDFD796CBE9CAF3ABE74BEB3BD60
:104B20001FF88DBE8CB544BE34135BBE854ECDBC24
:104B30007B14163D4E079DBC9A0119BE05052D3EFE
:104B40004D32813E54D2B53D5750083D6FE4A3BD70
:104B50004D08CDBE88644DBF5D33BABE23B4DFBE01
:104B60006786C5BD1AF1363DBF9FE13DA3EDDCBEB2
:104B7000CDAC4DBE4A98AD3E3F9BB03EAEC44F3E1D
:104B8000E1FE2C3EE7FA26BEFA3B68BDFB3859BE73
:104B9000012231BE31DEED3C7190933B55905CBEFD
:104BA0002C7D68BE550525BED2B787BDF58D72BB7D
:104BB0009ADD703EF8F51E3E891F1A3D9B0B17BE0D
:104BC000EB4D83BE757832BF08C80ABFADA4D7BE0F
:104BD000CBCC8BBD6D4F4A3E2A52CEBC0DB60BBF1F
:104BE000F155A0BDF123A93EBAEA373E579D8C3E50
:104BF00066604B3E05A0803D6F769ABA51656DBDEB
:104C0000FF36C93AEECBE13DF9FA0CBEF81DB7BE4E
:104C100076C205BE6019E5BD74AF1CBE40D64E3CE1
:104C2000FB154D3E5656103ECA8E323EA62D333DE4
:104C3000EEF0C63AF4E31F3EDF0700BF0BC38BBDA7
:104C40008BD70ABEBF52E2BD16C1A13E99F690BEF7
:104C5000AEEA11BED56B86BE4E1362BD3C301B3E24
:104C60004F55663EFE2E313E3E6D483D76B9D83DED
:104C7000933B6F3D2808423EDA0E4C3DEC4474BE37
:104C8000C9F0733B24742A3EBFCE12BC7870133E29
:104C9000FA9CC73D02354E3E9D60C63E3319133E19
:104CA000473628BD85A1723EE469B7BDEE0DAC3C28
:104CB000874EA0BB171C203DB0C6913E5A03E33D72
:104CC00011A7373E62560DBFB8F6EA3DB7C2313E76
:104CD000830A063E8F6B273E67D06F3E5E6BE83ED1
:104CE0009C21B23EC238893EDC138B3EA7120A3BA0
:104CF000950B233E86A94E3E2F150D3EC264233EE2
:104D00001C2B163DE1F3A03EBF240B3F363A183F63
:104D1000E3FBAD3E6FCA5B3E8AA7E13DA0A4143D14
:104D20008036943CCF199A3DBF113BBE8E84C23E63
:104D3000FDD4EA3E5CCB3ABD66D380BC333BF93D43
:104D400067A30F3E9D34343DC8FA8E3E722C883ED8
:104D500064CDE5BD5A4D0E3E8FC3453E1A25AB3D91
:104D6000E043F43DDD5F0E3E64B4343E571B423EEB
:104D7000222A433D6347913E4206F03E8EAD4D3FB1
:104D8000FA31E13E97B7673EF458D1BD1AD2693D7A
:104D900022547EBD70757FBC1C0F4BBE9C61FA3ED9
:104DA000CA1D093F36A5883DAFBF473DD297AA3CF3
:104DB000F62591BDFFC8C7BE400E1DBD9BA025BEF8
:104DC000DD135BBDD893A13C583100BDD16D573D7B
:104DD000C1F1CB3C3D4CE9BD4F26B53E425F103F93
:104DE000049E013F1F3EDC3EF05FB03E87390D3F21
:104DF0009A0F45BD061BCFBEFC999ABE73D395BDD5
:104E0000813D823DA0EC343C1E734ABB7C2963BECD
:104E1000D9803B3D8D74B63EAA5A633EFDE0CB3D42
:104E200031E5353DA240B1BD0C0C763D7FE43DBD82
:104E3000B60CFA3D1FEFE93EAE12CD3E1B2BEF3E06
:104E400087DE023F588A163F15A9703F5A6A823F93
:104E5000BE79043FD17BA93E4567863E1252FFBB17
:104E6000513032BEDF467BBEAAA14FBE500D3A3C48
:104E7000705A2ABD7DB122BDDCFC63BD08F49D3DA6
:104E800099845E3EFC19A53E8DD1BE3E05F8873E55
:104E90006F7B0A3E7CE29A3ECDF2BD3D7FD8FC3D61
:104EA0002D29273F08DF423FA905203FB449593E3D
:104EB000CD4B263FE88F493F18C82F3FBFC8F53E6E
:104EC000C0F4703E9690753E4DBF0A3E780BEC3DA7
:104ED0000849373DB96A9F3D0EF16E3DB0648DBC07
:104EE000F47B60BD56D3353D30F4493CDC67013D71
:104EF0002F4B1A3D907B01BDF0AC513EF4F0423E89
:104F0000682A4F3EE06D493EED0C2E3ED200893EB0
:104F100076914F3E23D6B23E04B0C73EB902773DEC
:104F2000F62BBDBCAA9A563EA4DB913E3B00513DF8
:104F300059FBAC3D068F34BEEEA8553DC2B84F3A82
:104F400000E29E3C63E3863D980C0E3D1D440EBD81
:104F5000563A393D25E64CBD064F683D9813A7BC2F
:104F6000004635B9406C383BD0B5A1BC9E4917BD51
:104F7000FC0B99BDF8094FBC9DFD22BDD0CF1D3C57
:104F8000262C58BCC936DFBD18A6DC3CF283B23AE9
:104F900041C1923D959919BD044CA1BDE23D453DED
:104FA000E0A70ABBAA755F3DCCCDEF3C0C1EA5BCAB
:104FB000E2C9723D32C478BDF2504F3D5003233DEB
:104FC000B3E2993DD26B2CBD40D9E2BB5065013CA8
:104FD000B4319B3CEED0D3BDB04008BED59E87BD5A
:104FE000CE7AACBD60EFA5BD7A1427BE4200CABE22
:104FF000398304BF45C6BEBEF3B2963E46A5D6BDB4
:10500000574ABBBEA036B3BEAD7ED6BD25959ABE6F
:10501000B8E394BEADE90BBE38702DBE934A97BD80
:10502000AC88ABBC2F75A8BDDE3E1A3D2CFFE33C1F
:105030001A88363D60B4663B444DDE3C3786263DDB
:105040003705103C41F53BBE99DB90BEAFA2E7BEF1
:10505000E623ECBE680ABABE2B2FA7BEA7D2B3BE0A
:10506000DFE58FBEEDA10FBEF238D9BE9D173CBE65
:10507000DD6F273D4216973E797EA63EBDE30E3E8C
:10508000382309BE54CCC6BECBF677BE5D6E25BDB7
:10509000EA60E1BCB69A533DD8FA91BD1183A53DB3
:1050A0009839013DA2ACA4BD479D3ABD103562BB05
:1050B000ECAF33BE0504953D22A4F23D423D3E3D9A
:1050C00015B4F3BD850563BE0EF598BEE20C6EBE49
:1050D00062857B3DBED96EBD98BE41BE247771BD51
:1050E000A94D8CBE01FD14BE1F1B53BD95FC0C3D8C
:1050F0009DD0D73C167547BE4975F0BDEB408CBEC0
:10510000937B2EBEABD4DF3D296B90BEF40BA93C44
:1051100028DF233CCBB06CBDED9821BD5B0FD93DA2
:105120008F3426BEEA14953E488AEE3D7C6506BE65
:105130001C925BBEEA7B87BE9BC520BE7252B43C0C
:10514000232C713E6D45943DA781363E67368A3EDD
:10515000E96F3D3E082AA93DD098A63E6BC4093EA2
:105160006857C43D38E8ECBD53F205BE32D2ABBE41
:105170004BDC82BEFCBE57BC45A0D43DDE1787BECB
:10518000CEEF3E3D973F943D94FBBFBDAD0B873EB8
:1051900089A533BE64F4DD3EB36BA0BD9373DDBD62
:1051A00083E496BDCDAC433E5DAA7B3D28127E3E96
:1051B0007A11793EEE26803D738821BE8BB9FFBC03
:1051C00050D6143EB54BA03D0C71123ED863163E2E
:1051D000A7D5533E3C8D893C81A4FD3D0EE290BE97
:1051E0009C2870BE945B31BEC04F51BD368817BC41
:1051F000E047C83C8EDC0D3E2469073E2087A93E6F
:10520000D2D27FBE7842EE3DFFBFE23D0B1C893E0D
:105210004D07603EEEC2683EF21A563EE960033D1D
:10522000FC221A3D6D515A3E9CDF063EE128D93BD7
:105230006232E8BC8B471FBEE6B173BD6D2DC53D24
:105240001F911D3E0436D2BD3D080FBE05373EBD41
:105250002AA41E3D1355BB3D27C2773E8EC5D0BD47
:1052600055DE7A3B7420BD3E0ECAEBBD7F15CE3EA7
:10527000E61279BEC714303ED792703E78B2873EB0
:105280000FEFD53E5491963D340C303D58D43EBD81
:105290000F745BBA48AA913C7574CC3DD3C065BD10
:1052A0003D0B28BD85E569BEFC7C4ABEBEF437BE19
:1052B000751ACCBDB16403BE985A9FBD7F86E83C89
:1052C0009EE9383BE275F73CC0D3733DE63B1BBE1D
:1052D00034B90A3D6481303E3C56BB3D8B6D153F71
:1052E0000E77363EE97BCC3ECC53B23EF8C9C93E80
:1052F000CA989E3EB2C5A33D2C4B8A3DC1AC7F3DB2
:10530000011176BCA786333CD1FB4ABC410EA33DBC
:10531000647D1BBEAA2348BCD35F2E3E708A15BD98
:1053200038ECB1BD0AD189BE330DA83A1E865F3E66
:105330001EF4DD3EB843123F75C6263E853BD83E7F
:10534000DA268A3DB7441F3ED81D223EFFD3023FD6
:105350004C77E1BCE216CE3EA208223E6550F73DF6
:10536000B42D843E54DAE4BCCB1ABCBCBF80FB3DF8
:105370004A52113E97DC04BE99D4603ED0C78A3EA3
:10538000A5404D3E853A153EEC5A723E25AEEBBD2A
:105390009F7DE1BD52E5E9BD604F173EF1BC003E87
:1053A0003C35C83EB9135C3F81F4293FD849E63DFE
:1053B0009895853DAFB8E63D458F0DBD0AD19F3B21
:1053C0002D8913BEFD1312BE96222D3DAFA1B03C18
:1053D000E000E63DE424A93B23F43A3E6F19F33D97
:1053E00038B0453E3FBB7B3E2B05A93E062BF73E22
:1053F000636C003F4EC5703E1C36493E21876A3EB5
:10540000D037A73DD8480C3DCF8C1CBDA792A6BC79
:1054100045479C3EA2BF323FB3E7013F1D1E013E00
:10542000B030473DCC59743EC8A0D83D0E70BF3E49
:10543000C137A73EDFBAE73DB9FD813D02EBE7BDCD
:105440004C1276BCA79BAABC3864B73D2D3C533E9A
:105450009438973E295F8B3EDFDCC33E3060153FBA
:10546000FD13023F67B0B43EBD646F3E6D0FECBDEF
:105470003D1513BE799598BEADA068BE789DFEBD62
:10548000C8382DBEC2E5173F0848203F435FDA3ECB
:105490002DDFB13D4249173EA1ACAEBCEA0ED83E6D
:1054A000C033A93ED8E649BB4D2165BE4E62DFBD83
:1054B00008788B3C63EBBA3C7028043EDDB3B03D0A
:1054C000549E533EEA62213ECFCAA93EA31C0A3F26
:1054D000252FC93E27457C3D87A5F63B382E37BE94
:1054E000D5DD8DBEB1C4AEBE5ECDB5BE7041CFBE02
:1054F000CE6C78BF623170BD86B5253F5F24A43E77
:10550000F63E8ABC0D805C396FC3E03DDCE74E3E61
:105510006E54CC3C4FFFE8BD2BC18FBEC70187BE88
:1055200099664EBE45EB25BEC9F1CEBDC07B383E67
:105530007670573E4295863E80DFA13E6813563E08
:105540002EA3863E284D603DC27953BE4D1007BE46
:10555000E528853B58E08EBE8BE31EBF50F72DBF7C
:105560002A2126BFB7577CBE229E113E79771A3B6F
:10557000429A2D3EAC4C133E50BED33E88A9003E0D
:105580002246783ED2D5CABD25C8C2BE61E7C5BE97
:10559000CE6C88BEDFD769BE3A376FBEA0CBADBE3A
:1055A000407670BCF9FC2A3E5673493E33D4893E9E
:1055B000DE1F993E8FAC4A3ECA4C8FBCEF744EBE84
:1055C00045E252BE7F9491BD57EBD0BEE2BEDABE3B
:1055D000FD802EBE477FC9BE5871C73D6F1A323D50
:1055E0007E0A7C3E22EC493E2F66F83EA98F233E80
:1055F0006845E23D6CB444BE45ABDDBD73EFB0BE63
:10560000133CA1BE1E738CBEEA9914BF0F0F15BFC9
:1056100001C6A4BE9EDE023EF955943E35311C3EC5
:1056200057D451BCBF28CFBD361A3EBE1C7ED9BD53
:105630003AC08CBE024D3CBCAEF2E6BDC9AC79BEF0
:10564000D006243E58FCD63C5A46453E6B27053EC4
:10565000C6610CBD9D3D7A3EC787513EFD40763EFA
:10566000244B253E0CE52D3DB6EA1DBE028C90BEB6
:105670005C17A1BE10BCC8BE9AA31EBFB9C579BF36
:10568000CAF809BF8B4D013EE441243CF4377CBD90
:10569000DF2C7CBE121D74BE357422BE3246A0BC07
:1056A00051E2C7BD2285A13C79C401BDD961903DBD
:1056B00061F4DF3E05D074BD242FC23E7FF130BEC1
:1056C0009EF1273D87BED03D538620BD349B673E6B
:1056D000AE188D3E57D6623EF18FCCBCE0D65BBE95
:1056E000EFD951BE823DAABE908EF7BE143D45BF94
:1056F00082BDB3BEADD14B3CE782033C84E2D1BD59
:105700005F4EA1BEED9D3ABE70CA163E8384DDBDDC
:10571000CCF8E9BD72A9E9BDDF8C25BEF3D8DB3D2D
:10572000717B773E38320DBDE348003F30B5D2BEC5
:10573000B2B7AF3C1E2B933C06DA233E7716453EAC
:10574000B566C03E84997A3D55E00E3D8A8271BEB1
:10575000C6F546BE47535DBE9E9B7FBE262681BED4
:10576000480F83BE2FB10B3EF0E38F3DB4F437BE3C
:105770009FF145BE5BE0BA3A9F624C3C61E2DC3D82
:10578000C21D2A3E2389DDBD0D08FDBBC498783DAE
:10579000F774AE3DCDB4B5BD78698E3EBCA95FBE91
:1057A00054A8F43BAEBF48BDD811343EB04EB43D12
:1057B000331D9B3E7980E83C28B9CFBD4BF1A8BD95
:1057C0000BEF4CBEA0637EBDC04E3BBE62E62EBE5C
:1057D000B2CE92BDCFA2313E4C88853D462C4BBE09
:1057E000555D3F3D736A1DBBC6BFA5BC5B6A80BDEE
:1057F00016CB243EA344A73C7153093C829138BC8C
:10580000F0304E3EB2BB3E3EE5A04CBE819116BE8E
:10581000B0D45B3C37A0ADBDBC0F20BDF0A627BE09
:10582000BF683A3DED1322BE5B42D7BC689B04BE05
:10583000914F3F3D072327BDA064E3BC106DCE3BD5
:105840009C4259BD01F05A3D59CC063DEA2EDC3C44
:1058500076AF093E437B43BD4D1A40BEB44658BDAA
:10586000023A3D3E6720E63BF060523E09BF233ED0
:1058700066C5B93CE118F73D24A8D7BB7FC84F3DAA
:10588000E5B2293D3F5326BAB30508BE5F7D19BE78
:105890008F72583DB3A935BE4F43FABC448929BD28
:1058A000DA2B753D75EB9ABD6C8DFEBC3E84B5BCA4
:1058B00076ED5FBDF29E4DBCE0DECF3D321BC63DB6
:1058C000A27FB63CA182953D08090F3CC48B973D51
:1058D000FCC26D3EB8D9193E957EF3BCC331B83DCC
:1058E000DE1A9C3D1007713E733E1BBE8D167E3D39
:1058F0003707853D134882BC113154BED1C509BE5E
:1059000054B7BD3D28F150BD16430CBEAD65233ED6
:10591000B0DCF0BDC1193CBE8D14D1BD496C32BCA8
:10592000123B63BD75A902BDEF20BF3D0CBD47BE54
:105930009B6DEBBDFC17363E7A56C43D6A8B623ECA
:105940000CF9003C29BB0E3E17867D3C0205353C18
:10595000C1C61FBE17A0A2BDC57D023EE89415BDFD
:105960001061943C101089BB7DD7A23E2BE6683EA7
:10597000A728FB3E36DF9A3ECB9DADBDF900903C9B
:10598000928037BEBAE855BDCA18193A0B8E943BBF
:10599000EE3D7CBBABE720BD2C2C52BEF90A4BBDC3
:1059A00011E6E23C2400413C247F99BDEB8E11BE00
:1059B000E9D098BD0150E33DBA5824BE5E9ECDBDEE
:1059C000B27A45BE70E77CBED916AB3ECCBBA4BD57
:1059D000EC9709BDD8E711BDFFFAA53EEE53CC3ECA
:1059E00080AB83BCBC5E423CF7C5E7BD4FECCABD93
:1059F000C7F8A3BDF326EF3B4AEA0B3E9976843DF8
:105A000051FE853DDF24903E7B32263EB8EA733E50
:105A1000A66A5F3E8BACB43E8D0B383E2527203DF9
:105A20009CDAD43D9644103E591239BEB37E23BE53
:105A3000A62DDCBDC1CF79BEC7ECAE3D028E783D50
:105A4000B8903ABCCAF9093DFCC1ADBCC3BF9A3E8F
:105A5000AB785EBBE12698BEE42FA2BE114428BD00
:105A600091FF923E4B79A23EAD5DD93EEBB9B23E7D
:105A700060E8B33EAA43903E34C5553E6466E13EBD
:105A8000CE82FF3E9AE63F3F0CE88F3E2A7FE53DFF
:105A9000028A9BBDED49663E5BF4963E5401C33DD0
:105AA0003DDC803E6301F7BDC83AE13D08C3B73C29
:105AB000709C5CBD78E30E3D20FDB33B84B300BE1B
:105AC0002D54F2BEE45BD4BE61AB5CBE010DA23DC1
:105AD00015C6B13D2093A4BD13153FBDA0DB8D3E7F
:105AE000CC7C103EB244103D0AB550BEC275D4BC49
:105AF000B39B0D3E6AAB833EB3E0EA3D8F56F73D64
:105B000030E4973D70755F3ECF92C73D102081BE57
:105B1000E75580BEE8E6553DC0DFA9BC6C3F99BDA6
:105B2000079AA23D4C651BBD15BDA3BD03232BBD2C
:105B3000FE2231BAC2728D3E2180DE3DF29CD0BD84
:105B400026C58FBDB8D0303DDC43ABBEF5EC68BE9A
:105B500092FD81BEAFDF3E3E73C5EBBC78ECAEBDBF
:105B60009D69733DCA19F0BD633DB8BE9A30AEBEA3
:105B700099847DBDE347903EE7AC5E3E48E8E53E54
:105B8000B54E963D6D4489BD10F6443C40D99D3CD0
:105B9000BDF6953DA07496BB930124BD60B38EBC49
:105BA000105C9BBCD4CAA2BDCA2D5F3DAE48A7BD48
:105BB000B8DD6FBC485553BC48F48CBDAC3BE7BC6A
:105BC0000D05A93D610D693DEDCF9F3B0206CD3C22
:105BD0000E0FA4BD0086A8BB5FA433BD2C41183DA9
:105BE0002DC2A4BDD43DB5BC1031603CBCEA82BC22
:105BF00018BAAC3CA0EACEBBC42F203D49270BBD50
:105C00008B2716BD9C07BBBCF03419BD8C7A20BD18
:105C10000764863CC4B8093DF538933ED3670D3E12
:105C200023AFF73D20E69FBD9C3ADCBD7C4747BED5
:105C3000831A5FBED343A13D2B9E373E07CE223D44
:105C400042B9793E7F61093EF35D70BE8D0A12BE96
:105C5000A5341CBEEDB0D6BD324F2D3E8A87603EC6
:105C60006BB922BDC8AC073C8A0C73BD7A42683D53
:105C7000A3322EBD5FD52DBD2F8D473DFA8377BD55
:105C8000714ED7BD3F36BC3D0B23553EB00EDE3CBA
:105C9000E17AD53C6B9486BCB17569BE72094DBD85
:105CA000A51BC1BD55BF4ABECF304B3CA6CB093E5C
:105CB000E878633E179FDD3DA861B33EBAAEC6BE2D
:105CC000DB0696BEF68CB1BEE752E4BEAE8383BE61
:105CD000018DEB3D39CF323E333466BD21BD843D6D
:105CE000BA2997BD502084BC134F343DC05142BCEB
:105CF0005AD20FBE14C3F6BDE06480BBEA4F3EBD6E
:105D000015DFCF3E4887A63E82DE43BEA4E583BEB4
:105D10009157AB3EED51873EEF7FE8BD6CECA0BEE6
:105D2000F8BBB3BEEE8E93BE1BE6173D6AD6483D68
:105D3000DDA5EC3DBA36D83E4D42CD3E5ABB1F3EA6
:105D40008E6C83BB7D94943DA8EDA6BE32C9563DB2
:105D5000F7EF88BDC0928FBD2ADEB33C5A0F88BED4
:105D600050EF8CBE0CADF73DE2150EBE10880C3D19
:105D700045E50E3DD622813D0F8F8FBD6CDB39BDD1
:105D8000DC81973D2730DBBDA00ED63CCC66ABBC9A
:105D9000DE281C3E9D7A2BBBDFDB043E46698E3D30
:105DA0002588BA3E1DCFBB3E69F7893EA0073B3E22
:105DB000C141C13E9CCED93E0DDEF53E45BD03BE80
:105DC000FB039A3D8EBE363DA7E844BD45A130BEDB
:105DD000533A393EB947AC3E16F41A3EF38DA83E0D
:105DE00027C08A3E0391AE3E56A4053DE75F2EBE16
:105DF000A7D1653D29AD083DC41ADEBC3D2D8C3BC5
:105E00002F160D3E8677CABDA3048FBE3F656ABEBE
:105E100070BF963DBE66AF3E14B8A93E66E30B3E2A
:105E2000CDC8803E07EE9E3E0841953E3D06223D90
:105E3000E82D77BC0BFFE83D7AE9F23E90B3C23D16
:105E40006B3C413DC993D33E38AC873ED3213A3EAB
:105E5000EF18B83DFD3A293EF63736BD38DF98BD1C
:105E60000F82BDBC5E4DB73C1A62993D8AE45C3D31
:105E700059C71CBE0DA866BE3FC816BE6EA81DBE83
:105E8000051B08BED28F69BDD3BA2E3DA0F5503E8A
:105E900053A4A23E5428CA3E08170F3F43F8D53EEC
:105EA000D87594BC4E82193F7B290E3FC901493EEB
:105EB00044B7A33E89EB203E6D6E123C7B6A9D3D4C
:105EC000C50E1F3E7306F03BE01C89BC5691B2BD67
:105ED000C5FBBABD5C21CABCB9CE92BDAE6752BE8D
:105EE000DD7E1BBE4AFCA7BDAAE37F3DAE281DBCDC
:105EF000F21C42BDC953A83D1E54503E1957BB3D2C
:105F0000B678703E7024E73C39A1D53E518CF23E04
:105F1000C8401F3D8886633E9368DF3E29EA883E7D
:105F20000D9C9E3E96AB7D3B104E573E8135C73E45
:105F300080DA833E024DC6BC8B09CF3DB6BB023B27
:105F4000874C5C3DE863963DD423B4BBDC61783D6F
:105F500078A952BD153BB53D6D2F6C3EF0773F3EA5
:105F6000E3A4403E70C1843D0FE9173EF928243E6A
:105F70002E6BF83D40BED33D98AE0C3F0B65D83E2E
:105F8000CD521DBD7784BD3EE9B1553EF9CC023FEF
:105F9000296FAD3EE935A33E2813843E4C44653E4F
:105FA000D184813E41D10E3E6F7625BD5BEE6B3EC6
:105FB00003BD833E8A2F363E66DC873EA77D813E49
:105FC0006EED383E05C6D53E9559A93D56AEFA3C14
:105FD00096DE25BD2AC4B9BD4AD4EBBC9A1F523EF9
:105FE0005298F03DAC01343F320C6C3F60E30C3F03
:105FF0002EEE56BDF89C783EAE414A3EF953B33E74
:10600000BB7E803E4E18C43EF7C4903EBB61153E39
:1060100034F89A3EA72F463EC6B4403E62404E3EFC
:10602000F8CC373E3D36943E79AA4A3EBD640B3EDD
:10603000B29A4BBC1DB18C3D149FA73CEB54A03DC4
:10604000EA436EBD2CEDF9BD653428BD334096BDE5
:10605000BFB8063ECF16CD3E151A603FA3EFB53E42
:106060006B6FB73C3AD32C3E2266583E2826113D32
:10607000E78CA83EC487D83E34CE353DF02AB23EE8
:1060800013D1E03D08FB6E3E5BE0B93DA49941BEF3
:10609000AAA1E5BE87FAA4BE0C3A8CBE29FCDCBEE0
:1060A00074005FBE1D578BBEAE2AEFBDBDC719BDC4
:1060B000627D0ABCD3193EBE8BA14FBC4A7061BD44
:1060C000792700BE9E00833E6B1D383FCD9DA73EC5
:1060D0001DF7553D1905663EA477173E2FE82DBEE6
:1060E000C0969DBD1499C63D835C8BBD45DE793E4F
:1060F000E4A6D73D23CF3CBC717062BEB39221BFF2
:10610000220065BF146E74BF3D09B7BECB1DC5BE6E
:1061100045FDC2BEE3A0B3BEB03576BEAD61A8BE3C
:10612000CBBA15BE64019C3BFDFBA9BEC867FABD96
:106130009738573D1D6F083FA438673F9568CC3EA0
:10614000D5DDADBCD8E6503DF5668D3E74EBA7BEFF
:10615000B0DC21BF793DDEBE758506BF7E4C17BF22
:1061600005D40CBF167214BF074C2EBF5AC554BFBE
:10617000247646BF1B02ABBE940B5BBD9B4CA9BEF5
:10618000DEC658BEAC3C45BEC51A95BE0BFBDEBE96
:10619000B3D2CFBDEC7F2DBE16D1BDBE486A49BE7D
:1061A000946B823E1964D33E4ACE2D3FF8D29D3E79
:1061B0004386113E5875993DAEB4763E2AC507BF59
:1061C0001AE383BF6D609EBF899196BF7F7793BFAF
:1061D00070F686BF4DDF7FBF23D05BBF6B8AFDBEED
:1061E000E9164FBEDD12703E9884B93EAF64EBBD38
:1061F000CD3A75BEEB8B7DBD518BF6BD14C32CBE65
:10620000F0F737BE3757D8BE43D9A8BE69CE5ABEBD
:10621000B1B0E6BD314A193D379B163F03335D3EB1
:10622000F579183EF9ED36BE4D97743E8C89DABE8D
:10623000D5D37FBF0BEC9CBFAF4069BFE90776BFEA
:1062400053354EBF0E1F07BF2C5E53BE136D07BDE7
:1062500065D2173E07C7F33ED2399C3ED5CB6C3C86
:10626000AB8046BD5703CEBD8AD689BD7A3F22BEDC
:106270006F6625BE3F9AA7BE359171BE1DD457BE2D
:106280001F00E9BA412A25BD0BD2BF3E8410313E22
:10629000FC84ED3D3B56BFBD7BF43CBD175630BE84
:1062A000DD7851BF49523ABFDEE489BE6D5695BED6
:1062B000B3E370BE1E4D3E3ED946353E4DB01A3E4C
:1062C0007A54A33E693CB03EAD4C903E149978BCE4
:1062D000007B9A3DA36AE6BD5C80663B53A4A23D69
:1062E0001CE46BBEAB217E3D481815BD2CED38BDBE
:1062F0002A799DBD093F30BDD6188A3E0F06113E52
:10630000407CAFBC7F4301BE0A010D3E0992103EA6
:106310009ED587BE07D8D4BE988E84BD907DA0BC84
:1063200028F2E73DBFD2A33D9DFB4B3ED9704C3ECA
:106330006B4B733E2C78AA3E18C2463EB1C4B6BC25
:10634000B64C993D27DBF3BBB2F3A13D432C153D81
:106350000537FFBDA97FCFBCFBFD4FBEE43885BE2E
:10636000E10E40BD67171B3DE20FE03E9B08A93ED2
:1063700021BA1E3DEBBABDBDA0AFFF3D790AC83EB4
:10638000497C153D8C4FE93C034EFD3C623B2A3E67
:1063900090D3893D78D534BDC506233DCA9992BBBB
:1063A00041955F3E967D963E9ACA9C3DF54C213EB6
:1063B0005197FC3C97C5233E7F5E753DBA15563D0F
:1063C00035C53FBE0D3B87BE11DAC5BED15797BE5E
:1063D0000EE0DBBDA7EDEBBD35A9603DF854B33E43
:1063E00058C79EBD327A0DBE6B6B783EF4A5153F43
:1063F0009644013F51B8E83DED435A3E4AD6C03E6F
:106400006BA0A23E8E98FA3DC8E3E4BB95B691BD61
:1064100054F96FBB4747953EB65E9A3D20322D3EFC
:10642000E97B253E646EEE3D1C983A3B77F6CC3D09
:10643000478454BD343A74BE1ABE99BEBB18A8BE78
:10644000D40292BEF158263E9B85603E6E22EA3D04
:106450006B9F91BDAF6034BE794E693E6F00313F96
:106460009A4F813EDD463B3E04CCE53EB4BADE3E6B
:10647000A45FB63E1404033D34BDA7BCBB51ADBB05
:106480006F38733DFEC4953D350B2EB912AE1A3EE2
:10649000B8DD273D7A0472BC46BC7D3D9B58AE3CBE
:1064A0006CB7A53CE8F60C3D31504ABE2AB88BBE0D
:1064B000C19CBFBDC7FCA3BDCC7E02BCC9817EBD53
:1064C000F6EC183D71D3A2BC525B573E7419BA3E2C
:1064D0004E9AB43E0BABF03DB625EE3EDBB2C53E68
:1064E0004921593EA9442A3E3F60473EE6BDCE3D84
:1064F0006CED043E36E7F13D01186A3D6822183D17
:1065000092C328BDA20E833D4567103E3AB5F93DC2
:106510005F9E833DBD0C083EDAFB003E2A0A13BD98
:1065200085A925BD4ABEC7BD0B1344BEC5063C3D6B
:1065300049268C3C3D11EABA0A43853D594FFE3D40
:106540005C7AEB3EEB78AB3E48A0633E3EE49C3E7B
:10655000160F60BD6A7DD93DDF41E13D752E253EB8
:1065600024C5D03D2E750B3D6A4E9B3D19AFA13D14
:106570001537E73DE436313DD742503DD402CFBC1C
:10658000267E8E3A61A3BB3D0EF9B7BBD711613CA5
:106590001435CEBA09BF613E53D98BBEC7098C3CB6
:1065A0008DB68CBD5FF46EBD0CAD933E7B541FBDAC
:1065B00018C7AA3EC557163E9BE685BD0D22A8BD4D
:1065C00081390DBDD9D50B3EB727613CE0EB163DB7
:1065D0001491913DF2C9973D3843873C90A5253EE3
:1065E0009F11683E8318023EA2F4213EDFADA0BD9C
:1065F000BF680B3D68880ABCCD5B613B517E253D81
:10660000D558A03C6105AB3DF467E7BD086196BC79
:1066100096783CBD01B169BD98019E3E96CF973EEC
:106620007D5D87BEE711A0BEC978B7BD5D6AFFBDBD
:1066300055F41C3EC8D5EF3D8D79C73D9E56063EAC
:10664000A3CD253DCC963D3E646F993E103C243E43
:106650007494083D66F78EBDEFE6163E23D8AA3E39
:10666000F1B50F3EB0CDFE3D03BBA6BDE97ED4BD66
:10667000AC7A9B3ED25F2A3E6CFF833ED1738E3D47
:10668000DEBDE5BC6B4CA83D266991BE3ED6CE3E34
:106690002DBE7ABDF454F6BE869160BE5CCA40BE83
:1066A00061B5373E515B3B3E31AF09BEB19612BD7D
:1066B000E018123EE5BECF3DD2DC05BC5DC65FBD35
:1066C0003E7724BEECADE33C823B8FBDA72ED33D8D
:1066D000B0D382BD4F2684BCE08512BE3E4FA8BE1B
:1066E000AED126BE19E8AE3DED36683EDD05823DF1
:1066F0007E3A4C3D6CE49C3CAA1D6B3D628460BDBF
:10670000A87EC8BE9F7D9BBE46368BBE6940F83DC5
:106710006E4CF33DBC9022BEA9DD5BBE70E760BE4F
:10672000F4229ABE6DA98BBE9AE3F8BE427FDEBE0C
:1067300008CEBCBE17A3C9BEEA32C5BE2604C73CFC
:10674000B2FE82BCEFBB5ABE9C92A8BE872326BE77
:106750000DD8FDBCB9DDC43C0594AA3D8AB4773D93
:10676000F6A15F3D90BD143C6BFC863D2D3C98BD71
:1067700097CDAA3D9315243E33CB6FBBDEA6DCBD7F
:10678000ED5EB13A10E0903E04F1073F7A4EA9BCAD
:1067900062C733BEC6C7F13E9AEC4A3E9570203EB2
:1067A000E944DA3EFD7A78BBDBF758BEC55C283990
:1067B0004EAA8E3C9FE26DBEF2EFABBEDFC4383E08
:1067C000C080C73B98BDCF3C60AF5CBCF0FD98BDBE
:1067D00020C9A53B2C2A933C1D7E8E3DA61DC8BC1E
:1067E00052E60D3D2B158E3D48BD593CFEDE4FBD9A
:1067F000AE4B713D56015B3DC8C7D53C1267053DA8
:10680000CB7B2BBE886EEDBDF4D4DBBCB9CE813D15
:10681000C02AA63BE92E8F3D4B684DBD52808EBDF0
:106820007A1C693D58B880BDBE9E043D880719BCDE
:106830002CA6A83CA2C8323DE79356BD27EC923D5A
:106840000077B7BC4040BA3C600E4DBD6D248E3D14
:10685000AE3594BD316A3DBE3CB3B7BEFF76BDBE1A
:1068600045969BBE253AC4BED7C80DBF47B90FBFDA
:106870002F3211BFCF2E2DBF4B1949BF6E9320BFB2
:1068800035B4E1BE1E0C16BFAD620FBF574803BF43
:10689000B5120ABF400E75BE1E7EA7BECA254CBEED
:1068A0002B73853D26EF82BD588DA03C994A87BD4C
:1068B000802EE73C93FEA4BD4F1E3EBD99E894BDDB
:1068C0004E8A90BEEFD055BE674CF4BE0F9F09BFF5
:1068D000DC0814BF413C3FBFC9B541BF5D5C7BBF15
:1068E000FF53E1BE959FC0BDD9CCFCBD72AF88BE41
:1068F00056CED5BE3733CEBE65F0EEBE148765BF2B
:106900009E9A18BF7B3442BF10890ABFF15F10BF47
:10691000693F12BED11A3C3C809F59BCFFBCABBD45
:10692000547BFF3C8C56A5BD54EC3DBEDE2DB8BE5D
:10693000FD4566BEEEB89ABEBB73F6BEA94050BF19
:1069400095675BBFCFF87BBFCC6D83BFBE3F64BF95
:1069500044314ABF696A7EBF1B09F7BE9235D1BE7A
:10696000AFF211BF05AD22BF62380EBEAE9F153E1D
:10697000841F01BE1BBDB33D976C88BC95B705BF96
:106980008C8548BE31A7163D24E427BE78460ABC54
:10699000706193BD78B9A6BD694C063D7555B8BE0A
:1069A00017C256BEE105B1BE756106BF676511BF6E
:1069B000B56551BF967788BFE58A9EBF329562BFA5
:1069C000A53553BF651922BF302BDBBE1A46E0BE8A
:1069D000D23306BF5EBB9DBE67390DBDE7F97DBEF4
:1069E000CA5814BE6585E83DB6A23E3E9962CC3ECB
:1069F000B91F0A3F0DB208BD4BBBB3BEED58DDBE9B
:106A00004B2B54BD1EF6553DEC0FBFBEA810ACBEBF
:106A100014B1D2BEC8D278BEED6231BFBEB028BEBE
:106A200042931CBBE005CCBE515C9CBED6C4F5BEF7
:106A30003EA8B3BE99AA81BE038354BE0977C9BEDE
:106A4000F2FBD7BE447912BECDEA3CBEBFAB76BEE8
:106A500088BD35BD1660F53DF00B773EF748BD3E6D
:106A6000CD0F5F3D5303B0BED09FACBE469929BD4C
:106A70007440B1BCAA8547BCE94BC83EEB8D8D3D47
:106A8000AA3683BE200451BEE11759BEA3DCA2BDC5
:106A90001F92DFBDA12CD83DA6C7DC3D6E2CFB3C70
:106AA0002565C3BCA503EF3D2346B93D566740BEEF
:106AB000A1D867BEDD49C9BCD0094FBE24FD9B3CAF
:106AC000C1159B3B8800A13D8631963D087182BE71
:106AD00004ED2CBE98044ABE3A5F4A3E1C4582BD76
:106AE0008E9E503D3E3A993EE174EB3E70CA103F97
:106AF00059AD34BEA5C9C7BD1129173DB3D1A4BD39
:106B0000C70961BDE42ADC3DA37C9C3D2F30AD3D2F
:106B10003556D83D287CAE3EB1E9D23C6385013D77
:106B20000A6BA93DB893A53D08586CBE2F241BBE27
:106B300058EB463D5390603D27FF9EBDC63B83BD4D
:106B4000391A1D3CFE54B1BDBE32CA3ED7E4E2BD87
:106B500024F4773D3E7FE23EBB5AE13E659E813E96
:106B6000190DBFBD8C59CFBDB0E0AEBDC22604BE6D
:106B7000E83C37BDE3D4483DBD16703DDA11673EB1
:106B8000AE619FBDE84D15BE999EA43C48EC1D3EEC
:106B90007A60863D20B2673D6EF079BC591DB1BD6B
:106BA0008B354FBDC5AB953B2262C13C2B7E5BBD97
:106BB000DC7B773EB851803EA3C62EBE56B923BEBD
:106BC0009AACA13C9B01E03E523724BDBF5F903D93
:106BD00020011DBD91AC5FBEEC92DBBD8B5C42BE63
:106BE00098205ABDE841473D9DB00B3E58B6373E10
:106BF000DAF98E3E4574403EFA523B3ED89E903DB7
:106C00000399A03C8237943BFBE0533E230750BDE1
:106C1000848A88BDDCABD43DE47E713E917121BE97
:106C2000E133D43C83E83C3E4A41D93EB563523E11
:106C3000A27184BC6F8BE13E280DF7BDC0984A3D20
:106C4000CCEC81BE33E679BD6CB1DFBC0B094CBD29
:106C500027E1D2BD73ADAC3EEA7E393E61E19A3E9A
:106C60000826B73E73B9143E4C9555BDB731C63DA5
:106C7000B79E57BDC26E13BEFE6B483E8AF4473EB8
:106C8000AAA4A23E84FBFA3EEDA2BC3EAE13BB3DDD
:106C90001F1DB03EC97B4F3F34B92F3F5679153E7B
:106CA000071984396FA9433E94F1CB3E94D30B3E30
:106CB0004E0D88BE7972643CC5DF733E2F74D83C9C
:106CC0006C6F8D3ED685A83E6FB1123E53F8193ECB
:106CD000392BC63DD8383CBE55A144BE654F883ED1
:106CE000CE28C23C8D29A6BCA2B4EA3D7F29173D1F
:106CF00084FFCF3D76BA123E3953803EFDE2C23E5C
:106D00007C2DAA3E8685283FBBFC423E44EB5A3E82
:106D10003516203C6D58703EE78BC93E6E9FA4BA75
:106D2000FE9480BE66E023BED615CC3D45A34A3E08
:106D3000AE3C673E9948C13D9842233E972ABD3DEF
:106D4000E790E43BA29911BE4C16EBBB9FFCD93DEA
:106D50007D03EB3D10C6B4BC7EB767BEBAD224BD7E
:106D600032D178BE4C575ABEEF1D37BDC0B7E7BD14
:106D70005C7919BD6A691F3F41B1143FF7F8AF3E16
:106D80006D5017BEC160A4BC5271013FB0840F3E6C
:106D9000E058C0BD337D9F3DCECE813E3BE9533EA2
:106DA000327112BDF5B0B83B191ED93D01CD023E7E
:106DB0007EC818BD9EEB393D5F843A3E3EFF813D63
:106DC000239E5DBCC5BEE1BD2E8613BE41A4DFBDC2
:106DD000BC21813C7D30DABDEF82E3BD0479E6BDA4
:106DE0008ADD003E5A9A053F5D0FC93EF4E7A8BD13
:106DF000D768513E0A74243ECA11AF3E3F46043D57
:106E0000C047983EB7598B3E87084E3EC9F1E03CDB
:106E10009D61233EE2A7B73DD01B3C3DA635143E05
:106E200037557C3EF4F5D3BB9E9598BD3F21183E67
:106E3000DCC61F3ECB995F3EFE194E3EE7CB293E96
:106E40009F71EF3D2DA7673CA169943D6B6BB43DED
:106E500096EBB23D20239B3EBE4C8C3E49ED96BD49
:106E6000F26B783E7851513DE65056BE5B58EEBA13
:106E7000EF151F3F3FFBA73E5234973E77A5783E64
:106E8000B416D43E4881313EDF64383E60BC5E3E7D
:106E90002882603E7C314DBE4244533C6D493A3EAF
:106EA0003401E53CEF248E3E3A10803E0B0A973DBC
:106EB000E4DBCABCD5371D3DCD2809BC3B04B0BDC1
:106EC0005F990CBE4A75F5BEBC34033FB394353EA2
:106ED00054EC9F3DEB8138BE336C0DBFA1208DBEBD
:106EE000FC8CDD3ED1FF1D3ED58A4F3E7A91ED3EB2
:106EF000D290D93E905EB23EE1F0953D3013EA3D2E
:106F0000DAD7183E939C163C54CB203D0D09E63D44
:106F10004D8DA33CFB423E3E2C59103ECE500D3EC3
:106F2000C27F403EE3DAC63D287237BEF48E56BEBD
:106F30005DACA2BE7FDB1ABF9D98683EDC46593D22
:106F4000CC7C843CAAB39DBD4BD0E2BEA4D543BE4D
:106F5000EEBC033E52916C3EBA3A9E3E8B2AE33E13
:106F60001CF9943E29CBB43E2D4BCE3D10C4A13E1E
:106F7000E723923E3A61813E8FC54D3E66D4D03EB6
:106F8000AAA1463E3153D53D9AF52F3E48BA043C5E
:106F90002E9235BC5C815EBD765981BDDEACC8BD2C
:106FA000D8BFF1BE7D1068BE9DE0E73ED7AE2FBED4
:106FB0007641B9BDC56C6FBA7A522B3DF6948C3CC4
:106FC000C89454BD3595BD3E295C593E50FD883E60
:106FD00060701B3EC6B4833D8F657F3EB512CC3ECC
:106FE000D66CDB3E7F0DDE3D20438F3EECED1D3E3B
:106FF000C5E347BCFD5C96BD5932C23DAC58343E3A
:107000008A97253C282645BEB568B3BE8477CFBE97
:107010009EC024BF155EB8BEE541183F85CF91BE26
:107020004CB1383D40C501BE7932833DC9296CBEA3
:10703000C07816BEE7C6EE3CFB744BBE7BC257BDA4
:1070400087D3ABBC6E306F3CD984F9BDE4C676BD46
:107050002F7F6FBE88E641BE3C223FBE83F87FBED5
:107060007BE68BBE402B7EBE9E81EBBD45F8FCBD12
:107070005B2438BE009D55BEE128D4BEB5A50FBF28
:10708000900FDEBE36887BBE8EE55ABE22F4AFBDC1
:10709000B638623D5B3352BE377A7FBEBE120BBF3D
:1070A000C5592EBF02A324BF5E512DBF3E4228BF4B
:1070B0005E193DBF183DB2BE9C221DBF837A0BBF37
:1070C000D2EB16BF7B530FBF8C8413BFCE2919BFE1
:1070D000B8E8DBBDBBAC88BECE6BD5BEFE078EBEAE
:1070E000C97DCABE16D5B9BEE33826BF3206B7BEC3
:1070F000EC00D5BD68CFC13D0B5680BE678C00BC8F
:107100003DE2C2BD3CA0D9BD0146CABE1DFB1ABFAF
:1071100005B442BF309F3DBF5B1381BF803984BF40
:10712000FAAE77BF157C72BFAD0023BF5CFDE1BE38
:1071300025A9F4BEBA810FBFE3B212BF3536E1BE56
:10714000FD4280BEA1C9D6BE6947D3BEE34435BE69
:10715000132091BEA90B5CBE2492CBBEFAC1F1BE36
:10716000E6F348BCA556323E76B942BE542A1EBD4F
:107170009334AC3BFA70E4BC98E271BE018520BE4A
:10718000016F03BF927237BF0ED848BF811121BF74
:107190006AA910BF7896E2BE81667ABEDEA9DBBB23
:1071A000933BECBD6D18FABEDFC3B4BEDB4808BF2D
:1071B0000492A8BE6DB8D0BEFD4FD5BE004467BED8
:1071C0006C6BA1BE90BCB1BD3DE00EBEAA5CB0BE72
:1071D00028457C3EE6059B3E05568D3E63946CBB80
:1071E0000D6FA1BD13C29EBD9AFE15BECF684B3E6A
:1071F0005A2DBA3DF2913DBE3EEC89BDC69E83BC80
:10720000204E15BE607A40BEBD1C463E25C1633D82
:1072100031C693BEE3D040BE71651BBEF14CEDBEDE
:10722000E33DA4BEE5D7F4BEEF23E6BE889A65BE73
:107230003BB26CBDE56F23BD12C647BEDAE793BE15
:10724000F7E19E3E9FAB973E535F273EF07E46BDE3
:107250009A23A8BD30CA433CF81E1ABDD151763ED0
:10726000D3E37F3EBD6BDE3ED07E733EC533B73D7C
:1072700044B8783D4CEA243D5538A83D1A04883D71
:10728000C8550BBEB37F42BE9EEA6EBE91BAE8BE41
:107290007AD395BE2BA7A8BEB3803DBE7ABB843DF2
:1072A000937C2C3E81D4393E6648BF3D268E8C3D72
:1072B000514627BCEB685FBE132862BEE6291C3D21
:1072C0002E5E3D3DDD7A4ABD055511BEFA31AE3E1A
:1072D0009AD12E3F71DF163FC5F127BDFA41453BDC
:1072E000022082BDE5A74CBE27B89ABDBCE76E3E22
:1072F00084B0323C7FCD3EBEB63555BE774DB83AF0
:10730000879912BEE79CA53D0101E23DA6CDEFBDE8
:107310000F84983D6DD9DB3E9C15173F3C8FE63EB0
:107320003D3ECA3E0BDD053E5FAFC4BD62205C3D05
:10733000B7AA42BD2894063DD02CCB3CEDA60BBB92
:10734000C43DE0BDE9E7B03E3008083FBF81363FAD
:10735000DC3C093F7A51E03ED1F79C3E187F9C3ED1
:10736000663CB63E4D50103FAF74243F2481DC3E56
:107370009F4B0C3FB9508C3E2DDFB23E6C3A5D3FC7
:10738000046B043FD02A9E3E494E6C3EE320DABD9A
:107390004AE18E3D52FA79BDACCCB0BC38A9A1BD52
:1073A000D1B29F3D3B7A933DB9C2903DF00C303C49
:1073B00093C18EBC9AB0033E5403F03C4FB6C73D18
:1073C0001F710E3E9A6BB13E4A00A33E6C03C23E53
:1073D000D359CC3EB915C23E2E315B3E44F1BC3D83
:1073E000C7B86B3E62FD033F370A043D28F7A03E55
:1073F00005E9863E2257363EDB0B523DD1CF273E74
:107400000CC26ABD2E1B373D2A15D0BCB0C69FBB2F
:10741000D8743B3CFBA7AA3D80C2813B7306A43DC8
:1074200005714DBD4C8C93BC1843013C1063113C5D
:10743000F6E098BDE040143D9520A03DE4C680BC38
:10744000550E863D86AE0C3CCCEE59BD3590D63CF3
:10745000686802BCD8B26CBC8D6E7CBD7217413DB1
:10746000901D8A3B28120ABC33CD21BD3E3E0D3D06
:10747000541089BC466864BDB6EB14BD4E1D513D29
:10748000B7EDAABDCF340FBDC2F6053D40D1103DCA
:107490008AFCB03CACCEAF3DFD8C743E0F910D3EEE
:1074A000E1E9353EC99BDC3DEC4D203E85B79D3D75
:1074B000B1D2DF3DC480643E85A6923EE1062F3EF8
:1074C000DA97943E0DF0723DC4A9283EBBB8373E12
:1074D0006FE3D03D5EC1383DB08F1A3E98F18F3ECC
:1074E000182864BD0B9F35BDF67A293DD8B5A6BCDA
:1074F00000B733BBA7E91EBDD1242B3DE8EFA03D6B
:107500001CA1503D3F8D053E4CE8993E6704C53EA9
:10751000E4C0AA3EB00AD23E941B173F6F6E303FC4
:10752000805C033F2B2D5E3ED783783D6E571B3E1C
:1075300019C76DBCB3B8193D2A801F3E8786D33D5D
:10754000EDFA293EFC6000BD97058D3DE188683E5F
:107550007727B03DB0EC663D4A696B3D70A4AF3B08
:10756000AF73803D73F161BD7CDAC23CDFAC663E37
:1075700061C6073E453B1C3ECD2E0D3E1EB2B73DBB
:10758000F6B3D73E59F6293FFE7C023F42E0193F51
:10759000065E3A3F86F7233F678F95BD9ED779BE3B
:1075A00028FA99BECB3A36BEA5D923BE5D86B4BEB5
:1075B000932ABBBED896B6BE5B978DBE4B7E7EBD72
:1075C00059C9003EA613A7BC91B9AD3D0357A43DD0
:1075D0008429C2BC953C303DA820293DF75BB53DD0
:1075E0005EBE723E80C2D63E9A2DCF3DBCFD99BD97
:1075F000AA2AEA3D9399383EB3286E3EED7517BE30
:10760000EC8D4BBE3D58A3BD83491F3D6A19DFBCBD
:10761000D516123E2033113E32C6033D0F5A0ABE24
:10762000C6E245BEF73183BEACCACDBE789C89BEEA
:107630001393CFBE97F2EABDC579163EA9E3803E0B
:1076400078D7543C4CFC99BCE68D903C5458943E01
:1076500038A2DA3E6A97803E7313C33D81F35CBC67
:10766000B104C1BDD39BA2BE35C8ABBE7EDBD8BDC5
:1076700054B1D8BD0298A83D9801833EE34BEF3E3C
:10768000B7251F3F9807A93EB60FC13D4756A2BC7C
:107690009534A2BD3DF219BE27189FBEE7F48DBEFA
:1076A00022ECC2BD550D09BEE4513FBE8B9C053D89
:1076B0001B3E8CBD9EF784BD738ACABEC8F3723E62
:1076C000B36195BD523A82BE119F14BD41F55D3E36
:1076D0002885AA3D93F6D83C3656873DFC548B3D11
:1076E0009F1BC8BDEE9BAD3DD75DA03EAEEA613F9E
:1076F0002D0C033FFC8DE63DB740CFBDFD2183BE81
:107700006133023E4A8EA7BD0EE5AFBE7106A7BE2D
:1077100029AC9DBD304F903D99CD05BF04C0D73AEF
:107720009D2B60BD41676ABE40E390BE5B90C8BCC4
:10773000F68DC13EF51293BEF0FA97BEEE9415BEDB
:10774000CA5808BE1A95D8BDAB5703BD64EDF7BC47
:1077500029E8183D33C98E3E107FDD3E3E18253F97
:10776000C73EC23E44C171BE4E71C7BED91CAEBE3B
:10777000D22F03BDB217ADBDEBAA2DBE3B7C11BE0F
:10778000F2E1F3BD3221D8BD4CD2FDBE0673E0BD9F
:10779000FB0EF23CF8AC9FBE1FCCFDBE44803EBE4B
:1077A0008DF9813EF6DE9FBEC8B81DBEC1961BBED8
:1077B000DFA674BE61248DBE0B16F5BD67E29CBDCD
:1077C00019A91FBC7A527F3E0475F83E5C97193F99
:1077D000ED4B953EEA9B93BE5AF3D0BEA9BD2CBD9E
:1077E00057614DBE4D33F4BDAB1D04BDAFA40FBEFC
:1077F00079F9B8BEC0B520BF17A315BF9CFC07BD63
:107800009F8C91BD2F1FC0BE41BF48BD960B32BD9E
:10781000E4E4F23D59CB843CB30172BEA1C0F1BA9D
:10782000E5FC08BE71DB60BEC2EDBCBE78FFAEBE3B
:10783000F13E04BD6470933E51911C3F01D1373F2E
:10784000823DBF3DCB6B6BBE996B9DBEBA72753CE2
:10785000ACC042BE0235A1BE651C8FBD0DCD22BE9F
:1078600000DCDCBE06D709BF49F822BF243002BEC7
:10787000B5501BBDC3E17CBEA1E7D7BE32020D3DB2
:10788000C2C656BD9EC20BBE2B2C263C3E1CE2BD82
:10789000B045A9BEBA24B9BEE3DAF8BE46030FBFAD
:1078A0001F27C1BE6EBD883E20B1113F85CE233F4C
:1078B0001024493E19B12CBE787347BED1B96CBCB7
:1078C000C6A135BD1BC1E6BD48362FBEAC0D20BDDF
:1078D000CE47A0BE49EF35BF441F17BF73D813BEB4
:1078E000C58ABEBD8F4EA1BE3C718BBE1471E7BD73
:1078F00035ED18BED7096FBD364513BEDEE0EBBDD2
:10790000F95443BE4D26D3BE4800FABE650227BFD8
:10791000833303BF4195A83E6828423F64E7273F71
:10792000B08EB83D530535BE055089BE363A3D3C54
:107930005D168B3EF481283D6D5307BEAC4C7F3CF9
:1079400054E704BB08D109BD7D282ABFC815BEBDB8
:107950000C8286BDBFDFBEBEAEAD8EBDF63FB5BEEE
:10796000AC72083E66D70ABE632ED2BCD4DC22BEFF
:10797000F7B43FBE54B351BE939401BF26D33FBF6B
:10798000183A0BBFBBD08D3E5C854E3F3D8FF33E1A
:10799000FB3CAE3DCFAE1CBE76460BBE2F06CB3DAC
:1079A0004009EBBCFC3279BD2772AABC52FA573EA3
:1079B000A8D7073D438A0E3E62A337BFF23B03BE02
:1079C000B4BA41BDC95265BE17E7DEBE0C3E763C77
:1079D000C725223D8A71B8BD7E5AAABD340E00BEAD
:1079E000B51C9DBE5A95A7BE13A3C6BEF9D3E1BE72
:1079F000DB929DBDE9BF213F0E59173F26635A3EDA
:107A00009DCDD93D3907D7BC42198CBDBDFC7B3E0D
:107A100075ECA3BCE7D7FBBD546189BEB0AD373D63
:107A20001D1050BCFF74953D9B064A3ED037363E34
:107A300095184DBEACE9B8BD2D8B01BFA13F1F3ECF
:107A40009A7C403CDEF999BE39A2903D94FF6CBE11
:107A50004EFC3EBE605D57BE178733BE34F762BD35
:107A60000FE9BC3E77D01D3F486FBC3E5E38993D64
:107A70001F86A53DE8B867BD736A9C3D66D02BBDE7
:107A80003EF8133EE93F023ECCE904BCC5FFD2BD3F
:107A900089C9B9BEF6467F3ED1B1F53E840EF23DAE
:107AA00006D15EBE9EBEF53D8794FEBEA13875BD73
:107AB000F709B73C08E88DBD1408F2BD0670C8BED2
:107AC0000F4508BED5805CBBD5DB31BEE7EF313E4C
:107AD00046F0DA3EE7D3F13EF3BD953E10407C3EE2
:107AE000C658A23E45B1B13DDA66983C66541F3E89
:107AF000A44BA03E7E1E803E599FAD3ECE1DEB3D69
:107B0000CB73FA3DBDDF203FB008D13E95EFFF3C7F
:107B1000BCF2F5BD68C3083E92027E3E4E86D9BCDB
:107B2000C2CFF6BC74D54E3E387F773CE60115BD1A
:107B3000F5529FBD8CF3733D097A1F3E2276DA3EE3
:107B400057FFDA3EF6D8973EA3D93B3E83C9783E2D
:107B5000E1C8373EA7261A3E40662E3E7525B53D44
:107B600035AE563D1A75133DBBC25D3EDDE4CC3EDD
:107B70001B7D853EFA07163FDEFB0B3F616A973D92
:107B800026BA633D23B8F23C5AF3733DF9384F3EB1
:107B90003B5178BEEA11613C57973BBD9AA6503ED7
:107BA000F616063EBB19383EAB03A23E5893873EFD
:107BB0000ADC8B3ED0A89C3ED7DE6FBCB116453E9A
:107BC0007AFEA03DDCB5113E009F54BDCE370E3E7F
:107BD00024A28F3B25A5623CC618B93D5224293EFC
:107BE000573D29BE2E0FD0BDAE4EBD3E19D8803EAA
:107BF000F8390C3E7B83D03DC30AF5BDB318143E63
:107C0000BE68A0BE0CAB25BEA2234FBC0E55453EA0
:107C1000841ACC3D0427983E81BABC3E2383A13E02
:107C20004BE36C3E894C8E3D2326C5BCD2232D3EB2
:107C30002FCB343EA657093E1BB60EBD2AB7203BBC
:107C400059C2A8BC32BA86BD6648A73DEC1473BDC4
:107C500005CBC9BE302F02BC29498E3E3001BF3E44
:107C60008A21AB3DADCC6FBDE7CB9EBDF248B0BD28
:107C7000D08509BE017DE4BDC10E3ABE6BE79BBD58
:107C8000DE08603EA583943ED73CE33EDF9EBC3ECB
:107C90008755D53DD0E34ABD825725BE4B4B2C3E80
:107CA000A8F1C23EC012493E697AA6BC68C18039BB
:107CB0004ADE5DBDE755143DB661AA3DAE62B8BD72
:107CC000FD0881BE7661C33DAE9AB23E5056343D4A
:107CD000D8728BBCB4771FBD30CB923D1019A33C3A
:107CE000D362FE3D10F9F9BBBF7BF5BCD76BC43D39
:107CF0008627533E5A35543E11F26D3EEC89203EA4
:107D0000D19BEDBC1B942EBD16511E3E8F5C403E98
:107D100002BF833EC8320B3E0EEF043E9E3083BD51
:107D20002293843D48F595BD05D51BBEDC94603D8E
:107D3000EA964B3B858B933E8254B13EF830923DA0
:107D40009D6A12BD3865FE3D31282F3E467B2BBD16
:107D5000188EB13EB2F9113ECDE48FBCFE92F53DD6
:107D6000515FD73D2C54933DDE53A23D0B3EBABD2F
:107D70005203903C42BC9E3BEFD7373EA4DBC33D51
:107D8000688B943E5F62493DF35A083C07D35CBE62
:107D9000FAC1D4BE568808BF15B145BE3A98BCBDDD
:107DA0007937ABBD951318BDDFA5AFBD710F4F3D42
:107DB000929C083C9F6316BDDAF26A3E13CB9E3D4F
:107DC000CB4D753EF7561D3EFD2A163EA426A03D1E
:107DD00012A5C53D8BC6053EAF11363D8EFE223E37
:107DE000C552513E9CDC943D503D183EE2711BBD96
:107DF0002919213DBF8E7DBDF45447BEB272A8BE85
:107E000062A93BBEAE3689BEAA8314BE9AEB69BE98
:107E10003008953DA1C9D03DFBB9D2BEABD4D63B0D
:107E2000F88386BC00DB7CBD4BDDC23DB29310BB4A
:107E3000A89DA23DFE134CBEF0312EBE2DAFA9BBB6
:107E4000373A433EF404AB3D1E0BDDBDFCD73C3D51
:107E5000A09B10BE7F5D46BE65663FBE9C5863BE5C
:107E6000F46F86BE783B96BB4F1C6C3D2CCCBA3C65
:107E700014282F3E4016E03C7ADC8DBD35DDD63D22
:107E800089888B3EDBD43A3E137C8ABEF827A7BD97
:107E9000E897493C146885BC47C014BE80B728BE2B
:107EA0008D63EF3C9CB060BE642DEBBD0B4C9E3DE2
:107EB0009E36493E1B24A23CD2530C3D6E25043E07
:107EC000EEC39ABDD80059BE32C764BE717880BD7A
:107ED0001F3846BDCE9C63BD8E9DB43CE0279F3DC0
:107EE000C6958A3E514F7D3E5BE242BBBA7F223E41
:107EF0008CEAD43D5977AE3EC0630CBCE0E7FDBCD4
:107F0000385C413CC8C111BDB168823E897790BEE2
:107F100062F688BE4B6A7A3EF195543EE02EB13E41
:107F20001E76383D7CBCBD3CB276123EA8AF49BC43
:107F30006E6241BDEE5485BE43A3BABDBB665FBE53
:107F40005DD881BE1E2F40BE0D8A54BE2642713CB4
:107F5000525D6F3EAA77EE3A9CD195BE952FC0BD7B
:107F60002BBB43BD6539F13DA2D0FFBCE59A9C3DDA
:107F70007CC2DC3CB01464BDA05127BC3944D8BCE1
:107F800021DCAE3E04A2AE3EC156C23ECA3FD73E41
:107F90005A344B3E2425983E48C7EA3E71C0713E94
:107FA000AF16043DA791B73D51A1AE3EB3A9773BB3
:107FB000AC6E673E8FC3823E284A293D0D7F24BEAA
:107FC00090EB823EFC1CDE3E696F0E3E15B5CE3E48
:107FD0003936BD3EED6CE3BD0ADCF4BC6C1C95BDCE
:107FE000A097633B6C9DADBCE09AF8BB11719ABD44
:107FF0004084E1BC8BD578BEB7BA153E1EC12A3E7F
:10800000D20E253E7DA393BE37CC01BEE956153E68
:10801000510A083E0BDDA2BE2F7A923EE97E713EE8
:108020001275953D2456493EF329B83EE0ECCA3D11
:10803000EB281B3DCDC1CC3D0363153E8B7461BE67
:1080400014579EBC7E7892BD8F93A83D766028BD64
:10805000549F97BC00DEF53B366C383D8A853B3D2E
:108060002CA6E8BCA0959ABDC08398BCE89A41BCF8
:1080700078AF963C409EC4BBDEA5503D6A855D3D11
:108080000B694D3D2F5428BE37A428BE4B92E93CC6
:108090002CC8AB3C09BB8D3DCCBDD93CC8CAACBCDF
:1080A000CB1DA73D4022ACBDF2A8273D6092E53C28
:1080B0009E73653D6ACE44BD750214BDED5B993D6E
:1080C0007868EF3CDAE53F3D2AE54C3D5C21063D12
:1080D0004B133A3DD942D43C01269BBDD42649BD21
:1080E00003EDF33BC309BC3CA27B4C3C9E26453EC2
:1080F00084ED3D3E2C55423D8E9B173EEC37E83ECD
:10810000FD8E823E2BF3A93E009482BD39B0793EAC
:10811000810D4B3E4E9D003E14CE08BDDFFF4A3C14
:1081200008F73EBCE99C1DBDFCB314BD2359943D2A
:108130002B8DAA3D427A85BD45391A3D4E2B293EED
:10814000AA923C3ECD4910BE08BE0CBE0E5A00BDE0
:108150004D0BD0BDE930D4BED7FFB6BEAE7193BED5
:10816000E04FAABE8A05B9BE3CBB9EBE81E7A53DD5
:10817000C26B3F3E691F2B3D2C8C48BEE34A83BC3B
:10818000EEA49CBD1A2924BEB6E455BE76B1CEBD80
:10819000BBC098BE10C669BE918997BDB880ABBC04
:1081A000B7CF90BD502670BCCCC3F6BC92956A3E4A
:1081B000C533423DA7CC393EF4E402BD465768BD05
:1081C0000349373DF15CD4BD0DE6A93D5399DC3D33
:1081D0002F62AB3DD0F037BE9AD7F2BC8E59C43D6A
:1081E00032C2123DFA5A7E3D1EF54DBCA6BD06BDFB
:1081F00098BB933E16EA87BE02F9C8BEC8F050BECF
:10820000A0BF63BE836E823EADDF2FBEE3AC60BD18
:10821000D3B990BD82FDFC3D4F06C23D90F5323E84
:10822000E9461D3E380DE73DBCA4ABBD9E0F9EBD8B
:10823000357645BE316F7EBE6A501EBD71DCB73DDE
:10824000373A96BDEB4C39BD399B8DBD91BB383E5D
:10825000057775BD6F52FFBD1104E7BC9E4D2DBD66
:1082600044CAD73DD5998F3D4421A23D196C53BED8
:108270002295BCBED57DDABEEE00F7BE6188BDBEDC
:1082800028D0F1BC6CA66FBD29996D3B7D850F3D53
:1082900079761FBEC1CF653E1CCD38BC6C2770BD42
:1082A0008971A4BEB374BDBDF5E587BEE728C7BE1E
:1082B000F4BCA1BEDBDFC03D5ADFA13C617C993D2F
:1082C000D39A6BBDF67CF73B4FC852BDF5FD563DCA
:1082D000BEAB613D99B43CBDACFDDF3CCAE801BD1D
:1082E0006B74B9BE806F54BFD01BABBED16EDABE0B
:1082F000B2E8793DD5EEE53D4EF60B3EDE5589BD43
:108300004D9D10BE16D85BBEDFADAEBE037BADBECD
:108310007FC32FBECD7D24BEB01225BE7CAFDFBD96
:10832000301E57BE016FF13D2AD9BFBB1F85DB3C14
:10833000AB3D2D3D433798BCAE370BBD8D04913C12
:10834000CD17273DA9628ABC361F843D29CC243D28
:108350008230A9BD9FE11BBF86FACDBEDFE49BBE84
:1083600012B28D3CE56C943E8181E4BD0251A4BD06
:108370009B519BBE73BBBDBEF6C4A8BE4D4EA7BEEF
:10838000917241BE3160A9BDC10477BDF6A972BE2C
:10839000F93E07BE7C72043E67D0013E1F427A3D23
:1083A000647E123E4605A93D3D15473DD92CADBD25
:1083B000F169933D0ED816BE596EB8BC0ECD443E41
:1083C000E7FD37BDDCF333BE3851D3BE578E82BED6
:1083D000386B32BC77D4CF3EA5A308BEFCC3D73DD3
:1083E0004EFD96BE674722BE45E9CABD8CFBED3DFA
:1083F000FE9ECCBCD96E2ABCA0059DBD103577BEB3
:1084000062D339BD890C233E7A7A9F3ED80AE33E77
:108410004CA0093E9B4DFF3D26EB413E938BEDBDAD
:108420006240A83CA10EE93C94BD77BD7890353EF2
:108430009A94893D84D63EBE7FADE8BE31CB9F3E47
:108440001DCBDEBC78C3C93E9D53B1BC2495353EDF
:108450000483923D216152BD89A2263E0F024A3E0D
:1084600033C6CD3CCC2FCCB99B386DBE588FBFBE28
:1084700033B492BDCC04933E30499A3E50AC8F3D0C
:10848000392E413E45E7B43DA896A73D38331F3EFF
:108490002CE4973D79FDDC3C3CDB413E3726B23D88
:1084A000916137BD28688B3DEC44953EC616DE3E93
:1084B000294FA13CB2027D3ED874D33E96F8A63E29
:1084C0000B3F973D704549BEEC427EBD11CA923DBF
:1084D00062E5CC3D7B8DE0BD5044C2BE856993BE54
:1084E0004B0C01BD5690163F26EEDA3EAFFE6A3EBB
:1084F000EAFB813EADE3A43E8D91453E5BE53B3E0C
:1085000090B2A03EC499793EE0FE6B3EBE6C613EE7
:10851000F401123E6A86A83ECD57003F7C25DC3E22
:10852000761F1C3D9CE19B3E2B4BD23EC5A9F73EDE
:10853000D980433E4A8E93BEBF0634BE4C888E3CE3
:108540007E04E1BDEFD9BDBEF68B08BF2EFEE9BEAD
:1085500015F33E3B466FFA3E4662D23E8071B43E12
:10856000AB47133E0BCB8D3EA8CB8E3E966D3F3E68
:10857000EF6CD03DF6E5F03DDE5BFB3DF207A53E3E
:108580004245A53E5AB76EBE50BA023EFD51A03ECE
:1085900044CF0BBC1AFF723E656B843EEFC0773E42
:1085A000EA2B893DAA8EA0BC4D040CBEAC2CCE3D5E
:1085B00057FB54BEC9ACE7BEE89DEFBE66EA5EBE9F
:1085C0005D53153ED5FBBA3EE80CA93E0AC3933E67
:1085D0005F6AE53D350CB33D0F401D3E7DFE6ABB35
:1085E0003B2ACDBC1ED346BE864AB8BD2A5AFFBD23
:1085F0001723AFBD500FA1BE7D9D85BCAD4C0B3E7A
:10860000148DCC3DC451803E379FCC3E64CBF93DA8
:10861000F288AA3C54A8A33DAD23033E70D431BEDA
:10862000395241BE39ACC4BE1AAAF7BEECCF7CBEEB
:10863000ED273E3D6CB81A3ED6A7FCBB26E401BD33
:108640009A2C09BE77A2ADBDEAE0C33DA53631BD87
:108650008879FDBD725280BE5F5BA5BE3D49CABD33
:108660002A149D3D86AAA4BD6B5BC6BE3EA5ACBECA
:108670000FFC503EB101B93E5BC5023F8A7C193EFA
:10868000C6CCB5BD2C828D3EB918B43D725099BD93
:10869000B24F88BD4E64BEBD6BCF8ABE163C9DBE38
:1086A000F599ADBD222A5FBE17D7E0BD8FB21EBEC1
:1086B000DD6AAABE38FB21BE4A2A373D4C9CD53C18
:1086C0005A74ACBDD774A3BDDEDC153D81E1533EC9
:1086D00027557C3E028C2ABEEE6650BF010B33BE8E
:1086E000E013253E1D679C3E62DF003F9DBF7BBEC1
:1086F0004F9E0CBEA07D223E8B830F3E5E870F3DBA
:10870000A5D151BD6BCB2ABE7C0B97BEE0D518BE60
:108710003CA384BDB8F0BCBDE2409DBDA86FD63D72
:1087200040307EBE3702FDBDD25F50BDE82CE1BBBC
:1087300094FA1DBD530EE2BDF74CC33DFC8DC13E06
:10874000F060CD3DEC5201BFB444E1BE8D4374BE38
:108750003AA9F93DDE598A3E8EA7323ED000C5BE09
:10876000355E373D4DDE2F3E9B540A3E62E1433D70
:1087700061E12E3D68C332BED457B5BEAAB162BE18
:10878000D90281BDEF2FAE3D9230D73DC1D9E83D32
:10879000D981303CE00727BD7D4ADABD89C6803DDE
:1087A000034FF63D71B487BE5DED83BE52F3BBBA95
:1087B00063586EBDB5AD82BF220C36BF705B72BC14
:1087C00080F433BA7FA6A33E2BB467BD1B31DDBE58
:1087D0009CCA67BBAF79B43D95E371BC115BAEBC7D
:1087E00024000BBE24585FBE233085BEDE1759BE61
:1087F000C54029BEA1BE323DFEAD933EB416133E28
:10880000C623013EF87B8D3E27CC973D25D2F9BD8E
:1088100005DF38BD3E6D4EBE88EFB3BD30C61CBD12
:1088200066B945BD3E848CBECA88283D7E33503E25
:1088300006C1FCBD2D842E3E98729E3DA4A768BE45
:108840006D2CE23D1F4B113E56083ABD44DA973C71
:10885000ADB321BDE391C9BD52EF78BE29F7E0BDAC
:1088600002B195BED87D0EBEF819113E0120A53D7E
:10887000EA01733DFECB353E6841273DDAEA55BE3D
:108880000DF722BE756C9BBEAD929ABE8180B5BEBF
:1088900029780FBFD34238BD0024D93E545733BD89
:1088A0000B24533D002A883E4DD08E3C1D1DBA3D01
:1088B0006C3E1C3EAC21573D6AD70C3EDBA687BD03
:1088C0009247B4BCBD320CBDCE2B58BE95CF9ABEDC
:1088D0003B01FCBD442212BE67E6873D3078043C74
:1088E000CA15E13DAE1C0E3E268F80BD11F0B4BD11
:1088F000CBF1A7BE6BF818BFFA0A26BF2F9207BFAD
:108900002A5C16BCCC0F213EE6DCCC3BAF5C2F3D95
:10891000161C063DDE76593E4C30AEBE81AA76BDB1
:10892000E9BBF33CE2B2BCBD8BA5E8BC6FDB30BB5E
:1089300050D23D3EDB49EE3DA425C0BD91FB7ABE41
:10894000081203BE3049EABDBF0E2B3D4D531ABC81
:108950009C0B183E3CCB283E6225953C2D103EBE1C
:10896000D3F9C6BE294103BF313DE2BE7D2F2DBFE5
:10897000A70B3FBEDAADBBBDE2F1203E4A991FBD59
:10898000516403BD4B2700BE41339BBEADBB46BD0A
:1089900081E10ABCA05498BD7C11023EBBD9053EC2
:1089A00074070B3EF98478BD8E2AD53D264CD3BC86
:1089B0004C4618BD01C560BEF7AD523C504E5B3E03
:1089C000F098203ECC611FBE240049BE4A69D6BE45
:1089D000D45986BEA32387BE22E11BBF27803EBF9A
:1089E0006219C2BD6407C53D1F2F093E004EFE3C03
:1089F000CB2CCC3CD9CC3EBDEA6774BE7018C7BD49
:108A0000A4A01FBEBDAD0A3EBB86133E5BF3353E40
:108A1000B0FA163EEBF0513D54CD9FBD0C64C8BD7D
:108A20005C7B1DBEB515A2BD22EE6A3DFA96983E4E
:108A30002032D43DD76F84BE3A6711BF802A54BE1E
:108A4000D7C782BE2C3351BE96738CBE235106BF4E
:108A50003CB6EDBEEF406DBE5217733EDFC0DA3D4F
:108A6000AEDE653D5294633DF948F93C5D7D88BCBE
:108A70009E2DD23CEE6037BD6514923E902AC53ED5
:108A80009914BBBDAE27043EF2B7D63D98B5593E0A
:108A90006FE2CCBD972B00BEB0F291BDC6BB69BAE8
:108AA000450E6BBE2CEFBEBE440421BF5B2013BF3E
:108AB0009E3ED1BE3108E9BEA758F8BE1AA72ABF0C
:108AC000088C16BEDF141ABD744AA43EA599A33DB6
:108AD00036845CBD40AFD63BD782583E25B0813E40
:108AE0000CC6A63EB74AAD3E5686A83EED34CD3EF6
:108AF0005275503E45355B3E2D1C703E2D874C3ED9
:108B0000BBF7863E6B68663EC2E4B13CB2FCA6BDD4
:108B1000D201D9BEEB98DCBE375B6EBF72962EBF1A
:108B200059A6FDBE58E2DCBE0BCE7CBE70EA10BF7B
:108B300032E9C0BE91B3B7BD2510BA3DB3C64EBD34
:108B4000A1BD8BBDEDC7873D0CF156BE8BA1AEBC60
:108B5000CD1E0A3E568D443D9F7F56BE9BE1F43CA0
:108B60006DDFB03EC703A53E21C0893EB3E4A43EFD
:108B7000AD34B43E6509E13DE4F06EBE5F7A5ABEA5
:108B800026A171BE5819EFBE6A2A9BBE6603C83D76
:108B9000F9B56CBE9D30C5BE774E2EBE5320E3BEE8
:108BA0001E865EBE9C332BBDD3A26BBDA402A13C2E
:108BB00020677D3B42E5153D8ED5493D19341DBEEC
:108BC000741FE8BE295EBCBE73B589BEA98BC8BE42
:108BD000557AB4BEDD68BFBD106D033E4286843C4D
:108BE00016C8B3BEF6BC873A25A6B9BD1683F13CBC
:108BF000E8FB273EAAA70F3EB6C8833EDD5AE03EFB
:108C0000D7088A3E3E0008BD7D426C3EDC857E3D35
:108C1000B55A183D4AC31F3DF88A8EBDC70C9B3D0F
:108C2000EE054C3D1914A93DD40A5BBD086DCBBCC3
:108C3000A92D013CEF9CDF3D13E1D2BD41A087BED1
:108C400033E627BE68DC8D3DB60FD53DCD9E18BE00
:108C50005F9F50BE462441BC9230A6BDB7218BBE5B
:108C600092F2873DA08F5F3EF25BB7BD5CB13A3EAA
:108C7000EAB6793EEBF1E33DAFBABD3C8E28893EC2
:108C8000DF79A93D0480D33CAA2562BD6C489A3C9B
:108C90005AF8753D125441BD5236F3BC20848B3CCA
:108CA000AA9358BDAA963C3DF69335BDA47A94BCD0
:108CB0005AC89CBD738B903D452E12BD4EF05A3D57
:108CC000EAE71DBEAA9F81BE9389E5BC5444A63C39
:108CD000E051413C998B8FBD54DB6EBD20CF80BCF1
:108CE0000C8364BDCD9A87BD80DB4F3C46D77C3D6D
:108CF000105FDE3CBC7EF13C70ACA63B4601FEBC86
:108D0000243F903C302394BD579D0EBD70A7C2BC3C
:108D10000933623C34B5BCBD7EC584BEBED697BEA9
:108D20009D7B9CBE49AC55BE44C6F8BE2F5BC5BEFC
:108D30006621B0BEFDADEABE162BEBBECCAFCFBEFA
:108D4000E3347FBEBD4D5BBDAF5F12BFC66FFCBEDF
:108D5000F4CEF5BE6E597BBEA131E5BE58349CBE43
:108D60005615B7BCAC1790BD12C37C3D8492E63C4F
:108D7000D62A3C3D78BEED3C46B717BD4AE72F3DAD
:108D80004F2F54BEBEF72EBEA76B92BECBFCB1BE1A
:108D900021BEFCBE56EF26BFD18D36BF27D481BF82
:108DA000582ADCBE682072BE9F5BC6BE773E3DBFC0
:108DB0003F05D6BEAFCBC5BE0E2DDABE604C3DBF63
:108DC00058682EBF8398BCBE96D096BE932B21BF09
:108DD0003CA39ABEFDD5663D7D80ABBD0E135F3DC5
:108DE000F0A3E8BCDCE781BCD1691DBE66AA92BED7
:108DF00042BA56BE2C6B9F3DD1EAC9BE8D9740BF8B
:108E00007E41FEBE06FFD5BE48F0C1BE89EBB8BEAE
:108E1000FFF8C9BE967C33BF995CAABEB1F05EBEB6
:108E200081DFC2BDCEF2463DE87189BD2B9A62BE9C
:108E3000714F9EBD66FDCDBD45A7023E811EDEBDC4
:108E4000C0FB77BD6750AA3EA91D593E46E2253DAD
:108E5000B9C68F3D101C6BBC820D913D7A3D80BE22
:108E6000214F53BEB01E12BF450417BF2EA33ABEFA
:108E700043CE97BEA8526BBEFC9173BEFEC55CBDCF
:108E80008894A6BD7D6F20BE9FA8D0BE6E0DFBBD91
:108E900028BDD1BE09FFD7BD9B24D0BDAF99B6BEBA
:108EA000391665BEA17EE1BD37DFBF3DE552C83C46
:108EB00042A82C3E7AF13FBD3F4A8ABEFB2BE2BE60
:108EC000ACF43BBDD63C413DA14682BEA58EB7BDAC
:108ED000E23074BE16F79FBC4742B1BC9E83C2BE4F
:108EE00059C11CBEDCF614BDAB1FF03C218DF23D18
:108EF000EDE7533DDD4D053D9D1C133EF5F3A4BD4F
:108F00008EF4A4BEEE7B94BE98BF3CBE94999ABEEC
:108F1000B03DC7BE930053BEE0795BBE17E5DDBE32
:108F200059A0C1BE87A922BF21CE0CBF117D02BFAF
:108F30001F38973D695852BE72AF763EF2C9FA3B70
:108F4000831D56BEF2E9FE3D1CFB4FBD769789BEE0
:108F5000874EEBBD120939BE7266233D0315113EE3
:108F600051EFCA3D86AD8F3EC2BD173E04D2593D7A
:108F70003FB7123D77EE7E3E55969A3ED676543DEB
:108F8000342408BED8EE023E2BCC513AA4F24BBE9C
:108F90007E90DABEFF693DBF5D2BB8BE1B50E4BEBC
:108FA000AD88793DE696DABE0B31583E5771233EC7
:108FB0001EDF2ABFA42BFCBD28ACD2BD8FB1B1BE31
:108FC000FC2D58BEDD8046BBBDD0373E14AB263EDF
:108FD000A81CC13EB574FE3E0B4E103E0FA4523E7F
:108FE000E95B353ED80E893E7A028F3E28C6683E40
:108FF0006EDC5E3E3315843EC1CD2D3E44C4A03EA2
:1090000008C824BE422D9ABE60F5DCBD891D8ABE0B
:10901000B7AEFA3C5B4A793E3C2F8F3EC8D09DBE2E
:10902000109F12BF00A2C5BD36AE60BD62F69BBEEA
:10903000BEC03D3D7FA0B2BD6556FC3D437F273E8F
:10904000A5ABE33DF7995E3DD693793E8031B33EC3
:1090500088D8C83E1F6BA33EF4E2093FC1F0A33E8F
:10906000C4BF8F3E6911D53EEC06503E5074123E8F
:10907000909D3E3E4F973BBE3C08DABEC308D53CB0
:109080009F1ECFBC6A56A53E23E80DBD950A7DBE46
:10909000D96F12BF1A765FBE8801EEBC75F22FBE83
:1090A00018CF8BBD59E3653D1A2E923E6611743E72
:1090B0003E71E83D722E603E83238A3E01AEC83E7B
:1090C0004D72533E5294583EEE5DEF3EDB14853EAA
:1090D000E6354D3E2910C23DFA35D43D24272C3EBD
:1090E000BF66D13CA52D05BF7BDD06BE8A26C03EEE
:1090F000DC1F1E3DEFDB3C3EB7C1B03E781DF3BD2B
:10910000796BC5BEA8BE57BE48CF2DBD74B71EBE75
:1091100038A34E3C12F6223EB5BF5F3EF18A6E3D4B
:109120000ABC0BBC551A98BC6694213EFA43353EE6
:109130007AAF503ED6A42E3EC5A8863E4DC7E83D28
:1091400080D8873DEA1C823ECC8D3D3E6A6D0F3E45
:10915000CCB71FBD63CE1A3B909E463CC7DAB83EE3
:10916000CB484DBD93B5A3BE4043A5BD09804CBEC1
:10917000DCDC00BF1583C7BE012F9E3D5ED28D3D56
:1091800075E106BCB7ED0D3ED5A3B73D52904E3DFF
:10919000410F1FBE83970FBE42CC0EBEE848123D62
:1091A0003B840E3B177D203E71950A3EE400B1BD25
:1091B000BBE0A93D4A91393EB3F93F3E063C7A3BBC
:1091C00052E159BD2549D9BE4808A3BDA4E9E33DF4
:1091D00039C49B3DDE3D9ABD23B2BC3C4397D2BD12
:1091E0002CDB96BA1006EDBD5E816A3E9D7DA63CE5
:1091F000D178C53D1F751EBB5089B8BD88F33EBDF3
:109200001C7F91BD6ED219BE238E9BBE3E529CBD6B
:1092100012B5C9BCBB8453BD13C7EC3CB8F8593C6C
:1092200068EBC43DDC08483EA8BA4A3E09DC813DF3
:1092300064AF3CBE10A5C6BEE5EC12BEF23974BCEC
:1092400043FDDDBD6AABC43C1A2F3FBEC42FCBBD6E
:109250003EA9963E3FFE5D3EF571073E1E6C953E73
:10926000270FAB3D4A20BCB92EAE45BA1B9BE23D51
:109270004CDDC8BC003182BE3E8E67BE5FDFD6BD0E
:10928000012B28BEDB68CC3CC6CA463C22387EBED9
:10929000C775BABDC10B3A3D098D3F3E5F7BE9BB47
:1092A000BA6745BE91BC9FBCD2B9B1BE6BCE7ABE87
:1092B000D1B894BECB122C3DD17EB0BE8A2934BE2B
:1092C0001E07F13EE397B23E9B2CDE3D69F19F3EC7
:1092D0006B30213E2B9F913D0AE89F3D03EB9C3D67
:1092E0006E6D96BD4FA2AABE2A55A8BED3049FBEDE
:1092F0000F3A84BEFD4E3B3EE259693D796B18BD85
:1093000018082B3DF89AED3D9810A13CCB5A2EBD84
:10931000C3E6B73B668035BE2EB4F8BEEC3F46BE12
:10932000309A8ABEB93CE33D0E0F01BF9FE60EBEE8
:10933000F315C33EDED33B3EB877C7BDAC5A9B3E68
:10934000FC9FFB3DB081223E9F16C53EB7065B3EAB
:109350002BE5923DAA73B3BEA6B11EBFD2F3B6BE33
:10936000E04780BDE1217E3EFA085A3B2F4BCABD43
:109370002A3B243B84772E3C4ADA94BD235C603D33
:1093800057C88FBD566A57BECA60483D7E7258BEE8
:10939000049F5D3DDDA130BE3B7E14BFB90FEBBE27
:1093A00023AF383EBFBE28BE37B1A3BDBFC4833D87
:1093B0006328703ECB97F43D19ED973E18ED643E5F
:1093C0008CE9063E2DF9ACBE58CEDEBE349C17BEED
:1093D000D263D93D8C7F8B3E671D0C3CAE1369BEBA
:1093E000007D8A3DA61507BE2E5DC2BA74CB8DBC2A
:1093F000927625BEB0A1E7BE86DC3ABEAFD880BD6E
:109400009AFF103D57A543BE4D28FBBE058825BFDA
:10941000217C8B3D9B9580BC16B1B9BD80C1193EA6
:1094200073F29B3D3004BA3D9DC04A3E87CF4A3E11
:1094300093B28D3ED5B2E0BA4C31CFBDF76DD7BDFA
:109440009F82093EA47FFC3D15505E3C0E412FBE1D
:10945000B781C3BDF5197EBD3A35CE3DC1E5A5BD89
:10946000C4F558BDB2FFC5BEE995A4B9BC4EEA3DEE
:10947000147AA63D27FAF3BD8EFB87BE9DDA60BF46
:109480009EF4AEBEF13AAEBD84EA8CBD726C2CBDCA
:10949000A231A23D2347A23CD59E05BDB055733EE7
:1094A000BB40013E89B202BED4CF2EBE38DF9DBD87
:1094B00050ED2DBEB7704BBE137ACABB4DB07B3D8D
:1094C000AC65BD3D696215BDCA49363E51F0E1BD8E
:1094D000BD308DBD389FA2BE3D7B953E3AFEB3BEEA
:1094E0008B45AABD5B0F4A3ED5BA90BD58C61DBF7D
:1094F000BA4296BE2D78A6BD9D008EBD922F0DBEA0
:10950000592E2EBD5DE893BEA6A6A4BE18F396BD47
:1095100092A5303E3813A03C1DAC333C573E69BE8B
:10952000E6DC9ABE34D069BE7DA707BB6029F13D59
:109530003422E03D667B603D7F28CFBC448E39BE3F
:1095400048FEB23D91BD04BF605691BEFCFCB5BE65
:10955000AB6D32BD33DF5A3EDF22DBBE4FD53FBF9E
:109560008A7B39BED8D4073E9ADF11BEB85E04BFED
:109570009D8366BE6D108CBE59FA89BE459734BE78
:109580001D17DEBDF4F8FCBC3EF4B4BEFDC08EBEBB
:1095900003E26DBE133F77BDDA87453D090C5D3EA2
:1095A0007DD247BE7DBC01BE721E12BE7EF326BEBA
:1095B000CFD3463E176A09BD2A03CABEC8C371BDD0
:1095C0003A31193D36C11ABE3292BEBE3E8205BF47
:1095D000476504BEBEEDB33E7C40223EB5AA2BBE1D
:1095E000225546BE48CB82BE9F87B2BE12A898BE07
:1095F000EFE138BE082BA3BE23D2F3BE42293DBE05
:10960000095CFFBD77BAD7BE9F3788BEE670ACBD98
:109610007F201FBE391617BD8949D6BDCB7D28BD19
:10962000A3C8673EC62326BC202E393E1496D4BB61
:10963000122C493D4FCD10BD672D01BF24F83EBE11
:10964000858978BEF9E5D03D20D9693EC7FA053E47
:109650005D09D33D2F1411BD425889BE0C9C56BEE6
:10966000F1182FBEFEA850BDBF5907BD3AA089BE54
:109670007E3859BEB54A82BE95AB69BE7DBA9EBEE4
:10968000441D8DBE792B863D0FE1683E32E19E3E42
:109690001764863E959A2CBC11159B3E96DEA23D22
:1096A000681A7BBC729F8ABD79F88CBEB089D83CA1
:1096B000B1FED5BD3DBF1D3E6C4BBF3EAA47D53E5A
:1096C00070F1703EABDDD7BDD93A1F3CDFDCACBCDE
:1096D000F5B8C0BD0FD6E43BE008C6BC27ACB6BDAC
:1096E00013305EBE68B8C1BB61EF87BED197CBBEF9
:1096F000AF8DABBD05C2683E44E6E33D07BACD3E43
:109700001F998F3EF98431BEE8A75C3D705BF13B49
:1097100041EC9FBDC03BB93AEE68E63D1444A63E1D
:10972000EFFC113F954F073FB4C0FA3EB827163FF4
:10973000BDF3A83E3241C83D59B6713EA8BAE13DDD
:10974000DA78CABDDC2A6D3DC71400BEE4EA9CBCD1
:109750001264553DC9ECCE3D9A2EBABDC3DB86BD21
:109760000842853EB6A83E3E32B2C33D03AB553EED
:109770004286C5BD4D25A0BE2325A3BD18AB5EBC4A
:10978000E75EA6BD98D22BBCD6924A3D448A7F3E66
:109790000ACD023FBE47FC3E14C50E3F4185393F0E
:1097A000A5CCC93E2EAA873D18EAC13E212FB43E62
:1097B0003A10A2BD3282B23CD2BC80BD830AA13D28
:1097C000A910F23D66AD73BD57EC00BE7D2D33BED2
:1097D000688825BDDDEA113E4D297CBDB20A243ED4
:1097E000EF66E23D5B88023C14A187BD800A24BA83
:1097F0001522953D0E68413DD6BA373D6C3EBD3DC4
:1098000021519D3D83C9563E67E3AF3EBCD9DB3E47
:10981000774DD73E44CE1E3FFE1EEA3EE1BDFD3EE3
:10982000F1C7213F1BAE243F2B91723F1675E93ED5
:10983000E27B893E2DBBA83D1913313EB169DF3B68
:10984000E713C73CF6AFB53E5184DB3E90AB943E88
:109850009FCF963DEC69D53C422A7D3DC260393DA3
:10986000BFDC9ABD3C78D33C28C356BD2657CFBC3D
:109870002A962E3DBD22583D19D53A3DCEAE063D25
:10988000DFCA273DFB6200BE53CF24BDB6B1EC3C1E
:10989000B5162D3EBE05F03EE569C93E78DD133EA6
:1098A000806D5D3DC4B2F13D4D05DB3EBB22B33D55
:1098B0000C4F6CBE152E1E3D2F06AE3EDDB84BBEC6
:1098C000FD71A83DB60D3BBD2415D33C9C4617BD8C
:1098D000088084BDCEC87CBD0644433D2A0C163D9D
:1098E000B45C50BD0E79683D4A2756BD3CC7D0BC1C
:1098F000A0E6523BA016423C30A482BD63A0903D3E
:109900005AFBE83D0236453ED47571BDA9368C3C04
:10991000A35B03BDCA54323DE65E343DC3648D3D56
:10992000805BCC3BA0C0533C3EB8553DAB740EBDF4
:1099300098878CBD30C4A0BCBCD1A0BC888EC73C6D
:1099400096F7583D82E0313DDC61D3BC2A8353BD9C
:109950004F64393D6841673DDDA3C43D205B55BB85
:109960001853E8BC2AE8A03D7D6C983E35514C3D2B
:10997000C0457E3EA73E923D80929B3EAB57783ECF
:10998000FD29F9BE62BFB9BEBACA033F7F58D93EAE
:10999000AB25F73E178AE43E81DCA03EA4476B3E30
:1099A00066594FBDE02441BC64C4053D3D5010BD27
:1099B00089CE93BD03D39CBD39C2FE3C27622CBE29
:1099C000B72FB43D0B7D2C3E55C1353DB330ADBCFA
:1099D000B27065BECBCAB1BE4CCDA7BEA8CB46BE49
:1099E000427DACBD10CDFD3DABD8D5BDCBA3FE3D7A
:1099F000C142B83E39BED73E23FD7F3E7ABCB53E5C
:109A000004A8963C4303C93DE6F1273FC750B03E4A
:109A100060BC8ABE356D76BE00DE4A3A50A584BC75
:109A20005E2F2C3DB2616A3D552AB73DD266CD3DD1
:109A30002FD9833B8AFB18BE26D9ECBC25A27FBE5A
:109A400057230BBF96ACFEBEA8E5D6BE7F59D6BE47
:109A5000621080BE3EABE5BE199BA1BE29FC83BE51
:109A600062FAC9BE838312BE238183BB316147BEC4
:109A7000B667D8BE5D5F15BB0D4A083FFFA8333FF0
:109A8000B307263EBF0B78BEE7B7FB3D20EA06BC16
:109A90003C90F8BC84D06BBD44DE55BE93891D3D1F
:109AA00055818BBE41E1ABBE434801BF2DC937BFD5
:109AB000A66258BF0C602DBF8E0BFEBECDECAFBEB4
:109AC0005C62ADBEB10D68BEA8C79FBD63CC58BE79
:109AD0009123B2BDC60272BDF8114ABD7F35793DF2
:109AE0004E0C513CCD1E243E1589BE3E52C24E3F07
:109AF0000A9F133F3228383E2E27D23EC713C63E58
:109B000058295BBC24F165BD0796F33CF86DF9BD9F
:109B10002A389DBE60800EBF35BE29BF15F360BFD9
:109B2000D06572BFFA2516BF01EFF4BE751F50BE97
:109B30009941CFBD300241BEFF90FFBCDA224FBE3B
:109B4000F1B123BEB393D4BC891DF1BDB8FB8D3DEB
:109B5000DE31863DC9EE193CECC70C3EF6A9683EE5
:109B6000C5A91E3FBD4E9C3E0742FF3EC80D953E17
:109B700084DBF13C548261BE819A073EEB9A2EBE93
:109B8000ED4188BE321B29BF37636FBF12F776BF26
:109B90005C9060BF10EA17BF14C20ABEA47B923C5F
:109BA0005638653E594D6ABDEF8416BDCC15CBBD08
:109BB000933586BE1C3595BE26228BBE1DA228BCC1
:109BC00050A6ACBAA74D78BD0541543D653D883ED1
:109BD000B020D83ECF221A3F4E292B3FC0C6303E80
:109BE000D5229E3DECDB1DBFE0E4BFBE365C0EBF60
:109BF0007D0F35BF07BF1FBFCC6959BF097774BF41
:109C0000CF4342BF1B90373CC190A23E38A38A3E4F
:109C1000B4A2F53D3F788A3D04D690BD96713ABE18
:109C20005D5770BEEBA758BECB42C6BD7A7FEDBD77
:109C30006AED99BD56B092BD7ADDA73D50FC233E3A
:109C4000057F2F3E71E3973E7F27483F833A643E6E
:109C50008F053C3DB7F8ADBE4A30DBBE7D92EABE13
:109C600040B21BBF170301BF140375BEF21A32BF07
:109C7000213E18BFA9F0723DD2FC423E8B0DB33E8F
:109C80005407CD3E7917723E1592983DA3E541BE2B
:109C9000AD1B60BE69188BBE426AF9BD019957BD04
:109CA00084934BBE0EF5EEBDC112B9BDF07BB23D43
:109CB000F707F63E433B883FBA45413FB6713E3E0B
:109CC00023270B3D9ED5D5BE6A9615BF8F181EBFA4
:109CD000998713BF66B43CBFED1B0CBFF9315CBF65
:109CE00083721EBFA2D1ED3B7E0A773B74EFBE3E6E
:109CF000134E1A3E3E40383EB366CC3D85ED3BBE2A
:109D0000D89274BE0513ACBEDD7E82BE0BCD52BEB2
:109D10006F428CBE23E6313DF2D90CBE6290BD3D50
:109D20006368073F8C06793FF8D8193FCC99B03D5E
:109D30000F23153DDA0D34BEF6D412BF797B37BF41
:109D4000D0DC10BF226D37BF299C6ABF021977BFD4
:109D5000B1362EBF533686BDE894203E64725C3E19
:109D600044EF9D3E2EBCB93E33CD833E565FD63D7B
:109D70007853D2BE9B0EF7BEA85B8DBE95ED3EBE5E
:109D800082BDC7BDD33E04BED65E83BAD68E183E12
:109D9000D331113F3606813EA025143ED52A7F3DA2
:109DA00029F6223BF23ABEBD40B5ACBEE82A21BF3F
:109DB00063771ABFFEAEFDBE9B8706BF897321BFC6
:109DC0007508CFBE26516FBD9B9E6C3E33576B3ED0
:109DD0002BAA8A3E29D0D13E446E153EA7B3653DDD
:109DE0004FA35CBD5B30E6BEBA1BA8BEA99783BE7D
:109DF000A21595BED3CAA4BEEF4A4BBEA321C73E4F
:109E0000197A013FCA5BFC3D0D17C73E540DD6BD04
:109E100004F9603DC8C53EBE066BC6BE329C6CBE32
:109E2000DBB610BEF3CF90BEB607C7BE156713BF33
:109E300078C40EBF3E0E11BEDAC9393E33A2B43E1D
:109E400068C5BB3E55A19D3E85E61E3E30EE533EA5
:109E5000A1AC963DC3894CBE6B4D03BED30434BE4A
:109E60002C18B6BCBD4FB93CA025A2BEF136793E38
:109E7000E5E94B3E8E2E46BE91E32ABD9DC8E1BE6C
:109E80005820443DCD575CBD15B8B0BE4242B7BB6B
:109E9000EC94E1BE3E7486BEA38218BF7CEC0EBF7C
:109EA000A1E699BEFA7A2C3E220DA83BBB21813E49
:109EB0003AEBAB3E8EE0FC3D06300E3E7665F13E61
:109EC000C6645A3EF71A52BED98D40BE0D17203EC9
:109ED000FF65943E82DA70BD4C3CE3BEE5741DBF65
:109EE000FDCA36BF2E1E1CBF6F4FE9BED11678BE0D
:109EF000E8729C3EFB969CBD0996C13C15C3AC3CE8
:109F00000A0663BEEADF88BEFAAB2BBF3CA4B0BE34
:109F1000AF8DECBDC14D44BDCB955F3DE0E5B03D9F
:109F2000F578533E71C7503DB884443E7EFC863E72
:109F3000B27F4F3E035B90BE24B479BEE2919C3E5B
:109F4000B550933ED649FD3C0C1323BFB43074BFCB
:109F5000419161BFCAA70BBF756200BF14D4A2BEF6
:109F6000424C0D3ECCEC5EBEA35E963E8EDCE23DE6
:109F70001A5D70BEA95FC6BE1B988DBD99CD9DBDF3
:109F80009128F9BB0ABFF63DA5021ABE116D263D08
:109F90007F5E743D0479A63D3C9D9B3EBDE0BC3D8B
:109FA000AD1C01BE1EB0D7BEFD97A0BC12317E3DD8
:109FB00016250E3BD50D48BB109E28BFCA7594BF11
:109FC0007EF180BF3C0631BFB3ED1ABF937B11BE5B
:109FD0008CB827BE673584BEE25C4DBEF3C0743ECC
:109FE0001C54ED3C0A770A3E015AB43C3BEC94BD4C
:109FF000E7D68B3C840B7DBD2BFAF5BD7407DABC2C
:10A00000540A2FBD025155BBCE4D3E3ED604493EAB
:10A01000881884BE06A5E3BEC4F2DFBD009AEEBD7B
:10A0200098C4CDBD1CAA3ABE1700F9BEAB1272BFD0
:10A030008BEC7FBFD23275BF71AA3ABF1505C9BE7E
:10A04000BAF9383D00573FBE5B2417BFD332913E6B
:10A05000E62C563EA1A3343E3123303E5B255B3EC9
:10A0600004AC543D8C4A4C3D5AAD1F3EE2F5E13DF7
:10A0700028ADF2BC63702ABD2B06183E6B7E3DBD39
:10A08000E62D27BE5DC88FBE309F54BD75698EBD5D
:10A09000D73F473E3C06223D1958A1BE4BB41EBFD8
:10A0A000C64C56BF577938BF7C79BBBE1F1A00BF5C
:10A0B000C23588BE0A9740BE80FE10BFD8FE173E4C
:10A0C0005B29583E95047C3D362A2A3E45B49E3D88
:10A0D000C8F33FBDCC7DBF3D3D82D0BD044A8DBDA0
:10A0E0008876163E941A553D86813C3DA76A59BE36
:10A0F0002F89C6BD887944BE66A5C9BDA8100FBC0E
:10A10000DA1E1C3E73EB1ABE2BC32DBF78B079BF8D
:10A1100053776DBF2D42E9BEF1ADA13D663E93BEC2
:10A1200041A3E43C4D3605BDCDE2ED3D171E503E4A
:10A1300030FDB63CE40C943C02B086BD953632BD91
:10A140009F42BA3D186DA83D1B58D4BD818AC93CB9
:10A150007BC4C43D1E6061BD073210BE04805E3DFD
:10A160005A19C63C65CADABD359DDD3C7921C73D2B
:10A17000ED8F273DF3CC62BE2B004ABFDFC64ABF3E
:10A1800025F049BF9F43E9BE098B6DBE8D5DE8BDDB
:10A19000A8178BBC97A22CBE3376F03D95C3BFBDEC
:10A1A000B26832BE95EFAFBD587495BDA65991BD4A
:10A1B00011EDCEBC936F0F3DD753B43C7CE1833D92
:10A1C00017D00CBBB553CBBDE99AB4BDDF6E133EBF
:10A1D000E08831BEAE9933BDC07891BD4AEB8D3D6C
:10A1E000A02E04BDF42174BE46AFFCBE8BC204BFDA
:10A1F0001D6125BFB3D5D7BE0EE2113D3CBAB03CC0
:10A200004A6B133DCC866ABEE2892ABF8FD73ABC1F
:10A21000D8D038BE9D2549BE04660ABE715318BE0B
:10A220006EEFBA3D2DCD1C3E6CFD103E15A2913E49
:10A230009D93873D9F02B23D0873373DB15DA63DBA
:10A24000690B94BE93328A3B7A0555BCDF3481BDDD
:10A25000789E083EC5EDCDBE0D260FBF83E0E9BE5A
:10A26000EE2C1EBE7910C3BE2F9354BDB07285BDB7
:10A27000DE760A3E4A9B79BDA29F05BF7B6E323EC9
:10A28000A5D8EF3C2FBEB2BDD5BF65BE74F177BC7B
:10A29000F8C2CA3C989E88BD00F6D73C57A6DB3D65
:10A2A000E2105A3E1663713ECB4A103EA239983DE9
:10A2B000FC9FFABD45E3BEBDD9C719BEABE9973DCA
:10A2C0004307F0BD582D10BFC6EE70BE17B296BC46
:10A2D000F5690DBE18268539EA0A593EA1648A3A05
:10A2E00020B458BBF4A520BDCA70C23D0F0626BDE0
:10A2F000BD5F99BDC9D4933DFE9D33BC526D78BD01
:10A30000EAB91E3EDB8ACD3CAC736F3D88E0403C31
:10A3100028617B3E0956B1BC43110A3DE08AA33D4A
:10A320008549B93DDF0360BDF3DD10BEC9005DBCEA
:10A33000295519BEBDEAE7BEBE9C87BEB8F7AABDC7
:10A34000A7ED01BF98BFB5BD4CE38C3DF00DB4BB8C
:10A3500098F485BD6A5F0FBDD4F476BE03D1ADBE5F
:10A360000F82CCBE38134EBEE4D8B6BD716C0CBEA5
:10A3700057BBD93D78E88B3EEBD3A03CF4EAAE3D29
:10A38000E40C0B3E8A76893C42AF663D1642F13DB5
:10A39000FE9D573E2D8BBBBEAA39A6BE9E9635BEEE
:10A3A000986CCEBD51B8DEBC26F89F3E5E71773EFC
:10A3B000C882F3BD206185BC34DA75BE85CE9D3D73
:10A3C00070C31B3CC7B28C3D3620623C3BFF603DF6
:10A3D000F488B6BEDD985CBF28BBCFBEB81AAFBE4E
:10A3E000150EA5BEDD7FEFBDF463583A5DD7C4BD41
:10A3F000E07BEDBDC5A923BEFB4656BE759F8ABE58
:10A400002BA7F6BE46600CBF4E5299BE2AE959BE34
:10A410008CECAA3D57F0BBBD4785013E9F67E03DF0
:10A4200078729B3C16908CBEDE5F2ABE8A4C573DEC
:10A430002070063B88D5563C52BA1C3D08979EBCFE
:10A4400002E58EBE6FBF24BFA7A54DBF7A8859BF56
:10A450004B471EBFDCBEAEBE225C20BFD3DE82BE39
:10A460002CB7EDBE60674ABF840A8CBF0C7418BF5E
:10A4700053AB91BED67903BFEF77A8BE7DC805BEAA
:10A48000F1BBBC3CA06EA5BC65C22D3D2A20DDBC45
:10A490005FDAF73D3ABA83BC80C62BBC079C47BD48
:10A4A0008030E93BE41C17BD6EDB303D5098BEBCEC
:10A4B000DF83C93C715ABA3C790830BECD93B9BE2E
:10A4C00042AAC9BEB02792BE25B713BF84B60ABF41
:10A4D00036FF01BFE175F3BE743D26BFF6B186BEFF
:10A4E000A403F2BD048564BE21A9A4BEE17D0ABE19
:10A4F00030AB6CBECA7AC1BE4A82CEBE6A017D3C18
:10A50000728083BD16BF3D3D1B97AA3D4C4A913CCE
:10A510002264713D203C013BA394953D960DE9BC1E
:10A52000FD188C3D560D783DDEEA94BD854C6EBD20
:10A530003094E7BBB020AFBC60CA26BC22E565BD45
:10A5400025A9B1BD446BD3BCCED7133CB0308B3BF7
:10A55000189462BC8657763D81A943BD36C0D6BCEF
:10A5600010D874BDCEF06CBDBC01A0BDD03DBD3BCC
:10A57000B48175BD46CD2D3D30AF4ABC80D2C73ABF
:10A58000CEB76B3D404E23BB9D25813D4074A2BCA0
:10A59000E87961BDA61760BDD65446BD0ABA1CBD98
:10A5A0005F7B8C399AB26ABD47C4073BCDD37DBE71
:10A5B000687E26BE857861BE08DCC8BEABC004BF1D
:10A5C000CFB8BDBEF75F90BE53470F3E4D834CBD25
:10A5D000AE2FE43CA0B416BD7B209BBCE21A34BD78
:10A5E00000DD9EBA384F59BDD5112EBD5F579C3D39
:10A5F000F41FE63C88E725BD597CDB3CD11D93BEAA
:10A60000AA0F3BBDDDB8773DB9BD9EBDF3016D3DE1
:10A6100070112B3E8D19BB3DB036C93E7D29DF3E02
:10A620007FA7A13E9358F4BD4C29793E0F0297BEF7
:10A63000BF1F8FBE277046BEBFB9AABEBE9FABBEAE
:10A6400086D8E8BD38C6763D1589E63DA5E829BE21
:10A65000D92D143D29F6C8BB28613D3C3E690A3D11
:10A660001040EEBB732E8E3DB87BFE3DEAFD50BE22
:10A67000AC390DBDBC90A03C1182D1BC1F85CA3E37
:10A6800033C3963E00772DBE07A1B63D72AEB93EEC
:10A69000FFEBA1BC928043BD63D96F3E880C1A3E8C
:10A6A0003AD9D53DBB93B33E1209673EE37B5FBD0C
:10A6B0006B61A23DF966FC3C704C303DEC61C9BA5F
:10A6C000B3E593BEB638E5BE061495BEA869E23C74
:10A6D0003AD9B4BC1F2CFF3BB794793E8AD0573E81
:10A6E0003690763E8586253F6FBD2F3F11736B3FB9
:10A6F000F4D64C3FFDD30C3F02CBE03E92CF793EE7
:10A70000D504B63E5C23C93E45388B3E9A5BD93DA5
:10A71000A046923E580D653EB364DF3DBCAE833E1D
:10A72000ACD91D3E0C6D713EE45B02BD3C051CBE08
:10A73000489992BEDCE3AFBE824696BE7A0EAF3E2B
:10A74000DC20AFBCD819DE3C7712393DB7AB003FF7
:10A750004895743ED6DCEA3E5307373F0006723F09
:10A760005A3D653F0534153F54A89D3E4FE9D73A01
:10A7700014F7863D07546CBE676989BE63B420BE7A
:10A7800023820EBE3A674CBEC4BB1CBE39B9553ECF
:10A79000F461463EA725043EA4CC83BDF51EBCBD96
:10A7A000354B5BBE32949DBEA55BB2BE3D4331BE10
:10A7B000D77D933DF112AF3E576FDD3DF6F34D3E31
:10A7C0000F964BBC8553EA3E6495FD3E34D51D3F44
:10A7D0005871F83E3EFA623E3964D2BD4A8391BE5A
:10A7E000E2BDF5BDA8465EBEF69C81BE8D40D3BEDF
:10A7F000E1C0F6BE344823BF736409BF1EDCF2BD5E
:10A80000AD6D9A3D4D4AD7B91189B63D734E07BC1F
:10A81000B53522BEBC33E4BE97A2A8BE05ECE4BDAC
:10A820009166F03C5363013F0367073E8E8ADFBCAD
:10A83000BAFC893E38C8D93EF22D9B3E61F5833E75
:10A840007008973D5DF5FBBDE8F053BDE72D72BC88
:10A850003C4432BE098FA4BD707E69BE05AF96BE72
:10A86000E1B500BF311AE6BE644C8CBEDF5CB63C7D
:10A870006D5E4D3D6B5D743DAA6AF93D5F51DC3CF8
:10A88000B296E4BC28A9973A9A9B863EE8D124BEAA
:10A89000A39998BDF2E8813E99511D3E7B4E9A3EA8
:10A8A00016C5E63E3911843E007CBF3D7565143EF9
:10A8B0006AFE84BE73BF4FBDCD7750BD3236293D91
:10A8C000CDD0413ECB44863D1BD954BE485992BEA3
:10A8D000E09A9ABEBAE601BE171737BEB2C9303E3B
:10A8E00090022B3EA48DB53C2F93433E52259B3CBA
:10A8F00037AB8CBEDE76833D7DD0E53E810E4DBE0E
:10A90000EB4C6DBD2358993E7EFEAF3E52B4993D4F
:10A9100006E7523E87BBE23CBA511DBE210F2BBE5B
:10A9200078EAF7BDACBF8ABD2B065FBE786BACBDC5
:10A93000857746BEF11AECBEAFAEDDBE8BAABFBEB8
:10A94000FE1AE4BDF4831EBC03429F3C8D22B33D3E
:10A95000B5358B3EFF04973E0F09603EC1D10B3EDB
:10A960004DC2B4BE43FA3BBE5051543E86ED3EBE8E
:10A970002E6683BD5793E43CAA2CCEBCC4A53E3EB4
:10A980008B03873E8B7913BDCCD79CBD68E9CDBDC9
:10A99000F733DFBDA9DF1ABE877D6BBEFD11B8BEE0
:10A9A000700AF8BE5618EEBE66DE07BF46B2B4BEE9
:10A9B000B84E9FBDBD35503E0A93883E0F7F843E02
:10A9C000364BC73DFEE8D13DE793823E200059BD9E
:10A9D000AFF3E5BE12430CBF5E87C8BE8289B43BAD
:10A9E0005324803DABB4CFBD644E1DBED7C5823E5F
:10A9F000EAE0003DC1E968BECFF5C9BE602006BEF1
:10AA00006B8490BEEB8D8BBE19E2E0BE8A34B8BE7B
:10AA1000C5772EBE9C2875BEFA0B9A3CD82923BD5B
:10AA2000FE039CBD6937B2BC8144013DF890A73E4E
:10AA30002BD399BD1DE093BD5092643EC53C7CBEB6
:10AA4000513CAFBE2F1623BEC0873ABE19ED89BE5A
:10AA50001176843DFD9F88BD28F109BE09659ABD28
:10AA6000D2F919BF85EBDFBE8E4709BF26CBB3BE37
:10AA7000857F58BEFA3AB3BEF10F83BEA524CFBD81
:10AA8000494AA13ED80B063F0ED7DB3D9851BF394E
:10AA9000754239BD977630BD4BDFD63DA715213EB7
:10AAA000D8FAFA3D99C2813E29A0803E1C5062BE70
:10AAB00073A1A03E06E4383E5ADEA7BE05FAE0BE0A
:10AAC00033C0C7BD127B373C1CDD1DBBD3FE58BE57
:10AAD0003D5654BF78AB11BF8B9317BF5A7AFDBE5A
:10AAE0006C4460BEF7C8E7BD97847EBBDD4EDD3D9C
:10AAF000C09FC93E40F5693EC06585BD38CAC63DA8
:10AB0000D817AF3D7B9AF93DB57B173E76A7BF3D81
:10AB1000243ECE3D19E19D3E0407963D96D423BDCB
:10AB20007F14FD3D6A76C83E03EE6D3EC3B4A73E7A
:10AB30004534E3BC2BF6623ECE80AD3D5050883D9F
:10AB400047B96EBE04A6D6BE54480DBF79355EBE69
:10AB50003E7D40BEBD2834BDBEA68A3DFE64863E15
:10AB600077E9D83E907F1C3E6A1D513D5C4B953D78
:10AB700034FD843DCD54303D15F672BD1C98233C08
:10AB8000A852C83D0FAD5C3E1222123DC27627BED0
:10AB90002723BFBDCEC6C03ED51EB13D91F0293E94
:10ABA0002ECB913D7E018B3E175C7F3E7F44FE3D68
:10ABB000C5BF1EBE23FB6FBEBE63D5BDFA36013CCA
:10ABC000920572BBA1E93C3ECDAA493EA144823E1A
:10ABD0004FF3B23E946A473E28C1893E7F580D3EEE
:10ABE000745B923DCE60B3BCBEC272BD2E659F3D0C
:10ABF000F4C7A53DC2504E3E3AE0843EBD6E5D3E78
:10AC00005E7C073E6435EB3EC422CE3EF6A7623D35
:10AC1000ED078BBDDE9A753ECF24FA3EB323853E09
:10AC2000B40F1EBEB25A28BEACC0123DB115893E4B
:10AC30003B5F1F3EAF29703E2620313E181E8E3EE0
:10AC40006575B73E0C8BE03D059F373E2280983DF1
:10AC5000F5A77DBCFF98AABC7A3F0A3C67EBD93DBB
:10AC6000D6335CBD9537053E7198593DBD84F13EA4
:10AC700049C2E93E37B7093F3516FB3D11DCA2BB9F
:10AC8000D50933BD689DA03E50A70A3F0381343CDF
:10AC900009F8BA3E49CFA73CF4E6CB3D3177323EC6
:10ACA00016ADAABC1D54E93D2DB7A33E64015D3E1F
:10ACB000801B603EA28BEE3DC2FBC8BD5DD0C5BD12
:10ACC000DD76DFBDD2A557BDBFD584BC121F093CC0
:10ACD000B3AD2DBE33C11F3ED1277C3E7E45123F12
:10ACE000FD2CB83EEE20903C6E125A3DE12841BE4C
:10ACF000239A8EBEFBE4713E1316153F48FD5E3E5F
:10AD0000A946C53EEB4ABE3DCB15863D2833363EAF
:10AD1000B445423C73F4403E8E918E3E54059A3EBB
:10AD2000C62DE73E41A9A0BB85FC12BEE7142FBE8D
:10AD30008C0A1C3D1E3634BEA6D1FCBD2EE8C5BE15
:10AD4000F7E287BE9EADDC3DE662633E9C79BE3E87
:10AD500041A2D33E91D621BE66A065BDE612E6BDF6
:10AD6000366DEBBDA7D530BE1471C0BD9BDBC73EB1
:10AD70001265B83D5CCC21BD4B610BBE67FD163E34
:10AD800040704D3E6AE4813ECDB8E53EA598E03E78
:10AD900077E9253DB9D63DBE352299BD144E9BBB02
:10ADA000C721EABD7B421EBD204B69BEA0209CBED0
:10ADB0004CCE33BE68DA803E940B153E726F1B3D5D
:10ADC000DA248ABEA6E0CABE4C9E493E0CB783BEBA
:10ADD00038440C3C435D42BE69BD623D4A5F063F5C
:10ADE0009C13853EC3B12ABE349A20BECF58B53ECF
:10ADF0002FE1813E788D8C3E7D08B13EC4C9443E32
:10AE00005A359DBDF15005BE54D22F3D31106F3DD6
:10AE1000A5A6EDBDCCDE31BEC35839BE97E47CBEDD
:10AE20003BB3893DAC17893E1868003EE776073E84
:10AE3000764D20BF42E60EBF0C4209BB2236BFBD95
:10AE400004CD30BD50F5213E4FBBF83E797C6F3EBE
:10AE5000A2E95EBE76778CBE1C363ABEF1CD403C90
:10AE6000F00A1A3E251E103EEAF1B13D65410F3E43
:10AE70000F7C15BCBA10833D66602CBD2E1B66BCD2
:10AE8000F0CFC3BD28BA22BDE53BFBBDEAC7263DD6
:10AE90004FEF3A3D876050BE70CF4BBC67C33D3E1D
:10AEA0009BE200BF957403BF3114E33E8FCD7D3C20
:10AEB0006B740BBE51CB253C43150C3F64011FBE88
:10AEC00037A10D3DCA4E583DA4CBBD3DA3BC783E35
:10AED00027D5123E0DDB15BE982A293D1CD98C3D85
:10AEE0003D47083E2439053E409C9D3DF41A2E3EC8
:10AEF0006BD2863D23402EBD32E049BE0FC6433E95
:10AF0000A323083DFDFAFABD9DB6F1BC512A8FBEC0
:10AF1000E847CDBECB5BE8BE55580FBE7F5B42BD58
:10AF2000C06EDBBBCF8A2EBDBCAC8E3E707957BEE7
:10AF3000782D813EB6728E3E7272033F55E9B33E64
:10AF40007BF3A93D9EA6493C219143BD8523DE3C70
:10AF500011E3B53D4FAD313EA7489C3D0F67573DCE
:10AF600086893C39EA5C82BD5798923D9755473CAB
:10AF7000953DC83D6BF85FBC393A88BD8B40B1BE8A
:10AF80005D9C1EBFDCE5AFBE3D064CBEAC4A8FBD2E
:10AF9000E52F90BD280332BDB643B6BC18F1EA3C9C
:10AFA00016B2C73E6B7424BE6F59933ED8AE86BDB1
:10AFB0000888CFBD245F06BD8BDF023DEFC9F13CA1
:10AFC000FEA2A93D20E03A3E4E26AB3D2ACB7BBDFA
:10AFD0000BC02C3E2A0C11BE09B465BE991F12BECF
:10AFE000E3193CBE4DAF33BEA93E21BE450EBABEED
:10AFF0007E2AA5BE16B5863E8C7F673EA8E93CBD7D
:10B00000982764BCB339A63D540D42BE342BA2BE72
:10B01000287F55BDB83E11BFB8E032BE33F9CCBE73
:10B02000368DA8BE064C00BE7076523E0551EB3DF3
:10B03000543A0F3DD962AD3DA1BA0A3D374FC23DEA
:10B04000849A823EC312D43C335D66BEA1E19CBEAD
:10B050007B26CEBEBE9BDFBED0B069BEC8D59CBE2F
:10B06000ED8E75BEF9A8733DEF4C5D3E000B97BCAD
:10B07000CA073C3DD6D94A3D9FC754BD536964BEFB
:10B080004C5DE0BE65590BBF9D6135BFA02546BF35
:10B090007BF9DBBE481303BF6C52BBBE093FD7BE72
:10B0A000E65101BF19DCF5BE4C2540BFF83DFDBEA1
:10B0B00040B443BC822251BE32C9F0BE4D4102BFF2
:10B0C0006C2329BFD9541FBF40C912BFE81E48BD19
:10B0D000961A6EBE3B2EA43D7121903DDE426F3D1F
:10B0E000F8CD29BCE0A558BD682E5F3CC48BA1BD3E
:10B0F000D186453D1A51073E0654AFBEA6C3CCBE0D
:10B10000FA3ED0BE73FCAEBE7D8B02BFAC9D16BFB7
:10B11000A1EB14BFEF5F2CBFDCBF42BFE22000BF3A
:10B12000CFF870BEA225B1BE8208DABEC39F61BE51
:10B130008D9C43BE9CD747BE80EBB0BE3E69E8BC49
:10B14000DCE2BC3C393182BDE3A3813DF89E033D86
:10B15000206E8ABC26E08BBDEFA7873D1AEAC9BCEA
:10B16000D21313BDA6EC603D68DEA1BC8D6B893D9A
:10B170006E309BBD60C14FBBAB02A4BD408C253B74
:10B18000F73FDF3DB431863CCCCA583B54D9163D1D
:10B1900080B7A8BCE0B001BDB5BD993DDD2693BD2B
:10B1A000D432973CCB97A4BD02362B3D54C3DC3C34
:10B1B000B0DAC0BC24DBA5BC7AE1553DC862043CD2
:10B1C00025EB1BBD563C9DBD7A3E4B3DB046C03C79
:10B1D0004C259EBD123895BD020BED3D9F8D5F3D08
:10B1E0006E7795BC361D543D11E1843D968AE73C4F
:10B1F000152B653D7113463E53472B3C06A38D3EF0
:10B20000D499D53E3E519F3E32CB223EBAAE433E0C
:10B21000C0FFDD3D40567A3D0C6E003ED9DA813DDF
:10B2200093D016BD5062BFBCFC2D003DB05688BB0C
:10B23000804573BC952787BD3BA45BBD39613F3D0D
:10B24000F633B03D703C933D696D7ABC64EB1E3EB5
:10B2500055D2A93DCAD8E23E59BEC73E8081013EC3
:10B26000DEBC313E055C103F28482C3FCEE9CB3E8A
:10B2700056F8DE3E21391F3FEC50143F854D783E95
:10B280008C64FD3CB3AAAF3D0AF4363EDC68993CC1
:10B290005042BB3CFB949A3C0828C73C10EFF03C62
:10B2A000712720BD06D77B3D14E0E8BCD9E5CE3D33
:10B2B0007CFF69BC182A4DBD51563F39E9D6BE3BCB
:10B2C000D8A0733EDA525A3EB950553E43FD413E36
:10B2D0006DE5903E879F1B3F2738693F715E523F67
:10B2E000EA0B7C3F2816473FA9DB143FA18C593E4F
:10B2F0002AB99A3EC4EF153F522E8D3EE38A4F3E47
:10B300002F70603EA06CB03D4F92833DDFE4933DD3
:10B3100033CBA4BD3AC1FBBB54D38A3D3BE67FBED1
:10B320003CF1FFBE1EB3A7BEDE36CABEEF6A08BE42
:10B33000677FA7BE77D505BE9815B5BA1C7DAB3E15
:10B3400086E84C3E2781CFBD57DF353E9994983E25
:10B350002480283E7552243EB3A0E53C9095ABBDB9
:10B360004895DC3C128D003EBCA5D0BD3677A2BB13
:10B37000DCC1F33EEBDB383F403EE63E685ACB3E55
:10B38000105EABBCFFF399BD6DF711BE84304DBEAE
:10B39000BC5DE6BE18A4E6BE416BA0BEF834CBBDD2
:10B3A0009C2A9D3E45F6423EC6668D3ED1B9DA3EA8
:10B3B0006886923EE0A1363E7A738B3E76A22C3DA3
:10B3C00043F5883E7E22953E84D15A3E5B22B43EB0
:10B3D000AFBEAC3E0CF6993D08CA5EBE34C98ABD0C
:10B3E000883A32BD6745063FAB9F2A3FCD77C23EC4
:10B3F000882DF33CCE39303ECBEE53BDB578A3BE9D
:10B40000715C5DBEDEBB95BEAA624ABD194A8F3E25
:10B41000C3EC8C3EBAC2B03E2838963E3E34AD3EB8
:10B420000440903ED4DC803EF91B3E3DF3F3923E57
:10B43000EE855C3E4C458F3D69C1973D7956713E26
:10B44000EEC6EF3D8D3AFFBD0E4886BEF54338BED1
:10B45000D0840FBE147D073F3AFD323E6ECDBD3D18
:10B46000273249BCAC9CEE3EB1367B3E505843BEC1
:10B47000C8F2CABD13871CBE75F68D3E6B6EB63D15
:10B4800091B60C3EEB11823ECD74B93E40717F3EC9
:10B49000EEAED23C726BA33AEE0D26BDDA80433E8F
:10B4A00048CF493D352F523DD356733E22A0273E0B
:10B4B0000152D83DF84EE9BDF318FEBDA5E227BE06
:10B4C0007A45FC3CFB1DE23EF2C0E83C0F2A8E3E72
:10B4D000837BB83DE541B53EB9A6BE3E63A7553E68
:10B4E000A2B769BC70E4B2BCA905043EAB49503EAA
:10B4F0009DF1103D5F7EED3D7F2BB53DB7B684BD20
:10B5000063EA2F3EB9B83C3D6D7D473E02EE243ED6
:10B510006C2C543EFA831F3E39BE963E279F523E06
:10B5200077D5583E1CA3C73C3FEB803D79D9223EDE
:10B530003EA8A73E32E20B3EE8ABEF3E029FA63E9E
:10B54000951D8BBD72D2AE3E7D6CB43E2271973E8E
:10B55000E53754BE5635873EBB24E53E8FEBBB3EF8
:10B5600084DACCBD0121ECBB9BDA20BE8D9BE1BD12
:10B570008918FC3D674C123EEFC6953EDCDC4F3D22
:10B58000F274EC3D8888D93D9AE6123E08B0803EC0
:10B590007CC58B3E4D73873DEDC94ABD9052703ED0
:10B5A000A8CBA13ED9797C3F5E392F3FE431BC3E28
:10B5B000A432253DC84B8E3D4153DA3EFF14A03ED8
:10B5C0002C1A1C3D74633B3E71ED633F1DC3DB3E93
:10B5D000EDD4C9BD067B96BC9313C9BDE8D7C03C6A
:10B5E00031B4D0BC2552F23DF97959BDC1C7F7BD80
:10B5F0007860D1BB18DC763DF173E23D2128853DB2
:10B6000052748F3E1B78873E640F953D1419A83EF7
:10B610004BB82C3F3008223F752DDF3EE807893EAE
:10B62000B687293D9C28A43D520CC43D3901AD3E4E
:10B6300065F8AF3EC188F43EF072223FCC5C423EDA
:10B640001E1F8CBE288EECBD993B14BE4D86D7BC08
:10B6500076DCFDBD47811BBE5E89D5BE4C7697BEAC
:10B66000976E8ABE579C18BE0EA704BEAB46E23B3F
:10B67000D501C73DA97CA23CB744593E5402133FB3
:10B680004274343F766E0F3F544BB73D21A0AD3D21
:10B690003AAD4CBD3B2D113DD5BD02BE5767C53EF1
:10B6A00088B0B33E83D01C3F7164053F4C41DF3D01
:10B6B00053101BBE85C76CBDCF5AF8BD8A035CBD55
:10B6C000E826BEBE8A8D19BF37B1FFBE71BE8ABEE5
:10B6D00010519ABED32FA9BE736E54BE369220BCB1
:10B6E000D8481D3E37BF47BD93E5C83EF3FDE73E52
:10B6F0008FC2113FFFE12B3F02D3153FECF2903E8A
:10B70000AC2047BDD784EABB5844703E8F12303E10
:10B71000BCB75A3E874C4F3F83B9FD3E447F70BD56
:10B72000D2385EBD1271C7BD4786793D6C96603DCB
:10B7300041E603BF1AE111BFE638C7BECB8882BE1F
:10B74000CD98DBBE865EC6BEA1F73BBE95C1313D3E
:10B750007FA5813E42F06C3EB046D73E2D084E3F5D
:10B760009E7B593F67485C3F6E210E3FF26FB53DAF
:10B77000A2170B3E39BD8E3DF1A38CBABCB1B2BD50
:10B78000C7AA943E18E4203F6696203F3A0C883EB4
:10B79000C5509D3DA2C31DBEBEF0573D09B0983DAA
:10B7A0000102DEBEF29DD3BEFA3A8FBE1A5A6BBEBC
:10B7B00056EBFABEBED28ABE6B22E8BD6469E93E92
:10B7C00047E13E3FC9E00B3F027C0A3F9CC7283F50
:10B7D000126C123F64F2EC3EDB501D3FBC7F453ED5
:10B7E000AFB9043EA424183D52F49CBE6DB4543C41
:10B7F000A8710DBDA37D233F6EA7393F6CF8403F74
:10B80000B9D4A73E7A8E83BDB287C6BD2AAC8EBEA0
:10B81000F544EABE8C5ABBBEEA6F79BE438DB3BD18
:10B82000DB58DABED9BD35BE51486C3E186F6C3F4F
:10B83000F59F5B3FC72D763E9EE6873EB072DE3EAB
:10B84000F1651A3F7423193F5165A83E6089F83CA1
:10B850005FB7933C8E30B2BDE6F87EBECA31E33DA1
:10B86000B592AA3D7208073F9DE8163FFAAF3A3FEE
:10B8700059DD013F3171B83E5A3372BD4A26D5BEFB
:10B8800020AC95BEFCF043BE2F1F37BE394D063DA0
:10B8900044FF38BEB120343D12F9BE3E4D437D3FDA
:10B8A0000F381B3FE9AD183EA701C13E855FC83E7A
:10B8B000489AE43E4424083FF493A43EC667023EFF
:10B8C00003829E3D36F1DBBDEB45483E9DF5253EAE
:10B8D0009CA8273E9993CD3ED03D393FCBE32A3FEC
:10B8E00050F3203FDAE0B03EB8F4DEBB5903B0BD00
:10B8F0004B0F86BE249F41BED11069BE2666883D8F
:10B900002D6CF03DAC6DEA3EC3B23B3FABDF343F44
:10B910006A16073FA87F053E434E153E4549F23D56
:10B9200081F9043F4324EA3E9BA3D2BCB9D52B3E08
:10B930005C4EEDBD604605BD6BFD603EA763A53C5A
:10B940009694B53E96E80F3F6106453FF708F13EF5
:10B9500045F3093F76CD863E64AD973EA062AD3D8E
:10B9600024E4583DFDC1CABD515A9A3D91FF5C3E49
:10B97000AEBA933E7382013F00C82B3F9E69273FBA
:10B980003B78063F74261A3E783393BC8ABEDC3D72
:10B99000C7D8DB3EB401F63D45E729BEBCF766BE1D
:10B9A000157DAABDDA6D3A3D1E92753E433E7FBEBF
:10B9B000F824F83D47ECDE3E1C0F973E2414353E3C
:10B9C000E839923E2FC2B13EBC78D53E82EF613E4F
:10B9D0005C73783E98EBF23B54B0163E772B833E77
:10B9E000416F213E2642E63EAC33F33E0001FD3E70
:10B9F000B802033FB549BC3E4FBB213EAFCC343EFD
:10BA0000DF97F53D2BD7C3BCD5A76EBE49DAB2BED2
:10BA10005FD06BBDD4E6F73DB80E243D457A94BEA9
:10BA20002D0B84BE1398193E52FE883E996F8F3EAF
:10BA3000F55E303E917EC33E1424BF3E9EE58F3EB0
:10BA40000497993ECEAF7B3E485A4C3D1A4FFF3D7E
:10BA50009925773D44FAA73E0EB0E13D57F83C3EAC
:10BA6000A527843E34893C3DDD9502BE64E98E3DC8
:10BA70002979663E96E19A3E135D94BE30EF8C3D87
:10BA8000852F98BDF908D3BD81E1463CC2248ABE0A
:10BA9000A8A0D0BDBC6624BE3A7EC93C7B64B83E3B
:10BAA000CE8F2E3E245F053E8AE52C3EE600983E72
:10BAB0000D6E953ECA02393E22598D3EE89A843E6B
:10BAC000C8654A3E35BE443ECD8109BECA224B3CC4
:10BAD0006782873D6AA7213E3C76623EC881EB3C87
:10BAE00003497CBE9EA929BD2E4181BD2053933CB4
:10BAF000529205BD035D76BD0F3359BDB1A21FBE85
:10BB0000A7FA723E53CD3DBE954622BE5CE6DA3DB5
:10BB1000665A6E3C83BD8D3D75EF1E3E7A1E743EA7
:10BB2000C8FB303E1DFE243E73386A3E33218C3EF6
:10BB3000A9B42D3E9AB0F53A88CFACBE38C924BE20
:10BB4000DE2463BE273FCA3D961DBD3EC07E1A3E21
:10BB5000B322E23CE3CBB63D323EC0BEDD7472BCE4
:10BB600031D6893D655FA43D5EA7A53E3F36793E4F
:10BB7000B69D013F8FF950BEABE8723CEBC53B3D33
:10BB8000F5380CBE3147F43C0857F2BD62A60FBE33
:10BB9000D2282DBEAA1539BDB43EAD3DEA8E8A3AF3
:10BBA0004C53393CF0FCB2BE66D99CBE22CE9CBE42
:10BBB00077B17DBE90B8B43D099A603EBFB0AE3D4E
:10BBC000639083BDAF7C13BEDD7B95BE84D9873C7B
:10BBD00080B3EDBABAEDD1BCA873243E750B633EB9
:10BBE000FB5B283EAF54453D0AE29F3E96DCCA3DD2
:10BBF000E6B1163D015105BD92D06BBD8E3DF83DBD
:10BC0000DFC6C23E037D993E3A2B9E3DF904333E8A
:10BC10004011C53D71BC0DBD977B6CBD2850A3BDC7
:10BC20001A29CABD8B58C5BD563AD1BDEC25E8BE10
:10BC3000DD9067BDCA7648BE407029BD9916813D2A
:10BC4000F0908FBC76A5773D256E0DBC4709AF3EC1
:10BC50002135B83E164F823E69F6833E2D87B33DAF
:10BC60004E9DA9BD4B1DAFBD98FFC23D7971793E78
:10BC70000EAE9D3E8DC5413E5A26A03D0AE3233EB1
:10BC80005F984C3DB4E7BABD77A1423E1D2C993E6A
:10BC90007AA7F13D0AAFDB3D99455FBE1A09C9BEDF
:10BCA0003A06F5BD87F60C3D9373423E5E31783D12
:10BCB000505116BCC0A0E03BD0B83FBCBDB80CBED4
:10BCC0000C34ADBEB506EC3C0BB61B3E814BFD39CA
:10BCD00026679FBCD95FE8BCEC03103E3C138F3D48
:10BCE0006F05D23E8EB1CA3EC56C6BBD2E6B12BEC7
:10BCF000C53D21BE50BBA9BEC6698A3DC715813E60
:10BD000021CE053EA59A713EE32DCB3E510C5BBC86
:10BD100008C47EBDAE5B983D34A35EBDA07F8BBDE5
:10BD20007C548CBCECBCA7BC2EC7413DAADF653D52
:10BD30005F89123EC884AC3D218E533E69F02F3E90
:10BD400024788D3E357B303E131BCC3D475503BEDA
:10BD50003AE949BEBF40B83D2CFFB1BE7421E1BEF7
:10BD6000C1B7DFBDEEB5E6BB214239BE4EC61FBC32
:10BD7000B6C1B33C1D89933E6B07903E89B933BD74
:10BD80000ACE423D40E8ABBB109FE93CE1349DBD8B
:10BD9000A5FD10BDCEFF7B3DDB9EA43D90E0F83CB1
:10BDA00092418BBD4B85933D3CD897BCA86239BC72
:10BDB000C0E92ABD8419CD3C90B5D83B706DD2BB8B
:10BDC000336067BD5E0DB23D0E68A73D16FB1DBD1D
:10BDD000023A613D86FD7FBDACEC0A3DE21DFFBC31
:10BDE0007A91A9BD595A863D109E93BB6A0A153DAA
:10BDF000CF090CBD728D4C3D42745ABD272AA3BD9C
:10BE0000BC49C23CB8A34DBC60DF72BB8DFD15BD03
:10BE100069AAA6BD5DF5873B90C3143E8FD4163B3F
:10BE200000F8743D607D3A3B45714EBE6D06203E84
:10BE30007CF5D83E9B8E8A3E71D294BEB6F594BEF8
:10BE40006596ED3E226DE73EFE8E3BBE1E2150BE46
:10BE500001E45DBE618E19BE35DB1ABDB3A171BDB3
:10BE600036399DBD1A7D28BD78ED63BD27FC95BD93
:10BE7000E21CC7BCFEDAA4BD5869A5BD8C96903EF5
:10BE800007E2F63D64B4C43CC27B74BDC7CE363E07
:10BE9000087D8C3CD4D6323E53B4253E5B69593E76
:10BEA000315E723E19E2DBBDF17E893D1D5980BDD8
:10BEB000871F6A3D93275E3EF24E6BBEBE3035BE95
:10BEC000FFD5D1BDD51CAB3E4C3E8A3EFE20913EF7
:10BED0002E1E853E09AC4F3EBAF68ABDD8FD73BD15
:10BEE000C4B8A9BCBE82A4BD2D9CC2BC2236973E5C
:10BEF00010A08A3E2EF9D6BC5945553E939B0C3F67
:10BF00002A06A53E4C1C633EC1E69D3C5B5BA53EFC
:10BF10005B80B63E9C98063E49BB853E4AAD44BE1A
:10BF20002C3CC6BEFD5FA2BEC48E47BEC6A1683D06
:10BF300062B1393E53323ABDEC4007BE722078BE42
:10BF4000A0CACA3E0E10D33E59B5833EC2359EBD2F
:10BF5000DCA6B1BC37A18C3C2E02C33D11520ABEF7
:10BF6000FD9E40BEB57A29BEEE3A6FBC75876D3E28
:10BF7000D9DC4E3D02AAC9BC23E7913DEA70D43D0D
:10BF8000C358863DBC625CBDCA167ABD6D36453D60
:10BF9000CDAB1DBEAE0B37BE3C1525BCBAEFC3BD45
:10BFA0004950A9BD616931BE9FFF00BE5D82983CCA
:10BFB00009AFCABD83D2A23D7BB40DBEC31DF13B08
:10BFC000E7EA913DC8E7143DF9E30F3EE76C6A3EAE
:10BFD000BCF40CBE6C56BEBE268E88BE927553BE97
:10BFE000741BD1BE458884BE68964C3EC844CCBC08
:10BFF000D18D3A3D1CEE8B3D3112FE3CE4399E3D25
:10C000007F8FD3BD817F263D6055A93D37806FBDB1
:10C01000C782C0BDC3630BBE5723BFBD65356C3E31
:10C02000D610AF3D8C9580BED975A5B89DA8803E31
:10C03000A0A843BC1B3F9E3D9006843E951D9D3E9F
:10C040008F09D03EAADED1BC0FF182BEAEE9B7BEE9
:10C050007EDCCBBE46158BBED2135DBEAA032ABEC4
:10C060000A01013C148D7BBDF1867ABC1B7EB2BCFB
:10C070004CB1233D8C137C3DFD7C483D4A3941BD8C
:10C08000BC5218BE7950E3BD8E9BCFBD0D0C5DBD7B
:10C090002E9CEF3D1F6B9CBDECFCB23EA66340BDE9
:10C0A000FA387BBD8863AE3E39F41B3EAEB0BE3E6F
:10C0B000FAA1163FA673383E8B5A53BEA1359ABEDD
:10C0C0000436C2BEA29DB7BE04C0C7BE6A9B25BED1
:10C0D0005D0497BD5845AABD19F5943DD05914BCCF
:10C0E000023C54BBA23311BA48139E3B3E8AF7BDB3
:10C0F000151D4BBDDC70F2BD0E73E2BD4F307DBD32
:10C1000049CA123DCD2F803DAD0E873EE605603D0C
:10C1100016E1803C0B4250BE0724F93D91BFE63D3D
:10C120008647973E3E29523C990F67BE2888CCBE71
:10C13000D09BD4BE1F0785BE6AEE8DBEAF1138BE40
:10C1400003289FBE2BF96DBDB0BA573E793A3C3EED
:10C150000DFC4FBD0C026BBCD4D9D6BDA2AA6B3D61
:10C16000DEEC323DC0D4493DD8D59BBD8F9A033D0E
:10C1700009536D3E7B6BCF3E6787EE3C89BEB03D79
:10C18000612A643D5E4C6ABEB1B16BBD5F3432BEA4
:10C19000F6F5923E868DD9BCD217C0BE64194BBE4F
:10C1A00078BBACBE030194BE158260BD26CD41BEF6
:10C1B000DB2806BE9CEB2F3C5369CF3D618C163EBD
:10C1C000591686BEFA1788BEC39E1EBD371412BE0E
:10C1D0003047E3BD89923C3D4646253E3A3D213DF0
:10C1E000E4BEB73EC5CEA13EE330883E1D89CE3EBB
:10C1F000FBEEC0BA908E70BD46CC16BE9A903D3E06
:10C200009634393DBC2200BE5F5899BDE5EB8F3DA9
:10C21000B1BE24BEAF6D6BBEBC55FDBD0F55F5BDA7
:10C220001C25BF3DB8982D3E3F61D0BDA9A2AEBD33
:10C23000CA396DBEB7297DBE889E8FBE2C3BD7BE46
:10C240009BEF23BE517DFFBD34779C3D512926BE17
:10C250004B415E3E075F233FD945413FD7A9443E4E
:10C260001DAC253D092731BE77A8D1BE7927783D81
:10C2700074DD9ABE08945DBE5CF2AF3D97D521BED9
:10C28000E5D0A3BDCE363DBE8BFB83BD2A73353CC6
:10C290009A91143E8CB0CE3D0E0AB0BDDD9387BEA0
:10C2A0008E3CB7BEA39A9EBEE615D2BE3FC7BBBEAC
:10C2B000B1C91FBF70652FBFBFA403BF127A2FBFC4
:10C2C000BC8101BF1C3E1B3E6FC8853EA6AC073E2D
:10C2D000EC9E9B3CFE2398BD021995BE9FAF01BE0C
:10C2E000D23135BE8A14893DC99EBBBB1E4863BE90
:10C2F000263F0EBD36DB04BEDD015D3EEB4D713EDB
:10C300007D448F3E5DAC283EAEE49D3D4F13C6BEDE
:10C31000608208BF2851CBBE0A7494BEF698D2BE84
:10C3200005C04BBF031461BFA00A86BFED4C93BF8D
:10C33000A70B61BF167E2CBE46E33CBD78F80F3ECE
:10C34000B814F7BCB29174BDBDA0CBBE2915EEBD2B
:10C35000ABFC99BD9479F6BC579050BD5B04E73DAA
:10C360000F2DF5BDE7B4D93D1697C43E5917513E80
:10C37000AB7F943E19BA2F3E1562EBBD40ADD4BEE3
:10C38000D1048FBE78850B3CE3C6B5BD201865BCD3
:10C390007556B8BE99363ABFFE9060BFC07C3ABFB2
:10C3A000BF5F90BE0B47273C5412013E14AF983E2E
:10C3B0009C65423E64DEA9BB4B61B2BE6D7DE43D2F
:10C3C00007A6683C5D4C02BE39B79BBD117D153E8A
:10C3D000F799A73DD9DE923E5208013E8040CFBD7D
:10C3E000FF1EBA3DC4B6EFBD778770BED6742DBEB2
:10C3F00069BB3ABE934A443E27F5973E7478E13DC7
:10C400007F6BBE3CB06C76BE7E228DBE7DD8C0BE3A
:10C410007AEC553E58A5C53E5C86273FDA75A13EAD
:10C420007A86173E3CE494BE3898DD3D6D67B03D9A
:10C430003E54C73E9EAC143EC050F0BD5AD473BDAE
:10C440006DA1143E1D8F403E3259973DE6C5ABBDF0
:10C450001EA7F03DA3B7ADBDCB8986BE6135A8BD93
:10C46000FC36163ED347363E5EA33A3E6F22303E40
:10C4700028EAF33D6AB31A3EA231A73D6ED5D13DFD
:10C4800011727C3E17B9CD3E8F71A13E994E3F3E51
:10C4900080925CBE514E68BEEF92B1BD1432533EE5
:10C4A000F7729A3EC9D28A3E736381BE35C584BE97
:10C4B00087F474BED8FCDEBC4DE3233C6A55713E64
:10C4C0004BBC193E72C9883BD73E80BE135BEBBDA7
:10C4D000A434463E38C7D13E6CB8D13EAC86A73EA8
:10C4E0009305EA3E3F2B213F17BDC53E728C273E88
:10C4F0003BFCA63E162A603F0B63873E06D7793E7B
:10C500007FE6A6BDEBFE1CBEDC7DCABC092A473F08
:10C51000F71B143FDB0FA03E259B353DB41EC03DED
:10C5200070B3203BDA0CB1BDBBAAF3BBD3F6623DBE
:10C530009A2D16BE266511BEA92226BEC4A1163E9E
:10C54000D64B783E459CB03E89E2C23ED36C9D3EC0
:10C55000D019723DBF22573EDAA4543EA2863ABD9E
:10C560004A7EE7BD07AD563E83C329BE2F28803ED5
:10C57000EB4452BE97EDB73B3A8873BE52DC863F20
:10C58000212C043F4D776A3E80BA4A3E0130EE3D91
:10C59000016757BE827345BE8858293D51B01FBC04
:10C5A000F982BD3DA1C00D3E62DA863E0012EC3E2E
:10C5B000A71A0B3FDE2CD93EA65CB43EF2044F3ED8
:10C5C000CED52F3D18F3373D2B95A6BD7B1E113ED2
:10C5D000236FEBBC4507573ECB0FBEBE0917DE3EAF
:10C5E000EE1C473DF72134BD2EE7653E117D213F0E
:10C5F000D080C43EC589E33E75641F3E9B24663DE2
:10C60000357EDEBD7D9E67BE118D9CBD685E0F3E92
:10C610005BE6893E2CAC7A3ECF55F13E2C83393F08
:10C620006BECDA3EB7DA173E3D5F7E3EF5DBE43D6C
:10C63000BEDEA33D14AC10BD79F8B33DF480823E5C
:10C6400098427B3D668CD23E859A8ABD28109D3EDD
:10C65000FA36403D9B1F163E94E6183F0643213FA5
:10C66000A26FB63E3548823E3B7FE93D93E6153EDC
:10C67000A0DB8C3EF869643E1A769FBC7D10333E89
:10C68000E82D203E1A37063E741C713EC470D13D21
:10C69000D512A53D0BBD013E3D7B423EC963983E90
:10C6A0007EAE283EA0D6ED3DFB5A443D5A0B803E5F
:10C6B00052AEB13E1681B53EC85F3C3DBD4911BB8F
:10C6C00094B5853D3D1B3A3E5D5B093FB3BE6C3E74
:10C6D0003AA1483ED1922A3D96C010BE85DE9E3CCE
:10C6E000B8D6C03D5478133E581D5F3D99DD463D98
:10C6F0009ED36FBDE52E21BE428945BE664B6EBE00
:10C700007ED514BEC0C2A7BD055C4A3EF5D74A3EE1
:10C71000B929A43DC54D103E3808133E18D99B3E9B
:10C72000B847D73DF606593E88A5EE3E9A9F15BC00
:10C73000B09B7D3D4123FD3C70200D3FE9C4643E2C
:10C740001DECB9BD834DF4BD220977BEA43B41BEAB
:10C75000CE83F9BDCFD68D3D2795A4BDAC3B27BE7A
:10C76000C36F29BEA531F8BDFCF587BE596D6ABE01
:10C77000BE578DBED3FD98BE098C21BDF9121BBEDC
:10C780008D0B88BEDF24B7BD17DFABBD216C033E28
:10C790007C1A713C5E41B4BD77621E3F9D6D84BDC5
:10C7A0001E1AEFBC448417BD8F19F33E4831093F70
:10C7B0004338A23D1BA7483D868FFA3D9BB5B53D4A
:10C7C00034399A3E5BA7493EF0314A3E7E9B013E9A
:10C7D00056A7863DFFC106BE4B828FBD87E88BBE44
:10C7E000351683BE64BAA4BE9E7AD5BEAC08E4BE3C
:10C7F000E738D6BED6CB79BEB360213DAD762A3EB2
:10C800004CEAA83EB120B23E7481073FFFE2A63D4C
:10C810006CC9A9BD1B9054BDA37A49BEE1B6713D58
:10C82000E2FF5F3ED23830BCEE5A5E3E2B184D3EE2
:10C83000BA57203EBC8F773D7073CDBD4719E9BD17
:10C84000AEDCE8BD7C15A63C27E08FBD80D56EBE72
:10C85000B8DA8EBE7146743CD61A923E553EE63D1D
:10C8600062B6833D49FD383EA925903E48CA6D3DDC
:10C87000DF10EF3E35B9EC3EF9D3853E0B694FBD75
:10C880003043963BB24A483DDB08173EDD334CBC93
:10C890002410C23DF569ED3DC438F53DFFCD1ABD0C
:10C8A00032984EBECCA0B2BE564AB2BE4CD906BEDD
:10C8B0007DE6B7BEFB6434BE203496BE8BE787BEF0
:10C8C00026310ABFE5C3A0BEF7B9F43D58BB833E8D
:10C8D000B05F9F3E74487A3EF4DA123FE044013F75
:10C8E000517CB93E256F853E9B4E833E3BFF1BBD71
:10C8F00040DF06BB02E7353DFAF389BDE4B79B3D57
:10C900003D4A0C3EA3C60A3D526155BEEA3F18BFE0
:10C91000D69F31BFDFEC37BFE31506BF2908C0BE85
:10C920004328C9BE938794BE0E639FBE91E740BD66
:10C93000B2A650BD123DB5BE50D798BE18FD5ABE26
:10C94000094435BEEA3969BCE853FB3C786FD2BD77
:10C95000FC3A8CBE08D054BD54378A3C24C3E1BC99
:10C960001C54243D2AC34E3D68C9483C0061E9B9C6
:10C97000ECB5D53C59751A3D286A74BE41B370BEFA
:10C98000AE5564BE39E631BEC0A69FBE633371BEEC
:10C99000FF2DB6BE536580BE6F1EC1BEFFFA7ABEC4
:10C9A0008C164EBE8BF280BE46FD9EBE1911E6BEB1
:10C9B000FCFE89BEF646C5BEE83480BE5DCC28BE0E
:10C9C00034B0D83C98690FBD484196BC6A39693D7E
:10C9D0005059D83C06204EBD584D81BDCA6A293DEC
:10C9E0000B2B14BD990C08BD6F47A43D701CBF3BB9
:10C9F00080307DBD0614A7BD82FAD0BCCAAC7BBD19
:10CA00008C4111BED04995BD97F56B3CD48752BD82
:10CA1000785A753C282C94BD39C8A53DBE28393DAF
:10CA20003C03FC3C063224BD6C34E5BCD661633D5E
:10CA3000F6DF383D72621C3DE02BF53BF21B173DE3
:10CA40005823BDBCCA0651BDD8CDB7BC6F508B3D75
:10CA50002657B1BD03ABA1BDCCF654BEF5E026BE52
:10CA60007B4603BE6305BEBE922407BFCA30FFBE2D
:10CA7000B7792FBFA33A10BFBB2F6DBD6581A7BD8E
:10CA8000CE3368BE6DA21BBF4E191BBF982B0CBFC7
:10CA9000FBBB08BF6BBBA0BE8D3984BE004B6EBE16
:10CAA0000443EC3CF91B9FBDCF759FBDF24FA2BD67
:10CAB000C03535BDA85493BC869448BD3CE3F7BD52
:10CAC000D042B6BED8F99BBE5E356FBEB812D9BE95
:10CAD0000DD59CBE925DABBD762D93BDF19C66BD20
:10CAE00098C732BE04EC3DBEE4585ABECC95043D16
:10CAF000A31D01BDADD8ECBD806DB3BD04976EBE66
:10CB0000E0CC3D3C1CB50EBEFF67A6BEE4EFB3BE55
:10CB10007B17F93D0BFB643E07FC27BD58672CBD16
:10CB200088B41EBDE67A6D3DC24283BDFAA68EBEB4
:10CB3000C53F3BBEBBD478BDB603243EEBD8553EC3
:10CB400020AE923EE4F7263EF5E2953C9737AABE2A
:10CB5000D3ADDFBE4F17B5BE2AD1B0BE0FB574BE80
:10CB6000EA765DBD92B32C3CD55EC4BD863113BE62
:10CB7000E14EE1BEBAA6AABE005BEBBE08520ABFF8
:10CB800015579EBEC28F113E01EAC63CCD478C3D73
:10CB90000A6F46BDACC6F7BC50B8BE3CD1C5F5BDAA
:10CBA000C79927BD2A62DB3E6AC2863E91C8993E7C
:10CBB000F65D783E633B413E070A6A3E4E3792BCC3
:10CBC000214E89BD86778DBD78BA91BE4ED3F2BE17
:10CBD000A96339BE5B9F75BEC4AA30BEA7D105BE8E
:10CBE000A9E10BBEA36A50BE0D77C73C6AF3E8BD4E
:10CBF0006AE41BBF059816BFCA56DDBE38B3C5BE72
:10CC0000F869133C902933BDD9991E3D135B873ECB
:10CC10001997C83EA6795D3E73197B3EDD2A2C3EEE
:10CC2000988C323DF09D5ABDC829BC3C9FB38F3CC7
:10CC300083DBBE3DD9F818BE4B59A3BD23B6A43D36
:10CC40001F229A3D3A9D80BE211291BD92939FBBB7
:10CC50004DB604BE0E1C203D1B500E3EB71F603E5D
:10CC600016B62DBE7C7393BEE0F7B3BE0833AEBEDE
:10CC7000C0EB913C2DF1333E9EB6723CCCB9EA3EFE
:10CC80000F1D783EA5AD0CBEA6D0DD3C184F9EBD55
:10CC9000334A4DBE554D2A3E59B0433EED46363ED1
:10CCA000F87F773EC9148E3EF2E60F3D349EB53CC8
:10CCB00070D38BBBB54BB2BD7CE705BECC15BFBBFB
:10CCC0004D506FBD4B9D613CCA3100BDE49037BEF5
:10CCD000229EB5BDE4E396BEECEEDBBD8BCFEA3B16
:10CCE0009E4F253DAD98C13ED198A23E761BC7BC54
:10CCF000B3A0D53E3AF159BEB107673EF260FEBB24
:10CD000090C376BC7A162E3EDD897B3DD9AF603E5E
:10CD10008F4B853E8E09AE3EB207883D1B6EAABE84
:10CD200029E14DBECA3707BE5B270FBE2745923D9E
:10CD3000B9C98B3D2972A33C3B5A6DBD537884BE63
:10CD4000149666BEFBE2A7BE944926BEC2C78ABE41
:10CD50007C8713BB04A5B83E2C99B23E5369F93DBC
:10CD6000A4432C3FB0016D3D539DB03D3F789A3BAD
:10CD7000D2E2B33DA1CA413E0DE42B3EF377353EEE
:10CD80003873413E2C4A1D3E4FA8CA3A82096BBEF9
:10CD900058B36DBEADDD493DCF18F73D3355F63D77
:10CDA000E3CA86BD24EA0FBEC9DF19BC371540BEF1
:10CDB00098FB20BF8905F6BE0B39E7BE2A52BABEE2
:10CDC000C358BB3D90995F3E4EBFBF3E5677113F63
:10CDD0001D8C503FB6EA023F31EF223E8385D43CA2
:10CDE000CF7588BD9714583C871950BDAF901ABEB7
:10CDF000613060BDC02445BDC38CCCBD77C62DBCA1
:10CE0000DCE5A13D97E4893E9A4EB73E7A9F263EE7
:10CE100023182C3E9355783EA9B7D03E9B79BBBDD5
:10CE2000961F1DBF682B28BF2C7FA2BECBCC3BBE5C
:10CE3000B77A4ABC83B9373EB3D5703EE1E6183FB6
:10CE4000B688143F1B93283FF9F5833E7560B73CC5
:10CE50009B43CEBDD3B9A8BEE879B6BE1FA80FBE0E
:10CE6000F55529BEACE4ABBE1038BDBE37EDDBBD19
:10CE70001352833EC151B03EB8CA9F3EB5E7B43E9F
:10CE800010FF9A3ECD8F8E3EA2BE9F3E9D5AD6BECB
:10CE9000B03271BF0DD57DBEA205A9BD00763D3E65
:10CEA0007D23D73D99DC243EA8143F3E07B6303F92
:10CEB00068D4203FF227353F6844D13D552E37BE18
:10CEC000E3C959BE1D536EBE636CBABD24E3F8BC02
:10CED00095D0443D4CABE7BE70C3AABEC3BBE73C94
:10CEE000CD69043E4AFFE93D043E813D303EED3EC2
:10CEF0006F75D13E8122E13E0DF3A93E5973F7BE15
:10CF00004D8A85BF66579DBE22ED98BE2C63A53C19
:10CF1000FD6F6F3CD812053E15CCF83D521E863E83
:10CF20002874A73EFFD7F83EDC40C3BD675C8FBEC8
:10CF30009ADEF13AE95120BE7E661ABE5F5887BD7F
:10CF40001DFD2DBD8927B9BE0C1563BE5EE3E0BB98
:10CF500004A99CBD5831D7BD7044CF3A27A8573E8D
:10CF6000BD4EC23E76869E3E11AB7C3EBAC90BBF1B
:10CF7000282611BF4CF5443DC9EA403E3E5ABF3E0B
:10CF8000E75EB53D625FCDBC13A9683EDEBE363EAE
:10CF90008D0A0E3EEB12053F72F9413E5FC41CBE86
:10CFA0002D0BC7BC699A47BE47202CBEDADF473D30
:10CFB0005F35CBBD0EF03CBD756593BDFD8F1CBDCF
:10CFC0001E3093BD7E22F93DFC54233E84B9D83DEA
:10CFD0002B9FBA3E402A843E2B7241BEB8F1CABE96
:10CFE00058C2D03CCC3EBD3E86D7173FF3CA7D3EEB
:10CFF000089B4ABE35B78BBDB9DBCD3D1CB9453E5C
:10D000001529193E15F1BE3EBF0BA53ED2A22C3EFE
:10D01000330F9FBDD27A32BEC16A1CBE494B25BDBB
:10D02000C23C02BEE0CE20BDBE21AC3D18FA2E3E71
:10D030005031253E0EF2863EE681943EE5E78C3E79
:10D04000B7E28D3EEC9E9FBD1499FFBD08C8A2BEFD
:10D050000E8F483EC6A7923E30064D3F5C12A63E5C
:10D06000F11E5CBE28D8FCBD7E37DB3DD96FA03EEB
:10D07000343CB03DAAFC4A3EE1A5443E9B32623DB1
:10D080001C0B033D6E68093C4D941FBEFFDB31BE97
:10D09000F67C61BE4BAF1E3E990A973E85BFAE3E01
:10D0A000F4AAA03E9E7F533E74FC9FBC8D52773EF7
:10D0B0007DEA5A3B209D2DBE108082BD86DB69BE75
:10D0C000C233AF3DD9D61E3D5BAB243FB45C973E27
:10D0D0005DA74B3E963D9DBD122E8B3EF6A1393E7F
:10D0E000A7BC413E2C4A9BBDD00C36BE7615503EA7
:10D0F000826FD4BA9BEB073E3B04223E7DF5383D60
:10D10000C9F46ABC3713703E969BED3E74EDA33EA6
:10D11000672D9F3EEEEA593EFFB68A3EB7BC533EAE
:10D1200053AD573CC542533EED20EEBD3317403D55
:10D1300097B89E3DA913BA3E7AFC1B3FED76FC3DA5
:10D14000988E7FBCD140873E6757843EC6767D3D32
:10D15000D7301C3ECA563CBEFFF730BEB4F10EBEFF
:10D160009EA7D6BCBAFF57BE867DC5BD3D20BF3D3C
:10D17000B9AA873EA716933E918CB63E2AFD593E2A
:10D18000CB878E3EADD5023E52E6033E5C5FA7BD27
:10D19000F3FC333D2C1DB13D0000DBBD9C403EBD8A
:10D1A000A772EA3D4A0EE73E10E7993EF6A955BD43
:10D1B000E47E16BE3A3E263EF2C21D3E514C9FBD55
:10D1C000F3DFB53D637D323CC4AEBEBECD0DC8BEFF
:10D1D000926147BEC12C8DBEEB70B3BD4088A7BD28
:10D1E0003822C93DB3C51D3E6856743EFFD3423E4A
:10D1F00074E8A13DE02A4A3DD8558F3C9213E3BC28
:10D20000B778C8BD94F39BBD21070BBEB3654E3DF7
:10D21000FEDDF23D03A0B23E71C1063FA888FF3E8D
:10D220008DBD293D20727CBEA8A31FBE3556D0BE41
:10D23000F619A8BD27A09DBD538E0CBE575F353D86
:10D24000443B41BEB70B12BE574676BE7CCDB0BE46
:10D250005E15B9BE9175083A017A213EE860673ED5
:10D260006008583ED257E4BDBF9B1DBE453CCABDB9
:10D27000BE008CBDC72923BE08862F3D2B38DD3D5F
:10D280002E0B0C3DE4DDA93ED73A043FE643BC3EFD
:10D29000A8A940BC4E4283BE741A6DBBADB9D8BCC0
:10D2A00030218DBD93FC52BBB562B53DF8229A3E4C
:10D2B000773B22BDB31775BE97C67ABEAFC19FBE7E
:10D2C000A621EABE812BADBE7F69CB3DDD4D4F3D32
:10D2D0002231453D99D035BE27CE173C26A9AABD9F
:10D2E000968DD83DE8B3863BF06FFFBD5D150F3ED0
:10D2F00015ECA03DC6DCF33A8CD2D83E3B9D43BC36
:10D300006CDA79BB8311443E33AB8D3EC13FA43E02
:10D310005635363C94B6D63D9E6AE83DD8D9443E53
:10D32000550CACBD7BF60DBE21253BBE515ECDBE7E
:10D330008C62A3BE7E1DD5BE517633BE59BC2CBEB9
:10D34000FA79223DF2FC32BE919A8F3B349E033E25
:10D35000EB9BB23D5573903EC58ACA3D9D37B63EA4
:10D36000244D033EE445C03CBB6AD53DCB5096BD41
:10D370009102A2BCDD90B03D223C653E29A0D63E84
:10D380008C5E863EB16FCF3E0AB8F53D622FD83D28
:10D3900066618BBC0DBEC73C4A4180BB347990BEF0
:10D3A000702AAEBE2022B4BE3DB063BE38D504BEE6
:10D3B0008556AC3BDA5CD73D32908B3EC2F58C3E55
:10D3C0002BA3A13E1EF0953E785B633ED6D28E3EE7
:10D3D000C5019B3EAF17BF3DC45D89BE5139C9BB76
:10D3E0003006D6BBE89A3CBC927465BE58994ABEDA
:10D3F000F4D01A3E0117A2BC515D213E79FE193EC0
:10D40000B41E3B3DACD78F3E7B12613D2294AD3CB8
:10D41000D44817BEEFB983BE88CF71BEE66061BD48
:10D4200070AC303C453C8D3E7CA19B3E464F833EDC
:10D4300053B3D83EA8A7A93E7480B63EB826E93DAE
:10D44000644B6E3E8B871EBC6D2D6E3BE066053DCA
:10D4500066EB55BDF719AC3D57B090BC052D95BE98
:10D46000AECE38BDEBE588BD6574AB3C6E2CC0BD5F
:10D470005D42D83C4AD1663DC229643C59831BBEFB
:10D4800079A79FBE2FCB83BE331BB33C6EEC54BD3C
:10D49000E6B6B83BC785D53E7614D83E0311AC3E00
:10D4A000C20F5B3EBCC3053F27C6513EB75E00BD01
:10D4B000C70A013EBD1ED43ED48D853E44B7E43C30
:10D4C000F9DD813DE69C553DD38329BDE06B70BEFF
:10D4D000173A933ED46F2D3E6C1A18BED51D91BDE0
:10D4E0009B394BBDAE1915BEDD503BBED19D93BDE2
:10D4F0000AD7163C92789F3D4ED51E3E19B3B53DD6
:10D50000CFDC0ABECC5D843B96063D3ED1AF473EA4
:10D510000B505C3EEFD7473E4D2C74BDE4062A3DD0
:10D52000C651CDBD3BB1FC3DD60CD53DF0BEE43B74
:10D530002BF48D3D2279363D287941BC47E919BE4F
:10D54000BEFFABBEA3E1623D5E56DA3EF441B63E9D
:10D550003651E63E29903E3E9925E03D63A04BBE04
:10D5600013F919BDA559BC3D28B6263DED389C3DA3
:10D570005B538A3C220595BD7238063EB5F7783E6E
:10D58000C0342BBE2C4D313ED94E043E935F82BE3B
:10D59000E27234BD932EDFBC66EC8BBD0686653D22
:10D5A000542B84BDF04B9DBB9A66423D66B89CBD32
:10D5B00038A403BD9231C63DDE4D323E3C9E663DF1
:10D5C000F7674C3ED3F3C83E8955B03EEE98A23E75
:10D5D000CBBD223E3F8C7A3E6BE5BF3D9C1F0FBE0C
:10D5E00002618ABDEB4B1B3E1C92A3BB2CD57E3E39
:10D5F00022E98C3E90B7A53E5740C43E9474633DEB
:10D6000015E88C3D793B25BD1EDF153DEC44B33C50
:10D610003F4B32BDEEBB683D9C33DB3C54225ABDD0
:10D62000D03CBB3C36E972BD4C21B33C3B5F9D3DD9
:10D63000232735BDA0996EBC8A7B043D682B76BC40
:10D640002E4384BC11F3A93D6140DD3C3637063DD5
:10D650002D2A9D3D398026BD97C7803D61D9893DE2
:10D66000C5336BBD7B0F8D3D8317983DEA19ACBD6B
:10D67000DD8116BD90A282BCB4C90A3DCDD755BD8F
:10D680001CF1103D66AD063D97E38ABD1C0AD73CF0
:10D69000870C1BBC8E461B3D6087B93D95392C3DE0
:10D6A000211D703DA148963DDA581E3EF96C8E3E14
:10D6B000F25B873ECF44023D9FDF86BE5F6D90BE2A
:10D6C000FD0C16BF9FDC9ABE670FB13EA35AC93E40
:10D6D00005E4673E65A8663E430E1D3E2546E93BD0
:10D6E000731CA63D9097B93C0217533D043AF8BC11
:10D6F0001E740DBDEB28923D8DA0883DDC4384BE99
:10D700005664FC3C87546CBCD90EF23C56AF813D4C
:10D71000D28C4A3D22EE07BE7A5F0DBE0C9464BEE9
:10D72000E1BD9EBE985647BE122597BEE0983CBE0E
:10D730005FB077BE44FEE03D3025033E1A8E113FB8
:10D74000AA81CA3EBD3F883E5333D23E5D417C3EF6
:10D75000509A94BDE58638BDDD7F53BD788AC4BC40
:10D76000758BA53D56FCCDBC3A39F6BCA22D90BEBA
:10D7700093E7A53D45DF333CDC3E103D3676E93A84
:10D78000B81EBB3D937A07BE920B28BD2953903D2E
:10D79000B45E4E3D513D6B3D621D0BBC71132DBD02
:10D7A000B07223BEAF00143DE65A063BC4D7CC3E50
:10D7B000E503E33EEF35C03EEAB5BB3E2BF2E33E68
:10D7C0001F299D3E4284443E34F2793E50E750BCCE
:10D7D000A72DA13D25EE18BD254F06BEF722253EFB
:10D7E000252D893E6EA1FEBCD33996BDE90B883D3F
:10D7F00053FEFA3D4CAE03BE3671DABD4FA601BEF4
:10D8000094A925BD1CE4883D00AFE8BDD9D9A0BED0
:10D810008863C3BEE649E0BE759E9CBE408EFB3D5C
:10D82000E64F3B3D505AB83E6D33E13EB1D6103F16
:10D830008B4B023FC8D7943E2120C93C2EEF883E37
:10D84000C098913B08CEC03C94DA87BD696AE93D37
:10D850007337BB3BBA1C2A3D1843B03E7F0CBD3E1C
:10D86000681F003E3665E8BDBE721FBEAFA594BE00
:10D87000800FA3BEC5F0FEBEE4F08EBE2F55C2BD24
:10D8800072E1CEBD6CCC17BD685CD0BBC1AC7FBCB7
:10D8900052BC32BD2D69A8BC3F4EAB3E15547D3FF6
:10D8A0009C02453F2DB2753E4912A93E5B88A53EBC
:10D8B0002BA916BDA2C031BC187592BEC5D9A93E10
:10D8C0002094B73E7E3C083F6196573E2515F13DBA
:10D8D0000A4399BC873759BE14D6F3BE63540DBFB3
:10D8E0003623D8BE817FEABE1977F0BEAA52E6BEC3
:10D8F0002E8A90BE474288BED4CA5FBEDF6D28BE66
:10D900005D2BA5BE99DD82BED5D0133DADB7D13E0E
:10D910001E8B213F6BA10C3E6E22DA3E4E98803E5C
:10D92000A7E041BDD544813EB577F7BD6F3F6E3E60
:10D930008448953E19BCEB3E169B023EE1428F3E69
:10D94000C43F68BD6B7BA5BD3C1C70BE3BA48BBEB9
:10D950001D90D5BE3AEB04BF4E8D16BF3D9729BF33
:10D96000FEBF02BF3797B3BE4DC0C7BEA7ABC4BE94
:10D97000BCBDCABE409A80BE51C991BE5DD2373D82
:10D98000D179B53E1E269A3ED079F53D20E6713E0E
:10D990005077A63D2A70BE3E851F28BD9FB5293E03
:10D9A000B322DB3E1E26B63DAAB43CBC13A21C3DEE
:10D9B00081DE523D289A9A3DAE03323DC7E604BC53
:10D9C000ED48E1BD238E27BE320EC4BEA603F7BECE
:10D9D000D93226BF7A07D0BEDC8B08BFB932C6BEAB
:10D9E000256556BEB1E067BE6D17ADBE484C4ABD59
:10D9F00018ABFB3D865E883ED6D286BEC4DF3CBEF9
:10DA00008FC1453D6727853E6B0AAC3E04BFF63C9F
:10DA10003D61B03E9C8CF03C31C8E7BD3201DE3D3B
:10DA20001C81863E3CB1143E4FEA3D3EABF6F53ECE
:10DA3000912C983EEF36C23E5530053E4F47BEBE54
:10DA4000E1E2C7BE6E2EBFBE04749ABE33698EBEBD
:10DA50001A9325BE03508FBDB69735BE212A3EBE10
:10DA60001FE4F03DD3A7423E4C131CBE335D553E30
:10DA7000A1B51A3B4C1F5F3ED053043F8956313D40
:10DA8000877D203EC7F11B3CF4DE97BD75349C3D7D
:10DA9000DBFDAF3EBAA3D93E6D76F33E9CC8C83ECF
:10DAA000C6B4103F39D7413FF44EEF3ED7F30C3D9B
:10DAB00042821ABEE3B6F8BDEEFBD9BA3E9BABBDBF
:10DAC000BCD114BD55877EBDC289B1BD8D0B39BE99
:10DAD0006F85BA3EE2779B3E57D5513EE40F6CBA54
:10DAE000A6E0083E2E77823E0220C53DDBA8B0BCF2
:10DAF000FA54713D907808BE8BFDEDBD8370DD3D1D
:10DB0000CC7B8C3EF2D3053F426FCD3EB0FF6B3EE7
:10DB10003D4AFE3E20B5073FDD36FD3DC1956FBA5B
:10DB2000978F0DBDB7CA8ABDB2E0EEBD6F49DEBDAD
:10DB3000CA08A1BE464551BEC627B2BE5D700ABE28
:10DB400086FCB93DB6129EBE36ED1ABEFDD090BC25
:10DB500030DD133EA09DA23E801BACBDD5CC4CBD9C
:10DB600049803ABE043BCCBCF164163E34D2833EBD
:10DB7000103CE23EA431B03EDC5CDE3E3F980E3FFE
:10DB80004D312E3F3755183F1FAF0FBD135988BE7B
:10DB900032D08DBDB6F501BD7D2EBEBDA701C9BE7B
:10DBA0006460BFBEB19A3EBE85478FBC85D6C8BDF6
:10DBB0006060DC3C3F3B763D6AA1BD391D74A53EEB
:10DBC0007F2CB53D3B3759BD3D0A693EFCED8CBE0F
:10DBD000B532B3BD5263183E1431ED3EC928653EDF
:10DBE00035E05D3EBE73853E69F99E3EF5A6993EE1
:10DBF00029E7CE3E69BF95BDE8400BBE488BA7BD67
:10DC0000696C8ABD29A2E2BC461A02BE383E5EBEDD
:10DC1000E1CF4DBE69F228BEED9D0C3D11D88A3E84
:10DC2000FF1EB03E0511843E9A4503BE70E1F4BD6F
:10DC3000230F9C3E6C83383EDA92D83ECCE109BE7D
:10DC4000EF70B63DA49EA73EE566B93DFB111A3EB6
:10DC50002D29263EEDFBAB3E51D08F3E454B903EED
:10DC60009BE95A3EF6F960BE55D73FBE55B562BD39
:10DC7000A1421B3D0E1E063ECA48BDBCD5ED13BDDC
:10DC8000A0FB24BCE69D1ABED0F4C93D24E3063FA8
:10DC9000FEA6D83EF9ED603EA09500BF5BF589BDBC
:10DCA000E5618F3EF0A4673D16D6193F57D9853EF2
:10DCB000E7D0C6BD8914463D89F4133EEFA87A3EED
:10DCC000203E493DA37E6B3EC5715C3E502B113D0D
:10DCD000B4EAF23D926EC8BD9DE38B3DDEE5AEBC7D
:10DCE0005D3B95BD8222FFBBEC342EBEFAF2073DB0
:10DCF0007735583EB6671A3EC8FEC3BC604EE63E56
:10DD000040F1B03E5DF3203EAA719BBD2D651BBE68
:10DD1000359532BD47328A3DED15883D1FA862BD5D
:10DD2000710DD7BE70E747BEDCAA9DBD9FCE0A3EEF
:10DD3000492AB83DAEBFA53D296E53BD4B36F8BD4F
:10DD4000C0C1E9BD5E610C3DA356DC3D802EE23DC5
:10DD5000D73BB0BCE3ADFBBD3A8CD53D6089D93E25
:10DD60003E03BF3E70279B3E056E89BDD8511B3ECA
:10DD7000F4BC963EAAC7B43D43629EBD8E258ABEC2
:10DD80002C3380BCD03CEA3C95419B3DE2B6B9BE09
:10DD90001447CBBEB3A80EBBA890293CC40AD83CFC
:10DDA0001EED1E3D9A02D43DA255453CABDFE53C3D
:10DDB000B70883BE023088BB05E7143E3AF472BD53
:10DDC0002D3C48BE556E04BECB328A3EA24FB93EB2
:10DDD000C475D83E350BE83EA120893ED471933EF0
:10DDE00093453E3E13AE363E93D564BDE48504BFF5
:10DDF0000D65CDBE097CA53DC73CDB3DAA7FDCBDE2
:10DE0000D3D5AFBD654CD03DDFE583BD9F5E02BC81
:10DE1000AD0956BC1C3FB5BDDCFE23BE037EE3BD91
:10DE2000A096943D81DC153E17DBC73DCA76883B42
:10DE3000E74201BE8BAB0DBD28943A3E4669203EB9
:10DE400082989E3EA681DD3E1588533DD520703DCB
:10DE5000FD2204BD470B71BD205AE0BD9741BBBEFA
:10DE600077741FBDDAEBE6BD1CF1AD3EA690A23D76
:10DE70001DAA153E2318003BAACF06BDB29DB3BD17
:10DE80001CC8673AFD5A84BD310D163DD906013EC6
:10DE9000A4E612BD30AD88BD3286C03D05BD223E30
:10DEA00055C0AFBB7EFABFBC6E3C23BD006E603A6E
:10DEB000939BCF3D4CF8C53E98ACBABBBBE403BEC8
:10DEC000121956BE3A1365BEA2BCD4BEE8889BBEEA
:10DED00030928D3CBBE290BE9323283E7B53373D6E
:10DEE000091E0BBE32A6B3BE6C7680BEED8B05BE9E
:10DEF000D38BCD3C8E8AA13EB33A0A3E9D50C63D9F
:10DF00004B4A103E4D8A2FBC0A20763E1180013EBE
:10DF1000A2BF393D58CDFA3D0D7E2A3DA2538DBC9E
:10DF2000DEB888BDA4B3163EE119E8BD025195BE26
:10DF3000808DBEBE3EDA07BD86ED9BBEEA23A33CC4
:10DF4000F895893D66F9EB3BE41F8FBD50A58DBE6A
:10DF5000FC71DFBEF655A8BDB18DFABE91B0C3BE4F
:10DF600043FA04BD691C99BD700B893D440B673EA3
:10DF70005B7E163E7502543D1E84EC3D0020393E0A
:10DF80001D5F0F3C86942A3ECADE243E57A6133EF0
:10DF90001034183E18BFC83D226DA23CEF2D73BE51
:10DFA0000E607FBE9D58063EFFDFAA3E815C3ABCF4
:10DFB0003130F5BCB5659E3D1ACD36BEEB06FFBED1
:10DFC000D23AD0BE25EBD2BDEF91ACBE01E68CBEFD
:10DFD000421979BE60F6E7BD93CE63BE05D67F3C9D
:10DFE0004C99D03C7046783DF62432BDDB173E3E5E
:10DFF00094781D3EC2F1203EF6AC993E654A7D3EC6
:10E00000ABB3CF3D900E153E7DE498BD3B8A8CBEF0
:10E010007F3AA0BE019B943E34D8BA3E0E5CF63CDB
:10E0200020DA943BAEBB453D82BF3A3ED3B7823E39
:10E03000E84B1FBD91140B3E86CF893DD4202BBEEB
:10E04000B436F3BD096A1BBDC65BF9BC2D7078BD43
:10E05000233B89BDC9268BBEF4EAC3BBAD0A0A3E89
:10E06000B1432B3EE920703E8821953E3B73013C35
:10E070003F8CE8BCF71382BEEBC40FBFEDB599BE71
:10E080009628B7BE256D783E0696EF3EBA9AC8BC74
:10E09000B0C072BD51CD9C3D5A1B213DC12FC03E29
:10E0A000BB1279BDBBC4A73EA6AA3D3ECB28A83C67
:10E0B000E783D6BDF2649C3CFEEAEEBD22BD1ABDEC
:10E0C000582581BE0C03FFBDC83FDA3DECA63ABD22
:10E0D000AFC9AD3D7480863E4BDA513EED9A01BD2D
:10E0E000453100BE1D9699BE41D97DBED23472BE67
:10E0F0009D4916BF7BD1A0BE0B2B993E9E25673D47
:10E100007421E5BCDA2B05BD3279A7BD8039D23E3A
:10E11000E4B3A93C3CEA02BE185E2BBE42C68EBEEA
:10E12000B114C2BED65FE2BE1B8473BE2FA65DBE15
:10E13000535195BE2541BDBE610A9FBEA2CC66BDAE
:10E1400014B512BD68A4CF3D7AD8B1BD0B6593BE9E
:10E15000F4CED2BEAF35A7BEFAC3AABE27C8BA3C1A
:10E16000D942AFBDD9DE26BDEB519A3DDA4F083D0D
:10E170001E5737BD3048A0BB1C05F2BCAAA8F3BD92
:10E180003E26A5BE478F09BDDBA68CBE587AE3BEEE
:10E190002A76B5BE944EB6BE655C8EBE34D1ACBE9A
:10E1A000FAF51ABF4F9715BFFC551CBFE961BFBDFB
:10E1B000C7F88EBE6F79D9BE71C796BEE4EF12BEA6
:10E1C000537CCEBE9E52F4BE5733B6BE3C4801BF10
:10E1D0007A147ABE91DCBE3D3A91DCBCC0EE373B8E
:10E1E000C7CA923D004BBDBC00988ABA580218BC01
:10E1F000E1EEB83D5226AF3E01B182BEA6EF4ABE67
:10E200001C7886BE18FE5BBE6C48FDBD3E6889BEAC
:10E21000C67EA7BEA61FD1BDA3850BBFC79EADBD41
:10E22000A599EF3C126A15BE86547CBE746A7EBE08
:10E23000EB4261BE0D464EBE096F313C15C8733EC0
:10E2400020B4B33B46783C3D2CB74DBD97C56CBD63
:10E25000B0C9A43CA41787BCC0CE86BC9A569ABD50
:10E26000C0244C3CA8D582BCA05C44BB60C2AB3B84
:10E270003E0C4B3D5A8C693DFC0ED63CC8D04E3C02
:10E28000DAA522BE0BE821BEF5ED7FBD702C35BDB1
:10E29000D8F59EBC9DB48A3D82EE01BD203BA13BDA
:10E2A0002180A13DF0F1A53C30F985BD3966A23D44
:10E2B000345978BDC4F2C9BCEEB6213DBA272C3D15
:10E2C0008616463DF7D4A2BD96C660BD0D21A7BDFA
:10E2D0007607B5BC6977BABCD3C980BEBF83B3BE6D
:10E2E00077236FBE52819BBEB6D295BE04B73FBEA8
:10E2F000533DC3BE69860CBFEB11FD3D7D52F1BDA0
:10E300004D03FABE9E87F6BE17561FBEFFCCB8BEA1
:10E3100029E6DABE7B6E34BE5FAA8CBE61DF85BEA5
:10E32000DEB8463DC85E73BDAAE8283DD63D5ABD5D
:10E330008C51E93C6ED471BD6364C4BD75D902BE15
:10E3400005F2DDBD31A237BDFD7DBFBEA69C07BF76
:10E3500091D12CBFC20F37BFE36C42BF29121DBF42
:10E360000C99B4BEE999F43D5B1CA9BE39D1563D68
:10E37000A6D919BE012547BEDE49473BAAFCBDBD53
:10E38000DBEB46BD7F4186BE7F1027BE3298D6BDEF
:10E3900088DF8FBE3FFA84BEA41CE13C4029F63BD7
:10E3A0004F20813DE05FDF3CB35FCEBD7473CBBED9
:10E3B00016143FBEFC0865BD54F3A8BDFF9D2DBEDD
:10E3C00087B279BEA7D159BEC57250BE8889C4BE76
:10E3D000D51739BE9CC284BE053788BEF09BE3BD0D
:10E3E0008E8916BE449521BE1075433E89CE43BE2C
:10E3F0005377ECBDEE478D3E7FBC863E9B8FC63A81
:10E4000030F40CBEAB7C27BDFC4A62BE9C17BE3C00
:10E41000185888BD8295E63B809DFABD0C821E3D52
:10E420003C04B73DCDFA1A3DD30D0CBE82D0C2BC20
:10E43000CA1BEB3D5E7B1B3E4F23D4BC74F5293ECB
:10E44000B3A7F33B0A6531BEE16905BD9279583D3A
:10E4500052075C3D698543BD6E37033EA8A6A93DC2
:10E460008E5CD53DD460A33EEF94533DB609BEB952
:10E470006386A33E663CCB3ED9CE893E84BE98BE21
:10E48000E0362D3B4CCB09BDB3A817BEF3FC59BEFB
:10E490001ED93ABEC177BD3E2168613E49A1993E71
:10E4A000544B313E56179F3EDDBE163D28DB1E3EC7
:10E4B000BBB1983DBA83963DFE22A7BD42F02EBD6A
:10E4C000D6DE0D3D4F7E7ABD730C81BE7C3741BEDA
:10E4D0005E6BF3BCA8A42DBD4DA7263C655F6BBE4B
:10E4E00063B0AC3D7C805D3E5817A9BDE0DD8FBDBB
:10E4F00068AC64BDE34E47BD4C56CA3D7070B3B7BF
:10E5000097320EBEA4A72A3E974E063EA37A1E3E21
:10E51000A81F943E4DED1A3EEB40BB3DBB4EFC3D6B
:10E520006701693D02C0AD3B383111BE81E0DDBD00
:10E530008E77B0BDC0F4E53D52B805BEDAC40EBD5D
:10E540001A8B993D1D9424BE6BE4DBBDCB0606BC43
:10E550009FE62D3E039D183E81C1913EFE6C02BE9A
:10E56000B9DFACBB672CE93E523E2ABC319F123C5E
:10E57000A5A34ABEF985893D03F107BD440A8C3E37
:10E58000EE48883E73D9A73E24284D3ECF7E083EF4
:10E590004362F43D16CB633D24A3B9BDFF5EA03CAE
:10E5A00036C2EB3DCCE2443DA917EC3CC810123E0C
:10E5B000B853273E6BD37ABDFCAD03BDD5851A3C5D
:10E5C0007CA7C3BDECF9EB3D65058D3EFCFF29BE84
:10E5D000D92488BDBE9BC63E50233FBDC97C633E47
:10E5E000874E3ABE5520453E2C9E943E3DB1C03EDE
:10E5F0004728C83E60F9953EE4A30F3D7592C63D9D
:10E60000E042BE3DAD37143D3FF2D8BD4A01A8BD42
:10E610004E1532BEF004C0BDDE75D73D6DE1E73D5D
:10E6200041C6C9BDB6E019BED46E24BC86AA58BC8A
:10E63000AD41A53EC2C90F3FF40ECD3EBC66933E30
:10E64000E5F513BCC77DCE3E63CF0CBDF8EE5F3D54
:10E65000B65ED73D7E920C3DDD0D9F3E3FD2BE3E65
:10E6600050C2D83E52C0763E6C0B063E5661813E8B
:10E670001EE3613E30FEEE3CC2A1893D361F0DBE59
:10E680006996E6BE10E84BBE54F416BD1FC07DBDB2
:10E69000073E5A3D5D3C033EE1D8583D547E0F3D58
:10E6A0005D556E3EF8F9283F40382C3F1845013D36
:10E6B000A1FE863D93E3C73E1C2C0DBEDD3443BE58
:10E6C0000CA2913E8DE068BD8D542E3E0108473E60
:10E6D0003FCB913EF703623ECBA22C3E98CEF73D56
:10E6E00033C4323E69F3803ED300323E4398193D35
:10E6F000C27522BEFC6DB2BE07C50CBEEA33DFBCDC
:10E700009417C93DA6D4CC3D13D3E43DB7BC6BBD33
:10E71000D1EFB33DACC9A93EBF97B13E29570E3EDC
:10E720008902543DA735763E75BC883E53170FBE0F
:10E7300081EDB03D2C6AE53D21B909BD0901833E5B
:10E7400022B43A3DE303363D7CF3BC3D5C2E0C3DE8
:10E75000E30CF83D7CAF643D5400DE3EC320F43E44
:10E760008432DE3DA4EB633D0E2E92BDEBBBA1BD1A
:10E77000BFA623BC995DF73B707484BA1CAA9ABCEF
:10E7800023D4C7BD38D3483E614F273F5A7F913EBF
:10E7900041F7CEBCB71EAB3E26A15C3EFCBC4EBED4
:10E7A00062F5C23CE346613EAC42AABC3BDF7B3E25
:10E7B00029DDA53D5911053D6DF48D3E0C64163ED5
:10E7C000355E36BD2B8178BD0BB5C43ECE280D3FDE
:10E7D0003241A63EC937B53B648912BE2747C73BC5
:10E7E0008540303E8090143DC9B20ABE03FBE3BDB4
:10E7F0004C5C02BFF2DDBEBE16D51EBD6819B8BDA9
:10E80000C2B2DEBC2E2E393E7CC1AF3E30926ABE13
:10E8100093DCA3BD544A703ECA40E93DB5FD193EA4
:10E820003DDE833E38768D3E3E03353EABC12A3E0B
:10E83000D945A4BB9BE593BDA4CBA53E39DD023FE2
:10E84000188FB63E23A389BB3DF389BED98AE4BDA8
:10E85000F4606D3E9D33DC3D3FB4033D64698FBE83
:10E8600049F8DDBE76EA03BF6BA50FBF0E3E71BE51
:10E87000AA248D3E89CDAB3EC2F10C3F7325B93D34
:10E88000CD2C62BEF68BBB3D378237BEC36272BEF3
:10E89000C912A33DE81B843EA9ABA43EC947413E33
:10E8A0000F32D13D4F10303E42B1CC3ED540F73E05
:10E8B000DD29C93E76EB093EC8D038BE807A0F3CD0
:10E8C0009F7100BEB8BC8ABD1CD050BEC1F146BE0F
:10E8D0004558C5BD24B1EDBE6E601DBF119F4BBE36
:10E8E00009861B3EF595733E9DA81F3FB1B6F4BC4B
:10E8F0007B23C4BE4C9303BFDECD88BEAA96B9BEAF
:10E90000CDC231BE6CD2C63DE860D43EC031BE3E01
:10E91000C0129F3E96EA793E1C39D33E8C90673EEA
:10E9200093DC943E5731963E07732F3E9D2A1ABEC4
:10E93000896A37BE62E8D6BBF3DBA03DDFFE233E2B
:10E94000F5A2183C821645BECD7E80BED25232BEA4
:10E95000AA6F56BD9C225F3EBA6FC23CEFD277BD14
:10E96000F65221BFA8DA34BF0710F2BEB951E3BE98
:10E97000E73E8EBE1CC6BCBDA06C023D786C9D3DC2
:10E980009C3B863E77A4733E747C7D3EDC8DC83E06
:10E99000A8B6843EA0CCF83CA89D893B6CEB44BE55
:10E9A000345628BEC761C03D8A683C3DF0B68F3EF4
:10E9B0001D062C3E83E04EBEB38BD2BC4FAAC4BE14
:10E9C000397546BD1904F73DCFFA24BED73739BE95
:10E9D000B4C6CFBE926FC9BE5A69B1BE6DDCD3BE9C
:10E9E000A57809BFA98218BF358024BF974EF9BE0C
:10E9F000BF1B46BE6BCEF5BDCA485B3EC11BAC3EDD
:10EA0000C4952D3E9DAE3ABE7B882ABE2D954EBE46
:10EA10008836143D7CFC6E3D917906BE362F5D3EF6
:10EA200057284E3E28EF9EBEB89F873C3167CBBE2D
:10EA3000FD620F3BA07C5F3D60719BBCBE6690BEDB
:10EA40007E4807BEA7DAB2BEA089AFBE238880BECB
:10EA50002D5D96BEBEC116BFE80435BF619E22BFC4
:10EA600090D419BF2A0637BE38BCBC3D22AFC13C8A
:10EA70007C670FBEFC6E69BE5D39A8BEE32D993C74
:10EA8000CBF6383E8211A93DE56101BEAE39B13DFC
:10EA900074B98C3E525498BE3B13833EDFF006BFE0
:10EAA000FF1C2C3D0C93C63CDBCA7D3E00CDA3BBB6
:10EAB000BC10F5BDBBD033BE42201FBEDEDFBCBEE6
:10EAC000423D5EBEB78D82BE4545EBBE30EC28BFF1
:10EAD000EF3BFBBE722E8BBEFD1F89BDD031D3BD77
:10EAE000A16AC5BD8A8D6DBE6AA790BE331E34BDB6
:10EAF00003830A3ECA2D273D81CBB9BC59236A3D09
:10EB0000DA90A43E7D3B96BEBF99E2BE087AB9BEBC
:10EB10008090BEBBCE8C293CBD2E963EB3E21CBE7F
:10EB2000F98CADBD8F0687BD39A6AB3D53444CBEB5
:10EB3000641D7DBBBC5D9C3D5C8F0BBEE7FB6BBE6B
:10EB400067CCCFBEB44D3ABE52958FBB1F3A233B24
:10EB5000244455BEF11718BE79FC9EBE219704BE11
:10EB6000B11B62BEB1DC97BDEF95E83D72C3893D34
:10EB70004187DB3CD45043BEF803A5BE6C169E3DD6
:10EB80006C879B3C632DC9BCD0C7953EAE21BEBEF1
:10EB900088585E3DBED00F3EC6E0AB3DB80D2F3E5F
:10EBA000F2D6463DD9FC863DE63594BCCFD235BD84
:10EBB000CDFE11BE63652E3D67BB103D8741D93D3B
:10EBC000FA6059BE156E2ABE1AB89BBE6708CDBE44
:10EBD0009F1CC3BD16A0173BA6C893BE1BE137BE42
:10EBE00021A51CBEBC84A0BB5A16C8BE335F12BB95
:10EBF000DFD368BDECF33A3D91C46A3E9E8623BCE8
:10EC0000775B0E3E0D6F393E380E463E2D67393E1E
:10EC10007795F03B749940BDFDD7DFBDABFFACBD30
:10EC2000CFC68FBD5C8204BEFE4A66BD873FDBBD9A
:10EC3000528F82BEAC4E4DBE91FDABBE6956D2BD69
:10EC4000756586BE298970BE594C7DBEB28B2ABEC1
:10EC500086964EBE0296A7BD1E633F3EB650513DFE
:10EC600061024CBD65C9A3BD2A7373BD60FCB93E8A
:10EC7000D001A53E99669E3E7A802CBD4B427F3CDA
:10EC800063C9F8BD17C14CBEF31E14BE2F7D2ABE4A
:10EC90005FD129BED0DB09BE87EE27BD82D512BE6B
:10ECA000E8587DBD9AA36CBE03FBB2BE0C1AADBE84
:10ECB0001B2D8EBE989C6FBED95AA6BEF3CB843D49
:10ECC000D545BBBD38997CBD253DAD3D008774BDA4
:10ECD0003012F63B003E30B9AB27883EE608AD3E29
:10ECE000E561083FEF98A93E39E0833EB3CD2E3E63
:10ECF0005A853D3D5D908EBD0E17B03DC1C0973E1B
:10ED0000329C573E5519723E20C327BD7B0C953C63
:10ED1000A0519E3B161C9BBEF94718BE135C993C44
:10ED20003D187BBDA26E38BEAB3A86BE2BAB57BE3C
:10ED3000262908BF54C800BFFEAC47BE62514F3DF4
:10ED40009C00DE3C80D6143B7624E8BD09A4C13E7D
:10ED5000F3F2003F698F433F025D413FF7D3363FF7
:10ED60006AC3573F181A7A3F9FDE423FE385AD3EA4
:10ED700024DEED3E3F7FC83EBD17163F6154493F3C
:10ED8000C831443F19AD2D3FA5F1273FBE3E853E1A
:10ED900063F312BE8FE8EABDECA09CBD770049BECC
:10EDA0001D579B3C522464BED86A21BE8988A2BDEF
:10EDB000F5D99DBD43CC9C3DD87C44BD41BAEABD4C
:10EDC000332453BE89B837BE400213BE1D032E3E06
:10EDD000EF256D3D9B241F3F537EFE3EEEFAD13E54
:10EDE000E7AE683D7D8DFD3E6F4B033F5F493D3F84
:10EDF000AC99593FD5B4163FA621DA3DDEDF223E5D
:10EE0000EEBEADBE082586BE595A083E704E4BBEBA
:10EE10000E74BBBE39D7ECBC838C803D02661A3DB4
:10EE2000EC60BE3C5E01703D0F21A8BDDC96A7BC26
:10EE300007C033BC2CDE993C79955ABE8B1EA6BE0A
:10EE4000C53488BEA1F181BD4688903E7BB0773E37
:10EE500002EE87BDD6B6833E9081CC3E6CED093F75
:10EE60008BDC043F7F4C203E174ACABD38089A3ECF
:10EE70002BC2E53D2583AC3EA70FA33E384DCA3ECD
:10EE80008C448E3C828B8EBD14F9C43C8054D6BC1D
:10EE90004E274C3D519384BD1009983C60AC9FBCFB
:10EEA000347C8F3C128735BDE6089DBD26F5333D89
:10EEB000003A94BCCAD8653D0A359ABDA37F853D0A
:10EEC000425F423E44F0423E14EB963B4F995ABD9E
:10EED0006EC9103D10A09EBB291400BD3A306C3D98
:10EEE000447883BD3E2A243DC43F263D93EB33BD89
:10EEF000A6B1513DE0C15ABC003C26BAC9F53EBDA1
:10EF00002D1A823D4078D6BC926131BD3F0767BD66
:10EF1000C4F02E3DD1D6CC3D061C413E032CAC3E68
:10EF2000A8A7AE3E1733553E06A9803EF3AAD93EA8
:10EF300062FC0D3F06B21E3F63F93E3EF860053F9E
:10EF4000BCBDF23E89ACCE3EF9A3A03EB92FF93E3E
:10EF5000DF98173F8ED4EB3E2B3A9E3ECB14203EDB
:10EF6000BDBF87BDC01E36BB00D9DC39D2790E3D8E
:10EF700074CF42BD01B9803D7FCCC7BC2BC45A3E83
:10EF8000E4C6033E7105EC3D9098B13E1740FD3E4E
:10EF90008FC32A3F39DB413F81931B3F3979DC3EE8
:10EFA0004AFE813ECDC7903E4E412D3FE611EF3ED9
:10EFB0002BD09A3E166C923DA00838BE144BE6BD8D
:10EFC0002FE314BCB4F3743E11D5D23DAABA063E69
:10EFD000C17F0B3F426ABE3E405987BC2CAB013D0E
:10EFE0007E9137BDF8169CBDA04BDE3DE08E903E75
:10EFF000406F6C3E41BADCBD3820603DD11FC53E3C
:10F00000D82F033DE250023EC394A03DB7FB0E3C17
:10F01000A7FE85BD40A4783E15D58A3EDACAF23AED
:10F0200008FCDE3D258B2A3D5FD24CBE5CCFC2BDC5
:10F03000F1EE9ABEA0D6C3BDC135B93DC313873D1D
:10F0400030BADD3C6A3BB03DF3A0993E8873B53CD5
:10F05000429F583DC22E90BD1B44183C44461EBEE4
:10F060009676FDBC65AEA43D7F38DC3D0412B9BD8B
:10F07000F6AE89BC6EB911BD6F23EFBCB1D30ABD2A
:10F080006250A3BDB4D42F3D5B8FFABD650A93BE19
:10F090007C4D6DBE04F7B7BD88CBD1BDCD99FABB11
:10F0A000C6FB7ABC4C161DBE2482ADBCD237593E7D
:10F0B0008841A8BEE99F4EBE9E78493E46B6BC3EFA
:10F0C000002F9ABB38F5F83CDEA1963EB58BBBBE4F
:10F0D000D1D5703ED7E875BEF099F83D1EF923BE34
:10F0E0004E25B8BD3D36B1BDAAE64E3C538B3BBD67
:10F0F0007578043EBA467C3E41F2D13B8F155F3CA9
:10F10000995973BE19D18EBEE18B74BD2C6428BE93
:10F11000AF3330BE7A57F23D4B1FA7BD938DA9BCCC
:10F120009A4D0E3DE1272B3DCCBE42BE3EB41FBEE4
:10F1300080A03F3AAA6B8EBE010A7DBE9294F8BEB3
:10F1400023C5F43D084906BF5FB334BDC42023BDC9
:10F150001B5C69BE64EDAEBD4556AABD0003E4BCB0
:10F16000274757BDD7C3B9BD51AE93BD10492B3EFC
:10F17000E80B963D76FBFE3D14D0B43CC9F942BE87
:10F18000D33194BD9047653D6DB193BDB00188BE4C
:10F19000417899BED204B0BE354512BFB507043DD3
:10F1A0006239AE3CFD18F5BE82D956BDE6ACC4BE90
:10F1B000DFBA153EB25346BE8970DB3BA6E1CD3DBA
:10F1C0009035EB3D3E26DEBD2A5FE4BD28CE39BE3C
:10F1D0004B486A3D5A7E25BDD095BFBB0058D63CF2
:10F1E0004522F63DA5B92A3EA3F7573E648A503C16
:10F1F00054ECC93B0437FF3D664F633CCD483DBEF0
:10F200001B4DCD3BC9019EBD7A7133BED146E23C58
:10F21000538E89BCD117EABEE39268BDD0E567BEC4
:10F22000E0F71B3DC26512BE7DB4B43D97AD373EDD
:10F2300008FB6FBD543840BDB53DEFBD577D79BD6E
:10F24000B5B1D83DC9133D3E0AD5BE3DF729C63CF0
:10F250004CEDAF3D0DD7523EC86ED43D970F913E59
:10F260002552B03DA8A1903D91EB57BE46DE35BE7C
:10F27000085918BEBDB714BF9B8C81BE9BB453BE4A
:10F280007F15C3BBBAAFAEBE3AACD33D4BC5843ECF
:10F2900048CE4F3E73A3503C688D1C3ED124E53CC4
:10F2A000093F4FBEBD11E6BDFEF5AD3D60A3A63DD5
:10F2B00043F1303D80B3333DBC3FD43DC1F3273DE6
:10F2C0009D48E4BD4D341CBE8545873D83DCA43E8E
:10F2D000C2C6A8BD596FE5BD1F4816BE78C90FBD8F
:10F2E000E82B95BDD11110BFD34D0BBFE4EB44BE4D
:10F2F0005091C7BCADD95DBE3402973EADC44F3D01
:10F300005F0FF23D1908C73E7447EB3E4779B93DA0
:10F3100098C5E3BD19C9B0BD9A369D3C5E723E3EAC
:10F32000A6A1FBBDE64D60BE722F1A3D78A935BE81
:10F33000933A87BE0B83A3BDABFF3B3DE7C54E3C75
:10F3400049E00EBE1FE72E3E5E43A13DC22D9F3D0C
:10F35000754D7CBE54AF0ABFEE0F6FBEC8DF05BC53
:10F3600040F3AABDCDE071BDC32CCBBD8A40ACBE7D
:10F370005A1ED9BD8762B03E9D93C03ECC28363E12
:10F380000FD934BE55A15BBEDA961ABD13A5F33C66
:10F39000C11569BE0A5A2FBEEE32A5BEDFEBE4BE30
:10F3A0001C1CA6BE9058E4BE49B833BE7187A33C6E
:10F3B000AA90D13D6902BE3E7930A83E968DED3EC1
:10F3C0008057623EEA28AEBD2B8D9FBEDB383EBB28
:10F3D00008344CBD981F9BBD3D37483DD6C6A2BEE4
:10F3E000C3DE393E3A0B3C3EDA4FA63E3B3318BCF7
:10F3F00048164EBE8E18FC3CA4C09BBD704DDA3C36
:10F40000EDD81DBEDD0579BEC12575BE98040BBFC4
:10F41000D47BD0BEEFD927BEEC429CBE6C38143DE5
:10F42000765E4B3E5AE6CE3EDC0EA93E86EC213F90
:10F4300017E7893F6BEAE53E7ABB82BDA7B5583E28
:10F44000604F083D7C511A3DCDD382BE5599A3BC77
:10F45000DBC1A23D01C19D3DC178A13E89E2523E82
:10F46000F05D803D80DAD23DEA1E9C3D4539C43DC9
:10F47000972FCABDF3EE16BE4B735BBE43178BBD11
:10F48000FA6092BEABBD6EBEB9B31ABE2D602BBC86
:10F49000EF9BA2BC9227F93C2FC6A63E39FAC93E83
:10F4A000456D1F3F37DE0E3F9C8C133F9787B83E5C
:10F4B0007CB45FBEB39685BE23BE3BBE5237AE3B27
:10F4C0009B5B88BE96A4EBBD9C2B6A3E1C86DD3EF2
:10F4D00074244C3EEE986CBDC3A7D3BBAC3F04BEB6
:10F4E000A45C76BE1F8DBDBBE8A8F03D3A3ED93D79
:10F4F000E44886BEF08691BE88915A3CFD57713D26
:10F50000D3AB463CB9FF1FBED01C5D3D4BF1BA3DAD
:10F510004116233DE60A973EE4D4043F514A913E0A
:10F5200088AC42BE84D13DBE116422BD6F30253D02
:10F53000ACFD45BEB0E379BB7A7A533D17A66F3E6A
:10F54000FDD1D93E753F073E9F30BD3C9837CB3D3E
:10F55000CC8DC33B78C31A3E466C853E5576E13C64
:10F56000C5BF83BDDB1D14BEE5806F3DDF3DB83DEB
:10F570006903D0BDD74F5FBEC8F28CBEA40193BE55
:10F580000DD05F3EB35BF63E8BB79C3C2237673EA7
:10F59000F98D94BD182985BE228DC63DBC3A763DB5
:10F5A000793AF0BB7933003D719BC73D1A6AE5BBE0
:10F5B0006892363E04A29A3ED538AE3EA60BCB3EAC
:10F5C00078306A3D40203F3DE301453EF80011BEE2
:10F5D000E08B96BD388243BDB5C988BDC6C36DBD3D
:10F5E000C73D3DBD77691E3D8B2257BDE2FE12BE71
:10F5F000E694CC3BCDD53B3F1F0D8A3E9591EB3E2B
:10F60000488258BCA13235BE63E9E13D6910DCBDDA
:10F61000EB6B50BE3F2ABBBD154A31BE3CC0E1BDBD
:10F62000DF99613DA7DA373EC273153FA642F03E2F
:10F63000FE660A3F2F3C813E2AE16E3EA85BE3BD99
:10F64000A545B3BE2A3085BE51F2E0BDFB4B2C3D33
:10F650009F41473E7DFB183E5A7E283E811FBDBD1F
:10F66000A783603E14945D3F67B3633E982DEF3EE1
:10F6700018EAC63D63260FBEEFDC7EBE709A08BE58
:10F680003CB45FBEC24160BE56E6B5BED7042FBDD6
:10F6900001372D3CB2E3C43D5CF29F3E7609B33E98
:10F6A000DD2BD33EAD08F53D789A55BA708BAABED6
:10F6B000311490BE5D1A1BBE1D52063C7E6450BBC9
:10F6C0006C86CD3BC4BCDF3D0C8C023E911B813E61
:10F6D0002FB4123FA8E0743FA702A2BD7FC5A93E88
:10F6E000626E72BDAC6A3B3E9BB5A1BE3CB4D9BE56
:10F6F0009B90A6BE386C09BFDEEA93BE71BF943DF5
:10F700007F49E8BD5706863D73388E3E45EDC93EBC
:10F71000EE01B03E488D683E7F3309BECCEC34BE6E
:10F720007D4E1CBE74130FBE526D43BD5B9438BE3C
:10F7300053476E3DBFACF13C55438B3EFCC3E33EAB
:10F74000330A0B3F5D12FA3E4729A03EC92FA63E61
:10F7500086AFF1BC0ED2963E5044183E0C2CE03DD4
:10F760003A8E88BE1595C0BE6C6F36BECE90933D66
:10F7700086A148BE6322AFBD64F9393E618DAF3EBC
:10F780003F56BB3E64469C3EBF6B5DBDDB444DBEF9
:10F7900073D567BEDAB765BED2382BBDD2C58D3DF5
:10F7A000B0B79FBDB58D0C3EA781403EB2831F3FD1
:10F7B00017456D3F83C6373FB750AC3E9ADA5EBD02
:10F7C00083B0B53DCBAAE53D38F3653E9D40EA3EAA
:10F7D0009F82283E92E89DBD36338D3DDB75373DD7
:10F7E000EADDC9BBBE56533E31908D3E4032843E69
:10F7F000DA29393E3236F83DE4F5243D14E703BEFC
:10F8000067BE20BD78F461BE98CC22BD93DF093E6F
:10F8100084DAA8BC8632B83D2F82E03E7493793FEB
:10F820003B876F3F3453103F7B77D23EC215833DF9
:10F8300045A7973DBF95C13CCC08573E2A38B03EFE
:10F840004ACD983EF2ACD03EDBC5B33E7F02803E4F
:10F85000A14DBE3E2791B43E35C1903E25B92C3E08
:10F86000959AD13D4A63023E0E14AE3C03C16FBE71
:10F87000E4BF92BE06ABBFBE830871BEAE5F89BE59
:10F880005E26803D4D596A3E7F19503E48CF443F29
:10F890007639453F30DC143F8D4420BEBAB0293D57
:10F8A000CCCC0D3D6E902C3D046C94BE216BA6BE5D
:10F8B00046AA6BBE55856B3EBB37AE3E028EDE3E22
:10F8C0007E83DC3E32FC9E3E64FE563EA5E2523E06
:10F8D0002AC5203EB9CB8C3D5FA744BE5BB493BE26
:10F8E0006A7B58BE927E76BEA98A99BE7D3A2BBEAF
:10F8F000BA840FBD0DCA883EF8A4493FDAE6363F08
:10F900002176183F69F6963EC72244BE48E4A13CE2
:10F9100070F882BC78B0613C702F2FBE0C0913BF09
:10F92000817EACBE8ECB003EA106323D7C8BA33DDA
:10F93000F86E083E4F7BF93C8906323D08FBB8BDA6
:10F9400078E00E3E944198BE3BFD1ABEA35280BEA5
:10F95000A11BAEBE1A7731BDEC68CEBD220119BE27
:10F960001327BC3DFB921A3F27B02C3F8CCDFA3EAB
:10F970008E42223FB462E73E9249853E5DB173BD3F
:10F9800049A772BDD4AD883CCEDDCE3D1F315BBEF4
:10F99000B33824BEF8912CBD7B3507BD0E4D2DBE6E
:10F9A000FF4312BFF1AD1CBF3B402ABF1ED4A4BE13
:10F9B00067B010BEE825A5BE2E8FD2BED6A30EBF5F
:10F9C00067F501BFDAD9BFBED6C1CBBD0BB3963D3B
:10F9D000CFF4523E933F2F3E459197BD4CCBC6BDD1
:10F9E0004D0DAEBCDB54863E87264B3E0E1F2B3D95
:10F9F000E815223C6168993D6823AD3C0113163E31
:10FA00007EB0AD3E3AD7A73EE5E9913E2FF5813E67
:10FA1000139E28BD4B3DA8BD4B63DCBE1DB904BF82
:10FA20000739A0BC69D0C1BE0A9368BEC071CCBE04
:10FA3000383DBDBE6D9AB3BE2DC2113E191F8C3E1E
:10FA40009454C23E0CBEC53DE4121EBEA460F7BC79
:10FA5000D2F0313E37D67EBD0833963C9C45A3BCE0
:10FA6000BC7FFD3C226BDDBC7A4762BD644E2ABD83
:10FA70003C6E753DDD9304BE0DD1203E3C66763E66
:10FA80003B1E5F3E4DE15B3E28F49C3E22F3873EE9
:10FA900028C4A93ECDD1173E0606CA3D7DAD01BEA4
:10FAA000FD43683D0C972F3E2379AE3E1D0C093F68
:10FAB00034CB443E977627BD8CD706BEA1CBACBDD8
:10FAC000EC8A9BBCE07BB73C59FEA23D5C17ACBD09
:10FAD000B8F3063C0E89433D29D1AA3DB51697BD22
:10FAE00022E610BD088897BD8A4F613DA0628BBD9C
:10FAF00056B389BDA05986BD201B6F3B5C3179BDD3
:10FB000006AE1BBD266188BDDD083EBCC297ABBA00
:10FB1000E65259BD000403BBA97F9A3D0065D83C5D
:10FB2000C00C29BC2050C3BB3679353D401803BBFF
:10FB3000B4A585BD7D38A83D26F462BDE03C6BBC14
:10FB40000003E63A82ECD7BC32D4543DC68C8DBD5E
:10FB50001401B0BB8A37F3BDA6DBE5BD04D189BE75
:10FB6000C0E177BE86E707BE13BCB3BE677052BE66
:10FB70001BC097BE23FB45BE229B963CE75AEA3D3D
:10FB80004A0AEB3E7973AF3DE6D0C2BE3A96C9BE93
:10FB9000AB3EA3BE6AAD5ABEDAA218BEF6044CBE96
:10FBA000004DA439F46BB93C571E6BBD1A589EBD6D
:10FBB000D0A6503C88914BBC8C6D5ABD0787703DD8
:10FBC0003F41D7BDED59E3BD6AF69CBE95A4EDBE9D
:10FBD000532C20BE4B4CF93D88BF513E7574853D7A
:10FBE000FE502A3DC50B0ABDF0A7733EB468593ECE
:10FBF00095F40F3E2AB81B3D3EC3B93D88D40CBED8
:10FC0000BBEAD3BDBA11C3BE5CA000BFC277A2BE1F
:10FC10002F6E56BE574C64BD4043CCBB257435BDDA
:10FC200018E990BCF432AC3C4A60C8BDE8B9693C04
:10FC3000237CCBBDAAF56ABE41948DBD558004BE20
:10FC400076043ABD3F33763E1B33F63D4CAC2A3E3C
:10FC50007E9AC83E4380193FA045233F8D4EE93E22
:10FC6000FEF5133E296E97BD8E5BA2BDD937C3BE8C
:10FC70003965CEBED7280DBE2CDF96BED1D26CBE64
:10FC8000DB4F3ABDF9E5B83E931D4C3ED1E771BD5F
:10FC900006D4563DFD7D053C1E75B2BC35DB9CBED1
:10FCA000624A00BF93B603BFEBBACABE1704A3BD36
:10FCB0004666FCBC64B5533EED96553EEF93A13EBF
:10FCC0009B711D3E46A5173D94E3BF3E2391B13E77
:10FCD0003BA3523D74872C3CF25AB23D69B86BBDD0
:10FCE0000D0436BD97C2E2BDB63BE3BE051C45BE62
:10FCF000AE36BC3E1624303FC5FEFB3ED1EACCBD3D
:10FD0000ACB62DBDCD0113BDC0FA2CBEFA69F9BE4B
:10FD1000000CC2BEB89E44BFBF7708BFD2AC99BE2C
:10FD2000F83A8ABD766983BD0BAA873B856C4B3E4A
:10FD30001DDD243E8AE6FA3D78CF4E3E1AB7CE3D11
:10FD40005EB57B3EB7ABAD3EBEB2973E63338F3EF2
:10FD5000C852923E64C908BDFCC55FBE7D51DDBE80
:10FD6000727C80BEA5F8973C2499E7BD28C31CBED1
:10FD7000150853BDF8FB72BE9AA4A8BED3D3DCBD50
:10FD80009ACD3FBEC2B099BED03B48BE27D1A5BCDC
:10FD90000EA6FCBDE1E445BEA3DE31BE1668ACBDD7
:10FDA000E272393D4AF0333D401F263EA03DCB3E36
:10FDB00041FF7D3E6062393EBEFE563D03689B3E7C
:10FDC000696F0B3E417DDF3B89FCE5BDCEC263BE62
:10FDD000D7D507BE5C3DB1BCEA14E13C2D796EBEBF
:10FDE00037B5F0BC76D3E3BEE62AFEBC727B2A3D73
:10FDF00009D04FBE0DBA3B3E04B9933D3C535EBDA6
:10FE0000795B393E9F2B4EBE61CC86BD128EB4BD50
:10FE1000367BC13D816FAC3EC811633ECFD0933E6F
:10FE2000B9AA533EBF9F0EBEC735E9BD2EDA05BD48
:10FE3000E6161BBED708FABDFCD8D53D067FB93DF6
:10FE400014FA913EF851093F9154EB3D43A455BE3D
:10FE5000A414F9BC015DA4BE620C61BE785D7ABEDB
:10FE6000649BE33CE800AD3E29CD2A3E9B5D32BE5B
:10FE700029ACA43D481F81BB05726E3E8405923EAD
:10FE800071340C3FE387CD3E32E8D63D1AB0243DB5
:10FE9000057F203EE1AE1DBE803FD1BD9996903DCD
:10FEA000BE32703E7C163C3EA599CA3EF8A7153F6F
:10FEB0006DF03F3FB78E1D3F71BF743E0AFEB33EEB
:10FEC0003EA99ABD43349FBD4B5A8DBEC54DA23D40
:10FED000FC0A00BE6566053D6D252A3E7B9526BD64
:10FEE000B16C123EA16C013F882A393F5E53383F06
:10FEF0001859023F5C6CBE3D286F51BE9589A9BE62
:10FF00001E2640BEC6BFB1BC9029263D0B9CEE3DCF
:10FF100066BC2B3EF51DD53ED4A50A3F9D2F073F5D
:10FF20002C3C513FE8104A3FBFAF233F659E22BEA5
:10FF300038EF67BC8C5553BE478A32BD1AC8EA3DBC
:10FF4000312224BEC4CDB23C14B21A3F7474353F82
:10FF500005AF613F0FCB853F4DA54A3F8084D33E1F
:10FF60005ADBC63D6956BEBEB1A325BE899969BE9E
:10FF70002B21FABDAAA6293DF676453E416F353EB6
:10FF80005288A63E7D219A3E001D833E4CCE023F04
:10FF900081734B3FA4EBD63EBBBBB93E72A0E0BD24
:10FFA0004F8490BD61315BBE4625FCBDB4DD7ABD9A
:10FFB000CD726DBD5E7E493E377A1B3FBC1B3B3F19
:10FFC000FA60203F4B93173F3C64533DD5E2A2BEFD
:10FFD000B3E912BF8E76AEBE7D8B85BE870F11BD95
:10FFE000E0FCA13CA4E426BC0EC8963C50771B3E26
:10FFF000E7E7C13D9849473BD232083E36C9053F45
:020000040803EF
:10000000066CA23FE163413FC690DA3EE197B93CFE
:10001000EDB0563DA29742BE9619B53C1CBAFF3DC5
:10002000A2701D3E2956B83E0419E03EF61D8D3ED5
:10003000203893BA969C76BDC43EDDBEBDBB44BF9E
:100040005D8A22BF285A80BE38AD1DBE95D9263C98
:100050005C220DBE9A2F363EC241CBBCDFA92F3D9C
:1000600023C47D3DF17510BEE587DDBDCE03393E6D
:10007000E759393F90161A3F35D5B13E697F273E83
:10008000FD3719BEBADB053D66FEAABE0AA101BD59
:1000900040CC4B3DB0509F3DDAA349BDA13A3D3E17
:1000A000325408BED6D9BBBE42C20EBF1D8CD9BECB
:1000B00076C18BBE937B70BDCFDBE0BD30BCD8BDBD
:1000C000360EFFBD2B84B2BD755994BDC2F6FFBD7F
:1000D000DB91B6BD65BA58BE1B60A2BDBD03EA3D4B
:1000E000F296E13EAD040F3F7C13F33E1F639B3E4F
:1000F0009735853E475B02BD7F0DDEBE8A0830BF67
:100100009263D8BEAE1AF33DD436D03E72A8A33E59
:100110000AD6A6BE297CCEBE1B3C9BBE127958BE19
:10012000F5B685BEE36480BD44DCA3BC3069833D85
:10013000A0AFB2BDC7768DBD612C3BBED44579BEA4
:10014000653E46BEBE04ADBE320487BED9B7933D00
:100150007854A03E1887F23EAD682F3FB0FD3A3E7E
:10016000F3A9503E361532BC86A1EABE893517BECA
:1001700077E4B9BD8D94D63E0D11123F36A2EB3D0A
:100180000ABA87BEA5D0ACBE1C0CAFBE7CF09CBE2C
:100190009FF951BEC9720DBE8471343DC6BC733C1B
:1001A000DAAB4EBE680A8DBEF057CDBD59DB40BEFE
:1001B000F2894CBEF21262BEB2C152BEAFAE753C05
:1001C0008EEF3D3F665F223F3A46293F3602D73DDC
:1001D000C16344BE5A9D19BEB51EF43D7A19C03E96
:1001E00010543F3EEC202E3FF52A1A3F90F5F13D8A
:1001F0008E8181BE59C991BE3D1DA4BE0A729ABEB0
:1002000015E2B1BD2DD024BE620498BDFF7B89BD2F
:10021000E5F0DABC3F880A3E7669E23DD014BDBD08
:10022000403004BEA27471BDF0E3803E15DDF03EA7
:100230007E7FFD3E9467573F64AA173FFD4EDA3E2E
:10024000776C873DAD4FBABD72513F3E7EDADF3EDF
:100250007EEF9C3E5A06223F3749453FA1A8103FFA
:1002600064AB613EAA66903DB3AE1CBD5DA359BDB3
:10027000DD11CDBD7C300DBEFB7146BE63C2243C9A
:1002800055D4423C01D55B3D29CF7C3D5F33043ED4
:10029000BDCD0E3EC608653C7906263E90F0A93ECF
:1002A0005354C43EC926443EF9714E3E659CFF3E00
:1002B000B378FC3CDCD459BEFCAE3FBC22BF193D38
:1002C0007FE2C13E7D49403F59DA3A3F3B35343FFA
:1002D00084A8163F6896B73E76AF373E5B44A33D91
:1002E000E1D05CBE0DF5F1BD40A8EE3BA40CA93DEC
:1002F00091679A3DD58E3B3E88CB983D9DBDCF3EC4
:10030000AFB0C23E530403BEFB770B3E67A5F83E79
:1003100036C50C3F45AF743E3E2AC9BEB60356BE35
:10032000DE491ABEECE088BEE036D53D8595B0BD0D
:10033000FCA0753E2FC7F93E3E98AB3E38BB033F4D
:1003400022500E3F1686F23E83EFD53E756951BCB2
:10035000AA3A20BEF07BCBBD106D09BCD01AE73C99
:100360004C4F50BD9464BA3DD72535BD0BBAFE3D08
:100370008852893EA09E473E6531593E69AAEF3EAC
:100380002787D13E1228113E48BFD4BDAD3E47BE9F
:10039000A460A6BCBD6505BED3169C3D07C1B4BE16
:1003A00099D8BE3D0B3E9E3E5253C13E1DF5A03E28
:1003B000FBBDC83D1DC4743E26E4AD3EFB500A3E65
:1003C0001CB5EEBDC4627E3D525915BEAC4EB83D63
:1003D000F36B9EBCC27E41BC8788D0BDB2C4AF3D2A
:1003E0004635BA3ED6BA943ED944363E62F0513EC6
:1003F000B2392A3EC0DE0B3E32423FBE92913E3BB6
:10040000F76567BCE13A41BEFE9F05BFD3DB2EBF57
:100410007E14D9BEBC938FBE580518BEBBC263BD47
:100420005E6758BE2F9242BE17E8463C180E4B3D01
:100430004CA3283EAD6A323E537C5E3D43D5373DEA
:100440009AADE8BD2F5FD3BC10563ABE485CFD3D67
:10045000F43B2B3EBC44003E182F8C3E62530B3EB7
:10046000A682D4BDB515AE3E1077823EBFBD2B3DF2
:1004700069280BBEF087E1BD718FC2BE849839BE7A
:10048000A098F4BE48FA50BFFFE302BFA35182BE5A
:1004900079F7A0BE2AA9E4BDA6B3203D7CC6673E7D
:1004A00075E29D3E3580253E4491CA3DD165C6BC6E
:1004B000EEB7713E27B898BCB5B908BE27B237BEB3
:1004C000BBF023BD01BC663D8B2F373E8DBE9F3EEA
:1004D0003C21853EA60CF53DE684B0BEBF7CD6BC73
:1004E0001E35D5BC5CE3D33C3F6091BEE0EEA53E3B
:1004F000F7C504BFC86DEFBE55DFB0BE5CCDA8BE6A
:10050000DDFED4BC775B493DF7B8503DA11C153DDD
:1005100038BD4D3DD0E1B0BD25B1863D719A393E23
:10052000FAC4A63E57FA8C3D7D50243D6FFEFEBCBA
:1005300045B5173DB09BED3D963BE33E99A0203F6E
:1005400038928E3D118F0BBEB153CBBEA835323CD5
:10055000A3EA8ABD2CECC43CCCC7A6BE3B3C3ABE49
:10056000FD5860BF8CF444BF7C39E8BE95DACCBE40
:10057000B40860BDE24403BBC36B09BC757082BDA7
:10058000D6DE3E3E77630B3C123A053D65CAA63E79
:100590006DEEB93EC56971BD7DF3BA3D6183D73B50
:1005A000FB43C3BDDB1508BD6103763D31A2A8BC8A
:1005B000F9444B3EEC10FDBD87684EBEC0F6703C62
:1005C000A46D81BCA5560FBDC7B9F93BD418FDBDBC
:1005D000013C11BFDD5513BF7EE0CDBDCAD2F4BDD5
:1005E000EFD5E9BE65EAD8BE0BA12D3DABC1ABBDD1
:1005F000CCBD27BE5B447BBEB3C9B73DC84EEC3E05
:100600008912783EA481E43EAF72643EB163353E08
:100610006170363E848F5B3D04F633BEAD098CBEFF
:100620004DA172BD0202D03DDE06E13DF8128EBC46
:1006300053B70ABD606E043BF0CAABBB8473223D66
:10064000CAFFF73D0D035ABDC9B28BBCC52B1DBEF9
:100650006D7FD6BDEF416EBC8406C53E1683133F49
:100660009BDDED3E8FE5F43EFFD7D63EE388213E8D
:100670008370AC3E969CA33EFD67803E44F98C3E61
:1006800050F74F3F87A2A73E7E99823EDC62B73E7D
:10069000B32E803A0920043C5E9B70BD00657D3A14
:1006A000FCF7D73C44ABAEBCF84F83BCA8E14FBCD1
:1006B000CBACB6BD0F9744BE3574BDBDC078043D0C
:1006C000054460BC87E4B9BEF670BFBE6A840A3ECA
:1006D000326F723E2D3F81BEA28AEF3D50A1A23DF6
:1006E000560C61BCF9D312BED9AE3B3E293CC03D8D
:1006F000D04A78BE5DA3ADBEDC9FEBBEBFC4FDBDDE
:100700002C4CF63C1DD4973DE05AFE3B80C67BBC8A
:10071000381A183CB06C89BC60772FBC442C28BDBB
:10072000F8BF153CDFEC55BDEE42273D406DF2BAF7
:100730007A84623D1D68843D46107B3DD8135CBCC5
:1007400048B9813DC701E13CEA6BF6BC21D8143CB5
:1007500056BE633DAF039A3DD00B4DBC30CC5BBD64
:100760000A47633DCC4AA5BCE6485ABD3A68693D94
:10077000E88D0EBC844B923CA2AFA6BD4911A13DB1
:100780008625E3BC2D1C8D3D875E823D7D340EBDEC
:100790005CDD523CBB939DBDD263F7BCC7CB5ABD59
:1007A000CF6658BC1768A0BCD7E84FBC72B7193EDB
:1007B000F25E703D8FDB4D3DC06D433D33E6943EB0
:1007C00006BDBE3E432CAD3E6340C8BD62635A3B8E
:1007D00070E8C33CCABEAD3CA497BBBDE1A42CBC31
:1007E0000240543D80EF9A3B653715BDE96F883D67
:1007F000685A163CCCA8BEBC68ACE6BC42CEFD3DF7
:10080000D21B203E25F2B4BCDE7BDABD395026BDBA
:1008100005C820BE24236ABE98DAADBEA28BEABE0C
:10082000DCB3C3BE121884BEBE5FC1BE95DCBEBEC3
:100830005325FC3C939783BE7A6D69BE4F298DBECC
:1008400065BF65BE36997EBE7FCF91BE540FEABDAF
:10085000FD4E663C2065A3BDDF1C4BBD32DC8BBD6D
:100860009E8EFBBC007CEE3A840F91BD4A43523E03
:100870005FDD453D3DA627BED6973CBE6084CDBE1C
:100880009C9DD5BEA99410BF536929BFEBEE0DBF47
:10089000A6BF19BFF494E4BEAC449E3DBB621ABD32
:1008A00008A3913D88D2DDBE71BA9FBE880C6BBE95
:1008B000E52C99BD4D588EBEA9117DBEDB85A8BE25
:1008C00015A9BBBECA5B123E10E07C3D0032693BFD
:1008D0005480963C5BD460BDF0BACF3CB3E2F63CAA
:1008E000B48D6A3D8DC134BEEA41BCBE8E9833BE24
:1008F000F336D2BE1B6426BF1C9850BF631828BFB6
:10090000B88B41BFD447FABEC79091BEDCF187BE19
:1009100028389ABE673B94BE9F9914BE504BEDBDDC
:100920008E35ADBEA85F04BF1634D6BEC07A80BE79
:100930002F0F9EBE68BE3ABE3E804FBEAD64C0BEA5
:100940006EFFA3BD09C79C3D8200863CAAB50BBEC5
:1009500090858DBCF460FFBD4FFB74BE169692BEB1
:1009600063AF9ABE4B21F6BECA4529BF77E2D3BE1C
:100970006B3EEABE855834BED441CABD91A2A5BE25
:100980004C38B3BEB1E1E2BECBD115BFB4103DBF10
:10099000F28D07BF539687BE89DE88BE6AABCBBE99
:1009A0004276E5BEDBAFE5BE50BD64BEEE8F94BEC1
:1009B00080CEDA3C3A07C2BD959B1D3F997FA13E90
:1009C000D502A73E9919CF3EA7DC933D64E462BEF1
:1009D0000538DCBE30BA1ABFAEDBC8BE033395BDE6
:1009E000E33372BE88BF37BEEABAC33C1AFC91BE7D
:1009F0008BFEB6BE501BA3BEB7CDB0BE57AFBDBEBB
:100A00000F19A4BE01A7DC3CA7E7893D7BCE80BEC1
:100A1000B112DABE444E03BF95DA16BE32E4F6BD1B
:100A20001525D83B44B0033EEBF3153F5062F83E2A
:100A3000AE5B71BD33F5EE3D6DE0423E9F00313C53
:100A4000D7FD9EBE6B2481BEEE54AABD53D01CBE02
:100A500028D142BD98087DBD9B2C84BD678927BEE7
:100A60007F3A09BEB58102BEF68DFFBCF00E5C3B3D
:100A70004A841BBD9A1FA53E6DB5D13EA303B13D6F
:100A8000FF0110BE280F8EBE03B7B7BE7CB645BDB2
:100A9000229AC5BB3939CB3EB219023ED4548D3EA1
:100AA00002B6DABD4C8FA73D678B6B3D5930AC3B2E
:100AB000A7699C3CD67BEEBD735F2DBE17516BBD05
:100AC0004BBAD63D74B96D3C14E8D83D36931E3E02
:100AD000A08A553E316B9A3E3E99D03EF26A343E32
:100AE000852F133E700DA03E707F4B3EBEC29B3ED5
:100AF000FAE3CC3E7B21F9BDAB1514BFEDC44A3EF1
:100B0000C750A93DB8AFD23E7CE50DBD48E2713E6D
:100B100074AF103EE798283E7D8FCC3EDC916F3E4F
:100B20000B16173CA4DAC4BDC813793D8AED533EB9
:100B3000F03C493E4C98033E18EF4B3E0C82243E5D
:100B4000E912973EA56CE93E41D0093FC4057A3EC3
:100B50007DF5A43D864B4B3EA3C29D3DBAFE7D3E36
:100B600026FBE33EB9D7C63DB5579FBD976BE73E21
:100B7000EBE3C63D87EEC03E4254DB3E0BB0123E77
:100B800052D6C73EF518B13E7030B43E813A6E3E43
:100B90007FF11DBBD8B63F3EF4A6573EB34D4E3E47
:100BA0005E75C73D249E583E063E403EE60EAF3E73
:100BB0002EDCB53EAD8FE93EC3F2DA3E31B78F3E53
:100BC0007B70523ED0C7673E1A7F5E3E4BA3413ECC
:100BD000732FA13E86D9A23ECFBEF93E0691B43E08
:100BE0001B811F3BD06EC33EA489AA3E61D8933EB1
:100BF0005B11213E813FA7BCDFBEE73DCD93DBBA51
:100C0000880265BE03A0F33D712B4B3E851F853ED8
:100C1000BE07563D8DF59D3E7025613ED266513D25
:100C2000037A1EBDDDB6173DF9521A3E6917823EA2
:100C30002813A43E2722C43E0048943E204EAA3EDC
:100C40000163DE3EFE6ADB3DEB52913DC4F9303E6E
:100C50001BCABE3DB8A6E43E5916893E2D9D56BD21
:100C6000FA21F4BDCD5516BD83678BBDFF617C3D78
:100C7000E08ABA3D4F12223EC0A08C3E68726B3EA5
:100C80002FC5A33E482D503E6C29F13DD24104BEF4
:100C9000E96FCEBEF4CDD9BD19114BBD00FC18BD16
:100CA0009B1C163EF38AD73CFC9C4F3E9688A5BC05
:100CB0007D0B673E7252373EA8E6B73E84FCAC3EE1
:100CC000474FC73DC523A03E8F30F63E1E912DBD38
:100CD0006FAB14BE120E80BD87CD123ED904A73B68
:100CE0004A109F3D1D83793E3893EF3E1052973E48
:100CF000A69FCF3D0AC442BD006D55BE181C31BF32
:100D0000D6E4A3BE07E5A3BEF486BBBE327FE6BE33
:100D10004C1698BE8E9CA9BD687B20BE073E98BD30
:100D20008F72F23E4BBF3F3EECF6883E3C6890BE71
:100D30001D7D113E54202B3E1018293F4D7D1DBDB9
:100D4000E88BBCBE3ED8D93DF867F63D06BB973D63
:100D50002831873DCCF29F3E5E4ED43E6233FD3D4E
:100D6000B369A7BC3C5989BE30D607BF9C9307BF67
:100D7000D10C4DBEDCE68ABE0BAFAFBE90C600BF45
:100D80002DF1C2BE1BA8CBBD0F54F1BD02E5303E14
:100D9000F94E1E3F0D44333ED05352BEE4AD253DC7
:100DA000BC94043EB05E6CBD018F9D3E08D738BD3B
:100DB000C5DF29BEC148FA3D8630FE3DB7F7C63DC6
:100DC00020DABABB5D41A23D39EF733E6BEEA43C25
:100DD0002FDFADBE1CE6F3BE7FEC26BFE7C9CABE5F
:100DE000A1E0B1BE9E3309BE020C06BECBA29DBEE1
:100DF000FE6188BECF67C9BD4629ECBD026F323E99
:100E000036BB193F8DDB453EAC7608BEEB7971BE33
:100E1000B5202B3DE4396CBECCD453BE280B6BBD42
:100E2000F71C873D8AB6463E251CBE3C64DE96BD57
:100E30002BC84B3DC9A5843DF4204EBC4721CCBEF8
:100E4000227D19BFC3F531BFCD40CEBE62351BBE7A
:100E5000B9DA81BE48B1C2BDD1A039BE7E4826BE36
:100E6000531562BED46D8CBD767E01BDA9BAE33D3B
:100E7000B6F8F7BC3AFA30BEBBEFAC3D56A33A3EEB
:100E8000BA073F3D2D39A8BB079D76BE19DFC9BE05
:100E900092A1B63DAE03803EE63781BD846C1FBE95
:100EA0001C1B3E3E1B10283EF4CEA13D7025A7BE64
:100EB0005EE528BF5BE1B7BE2EDE173C5F3496BD12
:100EC0009E7F1EBE908DA1BC06A083BD43906FBEC9
:100ED000254965BE7C820CBE3F4B8C3D5D7EBF3D8F
:100EE0005565523E50CDFF3D4A35C83D29A8943E38
:100EF000DF09153E7A01253CB10D6E3E4B1557BFFB
:100F00002853ABBD277CDF3DDD3E19BE800DA5BD5E
:100F1000BADF173E278E053EA60355BDB11B84BE22
:100F2000CC42A5BE7AF837BE2514F3BD148039BE75
:100F3000ADE650BE9443D03A8EC3ACBD309314BEE0
:100F4000067744BEDA0D38BE65E91BBD65CC303D81
:100F5000AEC2463EE561453E52BCF3BD67E4A7BE66
:100F60002CA5173D1AA07A3E7414423ED4EF38BF28
:100F7000CEBC3DBE7EB448BE93E707BEDEF5EDBAFB
:100F80008AFD0C3E0B91CF3CE31D72BE6A642FBEFE
:100F90002BEF62BE5E701FBE9F4C34BE9CB981BEFB
:100FA0005E715BBE3C3A213DBBA3D6BC4BE03BBE71
:100FB00074A559BEFC6156BEE31D2A3E3F6A4ABE77
:100FC0009FBB183E3568DEBD3D4D9BBEA9B21D3DA1
:100FD000E066BC3C6809603E1ABF43BCA02201BF6A
:100FE000728554BEE6B90C3BFB07B4BDFCE8C3BD3B
:100FF0002D2F013E8E37CCBB409F8FBD0C4757BE77
:10100000FB4D91BDF7B358BE7573A7BE63B184BEE7
:10101000E37C9ABEF7EC6EBDA75768BE408765BEFD
:101020008A4283BEDBED0FBE9A9EFD3D14692CBE45
:1010300078F77CBE5634BFBEAF7747BEFB3A0A3D59
:101040008C28913D0796CFBD20CC4CBE8F5F30BE23
:1010500064BABC3DA864873EDB0BF63DBDAE833D64
:1010600048D2A23EC1F80B3E9CF360BDFB1703BE05
:101070004CFC6BBECB5B9CBE0C66CEBE31DFB3BE00
:101080002E4B67BE425420BE504E38BEBC6B36BE9F
:10109000889157BD98F7ADBD84CE65BCA805A2BDAB
:1010A0008667053E60C6E1BC05142D3EA3146D3C69
:1010B0006F30263D0548443DC4A030BEF4A5DABDDE
:1010C0007228A43CEA4D5C3E6248423E987A223E39
:1010D000B6BC7E3E262E893EDFA9C13D796A03BD9E
:1010E000C7196DBD8B6CBABD0C95A6BC5171E5BD21
:1010F0006815ECBDFA47AD3D38AEDE3D2B7E8DBDAB
:10110000E28D03BEA7300FBEEC210D3DAEC221BD66
:1011100076A4E3BB1B18EC3CCE521A3E7ED2093EAD
:1011200080BF69BA6050793BE1F719BE63F86FBEC2
:1011300038140B3C09C3993EA63D2D3E09A6433EFB
:101140006D7D1B3E1BCCAB3E3FF7423E6A08353EF1
:10115000832B253E5541B7BC6C599F3D8970DC3DC2
:10116000ED68D53D3698363EF6CBDD3C2774DEBCC7
:101170002B46C0BE2DF6F5BE9920FDBD5410343C63
:101180007C3A753EE1578FBC32454E3D9CD7EC3CD6
:10119000EA0395BD8BAC72BDEE8A153B91E804BEA7
:1011A0008A4C3EBEE8FEA73EC87536BED61832BE93
:1011B000C18525BD8FD4853B3106BE3D5EA161BD95
:1011C0009403193E56EC383EA0C2E0BCD2F334BBC7
:1011D0007465A7BA76B39F3EC7233C3D469276BD61
:1011E00067D03BBE2EDD0BBEC889893CCE74F53D71
:1011F00054BF063FCFF5D5BE851D9C3C39508D3D73
:10120000BE9C273D621701BDD03257BE83E4053F27
:10121000096E403EC52A49BECA4CA5BE0DC9BEBE18
:10122000FBC28DBE7E289ABE6518C8BEC4EA60BEE9
:101230003E913CBED60635BEA3A9B6BD58EF80BCD4
:10124000E770813EC0DB1E3E95B5803D2903B13E6F
:10125000CFC51ABCDC0C093EAC58A63ED9AE3F3E09
:10126000ED7AFF3E65F620BC3203BEBDD9D5A43D64
:101270000A2883BDA8F20ABC1829083D5CDA93BD90
:10128000BAD007BFA5F4B8BEF3D5DDBE3B59EBBE5F
:10129000A16AC53D24E735BED15D4FBE40DA72BEBE
:1012A000355A95BCCB22D13D810898BD2EB3013D66
:1012B000A0C49C3EEF182F3E7582583DF313BC3EF0
:1012C000A8EBCB3C3FF9C43DAF8E9D3EFD7219BEED
:1012D00039A6A93E28238EBC70B798BCE27D5F3D3D
:1012E00018AEE43CD09B8DBCE39B91BDEAB673BDC8
:1012F000C183663EC057863EAD05E93D6A08B4BD70
:10130000076A343DC813C83E8C37083F943D7F3D83
:10131000C5EFBEBD2F8F9F3E6AA3283D158A9FBE95
:101320002DF769BED2922FBE5826B3BE2A963CBD79
:101330001EFF3EBE3500DC3D63FA133D61E2673EB1
:10134000AA937B3D40608F3B188963BD36D294BD24
:101350009AD1673D80ECA33A5626493DB655483DA3
:10136000CC9983BD225763BD66088CBDE0A0E23CEA
:10137000611129BDC27813BD809A513C30FAE73C17
:1013800037CF363DAAAC093DC34A953B277E443A48
:10139000750B87BD202E62BCE13084BDEC4A1ABDBE
:1013A00050559CBB673995BDE9B6993D24D139BDEF
:1013B000621F793D949861BDF53786BDB756813D72
:1013C00075AE8BBD68D6B4BCC2756A3D35AD10BD77
:1013D00031492A3CA4EEC13ACB44BF3D1EC8383E39
:1013E000CF2ECE3DB416853EB4BABB3E83B3693E24
:1013F000E214B33E3C77EE3C36FE95BEF96C73BE0C
:101400007FA4FABE797662BE5591933E2A4EA43EE1
:10141000CF7DA63EC366203ED8F9D03CEAAB483C1F
:101420001460ABBC689B64BC1EDB323D8CF0A3BC7B
:10143000684A9D3C3633323DC3C3BA3DEF1FEC3C96
:10144000BBC2F03C4A4CE83D33529D3E035F083F2F
:10145000471A503E453D8DBEA72FACBE729880BE48
:10146000A95DABBE539B96BE73149CBEFC5CB1BE23
:1014700093A596BEFF0E8CBD3411663D75E1A43E6A
:10148000A1709D3E70B3373E2CC0783E85CA8D3D1D
:101490001AE800BEFA55EDBDB5C79CBD54FA95BC1F
:1014A000C8406ABCA70A843DAD835E3D4B98333D7E
:1014B0003A864E3E91A734BE08C4C5BDF672B1BE91
:1014C000B61BEDBE12933FBEDBCB71BD328582BD34
:1014D000DD8E62BEC131BEBE576DC6BE56F398BE2C
:1014E00018A3A2BE463465BE266C97BD21B21F3C30
:1014F000C9CF10BE9544F03E86B3133F27AD1A3FC7
:10150000AEAD213F9C2BD03C9815EE3D8E69C7BCFB
:101510007A0E6F3D803AAFBDE96F9DBD66A84CBEA7
:101520007DC650BE2D69E3BEB872C1BEBC77D7BEC2
:10153000D60807BFB99D85BE54F44DBE7D4E9CBCF8
:10154000BFDC01BE4F54F3BE788C6CBE8E1F09BE4B
:10155000CF5835BCA0DAA73D303052BDF81042BD9F
:101560006EE5AA3DD16E013F2B82EB3ECD93433F0A
:1015700050CD1D3FBE15053F869AE73E98759C3EAF
:10158000168488BD6F9DA6BD9F474BBEE1D36DBE3F
:10159000702F39BE2E674EBE5A1E61BE0FBDE5BD0F
:1015A000D6AF303E3D43503E794CC63C0BB72D3E46
:1015B0007D530FBD96F70EBEAF7953BE4153BBBEF0
:1015C000CB3D3CBE8E8E9E3C6F5840BEDF3EA4BEDF
:1015D0007E1464BD725AC03D5D27883ED3FD013E36
:1015E000A4188D3EF9C39A3E59B2D13EFCB1893E52
:1015F0004060F13A1A7719BE66489F3EF26609BE0E
:10160000086F2E3D6E28613E2868523D89A0823CBD
:101610009FE3013E9C0DB63DEB75E33D9512023C08
:101620005349983D67073ABEA987C6BEB5B07ABE92
:101630008A7F8FBEA9E8E5BD008320BE96BDD13D5F
:10164000168BEF3D3D08AC3D5C66EA3EFC961C3FC8
:101650008881A03EAE083D3E0C11863E76300B3EA2
:10166000C57BC93DE63D54BE7075AA3EDCBA243E3A
:10167000153EE4BEB5C8E43DE02F393E5AEE793E52
:10168000B6FE9E3E9724E13E5AE1C53E31B3BB3DD6
:10169000EE651EBE2FB995BEA01ED3BEF3C1CCBD54
:1016A00077291A3D15CD103EA0E6983D083A363E02
:1016B000601E493E40512D3E793FC63EAEC0D03EF1
:1016C00020161E3F10B9F53EC9A7B23E355F9F3DBB
:1016D0003E4155BC5B56A93E2E77B63E17332F3E92
:1016E00099F282BE7A31163E7F72963E934AC93E87
:1016F0002A13EF3E2762C83E32168E3D5E260B3E11
:10170000BD6F503D478D20BE9E4F77BE28A974BE49
:10171000D8D1583C25C7F4BD372B56BDA83E62BD75
:10172000EB644D3D0390FD3DDA22A03D98F5C83EA7
:10173000B5FE853FF267383F30A3BD3E9352B43DBE
:101740005CDAB73D31E8D23E5BFF823E17A109BDAE
:10175000317BECBDA227F8BDE32A87BA08C5C73D97
:1017600019880D3EA3C8343E463622BCF9409B3E44
:1017700038EE833EFF88DEBD069B9FBE73ECDEBE67
:10178000ADAAC5BE6A2792BE075F78BE71165CBE61
:10179000B84CA5BDF63EAB3C695C10BE8ADC5F3E32
:1017A0004EE0843F1716503FFA34F03EDD63AF3E03
:1017B000740E56BD9438AB3E38A8F23EAE1DA5BEA1
:1017C00051AA2BBD8E20B93DD75129BE2621E93C17
:1017D0006946483EC4F49E3E7B284B3E9EC5823EF1
:1017E000A0C1AF3E20AF303BA72CDDBE953592BEE9
:1017F00000A396BE5D56BFBE53219ABE844DD4BE93
:10180000C93C8EBE098C1DBE5FACEABD6395DC3E53
:10181000382BCC3F5DC8113F20CA84BDEAC062BEF0
:1018200083CB2B3CFFD36E3EA307D63D3AB35FBDBF
:10183000FE851FBEEB30723CBFE7063EE2F3753E0D
:101840006411A33E07FE873E8EF8723E30F5B23E2D
:101850000672DC3EFA62DE3DEA7C8BBED1963CBE6F
:101860002674E3BCDC5170BEAF96E5BE008A0BBFA8
:10187000BCF8F8BEBE0476BE965B143DC83F253F5B
:10188000A45BA93FBD2C493ED30AC23CB144A4BECF
:1018900087F4453D2C9B7F3E02C49A3E98E8153F55
:1018A00070901EBE41B9F93D7A9F853EDFDF373E1D
:1018B0004F31563E9CABEA3D82090F3D4F666D3E6F
:1018C00075F3CC3E311E883E6A0845BE77F87C3BF6
:1018D000982698BD28045EBE6CBE88BEAEE653BE98
:1018E000E28391BE5A193A3E9B550F3F9B73763F58
:1018F0002FC0C93E85F4B8BDF2C5A2BDD16350BEAC
:10190000CB1B7CBD20A91C3D9AE4E53E96BCEB3D7B
:10191000969EEF3D56F0813EC415FC3D2CEAE43D19
:101920001AA5363D29AA533EEDF8143EE876513EFD
:101930003A26893EC852BBBCCC0896BDD69D1C3EFB
:10194000A156943B847781BED8238DBD3DB40CBE97
:10195000CB04F33BD206DE3E63FA553F2BF9593FE9
:101960000DE9E43EC62E913C273095BE1FF178BDAF
:101970008650843EED3465BCFEF3A83E390D6CBE46
:1019800057D8773D2F14AC3ED86F95BEE6C218BE2F
:10199000142567BC11AEF13D9F4F683ED7359D3E83
:1019A00082C6823E896E813C6BFD4E3D0F850A3DAD
:1019B000CCBF29BD4692B63D926B093D3538C63D38
:1019C0006C80EC3D870D773E0157F53E7533153F32
:1019D000575AC73EC33FD13D0F30F3BE075215BE25
:1019E000966C623E0800ADBDA3E3623D0B8CF6BD74
:1019F000610B643D2D2F80BE996EC8BEBC31EFBB1C
:101A00004739B73CAA65303E04CD2B3EBC94853C9B
:101A10009759883E3077E0BC0E02013DF6C81B3D69
:101A2000C06FAEBD06E10C3E8CF0AE3EA091903E84
:101A3000C4710E3E43C2883E9801233F93AB943E4F
:101A4000ED4A8E3DA34A0D3D6C3E05BE0CCDE7BD73
:101A50002F4C12BD7541CFBD297BFDBEE50A82BE6C
:101A6000B9A8BFBEF5C7B1BE5A5C5CBE4C006BBC2A
:101A700042E7363EAC8A36BD33E3FD3BBD3820BE7F
:101A8000CDD9FABCCA9416BDED9483BD8D15793EAF
:101A90002E1E643EA72B303E7FC0BF3DC9B94D3ED0
:101AA0005FCB943E9F22B63C52AE303E2340673E11
:101AB00054C39DBD4A14D3BDC8CCDEBDD5F68BBE84
:101AC0002174893D7A9393BE9112B2BE0A71C8BE49
:101AD000D89DA4BE00A290BEDFC71FBE81F3AF3D5C
:101AE000017E2C3EE347653EEFFB773DB1790EBCAE
:101AF000891FF0BD90C41ABE8148123EE1F0C63E77
:101B00003291B73E5B31013E71F8FB3C75A6853DD5
:101B10004F2E8C3EA0A6DE3DE4DB173E40B30A3ECE
:101B2000DC1F4F3E52219ABEC9CD40BDC85E1DBFCD
:101B300020391CBEB90971BEAE2824BE406391BED7
:101B40004A3F02BEAD425FBC8477D83CE2D3853DBC
:101B5000A3AB42BDEE79553D258B66BD3987A7BD48
:101B6000B15EA83C4B64443E449A1C3EC6960E3E71
:101B70002608F63DF6C5113D02B67DBE2F8493BD05
:101B8000156EF83D49605D3D27BF21BE532B12BE47
:101B9000DD3CC1BD152CCBBEE5D25EBD4C3C04BFC7
:101BA000353FAE3C9FA2A53EF9E3C1BDD5D1A5BE50
:101BB0000BB72FBEEA5DDBBDC8F2883CA8A453BEBC
:101BC000196BF93C916F22BEB3D952BEF1800E3D24
:101BD00065E7983EE8E3D1BB549B7F3E034C643DF0
:101BE00013E3DDBD282199BE6D6AC4BEDB860EBE3F
:101BF000A855C5BB5F7CB03DAAB44EBE1B2D97BE99
:101C0000AA46953D42CC15BF1533F4BE0F6080BE89
:101C1000F80AE03C0A63933E8A3F29BEAF21E5BE45
:101C2000FABFABBE2A127EBE9CECC0BEB9ECC4BEED
:101C30002A5126BEAFD800BDFF7F803D17BA113EA6
:101C4000327DC03ECBD5303E1BAA0CBDCF91253D89
:101C50008EBFA8BE900386BEA051B1BEE57E9BBDDF
:101C60000D734A3D70F570BEAE58B3BE61F583BECC
:101C70009E7280BEC65693BEF2320ABFA3A931BD82
:101C80004A8E1BBE5D9C043931C3C7BECE1AB5BE99
:101C900085C5A4BE952981BEC29089BE0A3271BE97
:101CA000217DCFBD9719AE3D3F7D343DE7BE4C3E13
:101CB0002043703E5C82A63DE1D1A53D0A28B8BD17
:101CC000C7BF82BE5DFD4ABEBEB704BEB3A2B9BCEB
:101CD0006F266A3DE2248DBE0EDF9DBEF15C5CBEC8
:101CE000D4D1F7BDDDA36DBE888E263EDBD6A8BD60
:101CF00082A6AFBDC22785BDEF3881BE39DAF3BEFB
:101D0000893B9ABE26CEC1BEF4C6CDBE5BDAA6BE66
:101D100056F434BE626B76BD6B82293E1527DF3DDB
:101D2000DB649C3E0EF344BDFEF03C3C44670D3E3C
:101D3000C5F021BDEB3F253DAB0262BED43114BCE2
:101D4000C67E3EBEE68F7CBE629BBBBE52CE48BE08
:101D5000879326BE882B94BE2B07823E8D71F23C62
:101D6000A6691B3DCE9B55BDDC22A2BD8FD8A6BE69
:101D700099FFC7BE40D7B1BE1F84B7BEFFDC97BE78
:101D80009129F2BDE1DB4BBDFC5E493DFDD40ABDAE
:101D9000194CC83B8F2DC0BD060A723CE87CB3BD10
:101DA000C2CCB73D038293BEFD7202BEF1FFAF3DD0
:101DB00037E226BEA2D620BE4BA086BEAAFFA4BE96
:101DC00023639CBE507F2CBE265775BE40A95EBBC8
:101DD000D4C3F73CA0FFC03BE063563ED7BC083DF0
:101DE000F364FEBE7B4D4FBEF9DCD1BEE94D89BE2A
:101DF00050C1F0BDC759C1BB710C86BDF1D4ADBC9B
:101E00006BFA153E758A013EEC0E4DBC8AB3B73CA9
:101E1000149C91BCB13ABABEF5F08DBD4E87183E08
:101E200038DD4FBD435763BEB5EDBFBE715F9BBE8E
:101E3000AC15D5BE97160CBFC90A8BBEDE72283D05
:101E400000749C3C92ECE1BCC38EACBE86930E3E0B
:101E5000E34A68BE70D218BF3B130ABF07CBA9BEC6
:101E60003D7F17BEB3A6D53DEF243B3E5D01E43E6A
:101E700027C08FBCB2FD68BE16D64BBD5914D13BEE
:101E800021C38ABE0C2C90BD00F829BD081F7DBE61
:101E9000FD08C1BE4404F5BD956C86BD3B280C3ED3
:101EA000D09B113E3F032BBE23C086BD7264FEBC97
:101EB000F0A2E7BBB3EB9E3D714257BD4BBDABBC3F
:101EC000270AABBE01E0E1BE4BD182BEA88CADBCFF
:101ED000C98F9A3E4CC0F33DB7A555BE35D06DBEF7
:101EE000D549F3BBCCD6953DA1E158BE67D877BCA8
:101EF000FDD14FBE4AF4A7BE6B49A7BEFC0985BD04
:101F00007F03BCBE8A7FA7BE8B9E16BE2731CCBE88
:101F10006BA4B9BE295AD83D176C8B3D02D4673DDE
:101F2000193AA43D98EACEBC93D14BBD2E08683D2A
:101F30006F1EA13D28A4C03D257254BE7CE33DBE6A
:101F400043F258BE9411A0BC22E952B92AFA3EBE0F
:101F500040899ABE6184473EE37D7ABEBEE498BE66
:101F6000185297BDD32DC63DA96D8EBDA1861FBC4D
:101F70008479583EE77F753D985FBA3C3181A13E38
:101F8000871B943DF806403CFAC000BD80755A3A64
:101F900054EF073DA6227BBD78C205BC21E28A3DF5
:101FA0004AE21A3D2FA7A23DE1FC1CBD3495AC3C92
:101FB000AADDABBDD0A38DBBC4D47EBD4086C63BDD
:101FC00073DE30BE9AD2CABDF80077BDDA0F54BDB9
:101FD000C065B7BC8015AC3BBB3F803D1A9B433D01
:101FE000D0A7A2BCBAE5393D5B08923D2470843C81
:101FF00021DEA6BD486DC4BCB01C943CBAF1743D52
:10200000F0AC943CCCB7A5BDC05FC33B335465BDB9
:10201000DCA4E63CF32385BD22BA42BE5B2186BE2A
:1020200055D959BE53934ABEEADFBABEE5C34BBD8C
:1020300037F742BE5BEA5CBECD26F0BE520E95BEBF
:10204000D6DB8EBE85988CBEC3B090BE7A8D9ABE0C
:1020500030939CBE6356F8BD056E38BE973A86BE77
:1020600095D38F3DA1EE20BD6038D83CCCF6F5BCB1
:10207000F0E5223D9824D5BC51A5B2BDE558543EAB
:10208000D17E883D5C20CCBDE08D55BE9831A5BE8B
:1020900034FEE1BE9F9106BF42D72CBF9AB058BF15
:1020A000394EAFBE92ED85BE87B0663CC918E7BD1C
:1020B000B57220BE28CD7EBC535B473D87600F3E86
:1020C000FEC65A3E1DCF2F3DDD13F1BD2FDD45BDB0
:1020D000679E85BE0BB2203D685A0F3D35E5823DB7
:1020E000B489FC3C17810ABD510CD63A59D0163E32
:1020F000E98206BCF02D70BE106B75BECDD362BEFA
:10210000D514DBBE42F9ECBE122D5EBCB87B07BE17
:102110005BA926BE03E5983CDBC54E3CB4DF2C3DF5
:10212000BCBF313EC1770ABD8DA1A53DD246B43EAC
:102130001EF4E33DD12FA83D59959EBD557328BE91
:10214000C5FDC13E5BB2173EB98D163E25CC07BD1D
:10215000E0691FBCB80C01BE73B47DBEDF15B2BE12
:10216000D5DDBFBE21F3C1BDF3A5163E739EA33ED0
:102170009F5C393C8F0993BC67F62FBE153265BD55
:1021800051BCD03C8EB526BE1CEEACBC768A003E5F
:10219000A556493DAEAFE33D543A943E2238503EF9
:1021A000E7EE413DF26C643EC217953EA34FAA3E56
:1021B0002B05BE3ECC93B83E1ECC0E3E15F1EABDBB
:1021C000C083253CE50FA4BD9B351EBE203313BF45
:1021D000EF008FBE3E382E3EEF3E1D3E679C303EE8
:1021E0004586663E73ED923EA861673E6CE0A03D79
:1021F0009B8DE93CD87C503ED730B1BD499A04BD97
:102200006AC300BEF767923DBAEDBF3D6C7D49BE23
:10221000F766C7BD4852CE3D701C383ED87C473C5F
:10222000E2D87F3CD2A9FF3AF119933EE5E7B7BD6A
:10223000D20699BDE712E3BDC009E53EC47E92BE59
:102240003C7837BEB3247E3EBE4BD63D35C61E3DE0
:10225000467C383EB491C53CB78CDB3D44EA3C3EFD
:102260006A74CE3DAC5AED3D852C8FBD6F7D99BD16
:10227000AAF1033C735298BDAA2A27BEAC74D13C84
:1022800047C131BEAB9077BE78FC7DBC50BEE3BA8F
:102290006A6015BD5DDDDA3E9E35B93EA21E89BE7F
:1022A000C454F33CBADB95BE11ECF23EA8823DBEAD
:1022B000CB461CBF412CD93C8DC7243EF9EE98BCBF
:1022C000790D1E3E334D063E5176043EBE2A733EC6
:1022D000513D913E6BE71B3D74FFABBDDD8233BECC
:1022E000A97591BD2A82743DCDDA37BDCD492C3E0A
:1022F000F150B83D12A8483E8811363D7A4FF8BDDE
:10230000037B573B9135023F8BF61C3E0601DBBD3C
:10231000F65385BC38DFBB3C9B57C23E34505FBE92
:10232000C33AD3BE3AA5893D5A0F263DCA3D87BB65
:102330003A7D743D170BC13D2362083EA874953E5B
:10234000A1CEEB3D5035BEBE32FD75BE6B8E1CBEC0
:102350004768873DDB6FB13B76EBABB940D7D6BB67
:102360000DDE133E0F64B73D2C7D5DBE41F6BFBD53
:102370006E41973EE883333F1499DFBDABFF5EBEED
:102380004AD7D7BCDEA73C3D4FAA973DB1D13FBE4F
:10239000D8E359BEC7C212BDDE5DA03BE658793D09
:1023A000A176873D8BB5C0BC216EC73E1624DF3EAB
:1023B0009B7C163EB5F103BF2A4D29BF09497BBE60
:1023C000AED8CE3D4AD6C23D0CA24C3C00B2CABDEE
:1023D000568FA9BDA990ACBD6F0D44BE2DAD98BD63
:1023E0004CF2873D332BCC3EF19ECB3D351B043E5A
:1023F000C34F45BDF1380C3EE89C9F3E3D672BBE68
:102400007A26313E65E4843E9AFF013E1204953DF2
:102410000288BE3DE3E87B3EC257B63E2C83853E34
:10242000E41C46BD988638BF326652BFCD4AB6BE60
:102430005DC4E93C13F957BD9D2C3EBE5F2333BEFE
:10244000845281BD6A8328BDCC71C8BD397FCBBEA3
:10245000FD995ABE32021A3EB5447C3E8BF0093ECD
:10246000DDE85BBDDC16C53DE45E8C3DED28C1BEFC
:1024700023CCB6BDE7160E3EC78BC03EDB08193E27
:102480003E3E733E184EF03D12367B3E94EE0D3EBE
:102490008709FEBDBAC40BBF220420BFFEB8F6BD3B
:1024A000449CFF3CD013173DC961153ED055453CB7
:1024B000623F0B3EF4B7B13D7B273EBC3F4EF3BDC0
:1024C0001ACD90BE4AD7C4BE79F1183D111F70BE17
:1024D000F9A0C63D5D25783DE285443E499847BD5B
:1024E000507E153ECBBF07BD33FD963EB793363EBB
:1024F00064B39F3E5AADDABA97B2053EA7B2033E27
:10250000A8EAFEBDB93990BE7C0C0CBFF5E6D9BE79
:10251000F51C54BE5B79723DE060E63DFC52493EDD
:102520006CA2A93D52385EBCD4FD4E3EFBF2AC3DE0
:102530005BFDA8BEEC2A29BF33379CBC513A5ABE7A
:102540000814253D3DFB353E390BFA3DED00713E4B
:10255000D07AF23E9E9B5A3EE4F6843D601AAA3E33
:10256000F726023DA48A6DBD624A1D3D4355EB3AF4
:10257000CA54253DBC6E6BBEC19708BF63640EBFD5
:10258000874FA7BEC790B13C5552213D4C54F33DF7
:10259000294E903DEE5A603D0D77933E66F9A63C7C
:1025A000A0CBF8BC997AD2BE897EEABE6909BBBECF
:1025B0002192433E61ADA6BE91F56CBDE7F0AE3E03
:1025C0003514113F8AF8BA3E2500403E6C7D6E3EC0
:1025D000520ECA3D6CB2503DAF7C65BD42729FBD8C
:1025E000EF22063DD3CF30BECD7603BFEC5435BFCE
:1025F0001BA0ABBE84F7A43E97409F3E003A973E97
:1026000076331F3E2A2F43BDE841823E873B5D3E25
:1026100077CB533E1E1815BE1C2D8BBE12C101BEBA
:1026200060FC443E412583BE0FE2ADBE4F23B13C6A
:102630007469CA3EF320D43EDDB4083E34F4E73D6D
:102640006F4D75BCFB379FBC242A2C3E59E8303EA9
:10265000097D153E5D0F41BE12BB67BFE57552BFD8
:102660005CB08BBE04AFC93EFA00D73E9698513E8F
:10267000787B053ECE458E3D1480283E1B192C3DAF
:10268000A8E1093C55CE52BE6487163CD5080BBE66
:10269000D060A43C827FC5BEF91E9ABE0EF987BEEB
:1026A000CAA3BD3EDC608A3EF05DA83D7B30563D4E
:1026B000C521F53C01E593BECD87CBBD531A0F3E36
:1026C00066DDD03D59061ABF03508ABF243AE4BEE6
:1026D0001A7F1D3EB8F3F23EE93CB93E91D47B3EF1
:1026E0003CB0F63DBF1AD73D1228333C530D3CBEDB
:1026F000413A56BE136007BE4F0810BE9B5E963D22
:10270000D67F2C3D6524B4BEF5EDD9BD2FFE2BBE82
:1027100029D9D93DFB9E0D3E9406143C26FA3DBEB8
:1027200090A070BDEF4BABBDA0AAFE3D9A13DB3A63
:10273000465723BECC9A64BF66E542BF7D54863BB4
:10274000A3ADE23EF396183F08AAB23E4B3340BC1D
:10275000F96E033DE153FC3C48737E3C861B94BEFE
:1027600046E1C0BDA5B3943EEC5AACBD419EAA3E25
:1027700069A8DEBB3BA091BE36AEFEBC7EA788BE7C
:102780002903863DFE9A35BDCFCC17BBF9DC1EBCB4
:1027900094A8C5BCC2902F3C5139003E8CE482BD48
:1027A00087ECD3BEF72677BFAEB804BFF1F05B3E2F
:1027B000277AEC3E6B7BB23EE6C94A3D6F30683DFE
:1027C000CF3263BD2A062A3D21B5A4BDDABF7BBE48
:1027D000552384BDD840A23DB41394BEB581B8BE84
:1027E0006F9989BD5944B0BCB4F3963EAD91AC3CF1
:1027F00059F2833E917BF9BDBA69D4BC5C07A2BD96
:10280000B96971BD58C3D8BDA8B328BE6558B7BD56
:10281000C725FDBE0A3A1DBFF339E0BD85A08B3E3A
:102820003C73993EA1363B3D2A51D53B2C61DC3DA2
:1028300075A5D53DCD07C1BC0CEF91BDF34959BE7F
:10284000C223513EDD22163ECA37A0BE10F6DEBDC1
:10285000C6426D3D3E2A853D5AA2B43E6931903E46
:1028600083DD323E1E1F813D934F1EBE659F6BBEB2
:102870001EBED2BD4B827FBE704790BE59F824BEAB
:1028800053D53ABEEC694BBE5BB7ECBD5689023EF0
:102890000FAC7A3EB092AD3DAA4070BD0F3C773D83
:1028A00046EF0CBE10AC6ABDF958E5BD078B03BE00
:1028B00021004B3E9BC4AE3ED7CE28BE6CACF43B51
:1028C0006081B63C52738ABDB7E64DBE0535ECBC9F
:1028D000B39AADBC0A1D503DF6BD67BD256381BEF0
:1028E00051D00FBD9F1E47BE5C05EBBDB61F24BD7A
:1028F000B26E063E959ABDBD43465BBD20CEB93D46
:10290000807D693E60D8483D3E4D083D6CFDF2BA81
:10291000572A623E753F043E98042BBC2D2AACBD5D
:1029200020573D3FA65DB63EA583BD3EDB7A2FBD59
:10293000DD0A58BD20703EBCF8D577BEE6E261BD29
:1029400021DAF0BD27F9A4BD209525BE447008BE4C
:102950009D9F1EBE0D5865BE982563BD1BB597BDD6
:10296000A5ED99BD6749153DBA3E253E0D243F3E74
:102970007201A03E8193363E31B25D3D62947CBDD2
:10298000161368BD9EE4E9BD79C6BBBDA0993A3E69
:1029900087CF0B3FDF86B43E4D93A93E9DA7A5BCD4
:1029A0003A8889BD1685333DDEA326BECB3ABF3DAE
:1029B000F7DFF9BDBAB735BE96213EBE82EF21BE24
:1029C0006A6CA8BD6220B9BE978A99BEA1B522BE25
:1029D000C140C1BDABC701BDECE6453E6F3C713E99
:1029E00004C7A23E3EE65D3E05E1FCBD30ADCDBD77
:1029F000CF400ABDBD4C2FBE581819BDC702873E37
:102A00006DA5C23E3D53883ECC17433E583EBDBCEB
:102A10004084DD3AAD3696BD253391BDD3DA4B3DCA
:102A2000C1501DBEAE93A43D24D6D4BC01E4BDBDAF
:102A3000724DD4BCEB4470BB82D202BE855C5ABEE0
:102A400020AB21BE404B9CBD7F04C4BD0B485A3D0A
:102A500050E53A3D61D2543EFB093D3E98C2A73D48
:102A6000B6F7C73DF8FE99BD9EAAAC3E7CA1F33EE9
:102A7000AA04F43E40E717BEA3AE32BECA24363DD8
:102A80004139AA3DC04A83BDCEB0DDBDC07E9F3E68
:102A90004A7A023E84102C3E79F9243EB4C301BE2A
:102AA00046EAA9BEE1B9133D51B320BE170FEA3D76
:102AB0007576A83A0C917DBE93D051BE4501C3BD39
:102AC0000FC5FCBD9C99723D515DFABB7E7C96BDE5
:102AD000D3A7413D3392543EFD39F23ECE88013FAB
:102AE000FB02033F8B78993BFEBABABDCC78813CA0
:102AF000B0639D3C9CEA33BDFC13C93C04E10B3D33
:102B00009953753D9DAF283D0055A73C92D84A3E4C
:102B1000B7F1963EABA1963E02F8CD3EC304343EDB
:102B2000C3DDAFBD7170E6BD96D9283EF7E1163F13
:102B30006A92D93E6B30183DB5B2983C1231283EAE
:102B40003F61B83E6AF02B3FB79F103FCBAE093EC6
:102B500019BE913CAA3ED2BC14D951BD9BE8923D0E
:102B6000264862BD3B128EBD6C94FB3CC89F0FBCD7
:102B70009E4B7A3C084C33BD27971C3E7063933EB6
:102B80004A61453E8E54023EE922053EFBD1813E1C
:102B90003579C03EF0EB373EE02AC23ECDD4AE3EA2
:102BA00047527A3EA7EBA53E51DDE63E33D81B3FA8
:102BB000878DF33E8B92893ED082773E1BF746BDD0
:102BC000A81D3C3CBB48A23D66E87E3D51E0ABBD44
:102BD00006CFBEBC7A0BB4BC4068B2BA04C3103D89
:102BE000DCCF9C3C929EE4BC6E22253D708A583C12
:102BF000D177A93DE2E5443D632D87BD7631493D5E
:102C0000A38994BCFB1BB8BDE77970BDDB45CDBD86
:102C10003BE29D3D0F1DAB3DE82D61BC20AD763BF9
:102C20004EB1343D50022E3C507806BC800063BA51
:102C3000392DA0BD90259D3BCC1737BD5ABB0B3D10
:102C4000E5DBAA3D9A0BB4BC8428903C6648283D3D
:102C50009EA45DBC4B8232BD33DB733D7A85133D50
:102C60006FCF6D3D8E3A5D3E38082A3E37470B3DAB
:102C7000F164093E149A93BDF5BBCBBDC4A3DA3B06
:102C8000AAA6ABBE4EB043BE261F4C3CB69A5A3ED7
:102C9000C5C6C73D9FFB19BC81C3CABC2FD172BD3D
:102CA000FA408CBD98F0093CFC4E62BDA696303DC2
:102CB000A25D6E3DC91FA33D150C53BC613E10BE05
:102CC000505F163E7581B43C98CBC0BD3B4DF33D83
:102CD000A719F8BCBF1A8CBD04AE5D3E04BB903E84
:102CE0004D310E3E443517BE9BE503BE4B3A30BE18
:102CF000D96113BE8AAF44BEA168B3BD5AD47A3E2F
:102D0000FD29643E21F6843E4768BC3E38F475BC1C
:102D100034936BBE0A4E2BBE6FFB77BDA0D0A43C94
:102D2000FA7F4EBD45B9983D1A42BE3C75F4F0BDE0
:102D3000DA85553EFFBF8F3EBAC72F3EA3E0F63E71
:102D400017BA963E0A7BC7BA46D2023D2D3AF43DE9
:102D500042559D3D8B2DF7BDABBB7CBDF9833E3D00
:102D600092D830BEF6170FBE4DA00B3E55052EBDB6
:102D7000066EB43E46FBB93E99188D3D8770323ED3
:102D8000C45731BE37579EBE5CBB0C3C702A153D04
:102D9000C06036BCA84E37BC20744EBD1D8DC53EEC
:102DA0000E998D3E7EB6BB3EC6B5ED3C382DBA3E83
:102DB000C509EC3E4917813DE1DA893E14973A3E58
:102DC0002C2B823E58A11A3E120C313D8CE6003E5F
:102DD000415F3ABC11767CBD9AD54DBEBA2746BE3E
:102DE0004C7CA33C150E813ED0A1663E0F7E3BBEBF
:102DF000C1B281BDF122A9BD1A26043FC154E43EEF
:102E0000EEE62F3DE92F92BDA8B5893B9FD3D1BAFD
:102E1000FB5AF4BD61AB633D6BDBB93D2051853E90
:102E2000B9F5F0BDBE5D4EBE9F0265BADC7D51BDF9
:102E3000FF69EFBCA01E033E19E8E03D770E763D2A
:102E40008DF2BCBB446C5A3E8BB00DBD9E149F3DB1
:102E50008D73B03D158AAABD4337A1BCB9CDEEBD77
:102E6000F980EFBD5A3B7F3E4BB9B73E79EFAB3EA1
:102E70009087353CC05C443DD5A16D3E855E7FBDED
:102E80007F994FBE8AAAAABEE303C4BE730314BED1
:102E9000704879BE22A30FBE36827DBEC8FF80BEB9
:102EA0005A4407BEF25D943DD1F93CBE312DEABBD8
:102EB000120401BD8014F63C8405E43D47AAE8BA3B
:102EC0004ECA8DBC5BDB56BD3869883C335F383EEB
:102ED000CEDF9D3D2F3F043FBD7E8C3D82E3453ECE
:102EE0001C04FD3CA3A9E0BDAE57F7BD07D5783C57
:102EF0001E9C09BE318538BED47099BEB81875BE07
:102F0000E9A8A2BD32C39BBDC8744BBE2179DABD0E
:102F1000095008BE7BCE11BED18211BE140A953D68
:102F20002FFEA6BDF0318ABD6A5FCABDD9227BBD26
:102F3000562217BE7AF7C5BC04CAB9BD95E8B53D9F
:102F4000E42F6B3ECC38DE3EA79B483DDDDDD03D17
:102F500069934E3D325526BE495DA0BB3E4DC43DF2
:102F60003D18663BCCED24BEF34F3DBD9D3A833CFE
:102F7000601980BD322136BE4DBD0CBEFD9F4BBEDB
:102F8000DC90B9BD2C1C0EBD09D1AABEE8A324BE9D
:102F9000CDA0E5BC5F39F8BD9DB4A33CF2DCD1BD4A
:102FA000650415BE6ACBFFBB36972BBEDEDF1BBEAA
:102FB00035E5853EA5ADAD3E24D2533E0001E63D4C
:102FC000A7AF73BC92E818BE6514C2BD36F7313E98
:102FD0001F28813EFA6FDFBD064862BD5CE44F3DAD
:102FE00055BE54BED5DA73BE694997BE2C7318BE60
:102FF000445B90BD858F19BE1ADBACBE9193B8BE01
:10300000FE4B57BE91B05EBE358505BECD3B993AAD
:10301000BEC5283E0600963DC0107C3BD5EDC4BC25
:10302000662CAF3D53D0843EB520143E61E6BCBE55
:1030300058FDEF3C8B37F1BD8DA8C6BEEF5E923ECA
:10304000D52E423E30966ABE984C59BE214FE6BD01
:10305000F89F5CBE0E053FBE7F364BBE56C850BDC6
:10306000BFD0853DA1301ABEFCDE30BEB8EEEDBE4D
:10307000B162A3BEB1EAD6BE94AF88BD8813F63C58
:10308000F164DF3C363618BE93E57D3DC894293C9B
:10309000984456BE6227A0BE9EC00FBF4E58CBBEFE
:1030A0008E7EA33CEB490ABE88478FBE119A223E12
:1030B000D2B540BD2D7AF2BDA878B9BE051991BD33
:1030C00064BE34BEDBCB12BE924345BD3D3F023EE3
:1030D0007FDC193FA89D103F15788F3E1A85A3BD50
:1030E000B40085BDDC4DD43D3752EE3DBC3E613E63
:1030F00095360B3E58BC80BD96E9183EB225FD3D85
:103100006AE306BE9178E2BE5804CFBE76960DBE45
:1031100097ADC7BD4D68C1BDF56E05BED0E68D3E0D
:1031200012D763BD269A623E15F504BEE3395DBD34
:10313000F3E210BE7D68B0BD0586D63E11DB363F9A
:103140008AB9313F5320193FE8B8F63ED679843E1C
:103150008217A03E77E7AA3E467DA03E58BFA03E1C
:10316000D665963EBCE8433D3C4B853EDC51703E07
:103170007E7639BD9014FEBE2A1DC5BE9EDCB9BE4A
:1031800049678ABC790934BDF96E46BEE7187C3EB2
:10319000DF70993EDC2CCC3ED3B8D13E5713BE3EF7
:1031A000B243A53E4FC6EC3EAA93063F5AB96A3FCA
:1031B00099D8073F65C6D33ED25DA83E781DCD3E67
:1031C00023236E3EFFF2913E70F1963EEF0DFE3EE0
:1031D000EAC5B63E0A068C3DB33911BDEE8096BBFA
:1031E00080A5D4BE93D9A8BE4F9021BFCF9728BE4B
:1031F000DD47343D443A453E3D28C6BD273FD93ED4
:103200002E49463F9C082F3F9253683F3F8E503FC8
:10321000DD552E3FD51C473FE874243F37C30E3F92
:1032200064D7C63EB7FEBB3ECEF4C03E377CB63E4A
:103230005B2B443E8F30B53E81057A3E0A35883E91
:10324000A6F76B3E11888C3DCC14AFBEF68881BECC
:103250000CDA79BE33247DBD322D1EBF966AE7BDE0
:10326000D0FFB83CD02D953D401EB03C4350B23EFF
:10327000F0FD323F4CAD713F08DE7F3FBB55653FEF
:10328000ADF00A3F6C150C3F080AB53E05365F3EAF
:10329000E496453EFFE5A63D01FE8E3E5BE9673EB6
:1032A00002905B3ED5D3BB3EC399F03E599A1C3F7A
:1032B000BE708E3E4B1A29BE1FD488BD25EE06BEB9
:1032C0009E625FBE0709CCBD555C0EBFDE8F7EBE21
:1032D000C3F9163D95BD603E93B2873E5984D33EF7
:1032E0003B462D3F264C053F9F62F53E9B47523E95
:1032F0006461173EB126E83DEF7EB5BCA7D5B73D6A
:103300008A46583CC88580BD7697CD3DB1074A3E78
:10331000C4ECB13DFD88BE3E9BC5043FB8D4CE3E53
:1033200026FCA8BCC2B4DCBEB9B576BD9F4515BDB0
:10333000D35360BD62B3D8BDB0ADB8BE651EB8BED4
:10334000671BA5BDF8D9CD3D3BE5603E25D4213EA8
:103350005E28BE3E4AA1603E12D0CABDB589BEBD40
:103360002DC909BD8B5220BE24F511BE7780503D7A
:103370008C95B6BDBB84E4BD704B6C3D841DC33DD4
:103380001E7BA63E1218F43E96E2D73E239E8B3E4D
:10339000EC1707BEDA1721BE0F8347BE748D9DBDA3
:1033A000B66C4EBE5191E9BE0CBD0CBFA508F6BE71
:1033B000871C903CA8FAA63D32F9693E1E68073E7C
:1033C000A6684C3D44059ABD538D29BE37BDA6BEA7
:1033D000528C3EBEDA6725BEC5DEDBBD79DFFBBDA4
:1033E000A5D838BE0C4825BE2D1172BD97B6443EF7
:1033F0000AE3D53E26BCB23DBAB1123D34E8A6BCC4
:10340000BFDD48BEF43C40BE750B8FBE6C6F62BE24
:10341000B570C0BE77C7B9BE16FDF0BE36AD01BFF0
:10342000BB3A1EBDADF0F7BD6DDD57BE5AC0BBBD8A
:1034300064A4CBBD4AA6283D11F972BEEE499FBED9
:10344000C48A7ABEC3A379BEAC2261BED2DB8DBE74
:10345000266DAABE595A8ABE675E91BDF07A2D3E8E
:103460006D76653EA16395BCF455CEBD1E43D0BCC0
:10347000D7F650BEDEEE8ABE333623BEC5C8EABDDF
:10348000F4BA6ABE785317BF6E8404BFFBF2DBBE8A
:103490007022C13B3100D5BD683B3BBED5BE97BE57
:1034A000C8FB68BE04A646BEAE2586BE94092BBEE8
:1034B000C4F6B5BEEDCE64BE5966F5BD0274A4BEB9
:1034C000838BBABE5A1F33BE4F55D0BD4BB8E03DBB
:1034D0002EED94BD0F8521BD6D688ABD149A16BD71
:1034E0006FB0AB3CE63323BE7F21FBBD2525C7BDB6
:1034F0008FAC7ABE98BB3FBEAD71F6BEBB9B0ABD1A
:103500001637413CD357F1BDC7445ABEB59799BD54
:10351000B91DDDBD752A4ABE956F13BEE03A833DE5
:103520004F4019BEF06537BE06C2D0BDC8EF46BDDC
:10353000A876ACBD8BECCDBD6ED5A6BDE0AF7BBE95
:1035400075F347BE36EB54BDBAEDEEBD7C34BB3CE3
:10355000C2E238BDF0F6FEBD6E73DDBC3739C6BEC3
:1035600032E1E2BE8006A9BEA7A77BBE8C8F08BD54
:103570006BBB52BD6DEA923D1B8182BDE2EAB03D5C
:1035800035ECADBD453DDABEF92C0BBEA6E250BC14
:1035900029D86CBEAFF231BEA170993D2EB92D3E37
:1035A00002CFB93DEAB49DBC783B68BE14C889BE61
:1035B000D76E45BED477E2BD6225013D86D7863CF5
:1035C000371DB23D6AB249BDC3A299BDA55BBEBD60
:1035D000CE5C2DBE1C6CA0BE10412C3D93DD803D09
:1035E0003C8685BD006E58BACB70A73D4A5DCD3E86
:1035F000F4BEB13DEC025EBC8E1098BE97450D3D09
:10360000CE53EFBCFE8F0DBE0A421CBDA629003D65
:10361000025406BE69BF35BE8251E5BD42E9DFBD39
:10362000C53C9E3C4BCB1E3E1A582B3E15BBC6BB21
:1036300012C83F3EE1C62FBCE53F12BD8EF72B3DC1
:103640007BB22A3D5C2036BEFC4C42BECCE1C03C85
:1036500020F1E2BB9667113DC0E434BEF6F5C13EF1
:103660008D80E23D5DC530BE3762D6BCDE0D0A3EC0
:103670000C3CF33D957ADF3C57CF1A3E5AC2A13C31
:103680009CCAACBD8AD8013DE1ABECBD8558A03CDD
:10369000BF04DF3D9BBE73BE00D161BDBD15213EA1
:1036A000CC6B7F3E70E24C3DACE9303C08E8C1BCDD
:1036B000B50218BF7DB51EBFB83698BEBAE8683DE2
:1036C0008C82C2BCC5A7A63D3B6CD73D72B6DBBEA3
:1036D000D4BE8EBE2B6EBF3DD295543E1C36B0BBC1
:1036E0002296633D1D431A3E185A063FF04D603E38
:1036F000843F013DCE5E013DA6BD1CBD9DBD23BEE8
:10370000577DF1BDEA8CAD3DF40E9E3D01C60C3FE8
:103710000FFA0F3F52F5893EAB85A5BD616E9E3D08
:10372000A58F10BEADB53DBE584690BEC8CB893CF6
:103730009848363CCC69D83C7EBAF7BC95E8003D49
:103740003AD82C3DC189433EC2088B3C1865E7BE80
:10375000481233BE73A2B23C45B5B13D1782233E39
:1037600002B4ADB8B9C10BBE4AFAAABECE6262BEFF
:1037700062CC763E063BD93EFDEE963EF5CE9D3DB3
:103780002D1FAB3EC3A7843E76FCAC3D19E8B43C8C
:103790004DC04D3D1183D5BD28C487BD6730A83DC0
:1037A0008D70A7BD3E536D3D9AAB593D7F33A93D0A
:1037B00052615BBD58FB3FBE81BC71BE8BE995BEBB
:1037C0006E259CBEFCA46CBE2E50EDBED4F58DBE05
:1037D000D67585BEDB96E2BEC619F4BDAF21D9BD54
:1037E000DCDED6BEC191FABC8392083E3B4D21BEC1
:1037F000D239913EA18E883E757CDFBB09AE96BE64
:1038000064BFFABC0C5B993C985D163C273AA63D18
:10381000E7382EBD32B9773DECA70F3DBCFCF7BCB5
:103820009C60A0BDB319A0BD4AF4383DF44061BD11
:10383000303E12BD904D94BD4DB818BD1321953D3D
:10384000DC5EAF3C1E13C43DD206C83C38E6AD3D3D
:10385000472153BD781953BC86A0573D8063743C03
:1038600022594E3D90CB153D3DA9993D303D82BB3F
:10387000DA936BBD8688053D6E2C513DE228363DBE
:103880008129A53DE672793D713BA43D0488D5BCF4
:103890004DC991BD8E00E73C16B15F3E018B453EA0
:1038A00032A50D3ECC43F1BCDA85933DC34C81BDBE
:1038B000CBBD04BEAEF46E3CC174AEBEDEAE5FBE28
:1038C000D3874FBE3AC0F1BD22C910BEAA84273E9D
:1038D000C4302E3CF222EBBC4E4F253E1C55453EDB
:1038E000685B39BCA80CA7BCB6F65FBDE579993D0D
:1038F0003855063D4B9F983D57F66BBDBBE36EBEFA
:103900006DCF44BEE9AABEBB998FBEBDC42ADBBC45
:10391000452707BE6ABF8D3E9660013FBD170B3F2E
:103920000DA8CA3EFB50993ECE03B53E3E57D13E50
:10393000ECA90DBE79729CBE167F73BE5D903ABD38
:10394000234EEB3D47B3513EBD6020BE1263053EA2
:10395000C3B1E63E5ACDA33E52D6C1BC543E883CCC
:10396000AE73593D52200B3D65B957BC34FC72BE55
:10397000C808F2BD704B0ABD4420693D1EEE9DBDD6
:10398000A25D563D4C4730BD114BBC3DF0EC363E80
:10399000CC78003E80D5503D42A11D3D32C7FBBDD5
:1039A0000BAE68BE7C3F91BE223EC6BD5EABA9BEDB
:1039B0002CE2C0BE8CEEE3BE8F1732BE4AC3E4BD1C
:1039C000D85695BA3CFA55BEA6BD71BE68C7A2BC12
:1039D0001AB76CBD4C0823BDE7E4833EBB710E3EB5
:1039E000A057573DC59DB83E97390E3E2C7258BD25
:1039F000352F723DBAAC1BBCE88B2ABE48EA78BEB4
:103A0000B09B8A3D83967D3E75D0883EF71EC63BAF
:103A1000CD59033E329AD83C2BA23DBDE62DA93CA0
:103A2000DC931BBE7FC0BEBE1586D5BECD4FF2BE99
:103A3000D7F09ABE75E2F0BDC9D2633EC4DD2A3E1E
:103A40004C785DBDF0CC85BC03D3643E0A1A923E2F
:103A5000EA900C3F1CA1503E6C8E313B1C7B5CBE3F
:103A6000ECD169BEBDCB8CBE27B299BE4BE4D4BDB0
:103A7000C3FA1DBD76805EBD1014C0BD4D1C553E01
:103A8000A5B5513E8ABE063E582C78BD8F1519BE8D
:103A9000315277BE0AAE75BE9C8AF9BEFC361DBF98
:103AA000F7AAE2BE1D5023BCB889013DAD1EC23D40
:103AB00082753B3D1C51963D94C5C8BE81367B3E08
:103AC0003AE6A73E4DC52DBEBC45E7BD8E2C82BD56
:103AD000026F06BE416B253D728D7FBD2058A4BC90
:103AE00094B32BBEDAD57FBEC00431BEF328293E85
:103AF000D265A73ECA82AE3EC321ED3DF078AEBD91
:103B00004BEF353D3AF89FBD460F90BE470684BE49
:103B1000F39A1EBF881F0BBF2B11E4BE441FBD3D8F
:103B2000D741003D8567A3BBC4BAAC3C2808873E9B
:103B3000A4A7D63EF701223EFABD1DBDBE4C80BCF7
:103B400091CAA73CD3DF643D1D5DB5BD487D1CBE59
:103B5000535DABBEDEFABFBE77960CBE75767C3E7B
:103B6000D140BC3EAD14523E962459BD03B4FCBDB9
:103B70006786A1BE0A2909BE385FF3BD398DB4BE80
:103B8000DE91A3BE39D805BF36C319BE36C5573C32
:103B90003B44B83C3B17D2BE4121D9BDD976A8BD24
:103BA00035778F3E66BD3E3E78AF933D6173273ECD
:103BB000984E9DBB2C57083E3B536F3DCA2B163D7C
:103BC00021468DBEF261C8BE6C9760BDDF1DB83E58
:103BD0007907E73E050BF23D570A98BD2AA192BD31
:103BE000FEAF3DBE29898E3D09A01EBE5DEEC6BE5C
:103BF000114E18BF25D0CEBEC1FD583E2A3FBF3C56
:103C0000456E2ABCD36DCBBE320573BE9A33D0BD90
:103C10005C20BC3D75EF943DB5DF7D3ED8314A3E1A
:103C20008817133E1176603EABBF373EF2A75FBEEA
:103C3000B7F537BFDAFF11BFE5AD2B3DC7ED113F3B
:103C4000EFC2CF3E08A7863EDF711D3E0121933EA5
:103C50007C45033E65FDAC3C889A5ABD716D1FBE24
:103C600066D9F2BEAE100FBF7A5B92BD7DD750BE53
:103C70008C3094BDBD69ACBEA3E3CEBED360A23D83
:103C80001BF7DF3DC6DD613E95AB01BCB74E443E40
:103C9000E6639E3DA72ACB3D503060BE987B2EBF89
:103CA00011C360BFFD4BEFBEA1A80B3F8332283F7D
:103CB0009175CE3EBCF1B23E646D933E1C42E23E35
:103CC00018C0823EEFCA1F3E49C89D3ED92FA33E71
:103CD0001AA708BE15A02DBF015908BF4B1FF7BD7D
:103CE000DF5DBEBDE4BDD5BE8F4407BF9FC6093EA4
:103CF000F410C63D73BF323EC6B642BEB4E26B3E60
:103D0000A8EA5EBC08A7F4BC5BD5CCBE41883CBF2A
:103D100090900ABF9779123EA32C4C3F6A58213FDE
:103D2000F0083F3EDABE3C3D7965EABCBC97603E98
:103D3000E1BC053FAC6BC73E5099093F88C0B13E1E
:103D40007FB3033E388E26BECDDE6BBEA43E12BED0
:103D50004AB5A1BC285B93BED46804BF9BD49E3DEA
:103D6000D93B433D8B09B1BAB31058BE605A49BE26
:103D7000E9B93FBEC24999BEC5F115BF890A10BF56
:103D8000D66D6DBEA781DB3EEEF01B3FF0D4DF3E6B
:103D9000D8CF743E412B0A3EAB1C81BD9819183E0A
:103DA0002946803EDEEA0A3FA12BDA3E81D8A03EBA
:103DB000B229F13E63AAD53E27F4FFBD78F2353D26
:103DC0008E9B6BBDD49E8FBE8EF303BFDA0447BEBD
:103DD000ACBF8CBD0B30E1BDF5E88CBEBB7341BE02
:103DE000AF3B7FBE287D76BE4FB99CBE9E8C6ABE1F
:103DF000F1D0D93B8441A63E3A3CE63E3667E13EEF
:103E0000FCCEE03E4CD04D3E34868F3EC583433ED3
:103E10007636593E6A7C923E29C0FE3DD56CADBDDA
:103E2000CBF7A2BC57D47E3E9A0ED63E246A5B3EA8
:103E3000D69F1EBE196C53BE3A3A10BF3E5294BE76
:103E40007F25B1BDB44700BF86D48CBEB38E8ABE79
:103E5000D7BD97BE5D5A94BE3D906DBE90048C3D1B
:103E60004150553EF6FFAE3E6AFBE63E9E3CD43ED8
:103E7000EE15AA3E62ACA43E570ED73D334E293E06
:103E80005ABDEE3DA207923E5685E1BDE0F3E3BE8A
:103E90006DB329BF10EB473EE4A1433F4F05203EE1
:103EA00019B239BE50D36EBEEA6F16BF92A7AEBE2E
:103EB00013473CBEAEA376BE588A38BE22EB67BE1F
:103EC000B2A741BEA4E3863BCB90C1BDF8F90E3E3C
:103ED000D471FB3DD334C13E0167D23E3018983EC9
:103EE000806C973EA6FF413E3A8AC83D5E50C03D79
:103EF000ACB08B3D878E543DC0F40EBEAB71DABEC4
:103F0000A31CD4BEA5A2083FAFCE423F87047D3E8E
:103F100085062CBD3DEDADBC27A6783D9F304ABE41
:103F20000EAB18BE40685B3DFB3D2A3EE3FA96BDF2
:103F3000C4F518BE0BF6133CD78E99BA1A9A6C3E8C
:103F4000069F343E5BDBDD3E41C3E93ED73AAF3DE1
:103F5000EC48923E6F8F083EE9016A3C523211BE36
:103F60006CD209BE5D4381BE49F28BBE7F4B95BECC
:103F7000F716D9BCA1685F3F5C58613F04208B3EB7
:103F8000CC4936BD985A39BD96073C3E7249A6BD0C
:103F900040B423BE1CAAF13B6DC6B93D0BE2B23D55
:103FA000BA21F83BB793E7BC355B813B5459B03D30
:103FB000DC9FA13EA313DB3E5D26AC3E8DF97D3E2A
:103FC000BF6E713E4E639BBD043659BE19F743BEAA
:103FD000DC785DBE36D298BEF60DA3BE06278ABE3B
:103FE00022DEFCBD1C07B93E84F2D33E0E11FCBD9F
:103FF0009C70E3BBAFE2F23DE0FCD93D17EA5E3DC9
:10400000A84CC7BDBA5521BB149C6F3D199F1D3DDF
:10401000B2EDD93DDF36B5BDCAB1933C9972403E91
:10402000A12DC43E931EF23E37BDD83EF158923EBC
:1040300099CEE93DBE735ABE06EA9FBD84128BBE7F
:10404000415299BE04FD9EBE2E3B2FBEA21E6CBDEA
:104050008C03FD3DCC27A73DA446AB3E5A45863E8A
:104060000881A43D009B7A3D17189BBEEAF883BEE9
:10407000810C60BE0E85F1BD09A8D5BD875F183ED5
:10408000D789A13DD38D443E242E553E4A3B983DD1
:104090001BE35E3E45687F3EC430153EED1F893E02
:1040A0004F83243D0F3B7EBED72A14BEB0A6CABDA7
:1040B000FF1894BEE8AB85BEE1C68A3D0541353E9A
:1040C000826706BC5F227C3DA882943E5FD41E3E80
:1040D000721A493DA242D93C5812A9BE1F998BBE03
:1040E000798158BE1A44963D86F0173E0FED4A3E40
:1040F0009F40ECBDBC7A17BDE3B7013E141103BE6F
:104100003468B6BD14B31FBEEBFFEE3C35887E3D70
:104110008AB840BE43530BBEEDFFA1BD6F2D3DBC21
:104120006B8710BE15A856BECF06503B7E8B3D3C1C
:104130009FB7193E71A62C3D4E5AA33E806EBF3BE1
:104140004423AF3DE7197BBC2B3C763E77CB8F3DBC
:10415000CAB129BDA23C603D50EE8F3E4AD5483ED3
:1041600021B8EABD5FCD8FBDAA2A42BDE59A87BEC0
:10417000AAA681BE3C13D1BDD906ACBDBB4BCCBDFC
:104180007E5692BDDF5E2CBD5B6E7FBD5E3C3E3CCD
:10419000014F86BE8CACC5BEDB7746BD0A43DC3D15
:1041A000FA547B3DE5B3DDBCEDFE17BE55CF4A3D6D
:1041B00067A6E63C13EA85BAE40CFE3EE702603DE2
:1041C000AE4C643E0D4ACC3D2053413E44626D3EB0
:1041D0006B4E733E7F58D83DC8BC903D130357BD0E
:1041E000496DE5BD43BD01BED10172BEF8D51DBE0E
:1041F00094AB20BE9D34B5BEC77D5ABECAC564BE51
:10420000DFD94EBE87574EBE59FD89BC4C9E183D26
:1042100007EBB63E6D8AC8BDE117ABBEF95E11BDB6
:104220001077703C32A1D9BCAC33EBBD847C85BD2A
:10423000D46B563E341DDF3D57AD153D2B294D3E09
:104240007B987D3E3A74183EE56B4B3CD92F023E7D
:10425000F1B59C3C4243473D39A202BE622A0BBEE7
:104260008A976BBD6D4705BE851EDB3C9541C4BD7D
:104270002F17CBBCC34F18BC538D933ED78E873EB0
:10428000FB9E253E06E62CBE19B9CBBED19FA7BD2D
:10429000761927BDDA43273DECB3F8BD11D229BE0C
:1042A00088962FBE8EE6FABE7E94C6B910F603BD80
:1042B000AABB423B7E840BBE22695EBEC7C38DBDD6
:1042C000367720BEB73E87BEB62D10BE882403BE0B
:1042D000C5C612BEC4AE08BE972B603CB001B7BDC8
:1042E00069A68C3D798A50BE22A13ABD0C6DD73E9D
:1042F0007953263D19D86E3E7FFB5D3EC4A588BD2F
:104300007235683D918D8EBDE19E6F3E800D88BEF9
:104310004390A7BEE35383BE2FF1043DE6EA5CBDA4
:104320004A8C5CBEB4E2EABEBCFB41BE878691BE4D
:10433000971E94BEDA224FBE00F4FBBD4C6AA3BDAB
:104340001E80E6BD3E23D9BDA8765EBE656491BEE3
:104350009E479BBDDD16A1BED924F9BE76AB01BF39
:104360002C1AF1BE38179C3C842D583D9CC70F3D3C
:10437000BF7009BDCC628E3C50DDA9BC8F30AE3D14
:1043800060A7043D0651523D83D5FDBCBA356CBBD8
:10439000A9EAE2BD49ACC3BDC441463C2781ABBDDF
:1043A0003E2AB4BE7B2E4FBE3933EC3A424021BE8A
:1043B000F1758E3D3CF6583E3F5259BDF0EF09BFB6
:1043C0001166D1BD5DE5303D139BA5BEF599E33D7A
:1043D00081EBA33E47D4703D63DB8BBD9AA3D4BC75
:1043E000600479BDA8F7ABBC6052A5BBA6E3033D52
:1043F00098038A3D3F20E6BD787DFD3DCD942E3E5D
:1044000079145E3E75A86BBE3BA0AEBEC7B7E9BED1
:10441000823082BEFBCD0ABF25DCA3BD74923B3E39
:104420009037103E47A957BE725668BDC40466BD9A
:1044300085DE483BC6ABCA3D34447BBE7586D2BEE2
:10444000B0B4CCBB70664ABC8C737EBDD02647BD71
:10445000004D9AD77934E3AEF2BF68258BC6115C64
:10446000A9E4337ED09D4A075B16C18C226FB8F554
:104470001F5285C8662BFCB1EDA0773A94D90E4344
:10448000B6FB2C61CF8255184409DE933D70A7EA34
:104490003E73A4E9470ADD90CC81561BB5F82F6224
:1044A00097DA0D40EEA374396528FFB21C5186CB14
:1044B000216CBBF65815C28FD39E4904AAE7307D04
:1044C00088C5125FF1BC6B267A37E0AD034E99D4F4
:1044D0007C31E6AB05489FD28EC31459F7BA6D20E4
:1044E000D5984F02ACE1367B276ABDF05E13C489D4
:1044F000632EF9B41A5780CD91DC0B46E8A5723FC4
:10450000CA87501DB3FE29643875A2EF410CDB96B3
:10451000420FD8953B76A1ECB0FD2A67C984531EA3
:10452000EBA6713C92DF0845195483CE602DFAB793
:104530005D10C78A2469BEF3AFE23578D69B4C0183
:10454000F4B96E238DC0175A064B9CD17F32E5A873
:104550006042A20D000000400000803FD1F71737F5
:10456000D1F717B78071313F807131BF0000003F34
:04457000000000BF88
:04457400E50700084F
:04457800BD07000873
:10457C001828FFFF08000020000000000C0B002092
:10458C00740B0020DC0B0020000000000000000079
:10459C00000000000000000000000000000000000F
:1045AC0000000000000000000000000000000000FF
:1045BC0000000000000000000000000000000000EF
:0445CC0000000000EB
:04000005080021319D
:00000001FF
